z,u,beta,history,analytical
-7.0,-0.024300047729421244,1.04,True,False
-6.976588628762542,-0.02430004744212355,1.04,True,False
-6.953177257525083,-0.024300047136381828,1.04,True,False
-6.929765886287625,-0.024300046811011996,1.04,True,False
-6.906354515050167,-0.024300046464753967,1.04,True,False
-6.882943143812709,-0.02430004609626675,1.04,True,False
-6.8595317725752505,-0.024300045704123273,1.04,True,False
-6.8361204013377925,-0.02430004528680484,1.04,True,False
-6.812709030100335,-0.02430004484269526,1.04,True,False
-6.789297658862877,-0.024300044370074592,1.04,True,False
-6.765886287625418,-0.024300043867112466,1.04,True,False
-6.74247491638796,-0.02430004333186101,1.04,True,False
-6.719063545150502,-0.024300042762247308,1.04,True,False
-6.695652173913044,-0.024300042156065363,1.04,True,False
-6.672240802675585,-0.024300041510967547,1.04,True,False
-6.648829431438127,-0.02430004082445553,1.04,True,False
-6.625418060200669,-0.024300040093870594,1.04,True,False
-6.602006688963211,-0.024300039316383325,1.04,True,False
-6.578595317725752,-0.024300038488982673,1.04,True,False
-6.555183946488294,-0.024300037608464286,1.04,True,False
-6.531772575250836,-0.024300036671418092,1.04,True,False
-6.508361204013378,-0.024300035674215098,1.04,True,False
-6.48494983277592,-0.02430003461299334,1.04,True,False
-6.461538461538462,-0.024300033483642926,1.04,True,False
-6.438127090301004,-0.0243000322817901,1.04,True,False
-6.414715719063545,-0.024300031002780335,1.04,True,False
-6.391304347826087,-0.024300029641660285,1.04,True,False
-6.367892976588629,-0.0243000281931586,1.04,True,False
-6.34448160535117,-0.024300026651665533,1.04,True,False
-6.321070234113712,-0.02430002501121119,1.04,True,False
-6.297658862876254,-0.024300023265442425,1.04,True,False
-6.274247491638796,-0.024300021407598224,1.04,True,False
-6.250836120401338,-0.024300019430483537,1.04,True,False
-6.2274247491638794,-0.02430001732644139,1.04,True,False
-6.2040133779264215,-0.02430001508732326,1.04,True,False
-6.1806020066889635,-0.024300012704457495,1.04,True,False
-6.157190635451505,-0.024300010168615733,1.04,True,False
-6.133779264214047,-0.024300007469977174,1.04,True,False
-6.110367892976589,-0.024300004598090532,1.04,True,False
-6.086956521739131,-0.024300001541833573,1.04,True,False
-6.063545150501672,-0.02429999828937003,1.04,True,False
-6.040133779264214,-0.02429999482810377,1.04,True,False
-6.016722408026756,-0.024299991144630013,1.04,True,False
-5.993311036789297,-0.0242999872246834,1.04,True,False
-5.969899665551839,-0.02429998305308277,1.04,True,False
-5.946488294314381,-0.024299978613672363,1.04,True,False
-5.923076923076923,-0.024299973889259235,1.04,True,False
-5.899665551839465,-0.024299968861546686,1.04,True,False
-5.8762541806020065,-0.024299963511063408,1.04,True,False
-5.852842809364549,-0.024299957817088054,1.04,True,False
-5.829431438127091,-0.024299951757569008,1.04,True,False
-5.806020066889632,-0.02429994530903898,1.04,True,False
-5.782608695652174,-0.024299938446524113,1.04,True,False
-5.759197324414716,-0.02429993114344727,1.04,True,False
-5.735785953177258,-0.024299923371525117,1.04,True,False
-5.7123745819398,-0.024299915100658567,1.04,True,False
-5.688963210702341,-0.02429990629881622,1.04,True,False
-5.665551839464883,-0.02429989693191032,1.04,True,False
-5.642140468227424,-0.024299886963664738,1.04,True,False
-5.618729096989966,-0.024299876355474464,1.04,True,False
-5.595317725752508,-0.024299865066256126,1.04,True,False
-5.5719063545150505,-0.02429985305228886,1.04,True,False
-5.5484949832775925,-0.024299840267044993,1.04,True,False
-5.525083612040134,-0.024299826661009865,1.04,True,False
-5.501672240802676,-0.024299812181490046,1.04,True,False
-5.478260869565218,-0.024299796772409284,1.04,True,False
-5.454849498327759,-0.024299780374091317,1.04,True,False
-5.431438127090301,-0.02429976292302877,1.04,True,False
-5.408026755852843,-0.02429974435163721,1.04,True,False
-5.384615384615385,-0.024299724587993385,1.04,True,False
-5.361204013377927,-0.024299703555556693,1.04,True,False
-5.337792642140468,-0.024299681172872754,1.04,True,False
-5.31438127090301,-0.02429965735325796,1.04,True,False
-5.290969899665551,-0.024299632004463747,1.04,True,False
-5.2675585284280935,-0.024299605028319363,1.04,True,False
-5.2441471571906355,-0.02429957632035164,1.04,True,False
-5.2207357859531776,-0.024299545769380426,1.04,True,False
-5.19732441471572,-0.024299513257087974,1.04,True,False
-5.173913043478261,-0.024299478657560745,1.04,True,False
-5.150501672240803,-0.02429944183680176,1.04,True,False
-5.127090301003345,-0.024299402652211657,1.04,True,False
-5.103678929765886,-0.024299360952036428,1.04,True,False
-5.080267558528428,-0.024299316574779725,1.04,True,False
-5.05685618729097,-0.024299269348577388,1.04,True,False
-5.033444816053512,-0.02429921909053188,1.04,True,False
-5.010033444816054,-0.02429916560600394,1.04,True,False
-4.986622073578595,-0.024299108687858794,1.04,True,False
-4.963210702341137,-0.024299048115663965,1.04,True,False
-4.9397993311036785,-0.024298983654835574,1.04,True,False
-4.916387959866221,-0.024298915055729856,1.04,True,False
-4.892976588628763,-0.024298842052676326,1.04,True,False
-4.869565217391305,-0.024298764362948904,1.04,True,False
-4.846153846153847,-0.024298681685670974,1.04,True,False
-4.822742474916389,-0.024298593700650132,1.04,True,False
-4.79933110367893,-0.024298500067138164,1.04,True,False
-4.775919732441472,-0.02429840042251139,1.04,True,False
-4.752508361204013,-0.024298294380866302,1.04,True,False
-4.729096989966555,-0.024298181531525024,1.04,True,False
-4.705685618729097,-0.024298061437444854,1.04,True,False
-4.682274247491639,-0.02429793363352567,1.04,True,False
-4.658862876254181,-0.024297797624808715,1.04,True,False
-4.635451505016722,-0.024297652884559692,1.04,True,False
-4.6120401337792645,-0.02429749885222886,1.04,True,False
-4.588628762541806,-0.02429733493128011,1.04,True,False
-4.565217391304348,-0.024297160486880718,1.04,True,False
-4.54180602006689,-0.024296974843442756,1.04,True,False
-4.518394648829432,-0.02429677728200669,1.04,True,False
-4.494983277591974,-0.024296567037456984,1.04,True,False
-4.471571906354516,-0.024296343295558957,1.04,True,False
-4.448160535117057,-0.024296105189805434,1.04,True,False
-4.424749163879599,-0.024295851798060927,1.04,True,False
-4.40133779264214,-0.024295582138990388,1.04,True,False
-4.377926421404682,-0.024295295168258707,1.04,True,False
-4.354515050167224,-0.024294989774486197,1.04,True,False
-4.331103678929766,-0.02429466477494447,1.04,True,False
-4.307692307692308,-0.02429431891097594,1.04,True,False
-4.2842809364548495,-0.02429395084311932,1.04,True,False
-4.260869565217392,-0.02429355914592214,1.04,True,False
-4.237458193979933,-0.024293142302420277,1.04,True,False
-4.214046822742475,-0.024292698698263043,1.04,True,False
-4.190635451505017,-0.024292226615461137,1.04,True,False
-4.167224080267559,-0.02429172422573322,1.04,True,False
-4.143812709030101,-0.024291189583425354,1.04,True,False
-4.120401337792643,-0.024290620617975867,1.04,True,False
-4.096989966555184,-0.024290015125896493,1.04,True,False
-4.073578595317726,-0.024289370762238714,1.04,True,False
-4.050167224080267,-0.024288685031512235,1.04,True,False
-4.026755852842809,-0.024287955278020454,1.04,True,False
-4.003344481605351,-0.024287178675575498,1.04,True,False
-3.979933110367893,-0.02428635221655296,1.04,True,False
-3.956521739130435,-0.02428547270024398,1.04,True,False
-3.9331103678929766,-0.024284536720459538,1.04,True,False
-3.9096989966555187,-0.02428354065233898,1.04,True,False
-3.8862876254180603,-0.024282480638311673,1.04,True,False
-3.8628762541806023,-0.024281352573157392,1.04,True,False
-3.839464882943144,-0.024280152088107645,1.04,True,False
-3.816053511705686,-0.024278874533926312,1.04,True,False
-3.7926421404682276,-0.024277514962904097,1.04,True,False
-3.7692307692307696,-0.024276068109697044,1.04,True,False
-3.745819397993311,-0.024274528370934922,1.04,True,False
-3.7224080267558532,-0.024272889783520508,1.04,True,False
-3.698996655518395,-0.024271146001535716,1.04,True,False
-3.675585284280937,-0.024269290271665137,1.04,True,False
-3.6521739130434785,-0.024267315407041808,1.04,True,False
-3.6287625418060205,-0.024265213759413935,1.04,True,False
-3.605351170568562,-0.02426297718952476,1.04,True,False
-3.5819397993311037,-0.024260597035590845,1.04,True,False
-3.558528428093646,-0.024258064079756766,1.04,True,False
-3.5351170568561874,-0.024255368512396194,1.04,True,False
-3.5117056856187294,-0.0242524998941212,1.04,True,False
-3.488294314381271,-0.024249447115352624,1.04,True,False
-3.464882943143813,-0.02424619835329491,1.04,True,False
-3.4414715719063547,-0.024242741026148807,1.04,True,False
-3.4180602006688967,-0.024239061744384602,1.04,True,False
-3.3946488294314383,-0.024235146258887178,1.04,True,False
-3.3712374581939804,-0.024230979405772075,1.04,True,False
-3.347826086956522,-0.02422654504765882,1.04,True,False
-3.324414715719064,-0.0242218260111741,1.04,True,False
-3.3010033444816056,-0.024216804020442795,1.04,True,False
-3.2775919732441476,-0.024211459626309155,1.04,True,False
-3.2541806020066892,-0.024205772131014193,1.04,True,False
-3.230769230769231,-0.024199719508037412,1.04,True,False
-3.207357859531773,-0.02419327831679256,1.04,True,False
-3.1839464882943145,-0.02418642361184696,1.04,True,False
-3.1605351170568565,-0.024179128846312913,1.04,True,False
-3.137123745819398,-0.024171365769036925,1.04,True,False
-3.11371237458194,-0.024163104315188727,1.04,True,False
-3.0903010033444818,-0.02415431248982625,1.04,True,False
-3.066889632107024,-0.02414495624398568,1.04,True,False
-3.0434782608695654,-0.02413499934281669,1.04,True,False
-3.0200668896321075,-0.02412440322525219,1.04,True,False
-2.9966555183946495,-0.024113126854669105,1.04,True,False
-2.9732441471571907,-0.024101126559961814,1.04,True,False
-2.9498327759197327,-0.024088355866412788,1.04,True,False
-2.9264214046822747,-0.024074765315705397,1.04,True,False
-2.903010033444817,-0.024060302274381825,1.04,True,False
-2.879598662207358,-0.024044910730004337,1.04,True,False
-2.8561872909699,-0.02402853107423041,1.04,True,False
-2.832775919732442,-0.024011099871961664,1.04,True,False
-2.809364548494983,-0.023992549615672546,1.04,True,False
-2.7859531772575252,-0.023972808463967307,1.04,True,False
-2.7625418060200673,-0.0239517999633528,1.04,True,False
-2.7391304347826093,-0.02392944275214953,1.04,True,False
-2.7157190635451505,-0.023905650245394316,1.04,True,False
-2.6923076923076925,-0.02388033029951421,1.04,True,False
-2.6688963210702346,-0.023853384855473055,1.04,True,False
-2.6454849498327766,-0.023824709559008634,1.04,True,False
-2.6220735785953178,-0.0237941933564897,1.04,True,False
-2.59866220735786,-0.0237617180648277,1.04,True,False
-2.575250836120402,-0.023727157913777525,1.04,True,False
-2.551839464882944,-0.023690379058854766,1.04,True,False
-2.528428093645485,-0.02365123906298306,1.04,True,False
-2.505016722408027,-0.023609586344864073,1.04,True,False
-2.481605351170569,-0.023565259591933722,1.04,True,False
-2.4581939799331103,-0.023518087135631215,1.04,True,False
-2.4347826086956523,-0.0234678862865614,1.04,True,False
-2.4113712374581944,-0.02341446262697561,1.04,True,False
-2.3879598662207364,-0.023357609257831022,1.04,True,False
-2.3645484949832776,-0.02329710599751242,1.04,True,False
-2.3411371237458196,-0.023232718529113308,1.04,True,False
-2.3177257525083617,-0.023164197492973847,1.04,True,False
-2.2943143812709037,-0.023091277520961233,1.04,True,False
-2.270903010033445,-0.023013676208752568,1.04,True,False
-2.247491638795987,-0.022931093022139915,1.04,True,False
-2.224080267558529,-0.022843208133122038,1.04,True,False
-2.200668896321071,-0.02274968118127514,1.04,True,False
-2.177257525083612,-0.02265014995560571,1.04,True,False
-2.153846153846154,-0.02254422899178048,1.04,True,False
-2.1304347826086962,-0.02243150807930093,1.04,True,False
-2.1070234113712374,-0.02231155067284089,1.04,True,False
-2.0836120401337794,-0.02218389220159467,1.04,True,False
-2.0602006688963215,-0.022048038270088145,1.04,True,False
-2.0367892976588635,-0.02190346274348496,1.04,True,False
-2.0133779264214047,-0.021749605709972576,1.04,True,False
-1.9899665551839467,-0.021585871312336923,1.04,True,False
-1.9665551839464888,-0.02141162544032775,1.04,True,False
-1.9431438127090308,-0.0212261932748777,1.04,True,False
-1.919732441471572,-0.021028856674664385,1.04,True,False
-1.896321070234114,-0.0208188513948941,1.04,True,False
-1.872909698996656,-0.02059536412753607,1.04,True,False
-1.849498327759198,-0.02035752935154476,1.04,True,False
-1.8260869565217392,-0.02010442598087165,1.04,True,False
-1.8026755852842813,-0.019835073797285073,1.04,True,False
-1.7792642140468233,-0.01954842965418291,1.04,True,False
-1.7558528428093645,-0.01924338343669657,1.04,True,False
-1.7324414715719065,-0.01891875376244031,1.04,True,False
-1.7090301003344486,-0.018573283406255837,1.04,True,False
-1.6856187290969906,-0.018205634431233284,1.04,True,False
-1.6622073578595318,-0.017814383007151706,1.04,True,False
-1.6387959866220738,-0.017398013896272352,1.04,True,False
-1.6153846153846159,-0.01695491458512882,1.04,True,False
-1.591973244147158,-0.016483369039588185,1.04,True,False
-1.568561872909699,-0.01598155105899738,1.04,True,False
-1.545150501672241,-0.015447517203677015,1.04,True,False
-1.5217391304347831,-0.014879199268371907,1.04,True,False
-1.4983277591973252,-0.014274396272509962,1.04,True,False
-1.4749163879598663,-0.013630765936248932,1.04,True,False
-1.4515050167224084,-0.012945815609299806,1.04,True,False
-1.4280936454849504,-0.012216892617395541,1.04,True,False
-1.4046822742474925,-0.01144117398901956,1.04,True,False
-1.3812709030100336,-0.010615655522607164,1.04,True,False
-1.3578595317725757,-0.00973714015187983,1.04,True,False
-1.3344481605351177,-0.008802225564253089,1.04,True,False
-1.3110367892976589,-0.007807291024367152,1.04,True,False
-1.287625418060201,-0.006748483351710355,1.04,True,False
-1.264214046822743,-0.005621701998029069,1.04,True,False
-1.240802675585285,-0.004422583166732712,1.04,True,False
-1.2173913043478262,-0.00314648291279088,1.04,True,False
-1.1939799331103682,-0.0017884591576724888,1.04,True,False
-1.1705685618729103,-0.00034325254967347216,1.04,True,False
-1.1471571906354523,0.0011947339044897712,1.04,True,False
-1.1237458193979935,0.0028314565157050546,1.04,True,False
-1.1003344481605355,0.004573253980053121,1.04,True,False
-1.0769230769230775,0.006426871927297538,1.04,True,False
-1.0535117056856196,0.008399489045346136,1.04,True,False
-1.0301003344481607,0.010498744881859378,1.04,True,False
-1.0066889632107028,0.012732769430675025,1.04,True,False
-0.9832775919732448,0.01511021461763266,1.04,True,False
-0.959866220735786,0.01764028780773472,1.04,True,False
-0.936454849498328,0.020332787463410978,1.04,True,False
-0.9130434782608701,0.023198141091985144,1.04,True,False
-0.8896321070234121,0.02624744562930399,1.04,True,False
-0.8662207357859533,0.0294925104159288,1.04,True,False
-0.8428093645484953,0.032945902932325605,1.04,True,False
-0.8193979933110374,0.03662099747017912,1.04,True,False
-0.7959866220735794,0.040532026928322806,1.04,True,False
-0.7725752508361206,0.04469413793388141,1.04,True,False
-0.7491638795986626,0.049123449502097696,1.04,True,False
-0.7257525083612046,0.05383711546202384,1.04,True,False
-0.7023411371237467,0.05885339088983574,1.04,True,False
-0.6789297658862878,0.06419170280705624,1.04,True,False
-0.6555183946488299,0.06987272541748474,1.04,True,False
-0.6321070234113719,0.07591846017421386,1.04,True,False
-0.6086956521739131,0.08235232098681267,1.04,True,False
-0.5852842809364551,0.08919922489866854,1.04,True,False
-0.5618729096989972,0.09648568858566466,1.04,True,False
-0.5384615384615392,0.10423993104990903,1.04,True,False
-0.5150501672240804,0.11249198290623011,1.04,True,False
-0.4916387959866224,0.1212738026846813,1.04,True,False
-0.46822742474916446,0.13061940059947444,1.04,True,False
-0.4448160535117065,0.14056497026366882,1.04,True,False
-0.42140468227424766,0.1511490288597245,1.04,True,False
-0.3979933110367897,0.16241256630876882,1.04,True,False
-0.37458193979933174,0.17439920401628375,1.04,True,False
-0.3511705685618738,0.1871553638089969,1.04,True,False
-0.32775919732441494,0.20073044771724102,1.04,True,False
-0.304347826086957,0.21517702929903693,1.04,True,False
-0.28093645484949903,0.23055105724686764,1.04,True,False
-0.2575250836120411,0.24691207206566163,1.04,True,False
-0.23411371237458223,0.26432343666114344,1.04,True,False
-0.21070234113712427,0.28285258173156647,1.04,True,False
-0.18729096989966632,0.3025712669131912,1.04,True,False
-0.16387959866220747,0.3235558586908608,1.04,True,False
-0.14046822742474951,0.3458876261499687,1.04,True,False
-0.11705685618729156,0.36965305571521684,1.04,True,False
-0.0936454849498336,0.3949441860950659,1.04,True,False
-0.07023411371237476,0.421858964729065,1.04,True,False
-0.0468227424749168,0.4505016271184967,1.04,True,False
-0.023411371237458845,0.4809831005094261,1.04,True,False
0.0,0.5134214334915161,1.04,True,False
-7.0,-0.043801156110254806,1.04,False,False
-6.976588628762542,-0.04380115594683659,1.04,False,False
-6.953177257525083,-0.043801155772637504,1.04,False,False
-6.929765886287625,-0.04380115558694632,1.04,False,False
-6.906354515050167,-0.04380115538900489,1.04,False,False
-6.882943143812709,-0.04380115517800506,1.04,False,False
-6.8595317725752505,-0.043801154953085356,1.04,False,False
-6.8361204013377925,-0.043801154713327455,1.04,False,False
-6.812709030100335,-0.04380115445775247,1.04,False,False
-6.789297658862877,-0.04380115418531694,1.04,False,False
-6.765886287625418,-0.04380115389490855,1.04,False,False
-6.74247491638796,-0.04380115358534161,1.04,False,False
-6.719063545150502,-0.04380115325535222,1.04,False,False
-6.695652173913044,-0.04380115290359308,1.04,False,False
-6.672240802675585,-0.04380115252862802,1.04,False,False
-6.648829431438127,-0.04380115212892612,1.04,False,False
-6.625418060200669,-0.043801151702855465,1.04,False,False
-6.602006688963211,-0.043801151248676486,1.04,False,False
-6.578595317725752,-0.043801150764534835,1.04,False,False
-6.555183946488294,-0.04380115024845386,1.04,False,False
-6.531772575250836,-0.04380114969832647,1.04,False,False
-6.508361204013378,-0.0438011491119066,1.04,False,False
-6.48494983277592,-0.0438011484868,1.04,False,False
-6.461538461538462,-0.04380114782045446,1.04,False,False
-6.438127090301004,-0.0438011471101494,1.04,False,False
-6.414715719063545,-0.04380114635298477,1.04,False,False
-6.391304347826087,-0.0438011455458692,1.04,False,False
-6.367892976588629,-0.04380114468550735,1.04,False,False
-6.34448160535117,-0.04380114376838654,1.04,False,False
-6.321070234113712,-0.043801142790762304,1.04,False,False
-6.297658862876254,-0.04380114174864317,1.04,False,False
-6.274247491638796,-0.043801140637774336,1.04,False,False
-6.250836120401338,-0.04380113945362032,1.04,False,False
-6.2274247491638794,-0.04380113819134642,1.04,False,False
-6.2040133779264215,-0.043801136845798984,1.04,False,False
-6.1806020066889635,-0.043801135411484365,1.04,False,False
-6.157190635451505,-0.04380113388254651,1.04,False,False
-6.133779264214047,-0.04380113225274301,1.04,False,False
-6.110367892976589,-0.043801130515419666,1.04,False,False
-6.086956521739131,-0.04380112866348327,1.04,False,False
-6.063545150501672,-0.04380112668937269,1.04,False,False
-6.040133779264214,-0.043801124585027953,1.04,False,False
-6.016722408026756,-0.04380112234185738,1.04,False,False
-5.993311036789297,-0.043801119950702495,1.04,False,False
-5.969899665551839,-0.0438011174018006,1.04,False,False
-5.946488294314381,-0.04380111468474498,1.04,False,False
-5.923076923076923,-0.043801111788442336,1.04,False,False
-5.899665551839465,-0.043801108701067556,1.04,False,False
-5.8762541806020065,-0.043801105410015424,1.04,False,False
-5.852842809364549,-0.043801101901849125,1.04,False,False
-5.829431438127091,-0.04380109816224541,1.04,False,False
-5.806020066889632,-0.0438010941759361,1.04,False,False
-5.782608695652174,-0.043801089926645775,1.04,False,False
-5.759197324414716,-0.043801085397025305,1.04,False,False
-5.735785953177258,-0.04380108056858101,1.04,False,False
-5.7123745819398,-0.04380107542159917,1.04,False,False
-5.688963210702341,-0.04380106993506553,1.04,False,False
-5.665551839464883,-0.043801064086579494,1.04,False,False
-5.642140468227424,-0.04380105785226269,1.04,False,False
-5.618729096989966,-0.043801051206661445,1.04,False,False
-5.595317725752508,-0.04380104412264291,1.04,False,False
-5.5719063545150505,-0.04380103657128422,1.04,False,False
-5.5484949832775925,-0.043801028521754465,1.04,False,False
-5.525083612040134,-0.04380101994118876,1.04,False,False
-5.501672240802676,-0.043801010794554125,1.04,False,False
-5.478260869565218,-0.04380100104450639,1.04,False,False
-5.454849498327759,-0.043800990651237756,1.04,False,False
-5.431438127090301,-0.04380097957231426,1.04,False,False
-5.408026755852843,-0.04380096776250254,1.04,False,False
-5.384615384615385,-0.04380095517358513,1.04,False,False
-5.361204013377927,-0.0438009417541636,1.04,False,False
-5.337792642140468,-0.04380092744944873,1.04,False,False
-5.31438127090301,-0.04380091220103678,1.04,False,False
-5.290969899665551,-0.04380089594667107,1.04,False,False
-5.2675585284280935,-0.043800878619987764,1.04,False,False
-5.2441471571906355,-0.04380086015024495,1.04,False,False
-5.2207357859531776,-0.04380084046203379,1.04,False,False
-5.19732441471572,-0.04380081947497064,1.04,False,False
-5.173913043478261,-0.04380079710336887,1.04,False,False
-5.150501672240803,-0.043800773255889026,1.04,False,False
-5.127090301003345,-0.04380074783516586,1.04,False,False
-5.103678929765886,-0.04380072073741087,1.04,False,False
-5.080267558528428,-0.0438006918519885,1.04,False,False
-5.05685618729097,-0.04380066106096445,1.04,False,False
-5.033444816053512,-0.043800628238624184,1.04,False,False
-5.010033444816054,-0.04380059325095963,1.04,False,False
-4.986622073578595,-0.043800555955122056,1.04,False,False
-4.963210702341137,-0.04380051619883889,1.04,False,False
-4.9397993311036785,-0.04380047381979192,1.04,False,False
-4.916387959866221,-0.04380042864495468,1.04,False,False
-4.892976588628763,-0.043800380489885944,1.04,False,False
-4.869565217391305,-0.0438003291579767,1.04,False,False
-4.846153846153847,-0.04380027443964745,1.04,False,False
-4.822742474916389,-0.043800216111492506,1.04,False,False
-4.79933110367893,-0.04380015393536786,1.04,False,False
-4.775919732441472,-0.043800087657418926,1.04,False,False
-4.752508361204013,-0.04380001700704402,1.04,False,False
-4.729096989966555,-0.04379994169578963,1.04,False,False
-4.705685618729097,-0.04379986141617262,1.04,False,False
-4.682274247491639,-0.04379977584042489,1.04,False,False
-4.658862876254181,-0.04379968461915512,1.04,False,False
-4.635451505016722,-0.04379958737992231,1.04,False,False
-4.6120401337792645,-0.04379948372571509,1.04,False,False
-4.588628762541806,-0.04379937323333087,1.04,False,False
-4.565217391304348,-0.043799255451647916,1.04,False,False
-4.54180602006689,-0.04379912989978353,1.04,False,False
-4.518394648829432,-0.043798996065130685,1.04,False,False
-4.494983277591974,-0.0437988534012651,1.04,False,False
-4.471571906354516,-0.043798701325714354,1.04,False,False
-4.448160535117057,-0.04379853921757966,1.04,False,False
-4.424749163879599,-0.04379836641500093,1.04,False,False
-4.40133779264214,-0.043798182212454434,1.04,False,False
-4.377926421404682,-0.043797985857872326,1.04,False,False
-4.354515050167224,-0.04379777654957204,1.04,False,False
-4.331103678929766,-0.043797553432983166,1.04,False,False
-4.307692307692308,-0.043797315597158396,1.04,False,False
-4.2842809364548495,-0.043797062071054264,1.04,False,False
-4.260869565217392,-0.043796791819566555,1.04,False,False
-4.237458193979933,-0.043796503739304125,1.04,False,False
-4.214046822742475,-0.04379619665408396,1.04,False,False
-4.190635451505017,-0.04379586931012904,1.04,False,False
-4.167224080267559,-0.043795520370949324,1.04,False,False
-4.143812709030101,-0.043795148411885136,1.04,False,False
-4.120401337792643,-0.043794751914290504,1.04,False,False
-4.096989966555184,-0.04379432925933277,1.04,False,False
-4.073578595317726,-0.043793878721383205,1.04,False,False
-4.050167224080267,-0.04379339846097152,1.04,False,False
-4.026755852842809,-0.04379288651727566,1.04,False,False
-4.003344481605351,-0.043792340800116056,1.04,False,False
-3.979933110367893,-0.0437917590814218,1.04,False,False
-3.956521739130435,-0.04379113898613381,1.04,False,False
-3.9331103678929766,-0.04379047798250786,1.04,False,False
-3.9096989966555187,-0.0437897733717779,1.04,False,False
-3.8862876254180603,-0.04378902227713743,1.04,False,False
-3.8628762541806023,-0.04378822163199402,1.04,False,False
-3.839464882943144,-0.0437873681674489,1.04,False,False
-3.816053511705686,-0.04378645839895062,1.04,False,False
-3.7926421404682276,-0.04378548861206822,1.04,False,False
-3.7692307692307696,-0.043784454847325786,1.04,False,False
-3.745819397993311,-0.04378335288403666,1.04,False,False
-3.7224080267558532,-0.04378217822307103,1.04,False,False
-3.698996655518395,-0.04378092606848675,1.04,False,False
-3.675585284280937,-0.04377959130794835,1.04,False,False
-3.6521739130434785,-0.0437781684918542,1.04,False,False
-3.6287625418060205,-0.04377665181108673,1.04,False,False
-3.605351170568562,-0.04377503507329478,1.04,False,False
-3.5819397993311037,-0.043773311677611254,1.04,False,False
-3.558528428093646,-0.04377147458770295,1.04,False,False
-3.5351170568561874,-0.04376951630304235,1.04,False,False
-3.5117056856187294,-0.04376742882828424,1.04,False,False
-3.488294314381271,-0.04376520364062209,1.04,False,False
-3.464882943143813,-0.043762831654990876,1.04,False,False
-3.4414715719063547,-0.04376030318697426,1.04,False,False
-3.4180602006688967,-0.0437576079132648,1.04,False,False
-3.3946488294314383,-0.0437547348295156,1.04,False,False
-3.3712374581939804,-0.04375167220541143,1.04,False,False
-3.347826086956522,-0.043748407536775835,1.04,False,False
-3.324414715719064,-0.04374492749451871,1.04,False,False
-3.3010033444816056,-0.04374121787021584,1.04,False,False
-3.2775919732441476,-0.043737263518098354,1.04,False,False
-3.2541806020066892,-0.043733048293215074,1.04,False,False
-3.230769230769231,-0.043728554985515415,1.04,False,False
-3.207357859531773,-0.04372376524958369,1.04,False,False
-3.1839464882943145,-0.04371865952973783,1.04,False,False
-3.1605351170568565,-0.043713216980186875,1.04,False,False
-3.137123745819398,-0.04370741537992112,1.04,False,False
-3.11371237458194,-0.043701231041987504,1.04,False,False
-3.0903010033444818,-0.04369463871677976,1.04,False,False
-3.066889632107024,-0.043687611488948556,1.04,False,False
-3.0434782608695654,-0.04368012066751068,1.04,False,False
-3.0200668896321075,-0.04367213566870859,1.04,False,False
-2.9966555183946495,-0.04366362389114212,1.04,False,False
-2.9732441471571907,-0.04365455058266246,1.04,False,False
-2.9498327759197327,-0.04364487869848501,1.04,False,False
-2.9264214046822747,-0.04363456874994181,1.04,False,False
-2.903010033444817,-0.043623578643255945,1.04,False,False
-2.879598662207358,-0.04361186350767979,1.04,False,False
-2.8561872909699,-0.04359937551229535,1.04,False,False
-2.832775919732442,-0.043586063670728675,1.04,False,False
-2.809364548494983,-0.043571873632981144,1.04,False,False
-2.7859531772575252,-0.04355674746352759,1.04,False,False
-2.7625418060200673,-0.043540623404775367,1.04,False,False
-2.7391304347826093,-0.0435234356249185,1.04,False,False
-2.7157190635451505,-0.043505113949157584,1.04,False,False
-2.6923076923076925,-0.04348558357318796,1.04,False,False
-2.6688963210702346,-0.04346476475778631,1.04,False,False
-2.6454849498327766,-0.04344257250324898,1.04,False,False
-2.6220735785953178,-0.04341891620235251,1.04,False,False
-2.59866220735786,-0.043393699270419646,1.04,False,False
-2.575250836120402,-0.04336681875098047,1.04,False,False
-2.551839464882944,-0.0433381648954185,1.04,False,False
-2.528428093645485,-0.043307620714885704,1.04,False,False
-2.505016722408027,-0.04327506150265674,1.04,False,False
-2.481605351170569,-0.0432403543249725,1.04,False,False
-2.4581939799331103,-0.04320335747829409,1.04,False,False
-2.4347826086956523,-0.043163919910751185,1.04,False,False
-2.4113712374581944,-0.04312188060542279,1.04,False,False
-2.3879598662207364,-0.043077067922932394,1.04,False,False
-2.3645484949832776,-0.043029298900673384,1.04,False,False
-2.3411371237458196,-0.04297837850580368,1.04,False,False
-2.3177257525083617,-0.04292409883895961,1.04,False,False
-2.2943143812709037,-0.042866238285437924,1.04,False,False
-2.270903010033445,-0.04280456061038046,1.04,False,False
-2.247491638795987,-0.042738813994267155,1.04,False,False
-2.224080267558529,-0.04266873000477949,1.04,False,False
-2.200668896321071,-0.042594022500836756,1.04,False,False
-2.177257525083612,-0.042514386464330346,1.04,False,False
-2.153846153846154,-0.04242949675478643,1.04,False,False
-2.1304347826086962,-0.042339006781872336,1.04,False,False
-2.1070234113712374,-0.042242547090326835,1.04,False,False
-2.0836120401337794,-0.042139723851536755,1.04,False,False
-2.0602006688963215,-0.042030117255601365,1.04,False,False
-2.0367892976588635,-0.041913279797319465,1.04,False,False
-2.0133779264214047,-0.04178873444910136,1.04,False,False
-1.9899665551839467,-0.04165597271334584,1.04,False,False
-1.9665551839464888,-0.041514452546330426,1.04,False,False
-1.9431438127090308,-0.04136359614513851,1.04,False,False
-1.919732441471572,-0.0412027875885877,1.04,False,False
-1.896321070234114,-0.0410313703225278,1.04,False,False
-1.872909698996656,-0.04084864447924119,1.04,False,False
-1.849498327759198,-0.040653864020001235,1.04,False,False
-1.8260869565217392,-0.04044623368912232,1.04,False,False
-1.8026755852842813,-0.040224905767065326,1.04,False,False
-1.7792642140468233,-0.039988976609342045,1.04,False,False
-1.7558528428093645,-0.039737482957087525,1.04,False,False
-1.7324414715719065,-0.03946939800423698,1.04,False,False
-1.7090301003344486,-0.03918362720525019,1.04,False,False
-1.6856187290969906,-0.038879003806267125,1.04,False,False
-1.6622073578595318,-0.038554284081449154,1.04,False,False
-1.6387959866220738,-0.03820814225505679,1.04,False,False
-1.6153846153846159,-0.03783916508853137,1.04,False,False
-1.591973244147158,-0.03744584611048103,1.04,False,False
-1.568561872909699,-0.03702657946601262,1.04,False,False
-1.545150501672241,-0.03657965336029777,1.04,False,False
-1.5217391304347831,-0.03610324306960387,1.04,False,False
-1.4983277591973252,-0.035595403491255645,1.04,False,False
-1.4749163879598663,-0.0350540612021097,1.04,False,False
-1.4515050167224084,-0.0344770059931185,1.04,False,False
-1.4280936454849504,-0.0338618818454203,1.04,False,False
-1.4046822742474925,-0.03320617731111253,1.04,False,False
-1.3812709030100336,-0.0325072152594346,1.04,False,False
-1.3578595317725757,-0.031762141946495626,1.04,False,False
-1.3344481605351177,-0.030967915363920483,1.04,False,False
-1.3110367892976589,-0.030121292818843924,1.04,False,False
-1.287625418060201,-0.029218817694543948,1.04,False,False
-1.264214046822743,-0.028256805337659875,1.04,False,False
-1.240802675585285,-0.027231328014375743,1.04,False,False
-1.2173913043478262,-0.026138198874147093,1.04,False,False
-1.1939799331103682,-0.024972954855498178,1.04,False,False
-1.1705685618729103,-0.023730838464096227,1.04,False,False
-1.1471571906354523,-0.022406778348706562,1.04,False,False
-1.1237458193979935,-0.02099536859572276,1.04,False,False
-1.1003344481605355,-0.019490846657735525,1.04,False,False
-1.0769230769230775,-0.017887069826025535,1.04,False,False
-1.0535117056856196,-0.016177490150922423,1.04,False,False
-1.0301003344481607,-0.01435512770763311,1.04,False,False
-1.0066889632107028,-0.012412542098389254,1.04,False,False
-0.9832775919732448,-0.010341802074560522,1.04,False,False
-0.959866220735786,-0.008134453154707538,1.04,False,False
-0.936454849498328,-0.00578148310636372,1.04,False,False
-0.9130434782608701,-0.003273285150613245,1.04,False,False
-0.8896321070234121,-0.0005996187392371191,1.04,False,False
-0.8662207357859533,0.002250432255714037,1.04,False,False
-0.8428093645484953,0.005288504110624606,1.04,False,False
-0.8193979933110374,0.008527000759263756,1.04,False,False
-0.7959866220735794,0.011979144435949704,1.04,False,False
-0.7725752508361206,0.015659029659697288,1.04,False,False
-0.7491638795986626,0.019581680779755688,1.04,False,False
-0.7257525083612046,0.023763113317487337,1.04,False,False
-0.7023411371237467,0.028220399355033433,1.04,False,False
-0.6789297658862878,0.03297173723773953,1.04,False,False
-0.6555183946488299,0.038036525874922185,1.04,False,False
-0.6321070234113719,0.04343544394233719,1.04,False,False
-0.6086956521739131,0.04919053430971638,1.04,False,False
-0.5852842809364551,0.055325294038077365,1.04,False,False
-0.5618729096989972,0.06186477031425267,1.04,False,False
-0.5384615384615392,0.06883566271431818,1.04,False,False
-0.5150501672240804,0.076266432213449,1.04,False,False
-0.4916387959866224,0.08418741738726834,1.04,False,False
-0.46822742474916446,0.09263095827912443,1.04,False,False
-0.4448160535117065,0.10163152843901899,1.04,False,False
-0.42140468227424766,0.1112258756732846,1.04,False,False
-0.3979933110367897,0.12145317207966375,1.04,False,False
-0.37458193979933174,0.13235517398036376,1.04,False,False
-0.3511705685618738,0.14397639240605958,1.04,False,False
-0.32775919732441494,0.1563642748269081,1.04,False,False
-0.304347826086957,0.16956939887254505,1.04,False,False
-0.28093645484949903,0.1836456788319993,1.04,False,False
-0.2575250836120411,0.19865058577661834,1.04,False,False
-0.23411371237458223,0.2146453822047376,1.04,False,False
-0.21070234113712427,0.23169537216610164,1.04,False,False
-0.18729096989966632,0.2498701678872629,1.04,False,False
-0.16387959866220747,0.26924397398653205,1.04,False,False
-0.14046822742474951,0.2898958904388876,1.04,False,False
-0.11705685618729156,0.31191023552780517,1.04,False,False
-0.0936454849498336,0.33537689010255173,1.04,False,False
-0.07023411371237476,0.36039166454649907,1.04,False,False
-0.0468227424749168,0.3870566899547179,1.04,False,False
-0.023411371237458845,0.41548083511797873,1.04,False,False
0.0,0.4457801510156162,1.04,False,False
-7.0,-0.010533232433746273,1.02,True,False
-6.976588628762542,-0.010533228249364849,1.02,True,False
-6.953177257525083,-0.01053322383328777,1.02,True,False
-6.929765886287625,-0.010533219172685694,1.02,True,False
-6.906354515050167,-0.010533214254018892,1.02,True,False
-6.882943143812709,-0.010533209062997921,1.02,True,False
-6.8595317725752505,-0.010533203584542114,1.02,True,False
-6.8361204013377925,-0.01053319780273576,1.02,True,False
-6.812709030100335,-0.010533191700781869,1.02,True,False
-6.789297658862877,-0.010533185260953381,1.02,True,False
-6.765886287625418,-0.010533178464541656,1.02,True,False
-6.74247491638796,-0.010533171291802132,1.02,True,False
-6.719063545150502,-0.010533163721896957,1.02,True,False
-6.695652173913044,-0.010533155732834457,1.02,True,False
-6.672240802675585,-0.010533147301405244,1.02,True,False
-6.648829431438127,-0.010533138403114792,1.02,True,False
-6.625418060200669,-0.010533129012112273,1.02,True,False
-6.602006688963211,-0.01053311910111546,1.02,True,False
-6.578595317725752,-0.010533108641331466,1.02,True,False
-6.555183946488294,-0.010533097602373101,1.02,True,False
-6.531772575250836,-0.010533085952170585,1.02,True,False
-6.508361204013378,-0.010533073656878387,1.02,True,False
-6.48494983277592,-0.010533060680776895,1.02,True,False
-6.461538461538462,-0.010533046986168651,1.02,True,False
-6.438127090301004,-0.010533032533268826,1.02,True,False
-6.414715719063545,-0.010533017280089646,1.02,True,False
-6.391304347826087,-0.010533001182318409,1.02,True,False
-6.367892976588629,-0.01053298419318875,1.02,True,False
-6.34448160535117,-0.010532966263344778,1.02,True,False
-6.321070234113712,-0.010532947340697691,1.02,True,False
-6.297658862876254,-0.01053292737027445,1.02,True,False
-6.274247491638796,-0.010532906294058071,1.02,True,False
-6.250836120401338,-0.010532884050819084,1.02,True,False
-6.2274247491638794,-0.010532860575937648,1.02,True,False
-6.2040133779264215,-0.01053283580121582,1.02,True,False
-6.1806020066889635,-0.010532809654679433,1.02,True,False
-6.157190635451505,-0.010532782060368999,1.02,True,False
-6.133779264214047,-0.010532752938119035,1.02,True,False
-6.110367892976589,-0.010532722203325174,1.02,True,False
-6.086956521739131,-0.010532689766698371,1.02,True,False
-6.063545150501672,-0.010532655534005515,1.02,True,False
-6.040133779264214,-0.010532619405795656,1.02,True,False
-6.016722408026756,-0.010532581277111094,1.02,True,False
-5.993311036789297,-0.010532541037182458,1.02,True,False
-5.969899665551839,-0.01053249856910691,1.02,True,False
-5.946488294314381,-0.010532453749508518,1.02,True,False
-5.923076923076923,-0.010532406448179835,1.02,True,False
-5.899665551839465,-0.010532356527703627,1.02,True,False
-5.8762541806020065,-0.010532303843053656,1.02,True,False
-5.852842809364549,-0.010532248241173357,1.02,True,False
-5.829431438127091,-0.010532189560531187,1.02,True,False
-5.806020066889632,-0.010532127630651353,1.02,True,False
-5.782608695652174,-0.010532062271618554,1.02,True,False
-5.759197324414716,-0.010531993293555303,1.02,True,False
-5.735785953177258,-0.0105319204960703,1.02,True,False
-5.7123745819398,-0.010531843667676271,1.02,True,False
-5.688963210702341,-0.01053176258517557,1.02,True,False
-5.665551839464883,-0.010531677013011744,1.02,True,False
-5.642140468227424,-0.010531586702585223,1.02,True,False
-5.618729096989966,-0.010531491391531096,1.02,True,False
-5.595317725752508,-0.010531390802956897,1.02,True,False
-5.5719063545150505,-0.0105312846446382,1.02,True,False
-5.5484949832775925,-0.010531172608169664,1.02,True,False
-5.525083612040134,-0.010531054368069063,1.02,True,False
-5.501672240802676,-0.010530929580831723,1.02,True,False
-5.478260869565218,-0.010530797883932583,1.02,True,False
-5.454849498327759,-0.010530658894773013,1.02,True,False
-5.431438127090301,-0.010530512209569307,1.02,True,False
-5.408026755852843,-0.010530357402179629,1.02,True,False
-5.384615384615385,-0.010530194022866016,1.02,True,False
-5.361204013377927,-0.010530021596987817,1.02,True,False
-5.337792642140468,-0.0105298396236228,1.02,True,False
-5.31438127090301,-0.010529647574111891,1.02,True,False
-5.290969899665551,-0.010529444890523355,1.02,True,False
-5.2675585284280935,-0.010529230984031909,1.02,True,False
-5.2441471571906355,-0.01052900523320811,1.02,True,False
-5.2207357859531776,-0.010528766982213007,1.02,True,False
-5.19732441471572,-0.010528515538892837,1.02,True,False
-5.173913043478261,-0.01052825017276821,1.02,True,False
-5.150501672240803,-0.010527970112911974,1.02,True,False
-5.127090301003345,-0.010527674545709543,1.02,True,False
-5.103678929765886,-0.01052736261249524,1.02,True,False
-5.080267558528428,-0.010527033407057748,1.02,True,False
-5.05685618729097,-0.010526685973007429,1.02,True,False
-5.033444816053512,-0.010526319300997872,1.02,True,False
-5.010033444816054,-0.010525932325793604,1.02,True,False
-4.986622073578595,-0.010525523923175422,1.02,True,False
-4.963210702341137,-0.010525092906674364,1.02,True,False
-4.9397993311036785,-0.010524638024124858,1.02,True,False
-4.916387959866221,-0.010524157954026992,1.02,True,False
-4.892976588628763,-0.010523651301707364,1.02,True,False
-4.869565217391305,-0.010523116595267357,1.02,True,False
-4.846153846153847,-0.010522552281307055,1.02,True,False
-4.822742474916389,-0.010521956720412395,1.02,True,False
-4.79933110367893,-0.010521328182392424,1.02,True,False
-4.775919732441472,-0.010520664841252855,1.02,True,False
-4.752508361204013,-0.010519964769891274,1.02,True,False
-4.729096989966555,-0.010519225934498638,1.02,True,False
-4.705685618729097,-0.010518446188650759,1.02,True,False
-4.682274247491639,-0.010517623267072632,1.02,True,False
-4.658862876254181,-0.01051675477905748,1.02,True,False
-4.635451505016722,-0.010515838201521403,1.02,True,False
-4.6120401337792645,-0.01051487087167346,1.02,True,False
-4.588628762541806,-0.01051384997927986,1.02,True,False
-4.565217391304348,-0.010512772558499842,1.02,True,False
-4.54180602006689,-0.010511635479269458,1.02,True,False
-4.518394648829432,-0.010510435438208298,1.02,True,False
-4.494983277591974,-0.010509168949022683,1.02,True,False
-4.471571906354516,-0.010507832332377473,1.02,True,False
-4.448160535117057,-0.01050642170520707,1.02,True,False
-4.424749163879599,-0.010504932969434541,1.02,True,False
-4.40133779264214,-0.010503361800066115,1.02,True,False
-4.377926421404682,-0.010501703632626445,1.02,True,False
-4.354515050167224,-0.010499953649898145,1.02,True,False
-4.331103678929766,-0.01049810676792707,1.02,True,False
-4.307692307692308,-0.010496157621252692,1.02,True,False
-4.2842809364548495,-0.010494100547320662,1.02,True,False
-4.260869565217392,-0.010491929570032258,1.02,True,False
-4.237458193979933,-0.010489638382382961,1.02,True,False
-4.214046822742475,-0.010487220328139677,1.02,True,False
-4.190635451505017,-0.010484668382503426,1.02,True,False
-4.167224080267559,-0.010481975131701265,1.02,True,False
-4.143812709030101,-0.010479132751448218,1.02,True,False
-4.120401337792643,-0.010476132984216577,1.02,True,False
-4.096989966555184,-0.010472967115246588,1.02,True,False
-4.073578595317726,-0.010469625947228809,1.02,True,False
-4.050167224080267,-0.010466099773584592,1.02,True,False
-4.026755852842809,-0.010462378350267053,1.02,True,False
-4.003344481605351,-0.010458450866000633,1.02,True,False
-3.979933110367893,-0.010454305910872775,1.02,True,False
-3.956521739130435,-0.010449931443186459,1.02,True,False
-3.9331103678929766,-0.010445314754477332,1.02,True,False
-3.9096989966555187,-0.01044044243259377,1.02,True,False
-3.8862876254180603,-0.010435300322732623,1.02,True,False
-3.8628762541806023,-0.010429873486317463,1.02,True,False
-3.839464882943144,-0.01042414615759984,1.02,True,False
-3.816053511705686,-0.0104181016978575,1.02,True,False
-3.7926421404682276,-0.010411722547056473,1.02,True,False
-3.7692307692307696,-0.010404990172836623,1.02,True,False
-3.745819397993311,-0.010397885016672452,1.02,True,False
-3.7224080267558532,-0.01039038643705274,1.02,True,False
-3.698996655518395,-0.010382472649513946,1.02,True,False
-3.675585284280937,-0.010374120663353194,1.02,True,False
-3.6521739130434785,-0.010365306214836922,1.02,True,False
-3.6287625418060205,-0.010356003696711222,1.02,True,False
-3.605351170568562,-0.010346186083809036,1.02,True,False
-3.5819397993311037,-0.01033582485453813,1.02,True,False
-3.558528428093646,-0.010324889908021712,1.02,True,False
-3.5351170568561874,-0.010313349476651018,1.02,True,False
-3.5117056856187294,-0.01030117003379579,1.02,True,False
-3.488294314381271,-0.010288316196404537,1.02,True,False
-3.464882943143813,-0.010274750622211644,1.02,True,False
-3.4414715719063547,-0.010260433901252643,1.02,True,False
-3.4180602006688967,-0.010245324441372557,1.02,True,False
-3.3946488294314383,-0.01022937834739463,1.02,True,False
-3.3712374581939804,-0.010212549293598472,1.02,True,False
-3.347826086956522,-0.010194788389137103,1.02,True,False
-3.324414715719064,-0.010176044036001938,1.02,True,False
-3.3010033444816056,-0.010156261779123073,1.02,True,False
-3.2775919732441476,-0.010135384148169394,1.02,True,False
-3.2541806020066892,-0.010113350490588917,1.02,True,False
-3.230769230769231,-0.0100900967954043,1.02,True,False
-3.207357859531773,-0.01006555550725166,1.02,True,False
-3.1839464882943145,-0.01003965533012242,1.02,True,False
-3.1605351170568565,-0.01001232102023805,1.02,True,False
-3.137123745819398,-0.009983473167455941,1.02,True,False
-3.11371237458194,-0.009953027964571412,1.02,True,False
-3.0903010033444818,-0.009920896963845597,1.02,True,False
-3.066889632107024,-0.009886986820051912,1.02,True,False
-3.0434782608695654,-0.009851199019294606,1.02,True,False
-3.0200668896321075,-0.00981342959281157,1.02,True,False
-2.9966555183946495,-0.009773568814929984,1.02,True,False
-2.9732441471571907,-0.009731500884297285,1.02,True,False
-2.9498327759197327,-0.009687103587461417,1.02,True,False
-2.9264214046822747,-0.00964024794382298,1.02,True,False
-2.903010033444817,-0.009590797830927847,1.02,True,False
-2.879598662207358,-0.00953860958901166,1.02,True,False
-2.8561872909699,-0.00948353160364734,1.02,True,False
-2.832775919732442,-0.009425403865283125,1.02,True,False
-2.809364548494983,-0.009364057504391581,1.02,True,False
-2.7859531772575252,-0.009299314300879089,1.02,True,False
-2.7625418060200673,-0.009230986166330557,1.02,True,False
-2.7391304347826093,-0.009158874597585255,1.02,True,False
-2.7157190635451505,-0.009082770100056274,1.02,True,False
-2.6923076923076925,-0.009002451579118319,1.02,True,False
-2.6688963210702346,-0.008917685697795677,1.02,True,False
-2.6454849498327766,-0.0088282261988844,1.02,True,False
-2.6220735785953178,-0.00873381318953934,1.02,True,False
-2.59866220735786,-0.008634172386247673,1.02,True,False
-2.575250836120402,-0.00852901431799541,1.02,True,False
-2.551839464882944,-0.008418033485312056,1.02,True,False
-2.528428093645485,-0.008300907472750238,1.02,True,False
-2.505016722408027,-0.008177296012221995,1.02,True,False
-2.481605351170569,-0.0080468399944705,1.02,True,False
-2.4581939799331103,-0.007909160425805506,1.02,True,False
-2.4347826086956523,-0.007763857327071599,1.02,True,False
-2.4113712374581944,-0.007610508571650604,1.02,True,False
-2.3879598662207364,-0.007448668659122429,1.02,True,False
-2.3645484949832776,-0.0072778674210215956,1.02,True,False
-2.3411371237458196,-0.007097608654929534,1.02,True,False
-2.3177257525083617,-0.0069073686829344205,1.02,True,False
-2.2943143812709037,-0.006706594830270753,1.02,True,False
-2.270903010033445,-0.006494703819718833,1.02,True,False
-2.247491638795987,-0.006271080077099714,1.02,True,False
-2.224080267558529,-0.006035073942942679,1.02,True,False
-2.200668896321071,-0.005785999785130129,1.02,True,False
-2.177257525083612,-0.005523134007036604,1.02,True,False
-2.153846153846154,-0.005245712945375484,1.02,True,False
-2.1304347826086962,-0.004952930651646073,1.02,True,False
-2.1070234113712374,-0.004643936550736135,1.02,True,False
-2.0836120401337794,-0.004317832969877616,1.02,True,False
-2.0602006688963215,-0.003973672530776712,1.02,True,False
-2.0367892976588635,-0.003610455397342307,1.02,True,False
-2.0133779264214047,-0.0032271263710167758,1.02,True,False
-1.9899665551839467,-0.0028225718252709335,1.02,True,False
-1.9665551839464888,-0.002395616470356991,1.02,True,False
-1.9431438127090308,-0.0019450199389211224,1.02,True,False
-1.919732441471572,-0.0014694731825560057,1.02,True,False
-1.896321070234114,-0.0009675946688250236,1.02,True,False
-1.872909698996656,-0.0004379263677096717,1.02,True,False
-1.849498327759198,0.00012107048417947693,1.02,True,False
-1.8260869565217392,0.0007110198539340695,1.02,True,False
-1.8026755852842813,0.001333635630208307,1.02,True,False
-1.7792642140468233,0.0019907266023146807,1.02,True,False
-1.7558528428093645,0.002684201715019716,1.02,True,False
-1.7324414715719065,0.0034160756143058867,1.02,True,False
-1.7090301003344486,0.004188474500211101,1.02,True,False
-1.6856187290969906,0.005003642303748702,1.02,True,False
-1.6622073578595318,0.005863947205853263,1.02,True,False
-1.6387959866220738,0.006771888517290169,1.02,True,False
-1.6153846153846159,0.007730103939516848,1.02,True,False
-1.591973244147158,0.008741377227588672,1.02,True,False
-1.568561872909699,0.00980864627737206,1.02,True,False
-1.545150501672241,0.010935011660558706,1.02,True,False
-1.5217391304347831,0.012123745632277211,1.02,True,False
-1.4983277591973252,0.013378301637469624,1.02,True,False
-1.4749163879598663,0.014702324343650937,1.02,True,False
-1.4515050167224084,0.01609966022919771,1.02,True,False
-1.4280936454849504,0.01757436875792704,1.02,True,False
-1.4046822742474925,0.01913073417242867,1.02,True,False
-1.3812709030100336,0.020773277940412473,1.02,True,False
-1.3578595317725757,0.02250677189022898,1.02,True,False
-1.3344481605351177,0.024336252073724574,1.02,True,False
-1.3110367892976589,0.02626703339670378,1.02,True,False
-1.287625418060201,0.02830472505950286,1.02,True,False
-1.264214046822743,0.030455246852532297,1.02,True,False
-1.240802675585285,0.032724846354128034,1.02,True,False
-1.2173913043478262,0.03512011708067456,1.02,True,False
-1.1939799331103682,0.037648017641727954,1.02,True,False
-1.1705685618729103,0.04031589195578836,1.02,True,False
-1.1471571906354523,0.043131490585450155,1.02,True,False
-1.1237458193979935,0.0461029932539129,1.02,True,False
-1.1003344481605355,0.04923903260826548,1.02,True,False
-1.0769230769230775,0.05254871929858111,1.02,True,False
-1.0535117056856196,0.05604166844567934,1.02,True,False
-1.0301003344481607,0.05972802757444974,1.02,True,False
-1.0066889632107028,0.0636185060938856,1.02,True,False
-0.9832775919732448,0.06772440640947461,1.02,True,False
-0.959866220735786,0.0720576567583286,1.02,True,False
-0.936454849498328,0.0766308458624455,1.02,True,False
-0.9130434782608701,0.08145725950077712,1.02,True,False
-0.8896321070234121,0.08655091910634728,1.02,True,False
-0.8662207357859533,0.0919266225005526,1.02,True,False
-0.8428093645484953,0.09759998688298331,1.02,True,False
-0.8193979933110374,0.1035874942016592,1.02,True,False
-0.7959866220735794,0.10990653903548275,1.02,True,False
-0.7725752508361206,0.11657547912801926,1.02,True,False
-0.7491638795986626,0.12361368871940885,1.02,True,False
-0.7257525083612046,0.131041614831351,1.02,True,False
-0.7023411371237467,0.1388808366686733,1.02,True,False
-0.6789297658862878,0.1471541283100578,1.02,True,False
-0.6555183946488299,0.15588552487004825,1.02,True,False
-0.6321070234113719,0.16510039232455243,1.02,True,False
-0.6086956521739131,0.1748255012026878,1.02,True,False
-0.5852842809364551,0.18508910435905784,1.02,True,False
-0.5618729096989972,0.19592101905240267,1.02,True,False
-0.5384615384615392,0.20735271356906748,1.02,True,False
-0.5150501672240804,0.2194173986429485,1.02,True,False
-0.4916387959866224,0.23215012393749931,1.02,True,False
-0.46822742474916446,0.24558787987009975,1.02,True,False
-0.4448160535117065,0.2597697050745922,1.02,True,False
-0.42140468227424766,0.27473679981418697,1.02,True,False
-0.3979933110367897,0.2905326456742127,1.02,True,False
-0.37458193979933174,0.3072031318824437,1.02,True,False
-0.3511705685618738,0.3247966886239734,1.02,True,False
-0.32775919732441494,0.34336442773794146,1.02,True,False
-0.304347826086957,0.3629602912048517,1.02,True,False
-0.28093645484949903,0.3836412078558687,1.02,True,False
-0.2575250836120411,0.40546725875934286,1.02,True,False
-0.23411371237458223,0.4285018517650468,1.02,True,False
-0.21070234113712427,0.45281190571319047,1.02,True,False
-0.18729096989966632,0.478468044843382,1.02,True,False
-0.16387959866220747,0.5055448039683049,1.02,True,False
-0.14046822742474951,0.534120845008178,1.02,True,False
-0.11705685618729156,0.5642791855150706,1.02,True,False
-0.0936454849498336,0.5961074398509524,1.02,True,False
-0.07023411371237476,0.6296980737201501,1.02,True,False
-0.0468227424749168,0.6651486727956504,1.02,True,False
-0.023411371237458845,0.7025622262196702,1.02,True,False
0.0,0.7420474258020775,1.02,True,False
-7.0,-0.018607304629701164,1.02,False,False
-6.976588628762542,-0.018607300706463055,1.02,False,False
-6.953177257525083,-0.018607296565425056,1.02,False,False
-6.929765886287625,-0.01860729219449593,1.02,False,False
-6.906354515050167,-0.018607287580913193,1.02,False,False
-6.882943143812709,-0.018607282711205847,1.02,False,False
-6.8595317725752505,-0.01860727757115505,1.02,False,False
-6.8361204013377925,-0.018607272145752588,1.02,False,False
-6.812709030100335,-0.018607266419157074,1.02,False,False
-6.789297658862877,-0.01860726037464767,1.02,False,False
-6.765886287625418,-0.018607253994575277,1.02,False,False
-6.74247491638796,-0.01860724726031101,1.02,False,False
-6.719063545150502,-0.018607240152191774,1.02,False,False
-6.695652173913044,-0.018607232649462895,1.02,False,False
-6.672240802675585,-0.01860722473021748,1.02,False,False
-6.648829431438127,-0.018607216371332475,1.02,False,False
-6.625418060200669,-0.018607207548401138,1.02,False,False
-6.602006688963211,-0.018607198235661777,1.02,False,False
-6.578595317725752,-0.018607188405922535,1.02,False,False
-6.555183946488294,-0.018607178030481994,1.02,False,False
-6.531772575250836,-0.018607167079045354,1.02,False,False
-6.508361204013378,-0.018607155519636,1.02,False,False
-6.48494983277592,-0.01860714331850212,1.02,False,False
-6.461538461538462,-0.018607130440018164,1.02,False,False
-6.438127090301004,-0.018607116846580805,1.02,False,False
-6.414715719063545,-0.01860710249849917,1.02,False,False
-6.391304347826087,-0.01860708735387892,1.02,False,False
-6.367892976588629,-0.01860707136849995,1.02,False,False
-6.34448160535117,-0.01860705449568725,1.02,False,False
-6.321070234113712,-0.01860703668617464,1.02,False,False
-6.297658862876254,-0.018607017887960903,1.02,False,False
-6.274247491638796,-0.018606998046157962,1.02,False,False
-6.250836120401338,-0.018606977102830616,1.02,False,False
-6.2274247491638794,-0.018606954996827355,1.02,False,False
-6.2040133779264215,-0.018606931663601837,1.02,False,False
-6.1806020066889635,-0.0186069070350244,1.02,False,False
-6.157190635451505,-0.018606881039183145,1.02,False,False
-6.133779264214047,-0.01860685360017396,1.02,False,False
-6.110367892976589,-0.018606824637878883,1.02,False,False
-6.086956521739131,-0.018606794067732184,1.02,False,False
-6.063545150501672,-0.01860676180047344,1.02,False,False
-6.040133779264214,-0.0186067277418869,1.02,False,False
-6.016722408026756,-0.018606691792526386,1.02,False,False
-5.993311036789297,-0.01860665384742495,1.02,False,False
-5.969899665551839,-0.018606613795788356,1.02,False,False
-5.946488294314381,-0.01860657152067159,1.02,False,False
-5.923076923076923,-0.018606526898637402,1.02,False,False
-5.899665551839465,-0.018606479799395868,1.02,False,False
-5.8762541806020065,-0.01860643008542399,1.02,False,False
-5.852842809364549,-0.018606377611564123,1.02,False,False
-5.829431438127091,-0.018606322224600153,1.02,False,False
-5.806020066889632,-0.01860626376281012,1.02,False,False
-5.782608695652174,-0.01860620205549401,1.02,False,False
-5.759197324414716,-0.018606136922475345,1.02,False,False
-5.735785953177258,-0.018606068173575088,1.02,False,False
-5.7123745819398,-0.018605995608056352,1.02,False,False
-5.688963210702341,-0.01860591901403826,1.02,False,False
-5.665551839464883,-0.018605838167877312,1.02,False,False
-5.642140468227424,-0.018605752833514358,1.02,False,False
-5.618729096989966,-0.018605662761785338,1.02,False,False
-5.595317725752508,-0.018605567689693778,1.02,False,False
-5.5719063545150505,-0.018605467339642853,1.02,False,False
-5.5484949832775925,-0.018605361418624858,1.02,False,False
-5.525083612040134,-0.018605249617365677,1.02,False,False
-5.501672240802676,-0.018605131609421722,1.02,False,False
-5.478260869565218,-0.01860500705022679,1.02,False,False
-5.454849498327759,-0.018604875576085964,1.02,False,False
-5.431438127090301,-0.01860473680311368,1.02,False,False
-5.408026755852843,-0.018604590326112832,1.02,False,False
-5.384615384615385,-0.018604435717391673,1.02,False,False
-5.361204013377927,-0.01860427252551499,1.02,False,False
-5.337792642140468,-0.018604100273986002,1.02,False,False
-5.31438127090301,-0.01860391845985504,1.02,False,False
-5.290969899665551,-0.018603726552251013,1.02,False,False
-5.2675585284280935,-0.01860352399083135,1.02,False,False
-5.2441471571906355,-0.018603310184145867,1.02,False,False
-5.2207357859531776,-0.01860308450790982,1.02,False,False
-5.19732441471572,-0.018602846303181094,1.02,False,False
-5.173913043478261,-0.01860259487443617,1.02,False,False
-5.150501672240803,-0.018602329487539312,1.02,False,False
-5.127090301003345,-0.01860204936759899,1.02,False,False
-5.103678929765886,-0.0186017536967053,1.02,False,False
-5.080267558528428,-0.0186014416115418,1.02,False,False
-5.05685618729097,-0.018601112200864744,1.02,False,False
-5.033444816053512,-0.01860076450284238,1.02,False,False
-5.010033444816054,-0.01860039750224654,1.02,False,False
-4.986622073578595,-0.018600010127488315,1.02,False,False
-4.963210702341137,-0.018599601247489182,1.02,False,False
-4.9397993311036785,-0.018599169668378407,1.02,False,False
-4.916387959866221,-0.018598714130007122,1.02,False,False
-4.892976588628763,-0.018598233302268858,1.02,False,False
-4.869565217391305,-0.018597725781215848,1.02,False,False
-4.846153846153847,-0.01859719008495968,1.02,False,False
-4.822742474916389,-0.01859662464934441,1.02,False,False
-4.79933110367893,-0.018596027823379442,1.02,False,False
-4.775919732441472,-0.018595397864418883,1.02,False,False
-4.752508361204013,-0.018594732933073257,1.02,False,False
-4.729096989966555,-0.01859403108783876,1.02,False,False
-4.705685618729097,-0.018593290279428357,1.02,False,False
-4.682274247491639,-0.018592508344788133,1.02,False,False
-4.658862876254181,-0.01859168300078151,1.02,False,False
-4.635451505016722,-0.018590811837522817,1.02,False,False
-4.6120401337792645,-0.018589892311340745,1.02,False,False
-4.588628762541806,-0.018588921737351233,1.02,False,False
-4.565217391304348,-0.018587897281617954,1.02,False,False
-4.54180602006689,-0.01858681595287765,1.02,False,False
-4.518394648829432,-0.018585674593806084,1.02,False,False
-4.494983277591974,-0.018584469871799073,1.02,False,False
-4.471571906354516,-0.018583198269241798,1.02,False,False
-4.448160535117057,-0.01858185607323786,1.02,False,False
-4.424749163879599,-0.018580439364768157,1.02,False,False
-4.40133779264214,-0.01857894400724791,1.02,False,False
-4.377926421404682,-0.018577365634448444,1.02,False,False
-4.354515050167224,-0.018575699637748414,1.02,False,False
-4.331103678929766,-0.018573941152677298,1.02,False,False
-4.307692307692308,-0.018572085044711858,1.02,False,False
-4.2842809364548495,-0.01857012589428404,1.02,False,False
-4.260869565217392,-0.01856805798095665,1.02,False,False
-4.237458193979933,-0.01856587526672048,1.02,False,False
-4.214046822742475,-0.018563571378364195,1.02,False,False
-4.190635451505017,-0.01856113958886547,1.02,False,False
-4.167224080267559,-0.01855857279774907,1.02,False,False
-4.143812709030101,-0.01855586351035446,1.02,False,False
-4.120401337792643,-0.018553003815952485,1.02,False,False
-4.096989966555184,-0.0185499853646472,1.02,False,False
-4.073578595317726,-0.018546799342995333,1.02,False,False
-4.050167224080267,-0.018543436448272346,1.02,False,False
-4.026755852842809,-0.018539886861309786,1.02,False,False
-4.003344481605351,-0.018536140217824737,1.02,False,False
-3.979933110367893,-0.018532185578157615,1.02,False,False
-3.956521739130435,-0.018528011395329915,1.02,False,False
-3.9331103678929766,-0.018523605481328722,1.02,False,False
-3.9096989966555187,-0.018518954971519452,1.02,False,False
-3.8862876254180603,-0.01851404628708297,1.02,False,False
-3.8628762541806023,-0.018508865095367404,1.02,False,False
-3.839464882943144,-0.018503396268038857,1.02,False,False
-3.816053511705686,-0.018497623836908852,1.02,False,False
-3.7926421404682276,-0.018491530947309515,1.02,False,False
-3.7692307692307696,-0.01848509980888038,1.02,False,False
-3.745819397993311,-0.0184783116436231,1.02,False,False
-3.7224080267558532,-0.018471146631072383,1.02,False,False
-3.698996655518395,-0.01846358385042309,1.02,False,False
-3.675585284280937,-0.0184556012194445,1.02,False,False
-3.6521739130434785,-0.018447175430003387,1.02,False,False
-3.6287625418060205,-0.018438281880007595,1.02,False,False
-3.605351170568562,-0.018428894601571506,1.02,False,False
-3.5819397993311037,-0.018418986185193522,1.02,False,False
-3.558528428093646,-0.01840852769972429,1.02,False,False
-3.5351170568561874,-0.0183974886078919,1.02,False,False
-3.5117056856187294,-0.01838583667713745,1.02,False,False
-3.488294314381271,-0.018373537885500602,1.02,False,False
-3.464882943143813,-0.01836055632228038,1.02,False,False
-3.4414715719063547,-0.018346854083181076,1.02,False,False
-3.4180602006688967,-0.018332391159637168,1.02,False,False
-3.3946488294314383,-0.01831712532199406,1.02,False,False
-3.3712374581939804,-0.01830101199620359,1.02,False,False
-3.347826086956522,-0.01828400413367421,1.02,False,False
-3.324414715719064,-0.018266052073895873,1.02,False,False
-3.3010033444816056,-0.018247103399438504,1.02,False,False
-3.2775919732441476,-0.01822710278290063,1.02,False,False
-3.2541806020066892,-0.01820599182536136,1.02,False,False
-3.230769230769231,-0.018183708885863927,1.02,False,False
-3.207357859531773,-0.018160188901432964,1.02,False,False
-3.1839464882943145,-0.01813536319709999,1.02,False,False
-3.1605351170568565,-0.0181091592853824,1.02,False,False
-3.137123745819398,-0.01808150065463043,1.02,False,False
-3.11371237458194,-0.01805230654562416,1.02,False,False
-3.0903010033444818,-0.018021491715768237,1.02,False,False
-3.066889632107024,-0.017988966190195747,1.02,False,False
-3.0434782608695654,-0.01795463499905456,1.02,False,False
-3.0200668896321075,-0.017918397900209045,1.02,False,False
-2.9966555183946495,-0.017880149086547458,1.02,False,False
-2.9732441471571907,-0.017839776877040407,1.02,False,False
-2.9498327759197327,-0.017797163390648327,1.02,False,False
-2.9264214046822747,-0.01775218420212582,1.02,False,False
-2.903010033444817,-0.017704707978717836,1.02,False,False
-2.879598662207358,-0.01765459609668695,1.02,False,False
-2.8561872909699,-0.017601702236552007,1.02,False,False
-2.832775919732442,-0.017545871955856294,1.02,False,False
-2.809364548494983,-0.017486942238217795,1.02,False,False
-2.7859531772575252,-0.01742474101734484,1.02,False,False
-2.7625418060200673,-0.0173590866746273,1.02,False,False
-2.7391304347826093,-0.017289787508836384,1.02,False,False
-2.7157190635451505,-0.01721664117638465,1.02,False,False
-2.6923076923076925,-0.017139434100511875,1.02,False,False
-2.6688963210702346,-0.017057940847671652,1.02,False,False
-2.6454849498327766,-0.01697192346929788,1.02,False,False
-2.6220735785953178,-0.016881130807029226,1.02,False,False
-2.59866220735786,-0.016785297759362855,1.02,False,False
-2.575250836120402,-0.016684144507596217,1.02,False,False
-2.551839464882944,-0.016577375698796703,1.02,False,False
-2.528428093645485,-0.016464679583413615,1.02,False,False
-2.505016722408027,-0.016345727105014373,1.02,False,False
-2.481605351170569,-0.01622017093948707,1.02,False,False
-2.4581939799331103,-0.016087644480904096,1.02,False,False
-2.4347826086956523,-0.015947760771085596,1.02,False,False
-2.4113712374581944,-0.0158001113697373,1.02,False,False
-2.3879598662207364,-0.015644265161863652,1.02,False,False
-2.3645484949832776,-0.015479767098974103,1.02,False,False
-2.3411371237458196,-0.015306136870407031,1.02,False,False
-2.3177257525083617,-0.015122867500891741,1.02,False,False
-2.2943143812709037,-0.014929423870253672,1.02,False,False
-2.270903010033445,-0.014725241150940517,1.02,False,False
-2.247491638795987,-0.014509723158807119,1.02,False,False
-2.224080267558529,-0.014282240612343549,1.02,False,False
-2.200668896321071,-0.01404212929526372,1.02,False,False
-2.177257525083612,-0.01378868811708944,1.02,False,False
-2.153846153846154,-0.013521177066067189,1.02,False,False
-2.1304347826086962,-0.013238815048440268,1.02,False,False
-2.1070234113712374,-0.012940777607767535,1.02,False,False
-2.0836120401337794,-0.012626194517629273,1.02,False,False
-2.0602006688963215,-0.012294147240691323,1.02,False,False
-2.0367892976588635,-0.011943666246708293,1.02,False,False
-2.0133779264214047,-0.011573728181634832,1.02,False,False
-1.9899665551839467,-0.011183252879579195,1.02,False,False
-1.9665551839464888,-0.010771100208874238,1.02,False,False
-1.9431438127090308,-0.010336066743057188,1.02,False,False
-1.919732441471572,-0.009876882247037543,1.02,False,False
-1.896321070234114,-0.009392205968193594,1.02,False,False
-1.872909698996656,-0.008880622721567635,1.02,False,False
-1.849498327759198,-0.00834063875772976,1.02,False,False
-1.8260869565217392,-0.007770677401244465,1.02,False,False
-1.8026755852842813,-0.007169074447005512,1.02,False,False
-1.7792642140468233,-0.0065340733009964305,1.02,False,False
-1.7558528428093645,-0.00586381985128895,1.02,False,False
-1.7324414715719065,-0.0051563570543032115,1.02,False,False
-1.7090301003344486,-0.004409619220522066,1.02,False,False
-1.6856187290969906,-0.003621425982975192,1.02,False,False
-1.6622073578595318,-0.002789475930881361,1.02,False,False
-1.6387959866220738,-0.001911339889860461,1.02,False,False
-1.6153846153846159,-0.0009844538290937552,1.02,False,False
-1.591973244147158,-6.111374723220819e-06,1.02,False,False
-1.568561872909699,0.0010265440923706015,1.02,False,False
-1.545150501672241,0.0021165277774850277,1.02,False,False
-1.5217391304347831,0.0032670222760608283,1.02,False,False
-1.4983277591973252,0.004481386866402575,1.02,False,False
-1.4749163879598663,0.005763167318287812,1.02,False,False
-1.4515050167224084,0.007116106246104054,1.02,False,False
-1.4280936454849504,0.008544154036744338,1.02,False,False
-1.4046822742474925,0.01005148038416807,1.02,False,False
-1.3812709030100336,0.011642486464307114,1.02,False,False
-1.3578595317725757,0.01332181778586575,1.02,False,False
-1.3344481605351177,0.015094377754537574,1.02,False,False
-1.3110367892976589,0.016965341990244107,1.02,False,False
-1.287625418060201,0.0189401734391996,1.02,False,False
-1.264214046822743,0.021024638324927913,1.02,False,False
-1.240802675585285,0.023224822984804796,1.02,False,False
-1.2173913043478262,0.025547151641287038,1.02,False,False
-1.1939799331103682,0.02799840515971667,1.02,False,False
-1.1705685618729103,0.0305857408474722,1.02,False,False
-1.1471571906354523,0.033316713352275415,1.02,False,False
-1.1237458193979935,0.036199296720675234,1.02,False,False
-1.1003344481605355,0.03924190768111527,1.02,False,False
-1.0769230769230775,0.04245343021956979,1.02,False,False
-1.0535117056856196,0.04584324151950335,1.02,False,False
-1.0301003344481607,0.04942123934189677,1.02,False,False
-1.0066889632107028,0.05319787092528376,1.02,False,False
-0.9832775919732448,0.0571841634901841,1.02,False,False
-0.959866220735786,0.06139175643699983,1.02,False,False
-0.936454849498328,0.06583293533138801,1.02,False,False
-0.9130434782608701,0.07052066777634483,1.02,False,False
-0.8896321070234121,0.07546864127573899,1.02,False,False
-0.8662207357859533,0.08069130319985247,1.02,False,False
-0.8428093645484953,0.08620390296962137,1.02,False,False
-0.8193979933110374,0.09202253658275067,1.02,False,False
-0.7959866220735794,0.0981641936117095,1.02,False,False
-0.7725752508361206,0.10464680681083736,1.02,False,False
-0.7491638795986626,0.11148930447740402,1.02,False,False
-0.7257525083612046,0.11871166571951405,1.02,False,False
-0.7023411371237467,0.12633497879222516,1.02,False,False
-0.6789297658862878,0.13438150267221766,1.02,False,False
-0.6555183946488299,0.1428747320508005,1.02,False,False
-0.6321070234113719,0.1518394659350293,1.02,False,False
-0.6086956521739131,0.16130188005723609,1.02,False,False
-0.5852842809364551,0.17128960330439783,1.02,False,False
-0.5618729096989972,0.18183179839051142,1.02,False,False
-0.5384615384615392,0.19295924700751815,1.02,False,False
-0.5150501672240804,0.20470443970341404,1.02,False,False
-0.4916387959866224,0.2171016707499703,1.02,False,False
-0.46822742474916446,0.23018713827707263,1.02,False,False
-0.4448160535117065,0.24399904996604707,1.02,False,False
-0.42140468227424766,0.2585777346105906,1.02,False,False
-0.3979933110367897,0.27396575987103955,1.02,False,False
-0.37458193979933174,0.2902080565658139,1.02,False,False
-0.3511705685618738,0.3073520498629356,1.02,False,False
-0.32775919732441494,0.3254477977546933,1.02,False,False
-0.304347826086957,0.34454813721977023,1.02,False,False
-0.28093645484949903,0.36470883849961955,1.02,False,False
-0.2575250836120411,0.3859887679395374,1.02,False,False
-0.23411371237458223,0.40845005986991845,1.02,False,False
-0.21070234113712427,0.4321582980295516,1.02,False,False
-0.18729096989966632,0.4571827070607008,1.02,False,False
-0.16387959866220747,0.4835963546350922,1.02,False,False
-0.14046822742474951,0.511476364800993,1.02,False,False
-0.11705685618729156,0.5409041431743352,1.02,False,False
-0.0936454849498336,0.5719656146313908,1.02,False,False
-0.07023411371237476,0.6047514741970426,1.02,False,False
-0.0468227424749168,0.6393574518611943,1.02,False,False
-0.023411371237458845,0.6758845920965675,1.02,False,False
0.0,0.7144395488940113,1.02,False,False
0.0,1.9571166392082022,0.9,True,False
-0.030605195572354707,1.8892768259034114,0.9,True,False
-0.061210391144709414,1.823792402009622,0.9,True,False
-0.09181558671706412,1.7605815887157317,0.9,True,False
-0.12242078228941883,1.6995654465602226,0.9,True,False
-0.15302597786177352,1.640667776849317,0.9,True,False
-0.18363117343412824,1.58381502649788,0.9,True,False
-0.21423636900648296,1.5289361961742365,0.9,True,False
-0.24484156457883766,1.4759627516341844,0.9,True,False
-0.27544676015119235,1.4248285381334826,0.9,True,False
-0.30605195572354704,1.3754696978119243,0.9,True,False
-0.3366571512959018,1.3278245899458252,0.9,True,False
-0.3672623468682565,1.2818337139693337,0.9,True,False
-0.3978675424406112,1.237439635168433,0.9,True,False
-0.4284727380129659,1.194586912954836,0.9,True,False
-0.4590779335853206,1.1532220316302022,0.9,True,False
-0.4896831291576753,1.1132933335542108,0.9,True,False
-0.5202883247300301,1.0747509546330307,0.9,True,False
-0.5508935203023847,1.037546762047622,0.9,True,False
-0.5814987158747394,1.001634294144102,0.9,True,False
-0.6121039114470941,0.9669687024111112,0.9,True,False
-0.6427091070194488,0.9335066954717154,0.9,True,False
-0.6733143025918036,0.901206485019904,0.9,True,False
-0.7039194981641582,0.8700277336341651,0.9,True,False
-0.734524693736513,0.8399315044029649,0.9,True,False
-0.7651298893088677,0.8108802122992261,0.9,True,False
-0.7957350848812224,0.7828375772430773,0.9,True,False
-0.8263402804535771,0.7557685787942563,0.9,True,False
-0.8569454760259319,0.7296394124175889,0.9,True,False
-0.8875506715982865,0.7044174472669241,0.9,True,False
-0.9181558671706412,0.6800711854348048,0.9,True,False
-0.9487610627429959,0.6565702226169858,0.9,True,False
-0.9793662583153506,0.6338852101426727,0.9,True,False
-1.0099714538877054,0.6119878183230683,0.9,True,False
-1.0405766494600601,0.5908507010724503,0.9,True,False
-1.0711818450324146,0.5704474617576035,0.9,True,False
-1.1017870406047694,0.550752620232951,0.9,True,False
-1.1323922361771241,0.5317415810202254,0.9,True,False
-1.162997431749479,0.5133906025929358,0.9,True,False
-1.1936026273218336,0.4956767677272736,0.9,True,False
-1.2242078228941882,0.47857795488243204,0.9,True,False
-1.254813018466543,0.4620728105745968,0.9,True,False
-1.2854182140388977,0.44614072271010774,0.9,True,False
-1.3160234096112524,0.43076179484449084,0.9,True,False
-1.3466286051836072,0.4159168213352115,0.9,True,False
-1.377233800755962,0.4015872633571227,0.9,True,False
-1.4078389963283164,0.38775522575065235,0.9,True,False
-1.4384441919006712,0.3744034346738189,0.9,True,False
-1.469049387473026,0.36151521603016695,0.9,True,False
-1.4996545830453807,0.3490744746456805,0.9,True,False
-1.5302597786177354,0.3370656741686722,0.9,True,False
-1.56086497419009,0.32547381766754574,0.9,True,False
-1.5914701697624447,0.31428442890220043,0.9,True,False
-1.6220753653347995,0.30348353424569147,0.9,True,False
-1.6526805609071542,0.2930576452335669,0.9,True,False
-1.683285756479509,0.28299374171908964,0.9,True,False
-1.7138909520518637,0.2732792556133078,0.9,True,False
-1.7444961476242182,0.2639020551896678,0.9,True,False
-1.775101343196573,0.254850429933569,0.9,True,False
-1.8057065387689277,0.24611307591794054,0.9,True,False
-1.8363117343412825,0.23767908168657492,0.9,True,False
-1.8669169299136372,0.229537914627592,0.9,True,False
-1.8975221254859918,0.22167940782001289,0.9,True,False
-1.9281273210583465,0.2140937473370203,0.9,True,False
-1.9587325166307012,0.20677145999004776,0.9,True,False
-1.989337712203056,0.19970340149839172,0.9,True,False
-2.0199429077754107,0.1928807450695744,0.9,True,False
-2.0505481033477655,0.18629497037619364,0.9,True,False
-2.0811532989201202,0.17993785291549633,0.9,True,False
-2.111758494492475,0.17380145373838488,0.9,True,False
-2.1423636900648293,0.1678781095350321,0.9,True,False
-2.172968885637184,0.16216042306472184,0.9,True,False
-2.203574081209539,0.15664125391796438,0.9,True,False
-2.2341792767818935,0.15131370959935023,0.9,True,False
-2.2647844723542483,0.1461711369200052,0.9,True,False
-2.295389667926603,0.14120711368889963,0.9,True,False
-2.325994863498958,0.1364154406926329,0.9,True,False
-2.3566000590713125,0.1317901339536801,0.9,True,False
-2.3872052546436673,0.12732541725743,0.9,True,False
-2.417810450216022,0.12301571493868448,0.9,True,False
-2.4484156457883763,0.11885564491860899,0.9,True,False
-2.479020841360731,0.1148400119834395,0.9,True,False
-2.509626036933086,0.11096380129655171,0.9,True,False
-2.5402312325054406,0.10722217213579054,0.9,True,False
-2.5708364280777953,0.10361045184823864,0.9,True,False
-2.60144162365015,0.10012413001487433,0.9,True,False
-2.632046819222505,0.09675885281783234,0.9,True,False
-2.6626520147948596,0.09351041760323184,0.9,True,False
-2.6932572103672143,0.09037476763278321,0.9,True,False
-2.723862405939569,0.08734798701761738,0.9,True,False
-2.754467601511924,0.08442629582801287,0.9,True,False
-2.785072797084278,0.08160604537291175,0.9,True,False
-2.815677992656633,0.07888371364333058,0.9,True,False
-2.8462831882289876,0.07625590091397538,0.9,True,False
-2.8768883838013424,0.07371932549756814,0.9,True,False
-2.907493579373697,0.07127081964658212,0.9,True,False
-2.938098774946052,0.06890732559726895,0.9,True,False
-2.9687039705184066,0.06662589175103598,0.9,True,False
-2.9993091660907614,0.06442366898840632,0.9,True,False
-3.029914361663116,0.06229790711095713,0.9,True,False
-3.060519557235471,0.06024595140679384,0.9,True,False
-3.0911247528078256,0.05826523933527018,0.9,True,False
-3.12172994838018,0.05635329732681483,0.9,True,False
-3.1523351439525347,0.054507737693867055,0.9,True,False
-3.1829403395248894,0.05272625564906483,0.9,True,False
-3.213545535097244,0.051006626426960765,0.9,True,False
-3.244150730669599,0.049346702505671615,0.9,True,False
-3.2747559262419537,0.04774441092499208,0.9,True,False
-3.3053611218143084,0.0461977506976229,0.9,True,False
-3.335966317386663,0.04470479031028124,0.9,True,False
-3.366571512959018,0.04326366531157174,0.9,True,False
-3.3971767085313727,0.0418725759836068,0.9,True,False
-3.4277819041037274,0.0405297850944675,0.9,True,False
-3.4583870996760817,0.03923361572869915,0.9,True,False
-3.4889922952484365,0.037982449193131367,0.9,True,False
-3.519597490820791,0.0367747229954082,0.9,True,False
-3.550202686393146,0.03560892889270309,0.9,True,False
-3.5808078819655007,0.0344836110081825,0.9,True,False
-3.6114130775378555,0.0333973640128653,0.9,True,False
-3.64201827311021,0.0323488313706081,0.9,True,False
-3.672623468682565,0.03133670364402431,0.9,True,False
-3.7032286642549197,0.03035971685922152,0.9,True,False
-3.7338338598272744,0.02941665092731486,0.9,True,False
-3.7644390553996288,0.02850632812074537,0.9,True,False
-3.7950442509719835,0.02762761160250031,0.9,True,False
-3.8256494465443383,0.026779404006398763,0.9,True,False
-3.856254642116693,0.025960646066669518,0.9,True,False
-3.8868598376890477,0.02517031529510992,0.9,True,False
-3.9174650332614025,0.024407424704173408,0.9,True,False
-3.9480702288337572,0.023671021574391476,0.9,True,False
-3.978675424406112,0.022960186264590447,0.9,True,False
-4.009280619978466,0.022274031063417542,0.9,True,False
-4.0398858155508215,0.021611699080741457,0.9,True,False
-4.070491011123176,0.02097236317754388,0.9,True,False
-4.101096206695531,0.02035522493296452,0.9,True,False
-4.131701402267885,0.019759513647210618,0.9,True,False
-4.1623065978402405,0.01918448537908491,0.9,True,False
-4.192911793412595,0.018629422016930942,0.9,True,False
-4.22351698898495,0.018093630381834633,0.9,True,False
-4.254122184557304,0.017576441361962795,0.9,True,False
-4.284727380129659,0.01707720907695724,0.9,True,False
-4.315332575702014,0.016595310071341,0.9,True,False
-4.345937771274368,0.016130142535929475,0.9,True,False
-4.376542966846723,0.015681125556273837,0.9,True,False
-4.407148162419078,0.01524769838719875,0.9,True,False
-4.437753357991433,0.014829319752527673,0.9,True,False
-4.468358553563787,0.014425467169121915,0.9,True,False
-4.498963749136142,0.014035636294388677,0.9,True,False
-4.529568944708497,0.013659340296443848,0.9,True,False
-4.560174140280852,0.01329610924614235,0.9,True,False
-4.590779335853206,0.012945489530217385,0.9,True,False
-4.62138453142556,0.012607043284795161,0.9,True,False
-4.651989726997916,0.012280347848578128,0.9,True,False
-4.68259492257027,0.011964995235013504,0.9,True,False
-4.713200118142625,0.011660591622788017,0.9,True,False
-4.743805313714979,0.011366756864012721,0.9,True,False
-4.774410509287335,0.011083124009483442,0.9,True,False
-4.805015704859689,0.010809338850424222,0.9,True,False
-4.835620900432044,0.010545059476141254,0.9,True,False
-4.866226096004398,0.010289955847035178,0.9,True,False
-4.896831291576753,0.01004370938243816,0.9,True,False
-4.927436487149108,0.009806012562761339,0.9,True,False
-4.958041682721462,0.009576568545455598,0.9,True,False
-4.988646878293817,0.00935509079430615,0.9,True,False
-5.019252073866172,0.009141302721597985,0.9,True,False
-5.049857269438527,0.008934937342705207,0.9,True,False
-5.080462465010881,0.008735736942673114,0.9,True,False
-5.111067660583236,0.00854345275437637,0.9,True,False
-5.141672856155591,0.008357844647851593,0.9,True,False
-5.172278051727946,0.00817868083041617,0.9,True,False
-5.2028832473003,0.008005737557199025,0.9,True,False
-5.2334884428726545,0.007838798851721618,0.9,True,False
-5.26409363844501,0.0076776562361803805,0.9,True,False
-5.294698834017364,0.0075221084710937235,0.9,True,False
-5.325304029589719,0.007371961303988427,0.9,True,False
-5.3559092251620735,0.0072270272268116515,0.9,True,False
-5.386514420734429,0.0070871252417655205,0.9,True,False
-5.417119616306783,0.0069520806352719395,0.9,True,False
-5.447724811879138,0.006821724759785304,0.9,True,False
-5.4783300074514925,0.006695894823180662,0.9,True,False
-5.508935203023848,0.006574433685454252,0.9,True,False
-5.539540398596202,0.0064571896624826194,0.9,True,False
-5.570145594168556,0.006344016336595159,0.9,True,False
-5.6007507897409115,0.006234772373723565,0.9,True,False
-5.631355985313266,0.006129321346899827,0.9,True,False
-5.661961180885621,0.006027531565882349,0.9,True,False
-5.692566376457975,0.005929275912697443,0.9,True,False
-5.7231715720303304,0.005834431682890767,0.9,True,False
-5.753776767602685,0.005742880432290527,0.9,True,False
-5.78438196317504,0.005654507829091021,0.9,True,False
-5.814987158747394,0.005569203511071838,0.9,True,False
-5.845592354319749,0.00548686094777436,0.9,True,False
-5.876197549892104,0.005407377307463509,0.9,True,False
-5.906802745464458,0.005330653328708549,0.9,True,False
-5.937407941036813,0.005256593196422583,0.9,True,False
-5.9680131366091675,0.005185104422205959,0.9,True,False
-5.998618332181523,0.005116097728844107,0.9,True,False
-6.029223527753877,0.0050494869388156335,0.9,True,False
-6.059828723326232,0.004985188866671371,0.9,True,False
-6.0904339188985865,0.004923123215150026,0.9,True,False
-6.121039114470942,0.00486321247490067,0.9,True,False
-6.151644310043296,0.00480538182768687,0.9,True,False
-6.182249505615651,0.00474955905295153,0.9,True,False
-6.2128547011880055,0.004695674437625825,0.9,True,False
-6.24345989676036,0.004643660689069516,0.9,True,False
-6.274065092332715,0.0045934528510340016,0.9,True,False
-6.304670287905069,0.0045449882225431105,0.9,True,False
-6.3352754834774245,0.004498206279590319,0.9,True,False
-6.365880679049779,0.004453048599554674,0.9,True,False
-6.396485874622134,0.004409458788240947,0.9,True,False
-6.427091070194488,0.004367382409452967,0.9,True,False
-6.4576962657668435,0.004326766917012138,0.9,True,False
-6.488301461339198,0.0042875615891362975,0.9,True,False
-6.518906656911553,0.004249717465096892,0.9,True,False
-6.549511852483907,0.0042131872840754404,0.9,True,False
-6.580117048056262,0.00417792542614287,0.9,True,False
-6.610722243628617,0.004143887855288058,0.9,True,False
-6.641327439200971,0.004111032064424407,0.9,True,False
-6.671932634773326,0.004079317022305781,0.9,True,False
-6.702537830345681,0.00404870312228553,0.9,True,False
-6.733143025918036,0.004019152132854568,0.9,True,False
-6.76374822149039,0.003990627149896791,0.9,True,False
-6.794353417062745,0.003963092550602156,0.9,True,False
-6.8249586126351,0.003936513948979912,0.9,True,False
-6.855563808207455,0.003910858152916388,0.9,True,False
-6.886169003779809,0.0038860931227237463,0.9,True,False
-6.916774199352163,0.003862187931127899,0.9,True,False
-6.947379394924519,0.003839112724645659,0.9,True,False
-6.977984590496873,0.003816838686302852,0.9,True,False
-7.008589786069228,0.0037953379996468655,0.9,True,False
-7.039194981641582,0.003774583814008672,0.9,True,False
-7.069800177213938,0.00375455021097094,0.9,True,False
-7.100405372786292,0.003735212172000393,0.9,True,False
-7.131010568358647,0.0037165455472039405,0.9,True,False
-7.161615763931001,0.0036985270251696104,0.9,True,False
-7.192220959503356,0.0036811341038545937,0.9,True,False
-7.222826155075711,0.003664345062484053,0.9,True,False
-7.253431350648065,0.0036481389344256016,0.9,True,False
-7.28403654622042,0.0036324954810055773,0.9,True,False
-7.314641741792775,0.003617395166234409,0.9,True,False
-7.34524693736513,0.0036028191324095184,0.9,True,False
-7.375852132937484,0.003588749176565287,0.9,True,False
-7.406457328509839,0.003575167727740671,0.9,True,False
-7.437062524082194,0.0035620578250360867,0.9,True,False
-7.467667719654549,0.0035494030964321574,0.9,True,False
-7.498272915226903,0.0035371877383438706,0.9,True,False
-7.5288781107992575,0.003525396495884609,0.9,True,False
-7.559483306371613,0.003514014643815417,0.9,True,False
-7.590088501943967,0.003503027968155702,0.9,True,False
-7.620693697516322,0.00349242274843241,0.9,True,False
-7.6512988930886765,0.0034821857405455134,0.9,True,False
-7.681904088661032,0.0034723041602283938,0.9,True,False
-7.712509284233386,0.003462765667082496,0.9,True,False
-7.743114479805741,0.0034535583491662795,0.9,True,False
-7.7737196753780955,0.0034446707081192507,0.9,True,False
-7.804324870950451,0.0034360916448024836,0.9,True,False
-7.834930066522805,0.0034278104454376975,0.9,True,False
-7.865535262095159,0.0034198167682275874,0.9,True,False
-7.8961404576675145,0.0034121006304406926,0.9,True,False
-7.926745653239869,0.0034046523959446787,0.9,True,False
-7.957350848812224,0.0033974627631724597,0.9,True,False
-7.987956044384578,0.003390522753506139,0.9,True,False
-8.018561239956933,0.003383823700064253,0.9,True,False
-8.049166435529289,0.003377357236878325,0.9,True,False
-8.079771631101643,0.0033711152884452074,0.9,True,False
-8.110376826673997,0.0033650900596421587,0.9,True,False
-8.140982022246352,0.003359274025992077,0.9,True,False
-8.171587217818706,0.003353659924266718,0.9,True,False
-8.202192413391062,0.003348240743416167,0.9,True,False
-8.232797608963416,0.003343009715813243,0.9,True,False
-8.26340280453577,0.003337960308801891,0.9,True,False
-8.294008000108125,0.003333086216539018,0.9,True,False
-8.324613195680481,0.003328381352119574,0.9,True,False
-8.355218391252835,0.0033238398399750542,0.9,True,False
-8.38582358682519,0.00331945600853592,0.9,True,False
-8.416428782397544,0.003315224383148783,0.9,True,False
-8.4470339779699,0.0033111396792395017,0.9,True,False
-8.477639173542254,0.0033071967957136548,0.9,True,False
-8.508244369114609,0.0033033908085861492,0.9,True,False
-8.538849564686963,0.003299716964832009,0.9,True,False
-8.569454760259317,0.003296170676450659,0.9,True,False
-8.600059955831673,0.0032927475147363047,0.9,True,False
-8.630665151404028,0.003289443204747233,0.9,True,False
-8.661270346976382,0.0032862536199671473,0.9,True,False
-8.691875542548736,0.003283174777151853,0.9,True,False
-8.722480738121092,0.0032802028313548733,0.9,True,False
-8.753085933693447,0.003277334071125767,0.9,True,False
-8.7836911292658,0.003274564913875165,0.9,True,False
-8.814296324838155,0.003271891901400731,0.9,True,False
-8.84490152041051,0.0032693116955684596,0.9,True,False
-8.875506715982866,0.00326682107414392,0.9,True,False
-8.90611191155522,0.0032644169267682373,0.9,True,False
-8.936717107127574,0.003262096251073789,0.9,True,False
-8.967322302699928,0.0032598561489347614,0.9,True,False
-8.997927498272285,0.00325769382284789,0.9,True,False
-9.028532693844639,0.0032556065724388544,0.9,True,False
-9.059137889416993,0.0032535917910899784,0.9,True,False
-9.089743084989347,0.0032516469626850068,0.9,True,False
-9.120348280561704,0.003249769658466912,0.9,True,False
-9.150953476134058,0.0032479575340047914,0.9,True,False
0.0,2.8794098904687297,0.9,False,False
-0.05502967346972826,2.6985042676068924,0.9,False,False
-0.11005934693945651,2.52896738201127,0.9,False,False
-0.16508902040918477,2.3700847827710305,0.9,False,False
-0.22011869387891303,2.2211869175504466,0.9,False,False
-0.2751483673486413,2.081646311006592,0.9,False,False
-0.33017804081836954,1.9508749205250646,0.9,False,False
-0.3852077142880978,1.8283216581304542,0.9,False,False
-0.44023738775782606,1.713470068128558,0.9,False,False
-0.4952670612275543,1.605836150693621,0.9,False,False
-0.5502967346972826,1.504966322228908,0.9,False,False
-0.6053264081670109,1.4104355039052965,0.9,False,False
-0.6603560816367391,1.32184533032274,0.9,False,False
-0.7153857551064673,1.2388224707456612,0.9,False,False
-0.7704154285761956,1.161017055837743,0.9,False,False
-0.8254451020459239,1.0881012032661626,0.9,False,False
-0.8804747755156521,1.019767635961975,0.9,False,False
-0.9355044489853803,0.9557283872138105,0.9,False,False
-0.9905341224551086,0.8957135871379777,0.9,False,False
-1.045563795924837,0.8394703254109978,0.9,False,False
-1.1005934693945651,0.7867615854719744,0.9,False,False
-1.1556231428642934,0.7373652457033849,0.9,False,False
-1.2106528163340218,0.6910731433811383,0.9,False,False
-1.26568248980375,0.647690197449262,0.9,False,False
-1.3207121632734782,0.6070335864224679,0.9,False,False
-1.3757418367432064,0.5689319779521799,0.9,False,False
-1.4307715102129346,0.5332248068093025,0.9,False,False
-1.485801183682663,0.4997615982410611,0.9,False,False
-1.5408308571523912,0.4684013338504443,0.9,False,False
-1.5958605306221194,0.43901185732598613,0.9,False,False
-1.6508902040918478,0.41146931751754856,0.9,False,False
-1.705919877561576,0.38565764651115797,0.9,False,False
-1.7609495510313042,0.3614680705034272,0.9,False,False
-1.8159792245010324,0.3387986514143293,0.9,False,False
-1.8710088979707606,0.3175538573066146,0.9,False,False
-1.926038571440489,0.2976441598015627,0.9,False,False
-1.9810682449102173,0.278985656794526,0.9,False,False
-2.0360979183799457,0.2614997188803382,0.9,False,False
-2.091127591849674,0.24511265799857726,0.9,False,False
-2.146157265319402,0.22975541690231022,0.9,False,False
-2.2011869387891303,0.2153632781416997,0.9,False,False
-2.2562166122588585,0.20187559133609143,0.9,False,False
-2.3112462857285867,0.1892355175852696,0.9,False,False
-2.366275959198315,0.17738978994279622,0.9,False,False
-2.4213056326680436,0.1662884889420379,0.9,False,False
-2.4763353061377718,0.1558848322289156,0.9,False,False
-2.5313649796075,0.14613497741486264,0.9,False,False
-2.586394653077228,0.1369978373191872,0.9,False,False
-2.6414243265469564,0.12843490682224631,0.9,False,False
-2.6964540000166846,0.12041010059976724,0.9,False,False
-2.7514836734864128,0.11288960105450697,0.9,False,False
-2.806513346956141,0.10584171580441454,0.9,False,False
-2.861543020425869,0.09923674412673175,0.9,False,False
-2.916572693895598,0.09304685179521006,0.9,False,False
-2.971602367365326,0.08724595378299148,0.9,False,False
-3.026632040835054,0.08180960433684693,0.9,False,False
-3.0816617143047824,0.07671489395953193,0.9,False,False
-3.1366913877745106,0.07194035286612799,0.9,False,False
-3.191721061244239,0.06746586050752265,0.9,False,False
-3.246750734713967,0.06327256077974848,0.9,False,False
-3.3017804081836957,0.059342782561861034,0.9,False,False
-3.356810081653424,0.0556599652474928,0.9,False,False
-3.411839755123152,0.052208588956262285,0.9,False,False
-3.4668694285928803,0.04897410913094105,0.9,False,False
-3.5218991020626085,0.04594289524476109,0.9,False,False
-3.5769287755323367,0.04310217336056824,0.9,False,False
-3.631958449002065,0.040439972299757675,0.9,False,False
-3.686988122471793,0.037945073194140116,0.9,False,False
-3.7420177959415213,0.03560696220814411,0.9,False,False
-3.79704746941125,0.03341578623211925,0.9,False,False
-3.852077142880978,0.031362311360025784,0.9,False,False
-3.9071068163507063,0.02943788397653048,0.9,False,False
-3.9621364898204345,0.027634394289524414,0.9,False,False
-4.017166163290163,0.025944242154384047,0.9,False,False
-4.072195836759891,0.02436030504595416,0.9,False,False
-4.12722551022962,0.022875908043282628,0.9,False,False
-4.182255183699348,0.02148479570061867,0.9,False,False
-4.237284857169076,0.020181105686135285,0.9,False,False
-4.292314530638804,0.018959344077285643,0.9,False,False
-4.347344204108532,0.017814362208685226,0.9,False,False
-4.402373877578261,0.01674133497495341,0.9,False,False
-4.457403551047989,0.015735740497079643,0.9,False,False
-4.512433224517717,0.014793341066625887,0.9,False,False
-4.567462897987445,0.013910165287461532,0.9,False,False
-4.622492571457173,0.013082491339773539,0.9,False,False
-4.677522244926902,0.012306831295824404,0.9,False,False
-4.73255191839663,0.011579916421362316,0.9,False,False
-4.787581591866358,0.010898683400741623,0.9,False,False
-4.842611265336087,0.010260261427704684,0.9,False,False
-4.897640938805815,0.009661960107423685,0.9,False,False
-4.9526706122755435,0.009101258118820163,0.9,False,False
-5.007700285745272,0.008575792589383789,0.9,False,False
-5.062729959215,0.008083349137714323,0.9,False,False
-5.117759632684728,0.007621852541824862,0.9,False,False
-5.172789306154456,0.007189357993881294,0.9,False,False
-5.2278189796241845,0.006784042904524239,0.9,False,False
-5.282848653093913,0.006404199222235891,0.9,False,False
-5.337878326563641,0.006048226235384504,0.9,False,False
-5.392908000033369,0.0057146238266133405,0.9,False,False
-5.447937673503097,0.005401986151147306,0.9,False,False
-5.5029673469728255,0.00510899571237666,0.9,False,False
-5.557997020442554,0.00483441780975167,0.9,False,False
-5.613026693912282,0.0045770953355908145,0.9,False,False
-5.66805636738201,0.004335943898875609,0.9,False,False
-5.723086040851738,0.004109947255483098,0.9,False,False
-5.778115714321467,0.0038981530255984215,0.9,False,False
-5.833145387791196,0.0036996686802599986,0.9,False,False
-5.888175061260924,0.003513657780124177,0.9,False,False
-5.943204734730652,0.0033393364505989453,0.9,False,False
-5.99823440820038,0.0031759700784924935,0.9,False,False
-6.053264081670108,0.003022870216255841,0.9,False,False
-6.108293755139837,0.0028793916807735897,0.9,False,False
-6.163323428609565,0.002744929834476751,0.9,False,False
-6.218353102079293,0.0026189180373198807,0.9,False,False
-6.273382775549021,0.0025008252588848007,0.9,False,False
-6.328412449018749,0.002390153840548024,0.9,False,False
-6.383442122488478,0.0022864373982813455,0.9,False,False
-6.438471795958206,0.002189238857247715,0.9,False,False
-6.493501469427934,0.002098148609909933,0.9,False,False
-6.548531142897662,0.0020127827898901943,0.9,False,False
-6.603560816367391,0.0019327816543062743,0.9,False,False
-6.6585904898371195,0.0018578080677673467,0.9,False,False
-6.713620163306848,0.001787546081640739,0.9,False,False
-6.768649836776576,0.0017216996026025197,0.9,False,False
-6.823679510246304,0.0016599911448609767,0.9,False,False
-6.878709183716032,0.0016021606607947068,0.9,False,False
-6.9337388571857606,0.0015479644450774618,0.9,False,False
-6.988768530655489,0.0014971741076716004,0.9,False,False
-7.043798204125217,0.0014495756113621907,0.9,False,False
-7.098827877594945,0.0014049683697758136,0.9,False,False
-7.153857551064673,0.001363164402082991,0.9,False,False
-7.208887224534402,0.0013239875408220577,0.9,False,False
-7.26391689800413,0.0012872726895061146,0.9,False,False
-7.318946571473858,0.0012528651268845525,0.9,False,False
-7.373976244943586,0.0012206198549271903,0.9,False,False
-7.429005918413314,0.0011904009877833524,0.9,False,False
-7.484035591883043,0.0011620811791408813,0.9,False,False
-7.539065265352772,0.0011355410855718976,0.9,False,False
-7.5940949388225,0.00111066886360377,0.9,False,False
-7.649124612292228,0.0010873596983958995,0.9,False,False
-7.704154285761956,0.0010655153620360823,0.9,False,False
-7.7591839592316845,0.0010450437995950684,0.9,False,False
-7.814213632701413,0.0010258587411948854,0.9,False,False
-7.869243306171141,0.0010078793384561365,0.9,False,False
-7.924272979640869,0.000991029823792212,0.9,False,False
-7.979302653110597,0.0009752391911146353,0.9,False,False
-8.034332326580326,0.0009604408966039918,0.9,False,False
-8.089362000050054,0.0009465725782854547,0.9,False,False
-8.144391673519783,0.0009335757932271523,0.9,False,False
-8.19942134698951,0.0009213957712539101,0.9,False,False
-8.25445102045924,0.0009099811841384681,0.9,False,False
-8.309480693928966,0.0008992839292975285,0.9,False,False
-8.364510367398696,0.0008892589270810928,0.9,False,False
-8.419540040868423,0.0008798639308008406,0.9,False,False
-8.474569714338152,0.0008710593486969834,0.9,False,False
-8.52959938780788,0.0008628080770933423,0.9,False,False
-8.584629061277608,0.0008550753440375363,0.9,False,False
-8.639658734747336,0.0008478285627673658,0.9,False,False
-8.694688408217065,0.0008410371943858771,0.9,False,False
-8.749718081686792,0.0008346726191664021,0.9,False,False
-8.804747755156521,0.0008287080159452352,0.9,False,False
-8.85977742862625,0.0008231182490936955,0.9,False,False
-8.914807102095978,0.0008178797625932543,0.9,False,False
-8.969836775565707,0.0008129704807673496,0.9,False,False
-9.024866449035434,0.0008083697152515609,0.9,False,False
-9.079896122505163,0.0008040580778100961,0.9,False,False
-9.13492579597489,0.0008000173986311983,0.9,False,False
-9.18995546944462,0.000796230649757148,0.9,False,False
-9.244985142914347,0.0007926818733261936,0.9,False,False
-9.300014816384076,0.0007893561143240057,0.9,False,False
-9.355044489853803,0.0007862393575612644,0.9,False,False
-9.410074163323532,0.0007833184686117938,0.9,False,False
-9.46510383679326,0.0007805811384623484,0.9,False,False
-9.520133510262989,0.0007780158316407997,0.9,False,False
-9.575163183732716,0.0007756117376041278,0.9,False,False
-9.630192857202445,0.0007733587251813593,0.9,False,False
-9.685222530672174,0.0007712472998794707,0.9,False,False
-9.740252204141902,0.0007692685638723353,0.9,False,False
-9.79528187761163,0.0007674141785041044,0.9,False,False
-9.850311551081358,0.0007656763291490071,0.9,False,False
-9.905341224551087,0.0007640476922794797,0.9,False,False
-9.960370898020814,0.0007625214046038517,0.9,False,False
-10.015400571490543,0.0007610910341435227,0.9,False,False
-10.07043024496027,0.0007597505531277539,0.9,False,False
-10.12545991843,0.0007584943125918416,0.9,False,False
-10.180489591899727,0.0007573170185716318,0.9,False,False
-10.235519265369456,0.0007562137097940537,0.9,False,False
-10.290548938839184,0.0007551797367696565,0.9,False,False
-10.345578612308913,0.0007542107421990451,0.9,False,False
-10.40060828577864,0.0007533026426106426,0.9,False,False
-10.455637959248369,0.0007524516111524,0.9,False,False
-10.510667632718096,0.0007516540614649335,0.9,False,False
-10.565697306187825,0.0007509066325681321,0.9,False,False
-10.620726979657555,0.0007502061746975402,0.9,False,False
-10.675756653127282,0.0007495497360308339,0.9,False,False
-10.730786326597011,0.0007489345502484499,0.9,False,False
-10.785816000066738,0.0007483580248759482,0.9,False,False
-10.840845673536467,0.0007478177303589809,0.9,False,False
-10.895875347006195,0.0007473113898248285,0.9,False,False
-10.950905020475924,0.0007468368694873563,0.9,False,False
-11.005934693945651,0.0007463921696549567,0.9,False,False
-11.06096436741538,0.0007459754163035834,0.9,False,False
-11.115994040885107,0.0007455848531793662,0.9,False,False
-11.171023714354837,0.0007452188343975242,0.9,False,False
-11.226053387824564,0.0007448758175063887,0.9,False,False
-11.281083061294293,0.0007445543569873079,0.9,False,False
-11.33611273476402,0.0007442530981630394,0.9,False,False
-11.39114240823375,0.0007439707714889609,0.9,False,False
-11.446172081703477,0.0007437061872030407,0.9,False,False
-11.501201755173206,0.000743458230312023,0.9,False,False
-11.556231428642935,0.0007432258558926982,0.9,False,False
-11.611261102112662,0.0007430080846884581,0.9,False,False
-11.666290775582391,0.000742803998982579,0.9,False,False
-11.721320449052119,0.0007426127387308412,0.9,False,False
-11.776350122521848,0.0007424334979371891,0.9,False,False
-11.831379795991575,0.0007422655212571572,0.9,False,False
-11.886409469461304,0.0007421081008147475,0.9,False,False
-11.941439142931031,0.0007419605732193472,0.9,False,False
-11.99646881640076,0.0007418223167701117,0.9,False,False
-12.051498489870488,0.000741692748836036,0.9,False,False
-12.106528163340217,0.0007415713234006695,0.9,False,False
-12.161557836809944,0.0007414575287611305,0.9,False,False
-12.216587510279673,0.0007413508853717228,0.9,False,False
-12.2716171837494,0.0007412509438230659,0.9,False,False
-12.32664685721913,0.0007411572829482248,0.9,False,False
-12.381676530688859,0.0007410695080478568,0.9,False,False
-12.436706204158586,0.0007409872492268958,0.9,False,False
-12.491735877628315,0.0007409101598357652,0.9,False,False
-12.546765551098042,0.0007408379150095515,0.9,False,False
-12.601795224567772,0.0007407702102989796,0.9,False,False
-12.656824898037499,0.000740706760387424,0.9,False,False
-12.711854571507228,0.000740647297888546,0.9,False,False
-12.766884244976955,0.0007405915722194925,0.9,False,False
-12.821913918446684,0.0007405393485449067,0.9,False,False
-12.876943591916412,0.0007404904067873009,0.9,False,False
-12.93197326538614,0.0007404445406996205,0.9,False,False
-12.987002938855868,0.0007404015569960917,0.9,False,False
-13.042032612325597,0.0007403612745376896,0.9,False,False
-13.097062285795324,0.0007403235235687943,0.9,False,False
-13.152091959265054,0.0007402881450018186,0.9,False,False
-13.207121632734783,0.0007402549897467909,0.9,False,False
-13.26215130620451,0.0007402239180830715,0.9,False,False
-13.317180979674239,0.0007401947990705504,0.9,False,False
-13.372210653143966,0.0007401675099978485,0.9,False,False
-13.427240326613695,0.0007401419358651959,0.9,False,False
-13.482270000083423,0.0007401179688998073,0.9,False,False
-13.537299673553152,0.0007400955081017133,0.9,False,False
-13.59232934702288,0.0007400744588181333,0.9,False,False
-13.647359020492608,0.0007400547323445959,0.9,False,False
-13.702388693962336,0.0007400362455511262,0.9,False,False
-13.757418367432065,0.0007400189205319261,0.9,False,False
-13.812448040901792,0.0007400026842770679,0.9,False,False
-13.867477714371521,0.0007399874683648212,0.9,False,False
-13.922507387841248,0.0007399732086733146,0.9,False,False
-13.977537061310978,0.000739959845110318,0.9,False,False
-14.032566734780705,0.0007399473213600051,0.9,False,False
-14.087596408250434,0.000739935584645632,0.9,False,False
-14.142626081720163,0.0007399245855071283,0.9,False,False
-14.19765575518989,0.0007399142775926665,0.9,False,False
-14.25268542865962,0.0007399046174633282,0.9,False,False
-14.307715102129347,0.000739895564410048,0.9,False,False
-14.362744775599076,0.0007398870802820592,0.9,False,False
-14.417774449068803,0.0007398791293261216,0.9,False,False
-14.472804122538532,0.0007398716780358531,0.9,False,False
-14.52783379600826,0.0007398646950105285,0.9,False,False
-14.582863469477989,0.0007398581508227536,0.9,False,False
-14.637893142947716,0.0007398520178944533,0.9,False,False
-14.692922816417445,0.000739846270380655,0.9,False,False
-14.747952489887172,0.0007398408840605733,0.9,False,False
-14.802982163356901,0.0007398358362355416,0.9,False,False
-14.858011836826629,0.000739831105633356,0.9,False,False
-14.913041510296358,0.0007398266723186317,0.9,False,False
-14.968071183766085,0.0007398225176087927,0.9,False,False
-15.023100857235814,0.0007398186239953411,0.9,False,False
-15.078130530705543,0.0007398149750700735,0.9,False,False
-15.13316020417527,0.0007398115554559353,0.9,False,False
-15.188189877645,0.0007398083507422189,0.9,False,False
-15.243219551114727,0.0007398053474238362,0.9,False,False
-15.298249224584456,0.0007398025328444051,0.9,False,False
-15.353278898054183,0.000739799895142915,0.9,False,False
-15.408308571523913,0.000739797423203742,0.9,False,False
-15.46333824499364,0.0007397951066098067,0.9,False,False
-15.518367918463369,0.0007397929355986752,0.9,False,False
-15.573397591933096,0.0007397909010214189,0.9,False,False
-15.628427265402825,0.0007397889943040595,0.9,False,False
-15.683456938872553,0.000739787207411437,0.9,False,False
-15.738486612342282,0.0007397855328133493,0.9,False,False
-15.793516285812009,0.000739783963452818,0.9,False,False
-15.848545959281738,0.0007397824927163497,0.9,False,False
-15.903575632751467,0.0007397811144060661,0.9,False,False
-15.958605306221195,0.0007397798227135848,0.9,False,False
-16.013634979690924,0.0007397786121955426,0.9,False,False
-16.068664653160653,0.0007397774777506558,0.9,False,False
-16.12369432663038,0.0007397764145982234,0.9,False,False
-16.178724000100107,0.00073977541825798,0.9,False,False
-16.233753673569836,0.0007397744845312158,0.9,False,False
-16.288783347039566,0.0007397736094830826,0.9,False,False
-16.34381302050929,0.0007397727894260113,0.9,False,False
-16.39884269397902,0.0007397720209041727,0.9,False,False
-16.45387236744875,0.0007397713006789141,0.9,False,False
0.0,3.3441334907840283,0.8,True,False
-0.02455669524217425,3.2677680053414955,0.8,True,False
-0.0491133904843485,3.193149440427574,0.8,True,False
-0.07367008572652275,3.120237833861501,0.8,True,False
-0.098226780968697,3.0489941376288234,0.8,True,False
-0.12278347621087124,2.979380196969122,0.8,True,False
-0.1473401714530455,2.9113587299421257,0.8,True,False
-0.17189686669521975,2.8448933074612635,0.8,True,False
-0.196453561937394,2.779948333783964,0.8,True,False
-0.22101025717956824,2.7164890274482603,0.8,True,False
-0.24556695242174248,2.654481402645475,0.8,True,False
-0.2701236476639167,2.593892251019029,0.8,True,False
-0.294680342906091,2.534689123879615,0.8,True,False
-0.31923703814826526,2.4768403148272067,0.8,True,False
-0.3437937333904395,2.4203148427706123,0.8,True,False
-0.36835042863261375,2.3650824353354616,0.8,True,False
-0.392907123874788,2.311113512651753,0.8,True,False
-0.41746381911696223,2.25837917151227,0.8,True,False
-0.4420205143591365,2.2068511698933904,0.8,True,False
-0.4665772096013107,2.1565019118299884,0.8,True,False
-0.49113390484348496,2.107304432636342,0.8,True,False
-0.5156906000856593,2.059232384465117,0.8,True,False
-0.5402472953278334,2.012260022196706,0.8,True,False
-0.5648039905700077,1.9663621896513575,0.8,True,False
-0.589360685812182,1.9215143061167113,0.8,True,False
-0.6139173810543562,1.8776923531835332,0.8,True,False
-0.6384740762965305,1.8348728618825858,0.8,True,False
-0.6630307715387047,1.7930329001157579,0.8,True,False
-0.687587466780879,1.7521500603747147,0.8,True,False
-0.7121441620230532,1.7122024477404942,0.8,True,False
-0.7367008572652275,1.6731686681576234,0.8,True,False
-0.7612575525074017,1.6350278169764707,0.8,True,False
-0.785814247749576,1.5977594677577023,0.8,True,False
-0.8103709429917503,1.5613436613328473,0.8,True,False
-0.8349276382339245,1.5257608951151078,0.8,True,False
-0.8594843334760988,1.4909921126546946,0.8,True,False
-0.884041028718273,1.4570186934330918,0.8,True,False
-0.9085977239604472,1.423822442890787,0.8,True,False
-0.9331544192026214,1.3913855826831245,0.8,True,False
-0.9577111144447957,1.3596907411590604,0.8,True,False
-0.9822678096869699,1.3287209440577303,0.8,True,False
-1.0068245049291442,1.298459605417834,0.8,True,False
-1.0313812001713185,1.2688905186949775,0.8,True,False
-1.0559378954134928,1.2399978480822145,0.8,True,False
-1.0804945906556669,1.2117661200291354,0.8,True,False
-1.1050512858978412,1.1841802149549618,0.8,True,False
-1.1296079811400155,1.1572253591512165,0.8,True,False
-1.1541646763821898,1.1308871168696195,0.8,True,False
-1.178721371624364,1.105151382590986,0.8,True,False
-1.2032780668665382,1.0800043734709721,0.8,True,False
-1.2278347621087125,1.0554326219586372,0.8,True,False
-1.2523914573508867,1.0314229685838585,0.8,True,False
-1.276948152593061,1.0079625549097404,0.8,True,False
-1.3015048478352351,0.9850388166462418,0.8,True,False
-1.3260615430774094,0.9626394769213367,0.8,True,False
-1.3506182383195837,0.9407525397060992,0.8,True,False
-1.375174933561758,0.9193662833901994,0.8,True,False
-1.3997316288039323,0.8984692545043607,0.8,True,False
-1.4242883240461064,0.8780502615864215,0.8,True,False
-1.4488450192882807,0.8580983691877186,0.8,True,False
-1.473401714530455,0.8386028920165749,0.8,True,False
-1.4979584097726293,0.8195533892157634,0.8,True,False
-1.5225151050148034,0.800939658770876,0.8,True,False
-1.5470718002569777,0.7827517320466064,0.8,True,False
-1.571628495499152,0.7649798684480195,0.8,True,False
-1.5961851907413263,0.7476145502039493,0.8,True,False
-1.6207418859835006,0.7306464772697284,0.8,True,False
-1.6452985812256746,0.7140665623465253,0.8,True,False
-1.669855276467849,0.6978659260146141,0.8,True,False
-1.6944119717100232,0.6820358919779778,0.8,True,False
-1.7189686669521975,0.6665679824176932,0.8,True,False
-1.7435253621943716,0.6514539134516113,0.8,True,False
-1.768082057436546,0.6366855906979012,0.8,True,False
-1.7926387526787202,0.6222551049400815,0.8,True,False
-1.8171954479208945,0.6081547278912169,0.8,True,False
-1.8417521431630688,0.5943769080550131,0.8,True,False
-1.8663088384052429,0.5809142666815914,0.8,True,False
-1.8908655336474172,0.5677595938157783,0.8,True,False
-1.9154222288895915,0.5549058444357952,0.8,True,False
-1.9399789241317658,0.5423461346802757,0.8,True,False
-1.9645356193739398,0.530073738161596,0.8,True,False
-1.9890923146161141,0.5180820823635376,0.8,True,False
-2.0136490098582884,0.5063647451213592,0.8,True,False
-2.0382057051004625,0.49491545118238783,0.8,True,False
-2.062762400342637,0.48372806884528974,0.8,True,False
-2.087319095584811,0.4727966066762212,0.8,True,False
-2.1118757908269856,0.4621152103000984,0.8,True,False
-2.1364324860691597,0.45167815926527166,0.8,True,False
-2.1609891813113338,0.44147986397992073,0.8,True,False
-2.1855458765535083,0.431514862718533,0.8,True,False
-2.2101025717956824,0.4217778186968629,0.8,True,False
-2.234659267037857,0.41226351721380006,0.8,True,False
-2.259215962280031,0.4029668628586228,0.8,True,False
-2.283772657522205,0.3938828767821367,0.8,True,False
-2.3083293527643796,0.3850066940302369,0.8,True,False
-2.3328860480065536,0.3763335609384705,0.8,True,False
-2.357442743248728,0.3678588325861956,0.8,True,False
-2.3819994384909022,0.3595779703089833,0.8,True,False
-2.4065561337330763,0.35148653926792245,0.8,True,False
-2.431112828975251,0.34358020607452844,0.8,True,False
-2.455669524217425,0.335854736469987,0.8,True,False
-2.480226219459599,0.32830599305748265,0.8,True,False
-2.5047829147017735,0.32092993308640616,0.8,True,False
-2.5293396099439476,0.31372260628724735,0.8,True,False
-2.553896305186122,0.30668015275601684,0.8,True,False
-2.578453000428296,0.2997988008870651,0.8,True,False
-2.6030096956704702,0.2930748653531867,0.8,True,False
-2.6275663909126448,0.2865047451319345,0.8,True,False
-2.652123086154819,0.28008492157708137,0.8,True,False
-2.6766797813969934,0.273811956534199,0.8,True,False
-2.7012364766391674,0.2676824904993461,0.8,True,False
-2.7257931718813415,0.26169324081987483,0.8,True,False
-2.750349867123516,0.25584099993639847,0.8,True,False
-2.77490656236569,0.25012263366497345,0.8,True,False
-2.7994632576078646,0.24453507951857806,0.8,True,False
-2.8240199528500387,0.23907534506699002,0.8,True,False
-2.848576648092213,0.23374050633418078,0.8,True,False
-2.8731333433343873,0.22852770623237315,0.8,True,False
-2.8976900385765614,0.22343415303191927,0.8,True,False
-2.9222467338187355,0.2184571188661822,0.8,True,False
-2.94680342906091,0.2135939382706194,0.8,True,False
-2.971360124303084,0.20884200675528575,0.8,True,False
-2.9959168195452586,0.20419877940999157,0.8,True,False
-3.0204735147874326,0.19966176954136894,0.8,True,False
-3.0450302100296067,0.1952285473411162,0.8,True,False
-3.0695869052717812,0.190896738584707,0.8,True,False
-3.0941436005139553,0.1866640233598682,0.8,True,False
-3.11870029575613,0.18252813482414412,0.8,True,False
-3.143256990998304,0.1784868579908827,0.8,True,False
-3.167813686240478,0.17453802854299336,0.8,True,False
-3.1923703814826525,0.1706795316738406,0.8,True,False
-3.2169270767248266,0.16690930095465398,0.8,True,False
-3.241483771967001,0.16322531722784592,0.8,True,False
-3.266040467209175,0.15962560752564647,0.8,True,False
-3.2905971624513493,0.15610824401347487,0.8,True,False
-3.3151538576935238,0.15267134295748208,0.8,True,False
-3.339710552935698,0.14931306371571243,0.8,True,False
-3.3642672481778724,0.14603160775234214,0.8,True,False
-3.3888239434200464,0.1428252176744688,0.8,True,False
-3.4133806386622205,0.1396921762909345,0.8,True,False
-3.437937333904395,0.13663080569267924,0.8,True,False
-3.462494029146569,0.1336394663541323,0.8,True,False
-3.487050724388743,0.13071655625515965,0.8,True,False
-3.5116074196309177,0.12786051002309737,0.8,True,False
-3.536164114873092,0.1250697980944124,0.8,True,False
-3.5607208101152663,0.12234292589553997,0.8,True,False
-3.5852775053574404,0.11967843304246115,0.8,True,False
-3.6098342005996145,0.11707489255858955,0.8,True,False
-3.634390895841789,0.11453091011055026,0.8,True,False
-3.658947591083963,0.11204512326144107,0.8,True,False
-3.6835042863261376,0.10961620074117479,0.8,True,False
-3.7080609815683117,0.10724284173351473,0.8,True,False
-3.7326176768104857,0.10492377517941823,0.8,True,False
-3.7571743720526602,0.10265775909631766,0.8,True,False
-3.7817310672948343,0.10044357991297356,0.8,True,False
-3.806287762537009,0.09828005181954248,0.8,True,False
-3.830844457779183,0.09616601613251394,0.8,True,False
-3.855401153021357,0.09410034067417361,0.8,True,False
-3.8799578482635315,0.09208191916626267,0.8,True,False
-3.9045145435057056,0.09010967063750759,0.8,True,False
-3.9290712387478797,0.0881825388447025,0.8,True,False
-3.953627933990054,0.08629949170703556,0.8,True,False
-3.9781846292322283,0.08445952075335501,0.8,True,False
-4.002741324474402,0.08266164058207975,0.8,True,False
-4.027298019716577,0.08090488833346458,0.8,True,False
-4.051854714958751,0.07918832317393822,0.8,True,False
-4.076411410200925,0.0775110257922372,0.8,True,False
-4.1009681054430995,0.07587209790706585,0.8,True,False
-4.125524800685274,0.07427066178601974,0.8,True,False
-4.150081495927449,0.07270585977551326,0.8,True,False
-4.174638191169622,0.07117685384146108,0.8,True,False
-4.199194886411797,0.06968282512046638,0.8,True,False
-4.223751581653971,0.06822297348127655,0.8,True,False
-4.248308276896145,0.06679651709627063,0.8,True,False
-4.272864972138319,0.06540269202274913,0.8,True,False
-4.297421667380494,0.06404075179380261,0.8,True,False
-4.3219783626226675,0.0627099670185392,0.8,True,False
-4.346535057864842,0.06140962499145705,0.8,True,False
-4.371091753107017,0.060139029310753225,0.8,True,False
-4.39564844834919,0.058897499505363764,0.8,True,False
-4.420205143591365,0.05768437067053509,0.8,True,False
-4.444761838833539,0.05649899311173291,0.8,True,False
-4.469318534075714,0.05534073199669623,0.8,True,False
-4.493875229317887,0.05420896701545119,0.8,True,False
-4.518431924560062,0.0531030920481024,0.8,True,False
-4.5429886198022364,0.05202251484022367,0.8,True,False
-4.56754531504441,0.05096665668567454,0.8,True,False
-4.592102010286585,0.0499349521166725,0.8,True,False
-4.616658705528759,0.04892684860095526,0.8,True,False
-4.641215400770933,0.047941806245870626,0.8,True,False
-4.665772096013107,0.04697929750923515,0.8,True,False
-4.690328791255282,0.046038806916807784,0.8,True,False
-4.714885486497456,0.04511983078622606,0.8,True,False
-4.73944218173963,0.04422187695725761,0.8,True,False
-4.7639988769818045,0.04334446452822239,0.8,True,False
-4.788555572223979,0.042487123598444435,0.8,True,False
-4.813112267466153,0.04164939501659527,0.8,True,False
-4.837668962708327,0.04083083013479402,0.8,True,False
-4.862225657950502,0.04003099056833296,0.8,True,False
-4.886782353192675,0.039249447960899304,0.8,True,False
-4.91133904843485,0.038485783755167625,0.8,True,False
-4.935895743677024,0.03773958896864055,0.8,True,False
-4.960452438919198,0.037010463974616895,0.8,True,False
-4.9850091341613725,0.03629801828817051,0.8,True,False
-5.009565829403547,0.03560187035702499,0.8,True,False
-5.0341225246457215,0.03492164735721226,0.8,True,False
-5.058679219887895,0.034256984993405744,0.8,True,False
-5.08323591513007,0.03360752730382081,0.8,True,False
-5.107792610372244,0.03297292646957863,0.8,True,False
-5.132349305614418,0.03235284262843079,0.8,True,False
-5.156906000856592,0.03174694369274492,0.8,True,False
-5.181462696098767,0.031154905171654455,0.8,True,False
-5.2060193913409405,0.030576409997276562,0.8,True,False
-5.230576086583115,0.03001114835490553,0.8,True,False
-5.2551327818252895,0.02945881751709067,0.8,True,False
-5.279689477067463,0.028919121681509792,0.8,True,False
-5.304246172309638,0.028391771812551363,0.8,True,False
-5.328802867551812,0.027876485486520792,0.8,True,False
-5.353359562793987,0.02737298674038761,0.8,True,False
-5.37791625803616,0.026881005923992646,0.8,True,False
-5.402472953278335,0.0264002795556361,0.8,True,False
-5.427029648520509,0.025930550180969313,0.8,True,False
-5.451586343762683,0.025471566235114273,0.8,True,False
-5.4761430390048575,0.025023081907937367,0.8,True,False
-5.500699734247032,0.024584857012405082,0.8,True,False
-5.525256429489206,0.024156656855951173,0.8,True,False
-5.54981312473138,0.02373825211478636,0.8,True,False
-5.574369819973555,0.023329418711083388,0.8,True,False
-5.598926515215729,0.02292993769297154,0.8,True,False
-5.623483210457903,0.022539595117276278,0.8,True,False
-5.648039905700077,0.022158181934941387,0.8,True,False
-5.672596600942252,0.021785493879072238,0.8,True,False
-5.697153296184426,0.021421331355540023,0.8,True,False
-5.7217099914266,0.021065499336088585,0.8,True,False
-5.746266686668775,0.02071780725388648,0.8,True,False
-5.770823381910948,0.02037806890146839,0.8,True,False
-5.795380077153123,0.020046102331011166,0.8,True,False
-5.819936772395297,0.019721729756891203,0.8,True,False
-5.844493467637471,0.01940477746047086,0.8,True,False
-5.869050162879645,0.019095075697062886,0.8,True,False
-5.89360685812182,0.01879245860502326,0.8,True,False
-5.9181635533639945,0.018496764116923477,0.8,True,False
-5.942720248606168,0.018207833872754906,0.8,True,False
-5.967276943848343,0.01792551313511864,0.8,True,False
-5.991833639090517,0.017649650706355435,0.8,True,False
-6.016390334332691,0.017380098847571423,0.8,True,False
-6.040947029574865,0.017116713199516048,0.8,True,False
-6.06550372481704,0.0168593527052702,0.8,True,False
-6.090060420059213,0.016607879534702674,0.8,True,False
-6.114617115301388,0.01636215901065488,0.8,True,False
-6.1391738105435625,0.016122059536814164,0.8,True,False
-6.163730505785737,0.01588745252723698,0.8,True,False
-6.188287201027911,0.015658212337484392,0.8,True,False
-6.212843896270085,0.015434216197332748,0.8,True,False
-6.23740059151226,0.015215344145023839,0.8,True,False
-6.261957286754433,0.015001478963019003,0.8,True,False
-6.286513981996608,0.014792506115222918,0.8,True,False
-6.311070677238782,0.014588313685643547,0.8,True,False
-6.335627372480956,0.014388792318455166,0.8,True,False
-6.3601840677231305,0.014193835159432518,0.8,True,False
-6.384740762965305,0.014003337798724813,0.8,True,False
-6.409297458207479,0.013817198214938691,0.8,True,False
-6.433854153449653,0.013635316720500376,0.8,True,False
-6.458410848691828,0.013457595908267738,0.8,True,False
-6.482967543934002,0.013283940599363622,0.8,True,False
-6.507524239176176,0.013114257792202533,0.8,True,False
-6.53208093441835,0.012948456612683346,0.8,True,False
-6.556637629660525,0.0127864482655215,0.8,True,False
-6.5811943249026985,0.012628145986694372,0.8,True,False
-6.605751020144873,0.01247346499697457,0.8,True,False
-6.6303077153870476,0.01232232245652621,0.8,True,False
-6.654864410629221,0.012174637420539789,0.8,True,False
-6.679421105871396,0.01203033079588197,0.8,True,False
-6.70397780111357,0.011889325298737041,0.8,True,False
-6.728534496355745,0.011751545413217337,0.8,True,False
-6.753091191597918,0.011616917350920516,0.8,True,False
-6.777647886840093,0.011485369011411941,0.8,True,False
-6.802204582082267,0.01135682994361114,0.8,True,False
-6.826761277324441,0.01123123130806149,0.8,True,False
-6.851317972566616,0.011108505840063065,0.8,True,False
-6.87587466780879,0.01098858781364885,0.8,True,False
-6.900431363050964,0.01087141300638501,0.8,True,False
-6.924988058293138,0.010756918664976382,0.8,True,False
-6.949544753535313,0.010645043471658771,0.8,True,False
-6.974101448777486,0.010535727511360067,0.8,True,False
-6.998658144019661,0.010428912239612523,0.8,True,False
-7.023214839261835,0.010324540451199158,0.8,True,False
-7.04777153450401,0.010222556249517293,0.8,True,False
-7.072328229746184,0.010122905016642997,0.8,True,False
-7.096884924988358,0.010025533384080292,0.8,True,False
-7.121441620230533,0.009930389204179504,0.8,True,False
-7.145998315472706,0.00983742152220948,0.8,True,False
-7.170555010714881,0.009746580549068571,0.8,True,False
-7.195111705957055,0.009657817634620007,0.8,True,False
-7.219668401199229,0.009571085241637144,0.8,True,False
-7.2442250964414034,0.00948633692034477,0.8,True,False
-7.268781791683578,0.009403527283542821,0.8,True,False
-7.2933384869257525,0.009322611982299115,0.8,True,False
-7.317895182167926,0.009243547682198169,0.8,True,False
-7.342451877410101,0.009166292040133323,0.8,True,False
0.0,7.045600677871681,0.8,False,False
-0.12331979072212944,6.211992176661745,0.8,False,False
-0.24663958144425888,5.4770132346282585,0.8,False,False
-0.3699593721663883,4.828994357123288,0.8,False,False
-0.49327916288851775,4.257646742127715,0.8,False,False
-0.6165989536106472,3.7538989216660705,0.8,False,False
-0.7399187443327766,3.309752731221534,0.8,False,False
-0.8632385350549061,2.9181563203316228,0.8,False,False
-0.9865583257770355,2.572892188113405,0.8,False,False
-1.109878116499165,2.268478466022598,0.8,False,False
-1.2331979072212944,2.000081880481502,0.8,False,False
-1.356517697943424,1.7634410134557046,0.8,False,False
-1.4798374886655532,1.554798642563297,0.8,False,False
-1.6031572793876827,1.3708420864589808,0.8,False,False
-1.7264770701098122,1.2086506083377373,0.8,False,False
-1.8497968608319415,1.0656490424667364,0.8,False,False
-1.973116651554071,0.939566907459177,0.8,False,False
-2.0964364422762003,0.8284023571184871,0.8,False,False
-2.21975623299833,0.7303903964889583,0.8,False,False
-2.3430760237204593,0.6439748584689389,0.8,False,False
-2.466395814442589,0.567783696050343,0.8,False,False
-2.5897156051647183,0.5006071978915047,0.8,False,False
-2.713035395886848,0.4413787813450863,0.8,False,False
-2.836355186608977,0.3891580579858341,0.8,False,False
-2.9596749773311064,0.34311590276416987,0.8,False,False
-3.082994768053236,0.30252128972382364,0.8,False,False
-3.2063145587753654,0.26672968526999796,0.8,False,False
-3.329634349497495,0.23517281470429227,0.8,False,False
-3.4529541402196244,0.20734963954640254,0.8,False,False
-3.5762739309417535,0.18281840238666042,0.8,False,False
-3.699593721663883,0.16118961296300358,0.8,False,False
-3.8229135123860125,0.1421198641000886,0.8,False,False
-3.946233303108142,0.12530637932424207,0.8,False,False
-4.0695530938302715,0.11048220558499695,0.8,False,False
-4.192872884552401,0.09741197475652434,0.8,False,False
-4.3161926752745305,0.0858881666229686,0.8,False,False
-4.43951246599666,0.07572781401391493,0.8,False,False
-4.56283225671879,0.06676959777637585,0.8,False,False
-4.686152047440919,0.05887128545924232,0.8,False,False
-4.809471838163048,0.05190747304337672,0.8,False,False
-4.932791628885178,0.04576759386207796,0.8,False,False
-5.056111419607307,0.040354163098914556,0.8,False,False
-5.179431210329437,0.035581229990259325,0.8,False,False
-5.302751001051566,0.03137301315765224,0.8,False,False
-5.426070791773696,0.027662697402729097,0.8,False,False
-5.549390582495825,0.024391372861046208,0.8,False,False
-5.672710373217954,0.021507099671408028,0.8,False,False
-5.796030163940084,0.018964083310155793,0.8,False,False
-5.919349954662213,0.01672194749693631,0.8,False,False
-6.042669745384343,0.014745093127644738,0.8,False,False
-6.165989536106472,0.013002133056115592,0.8,False,False
-6.289309326828602,0.01146539375041062,0.8,False,False
-6.412629117550731,0.010110475911342355,0.8,False,False
-6.53594890827286,0.008915867077033086,0.8,False,False
-6.65926869899499,0.007862600062709094,0.8,False,False
-6.782588489717119,0.006933951812669652,0.8,False,False
-6.905908280439249,0.006115177883007728,0.8,False,False
-7.029228071161378,0.0053932783393801555,0.8,False,False
-7.152547861883507,0.004756791352911402,0.8,False,False
-7.275867652605637,0.004195611217087569,0.8,False,False
-7.399187443327766,0.003700827896236897,0.8,False,False
-7.522507234049896,0.0032645855580567783,0.8,False,False
-7.645827024772025,0.0028799578440633854,0.8,False,False
-7.769146815494155,0.0025408378975929394,0.8,False,False
-7.892466606216284,0.0022418414032943147,0.8,False,False
-8.015786396938413,0.0019782210986400792,0.8,False,False
-8.139106187660543,0.0017457914001280193,0.8,False,False
-8.262425978382673,0.0015408619474393712,0.8,False,False
-8.385745769104801,0.0013601790104131903,0.8,False,False
-8.509065559826931,0.0012008738285367378,0.8,False,False
-8.632385350549061,0.001060417062721534,0.8,False,False
-8.75570514127119,0.0009365786361814185,0.8,False,False
-8.87902493199332,0.0008273923267934505,0.8,False,False
-9.00234472271545,0.0007311245487633193,0.8,False,False
-9.12566451343758,0.0006462468279317733,0.8,False,False
-9.248984304159707,0.0005714115337038026,0.8,False,False
-9.372304094881837,0.000505430482288653,0.8,False,False
-9.495623885603967,0.0004472560715275144,0.8,False,False
-9.618943676326095,0.0003959646477805352,0.8,False,False
-9.742263467048225,0.0003507418407839303,0.8,False,False
-9.865583257770355,0.0003108696336340434,0.8,False,False
-9.988903048492485,0.0002757149626043822,0.8,False,False
-10.112222839214613,0.0002447196657912947,0.8,False,False
-10.235542629936743,0.00021739162099972643,0.8,False,False
-10.358862420658873,0.00019329693216246338,0.8,False,False
-10.482182211381001,0.0001720530402341374,0.8,False,False
-10.605502002103131,0.00015332264917947304,0.8,False,False
-10.728821792825261,0.00013680837061675507,0.8,False,False
-10.852141583547391,0.00012224800208781637,0.8,False,False
-10.97546137426952,0.0001094103639861367,0.8,False,False
-11.09878116499165,9.809162904463061e-05,0.8,False,False
-11.22210095571378,8.811208610523987e-05,0.8,False,False
-11.345420746435908,7.931328678766456e-05,0.8,False,False
-11.468740537158038,7.155552975398489e-05,0.8,False,False
-11.592060327880167,6.471564262604543e-05,0.8,False,False
-11.715380118602297,5.868502633839384e-05,0.8,False,False
-11.838699909324426,5.336793087634588e-05,0.8,False,False
-11.962019700046556,4.8679935022518876e-05,0.8,False,False
-12.085339490768686,4.454660597428805e-05,0.8,False,False
-12.208659281490814,4.0902317550482955e-05,0.8,False,False
-12.331979072212944,3.768920822361605e-05,0.8,False,False
-12.455298862935074,3.4856262433990676e-05,0.8,False,False
-12.578618653657204,3.235850059941856e-05,0.8,False,False
-12.701938444379332,3.015626496007365e-05,0.8,False,False
-12.825258235101462,2.8214589919614153e-05,0.8,False,False
-12.948578025823592,2.6502646885277977e-05,0.8,False,False
-13.07189781654572,2.4993254792500977e-05,0.8,False,False
-13.19521760726785,2.3662448542501398e-05,0.8,False,False
-13.31853739798998,2.248909850077728e-05,0.8,False,False
-13.441857188712108,2.14545750151727e-05,0.8,False,False
-13.565176979434238,2.054245262695946e-05,0.8,False,False
-13.688496770156368,1.9738249278599895e-05,0.8,False,False
-13.811816560878498,1.9029196377508815e-05,0.8,False,False
-13.935136351600626,1.8404036065044047e-05,0.8,False,False
-14.058456142322756,1.7852842471900762e-05,0.8,False,False
-14.181775933044886,1.736686412192463e-05,0.8,False,False
-14.305095723767014,1.6938384982138748e-05,0.8,False,False
-14.428415514489144,1.6560601952831633e-05,0.8,False,False
-14.551735305211274,1.622751685257733e-05,0.8,False,False
-14.675055095933404,1.5933841183199327e-05,0.8,False,False
-14.798374886655532,1.5674912162601372e-05,0.8,False,False
-14.921694677377662,1.5446618692291705e-05,0.8,False,False
-15.045014468099792,1.5245336084163535e-05,0.8,False,False
-15.16833425882192,1.5067868510168e-05,0.8,False,False
-15.29165404954405,1.4911398261134824e-05,0.8,False,False
-15.41497384026618,1.4773441009106806e-05,0.8,False,False
-15.53829363098831,1.4651806362873914e-05,0.8,False,False
-15.661613421710438,1.4544563090434743e-05,0.8,False,False
-15.784933212432568,1.4450008456211187e-05,0.8,False,False
-15.908253003154698,1.4366641186173604e-05,0.8,False,False
-16.031572793876826,1.4293137631635106e-05,0.8,False,False
-16.154892584598958,1.422833075325995e-05,0.8,False,False
-16.278212375321086,1.4171191591608493e-05,0.8,False,False
-16.401532166043214,1.4120812930020573e-05,0.8,False,False
-16.524851956765346,1.4076394890447789e-05,0.8,False,False
-16.648171747487474,1.4037232233535074e-05,0.8,False,False
-16.771491538209602,1.4002703161310942e-05,0.8,False,False
-16.894811328931734,1.397225944470314e-05,0.8,False,False
-17.018131119653862,1.3945417719131133e-05,0.8,False,False
-17.14145091037599,1.392175180997278e-05,0.8,False,False
-17.264770701098122,1.3900885966054175e-05,0.8,False,False
-17.38809049182025,1.3882488893728649e-05,0.8,False,False
-17.51141028254238,1.3866268496822065e-05,0.8,False,False
-17.63473007326451,1.3851967238928867e-05,0.8,False,False
-17.75804986398664,1.383935805442459e-05,0.8,False,False
-17.88136965470877,1.3828240743272643e-05,0.8,False,False
-18.0046894454309,1.3818438792384601e-05,0.8,False,False
-18.128009236153027,1.3809796573065699e-05,0.8,False,False
-18.25132902687516,1.3802176870048504e-05,0.8,False,False
-18.374648817597286,1.3795458702882433e-05,0.8,False,False
-18.497968608319415,1.3789535405088616e-05,0.8,False,False
-18.621288399041546,1.3784312930582262e-05,0.8,False,False
-18.744608189763674,1.3779708360473026e-05,0.8,False,False
-18.867927980485803,1.3775648586535386e-05,0.8,False,False
-18.991247771207934,1.3772069150446084e-05,0.8,False,False
-19.114567561930063,1.3768913220358791e-05,0.8,False,False
-19.23788735265219,1.37661306885668e-05,0.8,False,False
-19.361207143374322,1.3763677375927012e-05,0.8,False,False
-19.48452693409645,1.3761514330413621e-05,0.8,False,False
-19.607846724818582,1.3759607208664387e-05,0.8,False,False
-19.73116651554071,1.3757925730700156e-05,0.8,False,False
-19.85448630626284,1.3756443199159977e-05,0.8,False,False
-19.97780609698497,1.3755136075418618e-05,0.8,False,False
-20.1011258877071,1.3753983605856303e-05,0.8,False,False
-20.224445678429227,1.3752967492346896e-05,0.8,False,False
-20.34776546915136,1.3752071601732721e-05,0.8,False,False
-20.471085259873487,1.3751281709673287e-05,0.8,False,False
-20.594405050595615,1.3750585274800894e-05,0.8,False,False
-20.717724841317747,1.3749971239597363e-05,0.8,False,False
-20.841044632039875,1.3749429854830286e-05,0.8,False,False
-20.964364422762003,1.3748952524761358e-05,0.8,False,False
-21.087684213484135,1.3748531670669118e-05,0.8,False,False
-21.211004004206263,1.374816061051916e-05,0.8,False,False
-21.33432379492839,1.3747833452871354e-05,0.8,False,False
-21.457643585650523,1.3747545003339573e-05,0.8,False,False
-21.58096337637265,1.374729068211877e-05,0.8,False,False
-21.704283167094783,1.374706645126996e-05,0.8,False,False
-21.82760295781691,1.374686875060857e-05,0.8,False,False
-21.95092274853904,1.374669444117826e-05,0.8,False,False
-22.07424253926117,1.3746540755412711e-05,0.8,False,False
-22.1975623299833,1.3746405253194099e-05,0.8,False,False
-22.320882120705427,1.3746285783110559e-05,0.8,False,False
-22.44420191142756,1.3746180448297542e-05,0.8,False,False
-22.567521702149687,1.3746087576320685e-05,0.8,False,False
-22.690841492871815,1.3746005692622048e-05,0.8,False,False
-22.814161283593947,1.374593349710808e-05,0.8,False,False
-22.937481074316075,1.374586984350762e-05,0.8,False,False
-23.060800865038203,1.374581372117219e-05,0.8,False,False
-23.184120655760335,1.37457642390296e-05,0.8,False,False
-23.307440446482463,1.3745720611436124e-05,0.8,False,False
-23.430760237204595,1.3745682145702571e-05,0.8,False,False
-23.554080027926723,1.374564823109624e-05,0.8,False,False
-23.67739981864885,1.374561832914413e-05,0.8,False,False
-23.800719609370983,1.3745591965083432e-05,0.8,False,False
-23.92403940009311,1.3745568720323556e-05,0.8,False,False
-24.04735919081524,1.3745548225800053e-05,0.8,False,False
-24.17067898153737,1.3745530156114846e-05,0.8,False,False
-24.2939987722595,1.3745514224369792e-05,0.8,False,False
-24.417318562981627,1.3745500177611504e-05,0.8,False,False
-24.54063835370376,1.3745487792815126e-05,0.8,False,False
-24.663958144425887,1.3745476873343304e-05,0.8,False,False
-24.787277935148015,1.3745467245824108e-05,0.8,False,False
-24.910597725870147,1.3745458757398351e-05,0.8,False,False
-25.033917516592275,1.3745451273292595e-05,0.8,False,False
-25.157237307314407,1.3745444674679311e-05,0.8,False,False
-25.280557098036535,1.3745438856790212e-05,0.8,False,False
-25.403876888758663,1.3745433727252825e-05,0.8,False,False
-25.527196679480795,1.3745429204623848e-05,0.8,False,False
-25.650516470202923,1.3745425217096063e-05,0.8,False,False
-25.77383626092505,1.374542170135822e-05,0.8,False,False
-25.897156051647183,1.3745418601589833e-05,0.8,False,False
-26.02047584236931,1.374541586857489e-05,0.8,False,False
-26.14379563309144,1.3745413458920446e-05,0.8,False,False
-26.26711542381357,1.3745411334367646e-05,0.8,False,False
-26.3904352145357,1.3745409461184292e-05,0.8,False,False
-26.513755005257828,1.3745407809629253e-05,0.8,False,False
-26.63707479597996,1.3745406353480265e-05,0.8,False,False
-26.760394586702088,1.3745405069617588e-05,0.8,False,False
-26.883714377424216,1.3745403937656925e-05,0.8,False,False
-27.007034168146347,1.3745402939625774e-05,0.8,False,False
-27.130353958868476,1.374540205967808e-05,0.8,False,False
-27.253673749590607,1.3745401283842631e-05,0.8,False,False
-27.376993540312736,1.3745400599801242e-05,0.8,False,False
-27.500313331034864,1.3745399996693169e-05,0.8,False,False
-27.623633121756995,1.3745399464942674e-05,0.8,False,False
-27.746952912479124,1.3745398996106985e-05,0.8,False,False
-27.870272703201252,1.3745398582742247e-05,0.8,False,False
-27.993592493923384,1.3745398218285339e-05,0.8,False,False
-28.11691228464551,1.3745397896949662e-05,0.8,False,False
-28.24023207536764,1.3745397613633265e-05,0.8,False,False
-28.36355186608977,1.3745397363837845e-05,0.8,False,False
-28.4868716568119,1.3745397143597322e-05,0.8,False,False
-28.610191447534028,1.3745396949414863e-05,0.8,False,False
-28.73351123825616,1.3745396778207376e-05,0.8,False,False
-28.856831028978288,1.3745396627256542e-05,0.8,False,False
-28.98015081970042,1.3745396494165669e-05,0.8,False,False
-29.103470610422548,1.3745396376821627e-05,0.8,False,False
-29.226790401144676,1.3745396273361311e-05,0.8,False,False
-29.350110191866808,1.3745396182142048e-05,0.8,False,False
-29.473429982588936,1.374539610171552e-05,0.8,False,False
-29.596749773311064,1.374539603080477e-05,0.8,False,False
-29.720069564033196,1.3745395968283923e-05,0.8,False,False
-29.843389354755324,1.374539591316032e-05,0.8,False,False
-29.966709145477452,1.3745395864558742e-05,0.8,False,False
-30.090028936199584,1.3745395821707528e-05,0.8,False,False
-30.213348726921712,1.3745395783926315e-05,0.8,False,False
-30.33666851764384,1.374539575061524e-05,0.8,False,False
-30.459988308365972,1.3745395721245412e-05,0.8,False,False
-30.5833080990881,1.3745395695350516e-05,0.8,False,False
-30.706627889810232,1.374539567251941e-05,0.8,False,False
-30.82994768053236,1.37453956523896e-05,0.8,False,False
-30.953267471254488,1.3745395634641476e-05,0.8,False,False
-31.07658726197662,1.3745395618993245e-05,0.8,False,False
-31.199907052698748,1.3745395605196457e-05,0.8,False,False
-31.323226843420876,1.3745395593032056e-05,0.8,False,False
-31.446546634143008,1.3745395582306903e-05,0.8,False,False
-31.569866424865136,1.3745395572850712e-05,0.8,False,False
-31.693186215587264,1.3745395564513343e-05,0.8,False,False
-31.816506006309396,1.374539555716242e-05,0.8,False,False
-31.939825797031524,1.3745395550681234e-05,0.8,False,False
-32.06314558775365,1.3745395544966877e-05,0.8,False,False
-32.18646537847578,1.3745395539928623e-05,0.8,False,False
-32.309785169197916,1.3745395535486477e-05,0.8,False,False
-32.433104959920044,1.374539553156991e-05,0.8,False,False
-32.55642475064217,1.3745395528116737e-05,0.8,False,False
-32.6797445413643,1.3745395525072131e-05,0.8,False,False
-32.80306433208643,1.3745395522387752e-05,0.8,False,False
-32.92638412280856,1.3745395520020979e-05,0.8,False,False
-33.04970391353069,1.3745395517934234e-05,0.8,False,False
-33.17302370425282,1.3745395516094385e-05,0.8,False,False
-33.29634349497495,1.374539551447222e-05,0.8,False,False
-33.41966328569708,1.3745395513041983e-05,0.8,False,False
-33.542983076419205,1.3745395511780968e-05,0.8,False,False
-33.66630286714134,1.374539551066915e-05,0.8,False,False
-33.78962265786347,1.3745395509688881e-05,0.8,False,False
-33.912942448585596,1.3745395508824592e-05,0.8,False,False
-34.036262239307725,1.3745395508062563e-05,0.8,False,False
-34.15958203002985,1.3745395507390694e-05,0.8,False,False
-34.28290182075198,1.374539550679832e-05,0.8,False,False
-34.406221611474116,1.3745395506276031e-05,0.8,False,False
-34.529541402196244,1.374539550581554e-05,0.8,False,False
-34.65286119291837,1.374539550540953e-05,0.8,False,False
-34.7761809836405,1.374539550505156e-05,0.8,False,False
-34.89950077436263,1.3745395504735942e-05,0.8,False,False
-35.02282056508476,1.3745395504457668e-05,0.8,False,False
-35.14614035580689,1.3745395504212317e-05,0.8,False,False
-35.26946014652902,1.3745395503995996e-05,0.8,False,False
-35.39277993725115,1.374539550380527e-05,0.8,False,False
-35.51609972797328,1.3745395503637109e-05,0.8,False,False
-35.639419518695405,1.3745395503488844e-05,0.8,False,False
-35.76273930941754,1.3745395503358121e-05,0.8,False,False
-35.88605910013967,1.3745395503242866e-05,0.8,False,False
-36.0093788908618,1.3745395503141247e-05,0.8,False,False
-36.132698681583925,1.3745395503051651e-05,0.8,False,False
-36.25601847230605,1.3745395502972655e-05,0.8,False,False
-36.37933826302818,1.3745395502903007e-05,0.8,False,False
-36.50265805375032,1.3745395502841599e-05,0.8,False,False
-36.625977844472445,1.3745395502787455e-05,0.8,False,False
-36.74929763519457,1.374539550273972e-05,0.8,False,False
-36.8726174259167,1.374539550269763e-05,0.8,False,False
0.0,1.0,1.0,,True
-0.023411371237458192,0.9542565317508905,1.0,,True
-0.046822742474916385,0.910605528389238,1.0,,True
-0.07023411371237458,0.8689512733139014,1.0,,True
-0.09364548494983277,0.8292024283330436,1.0,,True
-0.11705685618729096,0.7912718333805064,1.0,,True
-0.14046822742474915,0.7550763153938506,1.0,,True
-0.16387959866220736,0.7205365059349773,1.0,,True
-0.18729096989966554,0.6875766671534163,1.0,,True
-0.21070234113712372,0.6561245257106555,1.0,,True
-0.23411371237458192,0.626111114301348,1.0,,True
-0.25752508361204013,0.5974706204238897,1.0,,True
-0.2809364548494983,0.5701402420687537,1.0,,True
-0.3043478260869565,0.544060050008142,1.0,,True
-0.3277591973244147,0.5191728563849856,1.0,,True
-0.3511705685618729,0.49542408931313947,1.0,,True
-0.3745819397993311,0.47276167321379314,1.0,,True
-0.39799331103678925,0.4511359146257421,1.0,,True
-0.42140468227424743,0.4304993932390264,1.0,,True
-0.44481605351170567,0.41080685791313604,1.0,,True
-0.46822742474916385,0.39201512745167005,1.0,,True
-0.491638795986622,0.374082995915914,1.0,,True
-0.5150501672240803,0.35697114226970256,1.0,,True
-0.5384615384615384,0.34064204415744004,1.0,,True
-0.5618729096989966,0.3250598956262124,1.0,,True
-0.5852842809364548,0.31019052861157587,1.0,,True
-0.608695652173913,0.2960013380148578,1.0,,True
-0.6321070234113711,0.28246121020768117,1.0,,True
-0.6555183946488294,0.269540454806941,1.0,,True
-0.6789297658862876,0.2572107395706292,1.0,,True
-0.7023411371237458,0.2454450282717501,1.0,,True
-0.725752508361204,0.2342175214140995,1.0,,True
-0.7491638795986622,0.2235035996599085,1.0,,True
-0.7725752508361203,0.21327976984530375,1.0,,True
-0.7959866220735785,0.20352361346520773,1.0,,True
-0.8193979933110367,0.19421373751471796,1.0,,True
-0.8428093645484949,0.18532972757917254,1.0,,True
-0.8662207357859532,0.17685210307003854,1.0,,True
-0.8896321070234113,0.16876227450846598,1.0,,True
-0.9130434782608695,0.16104250276284043,1.0,,True
-0.9364548494983277,0.1536758601509513,1.0,,True
-0.9598662207357859,0.14664619332148165,1.0,,True
-0.983277591973244,0.13993808783342768,1.0,,True
-1.0066889632107023,0.13353683435577818,1.0,,True
-1.0301003344481605,0.12742839641333803,1.0,,True
-1.0535117056856187,0.12159937960796784,1.0,,True
-1.0769230769230769,0.11603700224775933,1.0,,True
-1.100334448160535,0.11072906731971709,1.0,,True
-1.1237458193979932,0.1056639357445241,1.0,,True
-1.1471571906354514,0.10083050085471851,1.0,,True
-1.1705685618729096,0.09621816404032887,1.0,,True
-1.1939799331103678,0.09181681150856248,1.0,,True
-1.217391304347826,0.08761679210658607,1.0,,True
-1.2408026755852841,0.08360889615876962,1.0,,True
-1.2642140468227423,0.07978433527198783,1.0,,True
-1.2876254180602005,0.07613472306469735,1.0,,True
-1.3110367892976589,0.07265205677753261,1.0,,True
-1.334448160535117,0.06932869972509705,1.0,,True
-1.3578595317725752,0.06615736455047001,1.0,,True
-1.3812709030100334,0.06313109724571082,1.0,,True
-1.4046822742474916,0.0602432619033202,1.0,,True
-1.4280936454849498,0.05748752616522288,1.0,,True
-1.451505016722408,0.05485784733736415,1.0,,True
-1.4749163879598661,0.05234845913947294,1.0,,True
-1.4983277591973243,0.04995385906093665,1.0,,True
-1.5217391304347825,0.047668796295062196,1.0,,True
-1.5451505016722407,0.04548826022526575,1.0,,True
-1.5685618729096988,0.04340746943794407,1.0,,True
-1.591973244147157,0.04142186123793528,1.0,,True
-1.6153846153846152,0.039527081643578765,1.0,,True
-1.6387959866220734,0.03771897583943576,1.0,,True
-1.6622073578595316,0.035993579065735595,1.0,,True
-1.6856187290969897,0.034347107924570304,1.0,,True
-1.7090301003344481,0.032775952083773985,1.0,,True
-1.7324414715719063,0.03127666636029554,1.0,,True
-1.7558528428093645,0.029845963165705362,1.0,,True
-1.7792642140468227,0.02848070529727042,1.0,,True
-1.8026755852842808,0.027177899058792483,1.0,,True
-1.826086956521739,0.0259346876961191,1.0,,True
-1.8494983277591972,0.024748345132941104,1.0,,True
-1.8729096989966554,0.02361626999313441,1.0,,True
-1.8963210702341136,0.022535979896541068,1.0,,True
-1.9197324414715717,0.021505106015681067,1.0,,True
-1.94314381270903,0.020521387881459026,1.0,,True
-1.966555183946488,0.019582668426475845,1.0,,True
-1.9899665551839463,0.018686889255076503,1.0,,True
-2.0133779264214047,0.017832086129762285,1.0,,True
-2.0367892976588626,0.017016384664070117,1.0,,True
-2.060200668896321,0.01623799621247459,1.0,,True
-2.083612040133779,0.015495213948300099,1.0,,True
-2.1070234113712374,0.014786409121042874,1.0,,True
-2.1304347826086953,0.014110027484896105,1.0,,True
-2.1538461538461537,0.013464585890646695,1.0,,True
-2.1772575250836117,0.012848669033470489,1.0,,True
-2.20066889632107,0.012260926349494614,1.0,,True
-2.224080267558528,0.011700069054321837,1.0,,True
-2.2474916387959865,0.011164867317023076,1.0,,True
-2.270903010033445,0.01065414756340131,1.0,,True
-2.294314381270903,0.010166789902613535,1.0,,True
-2.317725752508361,0.009701725671507963,1.0,,True
-2.341137123745819,0.009257935091291768,1.0,,True
-2.3645484949832776,0.008834445031390947,1.0,,True
-2.3879598662207355,0.00843032687559901,1.0,,True
-2.411371237458194,0.008044694485835432,1.0,,True
-2.434782608695652,0.0076767022590488315,1.0,,True
-2.4581939799331103,0.007325543273004061,1.0,,True
-2.4816053511705682,0.006990447516887921,1.0,,True
-2.5050167224080266,0.006670680202852091,1.0,,True
-2.5284280936454846,0.0063655401547929626,1.0,,True
-2.551839464882943,0.006074358270833759,1.0,,True
-2.575250836120401,0.005796496056138159,1.0,,True
-2.5986622073578594,0.005531344222838114,1.0,,True
-2.6220735785953178,0.005278321354005823,1.0,,True
-2.6454849498327757,0.005036872628740261,1.0,,True
-2.668896321070234,0.004806468605572671,1.0,,True
-2.692307692307692,0.004586604061523315,1.0,,True
-2.7157190635451505,0.004376796884263787,1.0,,True
-2.7391304347826084,0.004176587014955664,1.0,,True
-2.762541806020067,0.003985535439447397,1.0,,True
-2.785953177257525,0.003803223225617334,1.0,,True
-2.809364548494983,0.003629250604752031,1.0,,True
-2.832775919732441,0.0034632360949454952,1.0,,True
-2.8561872909698995,0.0033048156645971855,1.0,,True
-2.8795986622073575,0.0031536419341745246,1.0,,True
-2.903010033444816,0.0030093834144895516,1.0,,True
-2.926421404682274,0.0028717237798194517,1.0,,True
-2.9498327759197323,0.002740361174277068,1.0,,True
-2.97324414715719,0.002615007549910432,1.0,,True
-2.9966555183946486,0.0024953880350799223,1.0,,True
-3.020066889632107,0.002381240331728036,1.0,,True
-3.043478260869565,0.0022723141402201355,1.0,,True
-3.0668896321070234,0.002168370610494973,1.0,,True
-3.0903010033444813,0.0020691818183214937,1.0,,True
-3.1137123745819397,0.0019745302655134697,1.0,,True
-3.1371237458193977,0.0018842084030060483,1.0,,True
-3.160535117056856,0.0017980181757484355,1.0,,True
-3.183946488294314,0.0017157705884147654,1.0,,True
-3.2073578595317724,0.0016372852909808352,1.0,,True
-3.2307692307692304,0.001562390183258119,1.0,,True
-3.254180602006689,0.0014909210375175308,1.0,,True
-3.2775919732441468,0.0014227211383759182,1.0,,True
-3.301003344481605,0.0013576409391552824,1.0,,True
-3.324414715719063,0.0012955377339613416,1.0,,True
-3.3478260869565215,0.0012362753447623573,1.0,,True
-3.3712374581939795,0.0011797238227820635,1.0,,True
-3.394648829431438,0.001125759163551914,1.0,,True
-3.4180602006688963,0.001074263034997833,1.0,,True
-3.441471571906354,0.0010251225179652174,1.0,,True
-3.4648829431438126,0.0009782298586132282,1.0,,True
-3.4882943143812706,0.0009334822321354231,1.0,,True
-3.511705685618729,0.0008907815172886284,1.0,,True
-3.535117056856187,0.0008500340812356424,1.0,,True
-3.5585284280936453,0.0008111505742299788,1.0,,True
-3.5819397993311033,0.0007740457336924427,1.0,,True
-3.6053511705685617,0.0007386381972499238,1.0,,True
-3.6287625418060196,0.0007048503243264424,1.0,,True
-3.652173913043478,0.0006726080258952412,1.0,,True
-3.675585284280936,0.0006418406020186059,1.0,,True
-3.6989966555183944,0.0006124805868191784,1.0,,True
-3.7224080267558524,0.0005844636005428194,1.0,,True
-3.7458193979933108,0.0005577282083886286,1.0,,True
-3.769230769230769,0.0005322157857965707,1.0,,True
-3.792642140468227,0.0005078703898973103,1.0,,True
-3.8160535117056855,0.00048463863684237974,1.0,,True
-3.8394648829431435,0.00046246958474568863,1.0,,True
-3.862876254180602,0.0004413146219796891,1.0,,True
-3.88628762541806,0.0004211273605812934,1.0,,True
-3.9096989966555182,0.0004018635345337117,1.0,,True
-3.933110367892976,0.0003834809027012939,1.0,,True
-3.9565217391304346,0.00036593915620443737,1.0,,True
-3.9799331103678925,0.0003491998300314937,1.0,,True
-4.0033444816053505,0.0003332262186938536,1.0,,True
-4.026755852842809,0.0003179832957392605,1.0,,True
-4.050167224080267,0.00030343763694686444,1.0,,True
-4.073578595317725,0.0002895573470356007,1.0,,True
-4.096989966555183,0.00027631198972518126,1.0,,True
-4.120401337792642,0.0002636725209963392,1.0,,True
-4.1438127090301,0.0002516112254039805,1.0,,True
-4.167224080267558,0.0002401016553035939,1.0,,True
-4.190635451505017,0.00022911857285765533,1.0,,True
-4.214046822742475,0.00021863789469485988,1.0,,True
-4.237458193979933,0.0002086366391008334,1.0,,True
-4.260869565217391,0.0001990928756245235,1.0,,True
-4.2842809364548495,0.00018998567698976914,1.0,,True
-4.3076923076923075,0.00018129507320660207,1.0,,True
-4.331103678929765,0.00017300200778165586,1.0,,True
-4.354515050167223,0.00016508829593166348,1.0,,True
-4.377926421404682,0.00015753658470841385,1.0,,True
-4.40133779264214,0.00015033031494773134,1.0,,True
-4.424749163879598,0.00014345368495904116,1.0,,True
-4.448160535117056,0.0001368916158758995,1.0,,True
-4.471571906354515,0.00013062971859151097,1.0,,True
-4.494983277591973,0.00012465426220673007,1.0,,True
-4.518394648829431,0.00011895214392136033,1.0,,True
-4.54180602006689,0.00011351086030273009,1.0,,True
-4.565217391304348,0.00010831847986854304,1.0,,True
-4.588628762541806,0.00010336361692388452,1.0,,True
-4.612040133779264,9.863540659501369e-05,1.0,,True
-4.635451505016722,9.412348100519533e-05,1.0,,True
-4.65886287625418,8.98179465403385e-05,1.0,,True
-4.682274247491638,8.57093621545703e-05,1.0,,True
-4.705685618729096,8.178871866820128e-05,1.0,,True
-4.729096989966555,7.804741901266706e-05,1.0,,True
-4.752508361204013,7.447725937913618e-05,1.0,,True
-4.775919732441471,7.107041122944596e-05,1.0,,True
-4.799331103678929,6.781940412992065e-05,1.0,,True
-4.822742474916388,6.471710937043008e-05,1.0,,True
-4.846153846153846,6.175672433276966e-05,1.0,,True
-4.869565217391304,5.893175757408461e-05,1.0,,True
-4.892976588628763,5.623601459263025e-05,1.0,,True
-4.916387959866221,5.36635842446558e-05,1.0,,True
-4.9397993311036785,5.120882578262697e-05,1.0,,True
-4.9632107023411365,4.886635648636519e-05,1.0,,True
-4.986622073578595,4.6631039859981473e-05,1.0,,True
-5.010033444816053,4.4497974368723446e-05,1.0,,True
-5.033444816053511,4.2462482691038053e-05,1.0,,True
-5.056856187290969,4.052010146228219e-05,1.0,,True
-5.080267558528428,3.866657148759159e-05,1.0,,True
-5.103678929765886,3.689782840244701e-05,1.0,,True
-5.127090301003344,3.520999376045859e-05,1.0,,True
-5.150501672240802,3.3599366528825704e-05,1.0,,True
-5.173913043478261,3.206241497282417e-05,1.0,,True
-5.197324414715719,3.059576891152501e-05,1.0,,True
-5.220735785953177,2.9196212327763573e-05,1.0,,True
-5.2441471571906355,2.7860676316153865e-05,1.0,,True
-5.2675585284280935,2.658623235368716e-05,1.0,,True
-5.290969899665551,2.537008587815282e-05,1.0,,True
-5.314381270903009,2.4209570160308355e-05,1.0,,True
-5.337792642140468,2.31021404563557e-05,1.0,,True
-5.361204013377926,2.204536842790392e-05,1.0,,True
-5.384615384615384,2.1036936817182175e-05,1.0,,True
-5.408026755852842,2.007463436582688e-05,1.0,,True
-5.431438127090301,1.9156350966101194e-05,1.0,,True
-5.454849498327759,1.8280073033914543e-05,1.0,,True
-5.478260869565217,1.744387909349627e-05,1.0,,True
-5.501672240802675,1.6645935564041616e-05,1.0,,True
-5.525083612040134,1.5884492739091156e-05,1.0,,True
-5.548494983277592,1.5157880949827327e-05,1.0,,True
-5.57190635451505,1.446450690387512e-05,1.0,,True
-5.5953177257525075,1.3802850191578681e-05,1.0,,True
-5.618729096989966,1.3171459952092985e-05,1.0,,True
-5.642140468227424,1.2568951691980002e-05,1.0,,True
-5.665551839464882,1.1994004249333323e-05,1.0,,True
-5.688963210702341,1.144535689677426e-05,1.0,,True
-5.712374581939799,1.0921806576966937e-05,1.0,,True
-5.735785953177257,1.0422205264590535e-05,1.0,,True
-5.759197324414715,9.945457448984034e-06,1.0,,True
-5.782608695652174,9.490517731943563e-06,1.0,,True
-5.806020066889632,9.056388535404792e-06,1.0,,True
-5.82943143812709,8.642117913983901e-06,1.0,,True
-5.852842809364548,8.246797467580519e-06,1.0,,True
-5.8762541806020065,7.869560349465412e-06,1.0,,True
-5.8996655518394645,7.5095793654851894e-06,1.0,,True
-5.9230769230769225,7.166065160215949e-06,1.0,,True
-5.94648829431438,6.83826448608856e-06,1.0,,True
-5.969899665551839,6.5254585516901545e-06,1.0,,True
-5.993311036789297,6.226961445620035e-06,1.0,,True
-6.016722408026755,5.942118632443886e-06,1.0,,True
-6.040133779264214,5.670305517448166e-06,1.0,,True
-6.063545150501672,5.410926077048026e-06,1.0,,True
-6.08695652173913,5.1634115518443e-06,1.0,,True
-6.110367892976588,4.927219199465424e-06,1.0,,True
-6.133779264214047,4.701831104458274e-06,1.0,,True
-6.157190635451505,4.4867530426188114e-06,1.0,,True
-6.180602006688963,4.281513397272182e-06,1.0,,True
-6.204013377926421,4.085662125125925e-06,1.0,,True
-6.2274247491638794,3.898769769428637e-06,1.0,,True
-6.250836120401337,3.7204265182701902e-06,1.0,,True
-6.274247491638795,3.5502413059585526e-06,1.0,,True
-6.297658862876253,3.3878409555027602e-06,1.0,,True
-6.321070234113712,3.2328693603216864e-06,1.0,,True
-6.34448160535117,3.0849867033842923e-06,1.0,,True
-6.367892976588628,2.943868712069108e-06,1.0,,True
-6.391304347826087,2.8092059471090278e-06,1.0,,True
-6.414715719063545,2.680703124062236e-06,1.0,,True
-6.438127090301003,2.5580784658214066e-06,1.0,,True
-6.461538461538461,2.4410630847413738e-06,1.0,,True
-6.48494983277592,2.329400393030433e-06,1.0,,True
-6.508361204013378,2.2228455401123824e-06,1.0,,True
-6.5317725752508355,2.1211648757255768e-06,1.0,,True
-6.5551839464882935,2.0241354375816977e-06,1.0,,True
-6.578595317725752,1.931544462460782e-06,1.0,,True
-6.60200668896321,1.8431889196704636e-06,1.0,,True
-6.625418060200668,1.7588750658464069e-06,1.0,,True
-6.648829431438126,1.6784180201177116e-06,1.0,,True
-6.672240802675585,1.6016413587057008e-06,1.0,,True
-6.695652173913043,1.5283767280672857e-06,1.0,,True
-6.719063545150501,1.4584634757342618e-06,1.0,,True
-6.742474916387959,1.3917482980395258e-06,1.0,,True
-6.765886287625418,1.3280849039574024e-06,1.0,,True
-6.789297658862876,1.267333694321105e-06,1.0,,True
-6.812709030100334,1.209361455713901e-06,1.0,,True
-6.8361204013377925,1.1540410683627552e-06,1.0,,True
-6.8595317725752505,1.101251227393935e-06,1.0,,True
-6.882943143812708,1.0508761768393475e-06,1.0,,True
-6.906354515050166,1.0028054558103513e-06,1.0,,True
-6.929765886287625,9.569336562824565e-07,1.0,,True
-6.953177257525083,9.131601919597958e-07,1.0,,True
-6.976588628762541,8.71389077712532e-07,1.0,,True
-7.0,8.315287191035679e-07,1.0,,True
