x,z,x_crossings,z_crossings,St,beta
0.0,0.0,0.0324371564250103,-1.73636531941387,0.1714205741882324,0.83
0.004997739493276879,-0.00041470261335630246,0.03934965867257239,-5.983739464600502,0.1714205741882324,0.83
0.009981900667025699,-0.001652425552026859,,,0.1714205741882324,0.83
0.014938890453706874,-0.0037032734992816342,,,0.1714205741882324,0.83
0.019855183233580896,-0.006556021948951292,,,0.1714205741882324,0.83
0.024717353658041844,-0.010198941624293469,,,0.1714205741882324,0.83
0.029512202961732247,-0.01461956385857167,,,0.1714205741882324,0.83
0.03422679259891493,-0.01980467944815013,,,0.1714205741882324,0.83
0.0388485184099373,-0.02574036490370367,,,0.1714205741882324,0.83
0.04336517408902026,-0.032412009908433945,,,0.1714205741882324,0.83
0.04776501196337503,-0.039804349761987406,,,0.1714205741882324,0.83
0.05203680022821248,-0.04790150229799017,,,0.1714205741882324,0.83
0.05616987636366757,-0.056687008956510396,,,0.1714205741882324,0.83
0.06015419643111189,-0.06614387964543961,,,0.1714205741882324,0.83
0.0639803799881678,-0.07625464100497172,,,0.1714205741882324,0.83
0.06763975040073725,-0.08700138767268926,,,0.1714205741882324,0.83
0.07112437037044136,-0.09836583613382063,,,0.1714205741882324,0.83
0.07442707253622663,-0.11032938073202318,,,0.1714205741882324,0.83
0.07754148504918987,-0.122873151410529,,,0.1714205741882324,0.83
0.08046205205954787,-0.13597807275159102,,,0.1714205741882324,0.83
0.08318404909379913,-0.14962492388379686,,,0.1714205741882324,0.83
0.08570359333817362,-0.16379439883183966,,,0.1714205741882324,0.83
0.08801764888115546,-0.17846716689160022,,,0.1714205741882324,0.83
0.09012402700292274,-0.1936239326247222,,,0.1714205741882324,0.83
0.09202138163274022,-0.20924549508104906,,,0.1714205741882324,0.83
0.09370920012644875,-0.22531280587411895,,,0.1714205741882324,0.83
0.09518778954503773,-0.24180702575414245,,,0.1714205741882324,0.83
0.09645825864170576,-0.25870957934427,,,0.1714205741882324,0.83
0.09752249578868315,-0.27600220772922496,,,0.1714205741882324,0.83
0.09838314309631094,-0.2936670186102706,,,0.1714205741882324,0.83
0.099043566995373,-0.3116865337667192,,,0.1714205741882324,0.83
0.09950782556941955,-0.3300437335915027,,,0.1714205741882324,0.83
0.09978063293678643,-0.3487220984964406,,,0.1714205741882324,0.83
0.09986732099221446,-0.36770564701148295,,,0.1714205741882324,0.83
0.09977379882544167,-0.3869789704311243,,,0.1714205741882324,0.83
0.09950651013893547,-0.40652726389011645,,,0.1714205741882324,0.83
0.09907238898912867,-0.4263363537793191,,,0.1714205741882324,0.83
0.09847881417522081,-0.4463927214407843,,,0.1714205741882324,0.83
0.09773356259691775,-0.4666835231087675,,,0.1714205741882324,0.83
0.09684476189753656,-0.4871966060900909,,,0.1714205741882324,0.83
0.09582084270184386,-0.5079205212029788,,,0.1714205741882324,0.83
0.09467049074897392,-0.5288445315179777,,,0.1714205741882324,0.83
0.09340259920995327,-0.5499586174677242,,,0.1714205741882324,0.83
0.09202622146690989,-0.571253478414005,,,0.1714205741882324,0.83
0.09055052461713992,-0.5927205307806673,,,0.1714205741882324,0.83
0.0889847439500238,-0.614351902879395,,,0.1714205741882324,0.83
0.08733813862850377,-0.636140426572098,,,0.1714205741882324,0.83
0.08561994878963436,-0.6580796259286343,,,0.1714205741882324,0.83
0.08383935426077554,-0.6801637030517448,,,0.1714205741882324,0.83
0.08200543506948592,-0.7023875212524385,,,0.1714205741882324,0.83
0.08012713390626001,-0.7247465857686096,,,0.1714205741882324,0.83
0.07821322068010345,-0.7472370222274174,,,0.1714205741882324,0.83
0.0762722592877063,-0.7698555530579542,,,0.1714205741882324,0.83
0.07431257669780755,-0.7925994720649984,,,0.1714205741882324,0.83
0.07234223443338143,-0.8154666173772657,,,0.1714205741882324,0.83
0.07036900251564737,-0.8384553429845903,,,0.1714205741882324,0.83
0.06840033591573288,-0.8615644890779701,,,0.1714205741882324,0.83
0.0664433535422078,-0.8847933514044715,,,0.1714205741882324,0.83
0.06450481977576113,-0.9081416498457128,,,0.1714205741882324,0.83
0.06259112854609582,-0.9316094964241097,,,0.1714205741882324,0.83
0.060708289930746846,-0.9551973629353843,,,0.1714205741882324,0.83
0.058861919241053884,-0.9789060483991077,,,0.1714205741882324,0.83
0.057057228546994326,-1.0027366465113723,,,0.1714205741882324,0.83
0.05529902058005222,-1.0266905132751758,,,0.1714205741882324,0.83
0.05359168494179774,-1.0507692349748559,,,0.1714205741882324,0.83
0.05193919653540599,-1.0749745966510489,,,0.1714205741882324,0.83
0.05034511612796857,-1.0993085512222502,,,0.1714205741882324,0.83
0.048812592943152634,-1.1237731893882474,,,0.1714205741882324,0.83
0.047344369176539426,-1.1483707104395648,,,0.1714205741882324,0.83
0.04594278631981743,-1.1731033940857032,,,0.1714205741882324,0.83
0.044609793174896606,-1.1979735734034622,,,0.1714205741882324,0.83
0.04334695543492824,-1.2229836089951007,,,0.1714205741882324,0.83
0.04215546670612739,-1.24813586443458,,,0.1714205741882324,0.83
0.041036160842169205,-1.2734326830687444,,,0.1714205741882324,0.83
0.039989525461724525,-1.298876366229081,,,0.1714205741882324,0.83
0.0390157165193715,-1.3244691528987347,,,0.1714205741882324,0.83
0.038114573800619764,-1.3502132008687986,,,0.1714205741882324,0.83
0.03728563721306166,-1.3761105694076041,,,0.1714205741882324,0.83
0.0365281637476681,-1.4021632034568483,,,0.1714205741882324,0.83
0.0358411449869191,-1.4283729193589572,,,0.1714205741882324,0.83
0.03522332503974547,-1.4547413921111396,,,0.1714205741882324,0.83
0.034673218787100564,-1.4812701441331548,,,0.1714205741882324,0.83
0.034189130326322134,-1.5079605355279282,,,0.1714205741882324,0.83
0.033769171507226955,-1.5348137558068273,,,0.1714205741882324,0.83
0.03341128045804768,-1.5618308170446666,,,0.1714205741882324,0.83
0.03311324000481659,-1.5890125484233455,,,0.1714205741882324,0.83
0.032872695893569635,-1.6163595921174647,,,0.1714205741882324,0.83
0.03268717473073331,-1.6438724004702878,,,0.1714205741882324,0.83
0.032554101563214685,-1.6715512344040362,,,0.1714205741882324,0.83
0.03247081702599303,-1.6993961630047023,,,0.1714205741882324,0.83
0.03243459399136128,-1.727407064218342,,,0.1714205741882324,0.83
0.032442653660344455,-1.7555836265931317,,,0.1714205741882324,0.83
0.03249218104318685,-1.7839253519993559,,,0.1714205741882324,0.83
0.03258033978211159,-1.8124315592578735,,,0.1714205741882324,0.83
0.032704286275778975,-1.8411013886065202,,,0.1714205741882324,0.83
0.032861183070970246,-1.8699338069332625,,,0.1714205741882324,0.83
0.03304821149297062,-1.8989276137047553,,,0.1714205741882324,0.83
0.03326258349189208,-1.928081447519196,,,0.1714205741882324,0.83
0.03350155268773817,-1.9573937932130239,,,0.1714205741882324,0.83
0.03376242460234777,-1.9868629894520267,,,0.1714205741882324,0.83
0.03404256607144458,-2.016487236738779,,,0.1714205741882324,0.83
0.03433941383484684,-2.0462646057700056,,,0.1714205741882324,0.83
0.03465048230744492,-2.076193046079419,,,0.1714205741882324,0.83
0.034973370537822845,-2.10627039490378,,,0.1714205741882324,0.83
0.0353057683653733,-2.136494386212373,,,0.1714205741882324,0.83
0.03564546179043161,-2.166862659842693,,,0.1714205741882324,0.83
0.035990337575325895,-2.197372770687955,,,0.1714205741882324,0.83
0.03633838709730935,-2.2280221978849535,,,0.1714205741882324,0.83
0.036687709477105354,-2.2588083539538557,,,0.1714205741882324,0.83
0.03703651400926027,-2.2897285938446386,,,0.1714205741882324,0.83
0.03738312192266642,-2.320780223848087,,,0.1714205741882324,0.83
0.037725967501494526,-2.3519605103325087,,,0.1714205741882324,0.83
0.038063598598368296,-2.3832666882705795,,,0.1714205741882324,0.83
0.03839467657293207,-2.4146959695239905,,,0.1714205741882324,0.83
0.03871797569001585,-2.4462455508568173,,,0.1714205741882324,0.83
0.03903238201240012,-2.4779126216517238,,,0.1714205741882324,0.83
0.03933689182373867,-2.5096943713062627,,,0.1714205741882324,0.83
0.03963060961752187,-2.5415879962896204,,,0.1714205741882324,0.83
0.03991274568806936,-2.5735907068431407,,,0.1714205741882324,0.83
0.04018261335944329,-2.605699733310875,,,0.1714205741882324,0.83
0.04043962588788355,-2.637912332089195,,,0.1714205741882324,0.83
0.040683293072900514,-2.67022579118719,,,0.1714205741882324,0.83
0.0409132176115312,-2.702637435392135,,,0.1714205741882324,0.83
0.04112909122948677,-2.735144631036742,,,0.1714205741882324,0.83
0.041330690622005534,-2.7677447903672014,,,0.1714205741882324,0.83
0.04151787323619212,-2.800435375513185,,,0.1714205741882324,0.83
0.04169057292548129,-2.833213902062993,,,0.1714205741882324,0.83
0.04184879550563006,-2.8660779422488876,,,0.1714205741882324,0.83
0.0419926142403253,-2.8990251277494026,,,0.1714205741882324,0.83
0.04212216528310996,-2.9320531521169713,,,0.1714205741882324,0.83
0.04223764310089079,-2.965159772840661,,,0.1714205741882324,0.83
0.04233929590280615,-2.998342813055095,,,0.1714205741882324,0.83
0.04242742109671541,-3.0316001629077722,,,0.1714205741882324,0.83
0.04250236079403163,-3.064929780598025,,,0.1714205741882324,0.83
0.04256449738206748,-3.098329693101708,,,0.1714205741882324,0.83
0.04261424918150988,-3.1317979965964624,,,0.1714205741882324,0.83
0.04265206620508968,-3.1653328566030146,,,0.1714205741882324,0.83
0.042678426031978585,-3.198932507858453,,,0.1714205741882324,0.83
0.04269382981093268,-3.2325952539378098,,,0.1714205741882324,0.83
0.04269879840371735,-3.2663194666405304,,,0.1714205741882324,0.83
0.04269386867889966,-3.300103585158587,,,0.1714205741882324,0.83
0.04267958996468515,-3.333946115043032,,,0.1714205741882324,0.83
0.04265652066811305,-3.3678456269857744,,,0.1714205741882324,0.83
0.04262522506661084,-3.4018007554332317,,,0.1714205741882324,0.83
0.04258627027664988,-3.435810197048312,,,0.1714205741882324,0.83
0.042540223403041755,-3.4698727090369137,,,0.1714205741882324,0.83
0.04248764887127291,-3.503987107354783,,,0.1714205741882324,0.83
0.04242910594419512,-3.5381522648101704,,,0.1714205741882324,0.83
0.04236514642337308,-3.5723671090772804,,,0.1714205741882324,0.83
0.0422963125344393,-3.606630620634984,,,0.1714205741882324,0.83
0.042223134994921155,-3.6409418306447416,,,0.1714205741882324,0.83
0.0421461312621857,-3.67529981878108,,,0.1714205741882324,0.83
0.042065803958395195,-3.709703711027364,,,0.1714205741882324,0.83
0.04198263946867876,-3.7441526774489535,,,0.1714205741882324,0.83
0.041897106708103635,-3.778645929955189,,,0.1714205741882324,0.83
0.041809656052471465,-3.8131827200609525,,,0.1714205741882324,0.83
0.041720718427469286,-3.8477623366578824,,,0.1714205741882324,0.83
0.04163070455027077,-3.8823841038046094,,,0.1714205741882324,0.83
0.0415400043173081,-3.9170473785446966,,,0.1714205741882324,0.83
0.04144898633161698,-3.9517515487602624,,,0.1714205741882324,0.83
0.04135799756289463,-3.9864960310685764,,,0.1714205741882324,0.83
0.04126736313320071,-4.0212802687682405,,,0.1714205741882324,0.83
0.04117738622107126,-4.056103729840888,,,0.1714205741882324,0.83
0.04108834807670402,-4.09096590501369,,,0.1714205741882324,0.83
0.041000508140806476,-4.1258663058872935,,,0.1714205741882324,0.83
0.04091410425967366,-4.160804463133232,,,0.1714205741882324,0.83
0.040829352989077736,-4.19577992476421,,,0.1714205741882324,0.83
0.0407464499796035,-4.230792254480114,,,0.1714205741882324,0.83
0.04066557043614989,-4.26584103009203,,,0.1714205741882324,0.83
0.04058686964443513,-4.3009258420260315,,,0.1714205741882324,0.83
0.040510483557488756,-4.336046291907999,,,0.1714205741882324,0.83
0.0404365294352859,-4.3712019912302456,,,0.1714205741882324,0.83
0.040365106530873725,-4.406392560100296,,,0.1714205741882324,0.83
0.040296296816555624,-4.441617626071729,,,0.1714205741882324,0.83
0.04023016574393236,-4.476876823056609,,,0.1714205741882324,0.83
0.04016676303184826,-4.512169790318698,,,0.1714205741882324,0.83
0.040106123476553186,-4.54749617154624,,,0.1714205741882324,0.83
0.04004826777866407,-4.582855614002896,,,0.1714205741882324,0.83
0.03999320338179223,-4.61824776775504,,,0.1714205741882324,0.83
0.03994092531799127,-4.653672284973455,,,0.1714205741882324,0.83
0.039891417055474256,-4.689128819307184,,,0.1714205741882324,0.83
0.03984465134434524,-4.7246170253271424,,,0.1714205741882324,0.83
0.03980059105638818,-4.760136558036895,,,0.1714205741882324,0.83
0.039759190015253555,-4.79568707244787,,,0.1714205741882324,0.83
0.03972039381367851,-4.831268223216156,,,0.1714205741882324,0.83
0.039684140614668635,-4.866879664337935,,,0.1714205741882324,0.83
0.039650361933856834,-4.902521048900499,,,0.1714205741882324,0.83
0.03961898340053703,-4.938192028885785,,,0.1714205741882324,0.83
0.03958992549514518,-4.973892255023282,,,0.1714205741882324,0.83
0.0395631042612278,-5.00962137668916,,,0.1714205741882324,0.83
0.039538431990196875,-5.045379041848476,,,0.1714205741882324,0.83
0.039515817877419805,-5.081164897037309,,,0.1714205741882324,0.83
0.03949516864843253,-5.116978587381705,,,0.1714205741882324,0.83
0.03947638915429349,-5.15281975665037,,,0.1714205741882324,0.83
0.039459382935314334,-5.188688047338076,,,0.1714205741882324,0.83
0.039444052752610474,-5.224583100776828,,,0.1714205741882324,0.83
0.03943030108711027,-5.260504557271917,,,0.1714205741882324,0.83
0.03941803060584564,-5.296452056260041,,,0.1714205741882324,0.83
0.03940714459551896,-5.332425236486807,,,0.1714205741882324,0.83
0.03939754736350156,-5.368423736200987,,,0.1714205741882324,0.83
0.039389144606567346,-5.404447193363037,,,0.1714205741882324,0.83
0.03938184374780206,-5.440495245865468,,,0.1714205741882324,0.83
0.03937555424225343,-5.476567531762807,,,0.1714205741882324,0.83
0.03937018785200125,-5.512663689508971,,,0.1714205741882324,0.83
0.03936565889142864,-5.548783358200002,,,0.1714205741882324,0.83
0.039361884443567266,-5.584926177820268,,,0.1714205741882324,0.83
0.03935878454846981,-5.621091789490294,,,0.1714205741882324,0.83
0.03935628236463359,-5.65727983571457,,,0.1714205741882324,0.83
0.039354304304559516,-5.6934899606277725,,,0.1714205741882324,0.83
0.03935278014558166,-5.729721810237958,,,0.1714205741882324,0.83
0.03935164311714421,-5.7659750326654295,,,0.1714205741882324,0.83
0.03935082996573581,-5.802249278376063,,,0.1714205741882324,0.83
0.039350280998716,-5.838544200408025,,,0.1714205741882324,0.83
0.03934994010828545,-5.874859454590906,,,0.1714205741882324,0.83
0.03934975477686113,-5.911194699756417,,,0.1714205741882324,0.83
0.03934967606512056,-5.947549597939894,,,0.1714205741882324,0.83
0.03934965858397533,-5.983923814571955,,,0.1714205741882324,0.83
0.03934966045172462,-6.020317018659774,,,0.1714205741882324,0.83
0.03934964323762425,-6.056728882957492,,,0.1714205741882324,0.83
0.0393495718930867,-6.093159084125415,,,0.1714205741882324,0.83
0.039349414671702804,-6.1296073028777105,,,0.1714205741882324,0.83
0.03934914303924709,-6.166073224118393,,,0.1714205741882324,0.83
0.03934873157479614,-6.202556537065484,,,0.1714205741882324,0.83
0.039348157864053705,-6.23905693536328,,,0.1714205741882324,0.83
0.039347402385937466,-6.275574117182745,,,0.1714205741882324,0.83
0.039346448393441535,-6.312107785310098,,,0.1714205741882324,0.83
0.03934528178974536,-6.34865764722372,,,0.1714205741882324,0.83
0.03934389100049495,-6.3852234151595715,,,0.1714205741882324,0.83
0.03934226684313595,-6.421804806165331,,,0.1714205741882324,0.83
0.03934040239413087,-6.458401542143544,,,0.1714205741882324,0.83
0.039338292854844574,-6.495013349884078,,,0.1714205741882324,0.83
0.03933593541683365,-6.531639961086238,,,0.1714205741882324,0.83
0.03933332912722661,-6.568281112370901,,,0.1714205741882324,0.83
0.039330474754833034,-6.604936545283085,,,0.1714205741882324,0.83
0.03932737465757173,-6.6416060062853655,,,0.1714205741882324,0.83
0.03932403265175986,-6.678289246742582,,,0.1714205741882324,0.83
0.03932045388375801,-6.7149860228982865,,,0.1714205741882324,0.83
0.03931664470442004,-6.751696095843403,,,0.1714205741882324,0.83
0.03931261254675137,-6.7884192314775795,,,0.1714205741882324,0.83
0.03930836580713534,-6.8251552004636995,,,0.1714205741882324,0.83
0.03930391373044493,-6.861903778176049,,,0.1714205741882324,0.83
0.0392992662993158,-6.898664744642616,,,0.1714205741882324,0.83
0.03929443412781725,-6.935437884482009,,,0.1714205741882324,0.83
0.03928942835971959,-6.972222986835462,,,0.1714205741882324,0.83
0.039284260571520374,-7.009019845294408,,,0.1714205741882324,0.83
0.039278942680357476,-7.045828257824074,,,0.1714205741882324,0.83
0.039273486856904294,-7.08264802668355,,,0.1714205741882324,0.83
0.0392679054433117,-7.1194789583427776,,,0.1714205741882324,0.83
0.03926221087623239,-7.156320863396877,,,0.1714205741882324,0.83
0.039256415614936244,-7.193173556478231,,,0.1714205741882324,0.83
0.03925053207450016,-7.230036856166722,,,0.1714205741882324,0.83
0.03924457256403253,-7.266910584898493,,,0.1714205741882324,0.83
0.03923854922987103,-7.30379456887362,,,0.1714205741882324,0.83
0.03923247400367284,-7.340688637963012,,,0.1714205741882324,0.83
0.039226358555298456,-7.377592625614892,,,0.1714205741882324,0.83
0.03922021425037418,-7.414506368761154,,,0.1714205741882324,0.83
0.03921405211240413,-7.451429707723897,,,0.1714205741882324,0.83
0.03920788278928948,-7.488362486122399,,,0.1714205741882324,0.83
0.03920171652410197,-7.525304550780788,,,0.1714205741882324,0.83
0.03919556312994861,-7.562255751636656,,,0.1714205741882324,0.83
0.039189431968756815,-7.599215941650809,,,0.1714205741882324,0.83
0.03918333193380201,-7.636184976718373,,,0.1714205741882324,0.83
0.03917727143579478,-7.673162715581426,,,0.1714205741882324,0.83
0.03917125839234015,-7.710149019743314,,,0.1714205741882324,0.83
0.039165300220578854,-7.747143753384809,,,0.1714205741882324,0.83
0.03915940383281864,-7.78414678328222,,,0.1714205741882324,0.83
0.03915357563496282,-7.8211579787275864,,,0.1714205741882324,0.83
0.03914782152754358,-7.858177211451033,,,0.1714205741882324,0.83
0.039142146909168764,-7.895204355545384,,,0.1714205741882324,0.83
0.03913655668219282,-7.932239287393087,,,0.1714205741882324,0.83
0.03913105526042523,-7.969281885595516,,,0.1714205741882324,0.83
0.03912564657869355,-8.006332030904677,,,0.1714205741882324,0.83
0.039120334104081986,-8.043389606157355,,,0.1714205741882324,0.83
0.039115120848671275,-8.080454496211718,,,0.1714205741882324,0.83
0.03911000938361086,-8.117526587886378,,,0.1714205741882324,0.83
0.039105001854359896,-8.154605769901897,,,0.1714205741882324,0.83
0.03910009999693979,-8.191691932824753,,,0.1714205741882324,0.83
0.039095305155047146,-8.2287849690137,,,0.1714205741882324,0.83
0.03909061829788293,-8.265884772568524,,,0.1714205741882324,0.83
0.03908604003856014,-8.302991239281143,,,0.1714205741882324,0.83
0.039081570652959696,-8.340104266589002,,,0.1714205741882324,0.83
0.03907721009891116,-8.377223753530725,,,0.1714205741882324,0.83
0.039072958035582216,-8.41434960070395,,,0.1714205741882324,0.83
0.03906881384296825,-8.451481710225304,,,0.1714205741882324,0.83
0.03906477664138048,-8.488619985692424,,,0.1714205741882324,0.83
0.039060845310838456,-8.525764332147997,,,0.1714205741882324,0.83
0.039057018510280005,-8.562914656045704,,,0.1714205741882324,0.83
0.039053294696508596,-8.60007086521802,,,0.1714205741882324,0.83
0.039049672142805386,-8.637232868845786,,,0.1714205741882324,0.83
0.03904614895713972,-8.674400577429466,,,0.1714205741882324,0.83
0.03904272309991877,-8.711573902762034,,,0.1714205741882324,0.83
0.03903939240122338,-8.748752757903377,,,0.1714205741882324,0.83
0.039036154577483405,-8.785937057156168,,,0.1714205741882324,0.83
0.03903300724755193,-8.823126716043108,,,0.1714205741882324,0.83
0.03902994794814363,-8.860321651285458,,,0.1714205741882324,0.83
0.039026974148607875,-8.897521780782803,,,0.1714205741882324,0.83
0.0390240832650128,-8.934727023593947,,,0.1714205741882324,0.83
0.03902127267352123,-8.971937299918872,,,0.1714205741882324,0.83
0.03901853972304448,-9.0091525310817,,,0.1714205741882324,0.83
0.0390158817471643,-9.046372639514555,,,0.1714205741882324,0.83
0.039013296075317436,-9.083597548742297,,,0.1714205741882324,0.83
0.03901078004324155,-9.12082718336802,,,0.1714205741882324,0.83
0.039008331002684415,-9.158061469059273,,,0.1714205741882324,0.83
0.039005946330382096,-9.195300332534938,,,0.1714205741882324,0.83
0.039003623436314784,-9.232543701552693,,,0.1714205741882324,0.83
0.03900135977125181,-9.269791504897016,,,0.1714205741882324,0.83
0.03899915283359998,-9.30704367236767,,,0.1714205741882324,0.83
0.03899700017557172,-9.344300134768613,,,0.1714205741882324,0.83
0.03899489940869163,-9.381560823897294,,,0.1714205741882324,0.83
0.03899284820866185,-9.418825672534274,,,0.1714205741882324,0.83
0.03899084431960835,-9.456094614433143,,,0.1714205741882324,0.83
0.038988885557731515,-9.493367584310686,,,0.1714205741882324,0.83
0.038986969814385736,-9.53064451783726,,,0.1714205741882324,0.83
0.03898509505861364,-9.567925351627341,,,0.1714205741882324,0.83
0.03898325933916134,-9.605210023230226,,,0.1714205741882324,0.83
0.03898146078600174,-9.642498471120842,,,0.1714205741882324,0.83
0.03897969761139336,-9.679790634690644,,,0.1714205741882324,0.83
0.03897796811050239,-9.717086454238576,,,0.1714205741882324,0.83
0.0389762706616158,-9.754385870962077,,,0.1714205741882324,0.83
0.03897460372597336,-9.7916888269481,,,0.1714205741882324,0.83
0.03897296584724619,-9.82899526516414,,,0.1714205741882324,0.83
0.038971355650689155,-9.866305129449252,,,0.1714205741882324,0.83
0.03896977184199423,-9.903618364505038,,,0.1714205741882324,0.83
0.038968213205871176,-9.940934915886602,,,0.1714205741882324,0.83
0.038966678604381466,-9.978254729993466,,,0.1714205741882324,0.83
0.03896516697505075,-10.015577754060418,,,0.1714205741882324,0.83
0.038963677328784294,-10.052903936148317,,,0.1714205741882324,0.83
0.038962208747609035,-10.090233225134826,,,0.1714205741882324,0.83
0.03896076038226518,-10.12756557070508,,,0.1714205741882324,0.83
0.03895933144966917,-10.164900923342293,,,0.1714205741882324,0.83
0.03895792123026897,-10.202239234318284,,,0.1714205741882324,0.83
0.03895652906531174,-10.239580455683958,,,0.1714205741882324,0.83
0.03895515435404275,-10.276924540259698,,,0.1714205741882324,0.83
0.038953796550853556,-10.314271441625708,,,0.1714205741882324,0.83
0.03895245516239628,-10.351621114112303,,,0.1714205741882324,0.83
0.038951129744679944,-10.388973512790134,,,0.1714205741882324,0.83
0.03894981990016351,-10.426328593460365,,,0.1714205741882324,0.83
0.038948525274859556,-10.463686312644823,,,0.1714205741882324,0.83
0.03894724555546122,-10.50104662757609,,,0.1714205741882324,0.83
0.03894598046650411,-10.538409496187578,,,0.1714205741882324,0.83
0.038944729767574016,-10.57577487710358,,,0.1714205741882324,0.83
0.03894349325056993,-10.613142729629308,,,0.1714205741882324,0.83
0.038942270737031326,-10.650513013740913,,,0.1714205741882324,0.83
0.038941062075537484,-10.687885690075513,,,0.1714205741882324,0.83
0.038939867139185694,-10.725260719921234,,,0.1714205741882324,0.83
0.03893868582315451,-10.762638065207254,,,0.1714205741882324,0.83
0.038937518042357226,-10.800017688493877,,,0.1714205741882324,0.83
0.038936363729189974,-10.83739955296264,,,0.1714205741882324,0.83
0.038935222831378125,-10.87478362240646,,,0.1714205741882324,0.83
0.038934095309923866,-10.912169861219812,,,0.1714205741882324,0.83
0.03893298113715726,-10.949558234388991,,,0.1714205741882324,0.83
0.03893188029489229,-10.986948707482405,,,0.1714205741882324,0.83
0.0389307927726889,-11.02434124664095,,,0.1714205741882324,0.83
0.03892971856622138,-11.061735818568458,,,0.1714205741882324,0.83
0.038928657675753056,-11.09913239052223,,,0.1714205741882324,0.83
0.03892761010471652,-11.136530930303651,,,0.1714205741882324,0.83
0.0389265758583984,-11.173931406248894,,,0.1714205741882324,0.83
0.03892555494272711,-11.21133378721973,,,0.1714205741882324,0.83
0.038924547363161796,-11.24873804259444,,,0.1714205741882324,0.83
0.038923553123680024,-11.28614414225883,,,0.1714205741882324,0.83
0.038922572225861964,-11.323552056597368,,,0.1714205741882324,0.83
0.038921604668067995,-11.360961756484423,,,0.1714205741882324,0.83
0.03892065044470682,-11.398373213275638,,,0.1714205741882324,0.83
0.038919709545590785,-11.435786398799422,,,0.1714205741882324,0.83
0.03891878195537493,-11.473201285348566,,,0.1714205741882324,0.83
0.038917867653076255,-11.510617845671984,,,0.1714205741882324,0.83
0.038916966611669365,-11.5480360529666,,,0.1714205741882324,0.83
0.038916078797754834,-11.585455880869352,,,0.1714205741882324,0.83
0.03891520417129624,-11.622877303449341,,,0.1714205741882324,0.83
0.03891434268542212,-11.66030029520011,,,0.1714205741882324,0.83
0.038913494286288736,-11.697724831032057,,,0.1714205741882324,0.83
0.03891265891299981,-11.735150886265004,,,0.1714205741882324,0.83
0.03891183649757925,-11.772578436620876,,,0.1714205741882324,0.83
0.03891102696499293,-11.810007458216539,,,0.1714205741882324,0.83
0.03891023023321574,-11.84743792755677,,,0.1714205741882324,0.83
0.03890944621334009,-11.884869821527356,,,0.1714205741882324,0.83
0.038908674809722064,-11.922303117388344,,,0.1714205741882324,0.83
0.03890791592016178,-11.95973779276741,,,0.1714205741882324,0.83
0.038907169436114275,-11.99717382565338,,,0.1714205741882324,0.83
0.03890643524292759,-12.034611194389871,,,0.1714205741882324,0.83
0.038905713220104735,-12.072049877669068,,,0.1714205741882324,0.83
0.038905003241586376,-12.109489854525629,,,0.1714205741882324,0.83
0.0389043051760512,-12.146931104330724,,,0.1714205741882324,0.83
0.038903618887231074,-12.184373606786194,,,0.1714205741882324,0.83
0.038902944234238235,-12.221817341918834,,,0.1714205741882324,0.83
0.03890228107190191,-12.259262290074807,,,0.1714205741882324,0.83
0.03890162925111189,-12.29670843191416,,,0.1714205741882324,0.83
0.038900988619166695,-12.33415574840548,,,0.1714205741882324,0.83
0.038900359020124294,-12.371604220820645,,,0.1714205741882324,0.83
0.0388997402951532,-12.409053830729697,,,0.1714205741882324,0.83
0.03889913228288215,-12.446504559995825,,,0.1714205741882324,0.83
0.03889853481974662,-12.48395639077045,,,0.1714205741882324,0.83
0.038897947740330605,-12.521409305488424,,,0.1714205741882324,0.83
0.03889737087770215,-12.558863286863318,,,0.1714205741882324,0.83
0.0388968040637414,-12.596318317882819,,,0.1714205741882324,0.83
0.03889624712945997,-12.633774381804223,,,0.1714205741882324,0.83
0.03889569990531053,-12.671231462150018,,,0.1714205741882324,0.83
0.03889516222148571,-12.708689542703564,,,0.1714205741882324,0.83
0.0388946339082056,-12.746148607504852,,,0.1714205741882324,0.83
0.038894114795993015,-12.783608640846358,,,0.1714205741882324,0.83
0.03889360471593604,-12.821069627268987,,,0.1714205741882324,0.83
0.03889310349993735,-12.858531551558075,,,0.1714205741882324,0.83
0.03889261098094994,-12.895994398739498,,,0.1714205741882324,0.83
0.03889212699319899,-12.933458154075836,,,0.1714205741882324,0.83
0.03889165137238963,-12.970922803062626,,,0.1714205741882324,0.83
0.03889118395590059,-13.00838833142467,,,0.1714205741882324,0.83
0.03889072458296357,-13.045854725112436,,,0.1714205741882324,0.83
0.038890273094828495,-13.083321970298499,,,0.1714205741882324,0.83
0.03888982933491473,-13.120790053374074,,,0.1714205741882324,0.83
0.038889393148948355,-13.158258960945595,,,0.1714205741882324,0.83
0.03888896438508583,-13.195728679831355,,,0.1714205741882324,0.83
0.03888854289402426,-13.233199197058218,,,0.1714205741882324,0.83
0.0388881285290986,-13.27067049985838,,,0.1714205741882324,0.83
0.038887721146366155,-13.308142575666183,,,0.1714205741882324,0.83
0.03888732060467883,-13.345615412114991,,,0.1714205741882324,0.83
0.038886926765743464,-13.383088997034116,,,0.1714205741882324,0.83
0.03888653949417079,-13.420563318445788,,,0.1714205741882324,0.83
0.0388861586575135,-13.458038364562185,,,0.1714205741882324,0.83
0.038885784126293815,-13.495514123782504,,,0.1714205741882324,0.83
0.03888541577402125,-13.532990584690086,,,0.1714205741882324,0.83
0.03888505347720095,-13.570467736049578,,,0.1714205741882324,0.83
0.0388846971153332,-13.607945566804137,,,0.1714205741882324,0.83
0.03888434657090465,-13.645424066072696,,,0.1714205741882324,0.83
0.0388840017293718,-13.682903223147248,,,0.1714205741882324,0.83
0.038883662479137264,-13.720383027490186,,,0.1714205741882324,0.83
0.03888332871151938,-13.75786346873168,,,0.1714205741882324,0.83
0.03888300032071569,-13.795344536667086,,,0.1714205741882324,0.83
0.038882677203760846,-13.832826221254408,,,0.1714205741882324,0.83
0.03888235926047937,-13.870308512611778,,,0.1714205741882324,0.83
0.0388820463934339,-13.907791401014993,,,0.1714205741882324,0.83
0.03888173850786931,-13.945274876895066,,,0.1714205741882324,0.83
0.03888143551165324,-13.982758930835832,,,0.1714205741882324,0.83
0.03888113731521349,-14.020243553571573,,,0.1714205741882324,0.83
0.038880843831472674,-14.057728735984693,,,0.1714205741882324,0.83
0.03888055497578065,-14.095214469103404,,,0.1714205741882324,0.83
0.03888027066584505,-14.132700744099466,,,0.1714205741882324,0.83
0.03887999082166033,-14.170187552285947,,,0.1714205741882324,0.83
0.03887971536543578,-14.207674885115019,,,0.1714205741882324,0.83
0.03887944422152267,-14.24516273417578,,,0.1714205741882324,0.83
0.038879177316341045,-14.282651091192115,,,0.1714205741882324,0.83
0.03887891457830639,-14.320139948020579,,,0.1714205741882324,0.83
0.038878655937756426,-14.357629296648316,,,0.1714205741882324,0.83
0.0388784013268784,-14.395119129191004,,,0.1714205741882324,0.83
0.038878150679636986,-14.432609437890827,,,0.1714205741882324,0.83
0.03887790393170316,-14.470100215114483,,,0.1714205741882324,0.83
0.038877661020384154,-14.507591453351214,,,0.1714205741882324,0.83
0.03887742188455472,-14.545083145210866,,,0.1714205741882324,0.83
0.0388771864645899,-14.582575283421974,,,0.1714205741882324,0.83
0.038876954702299356,-14.620067860829884,,,0.1714205741882324,0.83
0.03887672654086352,-14.65756087039489,,,0.1714205741882324,0.83
0.038876501924771614,-14.695054305190403,,,0.1714205741882324,0.83
0.0388762807997616,-14.732548158401153,,,0.1714205741882324,0.83
0.03887606311276225,-14.770042423321405,,,0.1714205741882324,0.83
0.03887584881183728,-14.807537093353208,,,0.1714205741882324,0.83
0.03887563784613173,-14.845032162004674,,,0.1714205741882324,0.83
0.03887543016582054,-14.882527622888276,,,0.1714205741882324,0.83
0.038875225722059384,-14.920023469719167,,,0.1714205741882324,0.83
0.03887502446693777,-14.957519696313542,,,0.1714205741882324,0.83
0.038874826353434415,-14.995016296587002,,,0.1714205741882324,0.83
0.03887463133537494,-15.03251326455296,,,0.1714205741882324,0.83
0.03887443936739175,-15.070010594321065,,,0.1714205741882324,0.83
0.03887425040488619,-15.107508280095646,,,0.1714205741882324,0.83
0.03887406440399291,-15.14500631617419,,,0.1714205741882324,0.83
0.03887388132154635,-15.18250469694583,,,0.1714205741882324,0.83
0.03887370111504944,-15.220003416889876,,,0.1714205741882324,0.83
0.03887352374264424,-15.257502470574341,,,0.1714205741882324,0.83
0.038873349163084686,-15.295001852654519,,,0.1714205741882324,0.83
0.03887317733571124,-15.332501557871566,,,0.1714205741882324,0.83
0.038873008220427434,-15.370001581051113,,,0.1714205741882324,0.83
0.03887284177767823,-15.407501917101897,,,0.1714205741882324,0.83
0.03887267796843012,-15.445002561014409,,,0.1714205741882324,0.83
0.03887251675415287,-15.482503507859578,,,0.1714205741882324,0.83
0.038872358096802874,-15.520004752787463,,,0.1714205741882324,0.83
0.03887220195880804,-15.557506291025968,,,0.1714205741882324,0.83
0.038872048303054046,-15.595008117879585,,,0.1714205741882324,0.83
0.038871897092872004,-15.632510228728151,,,0.1714205741882324,0.83
0.03887174829202737,-15.670012619025623,,,0.1714205741882324,0.83
0.03887160186471007,-15.707515284298882,,,0.1714205741882324,0.83
0.03887145777552571,-15.745018220146546,,,0.1714205741882324,0.83
0.03887131598948784,-15.782521422237814,,,0.1714205741882324,0.83
0.0388711764720112,-15.820024886311314,,,0.1714205741882324,0.83
0.03887103918890582,-15.857528608173988,,,0.1714205741882324,0.83
0.03887090410637192,-15.89503258369998,,,0.1714205741882324,0.83
0.03887077119099565,-15.932536808829546,,,0.1714205741882324,0.83
0.03887064040974534,-15.970041279567996,,,0.1714205741882324,0.83
0.038870511729968533,-16.007545991984625,,,0.1714205741882324,0.83
0.038870385119389436,-16.04505094221169,,,0.1714205741882324,0.83
0.03887026054610689,-16.082556126443396,,,0.1714205741882324,0.83
0.038870137978592796,-16.120061540934884,,,0.1714205741882324,0.83
0.03887001738569086,-16.157567182001248,,,0.1714205741882324,0.83
0.038869898736615685,-16.195073046016578,,,0.1714205741882324,0.83
0.0388697820009521,-16.232579129413,,,0.1714205741882324,0.83
0.03886966714865472,-16.270085428679742,,,0.1714205741882324,0.83
0.03886955415004768,-16.307591940362215,,,0.1714205741882324,0.83
0.03886944297582452,-16.345098661061108,,,0.1714205741882324,0.83
0.038869333597048084,-16.38260558743149,,,0.1714205741882324,0.83
0.038869225985150545,-16.420112716181958,,,0.1714205741882324,0.83
0.03886912011193346,-16.457620044073742,,,0.1714205741882324,0.83
0.038869015949567765,-16.49512756791989,,,0.1714205741882324,0.83
0.03886891347059374,-16.532635284584423,,,0.1714205741882324,0.83
0.03886881264792097,-16.570143190981508,,,0.1714205741882324,0.83
0.03886871345482815,-16.607651284074667,,,0.1714205741882324,0.83
0.03886861586496283,-16.64515956087598,,,0.1714205741882324,0.83
0.03886851985234104,-16.68266801844531,,,0.1714205741882324,0.83
0.038868425391346745,-16.72017665388952,,,0.1714205741882324,0.83
0.03886833245673118,-16.757685464361753,,,0.1714205741882324,0.83
0.038868241023612006,-16.795194447060656,,,0.1714205741882324,0.83
0.03886815106747232,-16.83270359922967,,,0.1714205741882324,0.83
0.03886806256415947,-16.870212918156312,,,0.1714205741882324,0.83
0.03886797548988367,-16.90772240117147,,,0.1714205741882324,0.83
0.03886788982121645,-16.9452320456487,,,0.1714205741882324,0.83
0.03886780553508895,-16.982741849003567,,,0.1714205741882324,0.83
0.038867722608789936,-17.02025180869294,,,0.1714205741882324,0.83
0.038867641019963706,-17.05776192221436,,,0.1714205741882324,0.83
0.03886756074660778,-17.095272187105383,,,0.1714205741882324,0.83
0.03886748176707039,-17.13278260094293,,,0.1714205741882324,0.83
0.03886740406004783,-17.170293161342677,,,0.1714205741882324,0.83
0.03886732760458158,-17.20780386595842,,,0.1714205741882324,0.83
0.03886725238005529,-17.24531471248148,,,0.1714205741882324,0.83
0.0388671783661916,-17.28282569864009,,,0.1714205741882324,0.83
0.038867105543048786,-17.32033682219882,,,0.1714205741882324,0.83
0.038867033891017276,-17.35784808095799,,,0.1714205741882324,0.83
0.038866963390816,-17.395359472753103,,,0.1714205741882324,0.83
0.03886689402348864,-17.43287099545428,,,0.1714205741882324,0.83
0.03886682577039972,-17.470382646965714,,,0.1714205741882324,0.83
0.0388667586132306,-17.507894425225114,,,0.1714205741882324,0.83
0.038866692533975386,-17.545406328203192,,,0.1714205741882324,0.83
0.0,0.0,0.028897502655768282,-1.6624275926393648,0.1842874526977538,0.84
0.004997712716509736,-0.0003984297808798691,0.036591316095618484,-5.857420810546122,0.1842874526977538,0.84
0.009981689680255567,-0.0015880054547163104,,,0.1842874526977538,0.84
0.014938185516646774,-0.0035598294930364533,,,0.1842874526977538,0.84
0.019853535858751995,-0.006303626532555322,,,0.1842874526977538,0.84
0.024714183944991433,-0.009808605037412207,,,0.1842874526977538,0.84
0.029506804166163587,-0.014063207810662528,,,0.1842874526977538,0.84
0.03421833746045594,-0.019055113763891608,,,0.1842874526977538,0.84
0.03883606409734646,-0.02477126412353402,,,0.1842874526977538,0.84
0.04334766648620089,-0.031197890264716525,,,0.1842874526977538,0.84
0.047741289332266526,-0.03832054638768894,,,0.1842874526977538,0.84
0.05200559635404106,-0.04612414658268894,,,0.1842874526977538,0.84
0.05612982328739634,-0.054593005974518743,,,0.1842874526977538,0.84
0.06010382687972447,-0.06371088559722232,,,0.1842874526977538,0.84
0.06391812961635356,-0.07346104062931169,,,0.1842874526977538,0.84
0.06756395995834462,-0.08382627160330289,,,0.1842874526977538,0.84
0.07103328790874033,-0.09478897819006994,,,0.1842874526977538,0.84
0.07431885576269275,-0.10633121514877643,,,0.1842874526977538,0.84
0.07741420393532263,-0.11843475002686149,,,0.1842874526977538,0.84
0.0803136917993291,-0.13108112219170107,,,0.1842874526977538,0.84
0.08301251350195488,-0.14425170277605545,,,0.1842874526977538,0.84
0.08550670876762062,-0.1579277551231507,,,0.1842874526977538,0.84
0.08779316872809041,-0.17209049532409113,,,0.1842874526977538,0.84
0.08986963685616124,-0.18672115245011453,,,0.1842874526977538,0.84
0.09173470511134389,-0.2018010280947988,,,0.1842874526977538,0.84
0.0933878054366117,-0.21731155485652326,,,0.1842874526977538,0.84
0.09482919677384621,-0.23323435340905796,,,0.1842874526977538,0.84
0.09605994779194729,-0.24955128782788072,,,0.1842874526977538,0.84
0.097081915545562,-0.2662445188614663,,,0.1842874526977538,0.84
0.09789772030391462,-0.2832965548601024,,,0.1842874526977538,0.84
0.09851071680820628,-0.30069030009952097,,,0.1842874526977538,0.84
0.09892496223244077,-0.3184091002625201,,,0.1842874526977538,0.84
0.09914518113629212,-0.3364367848685542,,,0.1842874526977538,0.84
0.09917672770975187,-0.35475770646871146,,,0.1842874526977538,0.84
0.09902554561779717,-0.3733567764513489,,,0.1842874526977538,0.84
0.09869812575924163,-0.3922194973316588,,,0.1842874526977538,0.84
0.09820146225733022,-0.4113319914263685,,,0.1842874526977538,0.84
0.0975430070005932,-0.4306810258424051,,,0.1842874526977538,0.84
0.09673062305107923,-0.4502540337354744,,,0.1842874526977538,0.84
0.09577253723345432,-0.47003913182091606,,,0.1842874526977538,0.84
0.09467729221270593,-0.49002513414471904,,,0.1842874526977538,0.84
0.09345369836046753,-0.5102015621470546,,,0.1842874526977538,0.84
0.09211078570042408,-0.5305586510739527,,,0.1842874526977538,0.84
0.0906577562120285,-0.551087352814687,,,0.1842874526977538,0.84
0.08910393675901547,-0.5717793352629287,,,0.1842874526977538,0.84
0.08745873289510522,-0.5926269783186862,,,0.1842874526977538,0.84
0.08573158378401824,-0.6136233666653886,,,0.1842874526977538,0.84
0.0839319184546391,-0.6347622794721373,,,0.1842874526977538,0.84
0.0820691135950453,-0.6560381771850978,,,0.1842874526977538,0.84
0.08015245307132257,-0.677446185584214,,,0.1842874526977538,0.84
0.0781910893387846,-0.698982077291873,,,0.1842874526977538,0.84
0.07619400689456524,-0.7206422509288618,,,0.1842874526977538,0.84
0.07416998790170737,-0.7424237081199235,,,0.1842874526977538,0.84
0.07212758009598337,-0.7643240285565052,,,0.1842874526977538,0.84
0.07007506706788909,-0.7863413433279077,,,0.1842874526977538,0.84
0.06802044099368669,-0.8084743067340759,,,0.1842874526977538,0.84
0.06597137787115787,-0.8307220667937529,,,0.1842874526977538,0.84
0.06393521529797808,-0.8530842346607531,,,0.1842874526977538,0.84
0.061918932813444384,-0.8755608531587532,,,0.1842874526977538,0.84
0.05992913480777206,-0.8981523646413515,,,0.1842874526977538,0.84
0.05797203598740827,-0.9208595783792961,,,0.1842874526977538,0.84
0.056053449369864276,-0.9436836376708252,,,0.1842874526977538,0.84
0.05417877676750776,-0.9666259868640985,,,0.1842874526977538,0.84
0.05235300170663298,-0.9896883384728302,,,0.1842874526977538,0.84
0.050580684715987215,-1.0128726405575605,,,0.1842874526977538,0.84
0.04886596090780557,-1.0361810445356323,,,0.1842874526977538,0.84
0.04721253976431982,-1.0596158735729666,,,0.1842874526977538,0.84
0.04562370703367573,-1.0831795917002667,,,0.1842874526977538,0.84
0.04410232863122088,-1.1068747737854119,,,0.1842874526977538,0.84
0.042650856435213345,-1.1307040764826377,,,0.1842874526977538,0.84
0.04127133586013791,-1.1546702102677202,,,0.1842874526977538,0.84
0.039965415085986986,-1.1787759126568838,,,0.1842874526977538,0.84
0.03873435581804312,-1.2030239226956212,,,0.1842874526977538,0.84
0.037579045448861356,-1.227416956792122,,,0.1842874526977538,0.84
0.03650001049225769,-1.251957685958638,,,0.1842874526977538,0.84
0.03549743115812567,-1.2766487145129295,,,0.1842874526977538,0.84
0.03457115693678344,-1.3014925602810081,,,0.1842874526977538,0.84
0.03372072306225205,-1.3264916363317787,,,0.1842874526977538,0.84
0.032945367725331534,-1.3516482342639249,,,0.1842874526977538,0.84
0.032244049909523474,-1.376964509055545,,,0.1842874526977538,0.84
0.03161546772569205,-1.4024424654776617,,,0.1842874526977538,0.84
0.031058077124804996,-1.4280839460638275,,,0.1842874526977538,0.84
0.030570110872094935,-1.4538906206196738,,,0.1842874526977538,0.84
0.030149597670473177,-1.4798639772484223,,,0.1842874526977538,0.84
0.029794381325955802,-1.5060053148611074,,,0.1842874526977538,0.84
0.029502139853168744,-1.5323157371335754,,,0.1842874526977538,0.84
0.029270404424629522,-1.558796147866228,,,0.1842874526977538,0.84
0.029096578073403618,-1.5854472476969763,,,0.1842874526977538,0.84
0.028977954064850216,-1.6122695321129654,,,0.1842874526977538,0.84
0.028911733859454045,-1.6392632907023166,,,0.1842874526977538,0.84
0.028895044595138045,-1.6664286075834058,,,0.1842874526977538,0.84
0.028924956023918705,-1.6937653629460467,,,0.1842874526977538,0.84
0.028998496844257524,-1.7212732356363523,,,0.1842874526977538,0.84
0.02911267037693606,-1.748951706715006,,,0.1842874526977538,0.84
0.029264469538699364,-1.7768000639171544,,,0.1842874526977538,0.84
0.029450891074236544,-1.8048174069411134,,,0.1842874526977538,0.84
0.02966894901326431,-1.8330026534925519,,,0.1842874526977538,0.84
0.029915687325518588,-1.8613545460107335,,,0.1842874526977538,0.84
0.03018819175231346,-1.8898716590037516,,,0.1842874526977538,0.84
0.030483600798970008,-1.9185524069204443,,,0.1842874526977538,0.84
0.030799115877829197,-1.9473950524878025,,,0.1842874526977538,0.84
0.03113201059672283,-1.9763977154441572,,,0.1842874526977538,0.84
0.03147963919266888,-2.005558381600212,,,0.1842874526977538,0.84
0.031839444115168966,-2.034874912162065,,,0.1842874526977538,0.84
0.03220896276780434,-2.064345053252678,,,0.1842874526977538,0.84
0.032585833420846005,-2.093966445570819,,,0.1842874526977538,0.84
0.032967800311306306,-2.1237366341292283,,,0.1842874526977538,0.84
0.03335271795026215,-2.1536530780167045,,,0.1842874526977538,0.84
0.033738554660370526,-2.1837131601318327,,,0.1842874526977538,0.84
0.0341233953692772,-2.2139141968392755,,,0.1842874526977538,0.84
0.03450544368709131,-2.2442534475027887,,,0.1842874526977538,0.84
0.03488302329826612,-2.274728123852456,,,0.1842874526977538,0.84
0.03525457870009569,-2.3053353991469954,,,0.1842874526977538,0.84
0.035618675321616305,-2.3360724170953757,,,0.1842874526977538,0.84
0.03597399905799754,-2.3669363005053534,,,0.1842874526977538,0.84
0.03631935525653263,-2.3979241596299015,,,0.1842874526977538,0.84
0.0366536671911005,-2.4290331001858094,,,0.1842874526977538,0.84
0.036975974062485026,-2.4602602310219956,,,0.1842874526977538,0.84
0.037285428562213695,-2.491602671418257,,,0.1842874526977538,0.84
0.03758129403762974,-2.523057557998268,,,0.1842874526977538,0.84
0.037862941295754404,-2.5546220512436584,,,0.1842874526977538,0.84
0.0381298450831418,-2.5862933415988585,,,0.1842874526977538,0.84
0.038381580278393106,-2.618068655159199,,,0.1842874526977538,0.84
0.03861781783329382,-2.6499452589373647,,,0.1842874526977538,0.84
0.03883832049768189,-2.681920465705821,,,0.1842874526977538,0.84
0.03904293836216051,-2.7139916384151874,,,0.1842874526977538,0.84
0.03923160425165142,-2.746156194190757,,,0.1842874526977538,0.84
0.03940432900155693,-2.778411607911413,,,0.1842874526977538,0.84
0.03956119664697552,-2.8107554153771352,,,0.1842874526977538,0.84
0.03970235955401027,-2.8431852160730275,,,0.1842874526977538,0.84
0.03982803352073476,-2.8756986755394274,,,0.1842874526977538,0.84
0.039938492873850095,-2.9082935273591124,,,0.1842874526977538,0.84
0.040034065585491344,-2.940967574773928,,,0.1842874526977538,0.84
0.040115128433034226,-2.9737186919443213,,,0.1842874526977538,0.84
0.04018210222312346,-3.006544824866287,,,0.1842874526977538,0.84
0.04023544709950404,-3.0394439919611016,,,0.1842874526977538,0.84
0.0402756579525953,-3.072414284353957,,,0.1842874526977538,0.84
0.0403032599471142,-3.1054538658582245,,,0.1842874526977538,0.84
0.04031880418243731,-3.138560972682536,,,0.1842874526977538,0.84
0.040322863498798496,-3.1717339128782465,,,0.1842874526977538,0.84
0.04031602844085844,-3.204971065545069,,,0.1842874526977538,0.84
0.04029890338865907,-3.2382708798128093,,,0.1842874526977538,0.84
0.04027210286449759,-3.2716318736171566,,,0.1842874526977538,0.84
0.040236248022824855,-3.3050526322874143,,,0.1842874526977538,0.84
0.040191963328897524,-3.3385318069638976,,,0.1842874526977538,0.84
0.040139873430595385,-3.372068112862486,,,0.1842874526977538,0.84
0.04008060022655895,-3.405660327403494,,,0.1842874526977538,0.84
0.040014760132609954,-3.4393072882216402,,,0.1842874526977538,0.84
0.03994296154729124,-3.473007891073444,,,0.1842874526977538,0.84
0.039865802516304914,-3.506761087657866,,,0.1842874526977538,0.84
0.03978386859463893,-3.5405658833654594,,,0.1842874526977538,0.84
0.039697730904254026,-3.574421334970689,,,0.1842874526977538,0.84
0.03960794438435508,-3.6083265482814424,,,0.1842874526977538,0.84
0.03951504623049358,-3.642280675759086,,,0.1842874526977538,0.84
0.039419554518040294,-3.6762829141217184,,,0.1842874526977538,0.84
0.03932196700492905,-3.7103325019425615,,,0.1842874526977538,0.84
0.03922276010800196,-3.744428717254694,,,0.1842874526977538,0.84
0.03912238804678258,-3.77857087517259,,,0.1842874526977538,0.84
0.03902128214806449,-3.812758325540182,,,0.1842874526977538,0.84
0.03891985030432634,-3.8469904506144044,,,0.1842874526977538,0.84
0.0388184765786689,-3.8812666627924446,,,0.1842874526977538,0.84
0.038717520948712246,-3.9155864023901734,,,0.1842874526977538,0.84
0.03861731918168975,-3.949949135478505,,,0.1842874526977538,0.84
0.038518182832826965,-3.9843543517837117,,,0.1842874526977538,0.84
0.03842039935899554,-4.018801562657028,,,0.1842874526977538,0.84
0.03832423233958166,-4.053290299118187,,,0.1842874526977538,0.84
0.03822992179650255,-4.087820109976866,,,0.1842874526977538,0.84
0.038137684605340255,-4.122390560035411,,,0.1842874526977538,0.84
0.038047714989636196,-4.157001228375546,,,0.1842874526977538,0.84
0.03796018509050005,-4.191651706731229,,,0.1842874526977538,0.84
0.03787524560382918,-4.226341597949246,,,0.1842874526977538,0.84
0.03779302647760722,-4.2610705145385905,,,0.1842874526977538,0.84
0.037713637661949816,-4.295838077309197,,,0.1842874526977538,0.84
0.0376371699047888,-4.3306439141001105,,,0.1842874526977538,0.84
0.03756369558633039,-4.36548765859674,,,0.1842874526977538,0.84
0.037493269585686315,-4.400368949236446,,,0.1842874526977538,0.84
0.03742593017335536,-4.4352874282013195,,,0.1842874526977538,0.84
0.037361699923525206,-4.470242740496663,,,0.1842874526977538,0.84
0.03730058664046763,-4.505234533113395,,,0.1842874526977538,0.84
0.037242584293611804,-4.540262454272273,,,0.1842874526977538,0.84
0.03718767395619889,-4.57532615274761,,,0.1842874526977538,0.84
0.03713582474274331,-4.610425277267903,,,0.1842874526977538,0.84
0.03708699474085147,-4.645559475990631,,,0.1842874526977538,0.84
0.03704113193327378,-4.680728396048252,,,0.1842874526977538,0.84
0.036998175106390405,-4.715931683162344,,,0.1842874526977538,0.84
0.03695805474165251,-4.751168981322667,,,0.1842874526977538,0.84
0.036920693886818234,-4.786439932527857,,,0.1842874526977538,0.84
0.036886009004134274,-4.821744176584367,,,0.1842874526977538,0.84
0.03685391079291877,-4.857081350960241,,,0.1842874526977538,0.84
0.03682430498429856,-4.8924510906902565,,,0.1842874526977538,0.84
0.03679709310614167,-4.927853028328965,,,0.1842874526977538,0.84
0.03677217321650449,-4.9632867939481775,,,0.1842874526977538,0.84
0.03674944060418118,-4.998752015175452,,,0.1842874526977538,0.84
0.036728788455199175,-5.034248317270173,,,0.1842874526977538,0.84
0.03671010848435032,-5.069775323233892,,,0.1842874526977538,0.84
0.03669329153107959,-5.105332653951634,,,0.1842874526977538,0.84
0.03667822811927416,-5.1409199283609714,,,0.1842874526977538,0.84
0.03666480898070309,-5.1765367636457515,,,0.1842874526977538,0.84
0.036652925542052774,-5.212182775451452,,,0.1842874526977538,0.84
0.036642470375684986,-5.247857578119257,,,0.1842874526977538,0.84
0.03663333761441298,-5.283560784936058,,,0.1842874526977538,0.84
0.03662542333074696,-5.31929200839769,,,0.1842874526977538,0.84
0.03661862588120272,-5.35505086048285,,,0.1842874526977538,0.84
0.036612846216397585,-5.390836952935281,,,0.1842874526977538,0.84
0.03660798815777513,-5.426649897551904,,,0.1842874526977538,0.84
0.03660395864190538,-5.462489306474754,,,0.1842874526977538,0.84
0.036600667933400846,-5.498354792484681,,,0.1842874526977538,0.84
0.03659802980757014,-5.534245969294937,,,0.1842874526977538,0.84
0.036595961704001916,-5.570162451842869,,,0.1842874526977538,0.84
0.03659438485233136,-5.606103856578129,,,0.1842874526977538,0.84
0.03659322437149131,-5.64206980174589,,,0.1842874526977538,0.84
0.03659240934378953,-5.678059907663715,,,0.1842874526977538,0.84
0.03659187286518406,-5.714073796990866,,,0.1842874526977538,0.84
0.036591552073150055,-5.750111094988939,,,0.1842874526977538,0.84
0.03659138815354453,-5.786171429772853,,,0.1842874526977538,0.84
0.036591326327880674,-5.822254432551342,,,0.1842874526977538,0.84
0.03659131582242144,-5.85835973785619,,,0.1842874526977538,0.84
0.036591309820493,-5.894486983759591,,,0.1842874526977538,0.84
0.03659126539940377,-5.93063581207911,,,0.1842874526977538,0.84
0.036591143453333495,-5.966805868569809,,,0.1842874526977538,0.84
0.03659090860353089,-6.002996803103209,,,0.1842874526977538,0.84
0.03659052909712723,-6.039208269832871,,,0.1842874526977538,0.84
0.036589976695838126,-6.075439927346414,,,0.1842874526977538,0.84
0.03658922655578651,-6.111691438803925,,,0.1842874526977538,0.84
0.03658825709963774,-6.14796247206275,,,0.1842874526977538,0.84
0.03658704988219211,-6.184252699788749,,,0.1842874526977538,0.84
0.03658558945053248,-6.220561799554142,,,0.1842874526977538,0.84
0.03658386319977494,-6.256889453922166,,,0.1842874526977538,0.84
0.0365818612254187,-6.293235350518765,,,0.1842874526977538,0.84
0.036579576173238905,-6.3295991820916475,,,0.1842874526977538,0.84
0.03657700308761213,-6.3659806465570306,,,0.1842874526977538,0.84
0.03657413925910997,-6.402379447034471,,,0.1842874526977538,0.84
0.03657098407214166,-6.438795291870197,,,0.1842874526977538,0.84
0.03656753885337183,-6.475227894649398,,,0.1842874526977538,0.84
0.03656380672158516,-6.511676974197935,,,0.1842874526977538,0.84
0.036559792439615955,-6.548142254573981,,,0.1842874526977538,0.84
0.03655550226890739,-6.584623465050102,,,0.1842874526977538,0.84
0.03655094382721304,-6.621120340086308,,,0.1842874526977538,0.84
0.0365461259499023,-6.657632619294608,,,0.1842874526977538,0.84
0.03654105855528181,-6.694160047395624,,,0.1842874526977538,0.84
0.03653575251429624,-6.730702374167808,,,0.1842874526977538,0.84
0.036530219524925876,-6.767259354389802,,,0.1842874526977538,0.84
0.03652447199155288,-6.803830747776516,,,0.1842874526977538,0.84
0.03651852290952555,-6.840416318909434,,,0.1842874526977538,0.84
0.036512385755108394,-6.877015837161707,,,0.1842874526977538,0.84
0.036506074380966785,-6.913629076618549,,,0.1842874526977538,0.84
0.036499602917297806,-6.950255815993457,,,0.1842874526977538,0.84
0.036492985678683726,-6.9868958385407485,,,0.1842874526977538,0.84
0.03648623707671166,-7.0235489319649185,,,0.1842874526977538,0.84
0.03647937153837195,-7.060214888327271,,,0.1842874526977538,0.84
0.03647240343021908,-7.096893503950292,,,0.1842874526977538,0.84
0.03646534698825241,-7.133584579320198,,,0.1842874526977538,0.84
0.036458216253449104,-7.1702879189880715,,,0.1842874526977538,0.84
0.036451025012859434,-7.207003331469985,,,0.1842874526977538,0.84
0.036443786746154026,-7.243730629146493,,,0.1842874526977538,0.84
0.03643651457749397,-7.2804696281618435,,,0.1842874526977538,0.84
0.036429221232578364,-7.317220148323244,,,0.1842874526977538,0.84
0.03642191900070898,-7.3539820130005005,,,0.1842874526977538,0.84
0.03641461970169894,-7.390755049026315,,,0.1842874526977538,0.84
0.03640733465744115,-7.42753908659752,,,0.1842874526977538,0.84
0.03640007466794276,-7.46433395917749,,,0.1842874526977538,0.84
0.03639284999162406,-7.501139503399971,,,0.1842874526977538,0.84
0.03638567032967392,-7.537955558974521,,,0.1842874526977538,0.84
0.03637854481424919,-7.574781968593768,,,0.1842874526977538,0.84
0.03637148200030157,-7.611618577842634,,,0.1842874526977538,0.84
0.036364489860813864,-7.648465235109692,,,0.1842874526977538,0.84
0.036357575785226005,-7.685321791500771,,,0.1842874526977538,0.84
0.036350746580831754,-7.722188100754936,,,0.1842874526977538,0.84
0.03634400847692807,-7.759064019162927,,,0.1842874526977538,0.84
0.03633736713150133,-7.795949405488141,,,0.1842874526977538,0.84
0.03633082764023768,-7.832844120890221,,,0.1842874526977538,0.84
0.03632439454764858,-7.869748028851296,,,0.1842874526977538,0.84
0.03631807186010752,-7.906660995104913,,,0.1842874526977538,0.84
0.0363118630605987,-7.943582887567672,,,0.1842874526977538,0.84
0.036305771124984856,-7.980513576273585,,,0.1842874526977538,0.84
0.0362997985396074,-8.017452933311137,,,0.1842874526977538,0.84
0.03629394732003909,-8.054400832763056,,,0.1842874526977538,0.84
0.036288219030816644,-8.091357150648752,,,0.1842874526977538,0.84
0.036282614805988184,-8.128321764869394,,,0.1842874526977538,0.84
0.036277135370318334,-8.16529455515559,,,0.1842874526977538,0.84
0.036271781061001665,-8.20227540301761,,,0.1842874526977538,0.84
0.036266551849743464,-8.2392641916981,,,0.1842874526977538,0.84
0.03626144736507499,-8.276260806127222,,,0.1842874526977538,0.84
0.0362564669147788,-8.313265132880165,,,0.1842874526977538,0.84
0.036251609508307935,-8.350277060136918,,,0.1842874526977538,0.84
0.03624687387909117,-8.38729647764427,,,0.1842874526977538,0.84
0.036242258506624665,-8.424323276679932,,,0.1842874526977538,0.84
0.03623776163825864,-8.461357350018694,,,0.1842874526977538,0.84
0.03623338131059539,-8.498398591900552,,,0.1842874526977538,0.84
0.036229115370423164,-8.535446898000686,,,0.1842874526977538,0.84
0.036224961495117725,-8.572502165401234,,,0.1842874526977538,0.84
0.03622091721245104,-8.609564292564752,,,0.1842874526977538,0.84
0.03621697991975363,-8.646633179309262,,,0.1842874526977538,0.84
0.03621314690238405,-8.683708726784825,,,0.1842874526977538,0.84
0.03620941535146564,-8.720790837451528,,,0.1842874526977538,0.84
0.03620578238085711,-8.757879415058799,,,0.1842874526977538,0.84
0.036202245043329424,-8.794974364625979,,,0.1842874526977538,0.84
0.03619880034592754,-8.83207559242404,,,0.1842874526977538,0.84
0.03619544526450065,-8.869183005958392,,,0.1842874526977538,0.84
0.036192176757390095,-8.906296513952675,,,0.1842874526977538,0.84
0.03618899177826868,-8.943416026333475,,,0.1842874526977538,0.84
0.03618588728812984,-8.980541454215873,,,0.1842874526977538,0.84
0.036182860266429154,-9.01767270988976,,,0.1842874526977538,0.84
0.036179907721384796,-9.054809706806855,,,0.1842874526977538,0.84
0.03617702669944692,-9.091952359568339,,,0.1842874526977538,0.84
0.036174214293949306,-9.129100583913054,,,0.1842874526977538,0.84
0.03617146765295973,-9.166254296706208,,,0.1842874526977538,0.84
0.03616878398634789,-9.20341341592851,,,0.1842874526977538,0.84
0.03616616057209254,-9.2405778606657,,,0.1842874526977538,0.84
0.03616359476185124,-9.27774755109841,,,0.1842874526977538,0.84
0.03616108398581819,-9.314922408492306,,,0.1842874526977538,0.84
0.03615862575689724,-9.35210235518848,,,0.1842874526977538,0.84
0.03615621767421846,-9.389287314594025,,,0.1842874526977538,0.84
0.036153857426027766,-9.426477211172777,,,0.1842874526977538,0.84
0.03615154279198007,-9.463671970436174,,,0.1842874526977538,0.84
0.03614927164486713,-9.500871518934208,,,0.1842874526977538,0.84
0.03614704195181168,-9.53807578424643,,,0.1842874526977538,0.84
0.036144851774959796,-9.575284694972993,,,0.1842874526977538,0.84
0.03614269927170352,-9.612498180725687,,,0.1842874526977538,0.84
0.036140582694465934,-9.64971617211898,,,0.1842874526977538,0.84
0.03613850039008031,-9.686938600761007,,,0.1842874526977538,0.84
0.03613645079879508,-9.724165399244516,,,0.1842874526977538,0.84
0.03613443245293551,-9.761396501137751,,,0.1842874526977538,0.84
0.03613244397525275,-9.798631840975249,,,0.1842874526977538,0.84
0.036130484076989954,-9.83587135424856,,,0.1842874526977538,0.84
0.03612855155569462,-9.873114977396867,,,0.1842874526977538,0.84
0.03612664529280525,-9.910362647797504,,,0.1842874526977538,0.84
0.03612476425103973,-9.94761430375637,,,0.1842874526977538,0.84
0.03612290747161154,-9.98486988449824,,,0.1842874526977538,0.84
0.03612107407129915,-10.022129330156964,,,0.1842874526977538,0.84
0.03611926323939269,-10.059392581765557,,,0.1842874526977538,0.84
0.03611747423454082,-10.09665958124618,,,0.1842874526977538,0.84
0.036115706381519695,-10.13393027140003,,,0.1842874526977538,0.84
0.03611395906794468,-10.17120459589712,,,0.1842874526977538,0.84
0.03611223174094419,-10.208482499265958,,,0.1842874526977538,0.84
0.03611052390381395,-10.245763926883166,,,0.1842874526977538,0.84
0.03610883511266868,-10.28304882496298,,,0.1842874526977538,0.84
0.036107164973107,-10.320337140546709,,,0.1842874526977538,0.84
0.03610551313690427,-10.357628821492101,,,0.1842874526977538,0.84
0.036103879298746734,-10.39492381646267,,,0.1842874526977538,0.84
0.036102263193019284,-10.432222074916968,,,0.1842874526977538,0.84
0.036100664590658055,-10.469523547097806,,,0.1842874526977538,0.84
0.036099083296077854,-10.50682818402146,,,0.1842874526977538,0.84
0.03609751914418341,-10.544135937466848,,,0.1842874526977538,0.84
0.03609597199747238,-10.581446759964694,,,0.1842874526977538,0.84
0.03609444174323711,-10.618760604786686,,,0.1842874526977538,0.84
0.036092928290871,-10.656077425934656,,,0.1842874526977538,0.84
0.03609143156928463,-10.693397178129757,,,0.1842874526977538,0.84
0.03608995152443574,-10.73071981680168,,,0.1842874526977538,0.84
0.03608848811697642,-10.7680452980779,,,0.1842874526977538,0.84
0.03608704132001995,-10.805373578772967,,,0.1842874526977538,0.84
0.036085611117029244,-10.842704616377853,,,0.1842874526977538,0.84
0.036084197499827754,-10.880038369049357,,,0.1842874526977538,0.84
0.03608280046673337,-10.917374795599574,,,0.1842874526977538,0.84
0.03608142002081513,-10.954713855485455,,,0.1842874526977538,0.84
0.03608005616827182,-10.992055508798437,,,0.1842874526977538,0.84
0.03607870891693138,-11.029399716254176,,,0.1842874526977538,0.84
0.036077378274869114,-11.066746439182369,,,0.1842874526977538,0.84
0.03607606424914268,-11.10409563951669,,,0.1842874526977538,0.84
0.036074766844641074,-11.141447279784824,,,0.1842874526977538,0.84
0.03607348606304481,-11.17880132309863,,,0.1842874526977538,0.84
0.03607222190189384,-11.216157733144417,,,0.1842874526977538,0.84
0.03607097435375984,-11.25351647417334,,,0.1842874526977538,0.84
0.03606974340551886,-11.29087751099194,,,0.1842874526977538,0.84
0.03606852903772054,-11.328240808952808,,,0.1842874526977538,0.84
0.03606733122404952,-11.365606333945381,,,0.1842874526977538,0.84
0.036066149930874945,-11.402974052386888,,,0.1842874526977538,0.84
0.0360649851168834,-11.440343931213429,,,0.1842874526977538,0.84
0.03606383673279101,-11.477715937871201,,,0.1842874526977538,0.84
0.036062704721130004,-11.515090040307872,,,0.1842874526977538,0.84
0.036061589016105206,-11.552466206964096,,,0.1842874526977538,0.84
0.03606048954351592,-11.589844406765184,,,0.1842874526977538,0.84
0.036059406220738575,-11.627224609112915,,,0.1842874526977538,0.84
0.036058338956765676,-11.664606783877497,,,0.1842874526977538,0.84
0.03605728765229655,-11.701990901389685,,,0.1842874526977538,0.84
0.03605625219987555,-11.73937693243304,,,0.1842874526977538,0.84
0.0360552324840734,-11.776764848236335,,,0.1842874526977538,0.84
0.03605422838170748,-11.814154620466114,,,0.1842874526977538,0.84
0.036053239762097025,-11.851546221219394,,,0.1842874526977538,0.84
0.03605226648734927,-11.888939623016507,,,0.1842874526977538,0.84
0.03605130841267272,-11.926334798794096,,,0.1842874526977538,0.84
0.036050365386713926,-11.963731721898245,,,0.1842874526977538,0.84
0.0360494372519143,-12.00113036607775,,,0.1842874526977538,0.84
0.03604852384488348,-12.03853070547752,,,0.1842874526977538,0.84
0.0360476249967863,-12.075932714632135,,,0.1842874526977538,0.84
0.03604674053374009,-12.113336368459514,,,0.1842874526977538,0.84
0.036045870277219706,-12.150741642254726,,,0.1842874526977538,0.84
0.03604501404446746,-12.188148511683922,,,0.1842874526977538,0.84
0.03604417164890549,-12.225556952778405,,,0.1842874526977538,0.84
0.03604334290054832,-12.262966941928804,,,0.1842874526977538,0.84
0.03604252760641331,-12.300378455879386,,,0.1842874526977538,0.84
0.03604172557092715,-12.337791471722474,,,0.1842874526977538,0.84
0.03604093659632644,-12.375205966892983,,,0.1842874526977538,0.84
0.03604016048305085,-12.412621919163067,,,0.1842874526977538,0.84
0.036039397030127165,-12.450039306636876,,,0.1842874526977538,0.84
0.03603864603554303,-12.48745810774542,,,0.1842874526977538,0.84
0.036037907296609106,-12.524878301241527,,,0.1842874526977538,0.84
0.036037180610308625,-12.562299866194913,,,0.1842874526977538,0.84
0.03603646577363336,-12.59972278198734,,,0.1842874526977538,0.84
0.03603576258390531,-12.637147028307878,,,0.1842874526977538,0.84
0.03603507083908338,-12.67457258514824,,,0.1842874526977538,0.84
0.03603439033805456,-12.711999432798233,,,0.1842874526977538,0.84
0.03603372088090915,-12.74942755184127,,,0.1842874526977538,0.84
0.03603306226919973,-12.786856923149982,,,0.1842874526977538,0.84
0.0360324143061837,-12.824287527881898,,,0.1842874526977538,0.84
0.03603177679704923,-12.861719347475217,,,0.1842874526977538,0.84
0.03603114954912458,-12.899152363644646,,,0.1842874526977538,0.84
0.036030532372070954,-12.936586558377314,,,0.1842874526977538,0.84
0.0360299250780589,-12.97402191392876,,,0.1842874526977538,0.84
0.03602932748192851,-13.011458412818987,,,0.1842874526977538,0.84
0.036028739401333776,-13.048896037828584,,,0.1842874526977538,0.84
0.03602816065687125,-13.086334771994911,,,0.1842874526977538,0.84
0.03602759107219357,-13.123774598608357,,,0.1842874526977538,0.84
0.036027030474108206,-13.161215501208638,,,0.1842874526977538,0.84
0.03602647869266186,-13.198657463581178,,,0.1842874526977538,0.84
0.0360259355612111,-13.23610046975353,,,0.1842874526977538,0.84
0.03602540091647974,-13.273544503991863,,,0.1842874526977538,0.84
0.0360248745986035,-13.310989550797492,,,0.1842874526977538,0.84
0.03602435645116261,-13.348435594903478,,,0.1842874526977538,0.84
0.036023846321202854,-13.385882621271259,,,0.1842874526977538,0.84
0.0360233440592458,-13.423330615087343,,,0.1842874526977538,0.84
0.03602284951928871,-13.46077956176005,,,0.1842874526977538,0.84
0.03602236255879488,-13.498229446916294,,,0.1842874526977538,0.84
0.036021883038674964,-13.535680256398416,,,0.1842874526977538,0.84
0.03602141082325995,-13.57313197626106,,,0.1842874526977538,0.84
0.03602094578026644,-13.610584592768088,,,0.1842874526977538,0.84
0.03602048778075478,-13.648038092389557,,,0.1842874526977538,0.84
0.036020036699080715,-13.685492461798708,,,0.1842874526977538,0.84
0.03601959241284123,-13.722947687869018,,,0.1842874526977538,0.84
0.03601915480281496,-13.760403757671288,,,0.1842874526977538,0.84
0.03601872375289799,-13.797860658470764,,,0.1842874526977538,0.84
0.036018299150035425,-13.835318377724303,,,0.1842874526977538,0.84
0.03601788088414933,-13.872776903077572,,,0.1842874526977538,0.84
0.036017468848063575,-13.910236222362288,,,0.1842874526977538,0.84
0.03601706293742602,-13.947696323593494,,,0.1842874526977538,0.84
0.0360166630506286,-13.98515719496687,,,0.1842874526977538,0.84
0.036016269088725655,-14.022618824856076,,,0.1842874526977538,0.84
0.036015880955351014,-14.06008120181014,,,0.1842874526977538,0.84
0.03601549855663423,-14.097544314550868,,,0.1842874526977538,0.84
0.03601512180111631,-14.135008151970299,,,0.1842874526977538,0.84
0.03601475059966531,-14.172472703128184,,,0.1842874526977538,0.84
0.03601438486539214,-14.209937957249508,,,0.1842874526977538,0.84
0.03601402451356691,-14.24740390372204,,,0.1842874526977538,0.84
0.03601366946153601,-14.284870532093908,,,0.1842874526977538,0.84
0.03601331962864031,-14.322337832071224,,,0.1842874526977538,0.84
0.036012974936134645,-14.35980579351572,,,0.1842874526977538,0.84
0.03601263530710881,-14.397274406442437,,,0.1842874526977538,0.84
0.03601230066641025,-14.434743661017423,,,0.1842874526977538,0.84
0.03601197094056867,-14.47221354755548,,,0.1842874526977538,0.84
0.03601164605772267,-14.509684056517933,,,0.1842874526977538,0.84
0.03601132594754854,-14.547155178510431,,,0.1842874526977538,0.84
0.0360110105411914,-14.584626904280777,,,0.1842874526977538,0.84
0.03601069977119861,-14.622099224716786,,,0.1842874526977538,0.84
0.036010393571455794,-14.659572130844182,,,0.1842874526977538,0.84
0.03601009187712525,-14.697045613824516,,,0.1842874526977538,0.84
0.03600979462458704,-14.734519664953106,,,0.1842874526977538,0.84
0.03600950175138263,-14.771994275657027,,,0.1842874526977538,0.84
0.03600921319616116,-14.80946943749311,,,0.1842874526977538,0.84
0.036008928898628376,-14.846945142145975,,,0.1842874526977538,0.84
0.03600864879949814,-14.884421381426096,,,0.1842874526977538,0.84
0.03600837284044658,-14.921898147267893,,,0.1842874526977538,0.84
0.03600810096406882,-14.959375431727842,,,0.1842874526977538,0.84
0.03600783311383822,-14.996853226982632,,,0.1842874526977538,0.84
0.036007569234068136,-15.034331525327321,,,0.1842874526977538,0.84
0.03600730926987613,-15.071810319173549,,,0.1842874526977538,0.84
0.03600705316715052,-15.109289601047754,,,0.1842874526977538,0.84
0.03600680087251929,-15.146769363589426,,,0.1842874526977538,0.84
0.036006552333321215,-15.184249599549386,,,0.1842874526977538,0.84
0.03600630749757915,-15.221730301788083,,,0.1842874526977538,0.84
0.036006066313975425,-15.259211463273932,,,0.1842874526977538,0.84
0.0360058287318292,-15.296693077081656,,,0.1842874526977538,0.84
0.03600559470107576,-15.334175136390671,,,0.1842874526977538,0.84
0.03600536417224766,-15.371657634483487,,,0.1842874526977538,0.84
0.03600513709645751,-15.409140564744135,,,0.1842874526977538,0.84
0.03600491342538251,-15.446623920656616,,,0.1842874526977538,0.84
0.03600469311125048,-15.48410769580338,,,0.1842874526977538,0.84
0.03600447610682732,-15.521591883863817,,,0.1842874526977538,0.84
0.03600426236540588,-15.559076478612786,,,0.1842874526977538,0.84
0.036004051840796115,-15.596561473919154,,,0.1842874526977538,0.84
0.036003844487316354,-15.634046863744363,,,0.1842874526977538,0.84
0.03600364025978573,-15.671532642141017,,,0.1842874526977538,0.84
0.0360034391135176,-15.709018803251494,,,0.1842874526977538,0.84
0.03600324100431389,-15.74650534130658,,,0.1842874526977538,0.84
0.03600304588846023,-15.783992250624118,,,0.1842874526977538,0.84
0.03600285372272198,-15.821479525607685,,,0.1842874526977538,0.84
0.0360026644643408,-15.858967160745287,,,0.1842874526977538,0.84
0.03600247807103191,-15.896455150608073,,,0.1842874526977538,0.84
0.036002294500981885,-15.933943489849069,,,0.1842874526977538,0.84
0.036002113712846916,-15.971432173201938,,,0.1842874526977538,0.84
0.036001935665751446,-16.00892119547975,,,0.1842874526977538,0.84
0.03600176031928722,-16.046410551573775,,,0.1842874526977538,0.84
0.03600158763351257,-16.0839002364523,,,0.1842874526977538,0.84
0.03600141756895195,-16.12139024515946,,,0.1842874526977538,0.84
0.03600125008659567,-16.158880572814084,,,0.1842874526977538,0.84
0.036001085147899736,-16.196371214608565,,,0.1842874526977538,0.84
0.03600092271478584,-16.23386216580774,,,0.1842874526977538,0.84
0.03600076274964129,-16.2713534217478,,,0.1842874526977538,0.84
0.036000605215319094,-16.30884497783521,,,0.1842874526977538,0.84
0.03600045007513789,-16.346336829545642,,,0.1842874526977538,0.84
0.03600029729288192,-16.383828972422922,,,0.1842874526977538,0.84
0.03600014683280086,-16.42132140207801,,,0.1842874526977538,0.84
0.035999998659609574,-16.458814114187984,,,0.1842874526977538,0.84
0.035999852738487714,-16.49630710449504,,,0.1842874526977538,0.84
0.03599970903507921,-16.533800368805498,,,0.1842874526977538,0.84
0.035999567515491514,-16.57129390298886,,,0.1842874526977538,0.84
0.03599942814629477,-16.608787702976826,,,0.1842874526977538,0.84
0.035999290894520676,-16.64628176476238,,,0.1842874526977538,0.84
0.03599915572766122,-16.683776084398858,,,0.1842874526977538,0.84
0.03599902261366718,-16.721270657999032,,,0.1842874526977538,0.84
0.03599889152094637,-16.758765481734223,,,0.1842874526977538,0.84
0.03599876241836172,-16.796260551833416,,,0.1842874526977538,0.84
0.035998635275229084,-16.833755864582393,,,0.1842874526977538,0.84
0.03599851006131485,-16.871251416322878,,,0.1842874526977538,0.84
0.035998386746833325,-16.908747203451696,,,0.1842874526977538,0.84
0.035998265302443835,-16.94624322241994,,,0.1842874526977538,0.84
0.03599814569924771,-16.983739469732164,,,0.1842874526977538,0.84
0.03599802790878498,-17.021235941945566,,,0.1842874526977538,0.84
0.03599791190303088,-17.058732635669205,,,0.1842874526977538,0.84
0.03599779765439215,-17.096229547563222,,,0.1842874526977538,0.84
0.03599768513570316,-17.13372667433807,,,0.1842874526977538,0.84
0.035997574320221826,-17.171224012753758,,,0.1842874526977538,0.84
0.03599746518162536,-17.208721559619104,,,0.1842874526977538,0.84
0.035997357694005847,-17.246219311791005,,,0.1842874526977538,0.84
0.03599725183186569,-17.283717266173717,,,0.1842874526977538,0.84
0.03599714757011285,-17.321215419718136,,,0.1842874526977538,0.84
0.03599704488405604,-17.3587137694211,,,0.1842874526977538,0.84
0.0359969437493997,-17.396212312324707,,,0.1842874526977538,0.84
0.0,0.0,0.025255710540054658,-1.5875562987944578,0.1995000839233398,0.85
0.004997685923235452,-0.0003821504168931289,0.03384503438800388,-5.73035506699056,0.1995000839233398,0.85
0.009981478429505277,-0.001523533867606157,,,0.1995000839233398,0.85
0.014937479392111833,-0.003416213411017133,,,0.1995000839233398,0.85
0.019851884572417065,-0.006050829572041311,,,0.1995000839233398,0.85
0.024711004405843725,-0.009417496267923679,,,0.1995000839233398,0.85
0.02950138469522202,-0.013505537535633185,,,0.1995000839233398,0.85
0.03420984374361389,-0.018303491968642494,,,0.1995000839233398,0.85
0.03882354377823542,-0.023799138819971657,,,0.1995000839233398,0.85
0.04333005311095003,-0.029979526114871025,,,0.1995000839233398,0.85
0.04771740568623085,-0.03683100347029068,,,0.1995000839233398,0.85
0.05197415729691393,-0.04433925921934803,,,0.1995000839233398,0.85
0.05608943819299632,-0.05248936154278377,,,0.1995000839233398,0.85
0.060053001792550756,-0.06126580327403616,,,0.1995000839233398,0.85
0.06385526924003855,-0.07065255002461136,,,0.1995000839233398,0.85
0.06748736959204958,-0.08063309125974122,,,0.1995000839233398,0.85
0.07094117544635274,-0.09119049394080278,,,0.1995000839233398,0.85
0.07420933386649496,-0.10230745834072114,,,0.1995000839233398,0.85
0.07728529249074255,-0.11396637563157745,,,0.1995000839233398,0.85
0.08016332075059986,-0.12614938683986843,,,0.1995000839233398,0.85
0.08283852616017136,-0.1388384427642589,,,0.1995000839233398,0.85
0.08530686567296808,-0.15201536445315453,,,0.1995000839233398,0.85
0.08756515213712962,-0.1656619038448906,,,0.1995000839233398,0.85
0.08961105591318824,-0.1797598041816592,,,0.1995000839233398,0.85
0.0914431017502097,-0.1942908598193273,,,0.1995000839233398,0.85
0.09306066104619816,-0.20923697506886726,,,0.1995000839233398,0.85
0.09446393964685978,-0.22458022172104,,,0.1995000839233398,0.85
0.09565396136301786,-0.2403028949240368,,,0.1995000839233398,0.85
0.09663254741101918,-0.2563875671037883,,,0.1995000839233398,0.85
0.09740229200225073,-0.27281713963835985,,,0.1995000839233398,0.85
0.0979665343273021,-0.28957489202104253,,,0.1995000839233398,0.85
0.09832932719729538,-0.30664452827117894,,,0.1995000839233398,0.85
0.0984954026194132,-0.32401022037719546,,,0.1995000839233398,0.85
0.09847013459566423,-0.3416566485825083,,,0.1995000839233398,0.85
0.09825949944343446,-0.3595690383516895,,,0.1995000839233398,0.85
0.09787003394340059,-0.3777331938812917,,,0.1995000839233398,0.85
0.09730879162497118,-0.3961355280468107,,,0.1995000839233398,0.85
0.09658329750162983,-0.41476308870419365,,,0.1995000839233398,0.85
0.0957015015684609,-0.43360358129087145,,,0.1995000839233398,0.85
0.09467173137183277,-0.45264538769731455,,,0.1995000839233398,0.85
0.0935026439568051,-0.4718775814053967,,,0.1995000839233398,0.85
0.09220317749143427,-0.491289938914233,,,0.1995000839233398,0.85
0.09078250285890363,-0.5108729474974893,,,0.1995000839233398,0.85
0.08924997549844581,-0.5306178093582986,,,0.1995000839233398,0.85
0.08761508776449707,-0.550516442268744,,,0.1995000839233398,0.85
0.08588742206058313,-0.5705614768002862,,,0.1995000839233398,0.85
0.08407660499024026,-0.5907462502694185,,,0.1995000839233398,0.85
0.0821922627519838,-0.6110647975391736,,,0.1995000839233398,0.85
0.08024397798910905,-0.6315118388318187,,,0.1995000839233398,0.85
0.07824124828811121,-0.6520827647211211,,,0.1995000839233398,0.85
0.0761934465018955,-0.6727736184839298,,,0.1995000839233398,0.85
0.0741097830558783,-0.693581076000479,,,0.1995000839233398,0.85
0.0719992703767019,-0.7145024234007992,,,0.1995000839233398,0.85
0.0698706895647497,-0.7355355326609221,,,0.1995000839233398,0.85
0.06773255941309571,-0.7566788353572353,,,0.1995000839233398,0.85
0.06559310785708534,-0.7779312947904077,,,0.1995000839233398,0.85
0.06346024592054986,-0.7992923766918351,,,0.1995000839233398,0.85
0.06134154420682528,-0.8207620187255996,,,0.1995000839233398,0.85
0.05924421196538203,-0.8423405989975679,,,0.1995000839233398,0.85
0.05717507874808082,-0.8640289037805549,,,0.1995000839233398,0.85
0.05514057865293725,-0.8858280946605307,,,0.1995000839233398,0.85
0.05314673713788836,-0.9077396753037345,,,0.1995000839233398,0.85
0.05119916037247738,-0.9297654580383836,,,0.1995000839233398,0.85
0.04930302708166917,-0.9519075304375144,,,0.1995000839233398,0.85
0.047463082823232514,-0.9741682220814635,,,0.1995000839233398,0.85
0.045683636628314775,-0.9965500716697004,,,0.1995000839233398,0.85
0.04396855992402616,-1.019055794642246,,,0.1995000839233398,0.85
0.04232128764706459,-1.0416882514608563,,,0.1995000839233398,0.85
0.04074482144866606,-1.0644504166896236,,,0.1995000839233398,0.85
0.039241734883464115,-1.0873453490037317,,,0.1995000839233398,0.85
0.03781418046818421,-1.1103761622439006,,,0.1995000839233398,0.85
0.036463898490477244,-1.1335459976226554,,,0.1995000839233398,0.85
0.03519222744359306,-1.156857997177043,,,0.1995000839233398,0.85
0.03400011595898953,-1.18031527855088,,,0.1995000839233398,0.85
0.032888136106336764,-1.2039209111781233,,,0.1995000839233398,0.85
0.03185649792867572,-1.2276778939275925,,,0.1995000839233398,0.85
0.030905065079688796,-1.2515891342580927,,,0.1995000839233398,0.85
0.030033371430094127,-1.275657428922073,,,0.1995000839233398,0.85
0.02924063851103939,-1.2998854462453506,,,0.1995000839233398,0.85
0.0285257936639972,-1.3242757100001894,,,0.1995000839233398,0.85
0.02788748876899996,-1.3488305848792004,,,0.1995000839233398,0.85
0.02732411942604495,-1.3735522635681618,,,0.1995000839233398,0.85
0.026833844468095867,-1.3984427554069778,,,0.1995000839233398,0.85
0.026414605688248178,-1.4235038766196368,,,0.1995000839233398,0.85
0.026064147668257837,-1.4487372420862263,,,0.1995000839233398,0.85
0.025780037600698212,-1.474144258622811,,,0.1995000839233398,0.85
0.02555968500245368,-1.4997261197283296,,,0.1995000839233398,0.85
0.025400361223024272,-1.5254838017515895,,,0.1995000839233398,0.85
0.02529921865714998,-1.5514180614259765,,,0.1995000839233398,0.85
0.02525330957751292,-1.5775294347146218,,,0.1995000839233398,0.85
0.025259604509689365,-1.6038182369044964,,,0.1995000839233398,0.85
0.025315010078052053,-1.6302845638842212,,,0.1995000839233398,0.85
0.025416386257919647,-1.6569282945372756,,,0.1995000839233398,0.85
0.02556056297586908,-1.6837490941797546,,,0.1995000839233398,0.85
0.025744356006726046,-1.7107464189698336,,,0.1995000839233398,0.85
0.025964582122289623,-1.7379195212146523,,,0.1995000839233398,0.85
0.02621807345329072,-1.765267455499379,,,0.1995000839233398,0.85
0.026501691032398557,-1.7927890855627655,,,0.1995000839233398,0.85
0.02681233749224179,-1.820483091843503,,,0.1995000839233398,0.85
0.02714696889837369,-1.848347979622136,,,0.1995000839233398,0.85
0.02750260570285863,-1.8763820876841326,,,0.1995000839233398,0.85
0.027876342809667224,-1.9045835974309446,,,0.1995000839233398,0.85
0.028265358748320618,-1.9329505423674613,,,0.1995000839233398,0.85
0.028666923957203046,-1.9614808178961618,,,0.1995000839233398,0.85
0.029078408182653635,-1.990172191350454,,,0.1995000839233398,0.85
0.029497287004339488,-2.019022312202138,,,0.1995000839233398,0.85
0.02992114750149682,-2.048028722380602,,,0.1995000839233398,0.85
0.030347693078395944,-2.077188866644239,,,0.1995000839233398,0.85
0.030774747470837815,-2.10650010294762,,,0.1995000839233398,0.85
0.031200257958621483,-2.1359597127511405,,,0.1995000839233398,0.85
0.031622297811733945,-2.16556491122318,,,0.1995000839233398,0.85
0.03203906800050943,-2.195312857288186,,,0.1995000839233398,0.85
0.032448898202187534,-2.2252006634775783,,,0.1995000839233398,0.85
0.032850247138175054,-2.2552254055438414,,,0.1995000839233398,0.85
0.03324170227789264,-2.2853841318017136,,,0.1995000839233398,0.85
0.03362197894637249,-2.3156738721638677,,,0.1995000839233398,0.85
0.033989918873778044,-2.3460916468419866,,,0.1995000839233398,0.85
0.034344488225751306,-2.376634474687559,,,0.1995000839233398,0.85
0.034684775153971156,-2.4072993811501147,,,0.1995000839233398,0.85
0.03500998690653849,-2.438083405833916,,,0.1995000839233398,0.85
0.035319446537805554,-2.46898360963734,,,0.1995000839233398,0.85
0.03561258925705133,-2.499997081462285,,,0.1995000839233398,0.85
0.03588895845498678,-2.5311209444839404,,,0.1995000839233398,0.85
0.03614820144646759,-2.5623523619741158,,,0.1995000839233398,0.85
0.036390064967013594,-2.593688542674057,,,0.1995000839233398,0.85
0.03661439045979746,-2.625126745715281,,,0.1995000839233398,0.85
0.03682110918868609,-2.656664285089383,,,0.1995000839233398,0.85
0.03701023721171139,-2.6882985336700775,,,0.1995000839233398,0.85
0.03718187024802714,-2.7200269267928636,,,0.1995000839233398,0.85
0.03733617846999033,-2.7518469653996713,,,0.1995000839233398,0.85
0.03747340125050252,-2.783756218757679,,,0.1995000839233398,0.85
0.03759384189417329,-2.8157523267631324,,,0.1995000839233398,0.85
0.03769786237923695,-2.847833001842501,,,0.1995000839233398,0.85
0.03778587813547806,-2.8799960304646404,,,0.1995000839233398,0.85
0.03785835288171298,-2.9122392742788232,,,0.1995000839233398,0.85
0.03791579354464589,-2.9445606708945142,,,0.1995000839233398,0.85
0.03795874527917817,-2.9769582343196714,,,0.1995000839233398,0.85
0.037987786608511515,-3.00943005507507,,,0.1995000839233398,0.85
0.03800352470065602,-3.0419743000027655,,,0.1995000839233398,0.85
0.03800659079624457,-3.074589211787269,,,0.1995000839233398,0.85
0.03799763580087174,-3.1072731082083433,,,0.1995000839233398,0.85
0.03797732605352735,-3.140024381144558,,,0.1995000839233398,0.85
0.037946339281088017,-3.172841495346834,,,0.1995000839233398,0.85
0.037905360747271015,-3.2057229870012027,,,0.1995000839233398,0.85
0.0378550796029492,-3.2386674620999103,,,0.1995000839233398,0.85
0.037796185443277903,-3.271673594639775,,,0.1995000839233398,0.85
0.03772936507569964,-3.304740124666445,,,0.1995000839233398,0.85
0.03765529950157261,-3.337865856182809,,,0.1995000839233398,0.85
0.03757466111291855,-3.371049654939396,,,0.1995000839233398,0.85
0.03748811110460592,-3.4042904461240746,,,0.1995000839233398,0.85
0.037396297101177776,-3.4375872119678124,,,0.1995000839233398,0.85
0.03729985099650162,-3.4709389892826294,,,0.1995000839233398,0.85
0.03719938700346118,-3.504344866947226,,,0.1995000839233398,0.85
0.03709549991002853,-3.537803983355058,,,0.1995000839233398,0.85
0.03698876353724816,-3.571315523838905,,,0.1995000839233398,0.85
0.036879729393933115,-3.6048787180852133,,,0.1995000839233398,0.85
0.036768925522215064,-3.638492837550725,,,0.1995000839233398,0.85
0.036656855527504716,-3.672157192893096,,,0.1995000839233398,0.85
0.03654399778590457,-3.705871131426415,,,0.1995000839233398,0.85
0.03643080482167038,-3.7396340346117194,,,0.1995000839233398,0.85
0.03631770284693904,-3.773445315591795,,,0.1995000839233398,0.85
0.03620509145562684,-3.807304416778745,,,0.1995000839233398,0.85
0.03609334346314973,-3.8412108075020113,,,0.1995000839233398,0.85
0.03598280488342474,-3.875163981723751,,,0.1995000839233398,0.85
0.03587379503447525,-3.909163455827698,,,0.1995000839233398,0.85
0.035766606763879806,-3.9432087664868933,,,0.1995000839233398,0.85
0.035661506785272,-3.977299468614923,,,0.1995000839233398,0.85
0.03555873611711298,-4.011435133404618,,,0.1995000839233398,0.85
0.0354585106150173,-4.0456153464574705,,,0.1995000839233398,0.85
0.035361021589011964,-4.079839706006374,,,0.1995000839233398,0.85
0.03526643649724555,-4.114107821233673,,,0.1995000839233398,0.85
0.03517489970783563,-4.14841931068591,,,0.1995000839233398,0.85
0.035086533320745204,-4.182773800786103,,,0.1995000839233398,0.85
0.03500143804180938,-4.217170924443844,,,0.1995000839233398,0.85
0.03491969410128905,-4.251610319763022,,,0.1995000839233398,0.85
0.03484136220960581,-4.286091628846526,,,0.1995000839233398,0.85
0.03476648454320882,-4.32061449669681,,,0.1995000839233398,0.85
0.034695085753837104,-4.355178570210864,,,0.1995000839233398,0.85
0.03462717399476716,-4.389783497267725,,,0.1995000839233398,0.85
0.03456274195797273,-4.4244289259063665,,,0.1995000839233398,0.85
0.03450176791646941,-4.459114503591484,,,0.1995000839233398,0.85
0.03444421676646841,-4.493839876564453,,,0.1995000839233398,0.85
0.03439004106431926,-4.528604689276491,,,0.1995000839233398,0.85
0.0343391820535786,-4.563408583900838,,,0.1995000839233398,0.85
0.03429157067789919,-4.598251199920642,,,0.1995000839233398,0.85
0.034247128575788266,-4.633132173789038,,,0.1995000839233398,0.85
0.0342057690536357,-4.668051138657825,,,0.1995000839233398,0.85
0.03416739803375805,-4.703007724171047,,,0.1995000839233398,0.85
0.034131914974544146,-4.738001556319714,,,0.1995000839233398,0.85
0.03409921376011861,-4.773032257353853,,,0.1995000839233398,0.85
0.034069183557261906,-4.808099445748057,,,0.1995000839233398,0.85
0.03404170963763711,-4.843202736216719,,,0.1995000839233398,0.85
0.0340166741636742,-4.878341739775124,,,0.1995000839233398,0.85
0.0339939569367513,-4.913516063842617,,,0.1995000839233398,0.85
0.03397343610658834,-4.94872531238415,,,0.1995000839233398,0.85
0.033954988841031576,-4.983969086086526,,,0.1995000839233398,0.85
0.03393849195565666,-5.019246982565773,,,0.1995000839233398,0.85
0.03392382250285322,-5.054558596602176,,,0.1995000839233398,0.85
0.03391085832027523,-5.089903520399572,,,0.1995000839233398,0.85
0.03389947853874806,-5.12528134386566,,,0.1995000839233398,0.85
0.03388956404991543,-5.160691654910172,,,0.1995000839233398,0.85
0.03388099793408759,-5.1961340397579105,,,0.1995000839233398,0.85
0.03387366584891525,-5.231608083273755,,,0.1995000839233398,0.85
0.033867456379663485,-5.267113369296924,,,0.1995000839233398,0.85
0.03386226135199488,-5.302649480981893,,,0.1995000839233398,0.85
0.033857976108292984,-5.338216001143529,,,0.1995000839233398,0.85
0.03385449974866529,-5.373812512604147,,,0.1995000839233398,0.85
0.03385173533786025,-5.409438598540358,,,0.1995000839233398,0.85
0.033849590079415175,-5.445093842827708,,,0.1995000839233398,0.85
0.03384797545842263,-5.480777830381273,,,0.1995000839233398,0.85
0.03384680735436131,-5.516490147490527,,,0.1995000839233398,0.85
0.03384600612548517,-5.552230382146936,,,0.1995000839233398,0.85
0.03384549666630133,-5.587998124362884,,,0.1995000839233398,0.85
0.03384520843969415,-5.623792966480673,,,0.1995000839233398,0.85
0.03384507548527001,-5.659614503470489,,,0.1995000839233398,0.85
0.033845036405505666,-5.695462333216348,,,0.1995000839233398,0.85
0.03384503433128294,-5.73133605678917,,,0.1995000839233398,0.85
0.03384501686838447,-5.7672352787062575,,,0.1995000839233398,0.85
0.0338449360265101,-5.803159607176573,,,0.1995000839233398,0.85
0.03384474813235176,-5.839108654331321,,,0.1995000839233398,0.85
0.03384441372823657,-5.875082036439456,,,0.1995000839233398,0.85
0.03384389745781451,-5.911079374107838,,,0.1995000839233398,0.85
0.03384316794022872,-5.947100292465855,,,0.1995000839233398,0.85
0.03384219763416332,-5.983144421334419,,,0.1995000839233398,0.85
0.03384096269311714,-6.019211395379344,,,0.1995000839233398,0.85
0.03383944281320141,-6.055300854249171,,,0.1995000839233398,0.85
0.033837621074706205,-6.091412442697598,,,0.1995000839233398,0.85
0.033835483778625185,-6.1275458106907355,,,0.1995000839233398,0.85
0.03383302027927029,-6.163700613499464,,,0.1995000839233398,0.85
0.033830222814048995,-6.199876511777232,,,0.1995000839233398,0.85
0.033827086331416345,-6.236073171623689,,,0.1995000839233398,0.85
0.033823608317952954,-6.2722902646345835,,,0.1995000839233398,0.85
0.03381978862545845,-6.308527467938399,,,0.1995000839233398,0.85
0.033815629298888254,-6.344784464220236,,,0.1995000839233398,0.85
0.033811134405900105,-6.38106094173349,,,0.1995000839233398,0.85
0.03380630986871589,-6.417356594299871,,,0.1995000839233398,0.85
0.03380116329894398,-6.4536711212983695,,,0.1995000839233398,0.85
0.03379570383594838,-6.490004227643749,,,0.1995000839233398,0.85
0.03378994198929285,-6.5263556237552,,,0.1995000839233398,0.85
0.033783889485731924,-6.562725025515759,,,0.1995000839233398,0.85
0.03377755912116572,-6.599112154223127,,,0.1995000839233398,0.85
0.033770964617922554,-6.6355167365325105,,,0.1995000839233398,0.85
0.033764120487682056,-6.671938504392118,,,0.1995000839233398,0.85
0.03375704190030255,-6.708377194971917,,,0.1995000839233398,0.85
0.03374974455876942,-6.744832550586281,,,0.1995000839233398,0.85
0.033742244580436426,-6.781304318611112,,,0.1995000839233398,0.85
0.033734558384689535,-6.8177922513960425,,,0.1995000839233398,0.85
0.033726702587122695,-6.854296106172281,,,0.1995000839233398,0.85
0.033718693900277194,-6.890815644956667,,,0.1995000839233398,0.85
0.03371054904096095,-6.927350634452465,,,0.1995000839233398,0.85
0.03370228464413108,-6.963900845947439,,,0.1995000839233398,0.85
0.033693917183292545,-7.000466055209679,,,0.1995000839233398,0.85
0.033685462897337426,-7.037046042381688,,,0.1995000839233398,0.85
0.0336769377237236,-7.073640591873165,,,0.1995000839233398,0.85
0.033668357237868006,-7.110249492252925,,,0.1995000839233398,0.85
0.033659736598608415,-7.146872536140363,,,0.1995000839233398,0.85
0.03365109049956853,-7.183509520096853,,,0.1995000839233398,0.85
0.03364243312624432,-7.220160244517428,,,0.1995000839233398,0.85
0.033633778118614725,-7.256824513523104,,,0.1995000839233398,0.85
0.03362513853906678,-7.2935021348541245,,,0.1995000839233398,0.85
0.033616526845414656,-7.33019291976445,,,0.1995000839233398,0.85
0.0336079548687826,-7.366896682917726,,,0.1995000839233398,0.85
0.033599433796114894,-7.403613242284991,,,0.1995000839233398,0.85
0.03359097415706989,-7.440342419044334,,,0.1995000839233398,0.85
0.033582585815051386,-7.477084037482689,,,0.1995000839233398,0.85
0.033574277962127905,-7.5138379248999545,,,0.1995000839233398,0.85
0.03356605911758927,-7.550603911515579,,,0.1995000839233398,0.85
0.03355793712988999,-7.587381830377746,,,0.1995000839233398,0.85
0.03354991918173034,-7.624171517275268,,,0.1995000839233398,0.85
0.03354201179802831,-7.660972810652289,,,0.1995000839233398,0.85
0.033534220856539315,-7.69778555152586,,,0.1995000839233398,0.85
0.033526551600884705,-7.734609583406449,,,0.1995000839233398,0.85
0.033519008655755564,-7.771444752221432,,,0.1995000839233398,0.85
0.03351159604406416,-7.808290906241577,,,0.1995000839233398,0.85
0.03350431720582228,-7.845147896010552,,,0.1995000839233398,0.85
0.033497175018532756,-7.882015574277425,,,0.1995000839233398,0.85
0.03349017181888848,-7.918893795932176,,,0.1995000839233398,0.85
0.03348330942558145,-7.955782417944168,,,0.1995000839233398,0.85
0.03347658916303292,-7.992681299303553,,,0.1995000839233398,0.85
0.033470011885864744,-8.029590300965554,,,0.1995000839233398,0.85
0.033463578003941195,-8.066509285797588,,,0.1995000839233398,0.85
0.03345728750781989,-8.103438118529144,,,0.1995000839233398,0.85
0.03345113999445984,-8.140376665704357,,,0.1995000839233398,0.85
0.0334451346930443,-8.177324795637194,,,0.1995000839233398,0.85
0.03343927049078561,-8.21428237836918,,,0.1995000839233398,0.85
0.03343354595858871,-8.25124928562957,,,0.1995000839233398,0.85
0.03342795937645945,-8.288225390797862,,,0.1995000839233398,0.85
0.03342250875855315,-8.32521056886859,,,0.1995000839233398,0.85
0.03341719187776812,-8.36220469641826,,,0.1995000839233398,0.85
0.03341200628979763,-8.399207651574358,,,0.1995000839233398,0.85
0.033406949356562736,-8.436219313986314,,,0.1995000839233398,0.85
0.033402018268956835,-8.473239564798337,,,0.1995000839233398,0.85
0.033397210068841075,-8.51026828662399,,,0.1995000839233398,0.85
0.03339252167023759,-8.547305363522437,,,0.1995000839233398,0.85
0.033387949879675353,-8.584350680976234,,,0.1995000839233398,0.85
0.03338349141565061,-8.621404125870583,,,0.1995000839233398,0.85
0.03337914292717084,-8.658465586473936,,,0.1995000839233398,0.85
0.0333749010113579,-8.695534952419857,,,0.1995000839233398,0.85
0.03337076223009225,-8.732612114690063,,,0.1995000839233398,0.85
0.03336672312568601,-8.769696965598518,,,0.1995000839233398,0.85
0.03336278023557828,-8.806789398776525,,,0.1995000839233398,0.85
0.03335893010605116,-8.843889309158705,,,0.1995000839233398,0.85
0.03335516930496996,-8.880996592969797,,,0.1995000839233398,0.85
0.03335149443355537,-8.918111147712189,,,0.1995000839233398,0.85
0.03334790213719951,-8.955232872154099,,,0.1995000839233398,0.85
0.03334438911534169,-8.992361666318349,,,0.1995000839233398,0.85
0.03334095213042283,-9.029497431471643,,,0.1995000839233398,0.85
0.033337588015940854,-9.066640070114298,,,0.1995000839233398,0.85
0.033334293683631964,-9.103789485970358,,,0.1995000839233398,0.85
0.03333106612980519,-9.140945583978032,,,0.1995000839233398,0.85
0.03332790244085968,-9.178108270280408,,,0.1995000839233398,0.85
0.03332479979801616,-9.215277452216384,,,0.1995000839233398,0.85
0.033321755481295325,-9.252453038311774,,,0.1995000839233398,0.85
0.03331876687277746,-9.289634938270538,,,0.1995000839233398,0.85
0.03331583145917841,-9.326823062966106,,,0.1995000839233398,0.85
0.03331294683377788,-9.364017324432751,,,0.1995000839233398,0.85
0.03331011069773666,-9.401217635856982,,,0.1995000839233398,0.85
0.033307320860839464,-9.43842391156892,,,0.1995000839233398,0.85
0.03330457524170066,-9.475636067033646,,,0.1995000839233398,0.85
0.033301871867469544,-9.512854018842473,,,0.1995000839233398,0.85
0.03329920887307202,-9.550077684704146,,,0.1995000839233398,0.85
0.03329658450002501,-9.587306983435935,,,0.1995000839233398,0.85
0.03329399709485932,-9.624541834954611,,,0.1995000839233398,0.85
0.03329144510718611,-9.661782160267297,,,0.1995000839233398,0.85
0.033288927087441265,-9.699027881462174,,,0.1995000839233398,0.85
0.03328644168434111,-9.736278921699041,,,0.1995000839233398,0.85
0.03328398764208185,-9.773535205199728,,,0.1995000839233398,0.85
0.0332815637973141,-9.810796657238338,,,0.1995000839233398,0.85
0.03327916907592267,-9.848063204131345,,,0.1995000839233398,0.85
0.033276802489640586,-9.88533477322752,,,0.1995000839233398,0.85
0.03327446313252495,-9.922611292897713,,,0.1995000839233398,0.85
0.03327215017732114,-9.959892692524464,,,0.1995000839233398,0.85
0.03326986287174023,-9.997178902491479,,,0.1995000839233398,0.85
0.03326760053467346,-10.034469854172947,,,0.1995000839233398,0.85
0.03326536255236577,-10.07176547992273,,,0.1995000839233398,0.85
0.03326314837456957,-10.109065713063417,,,0.1995000839233398,0.85
0.03326095751069796,-10.146370487875254,,,0.1995000839233398,0.85
0.03325878952599562,-10.183679739584964,,,0.1995000839233398,0.85
0.033256644037744074,-10.22099340435446,,,0.1995000839233398,0.85
0.03325452071151663,-10.25831141926947,,,0.1995000839233398,0.85
0.03325241925749705,-10.295633722328079,,,0.1995000839233398,0.85
0.03325033942687461,-10.332960252429189,,,0.1995000839233398,0.85
0.03324828100832708,-10.370290949360932,,,0.1995000839233398,0.85
0.0332462438246017,-10.407625753789032,,,0.1995000839233398,0.85
0.03324422772920324,-10.444964607245124,,,0.1995000839233398,0.85
0.03324223260319695,-10.482307452115052,,,0.1995000839233398,0.85
0.033240258352133116,-10.519654231627154,,,0.1995000839233398,0.85
0.033238304903098974,-10.557004889840542,,,0.1995000839233398,0.85
0.03323637220190249,-10.594359371633395,,,0.1995000839233398,0.85
0.03323446021039184,-10.631717622691268,,,0.1995000839233398,0.85
0.03323256890391333,-10.669079589495432,,,0.1995000839233398,0.85
0.033230698268909585,-10.70644521931126,,,0.1995000839233398,0.85
0.033228848300659274,-10.743814460176658,,,0.1995000839233398,0.85
0.03322701900115861,-10.781187260890565,,,0.1995000839233398,0.85
0.03322521037714432,-10.818563571001516,,,0.1995000839233398,0.85
0.03322342243825707,-10.85594334079629,,,0.1995000839233398,0.85
0.03322165519534382,-10.893326521288646,,,0.1995000839233398,0.85
0.03321990865889685,-10.930713064208149,,,0.1995000839233398,0.85
0.033218182837626946,-10.968102921989107,,,0.1995000839233398,0.85
0.03321647773716752,-11.005496047759621,,,0.1995000839233398,0.85
0.03321479335890633,-11.042892395330739,,,0.1995000839233398,0.85
0.03321312969894077,-11.080291919185747,,,0.1995000839233398,0.85
0.03321148674715273,-11.117694574469583,,,0.1995000839233398,0.85
0.03320986448639848,-11.15510031697839,,,0.1995000839233398,0.85
0.03320826289180899,-11.192509103149193,,,0.1995000839233398,0.85
0.033206681930195756,-11.229920890049746,,,0.1995000839233398,0.85
0.0332051215595572,-11.267335635368493,,,0.1995000839233398,0.85
0.033203581728680515,-11.304753297404705,,,0.1995000839233398,0.85
0.03320206237683362,-11.342173835058755,,,0.1995000839233398,0.85
0.03320056343354217,-11.379597207822549,,,0.1995000839233398,0.85
0.03319908481844615,-11.41702337577012,,,0.1995000839233398,0.85
0.03319762644123082,-11.45445229954837,,,0.1995000839233398,0.85
0.03319618820162681,-11.491883940367979,,,0.1995000839233398,0.85
0.03319476998947406,-11.529318259994469,,,0.1995000839233398,0.85
0.03319337168484454,-11.566755220739426,,,0.1995000839233398,0.85
0.033191993158218656,-11.604194785451885,,,0.1995000839233398,0.85
0.03319063427071044,-11.64163691750987,,,0.1995000839233398,0.85
0.033189294874336646,-11.679081580812104,,,0.1995000839233398,0.85
0.03318797481232522,-11.716528739769853,,,0.1995000839233398,0.85
0.033186673919458426,-11.753978359298946,,,0.1995000839233398,0.85
0.033185392022446414,-11.791430404811948,,,0.1995000839233398,0.85
0.03318412894032699,-11.82888484221047,,,0.1995000839233398,0.85
0.0331828844848876,-11.866341637877653,,,0.1995000839233398,0.85
0.03318165846110564,-11.903800758670776,,,0.1995000839233398,0.85
0.03318045066760357,-11.941262171914028,,,0.1995000839233398,0.85
0.03317926089711524,-11.97872584539142,,,0.1995000839233398,0.85
0.03317808893696035,-12.016191747339828,,,0.1995000839233398,0.85
0.03317693456952389,-12.053659846442194,,,0.1995000839233398,0.85
0.03317579757273772,-12.09113011182084,,,0.1995000839233398,0.85
0.03317467772056169,-12.12860251303093,,,0.1995000839233398,0.85
0.03317357478346184,-12.166077020054061,,,0.1995000839233398,0.85
0.03317248852888331,-12.203553603291967,,,0.1995000839233398,0.85
0.03317141872171609,-12.241032233560366,,,0.1995000839233398,0.85
0.033170365124751536,-12.278512882082914,,,0.1995000839233398,0.85
0.0331693274991281,-12.315995520485279,,,0.1995000839233398,0.85
0.033168305604764595,-12.35348012078933,,,0.1995000839233398,0.85
0.03316729920077984,-12.390966655407441,,,0.1995000839233398,0.85
0.033166308045897305,-12.428455097136895,,,0.1995000839233398,0.85
0.03316533189883383,-12.465945419154398,,,0.1995000839233398,0.85
0.0331643705186716,-12.503437595010693,,,0.1995000839233398,0.85
0.033163423665212466,-12.540931598625274,,,0.1995000839233398,0.85
0.03316249109931424,-12.578427404281193,,,0.1995000839233398,0.85
0.03316157258320834,-12.615924986619966,,,0.1995000839233398,0.85
0.03316066788079855,-12.65342432063656,,,0.1995000839233398,0.85
0.03315977675794061,-12.690925381674473,,,0.1995000839233398,0.85
0.0331588989827026,-12.7284281454209,,,0.1995000839233398,0.85
0.03315803432560608,-12.765932587901972,,,0.1995000839233398,0.85
0.03315718255984804,-12.803438685478085,,,0.1995000839233398,0.85
0.03315634346150391,-12.840946414839301,,,0.1995000839233398,0.85
0.03315551680971181,-12.87845575300082,,,0.1995000839233398,0.85
0.033154702386838465,-12.915966677298528,,,0.1995000839233398,0.85
0.033153899978627104,-12.953479165384614,,,0.1995000839233398,0.85
0.03315310937432781,-12.990993195223258,,,0.1995000839233398,0.85
0.03315233036681088,-13.028508745086373,,,0.1995000839233398,0.85
0.03315156275266369,-13.066025793549427,,,0.1995000839233398,0.85
0.03315080633227171,-13.10354431948731,,,0.1995000839233398,0.85
0.03315006090988426,-13.14106430207028,,,0.1995000839233398,0.85
0.03314932629366573,-13.17858572075994,,,0.1995000839233398,0.85
0.03314860229573286,-13.216108555305306,,,0.1995000839233398,0.85
0.03314788873217887,-13.253632785738894,,,0.1995000839233398,0.85
0.03314718542308512,-13.291158392372893,,,0.1995000839233398,0.85
0.03314649219252097,-13.328685355795361,,,0.1995000839233398,0.85
0.033145808868532745,-13.3662136568665,,,0.1995000839233398,0.85
0.0331451352831223,-13.403743276714957,,,0.1995000839233398,0.85
0.033144471272216154,-13.441274196734181,,,0.1995000839233398,0.85
0.033143816675625715,-13.478806398578838,,,0.1995000839233398,0.85
0.03314317133699949,-13.516339864161255,,,0.1995000839233398,0.85
0.03314253510376784,-13.553874575647919,,,0.1995000839233398,0.85
0.03314190782708109,-13.591410515456023,,,0.1995000839233398,0.85
0.03314128936174157,-13.628947666250042,,,0.1995000839233398,0.85
0.03314067956613034,-13.666486010938373,,,0.1995000839233398,0.85
0.03314007830212916,-13.70402553266999,,,0.1995000839233398,0.85
0.03313948543503832,-13.741566214831167,,,0.1995000839233398,0.85
0.03313890083349103,-13.779108041042223,,,0.1995000839233398,0.85
0.03313832436936478,-13.816650995154314,,,0.1995000839233398,0.85
0.03313775591769033,-13.854195061246262,,,0.1995000839233398,0.85
0.033137195356558805,-13.89174022362143,,,0.1995000839233398,0.85
0.03313664256702735,-13.929286466804621,,,0.1995000839233398,0.85
0.03313609743302389,-13.966833775539031,,,0.1995000839233398,0.85
0.03313555984125135,-14.004382134783228,,,0.1995000839233398,0.85
0.03313502968109176,-14.041931529708169,,,0.1995000839233398,0.85
0.033134506844510685,-14.079481945694262,,,0.1995000839233398,0.85
0.033133991225962195,-14.117033368328455,,,0.1995000839233398,0.85
0.03313348272229489,-14.154585783401364,,,0.1995000839233398,0.85
0.03313298123265908,-14.19213917690444,,,0.1995000839233398,0.85
0.03313248665841554,-14.229693535027165,,,0.1995000839233398,0.85
0.033131998903046,-14.267248844154285,,,0.1995000839233398,0.85
0.03313151787206564,-14.30480509086308,,,0.1995000839233398,0.85
0.033131043472937736,-14.342362261920673,,,0.1995000839233398,0.85
0.03313057561499069,-14.379920344281354,,,0.1995000839233398,0.85
0.033130114209337556,-14.417479325083963,,,0.1995000839233398,0.85
0.03312965916879815,-14.455039191649288,,,0.1995000839233398,0.85
0.033129210407823975,-14.492599931477505,,,0.1995000839233398,0.85
0.03312876784242591,-14.530161532245646,,,0.1995000839233398,0.85
0.03312833139010482,-14.567723981805107,,,0.1995000839233398,0.85
0.03312790096978511,-14.605287268179183,,,0.1995000839233398,0.85
0.03312747650175121,-14.64285137956063,,,0.1995000839233398,0.85
0.033127057907587174,-14.680416304309277,,,0.1995000839233398,0.85
0.033126645110119125,-14.71798203094965,,,0.1995000839233398,0.85
0.03312623803336082,-14.755548548168633,,,0.1995000839233398,0.85
0.033125836602462114,-14.79311584481318,,,0.1995000839233398,0.85
0.033125440743660355,-14.830683909888018,,,0.1995000839233398,0.85
0.03312505038423473,-14.868252732553424,,,0.1995000839233398,0.85
0.03312466545246336,-14.905822302123005,,,0.1995000839233398,0.85
0.03312428587758324,-14.94339260806151,,,0.1995000839233398,0.85
0.03312391158975281,-14.98096363998269,,,0.1995000839233398,0.85
0.033123542520017216,-15.01853538764717,,,0.1995000839233398,0.85
0.03312317860027607,-15.056107840960351,,,0.1995000839233398,0.85
0.03312281976325363,-15.093680989970359,,,0.1995000839233398,0.85
0.03312246594247141,-15.131254824866,,,0.1995000839233398,0.85
0.03312211707222297,-15.168829335974758,,,0.1995000839233398,0.85
0.03312177308755092,-15.206404513760818,,,0.1995000839233398,0.85
0.033121433924225924,-15.243980348823117,,,0.1995000839233398,0.85
0.033121099518727715,-15.281556831893417,,,0.1995000839233398,0.85
0.0331207698082279,-15.319133953834417,,,0.1995000839233398,0.85
0.03312044473057453,-15.356711705637883,,,0.1995000839233398,0.85
0.0331201242242783,-15.39429007842281,,,0.1995000839233398,0.85
0.03311980822850026,-15.4318690634336,,,0.1995000839233398,0.85
0.033119496683041004,-15.46944865203829,,,0.1995000839233398,0.85
0.033119189528331094,-15.50702883572677,,,0.1995000839233398,0.85
0.033118886705422776,-15.544609606109063,,,0.1995000839233398,0.85
0.03311858815598279,-15.582190954913608,,,0.1995000839233398,0.85
0.033118293822286204,-15.619772873985571,,,0.1995000839233398,0.85
0.033118003647211194,-15.657355355285187,,,0.1995000839233398,0.85
0.03311771757423465,-15.694938390886122,,,0.1995000839233398,0.85
0.03311743554742855,-15.732521972973858,,,0.1995000839233398,0.85
0.03311715751145698,-15.770106093844104,,,0.1995000839233398,0.85
0.0331168834115738,-15.807690745901228,,,0.1995000839233398,0.85
0.03311661319362076,-15.845275921656716,,,0.1995000839233398,0.85
0.03311634680402608,-15.882861613727648,,,0.1995000839233398,0.85
0.03311608418980343,-15.9204478148352,,,0.1995000839233398,0.85
0.03311582529855116,-15.958034517803165,,,0.1995000839233398,0.85
0.03311557007845184,-15.995621715556505,,,0.1995000839233398,0.85
0.03311531847827194,-16.033209401119905,,,0.1995000839233398,0.85
0.03311507044736165,-16.070797567616367,,,0.1995000839233398,0.85
0.033114825935654804,-16.10838620826582,,,0.1995000839233398,0.85
0.033114584893668815,-16.14597531638374,,,0.1995000839233398,0.85
0.03311434727250463,-16.183564885379806,,,0.1995000839233398,0.85
0.033114113023846634,-16.22115490875656,,,0.1995000839233398,0.85
0.03311388209996246,-16.2587453801081,,,0.1995000839233398,0.85
0.0331136544537027,-16.29633629311878,,,0.1995000839233398,0.85
0.0331134300385005,-16.33392764156195,,,0.1995000839233398,0.85
0.033113208808370945,-16.37151941929867,,,0.1995000839233398,0.85
0.03311299071791029,-16.40911162027651,,,0.1995000839233398,0.85
0.033112775722294985,-16.44670423852829,,,0.1995000839233398,0.85
0.03311256377728046,-16.48429726817091,,,0.1995000839233398,0.85
0.033112354839199706,-16.521890703404143,,,0.1995000839233398,0.85
0.033112148864961576,-16.55948453850948,,,0.1995000839233398,0.85
0.033111945812048876,-16.59707876784897,,,0.1995000839233398,0.85
0.03311174563851614,-16.63467338586409,,,0.1995000839233398,0.85
0.03311154830298721,-16.672268387074627,,,0.1995000839233398,0.85
0.033111353764652476,-16.709863766077568,,,0.1995000839233398,0.85
0.03311116198326593,-16.747459517546023,,,0.1995000839233398,0.85
0.033110972919141876,-16.785055636228144,,,0.1995000839233398,0.85
0.033110786533151464,-16.82265211694608,,,0.1995000839233398,0.85
0.033110602786718894,-16.86024895459493,,,0.1995000839233398,0.85
0.03311042164181741,-16.89784614414171,,,0.1995000839233398,0.85
0.03311024306096505,-16.935443680624356,,,0.1995000839233398,0.85
0.033110067007220155,-16.97304155915072,,,0.1995000839233398,0.85
0.033109893444176655,-17.01063977489758,,,0.1995000839233398,0.85
0.033109722335959144,-17.048238323109686,,,0.1995000839233398,0.85
0.033109553647217745,-17.08583719909879,,,0.1995000839233398,0.85
0.033109387343122784,-17.123436398242713,,,0.1995000839233398,0.85
0.03310922338935931,-17.16103591598441,,,0.1995000839233398,0.85
0.033109061752121395,-17.198635747831062,,,0.1995000839233398,0.85
0.03310890239810632,-17.23623588935317,,,0.1995000839233398,0.85
0.03310874529450861,-17.273836336183663,,,0.1995000839233398,0.85
0.0,0.0,0.010799903782292257,-0.9725142008353084,0.05,0.8
0.004997810492623145,-0.00045976086323031126,0.03555801902268206,-2.3768590843565742,0.05,0.8
0.00998238751873763,-0.0018161322871535841,0.041251443722045054,-3.7831841980786662,0.05,0.8
0.014940354640250597,-0.004035037726784398,0.04262348098354932,-5.189431476850283,0.05,0.8
0.019858004493480165,-0.007083914173796657,0.042958359272783755,-6.595648663711093,0.05,0.8
0.024721662767914734,-0.0109303052770735,,,0.05,0.8
0.029517709864713852,-0.015542459164561753,,,0.05,0.8
0.03423264979151645,-0.020889099722208888,,,0.05,0.8
0.03885320170198441,-0.02693941368639899,,,0.05,0.8
0.04336638149980193,-0.03366299916939469,,,0.05,0.8
0.047759579342971197,-0.041029831293817515,,,0.05,0.8
0.05202063220266903,-0.04901023528298179,,,0.05,0.8
0.056137891247801844,-0.057574868074095564,,,0.05,0.8
0.06010028386783691,-0.06669470744071157,,,0.05,0.8
0.0638973701726335,-0.07634104798037715,,,0.05,0.8
0.06751939386295963,-0.08648550327240434,,,0.05,0.8
0.07095732740715881,-0.0971000135411497,,,0.05,0.8
0.0742029115009439,-0.1081568581791986,,,0.05,0.8
0.07724868882511951,-0.11962867250844042,,,0.05,0.8
0.08008803215097585,-0.13148846818185309,,,0.05,0.8
0.08271516687501654,-0.14370965665510693,,,0.05,0.8
0.08512518809367955,-0.15626607518445726,,,0.05,0.8
0.08731407235485329,-0.1691320148355742,,,0.05,0.8
0.08927868424637539,-0.18228225001671053,,,0.05,0.8
0.09101677800243521,-0.19569206907872053,,,0.05,0.8
0.0925269943269936,-0.20933730555371308,,,0.05,0.8
0.09380885264910623,-0.22319436963338288,,,0.05,0.8
0.09486273903851128,-0.2372402795171531,,,0.05,0.8
0.09568989002114306,-0.2514526922890469,,,0.05,0.8
0.09629237254348548,-0.26580993401056263,,,0.05,0.8
0.09667306034200676,-0.28029102874465184,,,0.05,0.8
0.09683560697944177,-0.2948757262530973,,,0.05,0.8
0.09678441581353035,-0.3095445281360855,,,0.05,0.8
0.0965246071660952,-0.32427871220849025,,,0.05,0.8
0.09606198296116396,-0.3390603549322804,,,0.05,0.8
0.09540298910031597,-0.3538723517484841,,,0.05,0.8
0.09455467584166898,-0.36869843517524725,,,0.05,0.8
0.09352465644601464,-0.38352319056068274,,,0.05,0.8
0.09232106434966092,-0.39833206940039756,,,0.05,0.8
0.09095250911863373,-0.41311140014978837,,,0.05,0.8
0.08942803143311864,-0.4278483964803989,,,0.05,0.8
0.08775705734446741,-0.44253116294783146,,,0.05,0.8
0.08594935203983221,-0.45714869805589436,,,0.05,0.8
0.08401497334159858,-0.47169089471784975,,,0.05,0.8
0.08196422516033473,-0.48614853813080683,,,0.05,0.8
0.07980761111103056,-0.5005133010934938,,,0.05,0.8
0.07755578849302347,-0.5147777368108448,,,0.05,0.8
0.07521952282426474,-0.5289352692410743,,,0.05,0.8
0.07280964311052358,-0.542980181052191,,,0.05,0.8
0.0703369980198116,-0.5569075992652496,,,0.05,0.8
0.06781241312178861,-0.5707134786710591,,,0.05,0.8
0.06524664934123107,-0.5843945831156035,,,0.05,0.8
0.06265036276385105,-0.5979484647570711,,,0.05,0.8
0.06003406592189179,-0.611373441404197,,,0.05,0.8
0.0574080906760351,-0.6246685720515845,,,0.05,0.8
0.05478255279927622,-0.6378336307328348,,,0.05,0.8
0.05216731835758809,-0.6508690788166956,,,0.05,0.8
0.04957197197144675,-0.6637760358750652,,,0.05,0.8
0.04700578703165281,-0.6765562492545828,,,0.05,0.8
0.044477697932392646,-0.6892120624857334,,,0.05,0.8
0.04199627437416639,-0.7017463826649122,,,0.05,0.8
0.039569697779094304,-0.714162646945765,,,0.05,0.8
0.03720573985122552,-0.7264647882763746,,,0.05,0.8
0.03491174330483495,-0.7386572005185204,,,0.05,0.8
0.03269460477433076,-0.7507447030843364,,,0.05,0.8
0.0305607599103238,-0.762732505224254,,,0.05,0.8
0.02851617065765239,-0.7746261700981705,,,0.05,0.8
0.026566314702728414,-0.7864315787593634,,,0.05,0.8
0.024716177069488084,-0.7981548941777987,,,0.05,0.8
0.022970243835509833,-0.8098025254261924,,,0.05,0.8
0.021332497932512778,-0.8213810921485014,,,0.05,0.8
0.01980641698848614,-0.8328973894264813,,,0.05,0.8
0.018394973162130224,-0.8443583531555668,,,0.05,0.8
0.017100634914123662,-0.8557710260366558,,,0.05,0.8
0.01592537065397552,-0.867142524285417,,,0.05,0.8
0.014870654195880673,-0.8784800051555419,,,0.05,0.8
0.013937471952075854,-0.8897906353669299,,,0.05,0.8
0.013126331787697084,-0.9010815605241879,,,0.05,0.8
0.012437273457065183,-0.9123598756050356,,,0.05,0.8
0.011869880537677884,-0.9236325965922928,,,0.05,0.8
0.011423293774961778,-0.934906633317089,,,0.05,0.8
0.011096225748033142,-0.9461887635748198,,,0.05,0.8
0.010886976764330389,-0.9574856085691916,,,0.05,0.8
0.01079345188900694,-0.968803609733481,,,0.05,0.8
0.010813179013406555,-0.980149006971906,,,0.05,0.8
0.010943327865775891,-0.9915278183577854,,,0.05,0.8
0.011180729866593726,-1.0029458213189777,,,0.05,0.8
0.011521898730503336,-1.0144085353349597,,,0.05,0.8
0.011963051716813998,-1.0259212061638445,,,0.05,0.8
0.012500131430878688,-1.037488791611683,,,0.05,0.8
0.013128828079345171,-1.049115948850538,,,0.05,0.8
0.013844602083305233,-1.0608070232861102,,,0.05,0.8
0.014642706954716847,-1.0725660389701281,,,0.05,0.8
0.015518212343134248,-1.0843966905473053,,,0.05,0.8
0.01646602716173399,-1.0963023367214586,,,0.05,0.8
0.017480922703858485,-1.1082859952203439,,,0.05,0.8
0.01855755566379374,-1.1203503392339498,,,0.05,0.8
0.019690490978240525,-1.1324976952963879,,,0.05,0.8
0.020874224407910043,-1.144730042577146,,,0.05,0.8
0.022103204781859793,-1.1570490135433367,,,0.05,0.8
0.023371855830565738,-1.1694558959506902,,,0.05,0.8
0.024674597537283963,-1.1819516361174103,,,0.05,0.8
0.026005866940973156,-1.194536843431641,,,0.05,0.8
0.027360138327908894,-1.2072117960401962,,,0.05,0.8
0.028731942753104985,-1.2199764476633645,,,0.05,0.8
0.030115886836747867,-1.232830435478054,,,0.05,0.8
0.03150667078502965,-1.2457730890092549,,,0.05,0.8
0.0328991055890167,-1.2588034399677968,,,0.05,0.8
0.03428812935949505,-1.2719202329706498,,,0.05,0.8
0.03566882276007692,-1.285121937078569,,,0.05,0.8
0.0370364235052138,-1.298406758084704,,,0.05,0.8
0.038386339894128804,-1.3117726514868928,,,0.05,0.8
0.0397141633560342,-1.3252173360757162,,,0.05,0.8
0.04101567998632742,-1.3387383080700213,,,0.05,0.8
0.0422868810577424,-1.3523328557314969,,,0.05,0.8
0.043523972494660425,-1.3659980743900224,,,0.05,0.8
0.044723383302941344,-1.3797308818118879,,,0.05,0.8
0.04588177295170783,-1.3935280338435927,,,0.05,0.8
0.04699603770749165,-1.4073861402647792,,,0.05,0.8
0.04806331592501787,-1.4213016807849082,,,0.05,0.8
0.04908099230265049,-1.435271021119563,,,0.05,0.8
0.05004670111414075,-1.4492904290837285,,,0.05,0.8
0.0509583284317961,-1.463356090641057,,,0.05,0.8
0.051814013359517214,-1.4774641258499617,,,0.05,0.8
0.052612148297321144,-1.4916106046493862,,,0.05,0.8
0.0533513782619764,-1.505791562429252,,,0.05,0.8
0.054030599291210915,-1.5200030153328858,,,0.05,0.8
0.05464895596161333,-1.5342409752411619,,,0.05,0.8
0.055205838052824543,-1.548501464390639,,,0.05,0.8
0.05570087639290749,-1.5627805295806338,,,0.05,0.8
0.0561339379218838,-1.5770742559269149,,,0.05,0.8
0.056505120012335076,-1.5913787801225356,,,0.05,0.8
0.05681474408768065,-1.6056903031692231,,,0.05,0.8
0.05706334858026302,-1.6200051025456939,,,0.05,0.8
0.05725168127269539,-1.6343195437822688,,,0.05,0.8
0.057380691067053735,-1.6486300914141896,,,0.05,0.8
0.057451519227429276,-1.66293331928909,,,0.05,0.8
0.05746549014209822,-1.6772259202071382,,,0.05,0.8
0.057424101652116206,-1.691504714875418,,,0.05,0.8
0.057329014993508114,-1.7057666601611645,,,0.05,0.8
0.05718204440040381,-1.720008856631483,,,0.05,0.8
0.05698514641647055,-1.734228555370166,,,0.05,0.8
0.05674040896181836,-1.7484231640651553,,,0.05,0.8
0.05645004020221086,-1.7625902523630836,,,0.05,0.8
0.056116357266906676,-1.776727556490143,,,0.05,0.8
0.05574177486079143,-1.7908329831412761,,,0.05,0.8
0.05532879381564451,-1.8049046126423485,,,0.05,0.8
0.054879989624425286,-1.8189407013925378,,,0.05,0.8
0.05439800100136711,-1.8329396835966547,,,0.05,0.8
0.053885518509442336,-1.846900172299489,,,0.05,0.8
0.05334527329541571,-1.8608209597365464,,,0.05,0.8
0.052780025971244544,-1.874701017017692,,,0.05,0.8
0.05219255567902083,-1.888539493162264,,,0.05,0.8
0.051585649374991153,-1.9023357135061254,,,0.05,0.8
0.05096209136644414,-1.9160891775029176,,,0.05,0.8
0.05032465313342959,-1.9297995559434349,,,0.05,0.8
0.049676083465379266,-1.943466687618564,,,0.05,0.8
0.04901909894074329,-1.9570905754526264,,,0.05,0.8
0.04835637477574847,-1.970671382135213,,,0.05,0.8
0.04769053606633388,-1.9842094252807212,,,0.05,0.8
0.04702414944523314,-1.997705172145782,,,0.05,0.8
0.04635971517406149,-2.0111592339356097,,,0.05,0.8
0.04569965968813613,-2.0245723597310095,,,0.05,0.8
0.04504632860962025,-2.037945430068348,,,0.05,0.8
0.04440198024244125,-2.0512794502052283,,,0.05,0.8
0.04376877956030139,-2.0645755431049087,,,0.05,0.8
0.0431487926969804,-2.077834942172684,,,0.05,0.8
0.04254398194603379,-2.0910589837774833,,,0.05,0.8
0.04195620127492295,-2.1042490995918626,,,0.05,0.8
0.041387192356582454,-2.1174068087833757,,,0.05,0.8
0.040838581119440616,-2.1305337100899795,,,0.05,0.8
0.040311874814969756,-2.1436314738117095,,,0.05,0.8
0.039808459599957026,-2.1567018337503177,,,0.05,0.8
0.039329598628861075,-2.1697465791279305,,,0.05,0.8
0.03887643064986003,-2.182767546515043,,,0.05,0.8
0.038449969096505755,-2.1957666117973362,,,0.05,0.8
0.038051101665283873,-2.208745682209883,,,0.05,0.8
0.037680590367841466,-2.2217066884663206,,,0.05,0.8
0.03733907204518922,-2.2346515770094753,,,0.05,0.8
0.03702705932981437,-2.247582302408798,,,0.05,0.8
0.036744942040358865,-2.260500819928752,,,0.05,0.8
0.0364929889923253,-2.2734090782910292,,,0.05,0.8
0.03627135020717398,-2.286309012652162,,,0.05,0.8
0.03608005950116903,-2.299202537816729,,,0.05,0.8
0.03591903743442181,-2.3120915417049566,,,0.05,0.8
0.03578809459976575,-2.3249778790920868,,,0.05,0.8
0.03568693523037958,-2.3378633656354197,,,0.05,0.8
0.03561516110445547,-2.3507497722034643,,,0.05,0.8
0.03557227572468432,-2.3636388195201308,,,0.05,0.8
0.035557688749902214,-2.3765321731354043,,,0.05,0.8
0.03557072065590863,-2.389431438732428,,,0.05,0.8
0.035610607602227236,-2.402338157779425,,,0.05,0.8
0.035676506481432155,-2.415253803533396,,,0.05,0.8
0.03576750012760523,-2.428179777401048,,,0.05,0.8
0.03588260266051986,-2.4411174056609464,,,0.05,0.8
0.0360207649422631,-2.454067936549455,,,0.05,0.8
0.03618088012320643,-2.467032537711608,,,0.05,0.8
0.0363617892545143,-2.480012294016688,,,0.05,0.8
0.036562286944735053,-2.493008205736949,,,0.05,0.8
0.03678112703844809,-2.5060211870866134,,,0.05,0.8
0.037017028295439736,-2.519052065117036,,,0.05,0.8
0.03726868004944599,-2.532101578962706,,,0.05,0.8
0.0375347478261276,-2.545170379431618,,,0.05,0.8
0.037813878900629566,-2.5582590289324316,,,0.05,0.8
0.038104707775817294,-2.571368001729811,,,0.05,0.8
0.03840586156307295,-2.584497684518338,,,0.05,0.8
0.03871596524837201,-2.597648377304479,,,0.05,0.8
0.039033646827238914,-2.6108202945852286,,,0.05,0.8
0.039357542293096334,-2.6240135668112474,,,0.05,0.8
0.03968630046447178,-2.6372282421216013,,,0.05,0.8
0.040018587637502566,-2.650464288336528,,,0.05,0.8
0.04035309205118217,-2.6637215951940765,,,0.05,0.8
0.04068852815381264,-2.676999976815935,,,0.05,0.8
0.04102364066016512,-2.690299174387302,,,0.05,0.8
0.04135720838989943,-2.7036188590352634,,,0.05,0.8
0.04168804787884946,-2.71695863488983,,,0.05,0.8
0.04201501675584046,-2.73031804231151,,,0.05,0.8
0.04233701687876252,-2.743696561269123,,,0.05,0.8
0.04265299722467808,-2.757093614851427,,,0.05,0.8
0.04296195652978647,-2.770508572896071,,,0.05,0.8
0.043262945676101214,-2.783940755719389,,,0.05,0.8
0.04355506982271344,-2.797389437930614,,,0.05,0.8
0.04383749028051284,-2.810853852314206,,,0.05,0.8
0.044109426130213895,-2.824333193764182,,,0.05,0.8
0.044370155584486294,-2.8378266232545455,,,0.05,0.8
0.04461901709591124,-2.8513332718302262,,,0.05,0.8
0.044855410213377855,-2.864852244603249,,,0.05,0.8
0.045078796190393136,-2.878382624739258,,,0.05,0.8
0.04528869834960248,-2.891923477419934,,,0.05,0.8
0.04548470220860412,-2.905473853767322,,,0.05,0.8
0.04566645537288745,-2.9190327947165877,,,0.05,0.8
0.045833667202430706,-2.9325993348242774,,,0.05,0.8
0.04598610825915635,-2.946172505999723,,,0.05,0.8
0.046123609543061175,-2.9597513411478524,,,0.05,0.8
0.0462460615254119,-2.973334877712301,,,0.05,0.8
0.0463534129879244,-2.9869221611083696,,,0.05,0.8
0.046445669677325684,-3.0005122480360744,,,0.05,0.8
0.04652289278513091,-3.0141042096642194,,,0.05,0.8
0.04658519726285354,-3.0276971346771426,,,0.05,0.8
0.04663274998320454,-3.0412901321765142,,,0.05,0.8
0.04666576775812649,-3.0548823344313,,,0.05,0.8
0.046684515224750776,-3.068472899469744,,,0.05,0.8
0.0466893026105611,-3.0820610135079716,,,0.05,0.8
0.046680483389194685,-3.095645893210558,,,0.05,0.8
0.04665845183841489,-3.10922678777915,,,0.05,0.8
0.04662364051184563,-3.1228029808659645,,,0.05,0.8
0.04657651763607081,-3.136373792309725,,,0.05,0.8
0.04651758444467151,-3.149938579692303,,,0.05,0.8
0.046447372460701006,-3.1634967397150566,,,0.05,0.8
0.04636644073898522,-3.1770477093945275,,,0.05,0.8
0.04627537307948376,-3.19059096707786,,,0.05,0.8
0.04617477522275767,-3.2041260332789356,,,0.05,0.8
0.046065272038364635,-3.2176524713368733,,,0.05,0.8
0.045947504716743366,-3.23116988789914,,,0.05,0.8
0.04582212797485742,-3.2446779332321163,,,0.05,0.8
0.04568980728554732,-3.2581763013625205,,,0.05,0.8
0.045551216140190094,-3.271664730053625,,,0.05,0.8
0.04540703335388931,-3.2851430006207076,,,0.05,0.8
0.04525794042201871,-3.29861093759066,,,0.05,0.8
0.04510461893652035,-3.312068408211112,,,0.05,0.8
0.04494774806991644,-3.3255153218148568,,,0.05,0.8
0.044788002134534,-3.338951629045727,,,0.05,0.8
0.044626048223966715,-3.3523773209524403,,,0.05,0.8
0.04446254394330935,-3.3657924279572313,,,0.05,0.8
0.0442981352342005,-3.3791970187063787,,,0.05,0.8
0.044133454300200374,-3.3925911988099835,,,0.05,0.8
0.04396911763751438,-3.405975109478564,,,0.05,0.8
0.043805724175552646,-3.419348926064224,,,0.05,0.8
0.04364385353129178,-3.4327128565142844,,,0.05,0.8
0.04348406438088067,-3.4460671397454017,,,0.05,0.8
0.04332689295140905,-3.4594120439462595,,,0.05,0.8
0.04317285163523685,-3.4727478648169843,,,0.05,0.8
0.043022427728767236,-3.486074923753448,,,0.05,0.8
0.042876082297037196,-3.499393565984609,,,0.05,0.8
0.04273424916499912,-3.5127041586710055,,,0.05,0.8
0.042597334035876414,-3.5260070889724364,,,0.05,0.8
0.04246571373649706,-3.539302762092779,,,0.05,0.8
0.04233973558904311,-3.5525915993097517,,,0.05,0.8
0.0422197169082024,-3.5658740359973002,,,0.05,0.8
0.04210594462227288,-3.579150519648085,,,0.05,0.8
0.041998675016350615,-3.5924215079033748,,,0.05,0.8
0.041898133595331497,-3.605687466597419,,,0.05,0.8
0.04180451506407429,-3.6189488678231263,,,0.05,0.8
0.0417179834217103,-3.632206188025633,,,0.05,0.8
0.04163867216674327,-3.645459906130057,,,0.05,0.8
0.04156668460926267,-3.658710501709446,,,0.05,0.8
0.041502094286295386,-3.671958453198619,,,0.05,0.8
0.04144494547604484,-3.685204236159281,,,0.05,0.8
0.04139525380651391,-3.698448321601466,,,0.05,0.8
0.041353006953778394,-3.7116911743660097,,,0.05,0.8
0.04131816542497168,-3.7249332515724203,,,0.05,0.8
0.04129066342085905,-3.7381750011361414,,,0.05,0.8
0.04127040977272122,-3.7514168603588565,,,0.05,0.8
0.04125728894813185,-3.7646592545951063,,,0.05,0.8
0.0412511621201021,-3.777902595998132,,,0.05,0.8
0.04125186829397754,-3.791147282347478,,,0.05,0.8
0.04125922548640711,-3.8043936959605302,,,0.05,0.8
0.04127303195066194,-3.8176422026897905,,,0.05,0.8
0.04129306744256127,-3.830893151007328,,,0.05,0.8
0.041319094521264456,-3.8441468711774887,,,0.05,0.8
0.041350859879210666,-3.857403674518587,,,0.05,0.8
0.041388095695530994,-3.870663852753961,,,0.05,0.8
0.041430521007320864,-3.883927677452429,,,0.05,0.8
0.04147784309324244,-3.897195399557852,,,0.05,0.8
0.04152975886402721,-3.9104672490071963,,,0.05,0.8
0.04158595625456641,-3.923743434436167,,,0.05,0.8
0.041646115612411314,-3.937024142971191,,,0.05,0.8
0.04170991107765497,-3.950309540106244,,,0.05,0.8
0.041777011949331436,-3.9635997696627356,,,0.05,0.8
0.041847084033646474,-3.9768949538304135,,,0.05,0.8
0.04191979096954423,-3.9901951932869997,,,0.05,0.8
0.04199479552731652,-4.003500567394044,,,0.05,0.8
0.042071760876174126,-4.016811134466255,,,0.05,0.8
0.04215035181692131,-4.030126932111392,,,0.05,0.8
0.04223023597610556,-4.04344797763759,,,0.05,0.8
0.04231108495825212,-4.056774268524846,,,0.05,0.8
0.042392575453036985,-4.070105782957229,,,0.05,0.8
0.04247439029450124,-4.08344248041226,,,0.05,0.8
0.042556219469662926,-4.096784302303765,,,0.05,0.8
0.04263776107413909,-4.110131172674434,,,0.05,0.8
0.04271872221264889,-4.123482998934214,,,0.05,0.8
0.04279881984252857,-4.136839672640597,,,0.05,0.8
0.0428777815586481,-4.150201070316836,,,0.05,0.8
0.042955346318378475,-4.163567054304053,,,0.05,0.8
0.0430312651055151,-4.176937473643213,,,0.05,0.8
0.043105301532316904,-4.190312164982916,,,0.05,0.8
0.043177232379071374,-4.20369095350898,,,0.05,0.8
0.04324684807084172,-4.217073653891812,,,0.05,0.8
0.04331395309129313,-4.230460071247597,,,0.05,0.8
0.043378366333730115,-4.243850002109402,,,0.05,0.8
0.04343992138970505,-4.257243235404342,,,0.05,0.8
0.043498466775778816,-4.2706395534330515,,,0.05,0.8
0.04355386609922749,-4.284038732847778,,,0.05,0.8
0.043605998163693246,-4.297440545625532,,,0.05,0.8
0.04365475701597291,-4.310844760032833,,,0.05,0.8
0.04370005193532349,-4.3242511415787,,,0.05,0.8
0.043741807366839455,-4.337659453952708,,,0.05,0.8
0.043779962800622275,-4.351069459945009,,,0.05,0.8
0.04381447259861705,-4.364480922345427,,,0.05,0.8
0.04384530577113495,-4.377893604818843,,,0.05,0.8
0.0438724457052125,-4.391307272754276,,,0.05,0.8
0.0438958898470799,-4.404721694085213,,,0.05,0.8
0.043915649341119724,-4.418136640078919,,,0.05,0.8
0.043931748627795426,-4.431551886092649,,,0.05,0.8
0.04394422500311491,-4.444967212294813,,,0.05,0.8
0.04395312814226871,-4.458382404349389,,,0.05,0.8
0.043958519590145115,-4.471797254062005,,,0.05,0.8
0.04396047222147529,-4.48521155998633,,,0.05,0.8
0.04395906967340118,-4.498625127989577,,,0.05,0.8
0.04395440575328693,-4.512037771776107,,,0.05,0.8
0.04394658382461163,-4.525449313368317,,,0.05,0.8
0.04393571617378727,-4.538859583544146,,,0.05,0.8
0.04392192336074104,-4.55226842223075,,,0.05,0.8
0.04390533355608651,-4.5656756788540305,,,0.05,0.8
0.04388608186768279,-4.579081212643903,,,0.05,0.8
0.0438643096593466,-4.592484892895337,,,0.05,0.8
0.043840163864437905,-4.605886599185377,,,0.05,0.8
0.04381379629698702,-4.619286221546497,,,0.05,0.8
0.04378536296297011,-4.632683660596816,,,0.05,0.8
0.043755023374270265,-4.6460788276278,,,0.05,0.8
0.04372293986778499,-4.659471644650292,,,0.05,0.8
0.04368927693205675,-4.672862044399751,,,0.05,0.8
0.043654200543712975,-4.6862499703017955,,,0.05,0.8
0.04361787751590548,-4.699635376399201,,,0.05,0.8
0.04358047486083706,-4.713018227241649,,,0.05,0.8
0.043542159168356256,-4.726398497739608,,,0.05,0.8
0.043503096002489514,-4.739776172983839,,,0.05,0.8
0.04346344931766474,-4.75315124803209,,,0.05,0.8
0.043423380896261195,-4.766523727664645,,,0.05,0.8
0.04338304980899888,-4.779893626110429,,,0.05,0.8
0.04334261189955656,-4.793260966745476,,,0.05,0.8
0.04330221929468133,-4.806625781765591,,,0.05,0.8
0.043262019940925454,-4.819988111835101,,,0.05,0.8
0.04322215716901791,-4.833348005713604,,,0.05,0.8
0.04318276928674958,-4.846705519862704,,,0.05,0.8
0.04314398920112272,-4.860060718034679,,,0.05,0.8
0.043105944070387384,-4.873413670845095,,,0.05,0.8
0.04306875498646096,-4.886764455331365,,,0.05,0.8
0.0430325366881018,-4.900113154499239,,,0.05,0.8
0.04299739730508443,-4.9134598568592365,,,0.05,0.8
0.04296343813350323,-4.926804655954978,,,0.05,0.8
0.04293075344221302,-4.940147649885386,,,0.05,0.8
0.042899430310300024,-4.953488940822666,,,0.05,0.8
0.04286954849536489,-4.9668286345279675,,,0.05,0.8
0.042841180332291603,-4.980166839866567,,,0.05,0.8
0.04281439066207217,-4.99350366832438,,,0.05,0.8
0.04278923679015739,-5.006839233527547,,,0.05,0.8
0.04276576847370914,-5.020173650766781,,,0.05,0.8
0.04274402793703922,-5.03350703652812,,,0.05,0.8
0.04272404991443497,-5.046839508031635,,,0.05,0.8
0.042705861719491485,-5.060171182779583,,,0.05,0.8
0.04268948333999604,-5.073502178115439,,,0.05,0.8
0.042674927557340994,-5.086832610795132,,,0.05,0.8
0.042662200089377975,-5.100162596571753,,,0.05,0.8
0.04265129975556829,-5.11349224979491,,,0.05,0.8
0.04264221866323249,-5.126821683025822,,,0.05,0.8
0.04263494241365566,-5.140151006669162,,,0.05,0.8
0.04262945032676449,-5.153480328622552,,,0.05,0.8
0.04262571568305767,-5.166809753944563,,,0.05,0.8
0.042623705981441946,-5.180139384541928,,,0.05,0.8
0.042623383211603395,-5.193469318876633,,,0.05,0.8
0.042624704139525564,-5.206799651693449,,,0.05,0.8
0.04262762060475456,-5.220130473768349,,,0.05,0.8
0.04263207982800453,-5.233461871678211,,,0.05,0.8
0.042638024727695935,-5.246793927592075,,,0.05,0.8
0.04264539424402322,-5.26012671908418,,,0.05,0.8
0.042654123669157634,-5.27346031896887,,,0.05,0.8
0.04266414498220509,-5.286794795157423,,,0.05,0.8
0.042675387187557846,-5.300130210536742,,,0.05,0.8
0.04268777665530204,-5.313466622869783,,,0.05,0.8
0.042701237462370874,-5.326804084717516,,,0.05,0.8
0.04271569173316505,-5.340142643382131,,,0.05,0.8
0.04273105997839764,-5.353482340871155,,,0.05,0.8
0.04274726143095998,-5.366823213882041,,,0.05,0.8
0.042764214377647755,-5.380165293806761,,,0.05,0.8
0.04278183648563262,-5.393508606755853,,,0.05,0.8
0.04280004512261298,-5.406853173601321,,,0.05,0.8
0.04281875766962951,-5.420199010037733,,,0.05,0.8
0.04283789182558449,-5.433546126660811,,,0.05,0.8
0.04285736590255997,-5.446894529062768,,,0.05,0.8
0.04287709911108779,-5.460244217943583,,,0.05,0.8
0.04289701183458366,-5.473595189237401,,,0.05,0.8
0.04291702589221847,-5.4869474342531905,,,0.05,0.8
0.04293706478956155,-5.500300939828745,,,0.05,0.8
0.04295705395639356,-5.513655688497133,,,0.05,0.8
0.04297692097114967,-5.527011658664642,,,0.05,0.8
0.04299659577151743,-5.540368824799255,,,0.05,0.8
0.04301601085077716,-5.553727157628691,,,0.05,0.8
0.043035101439536295,-5.567086624347028,,,0.05,0.8
0.043053805672572255,-5.580447188828914,,,0.05,0.8
0.04307206474056064,-5.59380881185038,,,0.05,0.8
0.043089823026527495,-5.607171451315265,,,0.05,0.8
0.043107028226924804,-5.620535062486272,,,0.05,0.8
0.04312363145728786,-5.633899598219673,,,0.05,0.8
0.04313958734249111,-5.64726500920271,,,0.05,0.8
0.04315485409167544,-5.660631244192738,,,0.05,0.8
0.04316939355797458,-5.673998250257191,,,0.05,0.8
0.043183171283220946,-5.687365973013444,,,0.05,0.8
0.04319615652786196,-5.7007343568677165,,,0.05,0.8
0.04320832228636633,-5.7141033452521395,,,0.05,0.8
0.043219645288445935,-5.727472880859167,,,0.05,0.8
0.043230105986462875,-5.740842905872538,,,0.05,0.8
0.04323968852943216,-5.754213362194027,,,0.05,0.8
0.04324838072406947,-5.767584191665258,,,0.05,0.8
0.04325617398336915,-5.780955336283892,,,0.05,0.8
0.043263063263231025,-5.794326738413536,,,0.05,0.8
0.04326904698768477,-5.807698340986778,,,0.05,0.8
0.043274126963288514,-5.821070087700755,,,0.05,0.8
0.04327830828330278,-5.834441923204759,,,0.05,0.8
0.04328159922226298,-5.847813793279374,,,0.05,0.8
0.04328401112159261,-5.861185645006722,,,0.05,0.8
0.043285558266915256,-5.874557426931412,,,0.05,0.8
0.04328625775773718,-5.88792908921186,,,0.05,0.8
0.043286129370182246,-5.9013005837616515,,,0.05,0.8
0.043285195413468945,-5.914671864380714,,,0.05,0.8
0.043283480580824096,-5.928042886876062,,,0.05,0.8
0.04328101179552987,-5.941413609171957,,,0.05,0.8
0.04327781805280064,-5.954783991409351,,,0.05,0.8
0.04327393025818292,-5.968153996034528,,,0.05,0.8
0.043269381063166426,-5.981523587876902,,,0.05,0.8
0.04326420469868628,-5.994892734215974,,,0.05,0.8
0.04325843680718638,-6.00826140483748,,,0.05,0.8
0.04325211427390142,-6.021629572078808,,,0.05,0.8
0.04324527505800083,-6.034997210863813,,,0.05,0.8
0.04323795802422125,-6.04836429872716,,,0.05,0.8
0.043230202775595875,-6.061730815828394,,,0.05,0.8
0.04322204948786912,-6.075096744955959,,,0.05,0.8
0.043213538746162954,-6.088462071521407,,,0.05,0.8
0.043204711384438384,-6.101826783544077,,,0.05,0.8
0.0431956083282707,-6.11519087162656,,,0.05,0.8
0.043186270441431245,-6.128554328921284,,,0.05,0.8
0.04317673837674151,-6.141917151088559,,,0.05,0.8
0.04316705243163721,-6.155279336246481,,,0.05,0.8
0.04315725240885111,-6.168640884913091,,,0.05,0.8
0.04314737748259382,-6.182001799941199,,,0.05,0.8
0.04313746607058123,-6.19536208644631,,,0.05,0.8
0.04312755571222682,-6.2087217517281035,,,0.05,0.8
0.043117682953285705,-6.222080805185924,,,0.05,0.8
0.043107883237205956,-6.235439258228751,,,0.05,0.8
0.04309819080341134,-6.2487971241801255,,,0.05,0.8
0.04308863859270804,-6.262154418178521,,,0.05,0.8
0.043079258159976604,-6.275511157073643,,,0.05,0.8
0.043070079594279206,-6.288867359319147,,,0.05,0.8
0.04306113144648157,-6.302223044862267,,,0.05,0.8
0.043052440664458465,-6.315578235030846,,,0.05,0.8
0.04304403253592199,-6.328932952418239,,,0.05,0.8
0.04303593063888264,-6.342287220766599,,,0.05,0.8
0.04302815679972471,-6.35564106484898,,,0.05,0.8
0.04302073105885003,-6.368994510350763,,,0.05,0.8
0.043013671643817274,-6.382347583750828,,,0.05,0.8
0.04300699494987838,-6.395700312202937,,,0.05,0.8
0.04300071552778884,-6.409052723417751,,,0.05,0.8
0.042994846078745215,-6.422404845545904,,,0.05,0.8
0.04298939745628048,-6.435756707062538,,,0.05,0.8
0.042984378674926965,-6.449108336653678,,,0.05,0.8
0.04297979692543645,-6.46245976310483,,,0.05,0.8
0.042975657596328355,-6.4758110151921455,,,0.05,0.8
0.04297196430151976,-6.489162121576494,,,0.05,0.8
0.042968718913775,-6.502513110700745,,,0.05,0.8
0.04296592160369788,-6.515864010690572,,,0.05,0.8
0.042963570883976655,-6.5292148492590325,,,0.05,0.8
0.04296166365858,-6.5425656536151955,,,0.05,0.8
0.04296019527659189,-6.555916450377029,,,0.05,0.8
0.0429591595903645,-6.569267265488767,,,0.05,0.8
0.04295854901766074,-6.582618124142946,,,0.05,0.8
0.04295835460745191,-6.595969050707263,,,0.05,0.8
0.042958566109031385,-6.609320068656409,,,0.05,0.8
0.04295917204410181,-6.622671200508997,,,0.05,0.8
0.042960159781491584,-6.636022467769675,,,0.05,0.8
0.04296151561415546,-6.649373890876507,,,0.05,0.8
0.04296322483811506,-6.662725489153683,,,0.05,0.8
0.04296527183299679,-6.676077280769575,,,0.05,0.8
0.042967640143828,-6.689429282700176,,,0.05,0.8
0.042970312563756226,-6.702781510697891,,,0.05,0.8
0.04297327121736216,-6.716133979265673,,,0.05,0.8
0.042976497644243127,-6.729486701636448,,,0.05,0.8
0.04297997288255162,-6.742839689757768,,,0.05,0.8
0.042983677552181826,-6.756192954281614,,,0.05,0.8
0.04298759193730642,-6.769546504559246,,,0.05,0.8
0.04299169606797629,-6.782900348640987,,,0.05,0.8
0.042995969800506774,-6.796254493280818,,,0.05,0.8
0.04300039289638576,-6.809608943945632,,,0.05,0.8
0.0430049450994515,-6.822963704828987,,,0.05,0.8
0.04300960621110095,-6.836318778869208,,,0.05,0.8
0.0430143561633031,-6.849674167771632,,,0.05,0.8
0.04301917508920566,-6.863029872034825,,,0.05,0.8
0.04302404339113814,-6.876385890980547,,,0.05,0.8
0.0,0.0,0.034623450318755994,-1.6367824199912986,0.1067,0.8
0.004997818049115084,-0.00046280757640960064,0.04553832512900942,-4.550939805502246,0.1067,0.8
0.009982505594618617,-0.0018400400755551592,0.04606632584231637,-7.558313762890104,0.1067,0.8
0.014940879898284146,-0.004114690652124079,0.04609025812466291,-10.577940757628848,0.1067,0.8
0.019859714119184857,-0.007268892873294623,0.0460912780350626,-13.606783532053473,0.1067,0.8
0.02472584417012913,-0.011284387738854132,,,0.1067,0.8
0.029526285043202642,-0.016142424817109067,,,0.1067,0.8
0.03424826352402355,-0.021823731307732613,,,0.1067,0.8
0.03887929915386699,-0.028308534416587303,,,0.1067,0.8
0.0434072721124397,-0.03557658038372704,,,0.1067,0.8
0.04782048844742575,-0.04360715965841897,,,0.1067,0.8
0.05210774137263462,-0.05237913703919851,,,0.1067,0.8
0.05625836840517542,-0.06187098648781332,,,0.1067,0.8
0.060262304024649126,-0.0720608301788268,,,0.1067,0.8
0.06411012759373398,-0.08292648133896864,,,0.1067,0.8
0.06779310632487102,-0.09444549041548198,,,0.1067,0.8
0.07130323312424164,-0.10659519410369853,,,0.1067,0.8
0.07463325919004697,-0.11935276675926523,,,0.1067,0.8
0.07777672128696785,-0.13269527371981146,,,0.1067,0.8
0.08072796366223396,-0.14659972606417881,,,0.1067,0.8
0.08348215461063187,-0.16104313634440956,,,0.1067,0.8
0.0860352977357455,-0.17600257483626058,,,0.1067,0.8
0.08838423799249524,-0.1914552258678131,,,0.1067,0.8
0.0905266626314046,-0.2073784438024995,,,0.1067,0.8
0.09246109719779615,-0.22374980827227633,,,0.1067,0.8
0.09418689676915531,-0.2405471782784337,,,0.1067,0.8
0.09570423264109051,-0.257748744801338,,,0.1067,0.8
0.09701407469658295,-0.2753330815859487,,,0.1067,0.8
0.0981181697145137,-0.2932791937969216,,,0.1067,0.8
0.09901901589176264,-0.31156656426520946,,,0.1067,0.8
0.09971983386850532,-0.33017519707699794,,,0.1067,0.8
0.10022453455872826,-0.349085658285283,,,0.1067,0.8
0.10053768409750095,-0.3682791135541356,,,0.1067,0.8
0.10066446622326816,-0.38773736257544367,,,0.1067,0.8
0.10061064241746029,-0.40744287012743,,,0.1067,0.8
0.10038251012518228,-0.4273787936732887,,,0.1067,0.8
0.09998685937976565,-0.4475290074266512,,,0.1067,0.8
0.09943092815070131,-0.46787812283809793,,,0.1067,0.8
0.09872235672906648,-0.4884115054833987,,,0.1067,0.8
0.09786914145718316,-0.5091152883594474,,,0.1067,0.8
0.09687958810006794,-0.5299763816178195,,,0.1067,0.8
0.09576226514542494,-0.5509824787884136,,,0.1067,0.8
0.09452595730667399,-0.5721220595666516,,,0.1067,0.8
0.09317961948996993,-0.5933843892571273,,,0.1067,0.8
0.09173233147152873,-0.6147595149843612,,,0.1067,0.8
0.09019325351600932,-0.6362382587973983,,,0.1067,0.8
0.08857158315036895,-0.657812207809354,,,0.1067,0.8
0.08687651329068397,-0.6794737015256678,,,0.1067,0.8
0.08511719190205784,-0.7012158165257686,,,0.1067,0.8
0.08330268335408163,-0.723032348672117,,,0.1067,0.8
0.0814419316165038,-0.7449177930281916,,,0.1067,0.8
0.07954372542194768,-0.7668673216729845,,,0.1067,0.8
0.0776166655048063,-0.7888767596040047,,,0.1067,0.8
0.07566913400796448,-0.8109425589237339,,,0.1067,0.8
0.07370926613185416,-0.8330617715059914,,,0.1067,0.8
0.0717449240836377,-0.8552320203388274,,,0.1067,0.8
0.06978367336812194,-0.8774514697394565,,,0.1067,0.8
0.06783276144641524,-0.8997187946344406,,,0.1067,0.8
0.06589909877341424,-0.9220331490949346,,,0.1067,0.8
0.06398924221101035,-0.9443941343123927,,,0.1067,0.8
0.062109380800486155,-0.9668017661947972,,,0.1067,0.8
0.06026532386497129,-0.989256442757306,,,0.1067,0.8
0.05846249140107874,-1.0117589114743057,,,0.1067,0.8
0.056705906707972306,-1.0343102367522967,,,0.1067,0.8
0.055000191192139385,-1.0569117676749122,,,0.1067,0.8
0.05334956127707221,-1.079565106162775,,,0.1067,0.8
0.05175782733889935,-1.1022720756818942,,,0.1067,0.8
0.05022839458175143,-1.1250346906250064,,,0.1067,0.8
0.04876426576028654,-1.1478551264807086,,,0.1067,0.8
0.04736804565132414,-1.1707356908955378,,,0.1067,0.8
0.04604194717192394,-1.1936787957243422,,,0.1067,0.8
0.044787799037475616,-1.2166869301544767,,,0.1067,0.8
0.04360705485040788,-1.2397626349795554,,,0.1067,0.8
0.04250080350795168,-1.2629084780888113,,,0.1067,0.8
0.04146978081596845,-1.2861270312285549,,,0.1067,0.8
0.040514382195144624,-1.3094208480828766,,,0.1067,0.8
0.03963467636581843,-1.3327924437116216,,,0.1067,0.8
0.03883041989830694,-1.3562442753748292,,,0.1067,0.8
0.03810107251679651,-1.3797787247643114,,,0.1067,0.8
0.03744581304660774,-1.403398081654871,,,0.1067,0.8
0.03686355589690314,-1.4271045289798536,,,0.1067,0.8
0.03635296797362909,-1.4509001293283286,,,0.1067,0.8
0.03591248592062965,-1.4747868128541999,,,0.1067,0.8
0.03554033359039619,-1.4987663665809894,,,0.1067,0.8
0.03523453964978012,-1.5228404250799188,,,0.1067,0.8
0.034992955230155706,-1.5470104624932504,,,0.1067,0.8
0.034813271535934005,-1.5712777858696358,,,0.1067,0.8
0.03469303732995871,-1.5956435297734741,,,0.1067,0.8
0.03462967621912117,-1.6201086521259842,,,0.1067,0.8
0.03462050366847807,-1.6446739312318612,,,0.1067,0.8
0.03466274367720613,-1.6693399639419957,,,0.1067,0.8
0.034753545054849753,-1.6941071648997896,,,0.1067,0.8
0.034889997241477434,-1.7189757668160845,,,0.1067,0.8
0.0350691456205315,-1.7439458217156243,,,0.1067,0.8
0.03528800627830408,-1.7690172030962832,,,0.1067,0.8
0.0355435801690746,-1.7941896089409965,,,0.1067,0.8
0.03583286664997485,-1.8194625655214052,,,0.1067,0.8
0.03615287635458559,-1.8448354319316695,,,0.1067,0.8
0.03650064337909172,-1.87030740529068,,,0.1067,0.8
0.03687323675951327,-1.8958775265509993,,,0.1067,0.8
0.037267771223069936,-1.9215446868532695,,,0.1067,0.8
0.037681417201112295,-1.9473076343655098,,,0.1067,0.8
0.03811141009525026,-1.9731649815476746,,,0.1067,0.8
0.03855505879231724,-1.9991152127830432,,,0.1067,0.8
0.039009753427617526,-2.0251566923194173,,,0.1067,0.8
0.03947297239950584,-2.0512876724647318,,,0.1067,0.8
0.03994228864173652,-2.077506301983476,,,0.1067,0.8
0.0404153751631892,-2.103810634642292,,,0.1067,0.8
0.04089000986752605,-2.1301986378552145,,,0.1067,0.8
0.04136407966805911,-2.1566682013812626,,,0.1067,0.8
0.04183558391560599,-2.1832171460294085,,,0.1067,0.8
0.042302637159386515,-2.2098432323283936,,,0.1067,0.8
0.04276347126306559,-2.236544169121343,,,0.1067,0.8
0.043216436899879355,-2.2633176220476856,,,0.1067,0.8
0.04366000445239744,-2.2901612218774727,,,0.1067,0.8
0.04409276434387782,-2.3170725726657975,,,0.1067,0.8
0.04451342682936767,-2.3440492596976403,,,0.1067,0.8
0.044920821275699754,-2.3710888571960793,,,0.1067,0.8
0.04531389496033642,-2.3981889357694044,,,0.1067,0.8
0.04569171141962836,-2.4253470695752415,,,0.1067,0.8
0.04605344837749208,-2.4525608431823285,,,0.1067,0.8
0.046398395285775426,-2.4798278581130617,,,0.1067,0.8
0.04672595050768382,-2.5071457390523544,,,0.1067,0.8
0.04703561817558975,-2.5345121397107055,,,0.1067,0.8
0.04732700475435322,-2.5619247483316596,,,0.1067,0.8
0.047599815340951125,-2.5893812928360287,,,0.1067,0.8
0.047853849730757854,-2.6168795455973735,,,0.1067,0.8
0.04808899828024691,-2.644417327845249,,,0.1067,0.8
0.048305237595204414,-2.671992513694648,,,0.1067,0.8
0.048502626072768104,-2.6996030338019024,,,0.1067,0.8
0.04868129932474015,-2.727246878649013,,,0.1067,0.8
0.04884146550867744,-2.754922101460005,,,0.1067,0.8
0.04898340059224799,-2.7826268207544014,,,0.1067,0.8
0.049107443575265836,-2.8103592225443212,,,0.1067,0.8
0.04921399169268748,-2.8381175621829824,,,0.1067,0.8
0.0493034956206791,-2.8659001658735916,,,0.1067,0.8
0.049376454706653465,-2.893705431848666,,,0.1067,0.8
0.04943341224293643,-2.921531831230801,,,0.1067,0.8
0.04947495080246238,-2.9493779085867753,,,0.1067,0.8
0.049501687653623325,-2.9772422821876265,,,0.1067,0.8
0.04951427027011427,-3.00512364398801,,,0.1067,0.8
0.04951337195033391,-3.0330207593387,,,0.1067,0.8
0.049499687559621516,-3.060932466446576,,,0.1067,0.8
0.049473929407342694,-3.088857675596796,,,0.1067,0.8
0.04943682326958464,-3.116795368152164,,,0.1067,0.8
0.049389104566989826,-3.144744595344886,,,0.1067,0.8
0.04933151470605085,-3.1727044768760435,,,0.1067,0.8
0.049264797591011635,-3.200674199338155,,,0.1067,0.8
0.04918969631237631,-3.2286530144761687,,,0.1067,0.8
0.04910695001691894,-3.2566402373021335,,,0.1067,0.8
0.04901729096301896,-3.2846352440786464,,,0.1067,0.8
0.048921441764120395,-3.312637470185942,,,0.1067,0.8
0.04882011282213101,-3.3406464078872267,,,0.1067,0.8
0.04871399995164117,-3.3686616040065362,,,0.1067,0.8
0.04860378219495436,-3.396682657533015,,,0.1067,0.8
0.04849011982708228,-3.4247092171651157,,,0.1067,0.8
0.048373652549068676,-3.4527409788077574,,,0.1067,0.8
0.0482549978672685,-3.4807776830350017,,,0.1067,0.8
0.048134749655522474,-3.508819112530287,,,0.1067,0.8
0.0480134768965325,-3.536865089515733,,,0.1067,0.8
0.04789172259816012,-3.5649154731814465,,,0.1067,0.8
0.047770002879838395,-3.592970157125203,,,0.1067,0.8
0.04764880622380618,-3.6210290668122695,,,0.1067,0.8
0.04752859288544302,-3.6490921570645374,,,0.1067,0.8
0.04740979445660065,-3.6771594095875124,,,0.1067,0.8
0.04729281357549342,-3.705230830543111,,,0.1067,0.8
0.047178023776423036,-3.7333064481755733,,,0.1067,0.8
0.0470657694723717,-3.7613863104972034,,,0.1067,0.8
0.046956366063300274,-3.7894704830400268,,,0.1067,0.8
0.046850100162833475,-3.8175590466788503,,,0.1067,0.8
0.04674722993589978,-3.8456520955306215,,,0.1067,0.8
0.046647985539818915,-3.873749734934386,,,0.1067,0.8
0.04655256966129153,-3.901852079515581,,,0.1067,0.8
0.04646115814174327,-3.929959251337841,,,0.1067,0.8
0.04637390068350563,-3.95807137814495,,,0.1067,0.8
0.04629092162937792,-3.986188591695057,,,0.1067,0.8
0.04621232080820567,-4.0143110261887625,,,0.1067,0.8
0.0461381744392289,-4.042438816792203,,,0.1067,0.8
0.04606853608809697,-4.070572098255809,,,0.1067,0.8
0.04600343766761328,-4.098711003628945,,,0.1067,0.8
0.04594289047646046,-4.126855663070271,,,0.1067,0.8
0.045886886269363276,-4.155006202753218,,,0.1067,0.8
0.04583539835237016,-4.1831627438656485,,,0.1067,0.8
0.04578838269717312,-4.211325401702397,,,0.1067,0.8
0.045745779068637776,-4.239494284849088,,,0.1067,0.8
0.0457075121599788,-4.267669494455314,,,0.1067,0.8
0.045673492730289124,-4.295851123595003,,,0.1067,0.8
0.045643618739412355,-4.324039256711552,,,0.1067,0.8
0.04561777647543487,-4.352233969145063,,,0.1067,0.8
0.04559584167036605,-4.380435326738856,,,0.1067,0.8
0.04557768059986989,-4.408643385522226,,,0.1067,0.8
0.04556315116320778,-4.436858191466267,,,0.1067,0.8
0.045552103939848994,-4.465079780309455,,,0.1067,0.8
0.04554438321950116,-4.493308177449582,,,0.1067,0.8
0.045539828002606086,-4.521543397898527,,,0.1067,0.8
0.045538272968636634,-4.5497854462962835,,,0.1067,0.8
0.04553954940981541,-4.578034316980634,,,0.1067,0.8
0.045543486128156,-4.606289994108803,,,0.1067,0.8
0.045549910294001066,-4.6345524518274095,,,0.1067,0.8
0.04555864826449757,-4.662821654487071,,,0.1067,0.8
0.04556952636070786,-4.691097556897984,,,0.1067,0.8
0.04558237160230471,-4.719380104622873,,,0.1067,0.8
0.04559701239903868,-4.747669234303732,,,0.1067,0.8
0.045613279198396646,-4.7759648740188405,,,0.1067,0.8
0.04563100508909045,-4.80426694366661,,,0.1067,0.8
0.04565002636022431,-4.832575355372895,,,0.1067,0.8
0.04567018301618806,-4.8608900139185,,,0.1067,0.8
0.04569131924751075,-4.889210817183701,,,0.1067,0.8
0.04571328385808523,-4.917537656606731,,,0.1067,0.8
0.04573593064933861,-4.945870417653251,,,0.1067,0.8
0.045759118762076646,-4.974208980294013,,,0.1067,0.8
0.04578271297687112,-5.002553219487988,,,0.1067,0.8
0.04580658397398931,-5.030903005668388,,,0.1067,0.8
0.045830608553982605,-5.059258205229161,,,0.1067,0.8
0.045854669820158435,-5.087618681009638,,,0.1067,0.8
0.04587865732425526,-5.115984292775194,,,0.1067,0.8
0.04590246717672512,-5.144354897691886,,,0.1067,0.8
0.04592600212310239,-5.1727303507931985,,,0.1067,0.8
0.04594917158800064,-5.2011105054371685,,,0.1067,0.8
0.04597189168833328,-5.229495213752282,,,0.1067,0.8
0.04599408521739697,-5.257884327070703,,,0.1067,0.8
0.04601568160149112,-5.28627769634751,,,0.1067,0.8
0.04603661683077173,-5.314675172564772,,,0.1067,0.8
0.046056833366054456,-5.343076607119402,,,0.1067,0.8
0.04607628002328959,-5.371481852193907,,,0.1067,0.8
0.046094911837432286,-5.39989076110921,,,0.1067,0.8
0.04611268990742404,-5.428303188658917,,,0.1067,0.8
0.04612958122398745,-5.456718991424457,,,0.1067,0.8
0.04614555848191568,-5.485138028070695,,,0.1067,0.8
0.04616059987851138,-5.513560159621681,,,0.1067,0.8
0.046174688899797665,-5.541985249716329,,,0.1067,0.8
0.04618781409608618,-5.570413164843925,,,0.1067,0.8
0.04619996884844522,-5.5988437745594375,,,0.1067,0.8
0.0462111511275645,-5.627276951678714,,,0.1067,0.8
0.04622136324646288,-5.655712572453713,,,0.1067,0.8
0.04623061160843165,-5.684150516728028,,,0.1067,0.8
0.0462389064515495,-5.712590668072997,,,0.1067,0.8
0.04624626159104587,-5.741032913904797,,,0.1067,0.8
0.04625269416072814,-5.769477145582952,,,0.1067,0.8
0.04625822435462493,-5.797923258490774,,,0.1067,0.8
0.04626287516993292,-5.826371152098267,,,0.1067,0.8
0.046266672152289315,-5.854820730008125,,,0.1067,0.8
0.04626964314432525,-5.8832718999854325,,,0.1067,0.8
0.046271818038388854,-5.911724573971774,,,0.1067,0.8
0.04627322853425966,-5.940178668084444,,,0.1067,0.8
0.0462739079026094,-5.968634102601509,,,0.1067,0.8
0.046273890754897934,-5.997090801933459,,,0.1067,0.8
0.0462732128203274,-6.025548694582245,,,0.1067,0.8
0.04627191073041338,-6.054007713088478,,,0.1067,0.8
0.04627002181166831,-6.082467793967596,,,0.1067,0.8
0.04626758388683036,-6.110928877635788,,,0.1067,0.8
0.04626463508501084,-6.139390908326496,,,0.1067,0.8
0.04626121366107427,-6.167853833998282,,,0.1067,0.8
0.04625735782450874,-6.196317606234862,,,0.1067,0.8
0.046253105577989374,-6.224782180138093,,,0.1067,0.8
0.04624849456578527,-6.25324751421469,,,0.1067,0.8
0.046243561932109885,-6.2817135702574305,,,0.1067,0.8
0.04623834418946723,-6.3101803132215855,,,0.1067,0.8
0.04623287709700033,-6.338647711097318,,,0.1067,0.8
0.046227195548805965,-6.367115734778733,,,0.1067,0.8
0.04622133347213872,-6.395584357930272,,,0.1067,0.8
0.046215323735389904,-6.424053556851101,,,0.1067,0.8
0.04620919806569147,-6.452523310338125,,,0.1067,0.8
0.0462029869759623,-6.480993599548229,,,0.1067,0.8
0.046196719701184184,-6.509464407860314,,,0.1067,0.8
0.046190424143667426,-6.537935720737682,,,0.1067,0.8
0.04618412682704073,-6.566407525591276,,,0.1067,0.8
0.046177852858677815,-6.594879811644255,,,0.1067,0.8
0.04617162590025312,-6.623352569798362,,,0.1067,0.8
0.046165468146101396,-6.651825792502504,,,0.1067,0.8
0.04615940030904067,-6.68029947362393,,,0.1067,0.8
0.04615344161330541,-6.708773608322363,,,0.1067,0.8
0.04614760979422562,-6.737248192927416,,,0.1067,0.8
0.04614192110427949,-6.765723224819589,,,0.1067,0.8
0.04613639032514031,-6.794198702315102,,,0.1067,0.8
0.04613103078533416,-6.822674624554809,,,0.1067,0.8
0.046125854383122104,-6.851150991397394,,,0.1067,0.8
0.046120871614219704,-6.879627803317025,,,0.1067,0.8
0.04611609160396778,-6.908105061305616,,,0.1067,0.8
0.04611152214357048,-6.936582766779823,,,0.1067,0.8
0.046107169730020874,-6.965060921492863,,,0.1067,0.8
0.04610303960933965,-6.99353952745123,,,0.1067,0.8
0.04609913582275895,-7.022018586836364,,,0.1067,0.8
0.04609546125549145,-7.050498101931277,,,0.1067,0.8
0.04609201768773358,-7.078978075052167,,,0.1067,0.8
0.046088805847561774,-7.107458508484975,,,0.1067,0.8
0.04608582546539157,-7.135939404426868,,,0.1067,0.8
0.04608307532968081,-7.164420764932578,,,0.1067,0.8
0.04608055334357081,-7.192902591865547,,,0.1067,0.8
0.04607825658217214,-7.221384886853756,,,0.1067,0.8
0.04607618135021535,-7.2498676512501765,,,0.1067,0.8
0.046074323239800714,-7.2783508860976935,,,0.1067,0.8
0.04607267718799559,-7.306834592098399,,,0.1067,0.8
0.046071237534042436,-7.335318769587102,,,0.1067,0.8
0.04606999807595536,-7.363803418508914,,,0.1067,0.8
0.04606895212629803,-7.392288538400755,,,0.1067,0.8
0.04606809256695062,-7.420774128376612,,,0.1067,0.8
0.046067411902688635,-7.449260187116384,,,0.1067,0.8
0.04606690231341107,-7.477746712858137,,,0.1067,0.8
0.04606655570487037,-7.506233703393585,,,0.1067,0.8
0.04606636375777108,-7.53472115606663,,,0.1067,0.8
0.04606631797511831,-7.5632090677747525,,,0.1067,0.8
0.04606640972771145,-7.591697434973089,,,0.1067,0.8
0.046066630297691986,-7.620186253680993,,,0.1067,0.8
0.04606697092006769,-7.648675519490909,,,0.1067,0.8
0.046067422822148506,-7.677165227579352,,,0.1067,0.8
0.04606797726084171,-7.705655372719835,,,0.1067,0.8
0.04606862555776611,-7.73414594929754,,,0.1067,0.8
0.0460693591321565,-7.762636951325573,,,0.1067,0.8
0.04607016953154052,-7.791128372462611,,,0.1067,0.8
0.046071048460180744,-7.819620206031786,,,0.1067,0.8
0.04607198780528445,-7.848112445040632,,,0.1067,0.8
0.046072979660993135,-7.876605082201936,,,0.1067,0.8
0.04607401635017245,-7.905098109955334,,,0.1067,0.8
0.046075090444031574,-7.933591520489516,,,0.1067,0.8
0.04607619477960861,-7.962085305764874,,,0.1067,0.8
0.04607732247516557,-7.990579457536481,,,0.1067,0.8
0.046078466943543235,-8.019073967377253,,,0.1067,0.8
0.046079621903531695,-8.047568826701175,,,0.1067,0.8
0.04608078138931818,-8.076064026786485,,,0.1067,0.8
0.046081939758078165,-8.104559558798686,,,0.1067,0.8
0.046083091695780176,-8.133055413813299,,,0.1067,0.8
0.04608423222127845,-8.161551582838262,,,0.1067,0.8
0.046085356688770625,-8.190048056835879,,,0.1067,0.8
0.04608646078870051,-8.218544826744237,,,0.1067,0.8
0.04608754054718796,-8.247041883498031,,,0.1067,0.8
0.046088592324069796,-8.275539218048712,,,0.1067,0.8
0.04608961280963689,-8.304036821383907,,,0.1067,0.8
0.046090599020153236,-8.332534684546061,,,0.1067,0.8
0.046091548292243614,-8.361032798650246,,,0.1067,0.8
0.04609245827623598,-8.3895311549011,,,0.1067,0.8
0.04609332692854486,-8.41802974460886,,,0.1067,0.8
0.046094152503181024,-8.446528559204472,,,0.1067,0.8
0.04609493354247179,-8.475027590253728,,,0.1067,0.8
0.04609566886707508,-8.503526829470449,,,0.1067,0.8
0.046096357565368645,-8.532026268728671,,,0.1067,0.8
0.04609699898229404,-8.560525900073854,,,0.1067,0.8
0.04609759270773287,-8.589025715733081,,,0.1067,0.8
0.046098138564490604,-8.617525708124282,,,0.1067,0.8
0.04609863659596051,-8.646025869864472,,,0.1067,0.8
0.04609908705353792,-8.674526193777014,,,0.1067,0.8
0.046099490383851964,-8.703026672897929,,,0.1067,0.8
0.04609984721587908,-8.731527300481266,,,0.1067,0.8
0.04610015834799952,-8.760028070003555,,,0.1067,0.8
0.046100424735055025,-8.78852897516737,,,0.1067,0.8
0.04610064747546233,-8.817030009904018,,,0.1067,0.8
0.046100827798434336,-8.845531168375404,,,0.1067,0.8
0.046100967051357,-8.87403244497508,,,0.1067,0.8
0.04610106668736704,-8.902533834328526,,,0.1067,0.8
0.04610112825317194,-8.931035331292696,,,0.1067,0.8
0.04610115337715061,-8.959536930954858,,,0.1067,0.8
0.04610114375776959,-8.98803862863078,,,0.1067,0.8
0.046101101152346516,-9.016540419862281,,,0.1067,0.8
0.04610102736618925,-9.045042300414197,,,0.1067,0.8
0.046100924242135986,-9.07354426627081,,,0.1067,0.8
0.04610079365051852,-9.102046313631757,,,0.1067,0.8
0.04610063747956776,-9.130548438907482,,,0.1067,0.8
0.04610045762627777,-9.159050638714257,,,0.1067,0.8
0.04610025598774163,-9.187552909868812,,,0.1067,0.8
0.04610003445296981,-9.216055249382618,,,0.1067,0.8
0.046099794895198956,-9.24455765445587,,,0.1067,0.8
0.04609953916469659,-9.273060122471176,,,0.1067,0.8
0.046099269082064784,-9.301562650987034,,,0.1067,0.8
0.046098986432043486,-9.330065237731093,,,0.1067,0.8
0.0460986929578122,-9.358567880593258,,,0.1067,0.8
0.04609839035578649,-9.38707057761866,,,0.1067,0.8
0.046098080270903924,-9.415573327000535,,,0.1067,0.8
0.046097764292392485,-9.444076127073032,,,0.1067,0.8
0.04609744395001241,-9.472578976303984,,,0.1067,0.8
0.04609712071076135,-9.501081873287673,,,0.1067,0.8
0.046096795976030995,-9.52958481673762,,,0.1067,0.8
0.04609647107920228,-9.55808780547941,,,0.1067,0.8
0.04609614728366495,-9.586590838443596,,,0.1067,0.8
0.04609582578124643,-9.615093914658694,,,0.1067,0.8
0.046095507691033856,-9.643597033244284,,,0.1067,0.8
0.04609519405857254,-9.672100193404251,,,0.1067,0.8
0.04609488585542329,-9.700603394420181,,,0.1067,0.8
0.04609458397906055,-9.72910663564491,,,0.1067,0.8
0.046094289253092925,-9.757609916496273,,,0.1067,0.8
0.04609400242778717,-9.786113236451028,,,0.1067,0.8
0.04609372418087659,-9.814616595039011,,,0.1067,0.8
0.046093455118634635,-9.843119991837487,,,0.1067,0.8
0.04609319577719433,-9.871623426465742,,,0.1067,0.8
0.04609294662409435,-9.90012689857991,,,0.1067,0.8
0.046092708060032475,-9.92863040786802,,,0.1067,0.8
0.04609248042080756,-9.957133954045323,,,0.1067,0.8
0.04609226397943117,-9.985637536849834,,,0.1067,0.8
0.04609205894839052,-10.014141156038152,,,0.1067,0.8
0.04609186548204468,-10.04264481138151,,,0.1067,0.8
0.04609168367913644,-10.071148502662105,,,0.1067,0.8
0.046091513585402734,-10.099652229669651,,,0.1067,0.8
0.04609135519626693,-10.12815599219821,,,0.1067,0.8
0.04609120845959713,-10.15665979004325,,,0.1067,0.8
0.04609107327851498,-10.18516362299896,,,0.1067,0.8
0.04609094951424017,-10.213667490855805,,,0.1067,0.8
0.046090836988956656,-10.242171393398305,,,0.1067,0.8
0.04609073548868707,-10.270675330403057,,,0.1067,0.8
0.04609064476616269,-10.299179301636975,,,0.1067,0.8
0.04609056454367694,-10.327683306855745,,,0.1067,0.8
0.04609049451591122,-10.356187345802487,,,0.1067,0.8
0.04609043435272253,-10.38469141820663,,,0.1067,0.8
0.04609038370188315,-10.413195523782964,,,0.1067,0.8
0.046090342191763306,-10.441699662230887,,,0.1067,0.8
0.0460903094339487,-10.470203833233825,,,0.1067,0.8
0.04609028502578514,-10.498708036458822,,,0.1067,0.8
0.046090268552843705,-10.52721227155628,,,0.1067,0.8
0.04609025959130015,-10.555716538159858,,,0.1067,0.8
0.046090257710223306,-10.5842208358865,,,0.1067,0.8
0.0460902624737677,-10.612725164336597,,,0.1067,0.8
0.046090273443266355,-10.641229523094276,,,0.1067,0.8
0.046090290179220464,-10.669733911727787,,,0.1067,0.8
0.04609031224318304,-10.698238329790005,,,0.1067,0.8
0.046090339199534536,-10.72674277681901,,,0.1067,0.8
0.04609037061714877,-10.75524725233877,,,0.1067,0.8
0.04609040607094812,-10.783751755859875,,,0.1067,0.8
0.0460904451433476,-10.812256286880363,,,0.1067,0.8
0.046090487425587634,-10.840760844886583,,,0.1067,0.8
0.04609053251895627,-10.869265429354119,,,0.1067,0.8
0.046090580035901475,-10.897770039748748,,,0.1067,0.8
0.04609062960103508,-10.926274675527445,,,0.1067,0.8
0.04609068085202994,-10.954779336139401,,,0.1067,0.8
0.04609073344041253,-10.983284021027071,,,0.1067,0.8
0.04609078703225323,-11.011788729627225,,,0.1067,0.8
0.04609084130875721,-11.040293461372023,,,0.1067,0.8
0.04609089596675871,-11.068798215690071,,,0.1067,0.8
0.046090950719122094,-11.097302992007489,,,0.1067,0.8
0.04609100529505304,-11.125807789748958,,,0.1067,0.8
0.04609105944032358,-11.154312608338763,,,0.1067,0.8
0.046091112917414696,-11.182817447201808,,,0.1067,0.8
0.04609116550558054,-11.21132230576461,,,0.1067,0.8
0.04609121700083825,-11.239827183456267,,,0.1067,0.8
0.04609126721588755,-11.2683320797094,,,0.1067,0.8
0.04609131597996434,-11.296836993961053,,,0.1067,0.8
0.04609136313863259,-11.325341925653557,,,0.1067,0.8
0.046091408553518724,-11.353846874235368,,,0.1067,0.8
0.046091452101992975,-11.382351839161842,,,0.1067,0.8
0.04609149367680177,-11.410856819895992,,,0.1067,0.8
0.04609153318565564,-11.439361815909175,,,0.1067,0.8
0.046091570550776666,-11.467866826681758,,,0.1067,0.8
0.046091605708409755,-11.496371851703719,,,0.1067,0.8
0.046091638608301747,-11.524876890475205,,,0.1067,0.8
0.046091669213152366,-11.553381942507055,,,0.1067,0.8
0.04609169749804088,-11.581887007321251,,,0.1067,0.8
0.04609172344983228,-11.610392084451345,,,0.1067,0.8
0.04609174706656659,-11.638897173442823,,,0.1067,0.8
0.04609176835683485,-11.667402273853428,,,0.1067,0.8
0.046091787339145165,-11.695907385253436,,,0.1067,0.8
0.046091804041282027,-11.724412507225887,,,0.1067,0.8
0.04609181849966202,-11.752917639366764,,,0.1067,0.8
0.04609183075868885,-11.781422781285142,,,0.1067,0.8
0.04609184087011043,-11.809927932603282,,,0.1067,0.8
0.046091848892380695,-11.838433092956691,,,0.1067,0.8
0.046091854890028525,-11.866938261994141,,,0.1067,0.8
0.046091858933036085,-11.89544343937765,,,0.1067,0.8
0.04609186109622873,-11.923948624782424,,,0.1067,0.8
0.04609186145867836,-11.952453817896776,,,0.1067,0.8
0.04609186010312204,-11.980959018421993,,,0.1067,0.8
0.046091857115397525,-12.009464226072193,,,0.1067,0.8
0.04609185258389712,-12.037969440574138,,,0.1067,0.8
0.04609184659904115,-12.066474661667026,,,0.1067,0.8
0.04609183925277223,-12.094979889102268,,,0.1067,0.8
0.04609183063807134,-12.123485122643213,,,0.1067,0.8
0.04609182084849648,-12.151990362064893,,,0.1067,0.8
0.046091809977744674,-12.180495607153713,,,0.1067,0.8
0.046091798119237845,-12.20900085770714,,,0.1067,0.8
0.046091785365733016,-12.237506113533383,,,0.1067,0.8
0.04609177180895714,-12.266011374451043,,,0.1067,0.8
0.046091757539266726,-12.294516640288768,,,0.1067,0.8
0.04609174264533234,-12.323021910884881,,,0.1067,0.8
0.046091727213847945,-12.351527186087022,,,0.1067,0.8
0.046091711329264914,-12.380032465751764,,,0.1067,0.8
0.046091695073550515,-12.408537749744232,,,0.1067,0.8
0.046091678525970466,-12.437043037937723,,,0.1067,0.8
0.046091661762895225,-12.46554833021332,,,0.1067,0.8
0.046091644857629475,-12.4940536264595,,,0.1067,0.8
0.04609162788026422,-12.522558926571762,,,0.1067,0.8
0.04609161089755093,-12.551064230452232,,,0.1067,0.8
0.04609159397279696,-12.579569538009295,,,0.1067,0.8
0.04609157716578161,-12.608074849157218,,,0.1067,0.8
0.0460915605326919,-12.636580163815779,,,0.1067,0.8
0.04609154412607738,-12.665085481909916,,,0.1067,0.8
0.046091527994822995,-12.693590803369366,,,0.1067,0.8
0.04609151218413917,-12.722096128128324,,,0.1067,0.8
0.04609149673556824,-12.750601456125114,,,0.1067,0.8
0.04609148168700616,-12.779106787301854,,,0.1067,0.8
0.04609146707273869,-12.807612121604153,,,0.1067,0.8
0.04609145292349103,-12.8361174589808,,,0.1067,0.8
0.046091439266489946,-12.864622799383477,,,0.1067,0.8
0.046091426125537426,-12.893128142766482,,,0.1067,0.8
0.04609141352109496,-12.92163348908646,,,0.1067,0.8
0.046091401470377415,-12.950138838302149,,,0.1067,0.8
0.046091389987455655,-12.978644190374139,,,0.1067,0.8
0.046091379083366885,-13.007149545264646,,,0.1067,0.8
0.04609136876623193,-13.035654902937292,,,0.1067,0.8
0.046091359041378496,-13.064160263356909,,,0.1067,0.8
0.04609134991146952,-13.092665626489342,,,0.1067,0.8
0.046091341376635904,-13.121170992301282,,,0.1067,0.8
0.046091333434612684,-13.149676360760095,,,0.1067,0.8
0.046091326080877966,-13.178181731833671,,,0.1067,0.8
0.04609131930879382,-13.20668710549029,,,0.1067,0.8
0.04609131310974845,-13.235192481698494,,,0.1067,0.8
0.04609130747329894,-13.263697860426968,,,0.1067,0.8
0.04609130238731401,-13.29220324164444,,,0.1067,0.8
0.04609129783811604,-13.320708625319591,,,0.1067,0.8
0.04609129381062192,-13.34921401142097,,,0.1067,0.8
0.04609129028848215,-13.377719399916925,,,0.1067,0.8
0.04609128725421763,-13.406224790775541,,,0.1067,0.8
0.046091284689353806,-13.43473018396459,,,0.1067,0.8
0.04609128257455166,-13.463235579451485,,,0.1067,0.8
0.046091280889735166,-13.491740977203257,,,0.1067,0.8
0.046091279614214886,-13.520246377186517,,,0.1067,0.8
0.04609127872680741,-13.548751779367445,,,0.1067,0.8
0.04609127820595033,-13.57725718371178,,,0.1067,0.8
0.046091278029812485,-13.605762590184815,,,0.1067,0.8
0.04609127817639933,-13.634267998751403,,,0.1067,0.8
0.04609127862365322,-13.662773409375962,,,0.1067,0.8
0.04609127934954844,-13.691278822022491,,,0.1067,0.8
0.04609128033218089,-13.719784236654592,,,0.1067,0.8
0.04609128154985237,-13.748289653235487,,,0.1067,0.8
0.04609128298114931,-13.776795071728053,,,0.1067,0.8
0.046091284605016054,-13.805300492094851,,,0.1067,0.8
0.04609128640082252,-13.83380591429816,,,0.1067,0.8
0.04609128834842646,-13.862311338300017,,,0.1067,0.8
0.04609129042823013,-13.890816764062249,,,0.1067,0.8
0.04609129262123163,-13.919322191546526,,,0.1067,0.8
0.04609129490907088,-13.947827620714396,,,0.1067,0.8
0.04609129727407038,-13.976333051527334,,,0.1067,0.8
0.0,0.0,0.05057425471039093,-2.3873471421689465,0.2,0.8
0.004997821195131461,-0.0004640734687395345,,,0.2,0.8
0.009982555341956854,-0.0018500723528381694,,,0.2,0.8
0.014941102478272883,-0.0041483376225159635,,,0.2,0.8
0.01986044495989263,-0.00734785822744429,,,0.2,0.8
0.024727656391227527,-0.011437112489846572,,,0.2,0.8
0.029530050465245285,-0.016403829193713956,,,0.2,0.8
0.03425520633762892,-0.02223498893169327,,,0.2,0.8
0.03889104502835888,-0.02891685234822487,,,0.2,0.8
0.04342589315091939,-0.036434990048939075,,,0.2,0.8
0.04784854367812189,-0.0447743176061688,,,0.2,0.8
0.052148312859619884,-0.0539191351704777,,,0.2,0.8
0.05631509298744984,-0.06385317131948762,,,0.2,0.8
0.060339400687783276,-0.07455963073456738,,,0.2,0.8
0.06421242046442746,-0.0860212452726907,,,0.2,0.8
0.06792604326551147,-0.09822032798251067,,,0.2,0.8
0.07147289989174944,-0.11113882959990334,,,0.2,0.8
0.07484638911191176,-0.12475839704902937,,,0.2,0.8
0.07804070039819101,-0.1390604334702883,,,0.2,0.8
0.08105083124056264,-0.15402615929630686,,,0.2,0.8
0.08387259904456992,-0.1696366739011754,,,0.2,0.8
0.0865026476608046,-0.18587301735634898,,,0.2,0.8
0.08893844863633024,-0.20271623183875456,,,0.2,0.8
0.09117829731806396,-0.2201474222524369,,,0.2,0.8
0.09322130397538948,-0.23814781564426477,,,0.2,0.8
0.09506738014375711,-0.25669881901649666,,,0.2,0.8
0.09671722042250587,-0.2757820751640465,,,0.2,0.8
0.09817227998843925,-0.2953795161917539,,,0.2,0.8
0.09943474811165415,-0.3154734143964919,,,0.2,0.8
0.10050751798166134,-0.3360464302301772,,,0.2,0.8
0.10139415316988286,-0.35708165709231343,,,0.2,0.8
0.10209885106914524,-0.3785626627342332,,,0.2,0.8
0.10262640366181995,-0.4004735270913505,,,0.2,0.8
0.1029821559758448,-0.42279887639413305,,,0.2,0.8
0.1031719625920727,-0.4455239134428298,,,0.2,0.8
0.10320214256735194,-0.4686344439649007,,,0.2,0.8
0.10307943313558149,-0.49211689900731415,,,0.2,0.8
0.10281094254387368,-0.515958353348101,,,0.2,0.8
0.1024041023730777,-0.5401465399425406,,,0.2,0.8
0.1018666196814754,-0.5646698604488635,,,0.2,0.8
0.10120642929767608,-0.589517391906191,,,0.2,0.8
0.10043164657383623,-0.6146788896634088,,,0.2,0.8
0.0995505208935572,-0.640144786681648,,,0.2,0.8
0.09857139021040867,-0.6659061893549015,,,0.2,0.8
0.0975026368732396,-0.6919548700129396,,,0.2,0.8
0.09635264497351596,-0.7182832562880457,,,0.2,0.8
0.09512975942811124,-0.74488441754213,,,0.2,0.8
0.09384224698851118,-0.7717520485634828,,,0.2,0.8
0.09249825934450985,-0.7988804507528058,,,0.2,0.8
0.09110579846739354,-0.8262645110262491,,,0.2,0.8
0.08967268431454359,-0.8538996786690274,,,0.2,0.8
0.08820652499453804,-0.8817819403768665,,,0.2,0.8
0.08671468946938278,-0.9099077937241279,,,0.2,0.8
0.0852042828486225,-0.9382742192970752,,,0.2,0.8
0.08368212430893104,-0.9668786517284984,,,0.2,0.8
0.08215472765249424,-0.9957189498659214,,,0.2,0.8
0.08062828449820159,-1.0247933663000246,,,0.2,0.8
0.07910865008146228,-1.0541005164728552,,,0.2,0.8
0.07760133162144481,-1.0836393475770147,,,0.2,0.8
0.0761114791987818,-1.1134091074474624,,,0.2,0.8
0.07464387907234128,-1.1434093136370003,,,0.2,0.8
0.07320294935058094,-1.173639722855058,,,0.2,0.8
0.0717927379213054,-1.204100300937224,,,0.2,0.8
0.07041692253334528,-1.2347911935002238,,,0.2,0.8
0.06907881291477531,-1.2657126974238524,,,0.2,0.8
0.06778135480477208,-1.2968652332878843,,,0.2,0.8
0.06652713577005537,-1.3282493188783129,,,0.2,0.8
0.06531839267202945,-1.3598655438635616,,,0.2,0.8
0.06415702064719374,-1.3917145457276574,,,0.2,0.8
0.06304458346107772,-1.4237969870338734,,,0.2,0.8
0.06198232509481193,-1.45611353407914,,,0.2,0.8
0.060971182423409646,-1.4886648369866669,,,0.2,0.8
0.06001179884583313,-1.5214515112718017,,,0.2,0.8
0.059104538728877894,-1.5544741209042443,,,0.2,0.8
0.058249502529752376,-1.5877331628783948,,,0.2,0.8
0.05744654246587679,-1.6212290532928986,,,0.2,0.8
0.05669527860479421,-1.6549621149304008,,,0.2,0.8
0.05599511525209604,-1.6889325663191743,,,0.2,0.8
0.05534525752083258,-1.7231405122496606,,,0.2,0.8
0.054744727971926,-1.7575859357110901,,,0.2,0.8
0.05419238322154923,-1.7922686912062273,,,0.2,0.8
0.05368693041820401,-1.827188499395929,,,0.2,0.8
0.05322694349924955,-1.8623449430196055,,,0.2,0.8
0.052810879143830404,-1.8977374640328237,,,0.2,0.8
0.052437092346460365,-1.9333653618991793,,,0.2,0.8
0.05210385154287587,-1.9692277929701654,,,0.2,0.8
0.05180935322711769,-2.005323770884061,,,0.2,0.8
0.05155173600607964,-2.041652167912826,,,0.2,0.8
0.051329094044926964,-2.0782117171845744,,,0.2,0.8
0.05113948986378941,-2.115001015708408,,,0.2,0.8
0.05098096645293379,-2.152018528128129,,,0.2,0.8
0.05085155868018173,-2.189262591131658,,,0.2,0.8
0.05074930397062829,-2.2267314184437295,,,0.2,0.8
0.050672252244709254,-2.2644231063306766,,,0.2,0.8
0.0506184751063357,-2.3023356395477204,,,0.2,0.8
0.05058607427814597,-2.3404668976611713,,,0.2,0.8
0.050573189285901966,-2.378814661680258,,,0.2,0.8
0.05057800439866876,-2.4173766209358876,,,0.2,0.8
0.050598754835656255,-2.456150380146475,,,0.2,0.8
0.05063373225446563,-2.4951334666140172,,,0.2,0.8
0.05068128953897098,-2.534323337496795,,,0.2,0.8
0.0507398449081807,-2.573717387108416,,,0.2,0.8
0.05080788537016819,-2.613312954196358,,,0.2,0.8
0.05088396954754623,-2.6531073291566667,,,0.2,0.8
0.050966729902992065,-2.693097761144993,,,0.2,0.8
0.051054874395024284,-2.733281465047716,,,0.2,0.8
0.05114718759559997,-2.77365562828041,,,0.2,0.8
0.05124253130215699,-2.814217417384402,,,0.2,0.8
0.051339844677487374,-2.854963984395595,,,0.2,0.8
0.05143814395131077,-2.8958924729630646,,,0.2,0.8
0.051536521717639346,-2.9370000241981686,,,0.2,0.8
0.05163414586200605,-2.9782837822380506,,,0.2,0.8
0.05173025815238518,-3.0197408995103907,,,0.2,0.8
0.051824172527186685,-3.061368541689132,,,0.2,0.8
0.05191527311307268,-3.103163892333598,,,0.2,0.8
0.05200301200454493,-3.1451241572059825,,,0.2,0.8
0.052086906836303855,-3.18724656826457,,,0.2,0.8
0.052166538178301684,-3.2295283873322735,,,0.2,0.8
0.05224154678222154,-3.27196690944212,,,0.2,0.8
0.05231163070682846,-3.314559465863217,,,0.2,0.8
0.052376542348273256,-3.3573034268124244,,,0.2,0.8
0.052436085400001615,-3.4001962038585263,,,0.2,0.8
0.05249011176544419,-3.443235252027065,,,0.2,0.8
0.052538518445151595,-3.486418071615228,,,0.2,0.8
0.05258124441850548,-3.5297422097272424,,,0.2,0.8
0.05261826753859455,-3.5732052615416436,,,0.2,0.8
0.05264960145730409,-3.616804871322555,,,0.2,0.8
0.05267529259613957,-3.6605387331877415,,,0.2,0.8
0.05269541717679869,-3.704404591646695,,,0.2,0.8
0.052710078324029866,-3.7484002419223885,,,0.2,0.8
0.05271940325187682,-3.792523530070579,,,0.2,0.8
0.0527235405430147,-3.8367723529106934,,,0.2,0.8
0.05272265752953897,-3.8811446577823676,,,0.2,0.8
0.05271693778227946,-3.9256384421416644,,,0.2,0.8
0.052706578714482144,-3.9702517530108543,,,0.2,0.8
0.05269178930453369,-4.0149826862954345,,,0.2,0.8
0.05267278794130238,-4.059829385981774,,,0.2,0.8
0.052649800394633677,-4.104790043228427,,,0.2,0.8
0.05262305791257299,-4.149862895363762,,,0.2,0.8
0.052592795445991034,-4.195046224802097,,,0.2,0.8
0.052559250000459946,-4.240338357890052,,,0.2,0.8
0.05252265911447018,-4.285737663694298,,,0.2,0.8
0.052483259462388514,-4.33124255274134,,,0.2,0.8
0.0524412855799351,-4.3768514757193975,,,0.2,0.8
0.05239696870940092,-4.4225629221518465,,,0.2,0.8
0.05235053576133431,-4.468375419051113,,,0.2,0.8
0.05230220838899412,-4.514287529561272,,,0.2,0.8
0.05225220217149573,-4.560297851597027,,,0.2,0.8
0.052200725901261257,-4.606405016486125,,,0.2,0.8
0.05214798097112447,-4.652607687621664,,,0.2,0.8
0.052094160856231614,-4.698904559130177,,,0.2,0.8
0.05203945068571773,-4.745294354560775,,,0.2,0.8
0.05198402689902181,-4.7917758256001095,,,0.2,0.8
0.051928056981630055,-4.8383477508173245,,,0.2,0.8
0.05187169927500084,-4.885008934442692,,,0.2,0.8
0.05181510285542569,-4.931758205183095,,,0.2,0.8
0.051758407476613505,-4.978594415077053,,,0.2,0.8
0.05170174357084819,-5.025516438391531,,,0.2,0.8
0.05164523230365928,-5.072523170562338,,,0.2,0.8
0.051588985677058524,-5.119613527179537,,,0.2,0.8
0.051533106676529654,-5.1667864430188715,,,0.2,0.8
0.051477689457111286,-5.214040871119908,,,0.2,0.8
0.051422819564081214,-5.261375781911235,,,0.2,0.8
0.051368574183932154,-5.308790162382763,,,0.2,0.8
0.05131502242152145,-5.356283015304925,,,0.2,0.8
0.051262225599478885,-5.403853358494275,,,0.2,0.8
0.05121023757616454,-5.451500224124816,,,0.2,0.8
0.05115910507868185,-5.499222658084136,,,0.2,0.8
0.05110886804766651,-5.547019719373295,,,0.2,0.8
0.05105955999078937,-5.594890479549215,,,0.2,0.8
0.05101120834212833,-5.64283402220822,,,0.2,0.8
0.05096383482477979,-5.690849442509235,,,0.2,0.8
0.05091745581429304,-5.738935846735073,,,0.2,0.8
0.05087208270071961,-5.787092351890152,,,0.2,0.8
0.0508277222472738,-5.835318085332934,,,0.2,0.8
0.05078437694379867,-5.883612184441316,,,0.2,0.8
0.050742045353423755,-5.931973796309195,,,0.2,0.8
0.050700722450985065,-5.980402077472393,,,0.2,0.8
0.050660399951955266,-6.028896193662136,,,0.2,0.8
0.05062106663080058,-6.077455319584282,,,0.2,0.8
0.05058270862784148,-6.1260786387225155,,,0.2,0.8
0.05054530974384601,-6.174765343163744,,,0.2,0.8
0.05050885172172736,-6.223514633443984,,,0.2,0.8
0.050473314514851285,-6.2723257184130405,,,0.2,0.8
0.05043867654158385,-6.3211978151163635,,,0.2,0.8
0.050404914925825786,-6.370130148692494,,,0.2,0.8
0.05037200572338682,-6.419121952284583,,,0.2,0.8
0.05033992413415149,-6.46817246696452,,,0.2,0.8
0.050308644700077634,-6.517280941668302,,,0.2,0.8
0.050278141489149906,-6.566446633141289,,,0.2,0.8
0.050248388265483855,-6.615668805892126,,,0.2,0.8
0.0502193586458413,-6.664946732154127,,,0.2,0.8
0.05019102624287556,-6.714279691853024,,,0.2,0.8
0.050163364795475424,-6.763666972580039,,,0.2,0.8
0.05013634828662065,-6.813107869569319,,,0.2,0.8
0.0501099510491986,-6.862601685678831,,,0.2,0.8
0.050084147860262905,-6.9121477313739,,,0.2,0.8
0.050058914024239905,-6.961745324712637,,,0.2,0.8
0.05003422544560878,-7.011393791332546,,,0.2,0.8
0.05001005869159566,-7.061092464437715,,,0.2,0.8
0.04998639104543238,-7.1108406847860035,,,0.2,0.8
0.04996320055073621,-7.160637800675732,,,0.2,0.8
0.049940466047568764,-7.210483167931434,,,0.2,0.8
0.04991816720073059,-7.260376149888264,,,0.2,0.8
0.04989628452084306,-7.31031611737474,,,0.2,0.8
0.04987479937876113,-7.360302448693512,,,0.2,0.8
0.04985369401385029,-7.4103345295999254,,,0.2,0.8
0.04983295153664819,-7.460411753278178,,,0.2,0.8
0.04981255592641664,-7.510533520314898,,,0.2,0.8
0.049792492024073376,-7.5606992386700345,,,0.2,0.8
0.04977274552097501,-7.610908323644958,,,0.2,0.8
0.04975330294400345,-7.661160197847733,,,0.2,0.8
0.049734151637388015,-7.711454291155511,,,0.2,0.8
0.049715279741674744,-7.761790040674068,,,0.2,0.8
0.049696676170232816,-7.812166890694488,,,0.2,0.8
0.049678330583666365,-7.862584292647052,,,0.2,0.8
0.04966023336247796,-7.913041705052388,,,0.2,0.8
0.049642375578308015,-7.963538593469965,,,0.2,0.8
0.04962474896405239,-8.01407443044403,,,0.2,0.8
0.0496073458831389,-8.064648695447083,,,0.2,0.8
0.04959015929822189,-8.115260874821027,,,0.2,0.8
0.04957318273953325,-8.165910461716102,,,0.2,0.8
0.049556410273107664,-8.216596956027752,,,0.2,0.8
0.04953983646908034,-8.26731986433155,,,0.2,0.8
0.04952345637023596,-8.318078699816352,,,0.2,0.8
0.04950726546096947,-8.368872982215784,,,0.2,0.8
0.04949125963680153,-8.419702237738257,,,0.2,0.8
0.04947543517457459,-8.470565998995626,,,0.2,0.8
0.04945978870343957,-8.52146380493066,,,0.2,0.8
0.049444317176727925,-8.572395200743456,,,0.2,0.8
0.04942901784478959,-8.623359737816958,,,0.2,0.8
0.0494138882288638,-8.674356973641705,,,0.2,0.8
0.049398926096037285,-8.725386471739956,,,0.2,0.8
0.04938412943533268,-8.776447801589327,,,0.2,0.8
0.0493694964349589,-8.827540538546069,,,0.2,0.8
0.049355025460745584,-8.878664263768092,,,0.2,0.8
0.04934071503577418,-8.929818564137891,,,0.2,0.8
0.04932656382121014,-8.981003032185443,,,0.2,0.8
0.04931257059833284,-9.032217266011218,,,0.2,0.8
0.0492987342517532,-9.083460869209382,,,0.2,0.8
0.04928505375380261,-9.134733450791298,,,0.2,0.8
0.0492715281500716,-9.186034625109402,,,0.2,0.8
0.04925815654607148,-9.237364011781553,,,0.2,0.8
0.04924493809498843,-9.288721235615917,,,0.2,0.8
0.04923187198649571,-9.340105926536456,,,0.2,0.8
0.049218957436586476,-9.391517719509102,,,0.2,0.8
0.049206193678387584,-9.442956254468651,,,0.2,0.8
0.04919357995391223,-9.494421176246444,,,0.2,0.8
0.049181115506708124,-9.54591213449888,,,0.2,0.8
0.049168799575356456,-9.597428783636795,,,0.2,0.8
0.04915663138777621,-9.648970782755748,,,0.2,0.8
0.04914461015628798,-9.700537795567255,,,0.2,0.8
0.04913273507339125,-9.75212949033097,,,0.2,0.8
0.04912100530820941,-9.803745539787869,,,0.2,0.8
0.049109420003557044,-9.855385621094424,,,0.2,0.8
0.049097978273584836,-9.907049415757813,,,0.2,0.8
0.04908667920195827,-9.958736609572139,,,0.2,0.8
0.04907552184052734,-10.010446892555697,,,0.2,0.8
0.049064505208445686,-10.062179958889274,,,0.2,0.8
0.04905362829169907,-10.11393550685549,,,0.2,0.8
0.04904289004300429,-10.165713238779178,,,0.2,0.8
0.049032289382041495,-10.217512860968789,,,0.2,0.8
0.04902182519598419,-10.269334083658833,,,0.2,0.8
0.04901149634029328,-10.321176620953327,,,0.2,0.8
0.049001301639742784,-10.373040190770249,,,0.2,0.8
0.048991239889646966,-10.424924514786992,,,0.2,0.8
0.04898130985726027,-10.476829318386793,,,0.2,0.8
0.04897151028332315,-10.528754330606114,,,0.2,0.8
0.04896183988372877,-10.580699284082995,,,0.2,0.8
0.048952297351287186,-10.632663915006306,,,0.2,0.8
0.0489428813575654,-10.684647963065942,,,0.2,0.8
0.04893359055478335,-10.73665117140388,,,0.2,0.8
0.048924423577747456,-10.788673286566134,,,0.2,0.8
0.04891537904580506,-10.840714058455553,,,0.2,0.8
0.0489064555648045,-10.892773240285454,,,0.2,0.8
0.04889765172904708,-10.944850588534061,,,0.2,0.8
0.04888896612321868,-10.996945862899759,,,0.2,0.8
0.04888039732428997,-11.049058826257097,,,0.2,0.8
0.048871943903375584,-11.101189244613563,,,0.2,0.8
0.04886360442754375,-11.15333688706708,,,0.2,0.8
0.048855377461569094,-11.205501525764227,,,0.2,0.8
0.048847261569622324,-11.257682935859146,,,0.2,0.8
0.04883925531689162,-11.309880895473132,,,0.2,0.8
0.04883135727113141,-11.362095185654876,,,0.2,0.8
0.04882356600413507,-11.414325590341354,,,0.2,0.8
0.04881588009312913,-11.466571896319328,,,0.2,0.8
0.048808298122086854,-11.518833893187459,,,0.2,0.8
0.048800818682960316,-11.57111137331901,,,0.2,0.8
0.048793440376830206,-11.623404131825117,,,0.2,0.8
0.04878616181497352,-11.67571196651862,,,0.2,0.8
0.0487789816198496,-11.728034677878433,,,0.2,0.8
0.04877189842600555,-11.780372069014447,,,0.2,0.8
0.048764910880902415,-11.832723945632942,,,0.2,0.8
0.048758017645663836,-11.885090116002502,,,0.2,0.8
0.048751217395749294,-11.937470390920415,,,0.2,0.8
0.048744508821554254,-11.989864583679557,,,0.2,0.8
0.048737890628939726,-12.04227251003573,,,0.2,0.8
0.04873136153969404,-12.094693988175461,,,0.2,0.8
0.048724920291929714,-12.147128838684242,,,0.2,0.8
0.0487185656404184,-12.199576884515198,,,0.2,0.8
0.04871229635686703,-12.252037950958183,,,0.2,0.8
0.0487061112301384,-12.30451186560929,,,0.2,0.8
0.04870000906641923,-12.356998458340765,,,0.2,0.8
0.0486939886893391,-12.409497561271312,,,0.2,0.8
0.04868804894004336,-12.4620090087368,,,0.2,0.8
0.048682188677223195,-12.51453263726134,,,0.2,0.8
0.04867640677710608,-12.56706828552874,,,0.2,0.8
0.048670702133409544,-12.61961579435433,,,0.2,0.8
0.048665073657261436,-12.672175006657145,,,0.2,0.8
0.04865952027708946,-12.72474576743247,,,0.2,0.8
0.04865404093848289,-12.777327923724721,,,0.2,0.8
0.0486486346040292,-12.829921324600685,,,0.2,0.8
0.048643300253128186,-12.882525821123082,,,0.2,0.8
0.04863803688178616,-12.935141266324482,,,0.2,0.8
0.04863284350239252,-12.987767515181531,,,0.2,0.8
0.048627719143481046,-13.040404424589507,,,0.2,0.8
0.048622662849478054,-13.093051853337203,,,0.2,0.8
0.048617673680439386,-13.145709662082114,,,0.2,0.8
0.04861275071177824,-13.198377713325945,,,0.2,0.8
0.04860789303398548,-13.251055871390419,,,0.2,0.8
0.048603099752344274,-13.30374400239339,,,0.2,0.8
0.048598369986640376,-13.356441974225262,,,0.2,0.8
0.048593702870869684,-13.409149656525697,,,0.2,0.8
0.04858909755294423,-13.461866920660619,,,0.2,0.8
0.04858455319439789,-13.514593639699504,,,0.2,0.8
0.048580068970092836,-13.567329688392963,,,0.2,0.8
0.04857564406792779,-13.620074943150604,,,0.2,0.8
0.04857127768854888,-13.672829282019169,,,0.2,0.8
0.048566969045063975,-13.72559258466096,,,0.2,0.8
0.04856271736276112,-13.778364732332527,,,0.2,0.8
0.04855852187883174,-13.831145607863633,,,0.2,0.8
0.048554381842099134,-13.883935095636481,,,0.2,0.8
0.048550296512752715,-13.936733081565217,,,0.2,0.8
0.04854626516208836,-13.989539453075684,,,0.2,0.8
0.04854228707225522,-14.042354099085442,,,0.2,0.8
0.04853836153600921,-14.095176909984037,,,0.2,0.8
0.04853448785647346,-14.148007777613538,,,0.2,0.8
0.04853066534690574,-14.200846595249308,,,0.2,0.8
0.04852689333047305,-14.253693257581034,,,0.2,0.8
0.04852317114003345,-14.306547660694,,,0.2,0.8
0.04851949811792501,-14.3594097020506,,,0.2,0.8
0.04851587361576202,-14.4122792804721,,,0.2,0.8
0.04851229699423825,-14.465156296120625,,,0.2,0.8
0.04850876762293728,-14.518040650481387,,,0.2,0.8
0.04850528488014973,-14.570932246345148,,,0.2,0.8
0.048501848152697244,-14.623830987790909,,,0.2,0.8
0.048498456835763155,-14.676736780168824,,,0.2,0.8
0.04849511033272949,-14.729649530083343,,,0.2,0.8
0.04849180805502033,-14.782569145376572,,,0.2,0.8
0.04848854942195115,-14.835495535111853,,,0.2,0.8
0.04848533386058402,-14.88842860955757,,,0.2,0.8
0.04848216080558843,-14.941368280171146,,,0.2,0.8
0.04847902969910753,-14.994314459583274,,,0.2,0.8
0.04847593999062947,-15.047267061582351,,,0.2,0.8
0.04847289113686378,-15.100226001099108,,,0.2,0.8
0.04846988260162238,-15.15319119419145,,,0.2,0.8
0.048466913855705104,-15.206162558029506,,,0.2,0.8
0.048463984376789455,-15.259140010880863,,,0.2,0.8
0.04846109364932443,-15.312123472096001,,,0.2,0.8
0.04845824116442813,-15.365112862093927,,,0.2,0.8
0.04845542641978895,-15.418108102347992,,,0.2,0.8
0.048452648919570185,-15.4711091153719,,,0.2,0.8
0.048449908174317796,-15.524115824705913,,,0.2,0.8
0.048447203700871196,-15.577128154903214,,,0.2,0.8
0.04844453502227679,-15.630146031516482,,,0.2,0.8
0.04844190166770418,-15.683169381084625,,,0.2,0.8
0.0484393031723648,-15.736198131119698,,,0.2,0.8
0.048436739077432796,-15.789232210093996,,,0.2,0.8
0.0484342089299681,-15.842271547427313,,,0.2,0.8
0.04843171228284142,-15.895316073474376,,,0.2,0.8
0.04842924869466109,-15.94836571951245,,,0.2,0.8
0.04842681772970163,-16.0014204177291,,,0.2,0.8
0.04842441895783388,-16.054480101210117,,,0.2,0.8
0.04842205195445658,-16.10754470392761,,,0.2,0.8
0.048419716300429315,-16.160614160728258,,,0.2,0.8
0.04841741158200676,-16.213688407321715,,,0.2,0.8
0.04841513739077401,-16.26676738026916,,,0.2,0.8
0.04841289332358302,-16.319851016972027,,,0.2,0.8
0.04841067898249009,-16.37293925566085,,,0.2,0.8
0.04840849397469416,-16.42603203538428,,,0.2,0.8
0.04840633791247611,-16.479129295998252,,,0.2,0.8
0.048404210413138714,-16.53223097815527,,,0.2,0.8
0.04840211109894745,-16.58533702329386,,,0.2,0.8
0.048400039597071946,-16.63844737362816,,,0.2,0.8
0.04839799553952807,-16.691561972137634,,,0.2,0.8
0.048395978563120674,-16.744680762556936,,,0.2,0.8
0.04839398830938691,-16.797803689365907,,,0.2,0.8
0.04839202442454005,-16.850930697779695,,,0.2,0.8
0.04839008655941385,-16.904061733739024,,,0.2,0.8
0.04838817436940745,-16.957196743900578,,,0.2,0.8
0.04838628751443069,-17.010335675627516,,,0.2,0.8
0.04838442565884994,-17.063478476980116,,,0.2,0.8
0.04838258847143434,-17.116625096706542,,,0.2,0.8
0.04838077562530251,-17.169775484233735,,,0.2,0.8
0.048378986797869665,-17.222929589658417,,,0.2,0.8
0.04837722167079517,-17.276087363738228,,,0.2,0.8
0.0483754799299305,-17.329248757882965,,,0.2,0.8
0.048373761265267635,-17.382413724145955,,,0.2,0.8
0.04837206537088785,-17.435582215215526,,,0.2,0.8
0.0483703919449109,-17.4887541844066,,,0.2,0.8
0.048368740689444675,-17.54192958565239,,,0.2,0.8
0.04836711131053523,-17.595108373496227,,,0.2,0.8
0.04836550351811722,-17.648290503083462,,,0.2,0.8
0.04836391702596481,-17.70147593015351,,,0.2,0.8
0.048362351551642965,-17.754664611031973,,,0.2,0.8
0.048360806816459156,-17.807856502622883,,,0.2,0.8
0.04835928254541557,-17.861051562401038,,,0.2,0.8
0.048357778467161674,-17.91424974840445,,,0.2,0.8
0.048356294313947286,-17.96745101922689,,,0.2,0.8
0.04835482982157605,-18.020655334010513,,,0.2,0.8
0.048353384729359385,-18.073862652438613,,,0.2,0.8
0.04835195878007089,-18.127072934728453,,,0.2,0.8
0.04835055171990119,-18.180286141624183,,,0.2,0.8
0.04834916329841328,-18.233502234389885,,,0.2,0.8
0.0483477932684983,-18.286721174802665,,,0.2,0.8
0.048346441386331804,-18.33994292514588,,,0.2,0.8
0.0483451074113305,-18.393167448202416,,,0.2,0.8
0.04834379110610947,-18.44639470724809,,,0.2,0.8
0.048342492236439855,-18.499624666045104,,,0.2,0.8
0.048341210571207036,-18.552857288835625,,,0.2,0.8
0.04833994588236931,-18.606092540335414,,,0.2,0.8
0.048338697944917026,-18.65933038572756,,,0.2,0.8
0.048337466536832206,-18.71257079065629,,,0.2,0.8
0.04833625143904868,-18.76581372122086,,,0.2,0.8
0.04833505243541269,-18.819059143969536,,,0.2,0.8
0.04833386931264396,-18.872307025893644,,,0.2,0.8
0.04833270186029731,-18.925557334421697,,,0.2,0.8
0.048331549870724674,-18.978810037413616,,,0.2,0.8
0.048330413139037666,-19.03206510315501,,,0.2,0.8
0.04832929146307059,-19.085322500351534,,,0.2,0.8
0.04832818464334396,-19.13858219812334,,,0.2,0.8
0.04832709248302844,-19.191844165999576,,,0.2,0.8
0.04832601478790933,-19.245108373912974,,,0.2,0.8
0.04832495136635147,-19.298374792194497,,,0.2,0.8
0.04832390202926462,-19.35164339156808,,,0.2,0.8
0.048322866590069326,-19.404914143145408,,,0.2,0.8
0.048321844864663205,-19.4581870184208,,,0.2,0.8
0.04832083667138772,-19.511461989266124,,,0.2,0.8
0.04831984183099539,-19.564739027925803,,,0.2,0.8
0.04831886016661745,-19.618018107011885,,,0.2,0.8
0.04831789150373195,-19.671299199499163,,,0.2,0.8
0.04831693567013229,-19.724582278720387,,,0.2,0.8
0.048315992495896194,-19.77786731836151,,,0.2,0.8
0.048315061813355105,-19.831154292457004,,,0.2,0.8
0.048314143457064,-19.88444317538527,,,0.2,0.8
0.048313237263771625,-19.937733941864057,,,0.2,0.8
0.048312343072391135,-19.991026566945976,,,0.2,0.8
0.04831146072397115,-20.044321026014067,,,0.2,0.8
0.0483105900616672,-20.09761729477742,,,0.2,0.8
0.048309730930713585,-20.15091534926686,,,0.2,0.8
0.048308883178395594,-20.20421516583068,,,0.2,0.8
0.048308046654022135,-20.257516721130436,,,0.2,0.8
0.048307221208898736,-20.31081999213681,,,0.2,0.8
0.0483064066963009,-20.364124956125497,,,0.2,0.8
0.04830560297144787,-20.417431590673182,,,0.2,0.8
0.0483048098914767,-20.47073987365354,,,0.2,0.8
0.048304027315416755,-20.52404978323331,,,0.2,0.8
0.04830325510416448,-20.577361297868407,,,0.2,0.8
0.04830249312045858,-20.630674396300105,,,0.2,0.8
0.04830174122885553,-20.683989057551244,,,0.2,0.8
0.04830099929570537,-20.737305260922504,,,0.2,0.8
0.048300267189127916,-20.790622985988726,,,0.2,0.8
0.048299544778989234,-20.84394221259528,,,0.2,0.8
0.04829883193687845,-20.897262920854487,,,0.2,0.8
0.04829812853608488,-20.950585091142074,,,0.2,0.8
0.04829743445157548,-21.00390870409369,,,0.2,0.8
0.04829674955997258,-21.05723374060146,,,0.2,0.8
0.04829607373953195,-21.110560181810605,,,0.2,0.8
0.048295406870121134,-21.163888009116057,,,0.2,0.8
0.0482947488331981,-21.217217204159184,,,0.2,0.8
0.04829409951179015,-21.2705477488245,,,0.2,0.8
0.04829345879047317,-21.323879625236472,,,0.2,0.8
0.048292826555351075,-21.377212815756312,,,0.2,0.8
0.04829220269403562,-21.430547302978866,,,0.2,0.8
0.04829158709562641,-21.483883069729497,,,0.2,0.8
0.04829097965069123,-21.537220099061056,,,0.2,0.8
0.04829038025124659,-21.59055837425085,,,0.2,0.8
0.04828978879073858,-21.64389787879768,,,0.2,0.8
0.04828920516402395,-21.697238596418902,,,0.2,0.8
0.04828862926735144,-21.750580511047527,,,0.2,0.8
0.048288060998343374,-21.80392360682938,,,0.2,0.8
0.0482875002559775,-21.857267868120264,,,0.2,0.8
0.04828694694056906,-21.910613279483197,,,0.2,0.8
0.04828640095375307,-21.96395982568565,,,0.2,0.8
0.048285862198466936,-22.017307491696844,,,0.2,0.8
0.04828533057893316,-22.070656262685088,,,0.2,0.8
0.04828480600064239,-22.124006124015132,,,0.2,0.8
0.04828428837033663,-22.177357061245566,,,0.2,0.8
0.04828377759599271,-22.230709060126255,,,0.2,0.8
0.04828327358680595,-22.284062106595805,,,0.2,0.8
0.04828277625317403,-22.337416186779063,,,0.2,0.8
0.048282285506681115,-22.39077128698465,,,0.2,0.8
0.048281801260082156,-22.444127393702527,,,0.2,0.8
0.04828132342728741,-22.497484493601593,,,0.2,0.8
0.048280851923347134,-22.550842573527316,,,0.2,0.8
0.048280386664436556,-22.604201620499392,,,0.2,0.8
0.048279927567840955,-22.65756162170944,,,0.2,0.8
0.048279474551941,-22.710922564518725,,,0.2,0.8
0.04827902753619825,-22.76428443645591,,,0.2,0.8
0.04827858644114085,-22.817647225214834,,,0.2,0.8
0.048278151188349445,-22.87101091865234,,,0.2,0.8
0.048277721700443234,-22.924375504786088,,,0.2,0.8
0.048277297901066225,-22.97774097179246,,,0.2,0.8
0.048276879714873704,-23.03110730800443,,,0.2,0.8
0.04827646706751882,-23.0844745019095,,,0.2,0.8
0.048276059885639405,-23.13784254214766,,,0.2,0.8
0.04827565809684492,-23.19121141750935,,,0.2,0.8
0.04827526162970362,-23.24458111693349,,,0.2,0.8
0.04827487041372985,-23.297951629505494,,,0.2,0.8
0.04827448437937153,-23.351322944455344,,,0.2,0.8
0.048274103457997763,-23.404695051155667,,,0.2,0.8
0.04827372758188671,-23.458067939119847,,,0.2,0.8
0.04827335668421349,-23.51144159800016,,,0.2,0.8
0.04827299069903833,-23.56481601758594,,,0.2,0.8
0.048272629561294855,-23.618191187801756,,,0.2,0.8
0.048272273206778515,-23.67156709870563,,,0.2,0.8
0.048271921572135175,-23.724943740487255,,,0.2,0.8
0.04827157459484984,-23.77832110346627,,,0.2,0.8
0.048271232213235565,-23.831699178090517,,,0.2,0.8
0.04827089436642248,-23.885077954934367,,,0.2,0.8
0.04827056099434696,-23.938457424697027,,,0.2,0.8
0.04827023203774098,-23.99183757820089,,,0.2,0.8
0.048269907438121526,-24.045218406389907,,,0.2,0.8
0.04826958713778024,-24.098599900327972,,,0.2,0.8
0.048269271079773156,-24.15198205119734,,,0.2,0.8
0.04826895920791054,-24.205364850297055,,,0.2,0.8
0.048268651466746956,-24.258748289041403,,,0.2,0.8
