x,z,history
0.0,0.0,False
0.010341750568698061,-0.00048707231778468357,False
0.020527042097249485,-0.0019186851709079387,False
0.030581567233550544,-0.0042747853701015975,False
0.04038600792295446,-0.0075286420486056944,False
0.049860974429401454,-0.011634040730373394,False
0.0589292879228519,-0.01654954951444091,False
0.06751738714955483,-0.0222260169888075,False
0.07555597770365252,-0.02860942745779842,False
0.08298067850345636,-0.035640552213613085,False
0.08973258514660795,-0.04325550460849768,False
0.09575882501599647,-0.051386048679292716,False
0.10101303231859086,-0.05996010840440109,False
0.10545577729576962,-0.06890228518941778,False
0.10905492885280768,-0.07813444751290843,False
0.11178595651217202,-0.08757635447611822,False
0.11363216548667088,-0.09714631625406563,False
0.11458486457750688,-0.10676187830277509,False
0.11464346434354845,-0.11634052288893416,False
0.11381550443452061,-0.12580037910536904,False
0.11211660883653937,-0.13506093375892717,False
0.10957036839647272,-0.1440437353268768,False
0.10620815035812425,-0.15267308358411685,False
0.10206883521410354,-0.16087669772225505,False
0.09719848177004776,-0.16858635612943854,False
0.09164992202004586,-0.17573850135672717,False
0.08548228820860819,-0.18227480421197,False
0.07876047531275562,-0.1881426813763056,False
0.07155454309599928,-0.19329576143723623,False
0.0639390628427327,-0.1976942947700987,False
0.05599241484389823,-0.20130550327410965,False
0.04779604363504888,-0.204103866575137,False
0.03943367884404005,-0.2060713419400615,False
0.030990530245177627,-0.20719751580144596,False
0.022552466200224122,-0.20747968546036893,False
0.014205185061287283,-0.20692287021356937,False
0.006033389292922414,-0.2055397518322387,False
-0.0018800279707520302,-0.20335054499759314,False
-0.009454774482084682,-0.20038279896650754,False
-0.01661391956941871,-0.19667113239285244,False
-0.023284615635326862,-0.19225690386076247,False
-0.029398772941816934,-0.18718782128910552,False
-0.034893681071836435,-0.18151749393638453,False
-0.03971257143314548,-0.17530493126694055,False
-0.04380511617200668,-0.16861399342770467,False
-0.04712785985344705,-0.16151279852530212,False
-0.04964458121196526,-0.1540730922818948,False
-0.051326583159354684,-0.14636958598108243,False
-0.052152910041082176,-0.13847926888933804,False
-0.05211049185371835,-0.13048070155131125,False
-0.05119421577450416,-0.12245329650705408,False
-0.04940692591688876,-0.11447659306471232,False
-0.04675935272301987,-0.10662953278317547,False
-0.043269973847779544,-0.09898974227609783,False
-0.038964808791325814,-0.09163282984293196,False
-0.0338771499094522,-0.08463170226628994,False
-0.028047232782620335,-0.07805590789096242,False
-0.021521849261911294,-0.0719710118218463,False
-0.014353906837258727,-0.06643800874999936,False
-0.006601938291382383,-0.0615127785426348,False
0.0016704340893267597,-0.05724558931897718,False
0.01039507518117498,-0.05368065228456301,False
0.01949994972419409,-0.05085573211683784,False
0.02890976596147455,-0.048801816189706325,False
0.03854664489535613,-0.04754284539874416,False
0.04833080964811267,-0.0470955088064818,False
0.05818128926304099,-0.047469103772589075,False
0.06801663117354276,-0.04866546267065574,False
0.07775561650606741,-0.05067894672500534,False
0.08731797236968053,-0.05349650693080616,False
0.09662507532127827,-0.05709781145172581,False
0.10560064028050863,-0.06145543832457328,False
0.11417138930040246,-0.06653513174292408,False
0.12226769477543017,-0.07229611964496113,False
0.12982419188393274,-0.07869148979827195,False
0.13678035531143667,-0.08566862106001051,False
0.14308103557939314,-0.09316966599885185,False
0.1486769506041898,-0.10113208060000368,False
0.1535251284277851,-0.10948919634085719,False
0.15758929738851016,-0.1181708295274257,False
0.16084022033412537,-0.12710392242527996,False
0.1632559698164477,-0.13621321040782952,False
0.16482214154734126,-0.14542190908381636,False
0.16553200374176155,-0.1546524151586391,False
0.1653865803298737,-0.1638270146339382,False
0.16439466639484968,-0.17286859185941034,False
0.16257277459603192,-0.1817013329220375,False
0.15994501178068707,-0.19025141689198882,False
0.156542885484102,-0.198447688541751,False
0.1524050405789672,-0.20622230631513477,False
0.1475769269699767,-0.21351135954445372,False
0.14211039994313715,-0.22025544919537512,False
0.13606325557021445,-0.22640022675697025,False
0.12949870442851705,-0.23189688628592564,False
0.12248478780818586,-0.2367026050546889,False
0.11509374151859342,-0.24078092873891224,False
0.10740131334036632,-0.24410209760484988,False
0.09948604106248035,-0.24664331071686343,False
0.09142849885445983,-0.24838892577306595,False
0.08331052041179356,-0.24933059278731212,False
0.07521440784173028,-0.2494673204619654,False
0.06722213559700965,-0.2488054747318065,False
0.05941455889685232,-0.24735870959873427,False
0.05187063598927555,-0.24514783101325466,False
0.04466667331048963,-0.24220059518596665,False
0.03787560210171907,-0.23855144332432215,False
0.03156629437767558,-0.234241175381045,False
0.025802925338449693,-0.2293165659651688,False
0.0206443884169958,-0.22382992609940086,False
0.0161437681983753,-0.2178386150034352,False
0.012347875473471454,-0.21140450653726434,False
0.009296847733493627,-0.2045934153471835,False
0.007023817500218417,-0.19747448811617588,False
0.005554650040834585,-0.19011956562631113,False
0.004907751247710749,-0.18260252159081497,False
0.005093945777072552,-0.1749985844052912,False
0.006116424934676837,-0.167383648099562,False
0.007970763264337032,-0.15983357884279292,False
0.010645002326524083,-0.15242352336477052,False
0.01411979973755106,-0.14522722560593448,False
0.018368641163218485,-0.138316357799318,False
0.023358112613501292,-0.1317598720209185,False
0.029048230058083054,-0.12562337802388943,False
0.035392823069926596,-0.11996855289959185,False
0.04233996890187634,-0.11485258778876321,False
0.04983247310832901,-0.11032767650304323,False
0.05780839254133744,-0.10644055051531334,False
0.06620159628099961,-0.10323206434138882,False
0.07494235980781025,-0.10073683487021612,False
0.08395798749480357,-0.09898293770947891,False
0.09317345829507687,-0.09799166310284946,False
0.10251208933081907,-0.09777733344827963,False
0.11189621195793828,-0.09834718390770565,False
0.12124785478965516,-0.09970130705110342,False
0.13048942811585953,-0.10183266192553002,False
0.13954440415429725,-0.10472714738602598,False
0.14833798761518394,-0.10836373897335069,False
0.15679777115175722,-0.11271468807680439,False
0.16485437040343495,-0.11774578158225447,False
0.1724420335123131,-0.12341665967947056,False
0.1794992202033498,-0.12968118899272077,False
0.1859691457585604,-0.13648788770822748,False
0.19180028548019357,-0.14378039890567254,False
0.19694683552132644,-0.15149800786277928,False
0.20136912625906345,-0.15957619869648312,False
0.20503398469080225,-0.16794724533573713,False
0.20791504264443403,-0.17654083149388555,False
0.20999298790730017,-0.18528469402687056,False
0.21125575569697283,-0.19410528383107545,False
0.21169865822279368,-0.20292843825467952,False
0.2113244504266578,-0.21168005887180213,False
0.21014333035338095,-0.22028678840162957,False
0.20817287299581974,-0.22867668054666385,False
0.20543789689962963,-0.2367798565760078,False
0.2019702633090929,-0.24452914259127592,False
0.19780860819933177,-0.2518606815836234,False
0.19299800817887694,-0.2587145146191252,False
0.18758958196267056,-0.265035125774213,False
0.18164002990560782,-0.27077194578033054,False
0.17521111493980165,-0.2758798097240116,False
0.16836908915622034,-0.2803193645812676,False
0.1611840711869778,-0.2840574228390306,False
0.15372938044567525,-0.28706725896652163,False
0.14608083513260361,-0.2893288460405238,False
0.13831602167020532,-0.29082903039504976,False
0.13051354386402342,-0.291561642751995,False
0.1227522605518808,-0.29152754488911603,False
0.1151105207830644,-0.29073461150904056,False
0.10766540564347298,-0.2891976475819859,False
0.10049198570699869,-0.28693824203948265,False
0.0936626027546438,-0.2839845592908365,False
0.08724618387898025,-0.2803710706126526,False
0.08130759540996378,-0.2761382280190378,False
0.07590704329319828,-0.2713320837508703,False
0.07109952566181638,-0.26600385902184276,False
0.06693434240726527,-0.26020946612219176,False
0.06345466560928312,-0.2540089884038179,False
0.06069717376334223,-0.24746612304892018,False
0.05869175187043072,-0.24064759185478873,False
0.05746125864740281,-0.23362252554693522,False
0.05702136138677803,-0.2264618273587225,False
0.057380438346260804,-0.219237521786074,False
0.05853954797786533,-0.21202209453928955,False
0.060492463807303526,-0.20488782976971123,False
0.06322577333623726,-0.19790615064688177,False
0.06671903895175511,-0.19114696930251632,False
0.07094501847764456,-0.1846780520423418,False
0.07586994268047707,-0.17856440555757327,False
0.0814538467418619,-0.17286768964702212,False
0.08765095242049156,-0.1676456616916405,False
0.09441009735031136,-0.1629516578092164,False
0.10167520765323963,-0.15883411526183847,False
0.10938580978736963,-0.1553361402967859,False
0.1174775773072429,-0.15249512517696887,False
0.1258829079855476,-0.15034241770431017,False
0.13453152654013983,-0.14890304606284413,False
0.1433511080315547,-0.14819550131205783,False
0.15226791684893487,-0.14823157934920247,False
0.16120745609082182,-0.14901628363589334,False
0.17009512207498434,-0.15054778945306496,False
0.17885685868084533,-0.15281746991288553,False
0.1874198062403973,-0.15580998342009278,False
0.1957129397488142,-0.15950342174189125,False
0.20366769126306397,-0.16386951731853486,False
0.21121855149328,-0.16887390792959306,False
0.21830364576394534,-0.1744764563273136,False
0.22486527972563394,-0.18063162196227522,False
0.23085045042804328,-0.18728888146157915,False
0.2362113186158835,-0.19439319408022965,False
0.24090563837547496,-0.20188550793620785,False
0.24489714053677417,-0.20970330246317698,False
0.24815586651912128,-0.21778116217583263,False
0.2506584495969455,-0.22605137654551055,False
0.2523883408535882,-0.23444456053142926,False
0.25333597738930297,-0.24289029010914684,False
0.25349889065789116,-0.2513177469852997,False
0.2528817531324288,-0.25965636658878094,False
0.2514963618534621,-0.2678364833849556,False
0.24936155780389158,-0.27578996757240876,False
0.24650308049517097,-0.2834508472915415,False
0.24295335765056034,-0.29075591060084416,False
0.23875123044203703,-0.2976452816589972,False
0.23394161538357064,-0.3040629657875166,False
0.22857510470509348,-0.309957358377274,False
0.22270750782256235,-0.3152817129400758,False
0.21639933736663297,-0.31999456399020626,False
0.20971524411485773,-0.32406010086653175,False
0.20272340606223804,-0.32744848906906854,False
0.1954948777291263,-0.3301361361800814,False
0.1881029066070805,-0.33210589996369955,False
0.18062222434470826,-0.3333472367843577,False
0.17312832084133042,-0.33385628904753856,False
0.1656967098161735,-0.3336359109406388,False
0.15840219463235358,-0.33269563233158467,False
0.1513181431656701,-0.33105156126239316,False
0.1445157803167844,-0.32872622604858637,False
0.13806350638153655,-0.32574835855772677,False
0.13202624893804915,-0.3221526207860495,False
0.1264648552094217,-0.31797927737609444,False
0.12143553105165253,-0.31327381721554454,False
0.11698933183531858,-0.30808652772353623,False
0.11317170957381943,-0.30247202586124183,False
0.11002211973521797,-0.29648875029454314,False
0.10757369028846088,-0.2901984194845166,False
0.10585295470114356,-0.28366546078301774,False
0.10487964984085939,-0.2769564158631223,False
0.10466657904420366,-0.2701393280152706,False
0.10521954000874978,-0.26328311698792806,False
0.10653731663039696,-0.25645694714524175,False
0.10861173344395657,-0.2497295947529658,False
0.11142777091873114,-0.2431688201879021,False
0.11496373950208112,-0.23684075079592815,False
0.11919150998171554,-0.23080928000065787,False
0.1240767974419997,-0.22513548809078182,False
0.12957949581316755,-0.21987708989158664,False
0.13565405974943137,-0.21508791425796114,False
0.14224993031946548,-0.21081742001567647,False
0.1493120007497128,-0.20711025262851587,False
0.15678111822851165,-0.20400584548480963,False
0.1645946175598011,-0.20153806928212967,False
0.1726868822528887,-0.19973493254742758,False
0.1809899284538301,-0.1986183358658641,False
0.1894340069689442,-0.198203881909036,False
0.1979482185062286,-0.19850074285623115,False
0.20646113716976175,-0.1995115862945969,False
0.2149014371885727,-0.20123256016945293,False
0.22319851784692016,-0.20365333683808937,False
0.23128312160828687,-0.20675721576288564,False
0.23908794049030832,-0.21052128386604385,False
0.2465482058507535,-0.21491663206228145,False
0.253602256882876,-0.21990862599110406,False
0.26019208328827675,-0.22545722849052577,False
0.2662638377924121,-0.231517370893109,False
0.27176831438709537,-0.238039369786845,False
0.2766613884206851,-0.2449693854715871,False
0.2809044149053116,-0.2522499179604103,False
0.284464581667394,-0.25982033602823096,False
0.2873152142299672,-0.26761743450100683,False
0.2894360295818104,-0.2755760147113417,False
0.29081333625993894,-0.2836294828235513,False
0.29144017845196457,-0.29171046055604366,False
0.2913164221188669,-0.299751402703624,False
0.2904487814548965,-0.3076852157889425,False
0.2888507843495711,-0.3154458721521006,False
0.2865426759081114,-0.32296901382117,False
0.2835512595323724,-0.3301925405941907,False
0.2799096755743584,-0.3370571769046193,False
0.2756571181561035,-0.34350701223608127,False
0.2708384914062573,-0.3494900100969327,False
0.26550400709282773,-0.35495848085824927,False
0.25970872642433934,-0.35986951409757556,False
0.25351204963222335,-0.36418536647171146,False
0.24697715781260354,-0.3678738015611346,False
0.24017041236667314,-0.37090837858209247,False
0.23316071820183715,-0.3732686873453195,False
0.22601885760461699,-0.37494052734781846,False
0.21881680233514478,-0.37591602941104035,False
0.21162701198927508,-0.3761937188197946,False
0.20452172700121252,-0.375778519465915,False
0.1975722647987382,-0.37468169905367976,False
0.19084832756623546,-0.372920755974838,False
0.18441732982014605,-0.3705192490045485,False
0.17834375357014268,-0.3675065715004187,False
0.17268853824942898,-0.3639176723001756,False
0.16750851187877724,-0.35979272600453216,False
0.1628558691155531,-0.3551767557960125,False
0.15877770096738225,-0.35011921237759747,False
0.15531558005573926,-0.34467351301309695,False
0.15250520442974602,-0.3388965450104887,False
0.15037610208176513,-0.3328481383068107,False
0.14895139752442674,-0.32659051208565176,False
0.14824764106701097,-0.3201877005833945,False
0.14827470078431515,-0.3137049634161252,False
0.14903571660386924,-0.3072081858840548,False
0.15052711544332525,-0.300763274783442,False
0.15273868590117412,-0.29443555527698645,False
0.15565371063065622,-0.28828917434266205,False
0.15924915419809155,-0.2823865162387467,False
0.1634959039324925,-0.2767876352907078,False
0.16835906100416373,-0.2715497111254762,False
0.17379827871882358,-0.26672653125283624,False
0.17976814477559713,-0.26236800562495444,False
0.18621860400926254,-0.2585197174966106,False
0.19309541791873763,-0.255222514563933,False
0.20034065707611914,-0.25251214398202887,False
0.20789322231621715,-0.2504189344556734,False
0.21568939042899568,-0.24896752816605583,False
0.22366337992072716,-0.2481766648444247,False
0.23174793227815685,-0.2480590198342174,False
0.23987490406748213,-0.24862109750077638,False
0.24797586512979714,-0.24986318085583653,False
0.25598269809934593,-0.25177933776635997,False
0.2638281944719552,-0.25435748361767413,False
0.2714466424887627,-0.2575794998028955,False
0.2787744021740413,-0.26142140691793053,False
0.28575046297364637,-0.26585359105759715,False
0.292316979579457,-0.27084108113728034,False
0.298419781691369,-0.2763438747097445,False
0.3040088536575349,-0.28231730931202526,False
0.3090387801409543,-0.2887124759664707,False
0.313469154181582,-0.29547667107674297,False
0.31726494425372875,-0.3025538826076081,False
0.3203968171555407,-0.3098853061201889,False
0.32284141380901055,-0.3174098859554089,False
0.3245815752953875,-0.32506487662074984,False
0.3256065167042555,-0.3327864192419714,False
0.3259119466394828,-0.3405101277945457,False
0.32550013050857957,-0.3481716797312077,False
0.32437989603257905,-0.3557074055737283,False
0.3225665797617178,-0.36305487203973985,False
0.32008191377883827,-0.37015345332960353,False
0.31695385222797506,-0.376944885303748,False
0.313216337828571,-0.3833737974368912,False
0.3089090091314981,-0.389388217640782,False
0.3040768499421984,-0.39494004529968996,False
0.2987697830736722,-0.39998548816043494,False
0.2930422113860132,-0.4044854590583634,False
0.28695250990117616,-0.4084059288389676,False
0.2805624736266818,-0.41171823224799703,False
0.27393672654973583,-0.4143993240067468,False
0.26714209803990346,-0.41643198275921595,False
0.26024697358898397,-0.4178049610692628,False
0.25332062738741873,-0.41851308015378075,False
0.2464325446579747,-0.4185572685572004,False
0.23965174191678934,-0.4179445444981629,False
0.2330460933950453,-0.41668794214584165,False
0.2266816717274291,-0.4148063826060572,False
0.22062211070230858,-0.41232449091102374,False
0.21492799738918705,-0.4092723608064856,False
0.20965630033574015,-0.40568526961146023,False
0.20485983979009637,-0.40160334588440816,False
0.20058680508811916,-0.397071193061165,False
0.1968803234853485,-0.39213747263049303,False
0.1937780838423887,-0.3868544507789861,False
0.19131201772048004,-0.3812775127649764,False
0.18950803963491136,-0.37546464956806785,False
0.18838584746554238,-0.36947592160438036,False
0.18795878334707586,-0.36337290449534176,False
0.1882337547615115,-0.3572181220282112,False
0.18921121503060492,-0.3510744715482032,False
0.1908852019519063,-0.34500464707438794,False
0.19324343292981383,-0.339070565434262,False
0.19626745461307546,-0.3333328006653495,False
0.19993284475190864,-0.32785003183726064,False
0.20420946372154203,-0.3226785093056819,False
0.20906175291605256,-0.31787154422264385,False
0.21444907699028767,-0.31347902589741344,False
0.22032610671393166,-0.30954697133216685,False
0.2266432389980539,-0.3061171109492347,False
0.23334705046035295,-0.30322651418546426,False
0.24038078071203622,-0.3009072582576035,False
0.2476848413793532,-0.29918614300422264,False
0.2551973467195748,-0.2980844542882734,False
0.26285466155844184,-0.2976177780037262,False
0.2705919621675628,-0.29779586627360066,False
0.2783438056193627,-0.29862255695886636,False
0.28604470310680535,-0.3000957471218985,False
0.2936296926971922,-0.3022074206080965,False
0.30103490700488617,-0.30494372942860903,False
0.3081981313167131,-0.3082851281494925,False
0.31505934778488814,-0.3122065600217161,False
0.32156126141338615,-0.3166776931258612,False
0.32764980370162566,-0.3216632043587944,False
0.3332746099703674,-0.32712310866069555,False
0.33838946657461827,-0.3330131304732247,False
0.34295272440278346,-0.339285114036943,False
0.34692767526631746,-0.3458874687818991,False
0.3502828879964283,-0.35276564574298724,False
0.3529925012818896,-0.35986264064454415,False
0.35503647050420056,-0.36711951904971984,False
0.35640076605463494,-0.37447595876219975,False
0.357077520855689,-0.3818708045033088,False
0.3570651250629091,-0.3892426297684232,False
0.3563682661998664,-0.3965303006945736,False
0.3549979132886823,-0.40367353674726997,False
0.35297124389141626,-0.4106134630595529,False
0.35031151338427713,-0.4172931493301832,False
0.34704786625627115,-0.42365813031029864,False
0.34321508976333803,-0.4296569030778312,False
0.33885331088119436,-0.4352413965150006,False
0.33400763818288925,-0.4403674086642712,False
0.328727751012374,-0.4449950079397842,False
0.32306743911858554,-0.44908889451148754,False
0.3170840967346173,-0.45261871855460706,False
0.31083817590669965,-0.4555593524639423,False
0.3043926046668364,-0.4578911145666531,False
0.29781217636745344,-0.4595999423243168,False
0.29116291712275744,-0.4606775134905144,False
0.28451143879862006,-0.4611213141792552,False
0.27792428533481023,-0.46093465329735583,False
0.2714672803516665,-0.46012662329553544,False
0.26520488397820047,-0.45871200769363807,False
0.2591995666402869,-0.45671113633022825,False
0.25351120717596326,-0.4541496897711787,False
0.24819652211875254,-0.4510584547812435,False
0.24330853233541444,-0.44747303321267456,False
0.2388960724527265,-0.44343350709156026,False
0.23500334769241824,-0.4389840630818914,False
0.2316695418878061,-0.4341725798757553,False
0.2289284796111773,-0.4290501823922249,False
0.22680834452445736,-0.42367076696441675,False
0.22533145529844822,-0.4180905019511819,False
0.22451409974290645,-0.4123673084246778,False
0.22436642715958635,-0.406560325755741,False
0.22489239837579073,-0.4007293670441072,False
0.2260897924347312,-0.39493436941908266,False
0.2279502685049863,-0.38923484426776955,False
0.23045948121597473,-0.3836893324323383,False
0.23359724731970583,-0.3783548693556074,False
0.23733776131112358,-0.3732864650462848,False
0.24164985740081651,-0.3685366035830662,False
0.24649731501693528,-0.36415476668224167,False
0.25183920481183575,-0.360186985618786,False
0.25763027195934246,-0.3566754255187242,False
0.2638213533486238,-0.3536580057337714,False
0.27035982511036316,-0.35116805967102754,False
0.2771900767515007,-0.34923403708419665,False
0.2842540080287574,-0.34787925144190257,False
0.29149154456155607,-0.3471216745767843,False
0.29884116807523636,-0.34697378038979754,False
0.30624045707898045,-0.34744243894122373,False
0.3136266337225618,-0.34852886180693843,False
0.32093711254420676,-0.3502285991192085,False
0.3281100468199599,-0.35253158824929637,False
0.3350848682534528,-0.35542225362810254,False
0.3418028158033453,-0.35887965674458244,False
0.3482074495323925,-0.362877694913349,False
0.35424514547463304,-0.3673853469663049,False
0.35986556765239125,-0.37236696360194366,False
0.36502211352892533,-0.37778259972364286,False
0.36967232935170147,-0.38358838571838666,False
0.37377829202164903,-0.389736934273308,False
0.377306954312106,-0.39617777900256856,False
0.38023045045520365,-0.40285784086456267,False
0.3825263593122433,-0.40972191809221026,False
0.38417792254897093,-0.4167131951399109,False
0.38517421544935004,-0.42377376597198935,False
0.38551026822734424,-0.4308451668812459,False
0.3851871359422912,-0.43786891393421845,False
0.38421191539835087,-0.4447870400932256,False
0.38259770772212526,-0.45154262706499565,False
0.380363525675144,-0.4580803269720157,False
0.377534145179121,-0.4643468690354924,False
0.3741399010194896,-0.4702915465973262,False
0.3702164272513852,-0.47586667999159715,False
0.3658043434622688,-0.4810280510020867,False
0.36094888874168113,-0.4857353049091742,False
0.3556995059600604,-0.48995231643447773,False
0.3501093797476893,-0.49364751623183495,False
0.3442349323683612,-0.49679417494527633,False
0.3381352824720048,-0.4993706422547695,False
0.3318716724547634,-0.5013605387547235,False
0.32550687082108726,-0.5027528989542438,False
0.3191045564986742,-0.5035422641475105,False
0.312728692475612,-0.5037287243728278,False
0.30644289638783284,-0.5033179091552561,False
0.30030981576980303,-0.5023209272056366,False
0.2943905155871167,-0.5007542557236737,False
0.2887438854007146,-0.4986395804200521,False
0.28342607308231377,-0.49600358782793896,False
0.2784899514307192,-0.49287771191349183,False
0.27398462335655815,-0.4892978374140843,False
0.26995497053999473,-0.48530396272813364,False
0.26644124965495875,-0.4809398255480529,False
0.263478739426152,-0.47625249476468795,False
0.26109744097034443,-0.47129193247459966,False
0.25932183309529644,-0.4661105301880204,False
0.25817068350644706,-0.4607626235628585,False
0.2576569162154845,-0.4553039901767595,False
0.2577875348623416,-0.4497913349933149,False
0.25856360115384747,-0.44428176827885646,False
0.2599802671846715,-0.4388322807820976,False
0.26202686003244063,-0.4334992209998917,False
0.26468701670014244,-0.4283377793186947,False
0.26793886720533805,-0.4234014837435622,False
0.27175526337772193,-0.41874171180572517,False
0.2761040507154599,-0.4144072230774562,False
0.28094838045935994,-0.4104437165209271,False
0.28624705886694,-0.40689341665832685,False
0.2919549305024293,-0.40379469227619236,False
0.2980232922021459,-0.40118171107056305,False
0.3044003342275826,-0.39908413330423637,False
0.3110316049823234,-0.39752684718634557,False
0.3178604955459076,-0.3965297483010417,False
0.3248287401708713,-0.39610756500975036,False
0.3318769288014607,-0.3962697313337811,False
0.3389450276068495,-0.3970203083946056,False
0.34597290348053295,-0.3983579550514336,False
0.3529008484426887,-0.4002759479334316,False
0.35967009989461046,-0.4027622506206011,False
0.3662233527138225,-0.40579963128655394,False
0.37250525924421624,-0.40936582768174007,False
0.37846291332565596,-0.4134337579106447,False
0.38404631461935135,-0.417971775044588,False
0.3892088096156904,-0.4229439632165073,False
0.39390750585665607,-0.42831047246889775,False
0.3981036560619102,-0.43402788927427455,False
0.40176300901298695,-0.44004963932232855,False
0.40485612422145306,-0.44632641887245367,False
0.40735864758315266,-0.45280665070744075,False
0.4092515454021044,-0.45943696049652044,False
0.4105212943563964,-0.46616266918600513,False
0.41116002517865935,-0.4729282968856113,False
0.411165618041493,-0.47967807360988474,False
0.41054174788149445,-0.4863564521683445,False
0.40929787817353747,-0.49290861847594925,False
0.40744920198963963,-0.4992809945777679,False
0.40501652955386347,-0.5054217297483412,False
0.40202612194465176,-0.5112811751367313,False
0.3985094711047275,-0.5168123375817789,False
0.3945030268984026,-0.5219713084172601,False
0.3900478726042773,-0.5267176633216557,False
0.3851893509396975,-0.5310148295398547,False
0.37997664346780513,-0.5348304171116722,False
0.374462307018487,-0.5381365110815115,False
0.3687017715356996,-0.5409099220314741,False
0.36275280451625763,-0.5431323926730369,False
0.3566749478977776,-0.5447907586461291,False
0.35052893385460754,-0.5458770621049336,False
0.34437608644113504,-0.5463886171127188,False
0.3382777163573821,-0.5463280263191247,False
0.3322945162844807,-0.5457031488481553,False
0.3264859642378694,-0.5445270197793182,False
0.3209097422132597,-0.5428177220535384,False
0.3156211770630437,-0.5405982120754786,False
0.31067271005563074,-0.5378961007106101,False
0.30611340096086753,-0.5347433917849125,False
0.30198847179983135,-0.5311761805837057,False
0.29833889462814933,-0.5272343152103444,False
0.29520102692021594,-0.5229610240020662,False
0.29260629731702176,-0.5184025125061882,False
0.29058094371891174,-0.5136075337923496,False
0.28914580496762293,-0.5086269361132111,False
0.28831616668485904,-0.5035131921248247,False
0.28810166122699726,-0.4983199140370639,False
0.28850622118124314,-0.49310135918268216,False
0.2895280853667524,-0.48791193056978965,False
0.2911598559101547,-0.4828056770162516,False
0.2933886046310602,-0.4778357974556004,False
0.2961960266904293,-0.47305415395281736,False
0.29955863921360454,-0.4685107978755183,False
0.3034480223911468,-0.46425351353280564,False
0.30783110037636535,-0.46032738342187496,False
0.31267045913201297,-0.4567743790132696,False
0.31792469822536346,-0.4536329807617113,False
0.32354881342785063,-0.4509378307531918,False
0.32949460684148685,-0.448719421093288,False
0.33571112114963064,-0.44700382080940737,False
0.3421450944757894,-0.4458124436840537,False
0.3487414322332039,-0.4451618590604703,False
0.3554436922626015,-0.4450636472695597,False
0.36219457948839034,-0.4455243009212143,False
0.3689364462771457,-0.4465451728875939,False
0.3756117946584405,-0.4481224713839681,False
0.3821637765681371,-0.4502473021279876,False
0.38853668829860816,-0.4529057571341822,False
0.3946764553885301,-0.4560790492805857,False
0.40053110425557636,-0.45974369137213966,False
0.40605121696645285,-0.4638717180243582,False
0.41119036564755146,-0.4684309483040626,False
0.41590552316299656,-0.4733852866951285,False
0.42015744682182277,-0.4786950596094135,False
0.4239110320195471,-0.4843173843394653,False
0.42713563286913536,-0.49020656705328686,False
0.42980534703099704,-0.49631452616516303,False
0.4318992621111612,-0.5025912371829834,False
0.43340166116285905,-0.5089851949339789,False
0.43430218500284196,-0.5154438889094469,False
0.4345959492453124,-0.5219142873466203,False
0.4342836141705322,-0.5283433255837732,False
0.43337140579063627,-0.5346783941839928,False
0.4318710867614925,-0.5408678223244053,False
0.42979987612625487,-0.5468613519912555,False
0.42718031727239103,-0.5526105986068743,False
0.4240400939462403,-0.558069493841574,False
0.42041179470130097,-0.5631947065307914,False
0.4163326267579277,-0.5679460378238277,False
0.41184408091734337,-0.5722867869333622,False
0.4069915498905328,-0.5761840841322098,False
0.4018239031556255,-0.579609187952818,False
0.39639302222334777,-0.5825377438827144,False
0.3907533009421692,-0.5849500022121419,False
0.3849611161831185,-0.5868309930748434,False
0.37907427487813766,-0.5881706571255365,False
0.37315144391570854,-0.5889639307140523,False
0.3672515697972176,-0.5892107848422917,False
0.3614332952065452,-0.5889162176219075,False
0.35575437973034996,-0.5880902003837756,False
0.35027113188249964,-0.5867475780207374,False
0.3450378593368923,-0.5849079245687145,False
0.3401063438707874,-0.5825953554441881,False
0.33552534698540526,-0.5798382981543948,False
0.33134015152741847,-0.5766692236768094,False
0.32759214391327035,-0.5731243410631301,False
0.3243184407887434,-0.569243258156865,False
0.3215515631689572,-0.5650686116197512,False
0.31931916032648866,-0.5606456697379183,False
0.31764378495092954,-0.5560219117214987,False
0.31654272041015247,-0.5512465874191348,False
0.3160278603143914,-0.5463702615397364,False
0.31610564002593705,-0.5414443466064088,False
0.3167770192716116,-0.5365206289605909,False
0.31803751459973834,-0.5316507921873884,False
0.31987728007224303,-0.5268859423455016,False
0.32228123428784045,-0.5222761393571104,False
0.32522923158481976,-0.5178699388450306,False
0.32869627506250104,-0.5137139485972664,False
0.3326527688803173,-0.5098524036939734,False
0.33706480713526515,-0.5063267641504194,False
0.34189449647629094,-0.503175338713695,False
0.347100309483906,-0.5004329382029209,False
0.35263746572254473,-0.4981305615049994,False
0.35845833726101717,-0.496295117033282,False
0.36451287535332283,-0.4949491821277871,False
0.37074905487946563,-0.49411080252584555,False
0.3771133330658115,-0.49379333366447836,False
0.38355111893925503,-0.4940053251936746,False
0.39000724992130914,-0.4947504496863932,False
0.39642647193915975,-0.4960274761299246,False
0.4027539194221695,-0.4978302883776449,False
0.4089355915650061,-0.5001479483335555,False
0.4149188212724681,-0.5029648032377836,False
0.42065273325533337,-0.5062606360227647,False
0.4260886878195743,-0.510010857320543,False
0.4311807069808549,-0.5141867373247989,False
0.4358858796397036,-0.5187556753501158,False
0.4401647426673275,-0.523681504588799,False
0.4439816348750126,-0.528924829245329,False
0.4473050209692235,-0.534443390933199,False
0.45010778272849256,-0.5401924609512395,False
0.4523674747767743,-0.5461252548191251,False
0.4540665424724013,-0.5521933652469678,False
0.455192499585115,-0.5583472095437936,False
0.4557380636006512,-0.5645364873360794,False
0.4557012466795897,-0.5707106443718701,False
0.4550854005126984,-0.5768193381294134,False
0.4538992135679466,-0.5828129009325035,False
0.452156659524188,-0.5886427962981643,False
0.4498768960422587,-0.5942620643058912,False
0.44708411344334525,-0.5996257518809481,False
0.4438073333518206,-0.6046913240263203,False
0.4400801579165044,-0.6094190522175745,False
0.435940470846992,-0.6137723763903962,False
0.43143009218160044,-0.617718237199906,False
0.4265943894262185,-0.621227375511563,False
0.4214818484492408,-0.6242745963927984,False
0.41614360826233104,-0.6268389952093987,False
0.41063296453214465,-0.62890414378776,False
0.4050048473246354,-0.6304582349798945,False
0.3993152791517163,-0.6314941843587605,False
0.39362081984273645,-0.6320096881732457,False
0.387978005077843,-0.6320072371010252,False
0.3824427855804653,-0.6314940857495676,False
0.37706997396316927,-0.6304821782668315,False
0.37191270605461946,-0.6289880308297938,False
0.3670219232133729,-0.6270325721770609,False
0.362445881672436,-0.6246409437378104,False
0.3582296943790871,-0.6218422612796312,False
0.354414910124151,-0.6186693403491818,False
0.35103913402306675,-0.6151583881088055,False
0.34813569264746913,-0.6113486644764135,False
0.3457333463388462,-0.6072821157523857,False
0.34385605049009005,-0.6030029841635112,False
0.342522766876933,-0.5985573969679122,False
0.3417473254745709,-0.5939929389446229,False
0.34153833661500566,-0.5893582122354389,False
0.34189915283228606,-0.5847023876136024,False
0.34282787930578024,-0.5800747513229495,False
0.3443174314419471,-0.5755242516618121,False
0.34635563782615064,-0.5710990494780773,False
0.3489253865195005,-0.5668460766956085,False
0.3520048124624504,-0.5628106069083114,False
0.3555675235680109,-0.5590358419574659,False
0.3595828629348484,-0.5555625182518509,False
0.3640162044774374,-0.5524285364003081,False
0.36882927915159985,-0.5496686175046811,False
0.3739805288456165,-0.547313989209734,False
0.3794254849076458,-0.5453921043281665,False
0.3851171681888797,-0.5439263945558832,False
0.3910065073992042,-0.5429360614680513,False
0.3970427724995233,-0.5424359066432296,False
0.4031740197941449,-0.5424362024040142,False
0.4093475453397481,-0.542942604291464,False
0.4155103432563009,-0.5439561060102338,False
0.4216095655113872,-0.5454730371951824,False
0.4275929797536709,-0.5474851039615233,False
0.4334094217939433,-0.5499794718126592,False
0.43900923937291725,-0.552938890095998,False
0.4443447239124866,-0.5563418568205588,False
0.44937052701979796,-0.5601628222842755,False
0.4540440585989634,-0.5643724296067565,False
0.4583258635211173,-0.5689377899279815,False
0.46217997390739185,-0.573822789717969,False
0.4655742341891943,-0.5789884273497172,False
0.468480596224555,-0.5843931758204266,False
0.47087538186798117,-0.5899933682666471,False
0.47273951051516916,-0.5957436027099292,False
0.47405868927572653,-0.6015971622928238,False
0.47482356357099925,-0.607506447122506,False
0.4750298261162036,-0.6134234137323983,False
0.4746782824338469,-0.6193000181021109,False
0.47377487126756856,-0.6250886581436641,False
0.47233063853128193,-0.6307426115677689,False
0.4703616637469125,-0.6362164650880381,False
0.4678889383029916,-0.6414665310030889,False
0.46493819531164965,-0.6464512473159174,False
0.46153969135566203,-0.6511315577056149,False
0.45772794099850656,-0.6554712678570169,False
0.45354140557235884,-0.6594373748774243,False
0.4490221384496893,-0.6630003667839448,False
0.4442153897264409,-0.6661344893277824,False
0.4391691739766083,-0.6688179777301664,False
0.43393380545347,-0.6710332512354872,False
0.4285614057834166,-0.672767068737315,False
0.42310538979529644,-0.6740106440988386,False
0.4176199356239115,-0.6747597201672517,False
0.41215944559666867,-0.6750146008680429,False
0.40677800463865765,-0.6747801411562189,False
0.4015288430017149,-0.6740656949934937,False
0.39646381003326475,-0.6728850219096347,False
0.391632865454994,-0.6712561530888772,False
0.3870835942316199,-0.6692012182950204,False
0.38286075059489255,-0.6667462353081298,False
0.3790058361715975,-0.663920863888432,False
0.3755567164742246,-0.6607581266059603,False
0.3725472792781188,-0.6572940991748951,False
0.3700071376576988,-0.6535675732067378,False
0.36796137971280474,-0.6496196945439937,False
0.36643036630664494,-0.6454935805537944,False
0.3654295774767425,-0.6412339199469171,False
0.36496950758200825,-0.6368865588403823,False
0.36505560871970977,-0.6324980768998693,False
0.3656882814878928,-0.6281153574806351,False
0.36686291177986813,-0.6237851557317499,False
0.3685699519725867,-0.619553668637991,False
0.3707950446027596,-0.6154661109466831,False
0.3735191864048556,-0.6115663008635285,False
0.37671893040471494,-0.6078962593027787,False
0.3803666236129776,-0.6044958263440259,False
0.38443067773628326,-0.6014022983818325,False
0.38887587021513736,-0.5986500892570729,False
0.39366367280080533,-0.5962704184322,False
0.3987526047965475,-0.5942910290188799,False
0.4040986080093528,-0.5927359381880263,False
0.40965544038668106,-0.5916252221918051,False
0.415375085249217,-0.5909748379074813,False
0.42120817297651403,-0.5907964824769482,False
0.42710441195927845,-0.5910974922664334,False
0.4330130256015737,-0.5918807820113166,False
0.438883192139856,-0.5931448246443638,False
0.4446644840445428,-0.5948836719351813,False
0.45030730378424544,-0.5970870156975073,False
0.455763312762735,-0.5997402889522933,False
0.4609858502833618,-0.6028248060715714,False
0.46593033945365625,-0.6063179405739751,False
0.47055467701236914,-0.6101933389005927,False
0.4748196041401717,-0.6144211681725806,False
0.47868905540152096,-0.618968395622563,False
0.48213048305694484,-0.6237990971030961,False
0.48511515408095446,-0.6288747918100343,False
0.48761841732057715,-0.634154800118964,False
0.4896199383339536,-0.6395966212212822,False
0.49110389955984285,-0.6451563270650233,False
0.49205916359109975,-0.6507889689560079,False
0.4924793974637638,-0.6564489930588296,False
0.4923631560353522,-0.662090660955841,False
0.4917139227195393,-0.667668471376573,False
0.4905401060786015,-0.6731375792004995,False
0.4888549910588034,-0.6784542078629638,False
0.48667664399550264,-0.6835760513572983,False
0.4840277709205396,-0.6884626621251815,False
0.48093552917810856,-0.6930758212612407,False
0.47743129289664216,-0.6973798876255801,False
0.47355037346867157,-0.7013421226577293,False
0.4693316968484675,-0.7049329879155367,False
0.46481744017363597,-0.7081264126205269,False
0.4600526309319934,-0.710900028774687,False
0.4550847126050068,-0.7132353717197034,False
0.44996308139705327,-0.7151180443353282,False
0.44473859927755094,-0.7165378434155715,False
0.43946308909306836,-0.7174888471163997,False
0.43418881792379743,-0.7179694627331035,False
0.42896797514269247,-0.7179824344358979,False
0.4238521517716069,-0.7175348109650885,False
0.41889182770959793,-0.7166378736587063,False
0.41413587323473044,-0.7153070255524016,False
0.40963107086047723,-0.713561642650178,False
0.40542166317655653,-0.7114248888119714,False
0.4015489317430039,-0.7089234960369867,False
0.39805081146088467,-0.706087512237121,False
0.39496154414106843,-0.7029500188899384,False
0.39231137426201135,-0.6995468212329028,False
0.39012628917516257,-0.6959161139075558,False
0.3884278053060392,-0.6920981251818701,False
0.3872328012296622,-0.6881347430692074,False
0.38655339788548415,-0.6840691268215151,False
0.38639688564868085,-0.6799453074012184,False
0.3867656974962754,-0.6758077806296386,False
0.3876574270982228,-0.6717010967689051,False
0.3890648903218711,-0.6676694503187848,False
0.39097622835704426,-0.6637562737994979,False
0.3933750504405127,-0.6600038392466274,False
0.39624061397418964,-0.6564528710651999,False
0.39954803968237695,-0.6531421737777721,False
0.4032685593317348,-0.6501082780570748,False
0.4073697934364739,-0.6473851082589069,False
0.4118160562850026,-0.6450036744672707,False
0.4165686855488687,-0.6429917918332045,False
0.4215863936677195,-0.6413738297335941,False
0.42682563814388597,-0.6401704929988663,False
0.4322410078268778,-0.6393986371614544,False
0.4377856222221771,-0.6390711193630249,False
0.44341154082135154,-0.6391966862304947,False
0.4490701794230249,-0.639779899691802,False
0.4547127303979489,-0.6408211013552165,False
0.46029058384736166,-0.642316415723754,False
0.46575574661261404,-0.6442577921620561,False
0.4710612561157839,-0.6466330851800227,False
0.476161586045206,-0.6494261722485719,False
0.4810130409454932,-0.6526171080212628,False
0.4855741368272586,-0.6561823135040649,False
0.4898059649756124,-0.6600947983972839,False
0.49367253620679086,-0.6643244145313618,False
0.4971411028973443,-0.668838138034687,False
0.5001824561890393,-0.6736003776092709,False
0.5027711958546426,-0.6785733060516054,False
0.5048859703958039,-0.6837172119434363,False
0.506509685036361,-0.688990868252647,False
0.5076296753761286,-0.6943519144297052,False
0.5082378445866982,-0.6997572484617736,False
0.5083307621685825,-0.7051634252558691,False
0.5079097224560257,-0.710527057665367,False
0.5069807612606579,-0.7158052164513351,False
0.5055546292967806,-0.7209558254820013,False
0.5036467213377966,-0.725938048520086,False
0.5012769604220296,-0.730712664028437,False
0.4984696368614335,-0.7352424245386892,False
0.49525320230964076,-0.7394923972744987,False
0.49166001971345763,-0.7434302828989001,False
0.48772607059656126,-0.7470267094627937,False
0.48349062179305924,-0.750255498866487,False
0.47899585444408044,-0.7530939034062727,False
0.47428645877074765,-0.755522810260664,False
0.46940919881647275,-0.7575269120733232,False
0.46441245198339,-0.7590948421089153,False
0.45934572874460905,-0.7602192727909238,False
0.4542591783702892,-0.7608969767736254,False
0.4492030868393354,-0.7611288500505541,False
0.44422737330314027,-0.7609198969555323,False
0.4393810915131379,-0.7602791772663069,False
0.43471194251731116,-0.7592197159716576,False
0.4302658046770964,-0.7577583766073077,False
0.42608628666748,-0.7559156994008551,False
0.42221430861781795,-0.7537157057882649,False
0.41868771595220294,-0.7511856711713021,False
0.4155409298222701,-0.7483558680739438,False
0.4128046373196174,-0.7452592821237202,False
0.41050552393629736,-0.7419313035287849,False
0.408666050034665,-0.7384093969411439,False
0.40730427241321654,-0.7347327527889858,False
0.4064337114295025,-0.7309419233247694,False
0.40606326357640393,-0.7270784467692437,False
0.40619715891085756,-0.7231844630337225,False
0.406834962306725,-0.7193023245728843,False
0.4079716171443242,-0.7154742059575244,False
0.40959752975342145,-0.7117417157608069,False
0.41169869268735854,-0.708145514322691,False
0.4142568447152891,-0.7047249408957029,False
0.4172496652686444,-0.7015176535817633,False
0.42065100095864033,-0.6985592853453262,False
0.42443112168634556,-0.6958831192338966,False
0.4285570037892657,-0.6935197857546012,False
0.43299263760358536,-0.6914969851466624,False
0.43769935676563826,-0.6898392370563846,False
0.4426361865276442,-0.6885676598658035,False
0.4477602083202628,-0.6876997816508786,False
0.45302693775795383,-0.6872493844525615,False
0.4583907132530881,-0.6872263832369083,False
0.4638050923821695,-0.6876367406014379,False
0.46922325313346064,-0.6884824179569631,False
0.4745983971607265,-0.689761363580126,False
0.47988415217336516,-0.691467537594726,False
0.48503497060913453,-0.693590973602676,False
0.49000652176175696,-0.696117876350963,False
0.4947560745711674,-0.6990307544923086,False
0.49924286832791986,-0.7023085871771851,False
0.503428468593855,-0.7059270229063105,False
0.5072771056970318,-0.709858608778444,False
0.5107559932187467,-0.7140730479909108,False
0.5138356239532247,-0.7185374831922976,False
0.5164900408859625,-0.7232168030505773,False
0.518697080805424,-0.7280739691877318,False
0.5204385882366982,-0.7330703604457689,False
0.5217005974681505,-0.7381661312906542,False
0.5224734805377569,-0.7433205810316793,False
0.522752059160977,-0.7484925304354414,False
0.5225356787241436,-0.7536407022469586,False
0.5218282426448192,-0.7587241020962091,False
0.5206382056221579,-0.7637023962669935,False
0.518978524574416,-0.768536282836583,False
0.5168665663946708,-0.7731878527589205,False
0.5143239720547392,-0.7776209375606459,False
0.5113764770534691,-0.7818014404470469,False
0.5080536887374674,-0.7856976477730121,False
0.5043888216139362,-0.7892805180206655,False
0.5004183924157857,-0.7925239456388008,False
0.4961818773529815,-0.7954049973374059,False
0.4917213346711062,-0.7979041186911353,False
0.487080996314755,-0.8000053091859718,False
0.4823068331336818,-0.8016962641407288,False
0.4774460986468224,-0.8029684822465465,False
0.47254685686772097,-0.8038173377900538,False
0.4676575000715373,-0.8042421169562438,False
0.46282626263034254,-0.8042460179421401,False
0.4581007371473418,-0.8038361149487995,False
0.45352739907645595,-0.8030232864539171,False
0.44915114582314175,-0.8018221084971439,False
0.4450148559944247,-0.8002507140321572,False
0.44115897401634674,-0.7983306197106147,False
0.43762112478614956,-0.7960865217605839,False
0.4344357623990116,-0.7935460629032262,False
0.4316338563114662,-0.7907395725139555,False
0.4292426176023371,-0.7876997824757,False
0.42728526729221494,-0.784461521390154,False
0.4257808480063322,-0.7810613900061447,False
0.4247440796314015,-0.7775374208907605,False
0.4241852590382014,-0.7739287255072725,False
0.4241102034273408,-0.7702751319729276,False
0.42452023640995373,-0.7666168168484763,False
0.4254122155582888,-0.76299393435917,False
0.4267785998499891,-0.7594462464635418,False
0.42860755517857163,-0.7560127571714975,False
0.43088309590368723,-0.7527313544673033,False
0.4335852602599148,-0.749638463116461,False
0.4366903173236641,-0.7467687115290078,False
0.4401710031463648,-0.7441546157165352,False
0.4439967835915164,-0.741826283217514,False
0.4481341413576546,-0.7398111396769405,False
0.4525468846244398,-0.7381336805536638,False
0.457196474721849,-0.7368152501940635,False
0.46204237019100575,-0.7358738502561916,False
0.4670423845786902,-0.735323979196463,False
0.47215305528599805,-0.7351765042439408,False
0.47733002077544856,-0.7354385669878597,False
0.482528403430819,-0.7361135233949392,False
0.48770319536089435,-0.7372009187570362,False
0.49280964444278047,-0.7386964977495912,False
0.4978036379127495,-0.7405922494599693,False
0.5026420808326943,-0.7428764869250285,False
0.5072832667876652,-0.7455339604019031,False
0.511687238203785,-0.7485460032878558,False
0.515816133714949,-0.7518907093068726,False
0.5196345200498594,-0.7555431392951195,False
0.5231097059569729,-0.7594755556470152,False
0.5262120357330347,-0.7636576822309618,False
0.528915159970832,-0.7680569873510275,False
0.5311962811942929,-0.772638987120257,False
0.5330363721058609,-0.7773675664247739,False
0.5344203642352803,-0.7822053144972129,False
0.5353373048550236,-0.7871138719848412,False
0.5357804801214708,-0.7920542862933027,False
0.5357475025197683,-0.7969873719123266,False
0.5352403608421487,-0.8018740723857494,False
0.5342654311229705,-0.8066758205753228,False
0.5328334471972902,-0.8113548938862188,False
0.5309594298509291,-0.8158747611717956,False
0.5286625738945426,-0.8202004181156529,False
0.5259660929252512,-0.8242987079995555,False
0.5228970220366628,-0.8281386249054234,False
0.5194859792970966,-0.8316915965669435,False
0.5157668874274893,-0.8349317442798364,False
0.511776657761048,-0.8378361174975338,False
0.5075548392379983,-0.8403849009788256,False
0.5031432358587778,-0.8425615926135669,False
0.4985854966630305,-0.8443531503292131,False
0.4939266828937742,-0.8457501067720306,False
0.4892128175204885,-0.8467466507594484,False
0.48449042270804993,-0.8473406748111948,False
0.47980605111070807,-0.8475337883835726,False
0.4752058170271793,-0.847331296750433,False
0.47073493346638734,-0.846742145793055,False
0.46643726104236094,-0.8457788332762587,False
0.4623548743473693,-0.8444572874967413,False
0.4585276510572134,-0.8427967144890346,False
0.4549928885200151,-0.8408194152619248,False
0.45178495199243485,-0.838550574811111,False
0.4489349580401865,-0.8360180249099002,False
0.44647049593909494,-0.8332519829166067,False
0.4444153892240205,-0.8302847690529869,False
0.4427894988587916,-0.8271505048006308,False
0.44160856886040684,-0.8238847952300881,False
0.44088411462060895,-0.8205243982191734,False
0.4406233536382753,-0.8171068836311681,False
0.44082917791315573,-0.8136702856095253,False
0.4415001668572961,-0.8102527512024766,False
0.4426306392533619,-0.8068921885581658,False
0.44421074252442705,-0.8036259179284091,False
0.44622657737103155,-0.8004903286869974,False
0.4486603556705378,-0.7975205455069522,False
0.45149058941274905,-0.7947501067509832,False
0.45469230835623703,-0.7922106580114597,False
0.4582373040244131,-0.7899316635916459,False
0.46209439761269155,-0.7879401385501905,False
0.46622972934291956,-0.786260403737492,False
0.47060706677474967,-0.7849138660374502,False
0.4751881295631138,-0.7839188257932469,False
0.47993292813490024,-0.7832903131433898,False
0.4848001137456223,-0.7830399547266023,False
0.48974733736828785,-0.7831758719337207,False
0.49473161486217804,-0.7837026115940853,False
0.4997096958693705,-0.7846211096856335,False
0.5046384338920834,-0.7859286883546771,False
0.509475155014598,-0.7876190862258857,False
0.5141780227496492,-0.7896825216780302,False
0.5187063965104483,-0.7921057884592796,False
0.5230211812352697,-0.7948723827199751,False
0.5270851657209251,-0.7979626602534784,False
0.5308633472534463,-0.8013540224594732,False
0.5343232401580037,-0.8050211292814936,False
0.5374351659248395,-0.8089361371238319,False
0.540172522603726,-0.8130689595246052,False
0.542512031196846,-0.8173875481537474,False
0.5444339568207717,-0.8218581915189792,False
0.5459223024553047,-0.8264458286011529,False
0.5469649731546263,-0.8311143745043205,False
0.5475539086700685,-0.835827055096767,False
0.5476851825307532,-0.8405467475381596,False
0.5473590657561564,-0.8452363235357353,False
0.5465800535417771,-0.849858992149641,False
0.545356853473933,-0.8543786389744371,False
0.5437023341000001,-0.8587601585603848,False
0.5416334330123743,-0.8629697770041632,False
0.5391710240019759,-0.8669753617335222,False
0.5363397433009438,-0.8707467156331948,False
0.5331677754611902,-0.8742558528090084,False
0.5296865999982149,-0.8774772534620987,False
0.525930700555979,-0.8803880955437523,False
0.521937239002235,-0.8829684610817119,False
0.5177456975241074,-0.8852015153086122,False
0.5133974924375355,-0.8870736569801859,False
0.5089355640262793,-0.8885746385424408,False
0.5044039472612104,-0.8896976550904832,False
0.4998473286946806,-0.8904394013542506,False
0.4953105951571109,-0.8908000962452787,False
0.4908383800874838,-0.8907834748008582,False
0.48647461339590437,-0.890396747664671,False
0.4822620806812178,-0.8896505285433722,False
0.4782419974131683,-0.8885587303738173,False
0.474453603346721,-0.8871384312230253,False
0.4709337819818284,-0.8854097112199286,False
0.46771670933566695,-0.8833954620820075,False
0.4648335356799551,-0.8811211710487433,False
0.46231210323870586,-0.8786146812652453,False
0.46017670216684975,-0.8759059308714257,False
0.4584478664611403,-0.8730266732428843,False
0.4571422108123233,-0.8700101809975602,False
0.4562723088085652,-0.8668909365257867,False
0.45584661235716933,-0.8637043119194078,False
0.4558694117127094,-0.860486241267064,False
0.45634083508863454,-0.8572728883468711,False
0.4572568864860919,-0.8541003127839487,False
0.4586095200948799,-0.8510041377483398,False
0.46038674940147173,-0.8480192222487696,False
0.4625727889706532,-0.8451793410296541,False
0.46514822674245104,-0.8425168750032939,False
0.46809022459648336,-0.8400625150470092,False
0.471372744873852,-0.8378449818671067,False
0.47496680050527595,-0.8358907644792227,False
0.47884072636747027,-0.8342238796792448,False
0.4829604694731633,-0.8328656546822982,False
0.4872898955902027,-0.831834534891079,False
0.49179110987961316,-0.8311459185210999,False
0.4964247891399021,-0.8308120195613731,False
0.5011505232447659,-0.8308417602869558,False
0.5059271633635516,-0.8312406942670292,False
0.510713174558605,-0.8320109605312361,False
0.5154669903612982,-0.8331512692704005,False
0.5201473669393231,-0.8346569191580764,False
0.5247137344818237,-0.8365198460892135,False
0.529126543445909,-0.8387287028441857,False
0.5333476033275888,-0.8412689689030799,False
0.5373404116415328,-0.8441230893590387,False
0.5410704708165035,-0.8472706416130557,False
0.5445055907361374,-0.8506885282783733,False
0.5476161746775114,-0.854351194482794,False
0.5503754864226436,-0.8582308675340359,False
0.5527598963415001,-0.8622978167087452,False
0.5547491042709163,-0.8665206307418652,False
0.5563263370448868,-0.8708665104314598,False
0.5574785185720615,-0.8753015736363436,False
0.5581964104113339,-0.8797911698313197,False
0.5584747208727594,-0.8843002012985527,False
0.5583121807762638,-0.8887934479745097,False
0.5577115841429459,-0.8932358929405673,False
0.556679792281608,-0.8975930455421981,False
0.5552276999743158,-0.9018312591466771,False
0.5533701627658867,-0.9059180406023151,False
0.5511258847277543,-0.909822348542867,False
0.5485172664982908,-0.9135148777882245,False
0.545570213897501,-0.9169683272257872,False
0.5423139079679332,-0.9201576487147177,False
0.5387805378952801,-0.9230602747360933,False
0.5350049988965918,-0.925656322713998,False
0.5310245578124666,-0.927928774153845,False
0.5268784897799761,-0.9298636269824987,False
0.5226076899712279,-0.9314500197277076,False
0.5182542649335092,-0.9326803264394554,False
0.5138611085368837,-0.9335502215304885,False
0.5094714679024309,-0.9340587139947752,False
0.505128504931585,-0.9342081507482953,False
0.5008748591720997,-0.9340041891235843,False
0.49675221773316175,-0.9334557388351727,False
0.492800897801874,-0.9325748740147997,False
0.4890594470231526,-0.9313767161904417,False
0.4855642665984714,-0.9298792893493263,False
0.4823492614543596,-0.9281033484797724,False
0.4794455212512914,-0.92607218322772,False
0.4768810353719367,-0.9238113985290298,False
0.4746804443695022,-0.9213486742861389,False
0.47286482969593646,-0.9187135063456271,False
0.4714515428875825,-0.9159369312000936,False
0.47045407478058227,-0.9130512369820167,False
0.4698819647740827,-0.9100896634377481,False
0.46974074966582047,-0.9070860936654344,False
0.4700319511574507,-0.9040747404706639,False
0.4707531007675421,-0.9010898302374065,False
0.4718978005965998,-0.8981652872289965,False
0.4734558181562009,-0.8953344212244002,False
0.4754132132968429,-0.8926296213589254,False
0.47775249513871965,-0.8900820589762533,False
0.4804528068182561,-0.887721402210823,False
0.48349013580284655,-0.8855755449070165,False
0.4868375474894983,-0.8836703523453674,False
0.4904654397835198,-0.8820294260874398,False
0.494341816345694,-0.8806738900715894,False
0.49843257619639103,-0.8796221998932179,False
0.5027018173697618,-0.8788899769871988,False
0.5071121523185276,-0.878489869198903,False
0.5116250327787404,-0.8784314389857988,False
0.5162010818136926,-0.878721080236193,False
0.5208004307667538,-0.8793619644276284,False
0.5253830588643867,-0.8803540165771632,False
0.5299091332230567,-0.8816939211616668,False
0.5343393470272204,-0.8833751579108408,False
0.5386352536599417,-0.885388067101393,False
0.5427595945825752,-0.8877199437101312,False
0.5466766187749147,-0.89035515951912,False
0.5503523915616326,-0.8932753120098691,False
0.5537550906642342,-0.8964593986380898,False
0.5568552873298377,-0.8998840148481216,False
0.559626210399021,-0.9035235739688007,False
0.5620439911855886,-0.9073505469323196,False
0.5640878870530703,-0.9113357195763887,False
0.5657404815888626,-0.9154484651294152,False
0.5669878593010557,-0.9196570293400279,False
0.5678197528003818,-0.9239288255973763,False
0.5682296604866989,-0.9282307372983829,False
0.5682149328434,-0.9325294246533778,False
0.5677768255621448,-0.9367916330829978,False
0.5669205178826859,-0.9409845003472648,False
0.5656550947462001,-0.9450758595625682,False
0.5639934916323537,-0.9490345353037413,False
0.561952401285352,-0.9528306300561958,False
0.5595521419349051,-0.9564357983765454,False
0.5568164870835077,-0.9598235062384097,False
0.5537724574569278,-0.9629692731820353,False
0.5504500762913199,-0.9658508950505809,False
0.5468820897446319,-0.968448645280828,False
0.5431036548546034,-0.970745452919809,False
0.5391519980999484,-0.9727270557594215,False
0.5350660482321161,-0.974382127216299,False
0.5308860476080587,-0.9757023758317083,False
0.5266531467457763,-0.9766826165236044,False
0.5224089872220687,-0.9773208129876594,False
0.5181952783173563,-0.9776180909135282,False
0.5140533729718995,-0.977578721954225,False
0.5100238486433081,-0.9772100786576822,False
0.5061460985453542,-0.9765225608378234,False
0.502457938507754,-0.97552949412531,False
0.49899523433688936,-0.9742470016931536,False
0.49579155409479714,-0.9726938503973303,False
0.4928778491686946,-0.9708912728052196,False
0.4902821673990109,-0.9688627668031047,False
0.4880294008946479,-0.9666338746761948,False
0.486141070513864,-0.9642319437389549,False
0.48463514834984445,-0.9616858707583475,False
0.48352591895086244,-0.959025832556511,False
0.48282387944141764,-0.9562830053011919,False
0.48253567820421656,-0.9534892750908672,False
0.48266409134040805,-0.9506769425161034,False
0.4832080357502164,-0.9478784239286757,False
0.48416261736749794,-0.9451259521748927,False
0.4855192128363505,-0.942451279549253,False
0.48726558273007753,-0.9398853856990479,False
0.4893860142753707,-0.9374581931600693,False
0.4918614914496673,-0.9351982931287024,False
0.4946698902591649,-0.9331326839770844,False
0.49778619697130416,-0.9312865248966455,False
0.5011827470616977,-0.9296829069123576,False
0.5048294826355799,-0.9283426433467509,False
0.5086942260930263,-0.927284081630745,False
0.512742967821753,-0.9265229381592698,False
0.5169401657185637,-0.9260721576753697,False
0.5212490543586976,-0.925941798438975,False
0.5256319616503755,-0.9261389441978479,False
0.5300506308291996,-0.92666764373058,False
0.5344665456635106,-0.9275288784771613,False
0.5388412567572779,-0.928720558513876,False
0.5431367068515354,-0.9302375468684432,False
0.5473155530386514,-0.9320717119107695,False
0.5513414838155802,-0.9342120072967764,False
0.5551795289123226,-0.9366445786898124,False
0.5587963598397213,-0.9393528962384837,False
0.5621605791060897,-0.9423179115535302,False
0.5652429960549009,-0.9455182377018102,False
0.5680168872761496,-0.9489303505245792,False
0.5704582395429258,-0.9525288093920006,False
0.5725459732239445,-0.9562864953280118,False
0.5742621441249401,-0.9601748642809566,False
0.5755921217208204,-0.9641642131772641,False
0.5765247417612567,-0.9682239562792424,False
0.5770524312711877,-0.972322909274858,False
0.5771713040316562,-0.9764295784581251,False
0.5768812247234394,-0.9805124523141108,False
0.576185840054248,-0.9845402928030508,False
0.5750925753778845,-0.9884824236438787,False
0.5736125955577562,-0.9923090129286042,False
0.5717607291330291,-0.9959913474551443,False
0.5695553552166308,-0.9995020962469296,False
0.5670182529903209,-1.0028155608320903,False
0.5641744141595523,-1.005907909982292,False
0.5610518192821802,-1.008757396760088,False
0.5576811794783829,-1.0113445558925225,False
0.5540956456485131,-1.0136523796759942,False
0.5503304879516139,-1.015666470821206,False
0.5464227489078938,-1.017375170865355,False
0.5424108740600071,-1.0187696630093939,False
0.538334324636814,-1.0198440484789308,False
0.534233177087125,-1.0205953957557625,False
0.5301477146703573,-1.0210237622807312,False
0.5261180164909497,-1.0211321884851128,False
0.522183549434044,-1.0209266642646329,False
0.5183827683976755,-1.0204160682650667,False
0.5147527300242318,-1.0196120805988365,False
0.5113287248200712,-1.0185290698558043,False
0.5081439321312783,-1.017183955506384,False
0.5052291019343679,-1.0155960470190701,False
0.5026122668252292,-1.0137868612255605,False
0.5003184869712938,-1.0117799196629922,False
0.49836963015449065,-1.0096005278027516,False
0.4967841883984739,-1.0072755382372856,False
0.4955771320628451,-1.0048331000389965,False
0.4947598017163289,-1.0023023966273954,False
0.4943398375828344,-0.9997133745812038,False
0.4943211458977112,-0.9970964659101725,False
0.49470390112085644,-0.994482306356362,False
0.49548458262957956,-0.9919014523260528,False
0.496656044255004,-0.9893840990610673,False
0.4982076148265747,-0.9869598026420566,False
0.5001252277434061,-0.984657208376404,False
0.5023915774912031,-0.9825037880602238,False
0.5049863009613207,-0.9805255885180933,False
0.5078861813963206,-0.9787469937164588,False
0.5110653727768615,-0.9771905026181189,False
0.5144956424714159,-0.9758765247970277,False
0.5181466299877437,-0.9748231956662325,False
0.5219861196888763,-0.9740462129886522,False
0.5259803253632648,-0.9735586961422634,False
0.5300941845663528,-0.9733710693999651,False
0.5342916606775325,-0.9734909702618408,False
0.5385360506412623,-0.9739231836457938,False
0.5427902963835042,-0.9746696025036938,False
0.5470172979142637,-0.9757292151864286,False
0.5511802261437154,-0.9770981196347991,False
0.5552428334529786,-0.9787695642262807,False
0.5591697600708665,-0.980734014862523,False
0.5629268343145882,-0.9829792476412996,False
0.5664813647551631,-0.9854904662216395,False
0.569802422367015,-0.9882504427642015,False
0.5728611107158882,-0.9912396811126648,False
0.5756308222302671,-0.9944366006779801,False
0.5780874785898903,-0.9978177392976288,False
0.5802097532524647,-1.0013579731683353,False
0.5819792741289918,-1.0050307517945791,False
0.583380804412968,-1.0088083457582282,False
0.5844023995739825,-1.01266210499797,False
0.5850355385479307,-1.0165627251920508,False
0.5852752272011704,-1.0204805197650963,False
0.5851200722222459,-1.0243856949901804,False
0.5845723237104041,-1.0282486256313421,False
0.5836378848930834,-1.0320401285697218,False
0.5823262876221224,-1.0357317318784247,False
0.5806506325765198,-1.0392959368569668,False
0.5786274934419023,-1.0427064706052873,False
0.5762767847443194,-1.04593852680918,False
0.5736215934860444,-1.048968992522705,False
0.570687975257283,-1.0517766588676187,False
0.5675047160695469,-1.0543424137237416,False
0.5641030617594075,-1.0566494146559784,False
0.5605164174272722,-1.0586832405116873,False
0.5567800199837173,-1.0604320203244013,False
0.5529305874529556,-1.0618865383745082,False
0.5490059492058805,-1.0630403144822822,False
0.5450446617413733,-1.0638896588413915,False
0.5410856149841695,-1.0644337009394222,False
0.5371676343042667,-1.064674392353736,False
0.5333290835753005,-1.0646164834538057,False
0.5296074745719093,-1.064267474282778,False
0.5260390878594243,-1.063637540129113,False
0.5226586100599302,-1.0627394325316126,False
0.5194987919991375,-1.061588356685851,False
0.5165901317656088,-1.060201826434976,False
0.5139605861682199,-1.058599498231185,False
0.5116353134819976,-1.056802985644123,False
0.5096364497499672,-1.0548356561673744,False
0.5079829202819865,-1.052722412232644,False
0.5066902873813305,-1.050489458481784,False
0.5057706347537055,-1.0481640574683455,False
0.5052324885254531,-1.0457742760617776,False
0.5050807743280132,-1.0433487249079163,False
0.5053168095003223,-1.0409162933582992,False
0.5059383291220109,-1.038505882317645,False
0.5069395443170093,-1.0361461374732255,False
0.5083112310557318,-1.0338651853617356,False
0.5100408475286001,-1.0316903746987398,False
0.5121126780571673,-1.0296480253431366,False
0.51450800144369,-1.0277631871948358,False
0.5172052816277449,-1.0260594112286985,False
0.5201803785117892,-1.024558534752627,False
0.5234067768295486,-1.0232804828435988,False
0.5268558309557579,-1.0222430877636537,False
0.5304970235881484,-1.0214619279897803,False
0.5342982362686909,-1.0209501883088667,False
0.5382260297480316,-1.0207185422330531,False
0.5422459322326226,-1.0207750577837633,False
0.5463227335868359,-1.0211251274762954,False
0.5504207835914027,-1.0217714231130883,False
0.5545042923842719,-1.0227138757647016,False
0.5585376312300621,-1.0239496810852262,False
0.5624856317794193,-1.0254733298754115,False
0.5663138819895702,-1.0272766635743447,False
0.5699890168819315,-1.0293489541311964,False
0.5734790023116524,-1.0316770074843968,False
0.576753409917321,-1.0342452896587193,False
0.5797836814069374,-1.0370360742830527,False
0.5825433803191649,-1.0400296101350859,False
0.585008429377889,-1.0432043071354842,False
0.587157331535024,-1.0465369390451296,False
0.5889713727739989,-1.0500028609661818,False
0.5904348047280978,-1.0535762396125308,False
0.5915350051585948,-1.0572302941989433,False
0.5922626143432831,-1.060937545701943,False
0.5926116454533806,-1.064670072170161,False
0.5925795670535264,-1.0683997677082713,False
0.5921673559537057,-1.0720986027272328,False
0.5913795187815132,-1.0757388830447232,False
0.5902240808355854,-1.0792935054334827,False
0.5887125410325605,-1.082736207251687,False
0.5868597920747569,-1.0860418078481011,False
0.5846840053456095,-1.0891864395150923,False
0.5822064804831045,-1.0921477658638183,False
0.5794514600827622,-1.0949051856170713,False
0.5764459105318183,-1.0974400199551673,False
0.5732192705619501,-1.0997356817075266,False
0.5698031697122615,-1.101777824855627,False
0.5662311194973988,-1.103554473000114,False
0.5625381806556061,-1.1050561256441302,False
0.5587606103853672,-1.1062758413544214,False
0.5549354939446,-1.1072092970793868,False
0.551100365362672,-1.1078548231268581,False
0.5472928222855615,-1.1082134135318062,False
0.5435501401255692,-1.1082887117732318,False
0.5399088907117501,-1.1080869720280113,False
0.5364045705342667,-1.1076169963753046,False
0.5330712434497753,-1.106890048586234,False
0.529941202376038,-1.1059197453478948,False
0.5270446540674435,-1.104721925976464,False
0.5244094305481192,-1.1033145018694264,False
0.5220607302074823,-1.1017172871300536,False
0.5200208909572421,-1.0999518119666571,False
0.5183091972315756,-1.0980411206233913,False
0.5169417220045479,-1.0960095557371534,False
0.5159312044192977,-1.0938825311352964,False
0.5152869630872841,-1.091686295190384,False
0.5150148446343179,-1.089447686930253,False
0.5151172066506997,-1.0871938871634967,False
0.5155929338491538,-1.0849521669216307,False
0.5164374859466282,-1.0827496355393076,False
0.5176429755617075,-1.0806129906928623,False
0.5191982742533866,-1.078568272695214,False
0.5210891447126771,-1.0766406253019554,False
0.5232983970484475,-1.0748540652197345,False
0.5258060670751022,-1.0732312624243723,False
0.5285896145044242,-1.0717933332933518,False
0.5316241389598858,-1.0705596484363071,False
0.5348826117625054,-1.0695476569690614,False
0.538336121477369,-1.0687727288228979,False
0.5419541312547153,-1.0682480165124983,False
0.545704746045458,-1.067984337604929,False
0.5495549878154907,-1.0679900789398264,False
0.5534710769241772,-1.068271123449334,False
0.5574187178687373,-1.0688308002171771,False
0.5613633876268933,-1.069669858201473,False
0.5652706248545751,-1.0707864638274072,False
0.5691063182132803,-1.072176222435751,False
0.5728369921125644,-1.0738322233533601,False
0.5764300881568911,-1.0757451081342864,False
0.5798542405825674,-1.0779031613069174,False
0.583079543959759,-1.0802924227556074,False
0.5860778114168698,-1.0828968206664364,False
0.5888228216205178,-1.0856983237778828,False
0.5912905527150925,-1.0886771115000446,False
0.5934594013932624,-1.091811760302237,False
0.5953103852355149,-1.0950794446198444,False
0.5968273264264544,-1.098456150398629,False
0.5979970149328728,-1.1019168992795203,False
0.5988093492192599,-1.105435981330345,False
0.5992574525871384,-1.1089871941539278,False
0.5993377632628905,-1.1125440861452536,False
0.5990500964325611,-1.1160802016344884,False
0.5983976765394929,-1.1195693256379908,False
0.5973871383291659,-1.1229857259461578,False
0.5960284953517205,-1.1263043903050163,False
0.5943350749211035,-1.1295012564976288,False
0.592323418882867,-1.1325534332011755,False
0.5900131499596616,-1.135439409585335,False
0.5874268039201225,-1.1381392517264328,False
0.5845896283450583,-1.140634784038695,False
0.581529349332613,-1.1429097540675692,False
0.5782759080756976,-1.144949979149021,False
0.574861169841664,-1.1467434736113995,False
0.5713186084647662,-1.148280555381153,False
0.5676829700040827,-1.149553931048527,False
0.5639899197009623,-1.150558758652438,False
0.5602756767698932,-1.1512926876530258,False
0.5565766418569622,-1.1517558757738386,False
0.5529290221868365,-1.151950982611193,False
0.5493684594835408,-1.1518831401239014,False
0.5459296656889749,-1.151559900330235,False
0.5426460713187701,-1.1509911607487682,False
0.539549490996083,-1.1501890683236604,False
0.5366698103037174,-1.1491679027712363,False
0.5340346976111775,-1.147943940471619,False
0.5316693439864353,-1.1465353002051046,False
0.529596233714529,-1.1449617721963765,False
0.5278349473389677,-1.143244632079193,False
0.526401998538655,-1.1414064415285712,False
0.5253107055718265,-1.1394708374255884,False
0.524571097475495,-1.13746231152076,False
0.5241898547166912,-1.1354059826446767,False
0.5241702835591785,-1.1333273635784886,False
0.5245123230412372,-1.1312521247414034,False
0.5252125831580523,-1.1292058568772123,False
0.5262644126045272,-1.1272138349268124,False
0.5276579942568964,-1.1253007852586991,False
0.5293804664483391,-1.1234906583946338,False
0.5314160680177352,-1.1218064093134665,False
0.5337463050739621,-1.120269787342927,False
0.5363501374128659,-1.1189011375577576,False
0.5392041825427067,-1.1177192154937161,False
0.5422829353096205,-1.1167410168617073,False
0.5455590011614226,-1.115981623805783,False
0.5490033411408392,-1.1154540690942711,False
0.5525855267538612,-1.1151692194662832,False
0.5562740029121751,-1.1151356791778235,False
0.560036357198095,-1.1153597146043432,False
0.5638395937443782,-1.115845200561546,False
0.5676504100584955,-1.1165935888053422,False
0.5714354751505175,-1.1176038989669181,False
0.575161707345202,-1.1188727319717868,False
0.5787965501717234,-1.1203943057843195,False
0.582308244728561,-1.1221605131135113,False
0.5856660969162345,-1.124161000513481,False
0.5888407379169396,-1.1263832681153128,False
0.5918043762780287,-1.128812789037087,False
0.5945310399264111,-1.1314331473381027,False
0.5969968064045378,-1.1342261932129871,False
0.5991800195775656,-1.137172213963233,False
0.6010614910182396,-1.1402501191391474,False
0.6026246842346017,-1.1434376381155975,False
0.6038558798704279,-1.1467115282515221,False
0.6047443199849449,-1.1500477916870195,False
0.6052823295134656,-1.1534218987538336,False
0.6054654130314753,-1.156809015916023,False
0.6052923249993101,-1.160184236118064,False
0.6047651117608894,-1.1635228093980343,False
0.6038891237156887,-1.1668003716240405,False
0.6026729962849751,-1.169993169232726,False
0.6011285985564084,-1.173078277889321,False
0.599270948818355,-1.1760338130489139,False
0.5971180965867168,-1.1788391304778456,False
0.5946909711794424,-1.1814750148915791,False
0.5920131974001651,-1.1839238549801256,False
0.5891108794417645,-1.186169803222962,False
0.5860123546985532,-1.1881989190410471,False
0.582747919764516,-1.1899992939925885,False
0.579349531474284,-1.1915611578899994,False
0.5758504863915739,-1.1928769648963395,False
0.5722850826446032,-1.1939414588486312,False
0.5686882684284804,-1.1947517172508997,False
0.5650952818221507,-1.1953071735797183,False
0.5615412867871551,-1.1956096177474713,False
0.5580610103168965,-1.1956631747715627,False
0.5546883856833761,-1.1954742618994887,False
0.5514562065842679,-1.1950515246381739,False
0.5483957967332259,-1.1944057523294527,False
0.5455366990721745,-1.1935497741003194,False
0.5429063883321014,-1.19249833619494,False
0.5405300101479664,-1.191267961863842,False
0.5384301493651263,-1.1898767951427793,False
0.5366266295812695,-1.1883444299981194,False
0.5351363453706871,-1.186691726446054,False
0.5339731280564902,-1.1849406153683715,False
0.5331476453481271,-1.1831138938469976,False
0.5326673346599524,-1.1812350129221725,False
0.532536369481653,-1.1793278597443126,False
0.5327556577892881,-1.1774165361367461,False
0.5333228711692228,-1.175525135615229,False
0.534232503075796,-1.173677520920216,False
0.535475954453945,-1.1718971041091932,False
0.537041644824944,-1.1702066312290855,False
0.538915146850146,-1.1686279735430793,False
0.5410793423466234,-1.1671819272225854,False
0.5435145977219719,-1.1658880233340838,False
0.5461989568156034,-1.164764349853002,False
0.5491083491733721,-1.1638273873234684,False
0.55221681183491,-1.1630918596548034,False
0.5554967227729999,-1.162570601404136,False
0.5589190441870386,-1.1622744427408611,False
0.5624535739144111,-1.1622121131242062,False
0.5660692032814909,-1.1623901645514398,False
0.5697341797678261,-1.1628129150528517,False
0.5734163729012614,-1.163482412922197,False
0.5770835418371695,-1.1643984219795598,False
0.5807036031008305,-1.1655584279692908,False
0.5842448969877938,-1.1669576660006051,False
0.5876764511224913,-1.1685891687443462,False
0.5909682396703186,-1.1704438349081308,False
0.5940914366829891,-1.1725105173253219,False
0.5970186620315818,-1.1747761298127508,False
0.5997242183471293,-1.1772257717794834,False
0.6021843173461017,-1.1798428694057976,False
0.6043772938696605,-1.1826093320594082,False
0.606283805913759,-1.1855057224762668,False
0.6078870188756434,-1.1885114391072795,False
0.6091727721955936,-1.1916049089212106,False
0.610129726536371,-1.1947637888589369,False
0.6107494896232945,-1.197965174055979,False
0.6110267188724005,-1.2011858108896396,False
0.6109591989705803,-1.2044023128647092,False
0.6105478926479494,-1.2075913773279727,False
0.6097969630067167,-1.2107300009969408,False
0.6087137659494295,-1.2137956923023674,False
0.6073088114881716,-1.21676667857711,False
0.6055956930185414,-1.2196221061754184,False
0.6035909840087946,-1.2223422316763044,False
0.6013141019830079,-1.2249086024115836,False
0.5987871401615162,-1.2273042246626127,False
0.59603466765247,-1.2295137179886557,False
0.5930834996517709,-1.231523454283,False
0.5899624396881554,-1.2333216802990696,False
0.5867019965264599,-1.2348986225463776,False
0.5833340788939707,-1.2362465736236317,False
0.5798916717005237,-1.2373599592319893,False
0.5764084978615638,-1.2382353852935883,False
0.5729186701855897,-1.238871664787275,False
0.5694563380374084,-1.2392698241030797,False
0.5660553336248012,-1.2394330889076388,False
0.5627488227720817,-1.2393668497026198,False
0.5595689649386643,-1.2390786074455133,False
0.5565465870188648,-1.2385778997851897,False
0.553710875130684,-1.2378762086417532,False
0.5510890881808524,-1.236986850029883,False
0.5487062964991062,-1.2359248471855588,False
0.5465851482870274,-1.2347067882064688,False
0.5447456660475224,-1.2333506695551821,False
0.5432050745714816,-1.2318757269002196,False
0.5419776614785569,-1.2303022548823708,False
0.5410746707569223,-1.2286514174911078,False
0.5405042292371354,-1.2269450508178736,False
0.5402713054788502,-1.225205460018742,False
0.5403777001536643,-1.223455212367887,False
0.54082206667666,-1.2217169283150622,False
0.541599960573791,-1.2200130724746299,False
0.5427039158699148,-1.2183657464704676,False
0.5441235466384103,-1.2167964855403757,False
0.5458456717617883,-1.2153260607656011,False
0.5478544609061712,-1.2139742887361409,False
0.5501315997032441,-1.2127598503910864,False
0.5526564721534477,-1.211700120686094,False
0.5554063583062684,-1.2108110106378855,False
0.5583566453307267,-1.2101068231794694,False
0.5614810501554378,-1.2096001241305574,False
0.56475185192784,-1.2093016294466508,False
0.568140132612077,-1.20922010975875,False
0.5716160241111932,-1.2093623130550133,False
0.5751489603591432,-1.2097329061874051,False
0.5787079328796383,-1.210334435711992,False
0.5822617483506305,-1.2111673083926462,False
0.5857792867442448,-1.2122297915161409,False
0.5892297586315427,-1.213518032983649,False
0.5925829602492291,-1.2150261009611238,False
0.5958095249211564,-1.2167460426906682,False
0.5988811694113428,-1.218667961888388,False
0.601770933757637,-1.2207801139830488,False
0.6044534130969493,-1.2230690182856394,False
0.60690497994546,-1.2255195860242512,False
0.6091039953423393,-1.2281152630329162,False
0.6110310072059909,-1.2308381857485906,False
0.6126689341911895,-1.2336693490485635,False
0.6140032332782327,-1.2365887843523777,False
0.6150220492767988,-1.2395757463188826,False
0.6157163443939979,-1.2426089063911936,False
0.616080006005259,-1.2456665513808798,False
0.6161099307859944,-1.2487267852382045,False
0.6158060834193937,-1.2517677321281901,False
0.6151715281990313,-1.2547677389229093,False
0.6142124320013786,-1.257705575228847,False
0.6129380373185542,-1.2605606290943667,False
0.6113606043197485,-1.2633130965859858,False
0.609495321252077,-1.2659441634829318,False
0.6073601828966155,-1.2684361774166815,False
0.6049758372580167,-1.2707728088751518,False
0.6023654011777081,-1.2729391995989499,False
0.5995542461089534,-1.2749220970185464,False
0.5965697558613113,-1.2767099735151575,False
0.5934410586938212,-1.278293129433182,False
0.5901987366900957,-1.2796637789267458,False
0.5868745158630934,-1.2808161178857198,False
0.5835009408915678,-1.281746373355868,False
0.5801110387645944,-1.2824528340418586,False
0.5767379758884768,-1.2829358616590498,False
0.5734147133790255,-1.2831978830785076,False
0.5701736653137628,-1.2832433633879448,False
0.5670463646504833,-1.2830787601675138,False
0.564063141333757,-1.282712459452022,False
0.5612528168176958,-1.2821546940186201,False
0.5586424188446395,-1.281417444799847,False
0.5562569198522367,-1.280514326374715,False
0.5541190018553105,-1.2794604576339632,False
0.5522488500849929,-1.2782723188484963,False
0.5506639770872126,-1.276967596491235,False
0.5493790784060328,-1.2755650172711468,False
0.5484059204229275,-1.27408417293318,False
0.5477532604063563,-1.2725453374584372,False
0.5474267983591979,-1.2709692783645063,False
0.5474291598433105,-1.2693770638559034,False
0.5477599086157766,-1.2677898676086414,False
0.5484155876318986,-1.2662287729907646,False
0.5493897867544522,-1.2647145785221212,False
0.5506732353533261,-1.2632676063617092,False
0.5522539178788389,-1.261907515579751,False
0.5541172104388437,-1.2606531219245263,False
0.5562460363965539,-1.2595222257313536,False
0.5586210390250284,-1.2585314495435262,False
0.5612207692977439,-1.2576960869231877,False
0.564021886955519,-1.2570299638249152,False
0.5669993730617698,-1.2565453137871274,False
0.5701267523350604,-1.25625266806742,False
0.5733763236254408,-1.2561607617087425,False
0.5767193969752653,-1.256276456375231,False
0.5801265357729947,-1.2566046806408688,False
0.5835678025675387,-1.2571483882523717,False
0.5870130071592246,-1.2579085347212806,False
0.5904319556202107,-1.258884072430703,False
0.5937946989212288,-1.2600719642710367,False
0.5970717798524102,-1.2614672156478968,False
0.600234476923402,-1.2630629245359182,False
0.6032550439121076,-1.264850349085684,False
0.6061069437026121,-1.266818992129244,False
0.6087650750120339,-1.268956701774067,False
0.611205990554526,-1.2712497871272026,False
0.613408105130407,-1.2736831480523354,False
0.6153518920621219,-1.276240417733555,False
0.6170200663299603,-1.2789041167022661,False
0.6183977526936175,-1.281655816878825,False
0.6194726370261627,-1.2844763140891977,False
0.6202350990410523,-1.2873458074400812,False
0.6206783245675899,-1.2902440838742337,False
0.6207983955333481,-1.2931507061818417,False
0.6205943558515253,-1.2960452027140563,False
0.6200682514948627,-1.2989072570316667,False
0.6192251431728734,-1.301716895725382,False
0.6180730902218857,-1.3044546726643513,False
0.6166231045721091,-1.3071018479661691,False
0.6148890739747028,-1.309640560034351,False
0.6128876540537902,-1.3120539890775933,False
0.6106381291894218,-1.31432651060838,False
0.608162242729979,-1.3164438375158327,False
0.605483997565128,-1.3183931494181291,False
0.6026294286485641,-1.3201632081222352,False
0.5996263496258054,-1.3217444581518454,False
0.596504076276525,-1.3231291114469712,False
0.5932931300023682,-1.3243112154891,False
0.5900249250589867,-1.325286704262774,False
0.5867314436253326,-1.3260534316262278,False
0.5834449031068253,-1.3266111868287807,False
0.580197420268101,-1.3269616920794363,False
0.5770206768764502,-1.3271085822379296,False
0.5739455915046797,-1.3270573668648076,False
0.5710020019933123,-1.3268153750294114,False
0.5682183628134163,-1.3263916834324685,False
0.5656214612144465,-1.3257970285519178,False
0.5632361556018318,-1.325043703665334,False
0.5610851390853031,-1.3241454417385798,False
0.5591887305915376,-1.323117285297006,False
0.5575646953647023,-1.3219754445115321,False
0.5562280961063439,-1.3207371448363647,False
0.5551911754506181,-1.3194204656270418,False
0.5544632699483989,-1.3180441712462205,False
0.5540507552574906,-1.3166275362294864,False
0.5539570218157529,-1.3151901661339298,False
0.5541824799155599,-1.3137518157279058,False
0.5547245928044205,-1.3123322062009777,False
0.5555779362074894,-1.3109508430783734,False
0.5567342825001217,-1.3096268365143362,False
0.5581827076476283,-1.3083787256136155,False
0.5599097189684571,-1.3072243083902633,False
0.5618994017587888,-1.3061804789182345,False
0.5641335828331502,-1.3052630731595332,False
0.5665920090793567,-1.3044867248734293,False
0.5692525391894363,-1.303864732915339,False
0.5720913468043657,-1.3034089411271705,False
0.5750831333934329,-1.3031296319032812,False
0.5782013492736173,-1.303035434388713,False
0.5814184212562546,-1.3031332481302764,False
0.5847059854838874,-1.303428182857536,False
0.5880351240868694,-1.3039235149211683,False
0.5913766043448483,-1.3046206607618562,False
0.5947011190811615,-1.3055191676252687,False
0.5979795270473555,-1.30661672157921,False
0.6011830920697828,-1.3079091727291476,False
0.6042837197302404,-1.3093905773695265,False
0.6072541903379014,-1.3110532566519906,False
0.6100683869207942,-1.3128878711993288,False
0.6127015169226302,-1.3148835109469976,False
0.6151303262362475,-1.3170277993538657,False
0.6173333041403006,-1.3193070109916196,False
0.6192908776337737,-1.3217062013993457,False
0.6209855935869307,-1.324209347977279,False
0.6224022870518482,-1.3267995005926632,False
0.6235282340059778,-1.3294589404820498,False
0.6243532867445013,-1.3321693459590276,False
0.6248699900985271,-1.334911963375042,False
0.6250736766440819,-1.3376677817342366,False
0.6249625390892923,-1.3404177093315894,False
0.624537678092074,-1.3431427507673395,False
0.6238031238754449,-1.3458241826899884,False
0.6227658301786567,-1.3484437266350222,False
0.6214356393145002,-1.3509837173568027,False
0.6198252173989531,-1.3534272650965409,False
0.617949959178763,-1.3557584102894282,False
0.6158278623022392,-1.3579622692882733,False
0.6134793713518184,-1.3600251697686236,False
0.6109271924735564,-1.3619347745804589,False
0.6081960799849008,-1.3636801929230995,False
0.6053125969012828,-1.3652520778418487,False
0.6023048518751758,-1.3666427091758342,False
0.5992022155678963,-1.3678460612252055,False
0.5960350199537803,-1.3688578545508712,False
0.5928342444685337,-1.3696755914698766,False
0.5896311932406999,-1.3702985749628311,False
0.5864571678727014,-1.3707279108650159,False
0.5833431403553913,-1.3709664933684147,False
0.5803194307019766,-1.3710189740164702,False
0.5774153937733273,-1.370891714525424,False
0.5746591195421052,-1.3705927239142728,False
0.5720771507178294,-1.3701315805683607,False
0.5696942212431958,-1.369519339998149,False
0.5675330186912293,-1.3687684291836333,False
0.5656139730629218,-1.3678925285150858,False
0.5639550739266121,-1.3669064424513118,False
0.5625717172739679,-1.3658259601165192,False
0.5614765829122423,-1.3646677071453737,False
0.5606795426854299,-1.3634489901621512,False
0.5601875993321347,-1.3621876353434823,False
0.5600048553560828,-1.3609018225644947,False
0.5601325109135697,-1.3596099166647893,False
0.560568889414504,-1.3583302973933646,False
0.5613094892907884,-1.3570811896001174,False
0.5623470602055051,-1.3558804952358698,False
0.5636717018543781,-1.3547456287030482,False
0.5652709834413583,-1.3536933570653529,False
0.5671300818857329,-1.3527396465773276,False
0.5692319368312508,-1.351899516934072,False
0.5715574205704834,-1.3511869045680138,False
0.5740855210623992,-1.350614536234311,False
0.5767935363007816,-1.3501938140298688,False
0.5796572783792538,-1.3499347128840176,False
0.5826512856896663,-1.3498456914425612,False
0.5857490417796749,-1.3499336171422476,False
0.5889231994785895,-1.3502037061408632,False
0.592145808974784,-1.3506594786303034,False
0.5953885485907326,-1.351302729917421,False
0.5986229570511621,-1.3521335175114415,False
0.6018206660745954,-1.3531501643086712,False
0.6049536321378323,-1.3543492778164032,False
0.6079943662662143,-1.355725785209755,False
0.6109161606898196,-1.3572729838689896,False
0.613693311177389,-1.3589826069020339,False
0.6163013338166349,-1.360844903018735,False
0.6187171749529817,-1.362848729991155,False
0.62091941293071,-1.364981660809138,False
0.6228884502035954,-1.3672301015236554,False
0.6246066942999394,-1.3695794196631255,False
0.6260587260436977,-1.372014082011059,False
0.6272314533545025,-1.3745178004478675,False
0.6281142488808157,-1.3770736844863778,False
0.6286990696692265,-1.379664399070144,False
0.6289805570464863,-1.3822723261567254,False
0.6289561148972662,-1.3848797285750667,False
0.6286259645677116,-1.3874689146274064,False
0.6279931747202268,-1.390022401901862,False
0.627063664615213,-1.3925230787721103,False
0.6258461795057996,-1.3949543620852736,False
0.6243522371051692,-1.3973003495780176,False
0.6225960444233662,-1.3995459656135656,False
0.6205943846690821,-1.4016770988983367,False
0.6183664743659586,-1.4036807309155228,False
0.6159337913331945,-1.4055450539033627,False
0.6133198747138944,-1.4072595773072043,False
0.6105500987859416,-1.408815221745639,False
0.6076514228409062,-1.410204399650909,False
0.6046521199467062,-1.4114210818711885,False
0.6015814878989096,-1.4124608496559437,False
0.5984695460936635,-1.4133209315840236,False
0.5953467224040192,-1.4140002251360535,False
0.5922435343954927,-1.414499302756678,False
0.5891902693645729,-1.414820402396869,False
0.5862166677187142,-1.4149674026704637,False
0.583351614136425,-1.4149457829010115,False
0.5806228407548769,-1.4147625684735838,False
0.5780566463385326,-1.4144262620401935,False
0.5756776349985153,-1.4139467612557217,False
0.5735084775753011,-1.413335263842638,False
0.5715696982857451,-1.4126041608963378,False
0.5698794886897458,-1.4117669194476288,False
0.5684535504724236,-1.4108379553939492,False
0.5673049679839619,-1.4098324979955146,False
0.5664441109487977,-1.4087664472060846,False
0.5658785672634624,-1.4076562251698392,False
0.5656131053598068,-1.4065186232654487,False
0.565649665225859,-1.405370646115432,False
0.565987376855055,-1.4042293540030253,False
0.5666226046376851,-1.4031117051498396,False
0.567549016014942,-1.4020343993054905,False
0.5687576725823047,-1.4010137240851754,False
0.5702371417497212,-1.4000654054629826,False
0.5719736270344074,-1.3992044637878112,False
0.5739511150704778,-1.398445076635517,False
0.5761515374602671,-1.3978004497457739,False
0.5785549456572533,-1.397282697215708,False
0.5811396971526169,-1.3969027320353509,False
0.5838826513298819,-1.3966701679531257,False
0.5867593734487522,-1.3965932335538096,False
0.5897443453150337,-1.3966786993176825,False
0.5928111812840217,-1.3969318183088884,False
0.5959328483264001,-1.3973562810145226,False
0.5990818889557151,-1.3979541847247479,False
0.6022306458726833,-1.3987260177095604,False
0.6053514872223915,-1.3996706583108725,False
0.6084170313847811,-1.4007853889306479,False
0.6114003702260735,-1.4020659247581357,False
0.6142752897288528,-1.4035064569431097,False
0.6170164868916626,-1.4050997097886602,False
0.6195997817460008,-1.4068370114077435,False
0.6220023232808336,-1.4087083771635696,False
0.6242027879941527,-1.4107026050961526,False
0.626181569710327,-1.4128073824270753,False
0.6279209592144868,-1.4150094021327269,False
0.6294053121652093,-1.4172944884839858,False
0.6306212036595381,-1.4196477303683366,False
0.6315575677458874,-1.422053621139591,False
0.6322058201175113,-1.4244962036813613,False
0.6325599621794399,-1.426959219323807,False
0.6326166646729802,-1.4294262592194087,False
0.6323753290720622,-1.4318809167629387,False
0.6318381250424977,-1.434306939633627,False
0.6310100023855081,-1.4366883800438368,False
0.6298986760761495,-1.4390097417983103,False
0.6285145832591357,-1.441256122801046,False
0.626870811380245,-1.4434133516927843,False
0.6249829970092458,-1.4454681173604613,False
0.6228691953451562,-1.4474080901302442,False
0.6205497208782729,-1.4492220335371584,False
0.6180469602039881,-1.450899905656048,False
0.6153851585260497,-1.4524329490796934,False
0.6125901819341163,-1.4538137687393333,False
0.6096892580728436,-1.4550363968794622,False
0.6067106983170729,-1.4560963446213901,False
0.6036836050099896,-1.456990639677459,False
0.6006375676897172,-1.4577178499086567,False
0.5976023525087023,-1.4582780925514367,False
0.5946075892269048,-1.4586730290734775,False
0.5916824602261824,-1.4589058457516513,False
0.5888553959462106,-1.458981220197356,False
0.5861537809838285,-1.4589052741833888,False
0.5836036748348834,-1.458685513251539,False
0.5812295509020324,-1.4583307536999666,False
0.5790540569588788,-1.4578510376631815,False
0.5770977997684003,-1.4572575371040748,False
0.5753791560216085,-1.4565624476361296,False
0.5739141112110411,-1.4557788731838113,False
0.5727161275026071,-1.454920702569522,False
0.5717960411365073,-1.4540024791857462,False
0.5711619893889852,-1.4530392649705406,False
0.5708193666741357,-1.4520464999529126,False
0.5707708089681797,-1.451039858671447,False
0.571016205403415,-1.450035104794548,False
0.5715527356081062,-1.449047945283631,False
0.5723749311615541,-1.4480938854414647,False
0.5734747593876655,-1.447188086176598,False
0.5748417276206178,-1.4463452247915598,False
0.5764630060363609,-1.4455793605674632,False
0.5783235671463783,-1.4449038063711197,False
0.5804063400875323,-1.4443310074531799,False
0.5826923779061176,-1.4438724285376783,False
0.5851610361177907,-1.443538450225286,False
0.5877901609208281,-1.4433382756452713,False
0.590556285541755,-1.4432798481954099,False
0.5934348332942425,-1.4433697811057549,False
0.596400326029512,-1.4436132994522026,False
0.5994265967453565,-1.444014195130164,False
0.6024870051981283,-1.4445747951784453,False
0.6055546554251408,-1.4452959437197341,False
0.6086026141320542,-1.4461769976580146,False
0.6116041289296619,-1.447215836145963,False
0.6145328454163038,-1.4484088837080489,False
0.6173630220956265,-1.4497511467788773,False
0.6200697420948039,-1.4512362632924063,False
0.6226291206063517,-1.4528565648372127,False
0.6250185069186108,-1.454603150777066,False
0.6272166798277505,-1.4564659736257972,False
0.6292040351403706,-1.4584339348618365,False
0.6309627638838677,-1.4604949902718185,False
0.6324770197458844,-1.46263626382523,False
0.6337330741695072,-1.4648441690040237,False
0.634719457443373,-1.4671045364432027,False
0.6354270840522408,-1.469402746681243,False
0.6358493605013138,-1.4717238667734338,False
0.6359822738045311,-1.4740527894872224,False
0.635824458841154,-1.4763743737767978,False
0.6353772428440683,-1.4786735852246633,False
0.634644665394297,-1.4809356351409355,False
0.6336334724651603,-1.4831461170265408,False
0.632353083290354,-1.485291139134224,False
0.630815529124736,-1.4873574519010575,False
0.6290353633238326,-1.4893325690775379,False
0.6270295425838258,-1.4912048814408796,False
0.6248172796506235,-1.4929637620530856,False
0.622419868313633,-1.4945996621070723,False
0.6198604820330645,-1.4961041964956727,False
0.6171639480922031,-1.4974702183377886,False
0.6143564996993701,-1.4986918818022916,False
0.611465508968325,-1.499764692682366,False
0.6085192041607,-1.500685546289714,False
0.6055463749608282,-1.5014527523582135,False
0.6025760698553613,-1.5020660467690274,False
0.5996372898940223,-1.5025265900326175,False
0.5967586832044461,-1.5028369525864071,False
0.5939682446188799,-1.503001087088826,False
0.5912930246441185,-1.5030242880099969,False
0.588758851774036,-1.502913138935353,False
0.5863900718166719,-1.5026754481099407,False
0.5842093074992278,-1.5023201728571551,False
0.5822372411417395,-1.5018573336052363,False
0.5804924226727972,-1.5012979183472515,False
0.578991104718485,-1.5006537784447211,False
0.5777471059483941,-1.4999375167608555,False
0.5767717033284976,-1.4991623691759646,False
0.5760735534260814,-1.4983420805944554,False
0.5756586424501939,-1.4974907765995031,False
0.5755302643024589,-1.4966228319476191,False
0.57568902556447,-1.4957527371206558,False
0.5761328760629514,-1.494894964167105,False
0.5768571634330181,-1.4940638330677458,False
0.5778547099411179,-1.4932733798527849,False
0.5791159097283242,-1.4925372276786693,False
0.5806288445856873,-1.4918684620429241,False
0.5823794163692708,-1.4912795112749373,False
0.584351494195631,-1.4907820333899346,False
0.5865270746209242,-1.4903868103329234,False
0.5888864530908089,-1.4901036505696599,False
0.591408405046497,-1.4899413009033418,False
0.5940703751780364,-1.4899073683094508,False
0.5968486734231688,-1.4900082524877336,False
0.5997186764138147,-1.4902490897305787,False
0.6026550331680103,-1.490633708601905,False
0.6056318739094438,-1.4911645978110848,False
0.6086230209668011,-1.4918428865533917,False
0.6116022007587731,-1.4926683374729979,False
0.6145432559063128,-1.4936393522877294,False
0.6174203565305653,-1.4947529899976666,False
0.6202082097924345,-1.4960049974833542,False
0.6228822667080836,-1.4973898521849003,False
0.6254189252344486,-1.4989008164416926,False
0.6277957285613025,-1.500530002964846,False
0.6299915574734093,-1.5022684508118345,False
0.6319868155604144,-1.5041062111360242,False
0.6337636059566858,-1.5060324418938986,False
0.6353058981924915,-1.508035510610529,False
0.6365996836367313,-1.5101031042300583,False
0.6376331179157898,-1.5122223450133618,False
0.6383966486096441,-1.5143799113902328,False
0.638883126462486,-1.5165621626289656,False
0.6390878983086423,-1.5187552661525157,False
0.6390088799135037,-1.52094532630783,False
0.6386466069713629,-1.5231185133837188,False
0.638004262594753,-1.5252611916728795,False
0.637087679779159,-1.527360045385413,False
0.6359053175374075,-1.5294022012442634,False
0.6344682096718679,-1.5313753466272557,False
0.6327898854895808,-1.533267842165437,False
0.630886262162177,-1.5350688277628086,False
0.6287755088823433,-1.5367683210676664,False
0.6264778834616814,-1.5383573075000077,False
0.6240155425378826,-1.5398278210219922,False
0.621412327096274,-1.541173014928445,False
0.6186935255437795,-1.5423872220308803,False
0.6158856170827104,-1.5434660037105334,False
0.6130159985976897,-1.5444061874223383,False
0.6101126986723746,-1.5452058923415994,False
0.6072040826762957,-1.5458645429571767,False
0.6043185530919152,-1.5463828705282066,False
0.6014842493776087,-1.5467629024346323,False
0.5987287516779628,-1.5470079395640237,False
0.5960787925977576,-1.5471225219873,False
0.593559981054454,-1.5471123832830154,False
0.5911965419248294,-1.5469843939729035,False
0.589011074817611,-1.5467464946294982,False
0.5870243348518271,-1.546407619309036,False
0.5852550378186722,-1.5459776100487608,False
0.5837196915726126,-1.5454671232464778,False
0.5824324549549639,-1.5448875288111394,False
0.5814050250188776,-1.5442508030358373,False
0.5806465528153784,-1.543569416198338,False
0.5801635875299516,-1.5428562159388275,False
0.5799600483393048,-1.542124307499484,False
0.5800372229961764,-1.5413869319356246,False
0.5803937918510055,-1.5406573434232747,False
0.5810258757843484,-1.539948686792989,False
0.5819271063519096,-1.5392738764145866,False
0.5830887163312592,-1.5386454775421918,False
0.5844996488004075,-1.5380755912037667,False
0.5861466828666,-1.5375757436843678,False
0.5880145741915214,-1.5371567816080016,False
0.5900862085186057,-1.5368287735695612,False
0.5923427664915359,-1.536600919206381,False
0.5947638981526807,-1.5364814665290016,False
0.5973279056192031,-1.5364776382533987,False
0.6000119325465754,-1.536595567792925,False
0.6027921590987252,-1.5368402454782546,False
0.605644001246347,-1.5372154754785536,False
0.6085423133061069,-1.5377238437977698,False
0.6114615927104422,-1.5383666976172405,False
0.614376186057964,-1.5391441361507088,False
0.6172604955363488,-1.5400550130712534,False
0.6200891848318919,-1.5410969504625764,False
0.6228373836419996,-1.5422663641405168,False
0.6254808898888006,-1.5435585000855645,False
0.6279963686943059,-1.544967481624505,False
0.6303615471212889,-1.546486366900078,False
0.632555403611094,-1.548107216072621,False
0.6345583509624196,-1.549821167607968,False
0.6363524115970259,-1.5516185229222408,False
0.6379213837533988,-1.553488838577394,False
0.6392509971425817,-1.55542102515219,False
0.6403290564975007,-1.5574034518523527,False
0.6411455713547042,-1.5594240558715797,False
0.6416928703328544,-1.5614704554723815,False
0.6419656981232867,-1.5635300657228022,False
0.6419612933925409,-1.565590215802281,False
0.6416794458228905,-1.5676382667774849,False
0.6411225305919388,-1.5696617287470032,False
0.6402955187227234,-1.5716483762623827,False
0.6392059619263537,-1.5735863609520149,False
0.6378639508128655,-1.5754643203036758,False
0.6362820456630142,-1.577271481600775,False
0.6344751793315987,-1.5789977600561764,False
0.6324605322857799,-1.580633850245327,False
0.6302573802606471,-1.582171310006728,False
0.6278869155266785,-1.5836026360518516,False
0.6253720432945243,-1.5849213306076213,False
0.6227371553141939,-1.5861219585017126,False
0.6200078832391671,-1.58720019419326,False
0.6172108348015063,-1.588152858348118,False
0.6143733162625288,-1.5889779436576141,False
0.6115230449474273,-1.5896746297017559,False
0.6086878559264753,-1.5902432867610459,False
0.6058954070588548,-1.5906854685844583,False
0.6031728866607369,-1.591003894223705,False
0.6005467279949228,-1.5912024191447194,False
0.5980423346079047,-1.5912859959254138,False
0.5956838202692312,-1.5912606249433143,False
0.5934937669093618,-1.5911332955468758,False
0.5914930035210898,-1.5909119182893299,False
0.5897004085039338,-1.5906052488831721,False
0.5881327374099107,-1.5902228046061788,False
0.586804477512422,-1.5897747739556216,False
0.5857277300864766,-1.589271920405608,False
0.5849121207754021,-1.588725481172767,False
0.5843647379414079,-1.5881470619374682,False
0.5840900984668218,-1.587548528501088,False
0.5840901400982946,-1.5869418963842643,False
0.5843642391132592,-1.5863392193864756,False
0.5849092518388032,-1.5857524781334817,False
0.5857195783673881,-1.5851934696361902,False
0.5867872466886147,-1.584673698872366,False
0.5881020153865657,-1.5842042733814197,False
0.5896514930318562,-1.5837958018324718,False
0.5914212724190104,-1.5834582974872546,False
0.5933950778553849,-1.5832010874325348,False
0.5955549237896095,-1.58303272840202,False
0.5978812831677083,-1.5829609299456264,False
0.6003532640164505,-1.5829924856351074,False
0.6029487928694425,-1.5831332129199547,False
0.6056448037661746,-1.583387902166885,False
0.6084174316625955,-1.5837602753308175,False
0.6112422091895889,-1.5842529546158177,False
0.6140942657794792,-1.5848674413918218,False
0.6169485282477045,-1.585604105537926,False
0.6197799219650084,-1.5864621852864713,False
0.6225635717835626,-1.587439797544972,False
0.625275001887558,-1.5885339585760163,False
0.6278903337248302,-1.5897406148194944,False
0.6303864811414406,-1.5910546835477828,False
0.6327413417868859,-1.5924701029536836,False
0.634933983785443,-1.5939798911838592,False
0.6369448265815373,-1.5955762137480058,False
0.6387558147671132,-1.597250458656873,False
0.6403505835908119,-1.59899331857119,False
0.6417146147371972,-1.6007948791792697,False
0.6428353808549788,-1.6026447129641825,False
0.6437024772127333,-1.604531977472439,False
0.6443077387761544,-1.6064455171556167,False
0.6446453409401908,-1.6083739678246878,False
0.6447118821205059,-1.6103058627342905,False
0.6445064464195525,-1.6122297393010683,False
0.6440306446407335,-1.6141342454566119,False
0.6432886320362441,-1.6160082446415427,False
0.642287101345569,-1.6178409184627984,False
0.6410352499155336,-1.6196218660610904,False
0.6395447199902707,-1.6213411992695301,False
0.6378295116185771,-1.6229896326872297,False
0.6359058680419362,-1.6245585678428118,False
0.6337921338906838,-1.6260401706816805,False
0.6315085870169711,-1.6274274416769843,False
0.6290772453168584,-1.628714277936739,False
0.6265216504232013,-1.6298955267577915,False
0.6238666306673502,-1.630967030160378,False
0.621138046191597,-1.6319256600240744,False
0.6183625195265597,-1.6327693435360442,False
0.6155671553103085,-1.6334970787547394,False
0.6127792531034784,-1.6341089401856481,False
0.6100260174346549,-1.6346060743594146,False
0.607334269284892,-1.6349906854957343,False
0.6047301631859215,-1.6352660114280049,False
0.602238913964916,-1.6354362900529307,False
0.5998845369258154,-1.6355067166553605,False
0.5976896049238772,-1.635483392540814,False
0.5956750253805296,-1.635373265485778,False
0.5938598398169112,-1.6351840625882537,False
0.5922610479754509,-1.6349242161676787,False
0.5908934580689404,-1.6346027834236962,False
0.5897695641648109,-1.6342293606168548,False
0.5888994511963702,-1.6338139925808035,False
0.5882907276081187,-1.6333670784145544,False
0.5879484852016355,-1.6328992742346429,False
0.587875285361619,-1.6324213938903072,False
0.5880711705148441,-1.6319443085599714,False
0.5885336994113693,-1.6314788461542484,False
0.5892580046175793,-1.6310356914493496,False
0.5902368704723995,-1.6306252878652205,False
0.5914608296769147,-1.6302577417850128,False
0.5929182766577141,-1.6299427302868033,False
0.5945955958585467,-1.6296894131250184,False
0.5964773031655186,-1.6295063497580982,False
0.5985461987502158,-1.6294014221708977,False
0.6007835297148723,-1.6293817641855985,False
0.603169161036606,-1.6294536978939673,False
0.6056817534269,-1.6296226777771856,False
0.6082989468417355,-1.6298932430077908,False
0.6109975484917135,-1.6302689783521274,False
0.6137537243055277,-1.630752484011823,False
0.6165431928905055,-1.6313453546598706,False
0.6193414211075898,-1.6320481678416663,False
0.6221238204328073,-1.6328604818246317,False
0.6248659433113455,-1.6337808428925675,False
0.6275436787228832,-1.6348068019935103,False
0.63013344616746,-1.6359349405633519,False
0.632612387250223,-1.6371609052626561,False
0.6349585539917942,-1.6384794512817464,False
0.6371510929203855,-1.6398844937900188,False
0.6391704239144632,-1.641369167030297,False
0.6409984126638691,-1.6429258904885975,False
0.6426185355067211,-1.6445464415045943,False
0.644016035283937,-1.646222033628985,False
0.645178066738438,-1.6479433999814344,False
0.6460938298784121,-1.6497008808173341,False
0.6467546896305859,-1.6514845144737063,False
0.6471542800379335,-1.6532841308345887,False
0.6472885912146887,-1.6550894464344688,False
0.6471560372679072,-1.6568901603050188,False
0.646757503436893,-1.658676049665664,False
0.6460963707963943,-1.6604370645624487,False
0.6451785170222093,-1.6621634205722255,False
0.6440122919325556,-1.6638456887102582,False
0.6426084667967498,-1.6654748817086682,False
0.6409801567432973,-1.6670425358705014,False
0.6391427159981632,-1.668540787749103,False
0.6371136061333882,-1.6699624449545316,False
0.6349122379956842,-1.6713010504473298,False
0.6325597885005361,-1.6725509397444773,False
0.6300789940034415,-1.6737072905320929,False
0.6274939224781072,-1.6747661642536575,False
0.6248297272225071,-1.6757245393204308,False
0.6221123852584223,-1.6765803356714752,False
0.619368423970225,-1.6773324304934727,False
0.6166246398280474,-1.6779806649944364,False
0.613907813246078,-1.6785258422096716,False
0.6112444237293768,-1.6789697159020744,False
0.6086603694576763,-1.679314970701295,False
0.6061806953422993,-1.6795651937066582,False
0.6038293333775383,-1.679724837856321,False
0.6016288588000234,-1.6797991774392789,False
0.5996002651820417,-1.6797942561968893,False
0.5977627611337147,-1.6797168285260098,False
0.5961335907927244,-1.6795742943561225,False
0.5947278797580813,-1.6793746283274973,False
0.593558507595382,-1.6791263039461264,False
0.5926360075230873,-1.6788382134334807,False
0.5919684933986074,-1.678519584024828,False
0.5915616136729173,-1.6781798914986306,False
0.5914185315835198,-1.6778287717412483,False
0.5915399305151481,-1.6774759311656435,False
0.5919240431797994,-1.677131056809946,False
0.5925667030536671,-1.6768037269415434,False
0.5934614163567806,-1.6765033229848463,False
0.5945994527679511,-1.676238943576097,False
0.5959699530274322,-1.6760193215267083,False
0.597560051585781,-1.675852744447793,False
0.5993550125021896,-1.6757469797530513,False
0.6013383768710758,-1.675709204715314,False
0.6034921201540837,-1.6757459422041694,False
0.6057968179081401,-1.675863002678628,False
0.6082318185217495,-1.6760654329501894,False
0.6107754216947849,-1.6763574721684804,False
0.6134050615159461,-1.6767425154143802,False
0.6160974931019052,-1.6772230852148517,False
0.6188289818588327,-1.6778008112201792,False
0.6215754945071925,-1.6784764182086453,False
0.6243128910718473,-1.6792497225065315,False
0.6270171170797885,-1.680119636833416,False
0.629664395226021,-1.681084183504771,False
0.6322314157638089,-1.6821405158465503,False
0.6346955248487504,-1.6832849476005156,False
0.6370349100178327,-1.684512990025192,False
0.6392287819162059,-1.6858193963262535,False
0.6412575512981505,-1.6871982129824799,False
0.6431030002275905,-1.6886428374698654,False
0.644748446291341,-1.690146081827569,False
0.6461788985197267,-1.6917002414557782,False
0.6473812035897679,-1.693297168487717,False
0.6483441807721123,-1.6949283490364404,False
0.6490587439813299,-1.6965849835821458,False
0.6495180092077102,-1.6982580697378407,False
0.6497173855552929,-1.699938486610634,False
0.6496546480936103,-1.7016170799628776,False
0.6493299907572984,-1.7032847473720216,False
0.6487460576054942,-1.7049325225904264,False
0.6479079508876343,-1.7065516583164824,False
0.6468232145582424,-1.7081337066061293,False
0.6455017921425927,-1.7096705961790568,False
0.6439559581772767,-1.7111547059062482,False
0.6422002228312768,-1.7125789338047546,False
0.6402512097474959,-1.713936760911232,False
0.6381275076220521,-1.7152223094573524,False
0.6358494965461016,-1.716430394827131,False
0.6334391506570152,-1.7175565708378973,False
0.6309198191647362,-1.7185971679523824,False
0.6283159883162682,-1.7195493240984916,False
0.6256530273172315,-1.7204110078450465,False
0.6229569216258427,-1.7211810337553337,False
0.6202539973548553,-1.721859069814942,False
0.6175706407470923,-1.722445636905329,False
0.614933016820069,-1.7229421003690908,False
0.6123667912990156,-1.7233506537863124,False
0.6098968598742657,-1.72367429515293,False
0.607547088632149,-1.7239167957211448,False
0.6053400692264408,-1.724082661827948,False
0.603296891992276,-1.7241770901002327,False
0.6014369397716951,-1.724205916483263,False
0.5997777047373549,-1.724175559593003,False
0.5983346299873544,-1.7240929589415823,False
0.5971209771586912,-1.723965508628643,False
0.5961477207878518,-1.7238009871291624,False
0.5954234696509898,-1.7236074838403508,False
0.5949544148572438,-1.7233933230761378,False
0.5947443040583059,-1.7231669862174614,False
0.594794440783526,-1.7229370327399045,False
0.5951037076176816,-1.7227120208471387,False
0.5956686117100009,-1.7225004284390923,False
0.5964833509373526,-1.7223105751377759,False
0.597539898938581,-1.7221505460813484,False
0.5988281071857308,-1.722028118178402,False
0.6003358222549676,-1.7219506894897334,False
0.6020490164979375,-1.7219252123742925,False
0.6039519303852892,-1.721958130999794,False
0.6060272248900627,-1.722055323776962,False
0.6082561423918698,-1.7222220512299158,False
0.6106186747058486,-1.7224629097641884,False
0.6130937369665753,-1.7227817917387473,False
0.6156593462203998,-1.723181852189642,False
0.6182928036948596,-1.7236654824910536,False
0.6209708798164925,-1.7242342911751205,False
0.6236700011349028,-1.724889092065527,False
0.6263664383785417,-1.7256298998120796,False
0.6290364949142098,-1.7264559328449636,False
0.6316566949064463,-1.7273656236986974,False
0.6342039704740124,-1.728356636587607,False
0.63665584711862,-1.7294258920475771,False
0.6389906266565519,-1.730569598393488,False
0.6411875668182612,-1.7317832896787744,False
0.6432270565965114,-1.7330618697834905,False
0.6450907863230414,-1.7343996622007438,False
0.646761911340769,-1.7357904650388964,False
0.6482252080177622,-1.7372276107090325,False
0.6494672207259486,-1.7387040297243306,False
0.6504763982880339,-1.7402123180005922,False
0.651243218287271,-1.7417448070156245,False
0.6517602975441295,-1.7432936361597982,False
0.6520224869995088,-1.7448508265911524,False
0.6520269492140333,-1.7464083558961156,False
0.6517732167050446,-1.747958232851373,False
0.6512632294044861,-1.7494925715837326,False
0.6505013496381835,-1.7510036644329963,False
0.649494353204718,-1.7524840528377645,False
0.6482513953728596,-1.753926595585646,False
0.6467839509204806,-1.7553245337972712,False
0.6451057277023309,-1.756671552047528,False
0.6432325536532146,-1.7579618350671762,False
0.6411822375979482,-1.7591901195130222,False
0.6389744047379379,-1.7603517403446387,False
0.6366303082014229,-1.7614426713996527,False
0.6341726185633461,-1.7624595598172874,False
0.631625193742878,-1.7633997540205033,False
0.6290128321527504,-1.7642613250300652,False
0.6263610123861014,-1.7650430809484934,False
0.623695623066389,-1.7657445745174414,False
0.6210426867395334,-1.7663661037179126,False
0.6184280818436887,-1.7669087054482044,False
0.6158772668439754,-1.7673741423789244,False
0.6134150105647838,-1.7677648831472361,False
0.611065132593288,-1.7680840761131076,False
0.6088502573716056,-1.768335516958223,False
0.606791585252733,-1.7685236104628885,False
0.6049086833815508,-1.7686533268473004,False
0.6032192987939219,-1.7687301531105548,False
0.601739195622793,-1.7687600398434227,False
0.6004820177792857,-1.7687493440289046,False
0.5994591779575149,-1.7687047683776653,False
0.5986797733113,-1.7686332977734205,False
0.598150527683833,-1.7685421334260323,False
0.5978757598498391,-1.7684386253473507,False
0.5978573768628156,-1.7683302037766022,False
0.5980948912934424,-1.7682243101883361,False
0.5985854609020476,-1.7681283285165694,False
0.5993239491080261,-1.7680495172238355,False
0.600303004499905,-1.7679949428334167,False
0.6015131575667687,-1.767971415527208,False
0.6029429328189583,-1.7679854273905662,False
0.6045789744961882,-1.7680430938593326,False
0.606406184126679,-1.7681500988931806,False
0.6084078682936026,-1.768311644363822,False
0.6105658950771362,-1.7685324041066792,False
0.6128608577641784,-1.7688164830407636,False
0.6152722445463181,-1.7691673817140492,False
0.617778613053666,-1.769587966581019,False
0.6203577686921457,-1.770080446265722,False
0.6229869458600988,-1.7706463540080914,False
0.6256429912126984,-1.7712865364339219,False
0.6283025482165763,-1.772001148730301,False
0.6309422422899519,-1.772789656248973,False
0.633538865853772,-1.7736508425006057,False
0.6360695626260845,-1.7745828234437897,False
0.6385120104748713,-1.7755830679143607,False
0.6408446021043742,-1.7766484239838487,False
0.6430466227878171,-1.7777751509810409,False
0.6450984242773018,-1.7789589568583364,False
0.6469815939223269,-1.7801950405352476,False
0.6486791179153855,-1.7814781388055627,False
0.6501755374608639,-1.782802577352758,False
0.6514570965372408,-1.7841623253806622,False
0.6525118797984322,-1.7855510533335013,False
0.6533299390449014,-1.7869621931516324,False
0.6539034065962953,-1.7883890004867913,False
0.6542265938227927,-1.7898246182837794,False
0.6542960730502091,-1.7912621411243808,False
0.6541107410521212,-1.7926946797240622,False
0.6536718623883977,-1.7941154249727318,False
0.6529830909500092,-1.795517710917526,False
0.6520504682299519,-1.7968950760981928,False
0.6508823970627017,-1.798241322664019,False
0.649489589860603,-1.7995505727252183,False
0.6478849907230009,-1.800817321420988,False
0.6460836711977224,-1.8020364862207454,False
0.6441026999265184,-1.8032034520139777,False
0.6419609868949655,-1.8043141115872343,False
0.6396791035189919,-1.8053649011335997,False
0.6372790803181014,-1.8063528304899352,False
0.6347841844313987,-1.8072755078497393,False
0.6322186797076937,-1.808131158754042,False
0.6296075725265385,-1.8089186392187158,False
0.626976346865525,-1.809637442913353,False
0.624350692405316,-1.810287702363821,False
0.6217562296456992,-1.8108701842071673,False
0.6192182360854014,-1.8113862785831638,False
0.6167613774919368,-1.8118379828009006,False
0.6144094481565443,-1.8122278794709754,False
0.6121851237990877,-1.812559109343537,False
0.6101097304687052,-1.8128353391392933,False
0.608203032391653,-1.8130607247042465,False
0.6064830412646152,-1.8132398698590304,False
0.6049658489979461,-1.8133777813500385,False
0.6036654853977761,-1.8134798203417901,False
0.6025938017572866,-1.813551650918007,False
0.6017603808231284,-1.8135991860824916,False
0.6011724731283156,-1.81362853176999,False
0.6008349592507866,-1.8136459293916902,False
0.6007503371770285,-1.8136576974497869,False
0.6009187336294332,-1.8136701727606088,False
0.6013379379580133,-1.8136896518261427,False
0.60200345700252,-1.8137223328894292,False
0.602908589197987,-1.8137742592003196,False
0.6040445161213623,-1.813851264004531,False
0.605400409653446,-1.8139589177509712,False
0.6069635529519842,-1.8141024779900594,False
0.6087194734908219,-1.814286842409432,False
0.61065208650846,-1.8145165054232228,False
0.6127438473192628,-1.8147955186972882,False
0.6149759110641306,-1.8151274559555932,False
0.6173282986075609,-1.8155153823728083,False
0.619780067418063,-1.8159618288153103,False
0.6223094863931177,-1.8164687711476344,False
0.624894213703267,-1.8170376147743448,False
0.6275114768283333,-1.8176691845387172,False
0.630138254038826,-1.818363720049981,False
0.6327514566347364,-1.819120876460584,False
0.6353281112903203,-1.8199397306644913,False
0.6378455418660437,-1.8208187928373543,False
0.6402815500372643,-1.8217560231899534,False
0.6426145940537783,-1.8227488537580976,False
0.6448239648861792,-1.8237942150055777,False
0.6468899589358648,-1.8248885669723045,False
0.648794046388131,-1.8260279346577974,False
0.6505190341755024,-1.8272079472911706,False
0.6520492223955641,-1.8284238811030482,False
0.6533705528991682,-1.8296707051828074,False
0.65447074863695,-1.8309431299765053,False
0.6553394422312887,-1.8322356579571033,False
0.6559682921345904,-1.8335426359793954,False
0.6563510846508686,-1.8348583088175996,False
0.6564838200442104,-1.8361768733740396,False
0.6563647809428731,-1.8374925330428453,False
0.6559945812790905,-1.8387995517131968,False
0.6553761940889807,-1.8400923069023358,False
0.6545149566396704,-1.8413653415193265,False
0.6534185515555387,-1.8426134137762398,False
0.6520969628837329,-1.8438315447839264,False
0.6505624063695209,-1.845015063394578,False
0.6488292336003685,-1.846159647882596,False
0.6469138101164676,-1.8472613640885438,False
0.6448343680642852,-1.8483166996877913,False
0.6426108344751136,-1.8493225942853981,False
0.640264636766701,-1.850276465081422,False
0.6378184875750541,-1.8511762278956203,False
0.6352961515067141,-1.8520203133869675,False
0.6327221968403525,-1.8528076783509886,False
0.6301217355826146,-1.853537812026075,False
0.6275201555809065,-1.8542107373881922,False
0.6249428486024321,-1.854827007461182,False
0.6224149383951854,-1.8553876967167362,False
0.6199610127480291,-1.8558943876835998,False
0.6176048634634204,-1.8563491529292422,False
0.6153692379523218,-1.8567545326187271,False
0.6132756058653274,-1.857113507894477,False
0.611343943799752,-1.8574294703567678,False
0.6095925406850754,-1.8577061879578534,False
0.6080378259664447,-1.857947767652381,False
0.6066942221966706,-1.858158615173057,False
0.6055740231299749,-1.858343392323196,False
0.6046872979034523,-1.858506972196745,False
0.6040418214106644,-1.8586543927515093,False
0.6036430305295413,-1.8587908091725962,False
0.6034940054744393,-1.8589214454704803,False
0.6035954752073371,-1.8590515457615766,False
0.6039458455702262,-1.859186325678818,False
0.6045412485912367,-1.859330924355485,False
0.6053756112697953,-1.8594903574175103,False
0.6064407420577033,-1.8596694714077402,False
0.6077264332182286,-1.859872900050313,False
0.6092205772574929,-1.8601050227445122,False
0.6109092956741815,-1.8603699256553523,False
0.6127770783569084,-1.8606713657429186,False
0.6148069320654178,-1.8610127380443284,False
0.6169805365543557,-1.8613970464913356,False
0.6192784070291832,-1.8618268785133136,False
0.621680061756171,-1.8623043836399138,False
0.6241641937762399,-1.8628312562803897,False
0.6267088457904548,-1.8634087228177352,False
0.6292915873887814,-1.8640375331157326,False
0.6318896938796787,-1.8647179564960952,False
0.6344803260433904,-1.865449782201486,False
0.6370407101743847,-1.8662323243186594,False
0.6395483177969831,-1.867064431094692,False
0.6419810444322644,-1.8679444985386107,False
0.6443173867640103,-1.8688704881610738,False
0.6465366174976974,-1.869839948666484,False
0.648618957131011,-1.8708500413753735,False
0.6505457417595161,-1.871897569120456,False
0.6522995859302585,-1.8729790083277271,False
0.653864539433276,-1.8740905439647264,False
0.6552262367912559,-1.8752281070118595,False
0.6563720380766624,-1.8763874140897814,False
0.6572911595601577,-1.8775640088565089,False
0.6579747925813069,-1.8787533047723741,False
0.6584162089401943,-1.8799506288193297,False
0.6586108510447521,-1.8811512657536047,False
0.658556405021459,-1.8823505024673888,False
0.6582528550143503,-1.8835436720361458,False
0.6577025169660258,-1.8847261970333227,False
0.6569100503003619,-1.8858936317035988,False
0.6558824461140226,-1.8870417025993134,False
0.654628990734633,-1.8881663473021677,False
0.6531612038169721,-1.8892637508735488,False
0.6514927505213007,-1.8903303797016,False
0.6496393277433338,-1.8913630124411998,False
0.6476185248336828,-1.8923587677739602,False
0.6454496597431291,-1.8933151287488599,False
0.6431535920435566,-1.89422996349977,False
0.6407525147854913,-1.8951015421734951,False
0.6382697276434226,-1.895928549940585,False
0.6357293942506169,-1.8967100960006122,False
0.6331562870178296,-1.8974457185334166,False
0.6305755230488285,-1.89813538558751,False
0.628012294996317,-1.8987794919360164,False
0.6254916008346033,-1.8993788519687413,False
0.6230379765543642,-1.8999346887258755,False
0.620675235708801,-1.9004486192140617,False
0.6184262195627583,-1.9009226361788127,False
0.6163125613248037,-1.901359086538257,False
0.614354467588583,-1.9017606467117156,False
0.6125705196889351,-1.9021302951024552,False
0.610977497207488,-1.9024712820169951,False
0.6095902253602857,-1.902787097323425,False
0.6084214474851388,-1.903081436168261,False
0.6074817233368707,-1.9033581630853313,False
0.6067793534108868,-1.9036212748410521,False
0.6063203290636348,-1.903874862368171,False
0.6061083077940168,-1.9041230721446583,False
0.606144612700961,-1.904370067375923,False
0.6064282548444796,-1.9046199893369564,False
0.6069559770128727,-1.9048769192264283,False
0.6077223172368229,-1.9051448408772282,False
0.6087196902891266,-1.9054276046575542,False
0.6099384853619221,-1.905728892883492,False
0.6113671781152503,-1.9060521870482166,False
0.6129924553343384,-1.9064007371546166,False
0.6147993505102624,-1.906777533417427,False
0.6167713887615626,-1.907185280578041,False
0.6188907396350123,-1.9076263750502178,False
0.6211383764545167,-1.90810288508813,False
0.6234942410210379,-1.9086165341397954,False
0.6259374125972297,-1.9091686875191758,False
0.6284462802325903,-1.9097603424993148,False
0.630998717593712,-1.9103921218971096,False
0.6335722595557577,-1.9110642711879344,False
0.6361442798825615,-1.9117766591556338,False
0.6386921693714669,-1.9125287820506678,False
0.6411935138637009,-1.913319771196724,False
0.6436262715209728,-1.9141484039541894,False
0.6459689487440996,-1.9150131179178127,False
0.6482007740605379,-1.9159120281959592,False
0.650301869236261,-1.9168429475903654,False
0.6522534167757423,-1.9178034094685086,False
0.6540378228650324,-1.9187906930958865,False
0.655638874690955,-1.919801851172911,False
0.6570418909391282,-1.9208337393009833,False
0.6582338641404561,-1.9218830470848651,False
0.6592035934063646,-1.92294633056387,False
0.6599418059745209,-1.924020045652858,False
0.6604412658867701,-1.9251005822656426,False
0.6606968680476061,-1.9261842987883473,False
0.6607057158728202,-1.9272675565685258,False
0.6604671807419307,-1.9283467540875538,False
0.6599829415218214,-1.9294183604888915,False
0.6592570025388608,-1.9304789481432723,False
0.6582956885472011,-1.9315252239436187,False
0.6571076154744785,-1.932554059037391,False
0.65570363602285,-1.9335625167219717,False
0.6540967595603994,-1.9345478782493797,False
0.6523020461496494,-1.9355076663098418,False
0.6503364750172698,-1.9364396659892307,False
0.6482187882601105,-1.9373419430228132,False
0.6459693110927925,-1.938212859196777,False
0.6436097504544132,-1.9390510847792624,False
0.6411629742882561,-1.9398556078937284,False
0.6386527742699217,-1.9406257407790608,False
0.636103615167687,-1.94136112291247,False
0.6335403743572855,-1.9420617210025761,False
0.6309880752673096,-1.942727825890767,False
0.6284716186900265,-1.9433600464285958,False
0.6260155159486334,-1.9439593004273699,False
0.6236436278633426,-1.9445268028028753,False
0.6213789133073935,-1.945064051063167,False
0.6192431908967835,-1.94557280831031,False
0.6172569170249789,-1.9460550839477442,False
0.6154389830502398,-1.9465131123034236,False
0.6138065339851567,-1.9469493293949824,False
0.6123748105437651,-1.947366348076818,False
0.6111570158898932,-1.947766931820165,False
0.6101642079194585,-1.9481539673859314,False
0.6094052174161106,-1.9485304366562999,False
0.6088865919587312,-1.9488993878949086,False
0.608612565042926,-1.9492639067068491,False
0.6085850495160081,-1.9496270869688073,False
0.6088036541221069,-1.9499920019965042,False
0.609265721714015,-1.950361676211229,False
0.6099663875114175,-1.9507390575597723,False
0.6108986556690212,-1.9511269909325626,False
0.6120534923584617,-1.9515281928133563,False
0.6134199335588513,-1.951945227380549,False
0.6149852057853675,-1.9523804842651642,False
0.61673485805561,-1.9528361581539466,False
0.618652903491561,-1.9533142304078834,False
0.6207219690728023,-1.95381645284702,False
0.622923452186518,-1.9543443338317878,False
0.6252376827545196,-1.954899126749371,False
0.627644089850578,-1.955481820991082,False
0.6301213718469705,-1.9560931354834672,False
0.6326476692424033,-1.9567335148121106,False
0.6352007394202446,-1.9574031279530522,False
0.637758132663001,-1.9581018696025734,False
0.6402973688037116,-1.958829364072046,False
0.6427961139257063,-1.9595849716908003,False
0.6452323565280531,-1.9603677976367533,False
0.6475845825548063,-1.9611767030920704,False
0.6498319486424511,-1.9620103185996074,False
0.6519544528730307,-1.9628670594755293,False
0.6539331022325039,-1.9637451431144977,False
0.6557500758678032,-1.9646426080063832,False
0.6573888831156559,-1.9655573342677564,False
0.6588345151460834,-1.9664870654776168,False
0.6600735889290988,-1.9674294315951057,False
0.6610944821007086,-1.9683819727274288,False
0.6618874571809481,-1.969342163509034,False
0.6624447734898693,-1.970307437848344,False
0.662760785025242,-1.971275213796091,False
0.6628320225163106,-1.9722429182896173,False
0.6626572578593182,-1.9732080115304012,False
0.6622375491800867,-1.9741680107575221,False
0.6615762648631558,-1.9751205131877814,False
0.660679085040876,-1.976063217903636,False
0.659553979252441,-1.9769939464829085,False
0.6582111592628658,-1.9779106621792286,False
0.6566630063733472,-1.9788114874792,False
0.6549239729521897,-1.9796947198811268,False
0.6530104583614849,-1.9805588457605623,False
0.650940659937688,-1.9814025522096754,False
0.6487344001902494,-1.982224736760191,False
0.6464129318951585,-1.9830245149231298,False
0.6439987232617709,-1.9838012255024486,False
0.6415152258228859,-1.9845544336636354,False
0.6389866281212065,-1.9852839317620232,False
0.6364375986227537,-1.9859897379587654,False
0.633893021564444,-1.9866720926747472,False
0.6313777296269475,-1.987331452953957,False
0.62891623740707,-1.9879684848277526,False
0.6265324796426084,-1.9885840537898345,False
0.6242495580178726,-1.9891792135084225,False
0.6220895001553971,-1.9897551929169857,False
0.6200730340885034,-1.9903133818378134,False
0.6182193811236467,-1.990855315303682,False
0.6165460695569477,-1.9913826567518427,False
0.615068771223875,-1.9918971802715362,False
0.6138011623532971,-1.9924007520912728,False
0.6127548096855572,-1.9928953114952348,False
0.6119390823160327,-1.9933828513594491,False
0.611361089256232,-1.9938653984979104,False
0.6110256422766754,-1.9943449940066948,False
0.6109352432195407,-1.9948236737903957,False
0.6110900946512562,-1.9953034494500117,False
0.6114881324696435,-1.9957862897048373,False
0.6121250788878805,-1.996274102513022,False
0.6129945140867626,-1.9967687180463873,False
0.6140879647537449,-1.9972718726648966,False
0.6153950077064904,-1.9977851940249625,False
0.6169033868233431,-1.9983101874436422,False
0.6185991415657044,-1.9988482236277934,False
0.6204667454696619,-1.9994005278635543,False
0.6224892530983919,-1.9999681707471553,False
0.6246484540749638,-2.000552060523172,False
0.6269250329498868,-2.001152937080996,False
0.6292987337923336,-2.0017713676446407,False
0.6317485285224547,-2.002407744175121,False
0.6342527881194134,-2.003062282488686,False
0.636789455941342,-2.003735023078237,False
0.6393362224758504,-2.0044258336094716,False
0.6418707009003014,-2.0051344130478097,False
0.6443706028678735,-2.0058602973570396,False
0.646813913947362,-2.006602866696101,False
0.6491790681313169,-2.007361354026535,False
0.6514451207888926,-2.008134855030081,False
0.6535919193778396,-2.0089223392237696,False
0.6556002711463355,-2.0097226621487976,False
0.657452106952602,-2.010534578499586,False
0.659130640212043,-2.011356756050833,False
0.6606205198524232,-2.0121877902331837,False
0.6619079760226425,-2.0130262192024335,False
0.6629809571660598,-2.01387053924308,False
0.6638292569419222,-2.0147192203445576,False
0.6644446293657229,-2.015570721787741,False
0.6648208904492267,-2.0164235075802868,False
0.6649540045615643,-2.017276061582145,False
0.6648421537123334,-2.018126902167101,False
0.6644857879836193,-2.0189745962724768,False
0.663887655417053,-2.019817772697103,False
0.6630528097997979,-2.020655134517278,False
0.661988594993334,-2.021485470501563,False
0.660704604712411,-2.022307665417811,False
0.6592126169872236,-2.023120709139628,False
0.657526502925509,-2.02392370447433,False
0.6556621098254897,-2.024715873650241,False
0.6536371191649353,-2.025496563417568,False
0.6514708804928293,-2.0262652487339383,False
0.6491842227623987,-2.027021535022692,False
0.6467992451500784,-2.027765159008947,False
0.6443390898857251,-2.0284959881550404,False
0.6418277000564652,-2.0292140187329437,False
0.6392895657222345,-2.029919372586436,False
0.6367494619796688,-2.030612292649935,False
0.6342321828196997,-2.0312931373038015,False
0.6317622747339404,-2.031962373657416,False
0.6293637740308798,-2.032620569861322,False
0.6270599517248387,-2.0332683865580647,False
0.6248730696629337,-2.0339065675880628,False
0.6228241512666483,-2.0345359300717996,False
0.6209327698974535,-2.035157353992953,False
0.6192168574256967,-2.035771771408723,False
0.6176925351061496,-2.0363801554137146,False
0.6163739683607043,-2.036983508982356,False
0.6152732465572709,-2.037582853812085,False
0.6144002883715773,-2.03817921928555,False
0.6137627728412172,-2.0387736316649767,False
0.6133660957824225,-2.039367103625783,False
0.61321335085042,-2.039960624229599,False
0.6133053341914838,-2.040555149429213,False
0.6136405713635803,-2.0411515931897317,False
0.6142153649944325,-2.041750819301516,False
0.6150238614999558,-2.0423536339513606,False
0.6160581350990345,-2.042960779108996,False
0.6173082873274109,-2.0435729267764082,False
0.6187625602675267,-2.0441906741377727,False
0.6204074617650778,-2.044814539638045,False
0.6222279009888416,-2.0454449600085245,False
0.6242073327999602,-2.0460822882480514,False
0.6263279095223637,-2.046726792558991,False
0.6285706388399285,-2.047378656227828,False
0.6309155466813503,-2.04803797843113,False
0.6333418440843996,-2.048704775938845,False
0.6358280971518111,-2.0493789856784903,False
0.6383523993169706,-2.0500604681157357,False
0.6408925452250661,-2.0507490113993248,False
0.6434262056015406,-2.0514443362111967,False
0.6459311025224225,-2.0521461012561475,False
0.648385184519074,-2.052853909319458,False
0.6507668009425369,-2.053567313815658,False
0.6530548749801639,-2.0542858257470367,False
0.6552290746605792,-2.0550089209867215,False
0.6572699811039608,-2.055736047798143,False
0.6591592531757393,-2.0564666345005556,False
0.660879787586449,-2.0572000971890247,False
0.6624158733528777,-2.057935847416944,False
0.6637533394009131,-2.0586732997497688,False
0.6648796939544989,-2.0594118791002516,False
0.6657842542245436,-2.0601510277580553,False
0.6664582647938434,-2.060890212030242,False
0.666895002996897,-2.061628928413742,False
0.6670898695250754,-2.062366709226541,False
0.6670404624560671,-2.063103127630896,False
0.6667466329196136,-2.063837801989437,False
0.6662105206763057,-2.0645703995034,False
0.6654365680083794,-2.0653006390914515,False
0.6644315105051296,-2.0660282934774887,False
0.6632043435727014,-2.066753190466316,False
0.6617662638079926,-2.067475213397102,False
0.6601305847457212,-2.068194300775843,False
0.6583126269098195,-2.0689104450995295,False
0.6563295825655262,-2.069623690896204,False
0.6542003560642916,-2.070334132016331,False
0.6519453811846622,-2.071041908221787,False
0.6495864173815671,-2.0717472011290177,False
0.647146327345435,-2.0724502295724077,False
0.6446488387226688,-2.073151244462378,False
0.6421182932421409,-2.073850523220104,False
0.639579386812251,-2.0745483638767905,False
0.6370569043860953,-2.075245078930107,False
0.6345754535283089,-2.0759409890535183,False
0.0,0.0,True
0.010341668554944485,-0.00047064454880807027,True
0.02052633052604648,-0.0018433230548299349,True
0.03057912090473918,-0.00409378245289406,True
0.04038044213829357,-0.007210188178242184,True
0.04985069626841701,-0.011144951364937906,True
0.05891245699134877,-0.01586625783397868,True
0.0674922039977136,-0.021326114499367308,True
0.07552043880049572,-0.027477339628450635,True
0.08293285991560187,-0.034262413836898944,True
0.08967039726067266,-0.04162185793037029,True
0.09568021583571384,-0.04948898953896814,True
0.10091580171743016,-0.057794496844654986,True
0.10533770720003788,-0.06646416422492389,True
0.10891366346719447,-0.07542153430563116,True
0.11161908548942537,-0.08458714688331749,True
0.11343715940306857,-0.093880251457028,True
0.11435913441115039,-0.10321881313715137,True
0.11438433911366679,-0.11252074970322347,True
0.1135202824254783,-0.12170431467311266,True
0.11178256601005555,-0.1306890835184269,True
0.1091948095811323,-0.13939650422496827,True
0.10578843915306921,-0.14775073141227973,True
0.10160244811714346,-0.15567922613718782,True
0.09668305190841617,-0.1631134742743417,True
0.09108329579237318,-0.16998956442379887,True
0.08486257628649943,-0.17624879716567524,True
0.07808610938911083,-0.1818381952134557,True
0.07082432840475145,-0.18671099728885474,True
0.06315223163938463,-0.1908270694092592,True
0.05514867539227881,-0.19415327307968955,True
0.04689562679990464,-0.19666375641203343,True
0.03847737922920577,-0.19834018694920605,True
0.029979742539239934,-0.19917190888829345,True
0.021489214978867355,-0.19915603395380746,True
0.013092148127908656,-0.1982974575751711,True
0.004873913570960795,-0.19660880561168295,True
-0.003081918064751681,-0.19411030841997534,True
-0.010694376685064464,-0.19082960619593664,True
-0.01788586146444638,-0.18680148559864682,True
-0.024582870555633154,-0.18206755155690776,True
-0.030716683991588133,-0.17667583645692553,True
-0.03622399318445789,-0.1706803511376677,True
-0.04104747123305021,-0.1641405814869538,True
-0.045136279373777885,-0.1571209357699285,True
-0.04844650582974158,-0.14969014767186065,True
-0.050941534312914746,-0.14192064086619383,True
-0.052592340289662684,-0.13388786095244778,True
-0.05337771394733482,-0.12566958111320203,True
-0.05328440951036796,-0.11734518790052152,True
-0.05230722120304624,-0.1089949538334926,True
-0.05044898671602462,-0.10069930349687106,True
-0.04772051953692506,-0.09253807991595353,True
-0.04414047195054188,-0.08458981789986578,True
-0.0397351309226563,-0.07693103097292092,True
-0.03453814945888646,-0.06963551832584339,True
-0.02859021638935457,-0.06277369801084728,True
-0.02193866787531219,-0.05641197231366598,True
-0.014637044270747919,-0.05061213091419696,True
-0.006744596300147024,-0.04543079706523601,True
0.0016742551674443114,-0.04091892160609173,True
0.010550501162132693,-0.03712132917160421,True
0.019811163600321983,-0.03407632047560013,True
0.02937994607585046,-0.031815334036588434,True
0.0391779110794014,-0.030362670184196094,True
0.04912417806901063,-0.029735279636924086,True
0.059136636652797066,-0.029942618382919034,True
0.06913266902767491,-0.030986570026708522,True
0.07902987574792755,-0.03286143619146068,True
0.08874679887739519,-0.03555399499007093,True
0.0982036366093818,-0.03904362700318191,True
0.10732294351880976,-0.04330250763036157,True
0.11603031073975534,-0.048295864115640144,True
0.12425502053524905,-0.05398229499333986,True
0.13193066994084307,-0.060314149158423945,True
0.13899575841376124,-0.06723796124115634,True
0.14539423469951923,-0.0746949394630708,True
0.15107599843147193,-0.08262150167457342,True
0.15599735229958034,-0.09094985482881728,True
0.16012140095713961,-0.09960861273669915,True
0.163418393173724,-0.10852344657892422,True
0.16586600408632812,-0.11761776232786568,True
0.1674495547479787,-0.12681339895895777,True
0.16816216652597055,-0.13603134111269888,True
0.1680048482652574,-0.14519243970755055,True
0.1669865145141958,-0.1542181339039726,True
0.1651239335201251,-0.1630311677826607,True
0.16244160415330314,-0.17155629512707157,True
0.15897156142231683,-0.17972096579201838,True
0.15475311081427598,-0.1874559872961418,True
0.14983249233837648,-0.19469615549523184,True
0.14426247587692964,-0.20138084847371843,True
0.13810189025275546,-0.207454578130441,True
0.1314150892974991,-0.2128674943286308,True
0.1242713591352265,-0.21757583692483978,True
0.11674427185450066,-0.22154233148270366,True
0.10891099169746872,-0.22473652500981303,True
0.10085154080802838,-0.22713505862404773,True
0.09264803241154036,-0.22872187465360677,True
0.08438388000461439,-0.2294883562964979,True
0.07614299167768022,-0.22943339860407772,True
0.06800895904487322,-0.22856341020291832,True
0.06006425039463683,-0.226892245823311,True
0.05238941759168344,-0.2244410703546584,True
0.04506232596060042,-0.2212381557914681,True
0.03815741587980789,-0.21731861306242423,True
0.03174500413887272,-0.2127240613430363,True
0.025890632297632048,-0.20750223803383008,True
0.020654468372401313,-0.20170655313540645,True
0.016090767204432047,-0.1953955922636994,True
0.012247393878587913,-0.18863257301850944,True
0.009165413591069564,-0.18148475984133508,True
0.006878750442319671,-0.17402284287062347,True
0.005413916775374433,-0.16632028662017354,True
0.004789813903038928,-0.15845265456658286,True
0.005017604373726454,-0.15049691593186876,True
0.006100655313402546,-0.14253074108604194,True
0.008034551842546532,-0.134631792070434,True
0.010807179091840815,-0.12687701475578772,True
0.014398870916298602,-0.11934193910005737,True
0.018782623022603476,-0.11209999386090944,True
0.023924367867608598,-0.10522184194916286,True
0.029783308348361928,-0.0987747423847054,True
0.03631230697938377,-0.09282194453920858,True
0.043458326937664486,-0.08742212002423949,True
0.051162921049030495,-0.08262883721352203,True
0.05936276449250191,-0.07849008297881177,True
0.06799022671523086,-0.07504783577494763,True
0.07697397778407579,-0.07233769373595249,True
0.08623962415613132,-0.07038856094532461,True
0.09571036863516713,-0.0692223945244195,True
0.10530768909935194,-0.06885401464735329,True
0.11495203044272759,-0.06929097904314827,True
0.12456350407271478,-0.07053352298959478,True
0.13406258925148457,-0.07257456524198018,True
0.1433708305621359,-0.07539977977669866,True
0.1524115258218079,-0.07898773266801334,True
0.1611103988523329,-0.08331008285905073,True
0.1693962516527133,-0.0883318450387765,True
0.17720159069326957,-0.09401171229868177,True
0.18446322226436748,-0.10030243571989736,True
0.19112281205793305,-0.10715125753743232,True
0.19712740443166527,-0.11450039404740527,True
0.202429897097914,-0.12228756396998768,True
0.2069894672857919,-0.1304465575598559,True
0.21077194574116676,-0.13890784137195666,True
0.21375013525096448,-0.147599193247871,True
0.21590407070375192,-0.15644636179140983,True
0.2172212180282429,-0.16537374435537827,True
0.21769660968821056,-0.17430507736829046,True
0.2173329147621499,-0.18316413269329965,True
0.2161404420074621,-0.19187541363413754,True
0.21413707471269347,-0.20036484418615935,True
0.2113481365896294,-0.20856044517562483,True
0.20780618846219226,-0.21639299103730353,True
0.20355075608218512,-0.22379664114877684,True
0.19862799005103507,-0.2307095398680729,True
0.19309025955512854,-0.23707437970741688,True
0.18699568242708967,-0.24283892241712673,True
0.18040759491590844,-0.24795647314660466,True
0.17339396546656344,-0.2523863032899519,True
0.16602675774820458,-0.2560940181074129,True
0.1583812490957532,-0.2590518657356513,True
0.15053531140476786,-0.26123898475436025,True
0.14256866230327447,-0.26264158805822135,True
0.13456209507764896,-0.2632530813858015,True
0.12659669631763315,-0.2630741154744975,True
0.1187530605407583,-0.2621125714369279,True
0.11111051114152867,-0.2603834795829836,True
0.10374633688010075,-0.2579088725369497,True
0.09673505278557312,-0.25471757411460894,True
0.09014769381867926,-0.2508449260251094,True
0.08405114894582809,-0.24633245504094037,True
0.07850754245649354,-0.24122748383107206,True
0.07357366844843882,-0.2355826891719909,True
0.0693004834504782,-0.22945561173406204,True
0.06573266118838299,-0.22290812208179217,True
0.06290821255915566,-0.21600584792196753,True
0.06085817298847403,-0.20881756797951234,True
0.059606358524102704,-0.2014145781740094,True
0.05916919127503908,-0.19387003600735597,True
0.05955559414530564,-0.1862582892529277,True
0.06076695422969698,-0.17865419515730763,True
0.06279715372885213,-0.1711324364264061,True
0.0656326667922414,-0.16376684026845253,True
0.06925272029819081,-0.15662970670765086,True
0.0736295162181812,-0.14979115226551143,True
0.0787285128779022,-0.1433184749341628,True
0.08450876211146786,-0.13727554613995355,True
0.09092329900191189,-0.1317222351196674,True
0.09791958060724949,-0.1267138708094805,True
0.1054399697862414,-0.12230074598243762,True
0.11342225996287862,-0.11852766796818949,True
0.12180023640663844,-0.1154335598534279,True
0.13050426936107765,-0.11305111559753613,True
0.1394619341313694,-0.11140651200984081,True
0.14859865304724423,-0.11051918002687056,True
0.15783835405654795,-0.11040163720438886,True
0.16710414058081152,-0.11105938280350608,True
0.1763189671815431,-0.11249085630672714,True
0.18540631554704115,-0.11468745965176758,True
0.19429086531584985,-0.11763364292193937,True
0.20289915430470784,-0.12130705268506324,True
0.21116022280486524,-0.12567874163176374,True
0.2190062367485868,-0.13071343763196624,True
0.2263730847239963,-0.1363698698091636,True
0.2332009440266328,-0.14260114872930027,True
0.23943481117493204,-0.14935519731895958,True
0.2450249925786274,-0.1565752286700489,True
0.24992755132807778,-0.16420026645978178,True
0.2541047063634886,-0.1721657033196309,True
0.25752518058155144,-0.18040389212964456,True
0.260164494740325,-0.18884476489905538,True
0.2620052043302951,-0.19741647362461393,True
0.2630370768919871,-0.20604604729805315,True
0.2632572075823648,-0.2146600590667163,True
0.26267007113037755,-0.2231852974393169,True
0.26128750868564793,-0.23154943537400363,True
0.2591286484645629,-0.23968169108967236,True
0.25621975954697923,-0.2475134745045611,True
0.25259403868610086,-0.2549790133282729,True
0.24829133057368652,-0.2620159530139339,True
0.24335778265894756,-0.26856592501439075,True
0.23784543635349553,-0.27457507807831744,True
0.23181175726115907,-0.27999456766562175,True
0.2253191079375801,-0.28478099895354675,True
0.218434167589587,-0.2888968193410381,True
0.2112273040404589,-0.292310656835081,True
0.20377190418034205,-0.29499760121373847,True
0.19614366995333604,-0.2969394254014346,True
0.18841988766503187,-0.2981247450569448,True
0.1806786789894177,-0.2985491149580342,True
0.1729982424800678,-0.29821506136266146,True
0.16545609462342112,-0.2971320501293451,True
0.15812831949800227,-0.29531639098264234,True
0.15108883592043884,-0.2927910789078777,True
0.14440869057663025,-0.2895855742465412,True
0.1381553850747839,-0.2857355236344167,True
0.1323922441455575,-0.2812824244733308,True
0.1271778313887805,-0.2762732361489735,True
0.12256541806491905,-0.27075994169687384,True
0.1186025094913563,-0.26479906407159765,True
0.11533043266458644,-0.25845114158627747,True
0.11278398782027885,-0.25178016745698223,True
0.11099116578777557,-0.24485299870546853,True
0.1099729322102987,-0.23773873994182282,True
0.10974307899575828,-0.23050810776276284,True
0.11030814273749005,-0.22323278166009392,True
0.11166738929576955,-0.21598474743577042,True
0.11381286325159869,-0.20883563916457779,True
0.11672950052355018,-0.20185608573260633,True
0.12039530206480482,-0.19511506791027217,True
0.12478156621967872,-0.18867929179400883,True
0.12985317700694643,-0.18261258427283716,True
0.1355689453032318,-0.17697531594765895,True
0.14188199961815276,-0.17182385665513833,True
0.14874022288081765,-0.1672100684282402,True
0.15608673139404722,-0.16318084036563146,True
0.16386039185978918,-0.1597776694863722,True
0.1719963721396305,-0.15703629121888546,True
0.18042672119227335,-0.1549863627184503,True
0.18908097343010985,-0.15365120172955807,True
0.19788677256458376,-0.15304758321273995,True
0.20677050986958115,-0.15318559544373314,True
0.2156579716877982,-0.15406855677029677,True
0.2244749909401706,-0.1556929936818483,True
0.233148097375265,-0.1580486803136639,True
0.2416051613150585,-0.16111873897337806,True
0.24977602571557955,-0.16487980074726014,True
0.2575931214639807,-0.16930222472003215,True
0.26499206097510836,-0.17435037382899343,True
0.27191220532681,-0.17998294487424454,True
0.27829720037947847,-0.18615334972598266,True
0.28409547755649833,-0.19281014431094448,True
0.28926071521289065,-0.19989750152729863,True
0.2937522567842876,-0.20735572383474543,True
0.2975354821827721,-0.2151217908983184,True
0.30058212918660115,-0.22312993733452147,True
0.30287056185555394,-0.23131225532076502,True
0.3043859832928312,-0.23959931658707834,True
0.3051205903707671,-0.2479208081161363,True
0.30507366834632405,-0.2562061757362164,True
0.304251623621206,-0.2643852697042516,True
0.30266795326030876,-0.2723889863439877,True
0.3003431502824752,-0.28014989982870236,True
0.2973045441908335,-0.2876028782788753,True
0.2935860767271978,-0.2946856784826536,True
0.28922801342445703,-0.3013395137396347,True
0.28427659219690715,-0.30750958957479446,True
0.2787836109499248,-0.31314560236702504,True
0.27280595699934157,-0.318202196282756,True
0.2664050819520883,-0.3226393742960823,True
0.25964642659042586,-0.32642285950878314,True
0.25259880119298056,-0.32952440345217143,True
0.24533372758231134,-0.33192203855301733,True
0.23792474997341947,-0.3336002724729051,True
0.23044672237289712,-0.3345502225787752,True
0.22297508080967438,-0.3347696893666697,True
0.21558510903683054,-0.33426316823515867,True
0.2083512065094481,-0.3330417995839017,True
0.20134616740610953,-0.33112325779059804,True
0.19464047922273872,-0.3285315801906192,True
0.18830164903957997,-0.32529693774257223,True
0.18239356496764048,-0.3214553496042636,True
0.1769758995502879,-0.31704834436236495,True
0.17210356106446467,-0.31212257115035713,True
0.16782619777199317,-0.3067293643485649,True
0.16418775925173626,-0.30092426598300726,True
0.16122611803165574,-0.2947665103225196,True
0.15897275386426524,-0.28831847551235706,True
0.1574525021710954,-0.2816451073744659,True
0.15668336743564013,-0.2748133207466756,True
0.1566764016568285,-0.26789138392368095,True
0.1574356473868728,-0.2609482918993561,True
0.158958144363806,-0.25405313419264164,True
0.16123399830179205,-0.2472744630665834,True
0.16424651001087387,-0.24067966792304793,True
0.16797236267096483,-0.23433436157438858,True
0.17238186477179362,-0.22830178395992223,True
0.1774392459418182,-0.22264222869087957,True
0.18310300261746312,-0.21741249757558845,True
0.18932629024443293,-0.2126653879996827,True
0.1960573584526811,-0.20844921771766028,True
0.2032400254055143,-0.20480739125565128,True
0.2108141872927963,-0.20177801173503856,True
0.21871635872128065,-0.19939354150611913,True
0.2268802395557517,-0.1976805145349721,True
0.23523730358741865,-0.1966593030186814,True
0.24371740425551547,-0.196343940218515,True
0.25224939252863904,-0.1967420010010218,True
0.26076174196772606,-0.19785454106770722,True
0.26918317594555674,-0.19967609533807357,True
0.27744329199007034,-0.20219473543255964,True
0.28547317825118484,-0.20539218568443773,True
0.29320601716263145,-0.20924399659706633,True
0.3005776714797243,-0.21371977415811136,True
0.307527248018076,-0.2187834629298203,True
0.3139976345931564,-0.22439368035708196,True
0.31993600586167625,-0.23050409927762835,True
0.3252942939880318,-0.2370638751841552,True
0.3300296202973905,-0.244018114381484,True
0.3341046843267321,-0.25130837880586193,True
0.3374881069424299,-0.2588732229331947,True
0.3401547244552588,-0.26664875790087605,True
0.3420858309303319,-0.2745692377087084,True
0.34326936616185544,-0.28256766214996737,True
0.34370004706464824,-0.2905763909581366,True
0.3433794405324453,-0.29852776353927946,True
0.342315976135714,-0.30635471859706687,True
0.34052489738944597,-0.3139914079481708,True
0.3380281507254348,-0.3213737988700385,True
0.33485421176511293,-0.3284402594225291,True
0.3310378490176255,-0.33513212133668235,True
0.32661982573013737,-0.3413942152691707,True
0.32164654129536513,-0.34717537347581817,True
0.31616961437128094,-0.35242889526100185,True
0.3102454106792022,-0.35711297090806315,True
0.30393451930131254,-0.36119106018567987,True
0.297301182172284,-0.3646322219528063,True
0.29041268232145445,-0.367411391845833,True
0.28333869723709154,-0.3695096055209227,True
0.27615062445602967,-0.37091416543822153,True
0.26892088709469725,-0.3716187497060651,True
0.26172222749952384,-0.37162346204866664,True
0.25462699748079176,-0.3709348225135144,True
0.24770645368794267,-0.36956569908995834,True
0.24103006658031534,-0.36753518096262816,True
0.2346648511503124,-0.36486839466742543,True
0.2286747270815439,-0.36159626494790503,True
0.2231199153970872,-0.3577552226221531,True
0.2180563779039311,-0.3533868622585351,True
0.2135353049044296,-0.3485375529199682,True
0.20960265576083317,-0.34325800566463305,True
0.2062987559999302,-0.3376028018843419,True
0.20365795376272394,-0.33162988691426754,True
0.20170833756457127,-0.3254000336583426,True
0.2004715165531028,-0.31897628123868255,True
0.19996246374638688,-0.31242335389380527,True
0.20018942210716414,-0.3058070655163824,True
0.20115387275978777,-0.2991937153361688,True
0.20285056417921657,-0.29264948031596777,True
0.2052676007673741,-0.2862398098386869,True
0.20838658887087586,-0.2800288282211042,True
0.21218283797466697,-0.2740787504966068,True
0.21662561451819193,-0.26844931676580386,True
0.22167844551560453,-0.2631972502230142,True
0.22729946891243383,-0.2583757437300381,True
0.23344182737360955,-0.2540339795300452,True
0.24005410196957877,-0.25021668637619165,True
0.24708078200832814,-0.2469637379962154,True
0.2544627670530516,-0.24430979642831482,True
0.2621378969709557,-0.24228400335020053,True
0.27004150568207924,-0.2409097220851476,True
0.27810699412228207,-0.24020433251076223,True
0.2862664178060008,-0.24017908062166296,True
0.29445108427586053,-0.24083898401031836,True
0.3025921556610376,-0.24218279403430515,True
0.3106212515367357,-0.24420301493765215,True
0.31847104728456477,-0.24688597969163398,True
0.32607586319815485,-0.25021198182054266,True
0.33337223965897944,-0.25415546198393724,True
0.3402994938219584,-0.25868524760257455,True
0.3468002533958088,-0.2637648433439776,True
0.3528209632753433,-0.269352769829707,True
0.3583123609774428,-0.27540294749298916,True
0.36322991704448526,-0.2818651221068119,True
0.3675342368040016,-0.28868532812233205,True
0.371191420107232,-0.29580638560937605,True
0.37417337590913946,-0.3031684262782561,True
0.3764580887968914,-0.3107094437889978,True
0.3780298348233367,-0.31836586332267,True
0.37887934425933806,-0.3260731252036026,True
0.3790039091490729,-0.3337662772223202,True
0.37840743384296643,-0.3413805702195805,True
0.37710042700316376,-0.34885205145311354,True
0.3750999339369959,-0.3561181502815094,True
0.37242940852586953,-0.363118250764341,True
0.3691185244906237,-0.36979424589391197,True
0.3652029262777972,-0.3760910683411419,True
0.3607239204688851,-0.3819571928145452,True
0.35572810930605026,-0.3873451053947993,True
0.3502669686863013,-0.39221173551632366,True
0.344396373788451,-0.39651884661699177,True
0.3381760763429718,-0.40023338186653024,True
0.3316691384074903,-0.40332776180628704,True
0.3249413283384885,-0.40578013118703393,True
0.31806048541792864,-0.4075745527692033,True
0.3110958602666248,-0.4087011463504999,True
0.3041174387207611,-0.40915617179976754,True
0.2971952572356265,-0.4089420554027803,True
0.2903987180900505,-0.4080673593561752,True
0.28379591268432103,-0.4065466947773523,True
0.277452961051725,-0.40440057912503075,True
0.27143337534806,-0.40165523944126547,True
0.2657974545628617,-0.3983423633283492,True
0.2606017170370196,-0.39449880005592297,True
0.2558983766060017,-0.39016621465254775,True
0.2517348673511227,-0.3853906982663302,True
0.24815342106855823,-0.3802223384773348,True
0.2451907006902011,-0.37471475360725354,True
0.24287749204069448,-0.3689245953952128,True
0.2412384555139222,-0.36291102468974745,True
0.2402919385160892,-0.3567351650441917,True
0.24004984886071207,-0.350459539292425,True
0.2405175887165024,-0.34414749432410163,True
0.24169404820003332,-0.3378626193701728,True
0.24357165726495755,-0.33166816315267655,True
0.24613649415928696,-0.3256264552436966,True
0.24936844839151973,-0.31979833692181275,True
0.2532414358545914,-0.3142426067073414,True
0.25772366349407755,-0.3090154856048287,True
0.2627779406656036,-0.304170106882089,True
0.2683620340999483,-0.29975603497449316,True
0.27442906317886057,-0.29581881782115715,True
0.28092793201843663,-0.2923995766226107,True
0.28780379466006467,-0.2895346366572112,True
0.2949985494832685,-0.28725520241305197,True
0.3024513587830643,-0.2855870798840308,True
0.31009918930043107,-0.2845504484497424,True
0.31787736936202304,-0.28415968430939,True
0.32572015817831845,-0.2844232369779727,True
0.33356132277132805,-0.285343559877508,True
0.3413347179566372,-0.2869170955756066,True
0.34897486479170226,-0.28913431573762577,True
0.3564175229238105,-0.29197981537423323,True
0.36360025232662074,-0.2954324604842812,True
0.3704629600023136,-0.2994655877190889,True
0.37694842734467315,-0.3040472542310155,True
0.3830028140035479,-0.30914053542115394,True
0.38857613425911025,-0.31470386787035426,True
0.39362270210082395,-0.32069143433082203,True
0.39810154140658455,-0.32705358727256073,True
0.4019767578281849,-0.3337373071266447,True
0.40521786920686204,-0.3406866910471282,True
0.40780009156529606,-0.3478434677294093,True
0.4097045779498627,-0.3551475335784891,True
0.4109186076309398,-0.36253750531747503,True
0.41143572341369733,-0.36995128396821136,True
0.4112558150733386,-0.3773266250245173,True
0.41038514721548125,-0.38460170957363315,True
0.4088363301842348,-0.3917157111069593,True
0.40662823300820866,-0.39860935279564824,True
0.40378583779867855,-0.405225450090456,True
0.4003400355035416,-0.4115094336386528,True
0.396327363481714,-0.4174098476918397,True
0.39178968599740144,-0.4228788194057987,True
0.38677381943890293,-0.4278724947056772,True
0.38133110483275406,-0.43235143670235343,True
0.37551693103491524,-0.436280982998474,True
0.3693902128136462,-0.43963155860876335,True
0.363012828865449,-0.44237894163774183,True
0.356449025593609,-0.4445044793025306,True
0.3497647931940966,-0.44599525235594767,True
0.3430272212020854,-0.44684418645065055,True
0.3363038411234352,-0.44705010948252416,True
0.3296619640843422,-0.44661775445870877,True
0.32316802156189406,-0.445557707944136,True
0.3168869172009635,-0.4438863046487438,True
0.3108813974811001,-0.4416254692178601,True
0.3052114485832329,-0.43880250677812166,True
0.29993372624105097,-0.4354498442644707,True
0.29510102467391075,-0.43160472500728975,True
0.2907617899194511,-0.42730885948675557,True
0.2869596820492903,-0.4226080355622377,True
0.2837331898938724,-0.41755169185190555,True
0.28111530105364363,-0.41219245827066087,True
0.2791332291591439,-0.4065856680281823,True
0.2778081995824534,-0.4007888456419295,True
0.2771552941101351,-0.39486117572894197,True
0.27718335447057296,-0.388862957505072,True
0.2778949440675658,-0.3828550500370036,True
0.2792863668038192,-0.37689831336287555,True
0.2813477414753984,-0.37105305061930255,True
0.28406312987200616,-0.3653784562864757,True
0.28741071641786503,-0.35993207559023865,True
0.29136303692384136,-0.35476927998070595,True
0.2958872537842012,-0.34994276344351444,True
0.3009454747334486,-0.34550206419265544,True
0.30649511207475605,-0.3414931160488116,True
0.3124892790979275,-0.3379578335218262,True
0.3188772202204789,-0.33493373429833995,True
0.3256047712105334,-0.3324536024863632,True
0.33261484568664723,-0.33054519559123746,True
0.3398479439402495,-0.3292309977958652,True
0.3472426799945493,-0.32852802169773837,True
0.3547363227030535,-0.3284476602147777,True
0.362265346604879,-0.32899558992281414,True
0.3697659881955955,-0.3301717266240796,True
0.37717480324385544,-0.3319702334818406,True
0.38442922078667613,-0.3343795815850901,True
0.3914680894704356,-0.33738266234223435,True
0.3982322119695221,-0.34095695063896564,True
0.40466486330845003,-0.3450747172429822,True
0.41071228903346374,-0.3497032884979022,True
0.4163241793226332,-0.35480535092313775,True
0.42145411528548443,-0.3603392979322082,True
0.4260599838800715,-0.36625961549995717,True
0.43010435806329467,-0.37251730325428545,True
0.4335548389859098,-0.3790603271429045,True
0.43638435724484853,-0.38583409953416437,True
0.4385714304114181,-0.39278198235597755,True
0.44010037426569587,-0.3998458086603478,True
0.4409614653881292,-0.4069664178267252,True
0.44115105299424595,-0.41408419948620234,True
0.4406716181548439,-0.4211396411631364,True
0.43953177883111216,-0.4280738745911192,True
0.4377462394820546,-0.43482921566854216,True
0.43533568438078596,-0.44134969307442345,True
0.43232661421631957,-0.4475815606677602,True
0.42875112606593113,-0.45347378894287027,True
0.42464663740407715,-0.4589785310078419,True
0.42005555546665435,-0.4640515587903575,True
0.4150248940078381,-0.4686526654542728,True
0.4096058402583593,-0.4727460303283139,True
0.4038532756998241,-0.47630054299910923,True
0.3978252550849278,-0.4792900836077917,True
0.39158244892827937,-0.4816937567986003,True
0.3851875554347994,-0.4834960772075294,True
0.37870468848847394,-0.48468710483126914,True
0.3721987488623783,-0.4852625290907534,True
0.36573478620342265,-0.4852237008810966,True
0.3593773595717527,-0.48457761238961516,True
0.3531899043621064,-0.4833368249475504,True
0.3472341133000171,-0.4815193456680238,True
0.3415693388956465,-0.4791484540945515,True
0.3362520242684363,-0.4762524805499512,True
0.33133516864960894,-0.47286453831742276,True
0.32686783315660395,-0.4690222122125376,True
0.3228946916458191,-0.46476720650070574,True
0.31945563062151194,-0.4601449554871291,True
0.31658540134080454,-0.4552042004424777,True
0.31431332643607274,-0.44999653683072,True
0.31266306259955806,-0.44457593607112256,True
0.3116524201580132,-0.43899824628923617,True
0.31129323971853134,-0.433320676696244,True
0.31159132549502344,-0.42760127037203877,True
0.3125464344278721,-0.4218983703235565,True
0.31415231978210484,-0.4162700837352593,True
0.3163968275445334,-0.4107737493326552,True
0.3192620436279929,-0.4054654127353035,True
0.32272448962115696,-0.40039931458745515,True
0.3267553645856908,-0.39562739612297726,True
0.3313208301902418,-0.3911988266466509,True
0.33638233627618214,-0.38715955720029926,True
0.34189698376824607,-0.383551904430682,True
0.3478179216713617,-0.3804141683892446,True
0.3540947747321331,-0.377780287675439,True
0.3606740981901444,-0.37567953498833895,True
0.3674998559024169,-0.3741362557778594,True
0.37451391799670125,-0.37316965229275517,True
0.38165657409898207,-0.37279361490878377,True
0.38886705809091243,-0.3730166021924559,True
0.3960840802868788,-0.37384157071635526,True
0.40324636288049065,-0.37526595519448747,True
0.41029317449824165,-0.37728169905558323,True
0.4171648597146568,-0.3798753351196531,True
0.42380335942832253,-0.38302811559560335,True
0.4301527180705679,-0.38671619017519204,True
0.43615957371617886,-0.39091083056724313,True
0.44177362728556946,-0.3955786993991583,True
0.4469480871667545,-0.4006821610112017,True
0.4516400857397697,-0.40617963129165613,True
0.4558110644519521,-0.41202596334358965,True
0.45942712426677085,-0.4181728654489873,True
0.46245933848906706,-0.42456934749720293,True
0.4648840251546402,-0.43116219178312865,True
0.4666829763625,-0.43789644385265997,True
0.46784364212618657,-0.4447159188865583,True
0.4683592665307167,-0.4515637189655024,True
0.4682289742104774,-0.45838275645599524,True
0.46745780541894716,-0.46511627869654254,True
0.46605669825308643,-0.47170838914753904,True
0.46404241693386306,-0.4781045601997137,True
0.4614374254393733,-0.48425213291005714,True
0.4582697062469,-0.49010079905629805,True
0.45457252447036617,-0.49560306106278806,True
0.450384138281892,-0.5007146655601975,True
0.44574745717674763,-0.5053950065850837,True
0.4407096503709831,-0.5096074947139947,True
0.43532170839454004,-0.5133198887439969,True
0.42963796173858115,-0.5165045868862914,True
0.4237155612071473,-0.5191388748195447,True
0.4176139253798155,-0.5212051283560845,True
0.41139416128133344,-0.5226909689007426,True
0.4051184649443801,-0.5235893703255126,True
0.3988495090135673,-0.523898716338322,True
0.3926498248487656,-0.5236228078888425,True
0.3865811867269454,-0.5227708206173971,True
0.38070400570634283,-0.5213572128228613,True
0.3750767405056557,-0.5194015848801724,True
0.36975533237522057,-0.5169284914902467,True
0.36479267041505214,-0.5139672085789996,True
0.3602380931520759,-0.5105514570793569,True
0.3561369314557089,-0.5067190862249172,True
0.3525300970795369,-0.5025117193527945,True
0.3494537202992401,-0.49797436555340996,True
0.34693883930291136,-0.49315500081400665,True
0.3450111432049932,-0.48810412257421304,True
0.3436907698196795,-0.4828742818499373,True
0.3429921586578189,-0.477519597277371,True
0.3429239590116142,-0.4720952555856788,True
0.3434889924661194,-0.4666570031184588,True
0.3446842687238544,-0.4612606330969202,True
0.34650105324270336,-0.4559614733410149,True
0.34892498485965384,-0.4508138791496035,True
0.3519362412941163,-0.4458707359793676,True
0.35550975018479436,-0.44118297645781146,True
0.3596154431043691,-0.4367991161239676,True
0.36421854980847024,-0.43276481210295076,True
0.36927992980383284,-0.42912244870319216,True
0.3747564381604857,-0.4259107536647356,True
0.38060132234239624,-0.4231644485017162,True
0.3867646466891791,-0.4209139360604068,True
0.3931937410493912,-0.4191850280719959,True
0.39983366994524533,-0.4179987151094268,True
0.4066277185419665,-0.41737098096980507,True
0.4135178916054599,-0.417312663100211,True
0.42044542156217507,-0.41782936026600165,True
0.42735128172781267,-0.41892138823530456,True
0.4341767007485757,-0.42058378381938333,True
0.4408636743013771,-0.4228063571742131,True
0.4473554701280341,-0.42557379183502875,True
0.45359712253230383,-0.4288657915254517,True
0.45953591254635096,-0.43265727236409546,True
0.4651218300722749,-0.4369185986798784,True
0.47030801442204906,-0.44161586025613936,True
0.47505116981209755,-0.44671118844696855,True
0.47931195251349873,-0.45216310825691525,True
0.483055326512335,-0.4579269231463764,True
0.4862508846945802,-0.4639551290265899,True
0.48887313273472566,-0.47019785363858224,True
0.4909017330371529,-0.47660331727634214,True
0.4923217062558272,-0.48311831061608185,True
0.49312358810488605,-0.4896886852532105,True
0.49330353937581295,-0.49625985242957094,True
0.4928634073035759,-0.5027772853545709,True
0.49181073668338027,-0.5091870204892099,True
0.49015872944131494,-0.5154361531693227,True
0.48792615171604914,-0.5214733229962707,True
0.4851371879236726,-0.5272491845165375,True
0.48182124176053276,-0.532716858850451,True
0.4780126846527024,-0.5378323621062128,True
0.473750552784514,-0.5425550066349143,True
0.4690781945257746,-0.5468477714360619,True
0.46404287081553786,-0.5506776383137038,True
0.45869531183130224,-0.5540158907066892,True
0.45308923405242035,-0.5568383724663427,True
0.44728082258735563,-0.5591257042328557,True
0.44132818434529486,-0.5608634554608378,True
0.43529077826208257,-0.5620422705600521,True
0.4292288293085874,-0.562657948048397,True
0.4232027333905464,-0.5627114720537274,True
0.41727246047274374,-0.562208995946672,True
0.4114969633149113,-0.5611617783308896,True
0.40593359908866,-0.5595860720628567,True
0.4006375708594795,-0.55750296740342,True
0.39566139547994433,-0.5549381908328429,True
0.39105440387078544,-0.5519218614632381,True
0.3868622789930056,-0.5484882073749716,True
0.38312663606679204,-0.544675244567223,True
0.37988464880354184,-0.54052442155453,True
0.37716872461589346,-0.5360802329499323,True
0.3750062309849963,-0.5313898056565265,True
0.3734192744167243,-0.5265024615310128,True
0.3724245327268298,-0.5214692605938722,True
0.37203314077024574,-0.5163425290278301,True
0.37225062917785645,-0.5111753763366502,True
0.3730769151855879,-0.5060212061270581,True
0.37450634423196677,-0.5009332250204934,True
0.37652778065486225,-0.4959639542103396,True
0.37912474552701414,-0.4911647481406321,True
0.38227559942401973,-0.4865853247091579,True
0.3859537677077913,-0.4822733112753122,True
0.39012800572510853,-0.478273810601835,True
0.3947627011570642,-0.4746289906621563,True
0.3998182106059485,-0.4713777020208041,True
0.40525122736743846,-0.46855512622934703,True
0.4110151772063002,-0.46619245839371815,True
0.4170606388326013,-0.464316626746953,True
0.423335785663823,-0.46295005172264964,True
0.4297868453579925,-0.46211044665857903,True
0.4363585735164964,-0.46181066188128544,True
0.44299473788521615,-0.4620585735254301,True
0.44963860933148697,-0.4628570180376396,True
0.45623345584421254,-0.46420377289879294,True
0.46272303579676866,-0.46609158368327464,True
0.4690520867277259,-0.4685082371537464,True
0.4751668059328068,-0.47143667967647945,True
0.48101531922183527,-0.474855179831744,True
0.4865481342749598,-0.4787375336965127,True
0.49171857513066725,-0.48305331088965026,True
0.4964831944511807,-0.4877681391007811,True
0.5008021603357555,-0.49284402447510217,True
0.5046396145861213,-0.4982397048991337,True
0.5079639994686423,-0.5039110329321927,True
0.5107483501629995,-0.5098113848560185,True
0.5129705502372653,-0.5158920920758622,True
0.5146135476451957,-0.5221028908978702,True
0.5156655289067589,-0.528392386539022,True
0.516120049312079,-0.5347085270915919,True
0.5159761171890611,-0.5409990830722167,True
0.5152382305041908,-0.5472121281314738,True
0.5139163643338139,-0.5532965164885489,True
0.5120259080593721,-0.5592023526863056,True
0.5095875515135438,-0.5648814493314828,True
0.506627119742769,-0.5702877685990215,True
0.5031753565595671,-0.5753778434292398,True
0.4992676576364688,-0.580111174539824,True
0.49494375453784206,-0.5844505995998097,True
0.490247351787024,-0.5883626311759038,True
0.4852257198084228,-0.5918177603559649,True
0.4799292473467189,-0.5947907232764539,True
0.47441095772241715,-0.5972607281312577,True
0.4687259940056636,-0.5992116406108378,True
0.46293107884792684,-0.6006321261101325,True
0.4570839552737946,-0.6015157474512549,True
0.45124281517546333,-0.6018610172815524,True
0.44546572254820205,-0.6016714047331175,True
0.43981003864049645,-0.6009552963535245,True
0.4343318561603458,-0.5997259117460458,True
0.42908544948018984,-0.5980011747735716,True
0.4241227474272824,-0.5958035415946636,True
0.4194928347510582,-0.5931597871935136,True
0.4152414877485432,-0.5901007524518582,True
0.4114107488306081,-0.5866610541655582,True
0.4080385440570598,-0.5828787607510785,True
0.40515834688688784,-0.5787950366948978,True
0.40279889061043417,-0.5744537590820568,True
0.40098393117713316,-0.5699011097906636,True
0.39973206142586815,-0.5651851471534064,True
0.39905657707923686,-0.5603553610705827,True
0.398965394286638,-0.5554622156997193,True
0.39946101799769557,-0.5505566839536643,True
0.40054056001564675,-0.5456897781010578,True
0.40219580521539333,-0.5409120807944724,True
0.40441332410495545,-0.5362732808270781,True
0.40717462965407014,-0.531821717877129,True
0.41045637609907465,-0.5276039403939781,True
0.41423059725129074,-0.5236642806581346,True
0.4184649816778432,-0.5200444508750856,True
0.4231231819834149,-0.5167831639617114,True
0.42816515529383886,-0.5139157824528958,True
0.4335475319244146,-0.511473998686596,True
0.4392240091063575,-0.5094855491373412,True
0.4451457665434774,-0.5079739654501899,True
0.4512619004791947,-0.5069583643871987,True
0.4575198728732576,-0.5064532785442948,True
0.4638659722199415,-0.5064685293189014,True
0.4702457824877854,-0.5070091432294921,True
0.47660465662658613,-0.5080753122877207,True
0.48288819107262027,-0.5096623987305158,True
0.4890426976882767,-0.5117609840119807,True
0.4950156695982218,-0.5143569615603446,True
0.5007562374297558,-0.5174316724026583,True
0.5062156125294611,-0.5209620823792818,True
0.5113475138089195,-0.524920999286735,True
0.5161085749673396,-0.529277327931103,True
0.5204587289452424,-0.533996360724365,True
0.5243615665785453,-0.5390401011389719,True
0.5277846665439131,-0.5443676170277972,True
0.5306998938128331,-0.5499354205519883,True
0.5330836639628852,-0.5556978712082791,True
0.5349171708309947,-0.5616075982384234,True
0.536186575137981,-0.5676159385229228,True
0.5368831518703588,-0.5736733859191387,True
0.5370033943807214,-0.579730047895542,True
0.5365490733695089,-0.5857361052487083,True
0.5355272491477004,-0.5916422706572401,True
0.5339502358613876,-0.597400241843142,True
0.5318355166943471,-0.6029631451534881,True
0.5292056094620923,-0.6082859654748468,True
0.5260878824755113,-0.6133259585117073,True
0.5225143210871014,-0.6180430416353628,True
0.518521245935135,-0.6224001597018303,True
0.5141489845644629,-0.6263636224834024,True
0.5094414988134865,-0.6299034106170994,True
0.5044459710975855,-0.6329934472757853,True
0.4992123534663283,-0.6356118330890302,True
0.4937928840382664,-0.6377410421846751,True
0.48824157609374114,-0.6393680775917635,True
0.4826136857029423,-0.6404845846223036,True
0.4769651642558197,-0.6410869212471495,True
0.47135210261782245,-0.6411761848806367,True
0.4658301738428603,-0.6407581953960394,True
0.4604540814209973,-0.6398434346013274,True
0.45527701992051894,-0.638446942808055,True
0.4503501546075703,-0.636588173523269,True
0.44572212620522006,-0.6342908076796808,True
0.4414385864077693,-0.6315825291910675,True
0.43754176912121434,-0.6284947639764134,True
0.434070101685299,-0.6250623849224098,True
0.43105785957716575,-0.621323385573728,True
0.42853486732910495,-0.617318525612098,True
0.42652624764048097,-0.613090951446892,True
0.42505221994764275,-0.6086857954582422,True
0.42412794905296225,-0.6041497576228538,True
0.42376344381626524,-0.5995306734080962,True
0.42396350538493965,-0.5948770719359219,True
0.4247277239841685,-0.5902377284996861,True
0.4260505229030994,-0.5856612155583598,True
0.42792124799046266,-0.5811954563390687,True
0.43032430070602257,-0.5768872851419015,True
0.43323931255356196,-0.5727820183742394,True
0.4366413585372978,-0.5689230402279126,True
0.44050120712889135,-0.5653514067774934,True
0.4447856040982616,-0.5621054720904066,True
0.44945758744359965,-0.5592205397407395,True
0.45447683054892624,-0.5567285428685624,True
0.45980001059983583,-0.5546577556700263,True
0.4653811991975965,-0.5530325388996594,True
0.4711722720297474,-0.5518731216621646,True
0.4771233343818425,-0.5511954214284231,True
0.48318315921256044,-0.5510109038649827,True
0.4892996344643822,-0.5513264836978925,True
0.4954202162467795,-0.5521444674628125,True
0.5014923845095977,-0.5534625386045486,True
0.5074640978226536,-0.5552737850134033,True
0.5132842438934645,-0.557566768691882,True
0.5189030824887746,-0.5603256368700242,True
0.5242726774758707,-0.5635302735069289,True
0.5293473147651623,-0.5671564897522217,True
0.5340839030142278,-0.5711762515873734,True
0.5384423540426728,-0.5755579425256463,True
0.5423859400051401,-0.5802666589359192,True
0.5458816244734531,-0.585264535250557,True
0.5489003646878907,-0.5905110960536563,True
0.5514173823500531,-0.595963631787232,True
0.553412400447877,-0.6015775946119194,True
0.554869843727673,-0.6073070107574383,True
0.5557790005639052,-0.6131049055577569,True
0.5561341441295279,-0.6189237372433755,True
0.5559346109453428,-0.6247158354831259,True
0.5551848350950133,-0.6304338406261587,True
0.5538943366413648,-0.6360311395848727,True
0.5520776630797237,-0.6414622943375575,True
0.5497542830225451,-0.6466834590925058,True
0.546948431733912,-0.6516527822683077,True
0.5436889086254734,-0.656330789583815,True
0.5400088273871482,-0.6606807447338403,True
0.5359453200509461,-0.6646689843326085,True
0.5315391969646853,-0.6682652240569762,True
0.5268345653678453,-0.671442833185984,True
0.5218784099941949,-0.6741790750361348,True
0.5167201398495996,-0.6764553111115842,True
0.5114111060010633,-0.6782571671285814,True
0.5060040958353685,-0.6795746594334705,True
0.5005528097745113,-0.6804022807042136,True
0.49511132684505016,-0.6807390442058339,True
0.48973356576908855,-0.6805884862562692,True
0.4844727483618454,-0.679958626951949,True
0.4793808719780263,-0.6788618895842248,True
0.47450819754847656,-0.6773149795635961,True
0.4699027593993778,-0.6753387240423047,True
0.4656099025654666,-0.6729578737852474,True
0.46167185271920474,-0.6702008691859007,True
0.45812732316622984,-0.667099572652062,True
0.4550111626325787,-0.6636889698909062,True
0.45235404681991953,-0.6600068429039498,True
0.4501822159584216,-0.6560934177593318,True
0.44851725986629787,-0.6519909904333206,True
0.44737595134972474,-0.6477435342062899,True
0.4467701281606807,-0.6433962922653182,True
0.4467066231816356,-0.6389953592882763,True
0.44718724202902654,-0.6345872558822814,True
0.4482087868607265,-0.6302184998011341,True
0.4497631248326962,-0.6259351778952063,True
0.4518372993688727,-0.6217825227212334,True
0.45441368217895145,-0.6178044976992502,True
0.45747016377073335,-0.6140433946065895,True
0.4609803800496144,-0.610539447085118,True
0.46491397246867244,-0.6073304636780591,True
0.4692368790826011,-0.6044514837296151,True
0.4739116537619548,-0.6019344592616417,True
0.47889781073737336,-0.5998079656998841,True
0.48415219156455475,-0.5980969440525407,True
0.48962935152888043,-0.5968224768505923,True
0.49528196244434247,-0.5960015998504724,True
0.5010612287454765,-0.595647151166321,True
0.506917313725355,-0.5957676591591599,True
0.5127997727385863,-0.5963672700547552,True
0.5186579901674965,-0.5974457158967043,True
0.5244416169434549,-0.5989983230781573,True
0.5301010054241241,-0.6010160613229989,True
0.5355876384515416,-0.6034856326193412,True
0.5408545494547959,-0.6063895992485138,True
0.5458567305131804,-0.6097065496896729,True
0.5505515253601473,-0.6134113008494878,True
0.5548990043818007,-0.6174751347161714,True
0.558862318745839,-0.62186606724369,True
0.5624080308838876,-0.6265491469617159,True
0.5655064186422543,-0.6314867805480173,True
0.5681317505114589,-0.6366390823405249,True
0.5702625294450296,-0.6419642445609877,True
0.5718817028837289,-0.6474189248181893,True
0.5729768367173177,-0.6529586473126063,True
0.5735402510460434,-0.6585382140272517,True
0.5735691157560081,-0.6641121221065225,True
0.5730655041036783,-0.6696349835634821,True
0.5720364027243342,-0.6750619434386302,True
0.5704936767460328,-0.6803490925435268,True
0.5684539890137922,-0.6854538709821127,True
0.5659386728144047,-0.6903354587244854,True
0.5629735579459569,-0.6949551496310954,True
0.5595887504982735,-0.6992767054854487,True
0.5558183672981173,-0.703266686778078,True
0.5517002266176966,-0.7068947572077295,True
0.5472754974335546,-0.7101339591118886,True
0.5425883102366145,-0.7129609573119087,True
0.5376853331104087,-0.7153562491635389,True
0.5326153174863059,-0.717304338905418,True
0.5274286186252988,-0.718793874757149,True
0.5221766964353638,-0.7198177475428907,True
0.5169116026880441,-0.7203731499981816,True
0.5116854610230233,-0.7204615962671675,True
0.5065499463110023,-0.7200889014860734,True
0.501555769971196,-0.7192651217003396,True
0.4967521777108462,-0.7180044547458818,True
0.49218646587430537,-0.7163251030780529,True
0.48790352217341293,-0.7142490998816396,True
0.4839453960379933,-0.7118021001341982,True
0.48035090320037965,-0.7090131386168355,True
0.47715526843769646,-0.7059143571589203,True
0.47438980966957256,-0.702540703696903,True
0.47208166587280864,-0.698929605964065,True
0.4702535705549986,-0.6951206228736162,True
0.46892367184481276,-0.6911550768389059,True
0.46810539962611,-0.6870756704609668,True
0.4678073795747808,-0.6829260911336235,True
0.468033393459508,-0.6787506072313354,True
0.4687823846401147,-0.6745936596122739,True
0.470048507338123,-0.6704994521980405,True
0.471821217958263,-0.6665115454020826,True
0.4740854064986203,-0.6626724561347306,True
0.4768215658933182,-0.6590232680527189,True
0.4800059969754119,-0.655603255614542,True
0.48361104662109244,-0.6524495253678646,True
0.48760537653221536,-0.6495966777368231,True
0.4919542600258365,-0.6470764923751096,True
0.49661990412302187,-0.644917639932938,True
0.5015617941614534,-0.6431454228402242,True
0.5067370580951222,-0.6417815474323956,True
0.512100847590249,-0.6408439294652991,True
0.517606732978443,-0.6403465347425089,True
0.5232071090888162,-0.6402992562743619,True
0.5288536089495511,-0.6407078290311926,True
0.5344975223299371,-0.6415737830312717,True
0.5400902160849964,-0.6428944351329311,True
0.5455835532694353,-0.6446629195652956,True
0.5509303080042462,-0.6468682568624027,True
0.5560845731091091,-0.6494954605330482,True
0.5610021575544669,-0.652525680435122,True
0.565640970839016,-0.6559363815087117,True
0.5699613914581823,-0.6597015561843944,True
0.5739266166962664,-0.6637919684862525,True
0.5775029910470235,-0.6681754275510613,True
0.5806603106435724,-0.6728170880284223,True
0.5833721011575487,-0.6776797745649678,True
0.5856158667106302,-0.6827243273714,True
0.5873733074295584,-0.687909965664292,True
0.5886305033727339,-0.6931946656228762,True
0.5893780626660644,-0.6985355493552733,True
0.5896112318153002,-0.7038892812798868,True
0.5893299663181313,-0.7092124682540979,True
0.5885389598910805,-0.7144620597464735,True
0.5872476308626061,-0.7195957443582826,True
0.58547006457308,-0.7245723390283494,True
0.5832249109723517,-0.7293521673274271,True
0.5805352370217032,-0.7338974233550518,True
0.5774283339911019,-0.7381725178847387,True
0.5739354802935868,-0.7421444035724433,True
0.5700916611096175,-0.7457828762452784,True
0.5659352467141192,-0.7490608495054221,True
0.5615076321117007,-0.7519546001490921,True
0.5568528412893945,-0.7544439821578969,True
0.5520171000881673,-0.7565126073384989,True
0.5470483823454023,-0.7581479909752312,True
0.5419959345454898,-0.759341661214915,True
0.5369097847053912,-0.7600892312173202,True
0.5318402415960577,-0.760390433475981,True
0.5268373906376959,-0.7602491160479722,True
0.5219505928973321,-0.7596732007977545,True
0.5172279935540306,-0.7586746041071555,True
0.512716045984509,-0.7572691208487123,True
0.508459057269407,-0.7554762727650908,True
0.5044987604445635,-0.7533191227114817,True
0.5008739182455596,-0.7508240565478875,True
0.4976199624413112,-0.7480205347410509,True
0.49476867215349907,-0.7449408160343203,True
0.4923478938378004,-0.7416196557736398,True
0.49038130488831155,-0.7380939817248308,True
0.48888822213820543,-0.7344025504056342,True
0.48788345588729076,-0.7305855871345942,True
0.48737720950284374,-0.7266844131432783,True
0.487375024122421,-0.7227410632044945,True
0.48787776754006207,-0.7187978973168633,True
0.48888166597910593,-0.7148972100266789,True
0.49037837714252586,-0.7110808409880721,True
0.4923551026779594,-0.7073897903371604,True
0.49479473799241974,-0.7038638424135633,True
0.49767605719126273,-0.7005412012675968,True
0.5009739307900953,-0.6974581412884053,True
0.5046595737476914,-0.6946486761325373,True
0.508700821287178,-0.6921442489656804,True
0.5130624299053188,-0.6899734468250721,True
0.5177064009124775,-0.6881617416892047,True
0.5225923237954166,-0.6867312605832514,True
0.5276777366512845,-0.6857005867908932,True
0.5329185009021769,-0.6850845939454709,True
0.5382691874674751,-0.6848943144758323,True
0.5436834715454906,-0.6851368435630103,True
0.5491145331386325,-0.6858152794425041,True
0.5545154604479554,-0.6869287005471968,True
0.5598396532646593,-0.6884721796553456,True
0.5650412234981369,-0.6904368348676659,True
0.5700753900023572,-0.6928099168989631,True
0.5748988648944403,-0.6955749318413139,True
0.579470228599978,-0.6987117982337634,True
0.5837502909074749,-0.7021970369534282,True
0.587702435368265,-0.7060039921507046,True
0.5912929444363134,-0.7101030811651948,True
0.5944913028035784,-0.7144620710928891,True
0.5972704764505506,-0.7190463794295873,True
0.5996071649987723,-0.723819396005128,True
0.6014820250231756,-0.728742823211657,True
0.6028798620613813,-0.7337770313792055,True
0.6037897891473126,-0.7388814259996791,True
0.6042053498047103,-0.744014823399476,True
0.6041246035691192,-0.7491358313830117,True
0.6035501722724984,-0.7542032313230603,True
0.6024892455324903,-0.7591763581644838,True
0.6009535441461422,-0.7640154748280901,True
0.5989592404043576,-0.7686821375568632,True
0.5965268347235485,-0.7731395488309768,True
0.593680988439125,-0.777352894601962,True
0.5904503131202302,-0.7812896627383833,True
0.5868671173428557,-0.7849199397595363,True
0.5829671124889387,-0.7882166831342652,True
0.5787890798086386,-0.7911559666619573,True
0.5743745016718721,-0.7937171966924806,True
0.5697671606218188,-0.7958832972333256,True
0.5650127105003904,-0.7976408622733117,True
0.5601582245178727,-0.7989802739646905,True
0.5552517256591879,-0.7998957856274943,True
0.5503417052331002,-0.8003855688646759,True
0.5454766356589336,-0.8004517244161046,True
0.5407044837325045,-0.8001002567108931,True
0.5360722306125301,-0.7993410124231624,True
0.5316254046189766,-0.7981875836586491,True
0.5274076326442195,-0.7966571767360993,True
0.5234602155586644,-0.7947704478311267,True
0.5198217324660791,-0.7925513070707122,True
0.5165276780517168,-0.7900266929320392,True
0.5136101365975467,-0.7872263190938561,True
0.511097495537219,-0.7841823961124839,True
0.5090142007181506,-0.7809293305484906,True
0.5073805548489511,-0.7775034043422151,True
0.5062125599607482,-0.7739424374437277,True
0.5055218041119579,-0.7702854368202068,True
0.5053153920319011,-0.7665722351113265,True
0.5055959189311072,-0.7628431222640852,True
0.5063614863100989,-0.7591384735626191,True
0.5076057582681337,-0.755498377472079,True
0.5093180565463719,-0.7519622667290435,True
0.5114834923268581,-0.748568556060708,True
0.5140831326428107,-0.7453542898550426,True
0.5170941991276367,-0.742354803006363,True
0.5204902967316926,-0.7396033980278013,True
0.5242416699603596,-0.7371310413761013,True
0.5283154841273948,-0.7349660817445084,True
0.5326761290697833,-0.7331339928776279,True
0.5372855427307226,-0.7316571432329761,True
0.5421035519833355,-0.7305545945607737,True
0.5470882280392932,-0.729841931212971,True
0.5521962537618783,-0.7295311216960746,True
0.5573833001846136,-0.7296304137016029,True
0.5626044095229563,-0.7301442635228973,True
0.5678143819606266,-0.7310733004663003,True
0.5729681634930246,-0.7324143265308417,True
0.5780212321194833,-0.7341603513222839,True
0.5829299796929861,-0.7363006618276468,True
0.5876520867609963,-0.7388209263753803,True
0.5921468877625069,-0.7417033317781802,True
0.5963757239841474,-0.744926752367086,True
0.6003022817200321,-0.7484669493174149,True
0.6038929131257307,-0.7522967984103693,True
0.6071169373042211,-0.7563865440907795,True
0.6099469192117207,-0.7607040774641527,True
0.6123589240229925,-0.7652152356386462,True
0.6143327446514495,-0.7698841196334252,True
0.6158521001814791,-0.7746734279023317,True
0.61690480304228,-0.7795448023730271,True
0.6174828928414102,-0.7844591837994147,True
0.6175827348864656,-0.7893771731292386,True
0.6172050815654747,-0.7942593955435078,True
0.6163550949367849,-0.7990668637926609,True
0.6150423291084668,-0.803761337475919,True
0.6132806712710235,-0.8083056749363983,True
0.611088240594517,-0.8126641745262384,True
0.608487244613949,-0.8168029020931931,True
0.6055037932074725,-0.8206900016724386,True
0.6021676708162282,-0.824295986529135,True
0.5985120681556105,-0.8275940078759354,True
0.5945732753127997,-0.8305600988172734,True
0.5903903387967757,-0.8331733912859117,True
0.5860046857850327,-0.8354163040106605,True
0.5814597194699135,-0.8372746998166626,True
0.5768003900222229,-0.8387380108482461,True
0.572072746233786,-0.8397993306155368,True
0.5673234733489821,-0.8404554720622797,True
0.5625994229276754,-0.8407069911793841,True
0.5579471407812723,-0.8405581760107159,True
0.5534123990798158,-0.8400170012084677,True
0.5490397386386571,-0.8390950486258656,True
0.544872027161307,-0.8378073947442014,True
0.5409500388521971,-0.8361724660286336,True
0.5373120603364215,-0.8342118636195407,True
0.533993527253674,-0.8319501590197336,True
0.5310266952573548,-0.8294146627314457,True
0.5284403484708916,-0.8266351680125744,True
0.526259547760679,-0.8236436721746458,True
0.5245054204991316,-0.8204740780155583,True
0.5231949928373301,-0.817161878197003,True
0.5223410648961179,-0.8137438254776812,True
0.5219521287356123,-0.810257591890054,True
0.5220323284771811,-0.8067414200012919,True
0.5225814615375743,-0.8032337694948107,True
0.523595019587083,-0.7997729623213212,True
0.5250642675618095,-0.7963968297026678,True
0.5269763588348847,-0.7931423642175927,True
0.5293144844783397,-0.7900453801756244,True
0.5320580544148406,-0.7871401853792761,True
0.5351829081607736,-0.784459267278117,True
0.5386615527899331,-0.7820329963790423,True
0.542463425694063,-0.7798893496088322,True
0.546555179677216,-0.7780536561394589,True
0.5509009878911879,-0.7765483679833719,True
0.5554628660953677,-0.7753928574195262,True
0.5602010097061223,-0.7746032430825588,True
0.5650741430851148,-0.7741922462610055,True
0.5700398785049786,-0.7741690786865686,True
0.5750550822234204,-0.7745393628035961,True
0.580076245093509,-0.7753050851992068,True
0.5850598551409937,-0.776464583585372,True
0.589962769546971,-0.7780125674036472,True
0.5947425834883564,-0.7799401718247353,True
0.5993579933076567,-0.7822350445959942,True
0.6037691515086836,-0.784881464914882,True
0.6079380111023984,-0.7878604931737706,True
0.6118286568602311,-0.7911501501841057,True
0.6154076210652547,-0.7947256241803242,True
0.6186441813875793,-0.7985595036713741,True
0.6215106385470227,-0.8026220339712108,True
0.6239825714632892,-0.8068813949993304,True
0.6260390676359487,-0.811303997790879,True
0.6276629265409503,-0.8158547969286872,True
0.6288408338873147,-0.8204976160299607,True
0.6295635046453074,-0.8251954832294441,True
0.6298257928493509,-0.8299109735785619,True
0.6296267662964546,-0.8346065551651496,True
0.6289697444172865,-0.8392449357600359,True
0.6278622977974895,-0.8437894067725447,True
0.6263162080817202,-0.8482041813435525,True
0.624347387307193,-0.8524547234393547,True
0.6219757560941819,-0.8565080649250418,True
0.6192250805671439,-0.8603331076807819,True
0.6161227683929061,-0.8639009079904024,True
0.612699624893044,-0.867184940588645,True
0.6089895708074303,-0.8701613399513591,True
0.6050293239379518,-0.8728091166240883,True
0.6008580475678759,-0.8751103466249864,True
0.5965169692087964,-0.8770503322115465,True
0.592048973849622,-0.8786177325666719,True
0.5874981764445261,-0.8798046632452893,True
0.5829094788544623,-0.8806067635196261,True
0.5783281168272472,-0.8810232310478908,True
0.5737992028477297,-0.8810568236169497,True
0.5693672707976865,-0.8807138279876342,True
0.5650758283324618,-0.8800039962119648,True
0.5609669227050492,-0.8789404500486614,True
0.5570807254612675,-0.8775395544403529,True
0.5534551410016972,-0.8758207612667895,True
0.5501254434804018,-0.8738064248767181,True
0.5471239459080114,-0.8715215911516598,True
0.5444797046741734,-0.8689937621003234,True
0.542218262026518,-0.8662526381940511,True
0.5403614283653382,-0.863329840866929,True
0.53892710555602,-0.8602586177651274,True
0.5379291518444951,-0.857073533503076,True
0.5373772883965243,-0.8538101487896677,True
0.5372770469814638,-0.8505046909120436,True
0.5376297578873027,-0.8471937186157525,True
0.538432576789909,-0.8439137844841026,True
0.5396785490006942,-0.8407010979232323,True
0.5413567092800756,-0.8375911918616797,True
0.5434522152200197,-0.8346185962119046,True
0.5459465120625709,-0.8318165211038919,True
0.5488175267202842,-0.8292165527746819,True
0.5520398886951732,-0.8268483649008748,True
0.5555851755439166,-0.8247394479965601,True
0.5594221805057408,-0.8229148593452467,True
0.5635171998879004,-0.8213969957258298,True
0.5678343377904033,-0.8202053909943203,True
0.5723358257425696,-0.8193565403390485,True
0.5769823548184791,-0.8188637527922167,True
0.5817334177953909,-0.8187370333096056,True
0.5865476589182705,-0.8189829954592822,True
0.5913832288362061,-0.8196048054861561,True
0.5961981422809612,-0.820602158214211,True
0.6009506360672607,-0.8219712849777502,True
0.6055995250059676,-0.8237049934565793,True
0.6101045533374806,-0.8257927390145448,True
0.6144267393112997,-0.8282207268391737,True
0.6185287105594929,-0.8309720439157093,True
0.6223750279342225,-0.8340268195665721,True
0.6259324955045039,-0.8373624130613444,True
0.6291704544309544,-0.8409536265245412,True
0.6320610584621826,-0.8447729411530238,True
0.6345795288214389,-0.8487907745359523,True
0.6367043862789104,-0.8529757566783823,True
0.6384176582363658,-0.8572950221611986,True
0.6397050586894104,-0.8617145157133241,True
0.6405561389850122,-0.8661993083640107,True
0.6409644073622958,-0.8707139212337818,True
0.6409274153623218,-0.8752226539650554,True
0.6404468093241744,-0.8796899147410806,True
0.6395283453598027,-0.8840805488430756,True
0.6381818664260731,-0.8883601626984058,True
0.6364212403971822,-0.8924954404287622,True
0.6342642583887904,-0.8964544499718051,True
0.6317324930001075,-0.9002069359538796,True
0.6288511166207345,-0.9037245966217445,True
0.6256486804904935,-0.9069813422821211,True
0.6221568557942664,-0.9099535328862388,True
0.6184101387055044,-0.912620192591869,True
0.6144455219441508,-0.914963199339877,True
0.6103021360665319,-0.9169674477446853,True
0.6060208643303878,-0.9186209838184854,True
0.6016439355555215,-0.9199151103465263,True
0.5972144999011567,-0.920844461973945,True
0.5927761928861303,-0.921407049375862,True
0.5883726932650175,-0.9216042721529262,True
0.5840472805306208,-0.9214409003923141,True
0.5798423978318082,-0.920925025128113,True
0.5757992259741663,-0.9200679782093492,True
0.5719572739161167,-0.9188842223859232,True
0.5683539907947982,-0.9173912126743926,True
0.5650244040341491,-0.9156092303466006,True
0.5620007875211667,-0.9135611911186883,True
0.5593123632115925,-0.9112724293626345,True
0.5569850388671919,-0.9087704603779616,True
0.555041183957977,-0.9060847229466668,True
0.5534994451080538,-0.9032463045960831,True
0.5523746018401061,-0.9002876521147852,True
0.5516774627996046,-0.8972422700306797,True
0.5514148021234861,-0.8941444098415459,True
0.5515893351683794,-0.8910287528776933,True
0.5521997324319414,-0.8879300897311229,True
0.5532406701861904,-0.8848829992044249,True
0.5547029160909293,-0.8819215297387708,True
0.556573447860982,-0.8790788862473012,True
0.558835602916506,-0.8763871252303751,True
0.5614692568421289,-0.8738768609588657,True
0.5644510284107154,-0.8715769854200494,True
0.5677545088825069,-0.8695144045721248,True
0.5713505132645732,-0.8677137933154239,True
0.5752073512024367,-0.8661973714025997,True
0.579291115171087,-0.8649847023154044,True
0.5835659836339598,-0.8640925169319857,True
0.5879945368417371,-0.8635345635572891,True
0.5925380829493825,-0.8633214856725694,True
0.5971569921361569,-0.8634607284770144,True
0.6018110364218908,-0.8639564750517656,True
0.6064597328816337,-0.8648096126809093,True
0.6110626879719203,-0.8660177296116792,True
0.6155799406936276,-0.8675751422337876,True
0.6199723023303512,-0.8694729523920021,True
0.6242016905160803,-0.8716991342662986,True
0.6282314554014311,-0.8742386499769444,True
0.6320266957040047,-0.8770735928228203,True
0.6355545624431573,-0.8801833567866222,True
0.6387845481747758,-0.8835448307238465,True
0.6416887595545473,-0.8871326154032241,True
0.6442421710718318,-0.8909192613784542,True
0.6464228578099086,-0.8948755254606165,True
0.6482122051056147,-0.8989706434081953,True
0.6495950930051728,-0.9031726162878998,True
0.6505600534482039,-0.9074485078476717,True
0.6510993981645097,-0.911764750133379,True
0.6512093153454331,-0.9160874545164639,True
0.6508899332609998,-0.9203827252411596,True
0.6501453491444928,-0.9246169725847708,True
0.6489836218657711,-0.9287572227385197,True
0.6474167271699105,-0.9327714215281538,True
0.6454604745766238,-0.9366287291818828,True
0.6431343854190692,-0.9402998034146146,True
0.6404615319510235,-0.9437570682293891,True
0.6374683379634639,-0.9469749659558371,True
0.6341843419192722,-0.9499301902264042,True
0.6306419242245319,-0.9526018977473412,True
0.6268760008919582,-0.9549718969466207,True
0.6229236864949228,-0.957024811782256,True
0.6188239299376841,-0.9587482192390253,True
0.6146171271537443,-0.9601327592855856,True
0.6103447153653624,-0.9611722163231087,True
0.60604875397024,-0.9618635714240409,True
0.6017714974460123,-0.9622070249323211,True
0.5975549658641465,-0.962205989276116,True
0.5934405186715833,-0.9618670521069355,True
0.5894684373288818,-0.9611999101793041,True
0.5856775221884273,-0.9602172746228089,True
0.5821047086677934,-0.958934748550246,True
0.5787847073341023,-0.9573706781771945,True
0.5757496719869605,-0.9555459788847942,True
0.5730288992317921,-0.9534839378747219,True
0.570648562397428,-0.951209995283056,True
0.5686314819957928,-0.9487515058138016,True
0.5669969342702096,-0.9461374831203306,True
0.5657604987535282,-0.9433983293303967,True
0.5649339451732065,-0.9405655522255623,True
0.5645251595122761,-0.9376714727114187,True
0.5645381085687924,-0.9347489252785518,True
0.5649728419590254,-0.9318309542399771,True
0.5658255301779423,-0.9289505085355796,True
0.5670885370660079,-0.9261401379239815,True
0.5687505248243088,-0.9234316933543163,True
0.5707965895675984,-0.9208560342689612,True
0.573208425295837,-0.9184427455222159,True
0.5759645140932117,-0.9162198665005449,True
0.579040340320806,-0.9142136349253521,True
0.5824086265470116,-0.9124482476604897,True
0.5860395889545909,-0.9109456407233817,True
0.5899012099656774,-0.9097252904595635,True
0.593959525838166,-0.9088040377213029,True
0.5981789269982332,-0.9081959365912935,True
0.6025224688907097,-0.9079121290465282,True
0.6069521911424088,-0.9079607466470898,True
0.6114294428499697,-0.9083468401458791,True
0.6159152118166885,-0.9090723375964662,True
0.6203704555783233,-0.9101360313392285,True
0.6247564320701378,-0.9115335939188799,True
0.6290350278012008,-0.9132576227664961,True
0.6331690814143105,-0.9152977131877255,True
0.6371227005208562,-0.9176405589494459,True
0.6408615697105763,-0.9202700795029712,True
0.6443532476436914,-0.9231675726415876,True
0.6475674511388428,-0.9263118911363076,True
0.6504763241746372,-0.9296796417139197,True
0.6530546897239222,-0.9332454044847875,True
0.655280282342988,-0.9369819707952657,True
0.6571339594411263,-0.9408605972603681,True
0.6585998891662314,-0.9448512736244405,True
0.6596657128612622,-0.9489230019440636,True
0.6603226800821423,-0.9530440845029623,True
0.6605657542255656,-0.9571824177824917,True
0.6603936869035805,-0.9613057897457142,True
0.6598090593295113,-0.9653821776966532,True
0.658818289153269,-0.9693800439357719,True
0.6574316014132223,-0.9732686264861963,True
0.655662962560671,-0.9770182221938241,True
0.6535299768675452,-0.9806004595953651,True
0.6510537449475047,-0.9839885590312992,True
0.6482586846048451,-0.9871575776175013,True
0.6451723147664847,-0.9900846368229144,True
0.6418250038400404,-0.9927491305724992,True
0.638249684461007,-0.9951329119788189,True
0.6344815372248155,-0.9972204570086862,True
0.630557646624282,-0.9989990036033775,True
0.6265166330060669,-1.0004586650140723,True
0.6223982648962962,-1.0015925163491834,True
0.6182430565029065,-1.0023966535767286,True
0.6140918555602278,-1.0028702244954513,True
0.609985426921482,-1.0030154314453108,True
0.6059640374168195,-1.0028375057675416,True
0.6020670474735181,-1.0023446543459384,True
0.5983325148373837,-1.0015479787317074,True
0.5947968154549066,-1.0004613676937406,True
0.5914942861786315,-0.9991013642181125,True
0.5884568934686532,-0.9974870082367165,True
0.5857139316982952,-0.9956396565947342,True
0.5832917540569914,-0.993582781954157,True
0.5812135384018269,-0.9913417525254368,True
0.5794990897654608,-0.9889435947013363,True
0.5781646806015466,-0.9864167408117985,True
0.577222929258828,-0.9837907643502171,True
0.5766827166346692,-0.9810961051283885,True
0.5765491404793691,-0.9783637869204317,True
0.5768235064076559,-0.9756251302012571,True
0.5775033543274113,-0.9729114626387704,True
0.5785825187148222,-0.9702538300014288,True
0.5800512209466134,-0.9676827101528415,True
0.5818961917366937,-0.9652277327573457,True
0.5841008216093871,-0.9629174072614536,True
0.5866453372668614,-0.9607788616518421,True
0.5895070016652968,-0.9588375943755683,True
0.592660335595624,-0.9571172416747676,True
0.5960773585650043,-0.955639362474852,True
0.5997278467852494,-0.9544232427572986,True
0.6035796060945169,-0.9534857212041129,True
0.6075987576604143,-0.9528410376826032,True
0.611750034337054,-0.952500705929943,True
0.615997085572369,-0.9524734115788449,True
0.6203027887841629,-0.952764936422352,True
0.6246295651443505,-0.9533781095899689,True
0.6289396977283388,-0.9543127860243751,True
0.6331956500040297,-0.9555658524513624,True
0.6373603826471413,-0.9571312607198603,True
0.6413976666820704,-0.9590000881907461,True
0.6452723909554111,-0.9611606245700544,True
0.6489508619544734,-0.9635984843501615,True
0.6524010939860294,-0.9662967438004407,True
0.6555930877278123,-0.9692361011945746,True
0.658499095161486,-0.9723950587758948,True
0.6610938688878136,-0.9757501247497012,True
0.6633548938159124,-0.979276033410704,True
0.6652625992106124,-0.982945981339404,True
0.6668005490786069,-0.9867318774827196,True
0.6679556088782133,-0.9906046047540356,True
0.6687180865579271,-0.9945342907533032,True
0.6690818459680529,-0.9984905850553067,True
0.6690443907592252,-1.0024429405155704,True
0.6686069169862514,-1.0063608959591657,True
0.6677743327863719,-1.0102143576467384,True
0.666555243703473,-1.0139738769021398,True
0.6649619024914895,-1.0176109213296396,True
0.6630101225562779,-1.0210981371299288,True
0.6607191545855331,-1.0244096000665048,True
0.6581115263733807,-1.0275210528094285,True
0.6552128463598274,-1.0304101264414756,True
0.6520515719714078,-1.0330565441238735,True
0.6486587444503219,-1.0354423050454953,True
0.6450676924809878,-1.0375518469986258,True
0.6413137075424947,-1.0393721861006087,True
0.637433694512135,-1.0408930324160426,True
0.6334658015940843,-1.042106880454686,True
0.6294490341252166,-1.0430090737434385,True
0.6254228571972114,-1.0435978429466246,True
0.6214267923098331,-1.0438743172137712,True
0.617500013424628,-1.0438425087154983,True
0.6136809478109565,-1.0435092705648452,True
0.6100068869675024,-1.042884228560535,True
0.6065136126667112,-1.0419796874446492,True
0.6032350428174534,-1.0408105125927407,True
0.6002029013884834,-1.0393939882621375,True
0.5974464161038385,-1.0377496537830018,True
0.594992047029586,-1.035899119221264,True
0.5928632485480191,-1.0338658622664085,True
0.5910802665797085,-1.0316750082516017,True
0.5896599722896376,-1.0293530953664372,True
0.5886157329189191,-1.0269278272501037,True
0.5879573198342687,-1.0244278152760715,True
0.5876908533938571,-1.0218823129084535,True
0.5878187837990875,-1.0193209446065306,True
0.5883399067388034,-1.0167734317681467,True
0.5892494123370324,-1.0142693182568756,True
0.5905389656825092,-1.0118376980236465,True
0.5921968170448301,-1.0095069473472587,True
0.5942079397580723,-1.007304464124885,True
0.5965541936748524,-1.0052564166404974,True
0.5992145120471971,-1.0033875040607292,True
0.6021651096766126,-1.0017207308905463,True
0.6053797101771102,-1.000277197415507,True
0.6088297902141327,-0.999075908042556,True
0.612484838608509,-0.9981335992816949,True
0.6163126282262358,-0.9974645889212123,True
0.6202794986075235,-0.9970806477477162,True
0.6243506473218878,-0.9969908949737495,True
0.6284904280651576,-0.9972017182824856,True
0.6326626535431638,-0.9977167192172559,True
0.636830901208713,-0.9985366843515987,True
0.6409588199402966,-0.9996595825040306,True
0.6450104357646653,-1.0010805879509193,True
0.6489504547387972,-1.0027921294285058,True
0.652744561111665,-1.00478396439476,True
0.656359708890134,-1.0070432778676517,True
0.6597644049292227,-1.0095548048715268,True
0.6629289816600423,-1.0123009753397139,True
0.665825857556034,-1.0152620801039238,True
0.668429783421901,-1.0184164564062759,True
0.6707180725710702,-1.0217406911938682,True
0.672670812938387,-1.0252098402947365,True
0.6742710591587602,-1.0287976614194183,True
0.6755050026341191,-1.0324768588248003,True
0.676362117614411,-1.036219337341764,True
0.6768352813425372,-1.039996463420684,True
0.6769208663622854,-1.0437793307461622,True
0.6766188031734491,-1.047539027969276,True
0.6759326115455531,-1.0512469060618046,True
0.674869398979413,-1.0548748428129864,True
0.6734398250419718,-1.0583955020263756,True
0.6716580305972585,-1.061782585017381,True
0.6695415313199432,-1.0650110720824373,True
0.6671110753064563,-1.0680574517256927,True
0.6643904650875495,-1.070899935535625,True
0.6614063448877742,-1.0735186567273425,True
0.6581879545615087,-1.075895850564388,True
0.6547668522407858,-1.0780160149861588,True
0.6511766083461181,-1.079866050023909,True
0.6474524742058723,-1.0814353747133565,True
0.6436310290907495,-1.0827160205070119,True
0.6397498099627086,-1.0837027003263446,True
0.635846928651895,-1.0843928526942987,True
0.631960681482607,-1.0847866605763308,True
0.6281291565619834,-1.0848870448076438,True
0.6243898440104264,-1.0846996322257578,True
0.6207792543484801,-1.0842326988576443,True
0.6173325500631837,-1.0834970887285502,True
0.6140831950677845,-1.0825061091056183,True
0.611062626354367,-1.0812754031872844,True
0.6082999516394393,-1.0798228014601563,True
0.6058216762381532,-1.0781681531381206,True
0.6036514617973986,-1.076333139282564,True
0.6018099188937891,-1.0743410693610278,True
0.6003144348821685,-1.072216663147286,True
0.5991790377836808,-1.0699858200121812,True
0.5984142964445684,-1.0676753777458343,True
0.5980272566922032,-1.0653128631489717,True
0.5980214127715507,-1.062926236726269,True
0.598396712965964,-1.0605436338165506,True
0.5991495979964024,-1.0581931045674018,True
0.6002730705459225,-1.0559023551458873,True
0.6017567940707264,-1.0536984925707087,True
0.6035872189267268,-1.0516077754989175,True
0.6057477337551752,-1.0496553732618592,True
0.608218840024107,-1.047865135355888,True
0.6109783476053344,-1.0462593734849814,True
0.6140015892740902,-1.0448586581518413,True
0.6172616520412918,-1.0436816316494708,True
0.6207296232614784,-1.0427448391335572,True
0.624374849500654,-1.04206257933244,True
0.6281652061882005,-1.0416467762142008,True
0.6320673761196498,-1.0415068727776067,True
0.6360471349151088,-1.0416497479086386,True
0.6400696415727258,-1.0420796570387656,True
0.6440997322863955,-1.0427981971054656,True
0.6481022157218347,-1.0438042961286504,True
0.6520421679628003,-1.0450942274372121,True
0.6558852253528364,-1.046661648395591,True
0.6595978734640771,-1.0484976632377223,True
0.6631477304244049,-1.0505909093917185,True
0.6665038228284464,-1.0529276664669864,True
0.6696368524445064,-1.0554919868653372,True
0.6725194519115306,-1.0582658467840513,True
0.6751264275954151,-1.0612293161799868,True
0.6774349877472451,-1.0643607461045117,True
0.6794249540761796,-1.0676369716430778,True
0.6810789548231633,-1.0710335285711898,True
0.6823825973994886,-1.0745248816933384,True
0.6833246186445298,-1.0780846627304859,True
0.6838970107645036,-1.0816859155536656,True
0.6840951210457124,-1.0853013464573091,True
0.6839177235018459,-1.0889035771687854,True
0.6833670607194816,-1.0924653982182864,True
0.6824488543219126,-1.0959600203433681,True
0.6811722826805904,-1.0993613215727918,True
0.6795499247763406,-1.102644087724401,True
0.677597669448273,-1.1057842440848253,True
0.6753345896698381,-1.1087590761327637,True
0.67278278195554,-1.1115474372846559,True
0.6699671715201533,-1.1141299417489385,True
0.6669152843760873,-1.1164891407325257,True
0.6636569881475138,-1.1186096803905698,True
0.6602242039847342,-1.1204784400864825,True
0.6566505925586401,-1.1220846497320742,True
0.6529712176786203,-1.123419985143056,True
0.649222191588186,-1.1244786405855234,True
0.6454403064256533,-1.1252573778771353,True
0.641662656676497,-1.1257555516547877,True
0.637926257669851,-1.1259751106016562,True
0.6342676652783149,-1.1259205747014651,True
0.6307226019562608,-1.1255989887505977,True
0.627325594105613,-1.1250198526454536,True
0.6241096254876186,-1.1241950291074425,True
0.6211058110252895,-1.1231386297624586,True
0.6183430948739488,-1.1218668806740002,True
0.6158479761002956,-1.1203979686027905,True
0.6136442647256433,-1.1187518694651413,True
0.6117528702771968,-1.1169501605970595,True
0.61019162437763,-1.1150158185931285,True
0.6089751383052942,-1.1129730046101813,True
0.6081146958943253,-1.1108468391410244,True
0.6076181816285204,-1.1086631683501544,True
0.6074900433257581,-1.1064483241369314,True
0.6077312884170782,-1.1042288801592544,True
0.608339512497411,-1.1020314060533218,True
0.6093089585652952,-1.0998822221391167,True
0.6106306051688086,-1.097807156842731,True
0.6122922815345538,-1.095831309094841,True
0.6142788076616646,-1.0939788178505945,True
0.6165721573138552,-1.0922726408823513,True
0.6191516418226906,-1.0907343448217488,True
0.621994112625993,-1.0893839084131114,True
0.6250741804902591,-1.088239540727875,True
0.6283644494078606,-1.0873175160255588,True
0.631835763205174,-1.0866320267325316,True
0.6354574629491682,-1.086195055882133,True
0.639197653288793,-1.0860162701482665,True
0.6430234759153497,-1.0861029344445456,True
0.6469013883674826,-1.0864598488304882,True
0.650797446443352,-1.0870893082770579,True
0.6546775885125872,-1.087991085640581,True
0.658507920042203,-1.0891624379494678,True
0.6622549966669723,-1.090598135931075,True
0.6658861041406732,-1.0922905164612864,True
0.6693695335045934,-1.094229557425864,True
0.6726748498005098,-1.096402974269467,True
0.6757731526385461,-1.09879633730648,True
0.6786373269066551,-1.1013932086868383,True
0.681242281877533,-1.1041752977152686,True
0.6835651769334796,-1.1071226330648725,True
0.6855856320917585,-1.1102137502716936,True
0.6872859214745598,-1.113425892741707,True
0.6886511478354094,-1.1167352243978916,True
0.6896693962296893,-1.1201170519799373,True
0.690331864909835,-1.1235460549145242,True
0.6906329715414494,-1.126996520623228,True
0.6905704328827589,-1.1304425830674596,True
0.6901453161557971,-1.1338584623225498,True
0.6893620604693244,-1.1372187029404097,True
0.6882284668409179,-1.1404984089152432,True
0.6867556556109511,-1.143673473041482,True
0.6849579903527974,-1.1467207985764527,True
0.6828529677583185,-1.1496185111502581,True
0.6804610734159003,-1.152346158957137,True
0.6778056038950633,-1.1548848994154017,True
0.6749124560945362,-1.1572176705810737,True
0.671809885387958,-1.159329345734602,True
0.6685282346978555,-1.161206869770004,True
0.665099637219386,-1.1628393761275746,True
0.6615576960852071,-1.1642182832517687,True
0.6579371447833179,-1.1653373697063623,True
0.654273492593014,-1.1661928272912778,True
0.6506026596696317,-1.1667832917478258,True
0.646960606666112,-1.1671098507745103,True
0.6433829639240485,-1.1671760293683333,True
0.6399046652824207,-1.1669877526465762,True
0.6365595914474216,-1.1665532865712502,True
0.6333802276367125,-1.1658831571400252,True
0.6303973398765674,-1.1649900488878213,True
0.6276396738941984,-1.1638886836141553,True
0.6251336800425263,-1.1625956805680948,True
0.6229032671273397,-1.1611293993659522,True
0.6209695874133492,-1.159509767162281,True
0.6193508544773346,-1.1577580916785277,True
0.6180621949814225,-1.1558968618564962,True
0.617115534871393,-1.1539495379822908,True
0.616519519981598,-1.1519403332665756,True
0.6162794705567575,-1.149893988846666,True
0.6163973687971877,-1.1478355443862414,True
0.6168718781879776,-1.145790106299758,True
0.6176983931017411,-1.1437826158091677,True
0.6188691169489546,-1.1418376189230128,True
0.6203731670002147,-1.1399790405037458,True
0.6221967038991639,-1.1382299644226537,True
0.6243230838334693,-1.136612421905433,True
0.6267330313058133,-1.1351471899186198,True
0.6294048304606514,-1.1338536015106853,True
0.6323145329484587,-1.1327493697754119,True
0.6354361803574636,-1.1318504270884084,True
0.6387420392940278,-1.1311707810318559,True
0.6422028472525789,-1.1307223883431703,True
0.645788067472721,-1.1305150479956831,True
0.649466151037435,-1.1305563143891297,True
0.6532048045155749,-1.1308514314036546,True
0.6569712614963751,-1.1314032879096898,True
0.6607325563983852,-1.1322123950946177,True
0.6644557989635983,-1.13327688580147,True
0.6681084478651715,-1.134592535850436,True
0.6716585818653131,-1.1361528070866553,True
0.6750751669613198,-1.137948911784825,True
0.6783283179445191,-1.139969897713482,True
0.6813895527802097,-1.1422027531019046,True
0.6842320381863631,-1.144632530474377,True
0.6868308247537578,-1.1472424881950938,True
0.6891630699074375,-1.1500142483807214,True
0.6912082469635373,-1.1529279697078636,True
0.6929483384871502,-1.1559625334672152,True
0.6943680121146066,-1.1590957411575362,True
0.6954547769656296,-1.1623045217225445,True
0.6961991187519867,-1.1655651465583603,True
0.6965946116864057,-1.1688534502090786,True
0.696638005327216,-1.172145054770559,True
0.6963292845580272,-1.175415595844519,True
0.6956717010146067,-1.178640947999934,True
0.6946717744333091,-1.1817974476090918,True
0.6933392626185131,-1.184862111008013,True
0.6916870990115834,-1.1878128459741393,True
0.68973129719318,-1.19062865453648,True
0.6874908220662264,-1.1932898252916189,True
0.684987427937495,-1.1957781134207386,True
0.6822454642411369,-1.1980769067869583,True
0.6792916502074822,-1.200171376578601,True
0.6761548203654307,-1.2020486111492195,True
0.6728656433536196,-1.2036977318257631,True
0.6694563170864182,-1.2051099896742237,True
0.6659602438504162,-1.2062788423350976,True
0.6624116893785214,-1.2072000103013676,True
0.6588454303339778,-1.2078715121157697,True
0.6552963949285312,-1.2082936782513662,True
0.651799301573484,-1.2084691435788253,True
0.6483883005190075,-1.2084028185194062,True
0.6450966233703297,-1.2081018392461886,True
0.6419562451796773,-1.20757549739846,True
0.6389975635139736,-1.2068351500249965,True
0.6362490984986691,-1.2058941106372894,True
0.6337372173581406,-1.2047675224038827,True
0.6314858864323659,-1.2034722147174652,True
0.6295164530694611,-1.2020265444796094,True
0.6278474591960372,-1.200450223590089,True
0.6264944877759234,-1.19876413429374,True
0.6254700427953207,-1.1969901340701676,True
0.6247834628830146,-1.1951508519194238,True
0.6244408681918164,-1.1932694779095856,True
0.6244451397484515,-1.191369547965122,True
0.6247959301210252,-1.1894747258524774,True
0.6254897039652236,-1.1876085844176372,True
0.6265198067826526,-1.185794388049901,True
0.6278765600613865,-1.1840548784016631,True
0.629547380857115,-1.1824120653199872,True
0.6315169238105428,-1.1808870249070398,True
0.6337672435723916,-1.179499706556987,True
0.6362779756163829,-1.1782687507373542,True
0.6390265334510389,-1.1772113191639153,True
0.6419883202916025,-1.176342938930109,True
0.6451369533114594,-1.1756773619872163,True
0.6484444986587918,-1.1752264412626952,True
0.6518817154887778,-1.1750000245178378,True
0.6554183073264086,-1.1750058669111632,True
0.659023179131858,-1.1752495630276547,True
0.6626646984925929,-1.1757344989914984,True
0.6663109594076122,-1.1764618250565697,True
0.6699300471625276,-1.1774304489066687,True
0.6734903028160604,-1.1786370496890695,True
0.6769605858303388,-1.1800761126366008,True
0.6803105333771043,-1.1817399839048581,True
0.6835108148421498,-1.18361894510506,True
0.6865333800285609,-1.1857013068132982,True
0.689351699527349,-1.1879735201490977,True
0.6919409956846277,-1.1904203053862221,True
0.6942784625444749,-1.1930247963529266,True
0.6963434730949636,-1.1957686992936343,True
0.6981177720869446,-1.1986324646565032,True
0.6995856526436831,-1.2015954702433196,True
0.7007341148292373,-1.2046362139549491,True
0.7015530043125917,-1.2077325143823776,True
0.7020351292461542,-1.2108617173187748,True
0.7021763534928394,-1.2140009063023736,True
0.7019756643817369,-1.2171271152152172,True
0.7014352132639151,-1.2202175409587852,True
0.7005603272813155,-1.2232497542231673,True
0.6993594909616926,-1.2262019064278118,True
0.6978442965109499,-1.2290529308612237,True
0.6960293620031047,-1.231782736222102,True
0.6939322170545067,-1.2343723907310207,True
0.6915731560212259,-1.2368042951502956,True
0.6889750592599032,-1.2390623430990417,True
0.6861631835384822,-1.241132067228636,True
0.6831649232540705,-1.243000769914505,True
0.6800095446965646,-1.2446576372766314,True
0.6767278961673748,-1.2460938355313387,True
0.6733520972992891,-1.2473025887943978,True
0.669915211407959,-1.2482792376749423,True
0.6664509051134891,-1.2490212781481187,True
0.6629930997874154,-1.249528380406163,True
0.6595756195882528,-1.2498023875436561,True
0.6562318409419111,-1.2498472941648708,True
0.6529943482917393,-1.2496692051200793,True
0.6498946007952968,-1.2492762748359323,True
0.6469626143801581,-1.2486786278362683,True
0.6442266632056748,-1.247888261209899,True
0.641713004128576,-1.2469189300075512,True
0.6394456272510882,-1.2457860166322454,True
0.6374460350689776,-1.2445063854755285,True
0.6357330521509026,-1.2430982241813624,True
0.6343226666914674,-1.241580873013327,True
0.6332279047095857,-1.239974643935319,True
0.632458737125939,-1.2383006310926723,True
0.6320220194623191,-1.2365805144465218,True
0.6319214634732108,-1.2348363584050701,True
0.6321576396476758,-1.2330904072870739,True
0.6327280092168424,-1.2313648795292418,True
0.6336269840611878,-1.229681762529394,True
0.6348460127351232,-1.2280626100131016,True
0.6363736907039556,-1.2265283437629269,True
0.6381958928202519,-1.225099061583804,True
0.6402959260336484,-1.2237938531883286,True
0.6426547003386521,-1.2226306257522983,True
0.6452509159937361,-1.2216259406854129,True
0.6480612650989644,-1.2207948631193772,True
0.6510606456832426,-1.2201508254877371,True
0.6542223865232114,-1.2197055064093008,True
0.6575184809899303,-1.2194687259949402,True
0.6609198282897164,-1.2194483584822227,True
0.6643964805333482,-1.2196502630293706,True
0.6679178941236491,-1.220078233210395,True
0.6714531840040278,-1.220733965708271,True
0.6749713793462165,-1.2216170484408841,True
0.6784416792839376,-1.2227249681900632,True
0.6818337073133676,-1.2240531376481338,True
0.6851177629848164,-1.2255949416126553,True
0.6882650694976545,-1.2273418018308566,True
0.6912480157917752,-1.22928325992966,True
0.6940403916913233,-1.2314070775664874,True
0.6966176146153714,-1.2336993529097864,True
0.6989569463146637,-1.2361446522961537,True
0.7010376980353438,-1.2387261558601668,True
0.7028414224458497,-1.241425815736091,True
0.7043520906010493,-1.24422452535677,True
0.7055562521598522,-1.247102298273272,True
0.7064431770252083,-1.2500384547893213,True
0.707004976548416,-1.2530118147036147,True
0.7072367024350694,-1.2560008943279866,True
0.7071364215210042,-1.258984105960843,True
0.7067052646585522,-1.2619399579601938,True
0.7059474480730874,-1.264847253536003,True
0.7048702657278269,-1.267685286446691,True
0.7034840514707461,-1.2704340317539975,True
0.7018021100404822,-1.2730743299022589,True
0.6998406163728038,-1.275588062399774,True
0.6976184830771236,-1.2779583174944678,True
0.6951571964355611,-1.280169544335522,True
0.6924806218032062,-1.2822076941846972,True
0.6896147798494594,-1.284060347440293,True
0.68658759564986,-1.2857168252476145,True
0.6834286232122659,-1.2871682848111592,True
0.6801687485558253,-1.2884077974133548,True
0.6768398749657999,-1.289430408619216,True
0.6734745944650385,-1.2902331799924862,True
0.6701058498926673,-1.2908152121327827,True
0.6667665922107737,-1.2911776487264515,True
0.663489437793169,-1.2913236617380037,True
0.6603063304507203,-1.2912584178430866,True
0.657248212839771,-1.2909890265133617,True
0.654344711669632,-1.2905244702431349,True
0.651623840795647,-1.2898755176300736,True
0.6491117258626377,-1.2890546201426414,True
0.6468323536703309,-1.288075793566296,True
0.6448073488901258,-1.2869544852741475,True
0.6430557801864858,-1.2857074285381422,True
0.6415939972177556,-1.2843524853216461,True
0.6404354994154593,-1.2829084789407539,True
0.6395908369042217,-1.2813950182544511,True
0.639067543419043,-1.279832314916813,True
0.6388701006373352,-1.2782409954969551,True
0.6389999329528642,-1.2766419101049635,True
0.6394554314045654,-1.2750559393758585,True
0.640232005215257,-1.2735038015295643,True
0.6413221592077094,-1.2720058613336835,True
0.6427155952305975,-1.2705819426737124,True
0.6443993356498835,-1.2692511464993543,True
0.6463578669238123,-1.2680316757718897,True
0.6485733012847013,-1.2669406690530072,True
0.6510255545798364,-1.265994044192845,True
0.6536925383811124,-1.2652063536290836,True
0.6565503645366649,-1.2645906525052966,True
0.6595735604197287,-1.2641583809026473,True
0.6627352932054968,-1.263919261167897,True
0.6660076015891057,-1.2638812113191438,True
0.6693616334290378,-1.2640502752523266,True
0.6727678878688247,-1.2644305704182688,True
0.676196460543856,-1.2650242533653828,True
0.6796172905274335,-1.2658315034999332,True
0.6830004076999401,-1.2668505251255757,True
0.686316179246746,-1.2680775677761904,True
0.6895355539925412,-1.2695069645583974,True
0.6926303032745529,-1.2711311881916412,True
0.695573257031809,-1.2729409241258174,True
0.6983385337553759,-1.2749251601068246,True
0.700901762895301,-1.2770712912758728,True
0.7032402982639907,-1.279365239834624,True
0.7053334209102269,-1.281791588132644,True
0.7071625298681905,-1.2843337239431167,True
0.7087113191132459,-1.286973996505315,True
0.7099659389921515,-1.2896938819555852,True
0.7109151403330128,-1.2924741564930515,True
0.7115503994039278,-1.2952950757555366,True
0.7118660218670553,-1.2981365586422453,True
0.7118592238925189,-1.3009783739559728,True
0.7115301886462404,-1.303800328024371,True
0.7108820964702066,-1.3065824516551034,True
0.7099211272256114,-1.3093051846064052,True
0.7086564334861586,-1.3119495559172911,True
0.7071000835460043,-1.314497358388306,True
0.7052669735499473,-1.3169313156312406,True
0.7031747084589891,-1.3192352401407923,True
0.7008434520248885,-1.3213941809175835,True
0.6982957464600057,-1.3233945593314438,True
0.6955563030305071,-1.3252242919465864,True
0.6926517653692222,-1.3268728992364656,True
0.6896104478662917,-1.328331599176506,True
0.686462052044496,-1.3295933849092112,True
0.6832373643290843,-1.3306530857842984,True
0.6799679390669502,-1.3315074112579917,True
0.6766857710119464,-1.3321549772802803,True
0.6734229617606173,-1.332596314977661,True
0.6702113847797482,-1.3328338616026518,True
0.6670823537077915,-1.3328719338479396,True
0.6640662985377654,-1.3327166838748805,True
0.6611924540938744,-1.3323760384382324,True
0.6584885649204799,-1.331859621787151,True
0.6559806103059213,-1.3311786630203928,True
0.6536925527013737,-1.3303458888622202,True
0.6516461122662826,-1.329375402824239,True
0.6498605697155148,-1.3282825519403785,True
0.648352599066546,-1.3270837823107333,True
0.6471361313175817,-1.3257964848334431,True
0.6462222495393238,-1.3244388325275842,True
0.6456191153595062,-1.3230296110279463,True
0.6453319263581824,-1.321588043751854,True
0.645362903498826,-1.3201336134306954,True
0.6457113073823422,-1.3186858815883065,True
0.6463734818468057,-1.3172643077041084,True
0.6473429232275582,-1.315888069650933,True
0.6486103734520066,-1.314575887128218,True
0.6501639350508013,-1.3133458496475576,True
0.6519892061277917,-1.312215250697946,True
0.6540694333276375,-1.3112004295787991,True
0.6563856808701654,-1.310316622332394,True
0.6589170137764141,-1.3095778231745154,True
0.6616406934800829,-1.3089966576366845,True
0.6645323841020784,-1.3085842685952247,True
0.6675663677506521,-1.308350216213085,True
0.6707157672955901,-1.308302392679593,True
0.6739527751472076,-1.3084469525294042,True
0.6772488866433799,-1.308788259143316,True
0.6805751367128594,-1.3093288479113583,True
0.6839023385329727,-1.3100694063443956,True
0.6872013229401016,-1.3110087713364138,True
0.6904431773723264,-1.3121439435182773,True
0.6935994831354264,-1.31347011860319,True
0.6966425497739798,-1.3149807353443934,True
0.6995456453109372,-1.3166675396894136,True
0.7022832210818023,-1.3185206644742233,True
0.704831129841201,-1.320528723912239,True
0.707166835759993,-1.3226789219694688,True
0.7092696148601174,-1.3249571735974237,True
0.711120744360277,-1.3273482376948242,True
0.7127036793248704,-1.329835860517136,True
0.7140042149345057,-1.332402928205967,True
0.7150106326276752,-1.3350316270062237,True
0.7157138283089182,-1.337703609643868,True
0.7161074207894385,-1.3404001663482958,True
0.7161878386219334,-1.34310239888039,True
0.7159543835293412,-1.3457913959701024,True
0.7154092687079924,-1.3484484085155282,True
0.7145576304197485,-1.3510550229130622,True
0.7134075114819789,-1.353593330924799,True
0.7119698155181179,-1.356046094484216,True
0.7102582311533672,-1.3583969039447013,True
0.708289125721804,-1.3606303282869856,True
0.7060814084939271,-1.3627320559282579,True
0.7036563639248178,-1.3646890248239802,True
0.7010374559549623,-1.3664895406989834,True
0.6982501049494356,-1.3681233823122285,True
0.695321439423519,-1.3695818928360188,True
0.6922800252484403,-1.3708580565087645,True
0.6891555755459541,-1.3719465599148974,True
0.6859786449360497,-1.372843837333122,True
0.6827803121879921,-1.373548099807361,True
0.6795918556147611,-1.3740593476826544,True
0.6764444257408352,-1.3743793665696107,True
0.6733687198455907,-1.3745117067758494,True
0.6703946629450098,-1.3744616464897557,True
0.6675510996147332,-1.3742361390542333,True
0.6648655007951929,-1.3738437449062948,True
0.6623636893553945,-1.3732945488007753,True
0.6600695877539186,-1.3726000631794926,True
0.6580049906281212,-1.3717731185505757,True
0.6561893646018757,-1.3708277419889525,True
0.6546396770321551,-1.3697790248417723,True
0.6533702548528724,-1.3686429809409875,True
0.6523926741227449,-1.3674363966069323,True
0.651715680373367,-1.3661766738851882,True
0.6513451393837766,-1.3648816684232759,True
0.6512840176009138,-1.3635695235536285,True
0.6515323910741506,-1.362258502058606,True
0.6520874814923981,-1.3609668172198852,True
0.6529437176917854,-1.359712464667842,True
0.6540928208471368,-1.3585130566079289,True
0.6555239114593254,-1.3573856599213563,True
0.6572236362015115,-1.3563466396447497,True
0.6591763126790926,-1.3554115092461123,True
0.661364090185468,-1.3545947890514292,True
0.6637671245905596,-1.3539098741439144,True
0.6663637655706159,-1.3533689129018236,True
0.6691307544748939,-1.3529826972996049,True
0.6720434312151486,-1.352760565945205,True
0.6750759486568774,-1.3527103207379023,True
0.6782014930792372,-1.3528381578703534,True
0.6813925093536958,-1.3531486138517164,True
0.6846209295576097,-1.3536445268898734,True
0.6878584038055416,-1.354327014157142,True
0.691076532115119,-1.3551954649167983,True
0.6942470961629847,-1.3562475497112236,True
0.6973422897924813,-1.3574792454031297,True
0.7003349471344342,-1.3588848758538288,True
0.703198767183377,-1.3604571678318957,True
0.705908533633198,-1.3621873215629143,True
0.7084403287326673,-1.3640650953542492,True
0.7107717398507888,-1.366078903334615,True
0.7128820573763113,-1.368215925504532,True
0.7147524624903243,-1.3704622290079245,True
0.716366203266483,-1.3728028994567243,True
0.7177087574718644,-1.3752221811164986,True
0.7187679803614051,-1.3777036246095173,True
0.7195342356954118,-1.3802302407371878,True
0.7200005081663773,-1.3827846590325594,True
0.7201624954018566,-1.385349289467863,True
0.7200186777342938,-1.387906485916792,True
0.719570363987217,-1.3904387097552202,True
0.7188217116456529,-1.39292869212912,True
0.7177797199480065,-1.395359593349579,True
0.7164541946725687,-1.3977151579786455,True
0.7148576836874002,-1.3999798641166896,True
0.7130053826963024,-1.4021390655752533,True
0.7109150110320883,-1.4041791255533007,True
0.7086066578262601,-1.4060875406939077,True
0.7061025993948086,-1.4078530542628984,True
0.7034270892313512,-1.4094657575693101,True
0.7006061225456248,-1.410917178559017,True
0.6976671778419999,-1.412200356960761,True
0.6946389385425343,-1.4133099051383207,True
0.6915509981386494,-1.4142420543145526,True
0.6884335527486769,-1.4149946855895439,True
0.6853170852829557,-1.4155673456923894,True
0.6822320456259751,-1.415961247194315,True
0.6792085313590118,-1.4161792533649282,True
0.6762759735318746,-1.4162258477595757,True
0.6734628318730624,-1.4161070889110654,True
0.6707963035942553,-1.4158305505858344,True
0.6683020496126766,-1.4154052481551032,True
0.6660039416028845,-1.4148415518849213,True
0.6639238328021714,-1.4141510878598922,True
0.6620813549708046,-1.413346627609367,True
0.6604937433475672,-1.4124419674062982,True
0.6591756908825412,-1.4114517984011028,True
0.6581392324788893,-1.4103915688096413,True
0.6573936594570524,-1.4092773394593228,True
0.6569454639767942,-1.4081256339859152,True
0.6567983127335687,-1.406953285154913,True
0.6569530488799767,-1.4057772786421792,True
0.6574077208302657,-1.4046145957981306,True
0.6581576363691906,-1.4034820567571682,True
0.6591954403224427,-1.4023961654532644,True
0.6605112139276768,-1.4013729578150436,True
0.6620925939931334,-1.4004278546617217,True
0.66392490991224,-1.3995755205769538,True
0.6659913366267617,-1.398829730062354,True
0.6682730616849559,-1.398203242184274,True
0.6707494646132007,-1.3977076848660257,True
0.6733983069097641,-1.397353449872602,True
0.6761959310633953,-1.3971495993984069,True
0.6791174671008269,-1.397103785174276,True
0.6821370452579559,-1.3972221807131857,True
0.6852280134639136,-1.3975094274233952,True
0.6883631583988727,-1.3979685949296545,True
0.6915149289574855,-1.3986011560476344,True
0.6946556609971263,-1.3994069765594142,True
0.6977578022863289,-1.4003843198817687,True
0.7007941365857402,-1.4015298665448213,True
0.703738005795515,-1.4028387483041591,True
0.7065635290835048,-1.4043045964827472,True
0.7092458178790473,-1.4059196041649564,True
0.7117611855622219,-1.4076746015360548,True
0.714087350619423,-1.4095591437259376,True
0.7162036319572894,-1.41156161028731,True
0.7180911349832437,-1.4136693153740227,True
0.7197329269689192,-1.415868627534872,True
0.7211142001262719,-1.4181450980942896,True
0.7222224207330189,-1.4204835967684142,True
0.7230474625774909,-1.4228684533875056,True
0.7235817229290119,-1.4252836042686081,True
0.7238202192162789,-1.427712741966244,True
0.7237606645946693,-1.4301394669250815,True
0.7234035206339859,-1.4325474396781952,True
0.7227520254501668,-1.43492053212348,True
0.7218121957588245,-1.4372429765043815,True
0.7205928015392519,-1.439499510702267,True
0.719105312274408,-1.441675518473625,True
0.7173638140733377,-1.4437571633824433,True
0.7153848973824413,-1.4457315151613856,True
0.7131875154477135,-1.4475866673334612,True
0.7107928141937324,-1.4493118450863542,True
0.7082239347124702,-1.4508975023053616,True
0.7055057901117022,-1.4523354070413783,True
0.7026648190099992,-1.4536187144976127,True
0.6997287184980913,-1.4547420270240203,True
0.6967261598595996,-1.4557014404939488,True
0.6936864907693987,-1.456494576746283,True
0.6906394280210804,-1.4571206018149354,True
0.6876147450798118,-1.4575802297698026,True
0.6846419588941001,-1.4578757122648092,True
0.6817500204213688,-1.4580108138557257,True
0.678967013234312,-1.457990773399619,True
0.6763198643741388,-1.4578222519362831,True
0.6738340713147091,-1.4575132675239397,True
0.6715334485165936,-1.457073117783003,True
0.6694398965827348,-1.456512290718962,True
0.6675731965253875,-1.4558423648939862,True
0.6659508310984352,-1.4550758997030036,True
0.6645878346031739,-1.4542263169292362,True
0.6634966720196938,-1.45330777461153,True
0.6626871477977332,-1.4523350344682695,True
0.662166344151348,-1.451323324033687,True
0.6619385882738614,-1.450288194888515,True
0.662005447508731,-1.449245378209532,True
0.6623657512051931,-1.4482106390123288,True
0.6630156377391383,-1.4471996304546595,True
0.6639486249957408,-1.4462277494735158,True
0.6651557024899565,-1.445309995165866,True
0.6666254432282493,-1.4444608311117249,True
0.6683441333972108,-1.443694052996891,True
0.6702959179801963,-1.4430226626800005,True
0.6724629604535998,-1.4424587498590433,True
0.6748256147887003,-1.4420133824236487,True
0.6773626080759089,-1.4416965064901683,True
0.6800512321859449,-1.441516857005028,True
0.6828675429888873,-1.4414818797353919,True
0.6857865657503205,-1.4415976653176106,True
0.6887825054232481,-1.4418688960132564,True
0.6918289606344263,-1.4422988055444639,True
0.6948991402420572,-1.4428891524527905,True
0.697966081394249,-1.4436402071291932,True
0.7010028680619643,-1.444550752653583,True
0.7039828490407342,-1.445618099400896,True
0.7068798544215236,-1.446838113233647,True
0.7096684095158075,-1.448205257014728,True
0.7123239451908636,-1.4497126450458984,True
0.7148230035181609,-1.4513521098620283,True
0.7171434375774621,-1.453114280768362,True
0.7192646041794784,-1.4549886733797857,True
0.7211675481807877,-1.456963789262468,True
0.7228351769731484,-1.4590272248035325,True
0.724252423627778,-1.4611657881959321,True
0.7254063970865937,-1.4633656235339816,True
0.7262865177025377,-1.4656123407348678,True
0.726884636369452,-1.467891150175502,True
0.727195135434414,-1.4701870007064115,True
0.7272150095767701,-1.4724847197885467,True
0.7269439248673517,-1.474769154413392,True
0.7263842542979951,-1.4770253115227852,True
0.7255410882056087,-1.4792384966110788,True
0.7244222182030818,-1.4813944491851971,True
0.723038093490348,-1.4834794739057746,True
0.7214017487312222,-1.485480566100606,True
0.7195287030693686,-1.4873855305744594,True
0.7174368302898071,-1.4891830925978304,True
0.7151462006193079,-1.4908630000320404,True
0.7126788951807342,-1.4924161157277396,True
0.7100587946558323,-1.4938344992889143,True
0.7073113442564685,-1.495111477541624,True
0.7044632976316078,-1.49624170304842,True
0.7015424428247649,-1.497221200142857,True
0.6985773138360332,-1.4980473981696247,True
0.6955968916933022,-1.4987191515562215,True
0.6926302992138964,-1.4992367466766645,True
0.6897064937948019,-1.4996018954002295,True
0.6868539626314778,-1.4998177155014882,True
0.684100424701356,-1.499888698069274,True
0.6814725436865121,-1.499820662375819,True
0.6789956557304808,-1.4996206985124667,True
0.6766935155725736,-1.4992970985224616,True
0.6745880641549813,-1.498859276561334,True
0.6726992203121428,-1.4983176789512214,True
0.6710446986141992,-1.497683684936318,True
0.6696398548903458,-1.4969694991085687,True
0.6684975604083908,-1.4961880364875482,True
0.6676281051628317,-1.4953528013772293,True
0.6670391302283498,-1.494477761097793,True
0.6667355886939008,-1.49357721575556,True
0.6667197343041941,-1.4926656653174146,True
0.6669911366088355,-1.4917576751364392,True
0.6675467211608387,-1.4908677412748705,True
0.6683808331048289,-1.4900101567038935,True
0.669485322367345,-1.4891988798351314,True
0.6708496485709695,-1.4884474063227708,True
0.6724610037763418,-1.4877686455550743,True
0.6743044511568924,-1.4871748027836131,True
0.6763630777651094,-1.486677268044342,True
0.6786181596189184,-1.4862865128739362,True
0.681049337427852,-1.4860119957427513,True
0.6836348013818944,-1.485862077040901,True
0.6863514835352259,-1.4858439444285172,True
0.6891752564214012,-1.4859635491702274,True
0.6920811366412578,-1.4862255540477183,True
0.6950434922551423,-1.486633293302796,True
0.6980362528913487,-1.487188744942579,True
0.7010331215467551,-1.4878925156680833,True
0.7040077871029627,-1.488743838517378,True
0.7069341366085294,-1.489740583214645,True
0.7097864663894111,-1.4908792791378294,True
0.7125396910378198,-1.492155150640633,True
0.7151695493009986,-1.4935621643795658,True
0.7176528058447927,-1.49509308820414,True
0.7199674478011044,-1.496739561000847,True
0.7220928749323705,-1.4984921728881506,True
0.7240100821513339,-1.5003405549082744,True
0.7257018330407633,-1.5022734774558135,True
0.7271528229106301,-1.504278956431919,True
0.7283498298339023,-1.5063443661805684,True
0.7292818520055564,-1.508456558095018,True
0.7299402296950166,-1.5106019837983689,True
0.7303187500056207,-1.5127668217775374,True
0.7304137326280923,-1.514937106173669,True
0.730224094794044,-1.5170988566850752,True
0.7297513936883311,-1.5192382081849494,True
0.7289998446996011,-1.5213415390162568,True
0.7279763140553028,-1.5233955966536046,True
0.7266902846237284,-1.5253876196090594,True
0.7251537939655415,-1.527305454456177,True
0.7233813440762736,-1.529137666892239,True
0.7213897826827201,-1.530873645810326,True
0.7191981564233355,-1.5325036994245973,True
0.7168275367547959,-1.5340191426258414,True
0.7143008199540546,-1.5354123746713457,True
0.71164250313373,-1.5366769466795749,True
0.7088784387085989,-1.5378076181446145,True
0.706035570257718,-1.5388004021460766,True
0.7031416531670365,-1.539652598754837,True
0.7002249638191606,-1.5403628164515994,True
0.6973140013844449,-1.5409309813054308,True
0.6944371864646642,-1.5413583339699786,True
0.6916225609210374,-1.541647414499935,True
0.6888974931944014,-1.541802035169274,True
0.6862883932892662,-1.5418272416554433,True
0.6838204413481727,-1.5417292628645674,True
0.6815173334137377,-1.5415154500404586,True
0.6794010475559283,-1.5411942056372496,True
0.6774916330699514,-1.540774902730017,True
0.6758070249285216,-1.5402677956439919,True
0.6743628851355487,-1.53968392280666,True
0.6731724720752156,-1.539035002522,True
0.6722465384333973,-1.5383333228916394,True
0.6715932577556759,-1.5375916266748342,True
0.6712181792668368,-1.5368229923951877,True
0.6711242101618848,-1.5360407125626467,True
0.6713116242524518,-1.5352581703426682,True
0.6717780955671202,-1.534488715666474,True
0.6725187552994232,-1.533745542016926,True
0.6735262703447603,-1.5330415649432458,True
0.6747909415785964,-1.5323893034769442,True
0.6763008199886134,-1.5318007655233865,True
0.6780418387754018,-1.5312873382098258,True
0.6799979595846626,-1.5308596843030495,True
0.6821513310958845,-1.5305276455106103,True
0.6844824582921016,-1.5303001536475607,True
0.6869703808333837,-1.5301851503763608,True
0.6895928590740527,-1.5301895163439507,True
0.6923265663703839,-1.530319010224845,True
0.6951472864389812,-1.5305782183429768,True
0.6980301146197013,-1.5309705151993587,True
0.7009496619878086,-1.5314980353418526,True
0.7038802613272375,-1.532161656736557,True
0.7067961740334987,-1.532960995831214,True
0.7096717970470119,-1.533894414279972,True
0.712481868934336,-1.534959037315714,True
0.7152016742256181,-1.5361507834738148,True
0.7178072450954107,-1.537464405476317,True
0.7202755594241729,-1.5388935417899623,True
0.7225847342176306,-1.5404307784137865,True
0.7247142132812195,-1.5420677202679092,True
0.7266449479538017,-1.5437950715166038,True
0.7283595696054026,-1.54560272405648,True
0.7298425524936067,-1.5474798533225618,True
0.7310803654708423,-1.5494150205119819,True
0.7320616109298898,-1.551396280254801,True
0.7327771492924731,-1.5534112927336334,True
0.7332202072746242,-1.5554474391518198,True
0.7333864681287587,-1.5574919395136304,True
0.7332741420593434,-1.5595319716021394,True
0.7328840150515499,-1.5615547899999507,True
0.7322194744505985,-1.5635478441114956,True
0.731286509778246,-1.5654988940105283,True
0.7300936874911912,-1.5673961231079534,True
0.7286520986622961,-1.5692282465584855,True
0.7269752789068277,-1.5709846143715394,True
0.7250791002811781,-1.5726553084021415,True
0.7229816353270428,-1.5742312321506189,True
0.7207029939395659,-1.5757041927574713,True
0.7182651342513388,-1.5770669742653542,True
0.7156916492699779,-1.578313401663871,True
0.7130075315284751,-1.5794383949912896,True
0.7102389185192945,-1.580438013180805,True
0.7074128221355747,-1.5813094871330096,True
0.7045568457432788,-1.5820512418692128,True
0.7016988928165288,-1.582662907503374,True
0.6988668712914251,-1.583145319052723,True
0.6960883979038172,-1.583500505046368,True
0.6933905067839431,-1.583731665171742,True
0.6907993664718335,-1.5838431371155874,True
0.6883400093078064,-1.5838403530090583,True
0.6860360768439598,-1.583729785892584,True
0.6839095845319937,-1.5835188867481536,True
0.6819807084847666,-1.58321601265724,True
0.6802675966077143,-1.5828303468733627,True
0.6787862058592165,-1.5823718114775058,True
0.6775501668626326,-1.581850973521225,True
0.6765706765581554,-1.581278945467345,True
0.6758564190823273,-1.5806672809418867,True
0.6754135145962031,-1.58002786670647,True
0.6752454953740753,-1.5793728118980224,True
0.675353308109034,-1.5787143355161175,True
0.675735341103982,-1.5780646532463671,True
0.6763874747908404,-1.5774358646400575,True
0.677303153856031,-1.5768398416541285,True
0.6784734791522588,-1.5762881196495744,True
0.6798873175197161,-1.5757917917304736,True
0.6815314276458319,-1.5753614075319835,True
0.6833906001184191,-1.575006877203155,True
0.6854478099059771,-1.5747373816395371,True
0.6876843795777385,-1.5745612896016006,True
0.690080151692958,-1.5744860826285219,True
0.6926136688931036,-1.5745182882549795,True
0.6952623603579531,-1.574663422306684,True
0.6980027333891159,-1.5749259406025764,True
0.700810568999479,-1.5753092006614107,True
0.7036611204721086,-1.5758154335922183,True
0.7065293139357115,-1.5764457265239191,True
0.7093899500607794,-1.577200015648879,True
0.7122179060211339,-1.5780770899236152,True
0.7149883368889018,-1.5790746054240545,True
0.7176768756242696,-1.5801891101036567,True
0.7202598308062647,-1.5814160788178884,True
0.7227143812016492,-1.5827499581532651,True
0.7250187662130596,-1.5841842207236956,True
0.7271524711651046,-1.5857114283266145,True
0.7290964062966473,-1.5873233034154082,True
0.7308330782221767,-1.5890108081656606,True
0.7323467525156598,-1.5907642303926657,True
0.7336236059576204,-1.5925732755036845,True
0.7346518668808353,-1.594427163634248,True
0.7354219419509112,-1.5963147310015011,True
0.7359265276453326,-1.5982245345656452,True
0.7361607046414449,-1.600144959008894,True
0.7361220133091639,-1.6020643249771307,True
0.7358105085334937,-1.6039709976452465,True
0.7352287921673906,-1.6058534945285483,True
0.7343820215515189,-1.6077005915750906,True
0.7332778927308218,-1.6095014265144927,True
0.7319265972586088,-1.6112455985528462,True
0.7303407517988605,-1.6129232634409405,True
0.7285353001222833,-1.6145252230890583,True
0.7265273875269916,-1.6160430088660012,True
0.7243362081986207,-1.617468957863544,True
0.7219828265367079,-1.6187962814108419,True
0.7194899740072948,-1.6200191252454914,True
0.7168818236091686,-1.621132620805126,True
0.7141837445516362,-1.6221329271612008,True
0.7114220402131046,-1.6230172633326057,True
0.7086236728549595,-1.6237839305787862,True
0.7058159789073042,-1.6244323246484331,True
0.7030263788780753,-1.6249629377815564,True
0.7002820860875115,-1.6253773506061402,True
0.6976098184548887,-1.6256782139172354,True
0.6950355174979334,-1.6258692206916099,True
0.692584078513707,-1.6259550684746014,True
0.6902790956390497,-1.625941412708997,True
0.6881426251114471,-1.625834811266617,True
0.686194969626181,-1.6256426609389534,True
0.6844544861836441,-1.6253731263032474,True
0.682937419310131,-1.6250350618322345,True
0.6816577609885275,-1.6246379278253233,True
0.6806271381131144,-1.6241917010822147,True
0.6798547277682162,-1.6237067810850734,True
0.6793472001607813,-1.6231938925879528,True
0.6791086886148058,-1.6226639855404856,True
0.6791407856655957,-1.622128133226392,True
0.6794425639922287,-1.621597429609258,True
0.6800106206826336,-1.6210828867955747,True
0.6808391431524546,-1.6205953335737018,True
0.6819199949200815,-1.620145315923803,True
0.6832428193837448,-1.6197430004843523,True
0.6847951597296444,-1.61939808175579,True
0.6865625931343281,-1.6191196939513015,True
0.6885288774851529,-1.6189163282670778,True
0.6906761089323002,-1.618795756338349,True
0.6929848886909293,-1.6187649605213048,True
0.6954344976313058,-1.6188300717099722,True
0.6980030773108299,-1.6189963151382971,True
0.7006678162253501,-1.6192679647448291,True
0.7034051401633692,-1.6196483064320928,True
0.7061909056492836,-1.620139610579503,True
0.7090005955445147,-1.6207431140049438,True
0.7118095159434046,-1.6214590115577983,True
0.7145929935471822,-1.6222864573932385,True
0.7173265727236682,-1.623223575839274,True
0.7199862114686045,-1.6242674818231766,True
0.7225484754620978,-1.6254143105702432,True
0.7249907293778046,-1.6266592563107822,True
0.7272913245429314,-1.6279966196213203,True
0.7294297819676658,-1.6294198629088297,True
0.731386969673624,-1.6309216735457517,True
0.7331452731405546,-1.6324940339912242,True
0.734688757583125,-1.6341282983068106,True
0.7360033206477572,-1.635815274250544,True
0.7370768340107444,-1.6375453102424695,True
0.737899272252865,-1.6393083863280615,True
0.7384628273001111,-1.641094208301878,True
0.7387620066591853,-1.6428923041173,True
0.7387937136463242,-1.6446921216292103,True
0.7385573078222891,-1.6464831267922846,True
0.7380546439067407,-1.6482549013841248,True
0.7372900875610423,-1.649997239340732,True
0.7362705066046901,-1.651700240787548,True
0.7350052364708463,-1.6533544029260856,True
0.733506019008139,-1.6549507069090983,True
0.7317869141018226,-1.656480699923256,True
0.729864184007419,-1.657936571719557,True
0.7277561507574896,-1.6593112248776745,True
0.7254830275087404,-1.6605983382261165,True
0.7230667252168482,-1.6617924227692016,True
0.7205306365600634,-1.6628888697191129,True
0.7178993995412029,-1.6638839901384799,True
0.7151986436795893,-1.6647750459072566,True
0.7124547221290982,-1.6655602717543505,True
0.7096944334099314,-1.6662388881407508,True
0.7069447367139599,-1.6668111050220273,True
0.7042324649045949,-1.6672781163294899,True
0.7015840394046827,-1.6676420854609217,True
0.6990251911093938,-1.667906121772367,True
0.6965806913167741,-1.668074248444213,True
0.6942740964106326,-1.6681513620144373,True
0.6921275096888286,-1.6681431839577503,True
0.6901613633180084,-1.6680562049140037,True
0.6883942229130734,-1.6678976219010935,True
0.6868426167401884,-1.6676752693783985,True
0.6855208909972568,-1.6673975445257612,True
0.6844410921118607,-1.6670733277623409,True
0.6836128764676158,-1.6667118989797292,True
0.6830434475044284,-1.6663228504636431,True
0.6827375196938686,-1.6659159972041735,True
0.6826973085177728,-1.6655012854732079,True
0.6829225452566362,-1.6650887005105637,True
0.6834105151427549,-1.664688174204049,True
0.6841561172365047,-1.6643094934788742,True
0.6851519442640139,-1.6639622104133545,True
0.6863883805745269,-1.663655554798377,True
0.6878537163573107,-1.6633983499174567,True
0.6895342762808542,-1.6631989323645087,True
0.69141456077527,-1.6630650766300357,True
0.6934773982612276,-1.6630039250656263,True
0.695704106740334,-1.6630219239404782,True
0.6980746632726608,-1.6631247660851605,True
0.7005678799985339,-1.6633173407267767,True
0.7031615854743387,-1.6636036907983316,True
0.705832810220979,-1.6639869783477326,True
0.708557975474523,-1.6644694580509356,True
0.7113130842331806,-1.6650524593004368,True
0.7140739137579067,-1.6657363768416489,True
0.7168162087436705,-1.6665206701538562,True
0.7195158744067909,-1.6674038714444825,True
0.7221491687447866,-1.6683836022296024,True
0.7246928932141828,-1.6694565983480105,True
0.7271245810307599,-1.6706187430380988,True
0.7294226822492524,-1.6718651078908344,True
0.7315667446961007,-1.6731900012103675,True
0.7335375897402168,-1.6745870232569893,True
0.7353174817823992,-1.6760491279901768,True
0.7368902902244392,-1.6775686905479836,True
0.738241642563692,-1.6791375799737132,True
0.7393590671351322,-1.6807472363081457,True
0.7402321239221712,-1.6823887515757359,True
0.7408525217476462,-1.6840529536075977,True
0.7412142201014889,-1.6857304921721123,True
0.7413135138021816,-1.6874119263245395,True
0.7411490987088489,-1.6890878125211195,True
0.7407221167192566,-1.6907487921818116,True
0.740036178419482,-1.6923856784651838,True
0.7390973618735619,-1.6939895408103598,True
0.7379141862978833,-1.6955517870860373,True
0.736497559615618,-1.6970642420387316,True
0.7348606992616167,-1.6985192217493204,True
0.7330190259894582,-1.6999096030834386,True
0.730990030905441,-1.7012288877939175,True
0.7287931164296753,-1.7024712604008416,True
0.7264494124203755,-1.703631639656169,True
0.7239815692037368,-1.7047057227914302,True
0.7214135297890142,-1.7056900225038645,True
0.7187702840158293,-1.706581896117792,True
0.7160776078336268,-1.7073795667921674,True
0.7133617912779069,-1.708082136653461,True
0.7106493589977224,-1.708689591605182,True
0.7079667873895849,-1.7092027980861073,True
0.7053402224723725,-1.709623491474788,True
0.7027952026367967,-1.7099542567028712,True
0.7003563902613076,-1.7101985009333853,True
0.69804731597609,-1.7103604188060064,True
0.6958901390299438,-1.710444950553846,True
0.6939054268229992,-1.7104577333934372,True
0.6921119562105342,-1.710405046666423,True
0.6905265386839424,-1.710293751321328,True
0.6891638710084723,-1.7101312242119995,True
0.6880364123730399,-1.7099252879620623,True
0.6871542885879394,-1.7096841369803768,True
0.6865252233816725,-1.7094162603244185,True
0.6861544964043421,-1.7091303621781169,True
0.6860449271523983,-1.7088352806530054,True
0.686196883695493,-1.7085399056250126,True
0.6866083148224944,-1.7082530964847895,True
0.6872748040094276,-1.707983600386494,True
0.6881896434797574,-1.707739971895928,True
0.6893439265335288,-1.7075304946682335,True
0.6907266562986337,-1.7073631059577965,True
0.6923248690612164,-1.7072453244945136,True
0.6941237703980163,-1.7071841826016536,True
0.6961068823984412,-1.7071861628826672,True
0.6982562003879155,-1.7072571404010843,True
0.7005523576595691,-1.7074023304100918,True
0.7029747968727476,-1.707626242635078,True
0.7055019468758539,-1.70793264195432,True
0.7081114038579477,-1.7083245163387504,True
0.7107801158220377,-1.7088040518810381,True
0.7134845694886154,-1.7093726154917568,True
0.7162009788033821,-1.7100307450988421,True
0.7189054742936203,-1.710778147659964,True
0.7215742925487822,-1.7116137048244808,True
0.7241839651195179,-1.7125354862267115,True
0.7267115061224791,-1.7135407703128347,True
0.7291345978043743,-1.714626072387002,True
0.7314317732689558,-1.7157871796704374,True
0.733582595498112,-1.7170191930468803,True
0.7355678317013244,-1.718316574942928,True
0.7373696219341146,-1.7196732031238664,True
0.73897164079297,-1.7210824295931275,True
0.7403592508903702,-1.722537144331257,True
0.7415196466721019,-1.7240298429663963,True
0.7424419870403139,-1.7255526980202402,True
0.7431175151262613,-1.727097632770314,True
0.7435396634901511,-1.7286563973062208,True
0.7437041429579991,-1.730220645779769,True
0.7436090133044976,-1.731782014399391,True
0.7432547340063804,-1.7333321991388626,True
0.742644193388794,-1.7348630327880423,True
0.7417827146077797,-1.7363665601908485,True
0.7406780371349111,-1.737835111413686,True
0.7393402726568375,-1.739261371800315,True
0.7377818346450237,-1.7406384485354311,True
0.7360173412293491,-1.741959932905641,True
0.7340634914544775,-1.7432199578401293,True
0.7319389154773639,-1.744413250133371,True
0.729663999772966,-1.7455351768867782,True
0.727260688942039,-1.746581785791865,True
0.7247522662302247,-1.7475498389309965,True
0.7221631153589018,-1.7484368396771064,True
0.7195184667282918,-1.7492410527182098,True
0.7168441314279701,-1.7499615167575122,True
0.7141662268168721,-1.7505980500983842,True
0.7115108976401389,-1.7511512488818277,True
0.7089040367790744,-1.7516224781392848,True
0.7063710097360881,-1.7520138557836682,True
0.7039363868639925,-1.752328229667702,True
0.701623687149613,-1.7525691480192112,True
0.6994551370706558,-1.7527408235160573,True
0.6974514476695811,-1.7528480914212112,True
0.6956316125483863,-1.7528963621060574,True
0.6940127290036912,-1.752891568547252,True
0.692609844000085,-1.7528401091910266,True
0.6914358261592366,-1.7527487868094878,True
0.6905012644210203,-1.7526247439175853,True
0.6898143935403636,-1.7524753952786274,True
0.6893810461353445,-1.7523083583226275,True
0.6892046305869202,-1.7521313818642343,True
0.6892861337570598,-1.7519522740102615,True
0.6896241471990728,-1.751778829799466,True
0.690214915316569,-1.7516187592563288,True
0.6910524037735167,-1.7514796165515187,True
0.6921283863541967,-1.7513687308596357,True
0.6934325484363852,-1.7512931395938562,True
0.6949526052396078,-1.7512595245954592,True
0.6966744330587679,-1.7512741518388713,True
0.6985822117702052,-1.7513428152262833,True
0.7006585769979284,-1.7514707849343434,True
0.7028847804470739,-1.7516627608210216,True
0.7052408570377008,-1.7519228312666335,True
0.7077057975994532,-1.7522544377915317,True
0.7102577260186987,-1.7526603458411287,True
0.712874079837221,-1.7531426218834343,True
0.7155317934132118,-1.7537026170836953,True
0.7182074828355133,-1.7543409576496163,True
0.7208776318511929,-1.7550575419439576,True
0.7235187781100525,-1.7558515443504765,True
0.7261076990506173,-1.7567214258118404,True
0.728621596751717,-1.7576649509960178,True
0.7310382810462956,-1.758679211820405,True
0.7333363501462465,-1.7597606571711053,True
0.7354953679570173,-1.7609051284843078,True
0.7374960371709334,-1.762107900788337,True
0.7393203671272865,-1.7633637289751987,True
0.7409518353020047,-1.7646668986082852,True
0.7423755411755462,-1.7660112809972437,True
0.7435783510929806,-1.7673903918809064,True
0.744549032612407,-1.7687974531913075,True
0.7452783767280342,-1.7702254573306646,True
0.7457593062599986,-1.7716672332916399,True
0.7459869686450806,-1.77311551409068,True
0.745958811326495,-1.7745630047237206,True
0.7456746379653083,-1.7760024501719274,True
0.7451366437553693,-1.7774267027216533,True
0.7443494282466341,-1.7788287879455251,True
0.7433199842701529,-1.7802019687846848,True
0.7420576618014604,-1.7815398071726147,True
0.740574105908023,-1.7828362224808727,True
0.7388831683041076,-1.7840855464256524,True
0.7370007924536064,-1.7852825738159375,True
0.734944872637846,-1.7864226087691788,True
0.7327350879013406,-1.7875015058965171,True
0.7303927123127489,-1.7885157061682757,True
0.727940403493257,-1.7894622671298845,True
0.7254019718674282,-1.790338887229629,True
0.7228021335479186,-1.7911439239795084,True
0.7201662501800776,-1.7918764060133932,True
0.7175200593901075,-1.7925360386877502,True
0.7148893997391952,-1.793123203498525,True
0.7122999342176325,-1.793638951137487,True
0.7097768763610169,-1.7940849883811707,True
0.7073447230031239,-1.7944636590347163,True
0.7050269975041183,-1.7947779189867137,True
0.7028460070321666,-1.7950313058002052,True
0.7008226171209345,-1.7952279030430243,True
0.6989760463049763,-1.7953722997959516,True
0.6973236831603845,-1.7954695456765286,True
0.6958809275711288,-1.7955251018621918,True
0.6946610575186425,-1.7955447885765354,True
0.6936751221734216,-1.795534729516795,True
0.6929318615698576,-1.7955012938007344,True
0.6924376526820272,-1.795451035900904,True
0.692196481304419,-1.7953906342299348,True
0.692209938777694,-1.7953268288167148,True
0.6924772423064438,-1.7952663587961395,True
0.6929952773749917,-1.795215900144793,True
0.6937586606010435,-1.795182004341317,True
0.6947598212521042,-1.795171038429894,True
0.6959890995984492,-1.795189127089668,True
0.69743486026665,-1.7952420971595522,True
0.6990836188028974,-1.7953354252576288,True
0.700920179713675,-1.7954741887091321,True
0.7029277843680847,-1.795663020547734,True
0.7050882672429809,-1.7959060686876904,True
0.7073822191357864,-1.796206959828827,True
0.7097891560902737,-1.7965687682864935,True
0.7122876929162776,-1.796993990101559,True
0.7148557203013435,-1.7974845225809868,True
0.7174705846224847,-1.7980416494849814,True
0.720109269658294,-1.798666031951272,True
0.722748579473458,-1.7993577052283318,True
0.7253653217991183,-1.8001160812245,True
0.7279364912611502,-1.800939956861548,True
0.7304394518072826,-1.8018275280229528,True
0.7328521176738004,-1.8027764091706797,True
0.735153132171591,-1.8037836580873703,True
0.7373220435272647,-1.8048458059239971,True
0.7393394769040683,-1.8059588917850327,True
0.7411873016479787,-1.8071185019696316,True
0.7428487926660512,-1.808319813061438,True
0.744308784736754,-1.8095576388149297,True
0.7455538184091031,-1.8108264801314176,True
0.746572276027849,-1.8121205777156326,True
0.7473545063074133,-1.8134339669923487,True
0.7478929357703176,-1.8147605346271576,True
0.7481821653015286,-1.8160940761773348,True
0.7482190500229359,-1.817428354362975,True
0.7480027606966578,-1.818757157275468,True
0.7475348249183481,-1.8200743561549044,True
0.7468191464610394,-1.8213739620095166,True
0.7458620013050499,-1.8226501806887203,True
0.7446720091100301,-1.823897465811338,True
0.7432600791856289,-1.82511056912082,True
0.7416393303649097,-1.8262845877159162,True
0.7398249846015184,-1.8274150078668938,True
0.7378342345624265,-1.8284977448575093,True
0.7356860859868511,-1.829529178663216,True
0.7334011760917146,-1.830506184999028,True
0.7310015698264634,-1.831426161617351,True
0.7285105362816527,-1.8322870495429349,True
0.7259523080275937,-1.8330873490889505,True
0.7233518265822013,-1.8338261305964458,True
0.7207344775532927,-1.834503039788593,True
0.7181258192701071,-1.83511829769161,True
0.715551308889817,-1.8356726952729696,True
0.7130360300298045,-1.8361675827425257,True
0.7106044259422368,-1.836604853801089,True
0.7082800420988795,-1.8369869248850712,True
0.7060852818170477,-1.8373167097110812,True
0.7040411782272042,-1.8375975894106564,True
0.7021671854772525,-1.8378333784758125,True
0.7004809916128827,-1.8380282869526094,True
0.6989983550707061,-1.8381868791682985,True
0.6977329662075319,-1.8383140294854448,True
0.6966963347650458,-1.8384148754409722,True
0.6958977036714823,-1.838494768731123,True
0.6953439891071501,-1.8385592245382996,True
0.6950397463366469,-1.8386138696378993,True
0.6949871604339198,-1.8386643897666486,True
0.695186060717327,-1.8387164767742183,True
0.695633957457001,-1.838775775995214,True
0.6963260992349009,-1.838847834373042,True
0.6972555492098774,-1.8389380497487848,True
0.6984132784745787,-1.839051621818927,True
0.6997882746753205,-1.8391935051848045,True
0.7013676640925688,-1.839368364891334,True
0.7031368454492942,-1.8395805349203087,True
0.7050796338013595,-1.83983397988335,True
0.7071784129878501,-1.8401322603973012,True
0.7094142952372461,-1.8404785023339727,True
0.7117672866635109,-1.8408753702124723,True
0.7142164575188737,-1.8413250450816574,True
0.7167401161896194,-1.8418292068855697,True
0.7193159860414784,-1.8423890216452765,True
0.7219213843139018,-1.8430051334039812,True
0.7245334023436286,-1.8436776610889598,True
0.7271290864558616,-1.8444062002701138,True
0.72968561889055,-1.8451898297209235,True
0.7321804981494229,-1.8460271228551728,True
0.7345917181214054,-1.8469161636387468,True
0.7368979453222189,-1.8478545671958055,True
0.7390786935022409,-1.8488395045012511,True
0.7411144948104639,-1.8498677311738305,True
0.7429870665911268,-1.8509356199965135,True
0.7446794727772936,-1.852039196833383,True
0.7461762787181633,-1.8531741795805947,True
0.7474636981492926,-1.8543360198649335,True
0.7485297308783139,-1.8555199469303638,True
0.7493642896439753,-1.8567210134008674,True
0.7499593144971751,-1.8579341425008349,True
0.7503088729655925,-1.8591541761185175,True
0.7504092442215206,-1.8603759234613781,True
0.7502589854508708,-1.8615942096733362,True
0.7498589786641098,-1.8628039240359955,True
0.7492124562774963,-1.86400006731755,True
0.7483250039373875,-1.865177797660787,True
0.7472045392847809,-1.866332474912462,True
0.7458612656119854,-1.8674597025353286,True
0.7443075997264131,-1.8685553671928141,True
0.7425580737052409,-1.8696156751905124,True
0.7406292106938983,-1.8706371858769106,True
0.7385393753648148,-1.871616841345842,True
0.7363086001758629,-1.8725519924281977,True
0.7339583890774745,-1.873440420642724,True
0.7315115008287446,-1.8742803559419026,True
0.7289917145629637,-1.8750704901293318,True
0.7264235806773929,-1.8758099858975028,True
0.7238321604877146,-1.8764984813458438,True
0.7212427583812413,-1.8771360900530032,True
0.718680650394521,-1.877723396687266,True
0.7161708132398378,-1.878261448294388,True
0.7137376577906194,-1.8787517413282935,True
0.7114047709220798,-1.8791962045715247,True
0.7091946693893204,-1.8795971782407006,True
0.7071285691123663,-1.8799573893259114,True
0.7052261728648586,-1.8802799236438605,True
0.7035054789054341,-1.8805681946839257,True
0.7019826126146169,-1.8808259097169329,True
0.7006716826780447,-1.881057033394315,True
0.6995846628451252,-1.881265749269938,True
0.6987312997819706,-1.8814564195603076,True
0.6981190470603589,-1.8816335435635392,True
0.6977530248869628,-1.8818017151073803,True
0.6976360047884457,-1.8819655793938472,True
0.697768418145424,-1.8821297897434157,True
0.6981483871946905,-1.8822989644808312,True
0.6987717769272258,-1.8824776445084506,True
0.6996322661617542,-1.8826702518211498,True
0.700721436000034,-1.8828810494501191,True
0.7020288738375599,-1.883114103083073,True
0.7035422911267415,-1.8833732448035865,True
0.7052476531436914,-1.8836620391694072,True
0.7071293191031767,-1.883983752042231,True
0.7091701910712374,-1.8843413222929166,True
0.7113518702591513,-1.884737336790957,True
0.7136548194077122,-1.8851740087432525,True
0.7160585301116428,-1.8856531596518895,True
0.7185416940585264,-1.8861762050163635,True
0.7210823772765199,-1.8867441438822152,True
0.7236581965872878,-1.8873575522922887,True
0.7262464975480923,-1.8880165807854077,True
0.7288245332233154,-1.888720955764237,True
0.7313696431757807,-1.8894699848843008,True
0.7338594320739636,-1.8902625662779375,True
0.7362719473089988,-1.8910972015602738,True
0.7385858549762523,-1.8919720124141877,True
0.7407806135247561,-1.892884760711297,True
0.742836644289566,-1.8938328717711106,True
0.7447354980349623,-1.8948134607230023,True
0.7464600165095937,-1.8958233615288407,True
0.7479944879018137,-1.8968591585548553,True
0.7493247949373375,-1.8979172201626346,True
0.750438554243565,-1.8989937342510734,True
0.7513252454630225,-1.9000847451295926,True
0.7519763285001543,-1.9011861916067805,True
0.7523853471819308,-1.902293945746666,True
0.7525480175593531,-1.9034038520008125,True
0.7524622990495258,-1.9045117663462077,True
0.7521284466390905,-1.9056135950010797,True
0.7515490424464064,-1.906705332392318,True
0.7507290050708373,-1.9077830980595607,True
0.7496755753480024,-1.9088431719610908,True
0.748398277398808,-1.9098820281563693,True
0.7469088541655908,-1.9108963662525003,True
0.7452211770237974,-1.9118831405522347,True
0.7433511294766838,-1.9128395864651477,True
0.7413164654260905,-1.9137632441703307,True
0.7391366430021664,-1.9146519790435517,True
0.7368326354638277,-1.915503998980929,True
0.7344267211810627,-1.9163178682399225,True
0.7319422552069368,-1.917092517829641,True
0.7294034253909832,-1.9178272524033377,True
0.7268349963666628,-1.91852175346682,True
0.7242620450674532,-1.9191760791306955,True
0.721709691632697,-1.919790660238876,True
0.7192028296985986,-1.9203662931177006,True
0.71676586007576,-1.9209041288903739,True
0.7144224317365738,-1.9214056596654268,True
0.7121951938354022,-1.9218727015826682,True
0.7101055622126127,-1.922307375088555,True
0.7081735034591096,-1.9227120824723607,True
0.7064173391995278,-1.9230894830978538,True
0.7048535727643143,-1.9234424663663579,True
0.703496739926003,-1.9237741229060956,True
0.702359284846634,-1.924087714077242,True
0.7014514618847421,-1.9243866402585246,True
0.7007812634142969,-1.924674408046654,True
0.7003543733714188,-1.9249545968896646,True
0.7001741458312662,-1.9252308251915895,True
0.700241607593899,-1.9255067165623205,True
0.700555483453793,-1.9257858660783251,True
0.7011122426378059,-1.9260718073454968,True
0.7019061647153102,-1.926367980197989,True
0.7029294232145296,-1.9266776997197774,True
0.7041721851186632,-1.9270041265212758,True
0.7056227244434509,-1.9273502388420607,True
0.7072675481289674,-1.9277188064276993,True
0.7090915325799888,-1.9281123667024045,True
0.7110780692769905,-1.928533203099072,True
0.7132092180252532,-1.9289833261273182,True
0.7154658665215775,-1.9294644569437833,True
0.7178278950726208,-1.9299780138578488,True
0.7202743454162,-1.9305251016873304,True
0.7227835927293288,-1.9311065041712543,True
0.7253335200071902,-1.931722679375349,True
0.7279016940935005,-1.9323737582379037,True
0.7304655427068792,-1.9330595460968274,True
0.7330025318586333,-1.9337795273408651,True
0.7354903430752392,-1.9345328729723725,True
0.7379070498376459,-1.9353184510601,True
0.7402312926201996,-1.9361348399551916,True
0.7424424518610889,-1.9369803441628684,True
0.744520818116825,-1.9378530125886988,True
0.7464477585646307,-1.9387506591491634,True
0.7482058788971437,-1.939670885335314,True
0.7497791795360033,-1.9406111046931687,True
0.7511532049521406,-1.9415685688002084,True
0.7523151847496561,-1.9425403946137978,True
0.7532541650398238,-1.9435235928519001,True
0.7539611285089595,-1.9445150971282563,True
0.7544291014920204,-1.9455117935955049,True
0.7546532462833311,-1.946510550706487,True
0.7546309368916376,-1.9475082489738662,True
0.754361816442597,-1.9485018102628617,True
0.7538478345006276,-1.9494882264182904,True
0.7530932626946194,-1.9504645870012542,True
0.7521046872062861,-1.9514281057401912,True
0.7508909769282713,-1.9523761456013542,True
0.7494632263948376,-1.9533062421152756,True
0.7478346729598422,-1.9542161248477756,True
0.7460205881104829,-1.955103736756063,True
0.7440381432708397,-1.9559672513036608,True
0.7419062509441513,-1.9568050871831,True
0.7396453825566498,-1.9576159205290589,True
0.7372773648758846,-1.9583986945033396,True
0.7348251573784339,-1.9591526262774168,True
0.7323126133895315,-1.959877211227143,True
0.7297642282325194,-1.9605722245366684,True
0.7272048779444766,-1.9612377200335385,True
0.7246595523666558,-1.9618740264099956,True
0.7221530865656649,-1.9624817409290738,True
0.7197098945787049,-1.9630617205950063,True
0.7173537094262056,-1.963615071050082,True
0.7151073331600037,-1.9641431331979429,True
0.7129924004657816,-1.964647467829575,True
0.7110291589900986,-1.9651298383503295,True
0.7092362691506059,-1.9655921918348431,True
0.7076306257257484,-1.9660366386109798,True
0.706227203014638,-1.9664654305176608,True
0.7050389248537706,-1.9668809382154926,True
0.7040765602520616,-1.967285627564491,True
0.703348644928025,-1.9676820355108817,True
0.7028614285611933,-1.9680727455004932,True
0.7026188471732875,-1.968460362894056,True
0.7026225196821865,-1.968847490352048,True
0.7028717673901861,-1.969236703634594,True
0.7033636549262287,-1.9696305279130093,True
0.7040930509954344,-1.9700314148114313,True
0.7050527071834151,-1.9704417204417448,True
0.7062333530066045,-1.9708636845785266,True
0.7076238053998399,-1.971299411129523,True
0.70921109087423,-1.9717508501284515,True
0.7109805786516233,-1.9722197813513862,True
0.7129161231871844,-1.9727077997173779,True
0.7150002146105335,-1.9732163025690004,True
0.7172141357521273,-1.9737464789578911,True
0.7195381245516623,-1.974299300962992,True
0.7219515407896209,-1.9748755172111725,True
0.7244330361949234,-1.975475648481185,True
0.726960727108599,-1.976099985576961,True
0.7295123689670866,-1.9767485893284384,True
0.7320655319513146,-1.9774212928124044,True
0.7345977771966622,-1.9781177056853,True
0.7370868329871205,-1.9788372205950502,True
0.7395107703592765,-1.9795790215499418,True
0.7418481775229365,-1.980342094266472,True
0.7440783324492055,-1.9811252381850233,True
0.7461813729182876,-1.9819270802288937,True
0.748138463216376,-1.9827460900149656,True
0.749931956569879,-1.9835805964187982,True
0.751545552277706,-1.984428805288135,True
0.7529644463717989,-1.9852888181749697,True
0.75417547449963,-1.9861586518266363,True
0.7551672455874752,-1.9870362582759136,True
0.7559302647230621,-1.9879195453117517,True
0.7564570435874879,-1.9888063971510623,True
0.7567421966876116,-1.9896946950627061,True
0.7567825215922173,-1.9905823377484333,True
0.7565770613744759,-1.9914672613261468,True
0.7561271475020573,-1.9923474586190866,True
0.7554364215241219,-1.9932209977076185,True
0.7545108340567983,-1.994086039393096,True
0.7533586198022666,-1.9949408535834703,True
0.7519902476141131,-1.9957838342963696,True
0.7504183449805157,-1.996613513261274,True
0.7486575966940938,-1.997428571928414,True
0.7467246179349003,-1.9982278518373366,True
0.744637802476397,-1.999010363190573,True
0.7424171472403024,-1.9997752916904563,True
0.7400840549312425,-2.0005220034427915,True
0.7376611169953006,-2.0012500480944855,True
0.7351718796013395,-2.0019591599921585,True
0.73264059577706,-2.0026492576171333,True
0.730091967167391,-2.0033204410891363,True
0.7275508791648708,-2.0039729880604162,True
0.7250421333206357,-2.004607347811037,True
0.7225901810297238,-2.0052241338635053,True
0.7202188624392831,-2.005824115076776,True
0.7179511543996762,-2.0064082054171526,True
0.7158089310369311,-2.0069774524641897,True
0.7138127402107114,-2.0075330249180694,True
0.7119815987165605,-2.008076199035827,True
0.7103328086518375,-2.008608344434856,True
0.7088817968602297,-2.0091309091700014,True
0.7076419788677123,-2.009645404362894,True
0.7066246482068361,-2.0101533885418643,True
0.7058388915263522,-2.0106564517877357,True
0.7052915294215948,-2.011156199931037,True
0.7049870824921971,-2.011654238872362,True
0.7049277617657924,-2.012152159198797,True
0.7051134823153805,-2.0126515212465157,True
0.7055418986494968,-2.013153840762982,True
0.7062084602675505,-2.013660575238938,True
0.7071064856530723,-2.0141731110499967,True
0.7082272529095146,-2.0146927515429356,True
0.7095601052313707,-2.0152207061560734,True
0.7110925694312978,-2.0157580805978004,True
0.7128104858157965,-2.016305868226514,True
0.7146981477969937,-2.0168649426897938,True
0.7167384497466621,-2.0174360518504133,True
0.7189130417255912,-2.018019812993961,True
0.7212024898685551,-2.018616709473031,True
0.7235864413246992,-2.019227088637686,True
0.7260437927983853,-2.0198511611937824,True
0.7285528618382229,-2.020489001835446,True
0.7310915601352346,-2.0211405513631986,True
0.7336375681533027,-2.021805619817119,True
0.7361685105013535,-2.022483891210116,True
0.7386621314536591,-2.0231749290247234,True
0.741096470074555,-2.023878183229889,True
0.7434500343472467,-2.024592997948998,True
0.7457019736994919,-2.025318620352028,True
0.7478322492256604,-2.0260542101412624,True
0.7498218008386573,-2.0267988499453318,True
0.7516527104643904,-2.0275515561724085,True
0.7533083602780171,-2.0283112903804645,True
0.7547735848536634,-2.0290769711168033,True
0.7560348159465957,-2.0298474858121054,True
0.7570802185129178,-2.0306217028880584,True
0.7578998164258668,-2.031398483796877,True
0.7584856062482797,-2.032176694904887,True
0.758831657324405,-2.032955219082561,True
0.7589341964054597,-2.033732966892441,True
0.7587916749971658,-2.034508887223363,True
0.758404817663431,-2.0352819773848614,True
0.7577766495836209,-2.0360512922713996,True
0.7569125018339665,-2.0368159529427645,True
0.7558199930392775,-2.0375751540066434,True
0.7545089863455454,-2.0383281703319165,True
0.7529915209645089,-2.0390743624002514,True
0.7512817179633708,-2.039813180852313,True
0.7493956603869568,-2.040544169693536,True
0.747351248301005,-2.041266968514777,True
0.7451680298365752,-2.041981313525682,True
0.7428670098352846,-2.042687037448622,True
0.740470438202514,-2.0433840683125157,True
0.7380015805534299,-2.044072427280527,True
0.7354844741652742,-2.044752225335086,True
0.7329436726254076,-2.0454236590950465,True
0.7304039828538862,-2.046087005846387,True
0.7278901983665843,-2.046742617589729,True
0.7254268327647729,-2.047390914625011,True
0.723037857405689,-2.048032378351387,True
0.7207464471219002,-2.048667543752182,True
0.7185747376249964,-2.0492969913309476,True
0.7165435979503357,-2.0499213389087934,True
0.7146724209033153,-2.0505412331487585,True
0.7129789340456094,-2.0511573411480466,True
0.7114790332599072,-2.051770341862958,True
0.7101866404454604,-2.0523809179202526,True
0.7091135863624699,-2.0529897475011483,True
0.7082695191533046,-2.053597496576917,True
0.707661838592656,-2.0542048115968727,True
0.7072956556750346,-2.0548123125756574,True
0.7071737767782447,-2.0554205868710267,True
0.7072967112937298,-2.0560301833427963,True
0.707662701377995,-2.05664160740267,True
0.7082677722479499,-2.057255316530158,True
0.7091058013366078,-2.0578717167326466,True
0.7101686045136506,-2.05849115952231,True
0.7114460375809967,-2.0591139398772866,True
0.7129261112453691,-2.059740294783881,True
0.7145951178508755,-2.060370402627771,True
0.716437768232695,-2.0610043833038163,True
0.7184373371731744,-2.0616422991074215,True
0.720575816062838,-2.0622841562407146,True
0.7228340715139684,-2.0629299070414637,True
0.7251920088035078,-2.063579452876828,True
0.7276287391527371,-2.0642326474885135,True
0.7301227499806495,-2.0648893010506297,True
0.7326520773579358,-2.065549184581982,True
0.7351944799850724,-2.0662120347563206,True
0.7377276140815482,-2.066877559177491,True
0.7402292086029761,-2.0675454418067845,True
0.7426772402340535,-2.0682153487278327,True
0.7450501075755038,-2.068886933926383,True
0.7473268039273006,-2.069559845229056,True
0.7494870879922206,-2.070233730182815,True
0.7515116517562606,-2.0709082419032927,True
0.7533822846874839,-2.071583044638895,True
0.7550820332921664,-2.0722578193399825,True
0.7565953549164963,-2.0729322686187275,True
0.7579082645720623,-2.07360612166471,True
0.7590084733972371,-2.0742791384336488,True
0.7598855172640254,-2.074951113602877,True
0.760530873899436,-2.0756218797831307,True
0.7609380668129603,-2.076291310287098,True
