t,x,z,u_bar,w_bar,history
0.0,0.0,0.0,,,False
0.005,0.004998945972836697,-0.00015087142252186064,,,False
0.01,0.009991463122575822,-0.0005807149424310756,,,False
0.015,0.014970973298756383,-0.001258838400706337,,,False
0.02,0.019930491288799493,-0.0021700200527906164,,,False
0.025,0.024863313237364397,-0.003295344896684687,,,False
0.03,0.029762480908598024,-0.004623996800366269,,,False
0.035,0.03462125430565029,-0.006145014938925292,,,False
0.04,0.03943281805558028,-0.007851022011729238,,,False
0.045,0.04419052999394234,-0.009735019141886684,,,False
0.05,0.04888778039386916,-0.011791546787264354,,,False
0.055,0.053518111412328456,-0.014015432780990286,,,False
0.06,0.05807515667495498,-0.016402125682985783,,,False
0.065,0.06255269762329349,-0.018947193257907377,,,False
0.07,0.0669446413087849,-0.02164640008548271,,,False
0.075,0.07124504835048721,-0.02449550067298287,,,False
0.08,0.07544812781121694,-0.027490246736464302,,,False
0.085,0.07954825295764728,-0.030626300121372275,,,False
0.09,0.08353996340801689,-0.03389922645104157,,,False
0.095,0.08741797572734317,-0.03730445899227796,,,False
0.1,0.09117718846225352,-0.04083729381863,,,False
0.105,0.09481269045359747,-0.04449287650191036,,,False
0.11,0.09831976682125337,-0.04826620143330439,,,False
0.115,0.10169390610076824,-0.0521521093503787,,,False
0.12,0.104930806310135,-0.056145290247362305,,,False
0.125,0.10802638129318154,-0.06024028637161207,,,False
0.13,0.11097676646253878,-0.06443149768364054,,,False
0.135,0.11377832445260393,-0.06871318779643466,,,False
0.14,0.1164276503348688,-0.07307949114294353,,,False
0.145,0.11892157658328768,-0.07752442060479366,,,False
0.15,0.12125717764952774,-0.08204187581279083,,,False
0.155,0.12343177421336836,-0.08662565180765144,,,False
0.16,0.1254429370495945,-0.09126944810141963,,,False
0.165,0.12728849053142263,-0.09596687800262393,,,False
0.17,0.12896651574431464,-0.1007114781963403,,,False
0.17500000000000002,0.13047535321433645,-0.10549671851134078,,,False
0.18,0.13181360523842817,-0.11031601185386351,,,False
0.185,0.13298013781585802,-0.1151627242686213,,,False
0.19,0.13397408217436252,-0.12003018510555521,,,False
0.195,0.13479483588940872,-0.12491169726516343,,,False
0.2,0.13544206359333683,-0.1298005475021938,,,False
0.20500000000000002,0.13591569727343403,-0.13469001676602188,,,False
0.21,0.13621593615781571,-0.13957339055885642,,,False
0.215,0.1363432461892783,-0.1444439692926994,,,False
0.22,0.13629835908765578,-0.1492950786272081,,,False
0.225,0.13608227100211365,-0.15412007977072556,,,False
0.23,0.13569624075536957,-0.15891237972733926,,,False
0.23500000000000001,0.13514178768257792,-0.1636654414730241,,,False
0.24,0.13442068906823,-0.16837279404427877,,,False
0.245,0.13353497718510032,-0.173028042522884,,,False
0.25,0.13248693593989558,-0.17762487790068576,,,False
0.255,0.1312790971309038,-0.182157086808544,,,False
0.26,0.12991423632355828,-0.18661856109385758,,,False
0.265,0.1283953683504453,-0.1910033072313413,,,False
0.27,0.1267257424428831,-0.19530545555202256,,,False
0.275,0.12490883700178873,-0.19951926927573027,,,False
0.28,0.12294835401612418,-0.2036391533326756,,,False
0.28500000000000003,0.12084821313777513,-0.2076596629600702,,,False
0.29,0.11861254542226321,-0.21157551206009712,,,False
0.295,0.11624568674522362,-0.2153815813059391,,,False
0.3,0.11375217090509691,-0.2190729259829803,,,False
0.305,0.11113672242298099,-0.22264478355273046,,,False
0.31,0.10840424905107157,-0.22609258092747242,,,False
0.315,0.10555983400157967,-0.22941194144410945,,,False
0.32,0.10260872790845946,-0.2325986915261779,,,False
0.325,0.0995563405346998,-0.23564886702350463,,,False
0.33,0.09640823223833701,-0.23855871921951483,,,False
0.335,0.09317010521072341,-0.24132472049674275,,,False
0.34,0.0898477945009471,-0.24394356965165687,,,False
0.34500000000000003,0.08644725884063015,-0.24641219685048868,,,False
0.35000000000000003,0.08297457128364712,-0.2487277682183416,,,False
0.355,0.07943590967559087,-0.2508876900544599,,,False
0.36,0.07583754696807767,-0.25288961266715004,,,False
0.365,0.07218584139322183,-0.2547314338224719,,,False
0.37,0.06848722651382334,-0.25641130180144894,,,False
0.375,0.06474820116499973,-0.2579276180611909,,,False
0.38,0.060975319303156715,-0.25927903949596753,,,False
0.385,0.057175179778327215,-0.2604644802949308,,,False
0.39,0.05335441604601844,-0.2614831133938395,,,False
0.395,0.04951968583479118,-0.2623343715188052,,,False
0.4,0.045677660785851455,-0.2630179478207442,,,False
0.405,0.04183501608096571,-0.2635337960998882,,,False
0.41000000000000003,0.03799842007501484,-0.2638821306203724,,,False
0.41500000000000004,0.03417452394947905,-0.26406342551558976,,,False
0.42,0.030369951403096892,-0.26407841378566266,,,False
0.425,0.026591288395866712,-0.2639280858890467,,,False
0.43,0.022845072962455446,-0.263613687930939,,,False
0.435,0.019137785110953997,-0.2631367194518158,,,False
0.44,0.015475836822763324,-0.2624989308200712,,,False
0.445,0.011865562169217083,-0.26170232023336626,,,False
0.45,0.008313207560341972,-0.26074913033393,,,False
0.455,0.004824922140928847,-0.2596418444436726,,,False
0.46,0.0014067483488334307,-0.2583831824255827,,,False
0.465,-0.0019353873498515728,-0.2569760961784782,,,False
0.47000000000000003,-0.005195683534411086,-0.25542376477276574,,,False
0.47500000000000003,-0.008368472697891541,-0.253729589235437,,,False
0.48,-0.011448229896581948,-0.2518971869930859,,,False
0.485,-0.014429581167287299,-0.24993038598227393,,,False
0.49,-0.017307311699478568,-0.247833218437095,,,False
0.495,-0.020076373749811766,-0.24560991436429985,,,False
0.5,-0.022731894286937223,-0.24326489471682933,,,False
0.505,-0.02526918235496798,-0.24080276427707548,,,False
0.51,-0.027683736144440536,-0.23822830426164127,,,False
0.515,-0.029971249760085167,-0.2355464646597975,,,False
0.52,-0.03212761967522069,-0.2327623563182457,,,False
0.525,-0.0341489508631045,-0.2298812427851794,,,False
0.53,-0.0360315625960965,-0.22690853192700136,,,False
0.535,-0.03777199390403965,-0.22384976733139236,,,False
0.54,-0.039367008683814514,-0.22071061951074342,,,False
0.545,-0.040813600452593364,-0.21749687692025318,,,False
0.55,-0.04210899673789666,-0.21421443680525953,,,False
0.555,-0.043250663098143544,-0.21086929589261197,,,False
0.56,-0.044236306767983694,-0.20746754094110867,,,False
0.5650000000000001,-0.045063879923302956,-0.20401533916620657,,,False
0.5700000000000001,-0.04573158256140537,-0.20051892855437722,,,False
0.5750000000000001,-0.04623786499249121,-0.19698460808261312,,,False
0.58,-0.04658142993917135,-0.19341872785869782,,,False
0.585,-0.0467612342413826,-0.18982767919793456,,,False
0.59,-0.04677649016469541,-0.18621788465207892,,,False
0.595,-0.04662666631063347,-0.1825957880062503,,,False
0.6,-0.04631148812825237,-0.17896784425959383,,,False
0.605,-0.0458309380268524,-0.17534050960543915,,,False
0.61,-0.04518525509032519,-0.17172023142664625,,,False
0.615,-0.04437493439425683,-0.1681134383217502,,,False
0.62,-0.04340072592752786,-0.16452653017740915,,,False
0.625,-0.04226363312076413,-0.1609658683025288,,,False
0.63,-0.040964910984599395,-0.1574377656392794,,,False
0.635,-0.03950606386131115,-0.15394847706604156,,,False
0.64,-0.037888842793982525,-0.15050418980710922,,,False
0.645,-0.036115242517927366,-0.14711101396375337,,,False
0.65,-0.03418749807968826,-0.14377497318099716,,,False
0.655,-0.032108081089480184,-0.14050199546418105,,,False
0.66,-0.029879695613503916,-0.13729790415910414,,,False
0.665,-0.027505273713091912,-0.13416840910921385,,,False
0.67,-0.024987970638175393,-0.1311190980029842,,,False
0.675,-0.022331159683072768,-0.12815542792427181,,,False
0.68,-0.01953842671309765,-0.12528271711807154,,,False
0.685,-0.016613564370966085,-0.12250613698370928,,,False
0.6900000000000001,-0.01356056597244959,-0.1198307043071102,,,False
0.6950000000000001,-0.010383619101169948,-0.11726127374336667,,,False
0.7000000000000001,-0.007087098912865225,-0.11480253056040429,,,False
0.705,-0.003675561159871687,-0.11245898365410373,,,False
0.71,-0.00015373494696366155,-0.11023495884478693,,,False
0.715,0.0034734847699264717,-0.1081345924645148,,,False
0.72,0.007201044930226531,-0.1061618252441733,,,False
0.725,0.011023742348256914,-0.10432039650884657,,,False
0.73,0.014936231913231224,-0.1026138386894895,,,False
0.735,0.018933034996877263,-0.10104547215841861,,,False
0.74,0.023008548055546873,-0.09961840039564243,,,False
0.745,0.027157051413421278,-0.0983355054925482,,,False
0.75,0.03137271821317667,-0.09719944399895276,,,False
0.755,0.03564962352025199,-0.096212643119015,,,False
0.76,0.039981753566660276,-0.09537729726099108,,,False
0.765,0.04436301512010466,-0.09469536494529633,,,False
0.77,0.04878724496399907,-0.09416856607481919,,,False
0.775,0.053248219473856294,-0.09379837957091003,,,False
0.78,0.05773966427538609,-0.09358604137794771,,,False
0.785,0.06225526396954996,-0.09353254283886277,,,False
0.79,0.06678867190974182,-0.09363862944347436,,,False
0.795,0.07133352001620914,-0.09390479995097498,,,False
0.8,0.07588342861279257,-0.09433130588737551,,,False
0.805,0.08043201627105004,-0.09491815141820091,,,False
0.81,0.0849729096468361,-0.09566509359620723,,,False
0.8150000000000001,0.08949975329443635,-0.09657164298337095,,,False
0.8200000000000001,0.09400621944340334,-0.09763706464588423,,,False
0.8250000000000001,0.0984860177233092,-0.09886037952037352,,,False
0.8300000000000001,0.10293290482172067,-0.1002403661490453,,,False
0.835,0.10734069406080868,-0.10177556278095068,,,False
0.84,0.11170326487813736,-0.10346426983605181,,,False
0.845,0.11601457219732468,-0.10530455272826666,,,False
0.85,0.12026865567443785,-0.10729424504316548,,,False
0.855,0.12445964880617585,-0.10943095206549291,,,False
0.86,0.1285817878861009,-0.11171205465119444,,,False
0.865,0.1326294207954089,-0.11413471343813407,,,False
0.87,0.1365970156149776,-0.1166958733892044,,,False
0.875,0.1404791690456983,-0.11939226866104939,,,False
0.88,0.14427061462438218,-0.12222042779114492,,,False
0.885,0.14796623072283843,-0.12517667919551434,,,False
0.89,0.15156104831804235,-0.12825715696889464,,,False
0.895,0.15505025852165494,-0.13145780697871695,,,False
0.9,0.15842921985751135,-0.13477439324381857,,,False
0.905,0.16169346527607403,-0.1382025045883711,,,False
0.91,0.1648387088952373,-0.14173756156108236,,,False
0.915,0.16786085245728036,-0.1453748236093175,,,False
0.92,0.17075599149219048,-0.1491093964973817,,,False
0.925,0.17352042117801944,-0.1529362399578189,,,False
0.93,0.1761506418893908,-0.15685017556420408,,,False
0.935,0.17864336442574733,-0.16084589481354697,,,False
0.9400000000000001,0.18099551491141025,-0.16491796740607853,,,False
0.9450000000000001,0.18320423936002028,-0.16906084970986285,,,False
0.9500000000000001,0.18526690789643877,-0.17326889339736418,,,False
0.9550000000000001,0.1871811186297101,-0.17753635424080566,,,False
0.96,0.1889447011712172,-0.18185740105287956,,,False
0.965,0.19055571979270616,-0.18622612475911454,,,False
0.97,0.19201247621940737,-0.1906365475879686,,,False
0.975,0.1933135120540414,-0.19508263236450335,,,False
0.98,0.1944576108280671,-0.19955829189330157,,,False
0.985,0.19544379967710382,-0.2040573984161208,,,False
0.99,0.19627135063804294,-0.20857379312962826,,,False
0.995,0.19693978156594846,-0.21310129574843809,,,False
1.0,0.19744885666943915,-0.21763371409857443,,,False
1.0050000000000001,0.19779858666383746,-0.22216485372640515,,,False
1.01,0.19798922854196707,-0.22668852750804488,,,False
1.0150000000000001,0.1980212849630786,-0.23119856524419669,,,False
1.02,0.19789550326097977,-0.23568882322540433,,,False
1.025,0.1976128740730441,-0.240153193752711,,,False
1.03,0.1971746295923666,-0.24458561459877143,,,False
1.035,0.1965822414459271,-0.2489800783945414,,,False
1.04,0.1958374182022106,-0.2533306419267688,,,False
1.045,0.1949421025123168,-0.25763143533164007,,,False
1.05,0.1938984678891695,-0.26187667117008573,,,False
1.055,0.19270891513000618,-0.2660606533704283,,,False
1.06,0.19137606838789223,-0.2701777860242569,,,False
1.065,0.18990277089855725,-0.27422258202163996,,,False
1.07,0.18829208036939618,-0.2781896715120374,,,False
1.075,0.18654726403801045,-0.2820738101775493,,,False
1.08,0.1846717934081879,-0.28586988730543295,,,False
1.085,0.18266933867172794,-0.28957293364714204,,,False
1.09,0.18054376282501575,-0.29317812905148194,,,False
1.095,0.17829911548973035,-0.2966808098598386,,,False
1.1,0.17593962644753838,-0.30007647605182125,,,False
1.105,0.1734696988990761,-0.3033607981300635,,,False
1.11,0.17089390245795574,-0.3065296237333487,,,False
1.115,0.1682169658909503,-0.30957898396766703,,,False
1.12,0.16544376961590793,-0.3125050994452699,,,False
1.125,0.1625793379693276,-0.3153043860222617,,,False
1.1300000000000001,0.15962883125588914,-0.31797346022576056,,,False
1.135,0.15659753759256834,-0.32050914436216493,,,False
1.1400000000000001,0.15349086456029137,-0.32290847129858274,,,False
1.145,0.15031433067637798,-0.32516868891001255,,,False
1.1500000000000001,0.14707355670130218,-0.32728726418541143,,,False
1.155,0.1437742567935537,-0.32926188698633946,,,False
1.16,0.14042222952661534,-0.3310904734524383,,,False
1.165,0.1370233487822823,-0.33277116904857523,,,False
1.17,0.13358355453473467,-0.33430235124906893,,,False
1.175,0.13010884353993918,-0.33568263185500324,,,False
1.18,0.12660525994509367,-0.33691085894123196,,,False
1.185,0.1230788858329451,-0.3379861184302801,,,False
1.19,0.11953583171590158,-0.3389077352909529,,,False
1.195,0.11598222699492766,-0.33967527436007305,,,False
1.2,0.11242421039825358,-0.34028854078637666,,,False
1.205,0.1088679204149483,-0.34074758009621287,,,False
1.21,0.10531948573840065,-0.3410526778813011,,,False
1.215,0.10178501573472122,-0.3412043591094133,,,False
1.22,0.09827059095102535,-0.34120338705945547,,,False
1.225,0.09478225367847676,-0.3410507618830295,,,False
1.23,0.09132599858487031,-0.3407477187951575,,,False
1.235,0.08790776343140554,-0.34029572589744667,,,False
1.24,0.08453341988815244,-0.33969648163756383,,,False
1.245,0.08120876446253823,-0.33895191190947044,,,False
1.25,0.0779395095549878,-0.3380641667994449,,,False
1.2550000000000001,0.0747312746556315,-0.33703561698348466,,,False
1.26,0.07158957769575301,-0.3358688497822351,,,False
1.2650000000000001,0.06851982656738857,-0.33456666488013886,,,False
1.27,0.06552731082420274,-0.33313206971603093,,,False
1.2750000000000001,0.06261719357646357,-0.3315682745529253,,,False
1.28,0.05979450359261314,-0.3298786872352457,,,False
1.285,0.057064127619585785,-0.32806690764224467,,,False
1.29,0.05443080293366284,-0.32613672184683257,,,False
1.295,0.05189911013326874,-0.32409209598949784,,,False
1.3,0.04947346618471613,-0.3219371698774447,,,False
1.305,0.04715811773148769,-0.31967625031949914,,,False
1.31,0.04495713467721122,-0.3173138042077435,,,False
1.315,0.042874404052033986,-0.31485445135722717,,,False
1.32,0.040913624171639004,-0.3123029571154706,,,False
1.325,0.03907829909766842,-0.30966422475382893,,,False
1.33,0.037371733407827096,-0.3069432876531079,,,False
1.335,0.035797027283436963,-0.30414530129613304,,,False
1.34,0.03435707192169715,-0.3012755350802558,,,False
1.345,0.03305454527937971,-0.2983393639630431,,,False
1.35,0.03189190815415529,-0.29534225995463614,,,False
1.355,0.030871400609199438,-0.29228978347047957,,,False
1.36,0.029995038746177902,-0.28918757455831506,,,False
1.365,0.029264611831151154,-0.28604134401350195,,,False
1.37,0.028681679777373147,-0.28285686439687213,,,False
1.375,0.028247570988390185,-0.27963996096944593,,,False
1.3800000000000001,0.027963380564271837,-0.27639650255843423,,,False
1.385,0.027829968873229253,-0.2731323923690195,,,False
1.3900000000000001,0.027847960490297585,-0.2698535587564602,,,False
1.395,0.0280177435041794,-0.2665659459730822,,,False
1.4000000000000001,0.02833946919276585,-0.2632755049047208,,,False
1.405,0.02881305206727372,-0.25998818381115096,,,False
1.41,0.02943817028435861,-0.25670991908499396,,,False
1.415,0.03021426642499077,-0.2534466260435131,,,False
1.42,0.031140548638308254,-0.2502041897676176,,,False
1.425,0.03221599214809697,-0.2469884560022704,,,False
1.43,0.03343934111898564,-0.2438052221323542,,,False
1.435,0.03480911087888977,-0.24066022824788566,,,False
1.44,0.036323590493691736,-0.23755914831227995,,,False
1.445,0.03798084568960509,-0.23450758144716002,,,False
1.45,0.03977872211814147,-0.231511043346977,,,False
1.455,0.04171484895807786,-0.2285749578364594,,,False
1.46,0.04378664284831314,-0.225704648583641,,,False
1.465,0.04599131214500345,-0.22290533098093096,,,False
1.47,0.04832586149588092,-0.22018210420638562,,,False
1.475,0.0507870967241846,-0.2175399434770209,,,False
1.48,0.05337163001417495,-0.21498369250566468,,,False
1.485,0.0560758853897537,-0.21251805617249842,,,False
1.49,0.05889610447728187,-0.21014759342206696,,,False
1.495,0.06182835254327039,-0.20787671039615505,,,False
1.5,0.06486852479721707,-0.2057096538125352,,,False
1.5050000000000001,0.06801235294947972,-0.20365050459918257,,,False
1.51,0.07125541201370526,-0.20170317179313732,,,False
1.5150000000000001,0.0745931273429854,-0.19987138671276292,,,False
1.52,0.07802078188857392,-0.19815869741171369,,,False
1.5250000000000001,0.08153352366968601,-0.1965684634224743,,,False
1.53,0.085126373442601,-0.19510385079688147,,,False
1.5350000000000001,0.08879423255701162,-0.19376782745057208,,,False
1.54,0.09253189098730137,-0.1925631588178348,,,False
1.545,0.09633403552618974,-0.19149240382286506,,,False
1.55,0.1001952581279633,-0.19055791117294268,,,False
1.555,0.10411006438830622,-0.18976181597856656,,,False
1.56,0.10807288214756108,-0.18910603670508958,,,False
1.565,0.11207807020408567,-0.18859227245990612,,,False
1.57,0.1161199271242286,-0.1882220006187461,,,False
1.575,0.12019270013532014,-0.18799647479413384,,,False
1.58,0.124290594087972,-0.18791672314856744,,,False
1.585,0.1284077804738941,-0.1879835470544756,,,False
1.59,0.13253840648537196,-0.188197520102504,,,False
1.595,0.13667660410250448,-0.18855898745918348,,,False
1.6,0.1408164991942761,-0.18906806557452663,,,False
1.605,0.1449522206195345,-0.18972464223960064,,,False
1.61,0.14907790931395906,-0.1905283769936198,,,False
1.615,0.15318772734914157,-0.19147870187960345,,,False
1.62,0.15727586694995502,-0.1925748225471452,,,False
1.625,0.16133655945646294,-0.19381571970034409,,,False
1.6300000000000001,0.1653640842167142,-0.19520015088845344,,,False
1.635,0.16935277739688467,-0.1967266526363133,,,False
1.6400000000000001,0.17329704069535865,-0.19839354291114358,,,False
1.645,0.17719134994749766,-0.20019892392179217,,,False
1.6500000000000001,0.18103026360801486,-0.20214068524605136,,,False
1.655,0.1848084310980649,-0.20421650728118226,,,False
1.6600000000000001,0.1885206010043684,-0.20642386501231544,,,False
1.665,0.19216162911791787,-0.208760032092933,,,False
1.67,0.1957264863000592,-0.211222085231179,,,False
1.675,0.1992102661640053,-0.21380690887529327,,,False
1.68,0.2026081925601225,-0.21651120019102102,,,False
1.685,0.20591562685362708,-0.2193314743234136,,,False
1.69,0.209128074983648,-0.22226406993500963,,,False
1.695,0.21224119429294216,-0.22530515501196685,,,False
1.7,0.21525080011790004,-0.22845073292930798,,,False
1.705,0.21815287212884235,-0.23169664876604587,,,False
1.71,0.2209435604109901,-0.2350385958605679,,,False
1.715,0.22361919127688473,-0.23847212259628484,,,False
1.72,0.2261762728014452,-0.24199263940718962,,,False
1.725,0.22861150007127162,-0.24559542599262274,,,False
1.73,0.23092176014024232,-0.24927563873020817,,,False
1.735,0.23310413668390115,-0.2530283182756059,,,False
1.74,0.2351559143455916,-0.25684839733742326,,,False
1.745,0.23707458276776994,-0.26073070861534275,,,False
1.75,0.23885784030241114,-0.26466999288925336,,,False
1.7550000000000001,0.24050359739491692,-0.26866090724692165,,,False
1.76,0.24200997963643733,-0.27269803343750654,,,False
1.7650000000000001,0.24337533048003035,-0.2767758863380056,,,False
1.77,0.2445982136166028,-0.2808889225195291,,,False
1.7750000000000001,0.2456774150071036,-0.2850315489001213,,,False
1.78,0.24661194456797284,-0.2891981314706954,,,False
1.7850000000000001,0.24740103750738923,-0.29338300408051743,,,False
1.79,0.24804415531040122,-0.2975804772685604,,,False
1.795,0.24854098637157399,-0.3017848471269633,,,False
1.8,0.24889144627433457,-0.30599040418276136,,,False
1.805,0.24909567771674818,-0.31019144228400924,,,False
1.81,0.24915405008401248,-0.3143822674763976,,,False
1.815,0.24906715866850818,-0.3185572068564634,,,False
1.82,0.24883582353879738,-0.32271061738751994,,,False
1.825,0.24846108805951067,-0.32683689466447785,,,False
1.83,0.24794421706461206,-0.33093048161379957,,,False
1.835,0.24728669468707487,-0.33498587711492217,,,False
1.84,0.24649022184854152,-0.3389976445296004,,,False
1.845,0.24555671341307422,-0.3429604201257598,,,False
1.85,0.2444882950096326,-0.3468689213826107,,,False
1.855,0.24328729952843367,-0.35071795516396076,,,False
1.86,0.24195626329686495,-0.35450242574686375,,,False
1.865,0.24049792194112282,-0.35821734269297695,,,False
1.87,0.23891520594024504,-0.36185782855024257,,,False
1.875,0.23721123587968884,-0.36541912637278096,,,False
1.8800000000000001,0.23538931741207847,-0.3688966070471742,,,False
1.885,0.2334529359332068,-0.3722857764136265,,,False
1.8900000000000001,0.23140575098182256,-0.3755822821708202,,,False
1.895,0.22925159037216847,-0.37878192055363097,,,False
1.9000000000000001,0.22699444406865407,-0.38188064277323597,,,False
1.905,0.22463845781245215,-0.3848745612095293,,,False
1.9100000000000001,0.22218792651019473,-0.3877599553461618,,,False
1.915,0.2196472873953166,-0.3905332774389383,,,False
1.92,0.21702111297294965,-0.3931911579087374,,,False
1.925,0.2143141037596067,-0.395730410450566,,,False
1.93,0.2115310808292141,-0.39814803685082073,,,False
1.935,0.2086769781773506,-0.4004412315053022,,,False
1.94,0.20575683491583197,-0.40260738563101345,,,False
1.945,0.202775787310041,-0.4046440911652709,,,False
1.95,0.19973906067164435,-0.4065491443461632,,,False
1.955,0.1966519611195569,-0.4083205489689101,,,False
1.96,0.19351986722221526,-0.40995651931319976,,,False
1.965,0.19034822153439915,-0.4114554827371142,,,False
1.97,0.18714252204199713,-0.41281608193379504,,,False
1.975,0.18390831352824855,-0.4140371768475459,,,False
1.98,0.18065117887510554,-0.41511784624661857,,,False
1.985,0.17737673031345294,-0.4160573889504867,,,False
1.99,0.17409060063598952,-0.4168553247099665,,,False
1.995,0.1707984343866242,-0.4175113947391061,,,False
2.0,0.16750587904026315,-0.4180255618983251,,,False
2.005,0.16421857618686642,-0.41839801052884884,,,False
2.0100000000000002,0.1609421527336335,-0.418629145939041,,,False
2.015,0.15768221213913283,-0.41871959354380034,,,False
2.02,0.15444432569312747,-0.4186701976587412,,,False
2.025,0.15123402385576154,-0.4184820199514328,,,False
2.0300000000000002,0.1480567876696631,-0.4181563375525209,,,False
2.035,0.14491804025839009,-0.41769464083009855,,,False
2.04,0.1418231384244927,-0.417098630831231,,,False
2.045,0.13877736436029423,-0.41637021639506966,,,False
2.05,0.13578591748429697,-0.4155115109425125,,,False
2.055,0.13285390641590739,-0.4145248289478827,,,False
2.06,0.12998634110093896,-0.4134126820986001,,,False
2.065,0.12718812510009744,-0.41217777514931464,,,False
2.07,0.1244640480523804,-0.4108230014774518,,,False
2.075,0.12181877832502995,-0.409351438347592,,,False
2.08,0.11925685586136786,-0.4077663418925605,,,False
2.085,0.11678268523751338,-0.4060711418195502,,,False
2.09,0.11440052893863951,-0.4042694358500268,,,False
2.095,0.11211450086506065,-0.40236498390258135,,,False
2.1,0.10992856007806756,-0.40036170202829213,,,False
2.105,0.10784650479503136,-0.3982636561085399,,,False
2.11,0.10587196664289132,-0.3960750553255858,,,False
2.115,0.10400840517871901,-0.3938002454165669,,,False
2.12,0.10225910268561608,-0.39144370172189447,,,False
2.125,0.10062715925175619,-0.3890100220393492,,,False
2.13,0.0991154881399216,-0.3865039192954578,,,False
2.1350000000000002,0.0977268114544157,-0.38393021404600797,,,False
2.14,0.09646365611175141,-0.3812938268178078,,,False
2.145,0.0953283501210269,-0.37859977030402703,,,False
2.15,0.09432301917940171,-0.37585314142566584,,,False
2.1550000000000002,0.09344958358757983,-0.3730591132718865,,,False
2.16,0.09270975548969553,-0.37022292693210807,,,False
2.165,0.09210503644147736,-0.3673498832329103,,,False
2.17,0.09163671531004419,-0.36444533439291577,,,False
2.1750000000000003,0.09130586650815797,-0.3615146756089196,,,False
2.18,0.09111334856522799,-0.358563336586616,,,False
2.185,0.09105980303682745,-0.35559677302932635,,,False
2.19,0.09114565375394904,-0.3526204580981684,,,False
2.195,0.09137110641268956,-0.349639873857119,,,False
2.2,0.09173614850451949,-0.3466605027164122,,,False
2.205,0.09224054958675865,-0.34368781888768285,,,False
2.21,0.0928838618923465,-0.3407272798642133,,,False
2.215,0.09366542127746762,-0.3377843179395645,,,False
2.22,0.0945843485050653,-0.33486433177777764,,,False
2.225,0.09563955086175671,-0.3319726780482146,,,False
2.23,0.09682972410514613,-0.3291146631379681,,,False
2.235,0.09815335473802377,-0.32629553495461383,,,False
2.24,0.09960872260543427,-0.3235204748319002,,,False
2.245,0.1011939038101049,-0.32079458955077317,,,False
2.25,0.10290677394123554,-0.3181229034879177,,,False
2.255,0.10474501161117665,-0.3155103509037656,,,False
2.2600000000000002,0.10670610229405285,-0.3129617683816632,,,False
2.265,0.10878734245993345,-0.3104818874296287,,,False
2.27,0.11098584399770539,-0.3080753272558399,,,False
2.275,0.11329853891937079,-0.3057465877286934,,,False
2.2800000000000002,0.11572218433806916,-0.30350004253195945,,,False
2.285,0.11825336771171734,-0.3013399325252272,,,False
2.29,0.12088851234376523,-0.2992703593194884,,,False
2.295,0.12362388313218468,-0.2972952790773519,,,False
2.3000000000000003,0.12645559255744418,-0.29541849654700997,,,False
2.305,0.12937960689987069,-0.29364365933869674,,,False
2.31,0.13239175267646525,-0.29197425245198566,,,False
2.315,0.13548772328692107,-0.2904135930618705,,,False
2.32,0.13866308585828807,-0.2889648255711618,,,False
2.325,0.14191328827744465,-0.28763091693631,,,False
2.33,0.145233666400267,-0.28641465227333546,,,False
2.335,0.14861945142613528,-0.28531863075011205,,,False
2.34,0.15206577742618327,-0.2843452617708036,,,False
2.345,0.15556768901348036,-0.2834967614578055,,,False
2.35,0.15912014914313938,-0.28277514943608745,,,False
2.355,0.16271804703016235,-0.2821822459243736,,,False
2.36,0.1663562061726769,-0.28171966913713176,,,False
2.365,0.170029392468073,-0.2813888330008759,,,False
2.37,0.17373232240942593,-0.28119094518781407,,,False
2.375,0.17745967134948812,-0.2811270054694013,,,False
2.38,0.18120608181944536,-0.2811978043918811,,,False
2.3850000000000002,0.18496617188956657,-0.2814039222754219,,,False
2.39,0.18873454355882968,-0.2817457285379764,,,False
2.395,0.19250579116057612,-0.2822233813445144,,,False
2.4,0.19627450977123775,-0.2828368275818004,,,False
2.4050000000000002,0.2000353036091896,-0.2835858031584098,,,False
2.41,0.20378279441080993,-0.2844698336292005,,,False
2.415,0.2075116297708763,-0.28548823514298144,,,False
2.42,0.21121649143449414,-0.2866401157116471,,,False
2.4250000000000003,0.21489210352783636,-0.28792437679857485,,,False
2.43,0.21853324071508015,-0.28933971522361546,,,False
2.435,0.2221347362690448,-0.29088462538154225,,,False
2.44,0.22569149004317937,-0.2925574017703644,,,False
2.445,0.22919847633270313,-0.2943561418254534,,,False
2.45,0.23265075161288246,-0.29627874905498186,,,False
2.455,0.23604346214261873,-0.29832293647172764,,,False
2.46,0.23937185142173584,-0.30048623031585764,,,False
2.465,0.24263126749058345,-0.30276597406287264,,,False
2.47,0.24581717006081902,-0.3051593327104701,,,False
2.475,0.24892513746649395,-0.30766329733766257,,,False
2.48,0.2519508734248474,-0.31027468992908164,,,False
2.485,0.2548902135965073,-0.3129901684569967,,,False
2.49,0.2577391319351074,-0.31580623221318577,,,False
2.495,0.2604937468166556,-0.3187192273824177,,,False
2.5,0.26315032693932855,-0.3217253528489318,,,False
2.505,0.26570529698472245,-0.32482066622694633,,,False
2.5100000000000002,0.26815524303195815,-0.32800109010587736,,,False
2.515,0.270496917716421,-0.3312624185006188,,,False
2.52,0.2727272451253093,-0.33460032349691216,,,False
2.525,0.2748433254225739,-0.33801036208152846,,,False
2.5300000000000002,0.2768424391962475,-0.3414879831466939,,,False
2.535,0.27872205152159485,-0.345028534657912,,,False
2.54,0.2804798157339519,-0.3486272709740759,,,False
2.545,0.282113576905575,-0.3522793603085179,,,False
2.5500000000000003,0.283621375021277,-0.35597989231941585,,,False
2.555,0.28500144784809867,-0.35972388581776554,,,False
2.56,0.2862522334947355,-0.36350629658093503,,,False
2.565,0.28737237265692367,-0.36732202525964114,,,False
2.57,0.2883607105454799,-0.3711659253660344,,,False
2.575,0.28921629849417985,-0.37503281133043925,,,False
2.58,0.28993839524516357,-0.3789174666141821,,,False
2.585,0.29052646791005565,-0.38281465186583835,,,False
2.59,0.2909801926054969,-0.38671911310815604,,,False
2.595,0.2912994547622916,-0.3906255899428531,,,False
2.6,0.2914843491078858,-0.3945288237604518,,,False
2.605,0.29153517932240225,-0.3984235659422948,,,False
2.61,0.29145245736896946,-0.40230458604189634,,,False
2.615,0.2912369024995923,-0.4061666799328033,,,False
2.62,0.2908894399383202,-0.41000467791019213,,,False
2.625,0.2904111992439754,-0.41381345273349296,,,False
2.63,0.2898035123552045,-0.41758792759742186,,,False
2.6350000000000002,0.2890679113211182,-0.4213230840189114,,,False
2.64,0.28820612572127385,-0.42501396962756127,,,False
2.645,0.2872200797792464,-0.4286557058473792,,,False
2.65,0.2861118891745106,-0.4322434954577561,,,False
2.6550000000000002,0.28488385755783474,-0.43577263002180755,,,False
2.66,0.2835384727758478,-0.4392384971704277,,,False
2.665,0.28207840281090024,-0.44263658773062853,,,False
2.67,0.2805064914427843,-0.4459625026869884,,,False
2.6750000000000003,0.278825753639316,-0.4492119599653009,,,False
2.68,0.27703937068320506,-0.45238080102780004,,,False
2.685,0.2751506850430525,-0.45546499726964196,,,False
2.69,0.27316319499671504,-0.458460656206642,,,False
2.695,0.2710805490156628,-0.46136402744460486,,,False
2.7,0.26890653991933017,-0.4641715084209356,,,False
2.705,0.2666450988088165,-0.4668796499095894,,,False
2.71,0.2643002887896388,-0.4694851612807993,,,False
2.715,0.26187629849356453,-0.47198491550741717,,,False
2.72,0.2593774354098643,-0.47437595391011483,,,False
2.725,0.2568081190366202,-0.47665549063411256,,,False
2.73,0.25417287386300147,-0.4788209168505378,,,False
2.735,0.25147632219367927,-0.48086980467596174,,,False
2.74,0.24872317682679582,-0.482799910804117,,,False
2.745,0.24591823359712353,-0.4846091798442652,,,False
2.75,0.24306636379625746,-0.4862957473611574,,,False
2.755,0.2401725064818676,-0.4878579426120112,,,False
2.7600000000000002,0.2372416606882043,-0.48929429097641924,,,False
2.765,0.23427887755019652,-0.49060351607559727,,,False
2.77,0.23128925235360928,-0.4917845415778826,,,False
2.775,0.22827791652383206,-0.49283649268789753,,,False
2.7800000000000002,0.22525002956595683,-0.4937586973173035,,,False
2.785,0.22221077096887043,-0.4945506869355817,,,False
2.79,0.21916533208612995,-0.495212197099793,,,False
2.795,0.2161189080064158,-0.49574316766278154,,,False
2.8000000000000003,0.21307668942636088,-0.4961437426598072,,,False
2.805,0.21004385453853813,-0.49641426987410237,,,False
2.81,0.2070255609473517,-0.496555300082366,,,False
2.815,0.20402693762551993,-0.4965675859817185,,,False
2.82,0.20105307692376176,-0.4964520808001492,,,False
2.825,0.19810902664619887,-0.4962099365929932,,,False
2.83,0.19519978220387033,-0.4958425022284756,,,False
2.835,0.19233027885861817,-0.4953513210658538,,,False
2.84,0.18950538406944586,-0.4947381283301778,,,False
2.845,0.18672988995327613,-0.49400484818816953,,,False
2.85,0.18400850587183928,-0.4931535905301949,,,False
2.855,0.18134585115621055,-0.4921866474637661,,,False
2.86,0.17874644798028294,-0.4911064895244676,,,False
2.865,0.1762147143942132,-0.48991576161064354,,,False
2.87,0.173754957528612,-0.4886172786486166,,,False
2.875,0.17137136697996522,-0.48721402099563255,,,False
2.88,0.16906800838747507,-0.48570912958813195,,,False
2.8850000000000002,0.16684881721119213,-0.4841059008433492,,,False
2.89,0.1647175927209795,-0.48240778132261997,,,False
2.895,0.16267799220550447,-0.4806183621651486,,,False
2.9,0.16073352541009261,-0.47874137330133865,,,False
2.9050000000000002,0.15888754921190604,-0.47678067745513014,,,False
2.91,0.15714326254052047,-0.4747402639451072,,,False
2.915,0.15550370155157814,-0.47262424229444744,,,False
2.92,0.15397173506078193,-0.47043683566007094,,,False
2.9250000000000003,0.15255006024507542,-0.4681823740916199,,,False
2.93,0.1512411986174221,-0.4658652876311521,,,False
2.935,0.15004749228115555,-0.46349009926466633,,,False
2.94,0.14897110046942313,-0.461061417736795,,,False
2.945,0.1480139963747878,-0.45858393024019545,,,False
2.95,0.14717796427358745,-0.4560623949913511,,,False
2.955,0.14646459694918026,-0.4535016337046498,,,False
2.96,0.1458752934177268,-0.45090652397674874,,,False
2.965,0.14541125695967858,-0.44828199159335086,,,False
2.97,0.14507349345965584,-0.4456330027706192,,,False
2.975,0.14486281005690832,-0.4429645563435331,,,False
2.98,0.14477981410806123,-0.4402816759135488,,,False
2.985,0.1448249124633551,-0.4375894019679656,,,False
2.99,0.14499831105709343,-0.4348927839834165,,,False
2.995,0.14530001481251822,-0.4321968725259003,,,False
3.0,0.14572982786083963,-0.4295067113597498,,,False
3.005,0.146287354073654,-0.4268273295778893,,,False
3.0100000000000002,0.1469719979074943,-0.42416373376567124,,,False
3.015,0.147782965558771,-0.42152090021050237,,,False
3.02,0.1487192664268781,-0.41890376716936756,,,False
3.025,0.1497797148827613,-0.4163172272062406,,,False
3.0300000000000002,0.15096293233977173,-0.413766119611232,,,False
3.035,0.15226734962316343,-0.4112552229131683,,,False
3.04,0.15369120963413097,-0.4087892474971214,,,False
3.045,0.15523257030383344,-0.40637282833821514,,,False
3.0500000000000003,0.15688930783240534,-0.40401051786282627,,,False
3.055,0.1586591202075203,-0.40170677894807144,,,False
3.06,0.16053953099664828,-0.39946597807022965,,,False
3.065,0.16252789340673096,-0.3972923786124921,,,False
3.0700000000000003,0.16462139460459518,-0.39519013434215794,,,False
3.075,0.16681706029103163,-0.3931632830671078,,,False
3.08,0.16911175952108362,-0.39121574048108587,,,False
3.085,0.17150220976272273,-0.38935129420700654,,,False
3.09,0.17398498218573122,-0.38757359804717434,,,False
3.095,0.17655650717226867,-0.38588616644896706,,,False
3.1,0.17921308004027262,-0.38429236919418047,,,False
3.105,0.18195086697052634,-0.3827954263198726,,,False
3.11,0.18476591112793014,-0.38139840327817254,,,False
3.115,0.18765413896722577,-0.3801042063421376,,,False
3.12,0.19061136671315526,-0.3789155782643536,,,False
3.125,0.19363330700478368,-0.3778350941945723,,,False
3.13,0.1967155756934756,-0.3768651578622755,,,False
3.1350000000000002,0.19985369878379722,-0.3760079980296412,,,False
3.14,0.20304311950641063,-0.37526566521996746,,,False
3.145,0.2062792055118401,-0.37464002872618424,,,False
3.15,0.20955725617382073,-0.3741327739036524,,,False
3.1550000000000002,0.21287250999078686,-0.3737453997510142,,,False
3.16,0.21622015207392328,-0.37347921678241885,,,False
3.165,0.2195953217100841,-0.3733353451940063,,,False
3.17,0.22299311998778523,-0.37331471332708344,,,False
3.1750000000000003,0.22640861747439392,-0.37341805642998155,,,False
3.18,0.2298368619325758,-0.3736459157201326,,,False
3.185,0.2332728860640132,-0.3739986377474513,,,False
3.19,0.23671171526838045,-0.37447637405965795,,,False
3.1950000000000003,0.24014837540555276,-0.375079081169726,,,False
3.2,0.24357790054903292,-0.3758065208251854,,,False
3.205,0.24699534071860474,-0.3766582605785639,,,False
3.21,0.25039576958026893,-0.3776336746577986,,,False
3.215,0.25377429210157515,-0.37873194513500286,,,False
3.22,0.2571260521505464,-0.37995206339152915,,,False
3.225,0.26044624002648686,-0.3812928318768283,,,False
3.23,0.2637300999110797,-0.382752866158165,,,False
3.235,0.26697293722831256,-0.38433059725781854,,,False
3.24,0.270170125901917,-0.38602427427396574,,,False
3.245,0.27331711549917487,-0.38783196728102165,,,False
3.25,0.27640943825012515,-0.3897515705047926,,,False
3.255,0.2794427159314055,-0.3917808057673867,,,False
3.2600000000000002,0.28241266660417585,-0.39391722619641906,,,False
3.265,0.28531511119580355,-0.39615822019265284,,,False
3.27,0.2881459799152348,-0.3985010156498266,,,False
3.275,0.2909013184922392,-0.40094268442003617,,,False
3.2800000000000002,0.29357729423099105,-0.40348014701766816,,,False
3.285,0.29617020186874016,-0.4061101775545173,,,False
3.29,0.29867646923063257,-0.40882940889836866,,,False
3.295,0.3010926626720572,-0.4116343380469833,,,False
3.3000000000000003,0.30341549230022896,-0.41452133170909367,,,False
3.305,0.30564181696706116,-0.41748663208369824,,,False
3.31,0.30776864902573914,-0.4205263628286369,,,False
3.315,0.3097931588437728,-0.42363653520913497,,,False
3.3200000000000003,0.3117126790656888,-0.42681305441672357,,,False
3.325,0.31352470861891046,-0.43005172604867875,,,False
3.33,0.3152269164567769,-0.4333482627378685,,,False
3.335,0.31681714503306013,-0.4366982909226604,,,False
3.34,0.31829341350276,-0.44009735774632286,,,False
3.345,0.3196539206443841,-0.443540938075145,,,False
3.35,0.3208970474993516,-0.4470244416243124,,,False
3.355,0.322021359724607,-0.45054322018040427,,,False
3.36,0.32302560965497196,-0.454092574909221,,,False
3.365,0.3239087380722225,-0.4576677637375135,,,False
3.37,0.3246698756783334,-0.46126400879706625,,,False
3.375,0.32530834427079675,-0.4648765039194844,,,False
3.38,0.3258236576183868,-0.46850042216994997,,,False
3.3850000000000002,0.32621552203621207,-0.47213092340814933,,,False
3.39,0.32648383665936825,-0.47576316186452594,,,False
3.395,0.3266286934149743,-0.4793922937199864,,,False
3.4,0.32665037669285024,-0.48301348467717886,,,False
3.4050000000000002,0.32654936271556523,-0.4866219175114739,,,False
3.41,0.3263263186090565,-0.49021279958980657,,,False
3.415,0.3259821011754888,-0.4937813703455907,,,False
3.42,0.32551775537049166,-0.4973229086979803,,,False
3.4250000000000003,0.32493451248737387,-0.5008327404038435,,,False
3.43,0.3242337880513758,-0.5043062453309204,,,False
3.435,0.323417179427473,-0.5077388646407581,,,False
3.44,0.32248646314569496,-0.5111261078701645,,,False
3.4450000000000003,0.32144359194836464,-0.5144635599000806,,,False
3.45,0.32029069156410056,-0.517746887800953,,,False
3.455,0.31903005721385125,-0.5209718475438866,,,False
3.46,0.31766414985465036,-0.5241342905670712,,,False
3.465,0.3161955921671928,-0.5272301701872109,,,False
3.47,0.3146271642937309,-0.5302555478459325,,,False
3.475,0.31296179933318113,-0.5332065991814174,,,False
3.48,0.3112025786007101,-0.5360796199157798,,,False
3.485,0.3093527266594358,-0.5388710315490154,,,False
3.49,0.30741560613223556,-0.541577386850654,,,False
3.495,0.3053947123019936,-0.5441953751405771,,,False
3.5,0.3032936675089501,-0.5467218273508018,,,False
3.505,0.3011162153541278,-0.5491537208603859,,,False
3.5100000000000002,0.2988662147181131,-0.5514881840959773,,,False
3.515,0.2965476336047527,-0.5537225008909046,,,False
3.52,0.2941645428195977,-0.5558541145961016,,,False
3.525,0.2917211094931797,-0.5578806319365539,,,False
3.5300000000000002,0.2892215904594424,-0.55979982660737,,,False
3.535,0.2866703254998716,-0.5616096426039956,,,False
3.54,0.2840717304640721,-0.5633081972815225,,,False
3.545,0.2814302902777247,-0.5648937841384768,,,False
3.5500000000000003,0.27875055184902797,-0.5663648753209161,,,False
3.555,0.27603711688487764,-0.5677201238431153,,,False
3.56,0.27329463462817255,-0.5689583655215773,,,False
3.565,0.27052779452774794,-0.5700786206195625,,,False
3.5700000000000003,0.267741318852536,-0.5710800951998019,,,False
3.575,0.26493995526162833,-0.5719621821835192,,,False
3.58,0.2621284693419766,-0.5727244621143661,,,False
3.585,0.25931163712550553,-0.5733667036263398,,,False
3.59,0.25649423759743545,-0.5738888636152334,,,False
3.595,0.2536810452076122,-0.5742910871136375,,,False
3.6,0.2508768223966281,-0.5745737068699879,,,False
3.605,0.2480863121484797,-0.5747372426326266,,,False
3.61,0.24531423058145618,-0.5747824001403123,,,False
3.615,0.2425652595888791,-0.574710069821084,,,False
3.62,0.23984403954122208,-0.5745213252018457,,,False
3.625,0.23715516206103127,-0.5742174210315006,,,False
3.63,0.2345031628819387,-0.5737997911209126,,,False
3.6350000000000002,0.23189251480291556,-0.5732700459034276,,,False
3.64,0.2293276207487499,-0.5726299697201244,,,False
3.645,0.22681280694755204,-0.5718815178344016,,,False
3.65,0.22435231623589433,-0.571026813180931,,,False
3.6550000000000002,0.22195030150197734,-0.5700681428544289,,,False
3.66,0.21961081927698434,-0.569007954344102,,,False
3.665,0.2173378234845397,-0.5678488515200248,,,False
3.67,0.215135159357925,-0.566593590378092,,,False
3.6750000000000003,0.21300655753442926,-0.5652450745505649,,,False
3.68,0.21095562833591958,-0.5638063505895986,,,False
3.685,0.20898585624441068,-0.5622806030314823,,,False
3.69,0.20710059458109575,-0.5606711492496704,,,False
3.6950000000000003,0.2053030603969657,-0.5589814341050029,,,False
3.7,0.20359632958280155,-0.5572150244018252,,,False
3.705,0.2019833322059676,-0.5553756031590158,,,False
3.71,0.2004668480810642,-0.5534669637052073,,,False
3.715,0.1990495025811222,-0.5514930036077581,,,False
3.72,0.19773376269563098,-0.5494577184452744,,,False
3.725,0.19652193334129503,-0.5473651954337213,,,False
3.73,0.19541615393100695,-0.545219606916377,,,False
3.735,0.19441839520611032,-0.54302520372808,,,False
3.74,0.19353045633660299,-0.5407863084444078,,,False
3.745,0.1927539622935037,-0.5385073085265848,,,False
3.75,0.19209036149716896,-0.536192649373067,,,False
3.755,0.19154092374490822,-0.5338468272888789,,,False
3.7600000000000002,0.19110673842079967,-0.5314743823838883,,,False
3.765,0.1907887129901618,-0.5290798914112986,,,False
3.77,0.19058757178068308,-0.5266679605577101,,,False
3.775,0.19050385505175998,-0.5242432181961586,,,False
3.7800000000000002,0.19053791835313652,-0.5218103076135764,,,False
3.785,0.1906899321734834,-0.5193738797241385,,,False
3.79,0.19095988187909807,-0.5169385857799582,,,False
3.795,0.19134756794245122,-0.5145090700905758,,,False
3.8000000000000003,0.19185260645985094,-0.5120899627626494,,,False
3.805,0.19247442995704314,-0.5096858724712015,,,False
3.81,0.19321228848111768,-0.5073013792737006,,,False
3.815,0.19406525097664334,-0.5049410274781695,,,False
3.8200000000000003,0.19503220694351223,-0.5026093185764011,,,False
3.825,0.19611186837353858,-0.5003107042532383,,,False
3.83,0.1973027719624239,-0.49804957948273293,,,False
3.835,0.19860328159327603,-0.4958302757218387,,,False
3.84,0.2000115910874511,-0.493657054212118,,,False
3.845,0.20152572721807618,-0.49153409939975223,,,False
3.85,0.20314355298120812,-0.4894655124839376,,,False
3.855,0.2048627711191893,-0.487455305103527,,,False
3.86,0.20668092789037726,-0.48550739317154334,,,False
3.865,0.20859541707904924,-0.4836255908669375,,,False
3.87,0.21060348423891923,-0.4818136047927014,,,False
3.875,0.21270223116335032,-0.4800750283091687,,,False
3.88,0.21488862057500538,-0.47841333605104663,,,False
3.8850000000000002,0.217159481027346,-0.4768318786364192,,,False
3.89,0.21951151201007496,-0.4753338775756497,,,False
3.895,0.22194128925031012,-0.4739224203877861,,,False
3.9,0.22444527020098884,-0.4726004559317361,,,False
3.9050000000000002,0.22701979970772093,-0.4713707899591366,,,False
3.91,0.2296611158450474,-0.47023608089548613,,,False
3.915,0.23236535591281116,-0.4691988358557467,,,False
3.92,0.2351285625831112,-0.46826140690025125,,,False
3.9250000000000003,0.2379466901880931,-0.46742598753637404,,,False
3.93,0.2408156111386232,-0.46669460947103464,,,False
3.935,0.2437311224637058,-0.4660691396187174,,,False
3.94,0.24668895246032974,-0.465551277369288,,,False
3.9450000000000003,0.24968476744327317,-0.465142552119487,,,False
3.95,0.2527141785842551,-0.46484432107157364,,,False
3.955,0.25577274882969797,-0.46465776730217967,,,False
3.96,0.2588559998862569,-0.4645838981040214,,,False
3.9650000000000003,0.2619594192631811,-0.4646235436026964,,,False
3.97,0.26507846736049734,-0.4647773556503742,,,False
3.975,0.2682085845919479,-0.46504580699776665,,,False
3.98,0.2713451985315757,-0.46542919074534134,,,False
3.985,0.2744837310728223,-0.4659276200743165,,,False
3.99,0.27761960558900184,-0.46654102825755234,,,False
3.995,0.28074825408401854,-0.46726916895003057,,,False
4.0,0.2838651243222263,-0.4681116167581894,,,False
4.005,0.2869656869263701,-0.46906776808696204,,,False
4.01,0.2900454424326082,-0.4701368422629459,,,False
4.015,0.2930999282916945,-0.4713178829317134,,,False
4.0200000000000005,0.29612472580548765,-0.472609759726862,,,False
4.025,0.29911546698806896,-0.4740111702079906,,,False
4.03,0.3020678413408728,-0.47552064206438327,,,False
4.035,0.30497760253137607,-0.4771365355807812,,,False
4.04,0.3078405749650515,-0.47885704636122595,,,False
4.045,0.31065266024046045,-0.4806802083065694,,,False
4.05,0.3134098434775516,-0.4826038968408583,,,False
4.055,0.3161081995094332,-0.4846258323814286,,,False
4.0600000000000005,0.31874389892810606,-0.4867435840471705,,,False
4.065,0.32131321397487533,-0.48895457359906724,,,False
4.07,0.3238125242664077,-0.49125607960675427,,,False
4.075,0.3262383223476593,-0.4936452418345026,,,False
4.08,0.3285872190631739,-0.4961190658396947,,,False
4.085,0.3308559487385379,-0.4986744277765358,,,False
4.09,0.333041374164078,-0.5013080793974304,,,False
4.095,0.33514049137319746,-0.5040166532441478,,,False
4.1,0.33715043420807267,-0.5067966680206111,,,False
4.105,0.3390684786657622,-0.5096445341388628,,,False
4.11,0.3408920470181297,-0.5125565594294925,,,False
4.115,0.34261871169933394,-0.5155289550075579,,,False
4.12,0.34424619895500524,-0.5185578412847897,,,False
4.125,0.3457723922476029,-0.5216392541186424,,,False
4.13,0.3471953354128277,-0.5247691510885419,,,False
4.135,0.34851323556235747,-0.5279434178894787,,,False
4.14,0.3497244657285694,-0.5311578748329177,,,False
4.1450000000000005,0.3508275672473182,-0.5344082834448208,,,False
4.15,0.35182125187525,-0.5376903531504339,,,False
4.155,0.352704403638549,-0.5409997480353443,,,False
4.16,0.35347608041043305,-0.5443320936722048,,,False
4.165,0.3541355152151431,-0.5476829840024087,,,False
4.17,0.3546821172565969,-0.5510479882619181,,,False
4.175,0.3551154726703126,-0.5544226579403781,,,False
4.18,0.3554353449976395,-0.5578025337625938,,,False
4.1850000000000005,0.35564167538176983,-0.5611831526814162,,,False
4.19,0.35573458248544265,-0.5645600548710625,,,False
4.195,0.35571436213068636,-0.5679287907098979,,,False
4.2,0.3555814866613824,-0.5712849277417205,,,False
4.205,0.35533660402986894,-0.5746240576046304,,,False
4.21,0.354980536609234,-0.5779418029166128,,,False
4.215,0.35451427973337984,-0.5812338241070352,,,False
4.22,0.3539389999673647,-0.584495826183349,,,False
4.225,0.3532560331109538,-0.5877235654223874,,,False
4.23,0.35246688193872644,-0.5909128559757734,,,False
4.235,0.35157321368050065,-0.5940595763790941,,,False
4.24,0.3505768572462433,-0.5971596759546473,,,False
4.245,0.34947980020003194,-0.6002091810977425,,,False
4.25,0.34828418548802886,-0.6032042014367262,,,False
4.255,0.34699230792581176,-0.6061409358571026,,,False
4.26,0.34560661045078,-0.6090156783803443,,,False
4.265,0.3441296801457242,-0.6118248238882189,,,False
4.2700000000000005,0.3425642440400021,-0.6145648736837095,,,False
4.275,0.3409131646951102,-0.61723244087987,,,False
4.28,0.3391794355817771,-0.6198242556082346,,,False
4.285,0.33736617625602683,-0.6223371700386918,,,False
4.29,0.33547662734197303,-0.6247681632030377,,,False
4.295,0.3335141453294054,-0.6271143456147421,,,False
4.3,0.33148219719451344,-0.6293729636777862,,,False
4.305,0.3293843548523685,-0.6315414038777757,,,False
4.3100000000000005,0.32722428945004106,-0.6336171967488797,,,False
4.315,0.32500576550947774,-0.6355980206105108,,,False
4.32,0.32273263492949045,-0.6374817050680307,,,False
4.325,0.32040883085642563,-0.6392662342721456,,,False
4.33,0.31803836143328124,-0.6409497499320472,,,False
4.335,0.31562530343722295,-0.6425305540777461,,,False
4.34,0.3131737958156182,-0.6440071115674517,,,False
4.345,0.31068803313085935,-0.645378052336262,,,False
4.3500000000000005,0.30817225892438044,-0.6466421733828388,,,False
4.355,0.3056307590103933,-0.647798440491169,,,False
4.36,0.3030678547099669,-0.6488459896849323,,,False
4.365,0.3004878960361601,-0.6497841284124292,,,False
4.37,0.2978952548409865,-0.6506123364604485,,,False
4.375,0.2952943179350363,-0.6513302665958939,,,False
4.38,0.2926894801906173,-0.6519377449344168,,,False
4.385,0.2900851376392894,-0.6524347710357447,,,False
4.39,0.2874856805746664,-0.6528215177258259,,,False
4.3950000000000005,0.2848954866713396,-0.6530983306463486,,,False
4.4,0.282318914130741,-0.6532657275326261,,,False
4.405,0.2797602948647097,-0.6533243972212702,,,False
4.41,0.2772239277274556,-0.6532751983895054,,,False
4.415,0.2747140718065251,-0.653119158028402,,,False
4.42,0.2722349397832702,-0.6528574696527258,,,False
4.425,0.2697906913732008,-0.6524914912505205,,,False
4.43,0.2673854268564618,-0.6520227429759495,,,False
4.4350000000000005,0.26502318070852443,-0.6514529045893274,,,False
4.44,0.2627079153410092,-0.6507838126486707,,,False
4.445,0.26044351496237556,-0.6500174574574888,,,False
4.45,0.2582337795680105,-0.6491559797739146,,,False
4.455,0.25608241906903384,-0.6482016672866522,,,False
4.46,0.25399304756890784,-0.6471569508635824,,,False
4.465,0.2519691777966953,-0.6460244005792181,,,False
4.47,0.2500142157055507,-0.6448067215275504,,,False
4.4750000000000005,0.24813145524475952,-0.6435067494271549,,,False
4.48,0.24632407331335535,-0.6421274460257524,,,False
4.485,0.24459512490304922,-0.6406718943117247,,,False
4.49,0.2429475384378953,-0.639143293540384,,,False
4.495,0.2413841113177996,-0.6375449540830808,,,False
4.5,0.23990750567264554,-0.6358802921074987,,,False
4.505,0.23852024433347072,-0.6341528240977495,,,False
4.51,0.23722470702677792,-0.6323661612231155,,,False
4.515,0.2360231267977037,-0.6305240035645207,,,False
4.5200000000000005,0.2349175866673993,-0.6286301342080192,,,False
4.525,0.23391001652960294,-0.6266884132147901,,,False
4.53,0.23300219029099783,-0.6247027714773072,,,False
4.535,0.2321957232595609,-0.6226772044715182,,,False
4.54,0.23149206978471007,-0.6206157659150172,,,False
4.545,0.2308925211526567,-0.6185225613413291,,,False
4.55,0.23039820373996253,-0.6164017416005368,,,False
4.555,0.23001007742789037,-0.6142574962965872,,,False
4.5600000000000005,0.2297289342797235,-0.6120940471716906,,,False
4.565,0.22955539748281178,-0.6099156414482977,,,False
4.57,0.22948992055668335,-0.6077265451391848,,,False
4.575,0.22953278682814168,-0.6055310363362124,,,False
4.58,0.22968410917384424,-0.6033333984883362,,,False
4.585,0.22994383003044105,-0.6011379136794487,,,False
4.59,0.23031172167192798,-0.5989488559166103,,,False
4.595,0.23078738675345267,-0.5967704844391952,,,False
4.6000000000000005,0.2313702591203923,-0.5946070370594231,,,False
4.605,0.23205960488110855,-0.5924627235446811,,,False
4.61,0.23285452374137322,-0.590341719051955,,,False
4.615,0.23375395059805143,-0.5882481576245873,,,False
4.62,0.23475665738922485,-0.5861861257614643,,,False
4.625,0.2358612551975413,-0.5841596560686007,,,False
4.63,0.23706619660318418,-0.582172721002942,,,False
4.635,0.23836977828246944,-0.580229226718045,,,False
4.64,0.23977014384770048,-0.5783330070211147,,,False
4.6450000000000005,0.24126528692353807,-0.5764878174506887,,,False
4.65,0.24285305445478203,-0.5746973294840508,,,False
4.655,0.2445311502401047,-0.5729651248832384,,,False
4.66,0.24629713868593323,-0.571294690188273,,,False
4.665,0.24814844877434025,-0.569689411366002,,,False
4.67,0.2500823782384789,-0.5681525686226787,,,False
4.675,0.2520960979387823,-0.5666873313881382,,,False
4.68,0.2541866564328456,-0.5652967534791494,,,False
4.6850000000000005,0.25635098473161416,-0.5639837684492283,,,False
4.69,0.25858590123422487,-0.5627511851318966,,,False
4.695,0.2608881168335764,-0.5616016833840602,,,False
4.7,0.2632542401844526,-0.560537810035858,,,False
4.705,0.26568078312577853,-0.5595619750530021,,,False
4.71,0.26816416624836176,-0.5586764479172956,,,False
4.715,0.270700724599257,-0.5578833542306644,,,False
4.72,0.2732867135136904,-0.5571846725476872,,,False
4.7250000000000005,0.27591831456529436,-0.5565822314412523,,,False
4.73,0.27859164162523137,-0.5560777068055965,,,False
4.735,0.2813027470206282,-0.5556726194006193,,,False
4.74,0.28404762778259973,-0.555368332640981,,,False
4.745,0.28682223197401513,-0.5551660506331191,,,False
4.75,0.28962246508704614,-0.5550668164629293,,,False
4.755,0.29244419650044184,-0.5550715107364703,,,False
4.76,0.2952832659863932,-0.5551808503756624,,,False
4.765,0.2981354902567858,-0.5553953876705553,,,False
4.7700000000000005,0.30099666953858856,-0.5557155095893475,,,False
4.775,0.3038625941680939,-0.5561414373469427,,,False
4.78,0.3067290511937063,-0.5566732262324342,,,False
4.785,0.3095918309769731,-0.5573107656955096,,,False
4.79,0.31244673378156695,-0.5580537796913753,,,False
4.795,0.31528957633995613,-0.5589018272834015,,,False
4.8,0.318116198387546,-0.559854303502302,,,False
4.805,0.3209224691541342,-0.5609104404602614,,,False
4.8100000000000005,0.3237042938025983,-0.5620693087180464,,,False
4.815,0.32645761980482646,-0.5633298189027417,,,False
4.82,0.3291784432450076,-0.5646907235733758,,,False
4.825,0.33186281504051957,-0.5661506193313222,,,False
4.83,0.3345068470707898,-0.5677079491719885,,,False
4.835,0.33710671820465515,-0.5693610050739402,,,False
4.84,0.33965868021691115,-0.5711079308212414,,,False
4.845,0.34215906358492304,-0.5729467250544426,,,False
4.8500000000000005,0.3446042831563622,-0.5748752445452927,,,False
4.855,0.3469908436793412,-0.5768912076899166,,,False
4.86,0.3493153451864384,-0.5789921982148603,,,False
4.865,0.3515744882243403,-0.5811756690900838,,,False
4.87,0.35376507892107145,-0.5834389466426653,,,False
4.875,0.35588403388304535,-0.5857792348646709,,,False
4.88,0.35792838491443474,-0.5881936199083483,,,False
4.885,0.35989528355164685,-0.5906790747615155,,,False
4.89,0.3617820054059772,-0.5932324640957377,,,False
4.8950000000000005,0.3635859543078235,-0.5958505492796214,,,False
4.9,0.36530466624615043,-0.5985299935492996,,,False
4.905,0.3669358130972249,-0.601267367327941,,,False
4.91,0.36847720613696755,-0.6040591536858855,,,False
4.915,0.36992679933161443,-0.6069017539327926,,,False
4.92,0.3712826924017264,-0.6097914933329834,,,False
4.925,0.3725431336549447,-0.61272462693497,,,False
4.93,0.3737065225832542,-0.6156973455059859,,,False
4.9350000000000005,0.3747714122208868,-0.6187057815621726,,,False
4.94,0.3757365112593729,-0.6217460154849271,,,False
4.945,0.37660068591663476,-0.6248140817137828,,,False
4.95,0.37736296155739724,-0.627905975006079,,,False
4.955,0.3780225240625877,-0.6310176567535709,,,False
4.96,0.3785787209457879,-0.6341450613460446,,,False
4.965,0.37903106221520055,-0.6372841025719302,,,False
4.97,0.37937922097999155,-0.6404306800458501,,,False
4.9750000000000005,0.3796230338002731,-0.6435806856529992,,,False
4.98,0.3797625007803922,-0.6467300100002309,,,False
4.985,0.3797977854055957,-0.6498745488637132,,,False
4.99,0.3797292141225436,-0.6530102096230288,,,False
4.995,0.379557275664546,-0.6561329176716161,,,False
5.0,0.3792826201227984,-0.65923862279349,,,False
5.005,0.37890605776528996,-0.6623233054962365,,,False
5.01,0.3784285576054536,-0.6653829832903486,,,False
5.015,0.3778512457230206,-0.6684137169050578,,,False
5.0200000000000005,0.37717540333992944,-0.6714116164309228,,,False
5.025,0.3764024646545227,-0.6743728473795532,,,False
5.03,0.37553401443764467,-0.6772936366509826,,,False
5.035,0.3745717853946235,-0.6801702783993588,,,False
5.04,0.37351765529748976,-0.6829991397877776,,,False
5.045,0.3723736438921399,-0.6857766666232747,,,False
5.05,0.37114190958550586,-0.6884993888631783,,,False
5.055,0.369824745918135,-0.6911639259842371,,,False
5.0600000000000005,0.36842457782791876,-0.693766992206161,,,False
5.065,0.3669439577110324,-0.6963054015614434,,,False
5.07,0.365385561286466,-0.6987760728035907,,,False
5.075,0.3637521832708287,-0.701176034146136,,,False
5.08,0.3620467328704049,-0.7035024278250971,,,False
5.085,0.360272229097722,-0.7057525144778165,,,False
5.09,0.35843179592016206,-0.7079236773314235,,,False
5.095,0.35652865724840754,-0.7100134261944602,,,False
5.1000000000000005,0.3545661317727581,-0.7120194012455363,,,False
5.105,0.35254762765558895,-0.7139393766131993,,,False
5.11,0.35047663708844173,-0.7157712637415466,,,False
5.115,0.34835673072244455,-0.7175131145364498,,,False
5.12,0.346191551980951,-0.7191631242876132,,,False
5.125,0.3439848112634658,-0.7207196343620507,,,False
5.13,0.34174028005008944,-0.7221811346649304,,,False
5.135,0.3394617849158604,-0.7235462658641122,,,False
5.14,0.3371532014645109,-0.724813821375079,,,False
5.1450000000000005,0.33481844819126766,-0.7259827491033494,,,False
5.15,0.33246148028443406,-0.7270521529418461,,,False
5.155,0.33008628337557633,-0.7280212940210882,,,False
5.16,0.32769686724821,-0.7288895917104665,,,False
5.165,0.32529725951493665,-0.7296566243692648,,,False
5.17,0.3228914992730232,-0.730322129846483,,,False
5.175,0.320483630748439,-0.730886005728923,,,False
5.18,0.31807769693837423,-0.731348309337397,,,False
5.1850000000000005,0.3156777332622566,-0.7317092574713187,,,False
5.19,0.313287761231258,-0.7319692259023378,,,False
5.195,0.31091178214624504,-0.7321287486180792,,,False
5.2,0.3085537708340705,-0.7321885168174378,,,False
5.205,0.30621766943203355,-0.732149377659283,,,False
5.21,0.3039073812302483,-0.7320123327668077,,,False
5.215,0.30162676458155974,-0.731778536490149,,,False
5.22,0.2993796268885283,-0.7314492939302869,,,False
5.2250000000000005,0.2971697186768728,-0.7310260587276022,,,False
5.23,0.29500072776461317,-0.7305104306188482,,,False
5.235,0.2928762735359957,-0.7299041527666521,,,False
5.24,0.29079990132910466,-0.7292091088660179,,,False
5.245,0.288775076945877,-0.7284273200326561,,,False
5.25,0.2868051812930326,-0.7275609414783013,,,False
5.255,0.28489350516221584,-0.7266122589785132,,,False
5.26,0.2830432441574158,-0.7255836851387808,,,False
5.265,0.28125749377748915,-0.7244777554650592,,,False
5.2700000000000005,0.2795392446613571,-0.7232971242451759,,,False
5.275,0.27789137800318053,-0.7220445602478301,,,False
5.28,0.27631666114454184,-0.7207229422461952,,,False
5.285,0.2748177433503735,-0.7193352543733977,,,False
5.29,0.2733971517750746,-0.7178845813174112,,,False
5.295,0.27205728762495013,-0.7163741033631376,,,False
5.3,0.27080042252278885,-0.7148070912896917,,,False
5.305,0.2696286950800714,-0.7131869011311144,,,False
5.3100000000000005,0.2685441076819634,-0.7115169688089501,,,False
5.315,0.2675485234899091,-0.709800804645313,,,False
5.32,0.26664366366628944,-0.7080419877652454,,,False
5.325,0.265831104825255,-0.7062441603973321,,,False
5.33,0.2651122767134797,-0.7044110220816848,,,False
5.335,0.26448846012421695,-0.7025463237945435,,,False
5.34,0.263960785047666,-0.7006538619988578,,,False
5.345,0.2635302290602804,-0.6987374726303174,,,False
5.3500000000000005,0.2631976159552709,-0.6968010250283866,,,False
5.355,0.26296361461617346,-0.6948484158219702,,,False
5.36,0.262828738134965,-0.6928835627793954,,,False
5.365,0.26279334317582637,-0.6909103986324351,,,False
5.37,0.26285762958526054,-0.6889328648841238,,,False
5.375,0.26302164024888863,-0.686954905610128,,,False
5.38,0.26328526119485496,-0.6849804612634256,,,False
5.385,0.26364822194338744,-0.6830134624920302,,,False
5.39,0.2641100961016716,-0.6810578239794572,,,False
5.3950000000000005,0.26467030220281235,-0.6791174383175806,,,False
5.4,0.26532810478727686,-0.6771961699214574,,,False
5.405,0.2660826157248313,-0.6752978489956191,,,False
5.41,0.2669327957746121,-0.673426265561232,,,False
5.415,0.2678774563805992,-0.6715851635534141,,,False
5.42,0.26891526169939406,-0.6697782349978744,,,False
5.425,0.27004473085684627,-0.6680091142758972,,,False
5.43,0.2712642404297162,-0.6662813724865446,,,False
5.4350000000000005,0.2725720271482154,-0.6645985119147777,,,False
5.44,0.273966190814925,-0.6629639606140207,,,False
5.445,0.27544469743525996,-0.6613810671114982,,,False
5.45,0.27700538255432217,-0.6598530952444672,,,False
5.455,0.278645954794669,-0.6583832191352524,,,False
5.46,0.28036399958921715,-0.6569745183127581,,,False
5.465,0.2821569831032041,-0.6556299729878925,,,False
5.47,0.2840222563388416,-0.6543524594900874,,,False
5.4750000000000005,0.285957059416019,-0.6531447458718324,,,False
5.48,0.2879585260221467,-0.6520094876878723,,,False
5.485,0.29002368802397666,-0.6509492239554313,,,False
5.49,0.29214948023399095,-0.6499663733015392,,,False
5.495,0.29433274532372,-0.6490632303032327,,,False
5.5,0.2965702388761298,-0.6482419620260973,,,False
5.505,0.29885863456901374,-0.647504604766301,,,False
5.51,0.30119452948112646,-0.6468530610009443,,,False
5.515,0.30357444951262047,-0.6462890965512258,,,False
5.5200000000000005,0.3059948549111742,-0.6458143379625836,,,False
5.525,0.308452145895049,-0.6454302701056326,,,False
5.53,0.31094266836417084,-0.6451382340013715,,,False
5.535,0.3134627196902059,-0.6449394248737812,,,False
5.54,0.3160085545764871,-0.6448348904325817,,,False
5.545,0.31857639097855067,-0.6448255293885559,,,False
5.55,0.3211624160759579,-0.6449120902034862,,,False
5.555,0.32376279228600735,-0.6450951700763872,,,False
5.5600000000000005,0.3263736633098895,-0.6453752141673481,,,False
5.565,0.32899116020179464,-0.645752515059936,,,False
5.57,0.3316114074514594,-0.6462272124627364,,,False
5.575,0.33423052907062767,-0.6467992931502439,,,False
5.58,0.33684465467390373,-0.6474685911429432,,,False
5.585,0.339449925544497,-0.6482347881260546,,,False
5.59,0.3420425006753873,-0.6490974141060493,,,False
5.595,0.3446185627764906,-0.650055848303676,,,False
5.6000000000000005,0.34717432423846667,-0.6511093202818767,,,False
5.605,0.34970603304388403,-0.652256911306608,,,False
5.61,0.3522099786165539,-0.6534975559382281,,,False
5.615,0.3546824975999437,-0.654830043850757,,,False
5.62,0.3571199795557043,-0.6562530218759649,,,False
5.625,0.3595188725734754,-0.6577649962689033,,,False
5.63,0.3618756887832802,-0.6593643351911509,,,False
5.635,0.36418700976198004,-0.6610492714077147,,,False
5.64,0.3664494918254323,-0.6628179051931982,,,False
5.6450000000000005,0.3686598711981801,-0.6646682074425274,,,False
5.65,0.3708149690526999,-0.6665980229812162,,,False
5.655,0.37291169641044347,-0.6686050740698377,,,False
5.66,0.37494705889713337,-0.6706869640970826,,,False
5.665,0.37691816134500256,-0.6728411814554839,,,False
5.67,0.37882221223491563,-0.6750651035936173,,,False
5.675,0.3806565279715642,-0.6773560012383099,,,False
5.68,0.3824185369851932,-0.6797110427801301,,,False
5.6850000000000005,0.38410578365359394,-0.6821272988151829,,,False
5.69,0.38571593203838284,-0.6846017468359921,,,False
5.695,0.38724676942988057,-0.6871312760640239,,,False
5.7,0.38869620969521007,-0.6897126924161887,,,False
5.705,0.3900622964245431,-0.69234272359745,,,False
5.71,0.3913432058707455,-0.6950180243114799,,,False
5.715,0.39253724967799686,-0.6977351815811157,,,False
5.72,0.39364287739529524,-0.7004907201702057,,,False
5.7250000000000005,0.3946586787710965,-0.7032811080982766,,,False
5.73,0.3955833858256844,-0.7061027622393127,,,False
5.735,0.3964158746982171,-0.7089520539958101,,,False
5.74,0.3971551672657526,-0.7118253150391525,,,False
5.745,0.39780043253191466,-0.7147188431072554,,,False
5.75,0.39835098778322275,-0.717628907850341,,,False
5.755,0.3988062995114782,-0.720551756715631,,,False
5.76,0.3991659841009642,-0.72348362086169,,,False
5.765,0.3994298082795896,-0.7264207210931067,,,False
5.7700000000000005,0.39959768933347733,-0.7293592738061752,,,False
5.775,0.3996696950848691,-0.7322954969362216,,,False
5.78,0.39964604363359363,-0.7352256158972268,,,False
5.785,0.39952710286271187,-0.738145869504408,,,False
5.79,0.3993133897093286,-0.741052515870458,,,False
5.795,0.39900556920192476,-0.743941838266182,,,False
5.8,0.39860445326593275,-0.7468101509363365,,,False
5.805,0.39811099929964,-0.7496538048615475,,,False
5.8100000000000005,0.3975263085228669,-0.7524691934572774,,,False
5.815,0.39685162410121955,-0.7552527582009113,,,False
5.82,0.39608832904907076,-0.7580009941781564,,,False
5.825,0.3952379439147684,-0.7607104555400741,,,False
5.83,0.3943021242519096,-0.7633777608622192,,,False
5.835,0.39328265788085476,-0.7659995983975126,,,False
5.84,0.3921814619449831,-0.7685727312146529,,,False
5.845,0.3910005797665087,-0.7710940022140549,,,False
5.8500000000000005,0.38974217750699197,-0.7735603390135061,,,False
5.855,0.38840854063798236,-0.7759687586959391,,,False
5.86,0.38700207022752486,-0.7783163724119455,,,False
5.865,0.38552527904854733,-0.7806003898298904,,,False
5.87,0.38398078751542336,-0.7828181234267333,,,False
5.875,0.38237131945526914,-0.784966992612919,,,False
5.88,0.38069969772079004,-0.7870445276849714,,,False
5.885,0.3789688396517355,-0.7890483735996977,,,False
5.89,0.377181752392254,-0.7909762935642036,,,False
5.8950000000000005,0.3753415280716615,-0.7928261724362115,,,False
5.9,0.373451338856345,-0.7945960199294823,,,False
5.905,0.37151443188072053,-0.7962839736194557,,,False
5.91,0.3695341240653466,-0.7978883017445407,,,False
5.915,0.36751379683046803,-0.7994074057988225,,,False
5.92,0.3654568907134202,-0.8008398229122803,,,False
5.925,0.3633668998984682,-0.8021842280149571,,,False
5.93,0.36124736666778745,-0.8034394357818648,,,False
5.9350000000000005,0.35910187578240543,-0.80460440235576,,,False
5.94,0.3569340488020303,-0.8056782268452823,,,False
5.945,0.3547475383527767,-0.8066601525963055,,,False
5.95,0.35254602235187493,-0.8075495682347122,,,False
5.955,0.3503331981985073,-0.8083460084791712,,,False
5.96,0.3481127769399615,-0.8090491547228583,,,False
5.965,0.34588847742231915,-0.809658835383436,,,False
5.97,0.34366402043491345,-0.8101750260209674,,,False
5.9750000000000005,0.3414431228577914,-0.810597849223818,,,False
5.98,0.3392294918213999,-0.8109275742629597,,,False
5.985,0.33702681888768826,-0.8111646165154639,,,False
5.99,0.334838774261775,-0.8113095366583318,,,False
5.995,0.33266900104326974,-0.8113630396341792,,,False
6.0,0.3305211095262679,-0.8113259733906465,,,False
6.005,0.328398671556951,-0.8111993273957696,,,False
6.01,0.3263052149576235,-0.8109842309318936,,,False
6.015000000000001,0.3242442180259023,-0.8106819511710655,,,False
6.0200000000000005,0.32221910411764965,-0.8102938910351812,,,False
6.025,0.32023323632209444,-0.8098215868445053,,,False
6.03,0.31828991223743563,-0.8092667057585068,,,False
6.035,0.3163923588550518,-0.8086310430132865,,,False
6.04,0.3145437275602603,-0.8079165189601853,,,False
6.045,0.31274708925737743,-0.8071251759104722,,,False
6.05,0.31100542962662553,-0.8062591747913154,,,False
6.055,0.30932164452021504,-0.8053207916185321,,,False
6.0600000000000005,0.30769853550470416,-0.8043124137918949,,,False
6.065,0.30613880555649653,-0.8032365362190484,,,False
6.07,0.30464505491708965,-0.8020957572743559,,,False
6.075,0.30321977711442677,-0.8008927745992441,,,False
6.08,0.30186535515643387,-0.7996303807508646,,,False
6.085,0.3005840579025466,-0.7983114587061148,,,False
6.09,0.29937803661874235,-0.7969389772282874,,,False
6.095,0.2982493217212976,-0.7955159861038221,,,False
6.1000000000000005,0.2971998197141868,-0.7940456112568294,,,False
6.105,0.2962313103247265,-0.7925310497492415,,,False
6.11,0.2953454438417514,-0.7909755646746154,,,False
6.115,0.294543738660284,-0.789382479953768,,,False
6.12,0.2938275790363286,-0.7877551750405722,,,False
6.125,0.29319821305508503,-0.7860970795463694,,,False
6.13,0.2926567508155374,-0.7844116677915717,,,False
6.135,0.29220416283402734,-0.7827024532931328,,,False
6.140000000000001,0.2918412786690744,-0.7809729831966522,,,False
6.1450000000000005,0.291568785769353,-0.7792268326619538,,,False
6.15,0.2913872285463834,-0.7774675992110416,,,False
6.155,0.29129700767313615,-0.7756988970473806,,,False
6.16,0.29129837960939486,-0.773924351355483,,,False
6.165,0.2913914563543606,-0.772147592589799,,,False
6.17,0.2915762054266264,-0.7703722507619138,,,False
6.175,0.2918524500712903,-0.7686019497350424,,,False
6.18,0.2922198696936184,-0.7668403015347879,,,False
6.1850000000000005,0.29267800051831466,-0.7650909006850921,,,False
6.19,0.2932262364730999,-0.763357318578251,,,False
6.195,0.29386383029495156,-0.7616430978878024,,,False
6.2,0.29458989485700804,-0.7599517470330135,,,False
6.205,0.29540340471379695,-0.7582867347035974,,,False
6.21,0.29630319786210685,-0.7566514844531853,,,False
6.215,0.29728797771448684,-0.7550493693699546,,,False
6.22,0.2983563152820277,-0.7534837068326833,,,False
6.2250000000000005,0.2995066515627548,-0.7519577533603523,,,False
6.23,0.3007373001316445,-0.7504746995632583,,,False
6.235,0.30204644992796464,-0.7490376652034282,,,False
6.24,0.3034321682353357,-0.7476496943719444,,,False
6.245,0.30489240384961247,-0.7463137507905943,,,False
6.25,0.3064249904293982,-0.7450327132450512,,,False
6.255,0.30802765002372356,-0.7438093711565786,,,False
6.26,0.3096979967711514,-0.7426464202990223,,,False
6.265000000000001,0.3114335407643074,-0.7415464586676156,,,False
6.2700000000000005,0.3132316920735855,-0.740511982505881,,,False
6.275,0.31508976492353385,-0.7395453824966496,,,False
6.28,0.31700498201519905,-0.7386489401229602,,,False
6.285,0.31897447898748216,-0.7378248242043237,,,False
6.29,0.3209953090103551,-0.7370750876135577,,,False
6.295,0.3230644475025858,-0.7364016641791096,,,False
6.3,0.3251787969664348,-0.7358063657774888,,,False
6.305,0.32733519193161414,-0.735290879620127,,,False
6.3100000000000005,0.32953040400063444,-0.7348567657386782,,,False
6.315,0.3317611469875203,-0.7345054546724569,,,False
6.32,0.334024082141735,-0.7342382453613899,,,False
6.325,0.33631582344903316,-0.734056303247541,,,False
6.33,0.3386329430008489,-0.7339606585879319,,,False
6.335,0.3409719764237298,-0.7339522049810587,,,False
6.34,0.3433294283602422,-0.7340316981091639,,,False
6.345,0.34570177799270374,-0.7341997546979888,,,False
6.3500000000000005,0.34808548460103955,-0.7344568516953931,,,False
6.355,0.3504769931460179,-0.7348033256698845,,,False
6.36,0.3528727398690874,-0.735239372429763,,,False
6.365,0.355269157900025,-0.7357650468632378,,,False
6.37,0.357662682863597,-0.7363802629995367,,,False
6.375,0.3600497584764506,-0.7370847942906805,,,False
6.38,0.3624268421254741,-0.7378782741132573,,,False
6.385,0.3647904104189035,-0.73876019648919,,,False
6.390000000000001,0.36713696470150475,-0.7397299170241505,,,False
6.3950000000000005,0.3694630365252251,-0.7407866540619413,,,False
6.4,0.371765193066785,-0.7419294900528287,,,False
6.405,0.3740400424837736,-0.743157373133484,,,False
6.41,0.3762842392009147,-0.7444691189158624,,,False
6.415,0.37849448911828804,-0.7458634124820285,,,False
6.42,0.380667554733418,-0.7473388105816168,,,False
6.425,0.3828002601692877,-0.7488937440283092,,,False
6.43,0.3848894961004863,-0.7505265202914003,,,False
6.4350000000000005,0.38693222456986837,-0.7522353262782241,,,False
6.44,0.38892548368827806,-0.7540182313029214,,,False
6.445,0.3908663922100827,-0.755873190236741,,,False
6.45,0.3927521539774604,-0.7577980468347877,,,False
6.455,0.3945800622265978,-0.7597905372338613,,,False
6.46,0.3963475037491755,-0.761848293615765,,,False
6.465,0.3980519629027518,-0.7639688480302107,,,False
6.47,0.39969102546389634,-0.7661496363711996,,,False
6.4750000000000005,0.40126238231817735,-0.768388002500526,,,False
6.48,0.4027638329813661,-0.7706812025118216,,,False
6.485,0.4041932889464917,-0.7730264091283454,,,False
6.49,0.40554877685165586,-0.7754207162275174,,,False
6.495,0.4068284414638032,-0.7778611434850019,,,False
6.5,0.4080305484739346,-0.7803446411309608,,,False
6.505,0.4091534870995505,-0.7828680948109294,,,False
6.51,0.41019577249041644,-0.7854283305436041,,,False
6.515000000000001,0.4111560479340557,-0.7880221197676851,,,False
6.5200000000000005,0.4120330868576898,-0.790646184469784,,,False
6.525,0.4128257946236713,-0.7932972023852785,,,False
6.53,0.41353321011577787,-0.7959718122638925,,,False
6.535,0.41415450711406926,-0.7986666191916767,,,False
6.54,0.41468899545634136,-0.8013781999609857,,,False
6.545,0.41513612198454886,-0.8041031084799725,,,False
6.55,0.41549547127490677,-0.8068378812130681,,,False
6.555,0.41576676615072394,-0.8095790426438665,,,False
6.5600000000000005,0.4159498679773606,-0.8123231107518055,,,False
6.565,0.41604477673904944,-0.8150666024940191,,,False
6.57,0.41605163089765923,-0.8178060392837305,,,False
6.575,0.4159707070338257,-0.8205379524565692,,,False
6.58,0.41580241927121486,-0.8232588887162157,,,False
6.585,0.415547318485026,-0.8259654155508174,,,False
6.59,0.4152060912961795,-0.828654126611672,,,False
6.595,0.4147795588529711,-0.8313216470457349,,,False
6.6000000000000005,0.4142686754023079,-0.8339646387735896,,,False
6.605,0.41367452665297144,-0.8365798057046108,,,False
6.61,0.4129983279336773,-0.8391638988811513,,,False
6.615,0.4122414221490236,-0.8417137215437064,,,False
6.62,0.41140527753673595,-0.8442261341091353,,,False
6.625,0.41049148522992696,-0.8466980590541647,,,False
6.63,0.4095017566283919,-0.8491264856965548,,,False
6.635,0.4084379205832617,-0.8515084748664722,,,False
6.640000000000001,0.40730192039962326,-0.8538411634607984,,,False
6.6450000000000005,0.40609581066200073,-0.8561217688732891,,,False
6.65,0.404821753887868,-0.8583475932937025,,,False
6.655,0.403482017014627,-0.8605160278692288,,,False
6.66,0.40207896772574664,-0.8626245567217741,,,False
6.665,0.40061507062200497,-0.8646707608148877,,,False
6.67,0.39909288324401615,-0.866652321664362,,,False
6.675,0.397515051952454,-0.8685670248867906,,,False
6.68,0.39588430767260124,-0.8704127635806274,,,False
6.6850000000000005,0.3942034615100635,-0.8721875415345632,,,False
6.69,0.39247540024468297,-0.8738894762583123,,,False
6.695,0.39070308170987234,-0.8755168018311873,,,False
6.7,0.38888953006476573,-0.8770678715641348,,,False
6.705,0.3870378309667427,-0.8785411604712028,,,False
6.71,0.38515112665203477,-0.8799352675467162,,,False
6.715,0.3832326109322589,-0.8812489178447508,,,False
6.72,0.3812855241148502,-0.8824809643578079,,,False
6.7250000000000005,0.3793131478554768,-0.8836303896919194,,,False
6.73,0.3773187999506203,-0.884696307535733,,,False
6.735,0.3753058290785916,-0.8856779639214594,,,False
6.74,0.3732776094973253,-0.8865747382758943,,,False
6.745,0.37123753570735585,-0.8873861442600643,,,False
6.75,0.36918901708842483,-0.88811183039638,,,False
6.755,0.3671354725182034,-0.8887515804825188,,,False
6.76,0.36508032498163107,-0.889305313791602,,,False
6.765000000000001,0.3630269961793815,-0.8897730850585647,,,False
6.7700000000000005,0.3609789011439554,-0.8901550842529589,,,False
6.775,0.3589394428718824,-0.8904516361387729,,,False
6.78,0.35691200698047776,-0.8906631996221777,,,False
6.785,0.3548999563975537,-0.8907903668884569,,,False
6.79,0.35290662609242296,-0.8908338623297023,,,False
6.795,0.35093531785645904,-0.8907945412651909,,,False
6.8,0.3489892951413902,-0.8906733884566854,,,False
6.805,0.34707177796340444,-0.8904715164212225,,,False
6.8100000000000005,0.3451859378810304,-0.8901901635442709,,,False
6.815,0.343334893054633,-0.8898306919964576,,,False
6.82,0.3415217033952266,-0.8893945854573637,,,False
6.825,0.3397493658101581,-0.8888834466501983,,,False
6.83,0.3380208095530509,-0.8882989946914503,,,False
6.835,0.33633889168522946,-0.8876430622599102,,,False
6.84,0.33470639265565694,-0.8869175925897306,,,False
6.845,0.33312601200622777,-0.8861246362924733,,,False
6.8500000000000005,0.33160036420904704,-0.8852663480133514,,,False
6.855,0.33013197464211624,-0.8843449829271328,,,False
6.86,0.3287232757096164,-0.883362893079421,,,False
6.865,0.3273766031127465,-0.882322523579263,,,False
6.87,0.32609419227682895,-0.8812264086492676,,,False
6.875,0.32487817494014165,-0.8800771675396302,,,False
6.88,0.32373057590967413,-0.8788775003126719,,,False
6.885,0.32265330998873615,-0.8776301835046953,,,False
6.890000000000001,0.32164817908106985,-0.8763380656721462,,,False
6.8950000000000005,0.3207168694758329,-0.8750040628292427,,,False
6.9,0.3198609493175289,-0.8736311537843993,,,False
6.905,0.31908186626466645,-0.8722223753829211,,,False
6.91,0.31838094534062367,-0.8707808176635826,,,False
6.915,0.31775938697988965,-0.8693096189368333,,,False
6.92,0.3172182652725415,-0.8678119607924837,,,False
6.925,0.3167585264094999,-0.8662910630448287,,,False
6.93,0.3163809873307868,-0.8647501786232521,,,False
6.9350000000000005,0.3160863345786847,-0.8631925884164315,,,False
6.94,0.3158751233573744,-0.8616215960783258,,,False
6.945,0.3157477768002981,-0.8600405228041763,,,False
6.95,0.3157045854461672,-0.8584527020847889,,,False
6.955,0.31574570692420484,-0.8568614744473858,,,False
6.96,0.31587116584888125,-0.85527018219133,,,False
6.965,0.31608085392407126,-0.8536821641270148,,,False
6.97,0.31637453025623324,-0.8521007503262013,,,False
6.9750000000000005,0.31675182187587925,-0.8505292568920524,,,False
6.98,0.3172122244662808,-0.8489709807570721,,,False
6.985,0.3177551032980279,-0.8474291945171004,,,False
6.99,0.3183796943677393,-0.8459071413094494,,,False
6.995,0.31908510573889876,-0.8444080297431822,,,False
7.0,0.3198703190824827,-0.8429350288894442,,,False
7.005,0.32073419141472626,-0.841491263339651,,,False
7.01,0.3216754570290739,-0.8400798083392185,,,False
7.015000000000001,0.3226927296190562,-0.8387036850043915,,,False
7.0200000000000005,0.32378450458853847,-0.8373658556295857,,,False
7.025,0.3249491615454976,-0.8360692190925053,,,False
7.03,0.32618496697519944,-0.8348166063641366,,,False
7.035,0.32749007708837263,-0.8336107761305382,,,False
7.04,0.32886254083970423,-0.8324544105331709,,,False
7.045,0.3303003031117223,-0.8313501110343073,,,False
7.05,0.3318012080588761,-0.8303003944138623,,,False
7.055,0.3333630026063786,-0.8293076889037672,,,False
7.0600000000000005,0.3349833400981421,-0.8283743304657879,,,False
7.065,0.33665978408790764,-0.8275025592184548,,,False
7.07,0.338389812267453,-0.8266945160185312,,,False
7.075,0.3401708205255574,-0.8259522392021966,,,False
7.08,0.3420001271312002,-0.825277661490869,,,False
7.085,0.34387497703428693,-0.8246726070663198,,,False
7.09,0.3457925462770188,-0.8241387888194709,,,False
7.095,0.3477499465088546,-0.8236778057769825,,,False
7.1000000000000005,0.349744229597863,-0.82329114070946,,,False
7.105,0.3517723923311173,-0.822980157924818,,,False
7.11,0.35383138119665547,-0.8227461012500483,,,False
7.115,0.35591809723940926,-0.8225900922043383,,,False
7.12,0.3580294009833969,-0.8225131283661892,,,False
7.125,0.36016211741238124,-0.8225160819368708,,,False
7.13,0.36231304100111045,-0.8225996985022491,,,False
7.135,0.3644789407891887,-0.8227645959947045,,,False
7.140000000000001,0.3666565654895664,-0.8230112638565498,,,False
7.1450000000000005,0.36884264862359295,-0.8233400624060391,,,False
7.15,0.371033913674544,-0.8237512224067436,,,False
7.155,0.37322707925151255,-0.8242448448407522,,,False
7.16,0.37541886425554766,-0.8248209008858371,,,False
7.165,0.37760599303992853,-0.8254792320964074,,,False
7.17,0.37978520055647935,-0.8262195507877566,,,False
7.175,0.38195323747986065,-0.8270414406227934,,,False
7.18,0.3841068753018159,-0.8279443574001325,,,False
7.1850000000000005,0.3862429113874069,-0.8289276300421073,,,False
7.19,0.3883581739853392,-0.8299904617809593,,,False
7.195,0.39044952718455805,-0.831131931541149,,,False
7.2,0.39251387580938873,-0.8323509955154339,,,False
7.205,0.39454817024559663,-0.8336464889320548,,,False
7.21,0.39654941118985976,-0.8350171280100791,,,False
7.215,0.39851465431527333,-0.8364615120996586,,,False
7.22,0.400441014845644,-0.8379781260036744,,,False
7.2250000000000005,0.402325672031481,-0.8395653424769599,,,False
7.23,0.4041658735207535,-0.8412214248990209,,,False
7.235,0.4059589396176528,-0.8429445301159028,,,False
7.24,0.40770226742278143,-0.8447327114465973,,,False
7.245,0.4093933348483825,-0.8465839218491236,,,False
7.25,0.4110297045024235,-0.848496017241175,,,False
7.255,0.4126090274355624,-0.8504667599699878,,,False
7.26,0.4141290467452407,-0.8524938224258531,,,False
7.265000000000001,0.41558760103138115,-0.8545747907934776,,,False
7.2700000000000005,0.4169826276984025,-0.8567071689351847,,,False
7.275,0.41831216609851124,-0.8588883823997465,,,False
7.28,0.4195743605114834,-0.8611157825504447,,,False
7.285,0.42076746295640927,-0.8633866508057747,,,False
7.29,0.42188983583114403,-0.865698202986038,,,False
7.295,0.42293995437547854,-0.8680475937589032,,,False
7.3,0.4239164089543276,-0.8704319211768687,,,False
7.305,0.4248179071575167,-0.8728482312994172,,,False
7.3100000000000005,0.42564327571304156,-0.8752935228925273,,,False
7.315,0.42639146221096774,-0.8777647521980877,,,False
7.32,0.4270615366354415,-0.8802588377656586,,,False
7.325,0.42765269270258244,-0.8827726653389265,,,False
7.33,0.42816424900233996,-0.8853030927891229,,,False
7.335,0.42859564994270233,-0.8878469550876052,,,False
7.34,0.4289464664949609,-0.8904010693097437,,,False
7.345,0.4292163967390464,-0.8929622396622121,,,False
7.3500000000000005,0.42940526620826847,-0.8955272625257504,,,False
7.355,0.42951302803310737,-0.898092931505448,,,False
7.36,0.42953976288402185,-0.9006560424805882,,,False
7.365,0.4294856787135557,-0.9032133986461023,,,False
7.37,0.4293511102983392,-0.9057618155377011,,,False
7.375,0.4291365185818979,-0.9082981260327794,,,False
7.38,0.42884248981949324,-0.9108191853192368,,,False
7.385,0.4284697345265316,-0.9133218758244123,,,False
7.390000000000001,0.42801908623238466,-0.9158031120963981,,,False
7.3950000000000005,0.42749150004177117,-0.9182598456300813,,,False
7.4,0.42688805100614996,-0.9206890696303517,,,False
7.405,0.42620993230787285,-0.9230878237050215,,,False
7.41,0.4254584532601377,-0.9254531984801191,,,False
7.415,0.4246350371260705,-0.927782340130345,,,False
7.42,0.4237412187605473,-0.9300724548176205,,,False
7.425,0.42277864207864363,-0.9323208130308092,,,False
7.43,0.4217490573548677,-0.934524753819853,,,False
7.4350000000000005,0.4206543183575997,-0.936681688917737,,,False
7.44,0.41949637932341227,-0.9387891067438802,,,False
7.445,0.41827729177619777,-0.9408445762827428,,,False
7.45,0.41699920119626815,-0.9428457508316417,,,False
7.455,0.4156643435448246,-0.9447903716119791,,,False
7.46,0.4142750416494179,-0.9466762712383103,,,False
7.465,0.4128337014562347,-0.9485013770399057,,,False
7.47,0.4113428081552496,-0.9502637142297008,,,False
7.4750000000000005,0.40980492218447806,-0.9519614089157752,,,False
7.48,0.40822267511975047,-0.9535926909507519,,,False
7.485,0.40659876545660123,-0.9551558966147741,,,False
7.49,0.4049359542910328,-0.9566494711279784,,,False
7.495,0.40323706090606587,-0.9580719709886637,,,False
7.5,0.4015049582711304,-0.9594220661336278,,,False
7.505,0.3997425684614823,-0.9606985419174345,,,False
7.51,0.3979528580049501,-0.9619003009076609,,,False
7.515000000000001,0.39613883316342374,-0.9630263644934689,,,False
7.5200000000000005,0.3943035351565935,-0.9640758743051463,,,False
7.525,0.39245003533552997,-0.9650480934425599,,,False
7.53,0.39058143031376924,-0.9659424075107722,,,False
7.535,0.3887008370636255,-0.9667583254613783,,,False
7.54,0.38681138798550124,-0.9674954802384297,,,False
7.545,0.38491622595799974,-0.9681536292281219,,,False
7.55,0.38301849937666715,-0.9687326545117361,,,False
7.555,0.3811213571892015,-0.9692325629216354,,,False
7.5600000000000005,0.3792279439349627,-0.9696534859004299,,,False
7.565,0.3773413947966044,-0.9699956791637366,,,False
7.57,0.37546483067161956,-0.9702595221672711,,,False
7.575,0.3736013532715531,-0.9704455173793152,,,False
7.58,0.3717540402565829,-0.9705542893599166,,,False
7.585,0.36992594041310634,-0.9705865836484763,,,False
7.59,0.3681200688818942,-0.970543265461685,,,False
7.595,0.36633940244428403,-0.9704253182040669,,,False
7.6000000000000005,0.36458687487378866,-0.970233841793683,,,False
7.605,0.3628653723603807,-0.9699700508058386,,,False
7.61,0.3611777290145936,-0.9696352724379215,,,False
7.615,0.3595267224584462,-0.9692309442987798,,,False
7.62,0.3579150695100506,-0.9687586120263227,,,False
7.625,0.35634542196861074,-0.9682199267372933,,,False
7.63,0.35482036250635113,-0.9676166423134249,,,False
7.635,0.35334240067373973,-0.9669506125284492,,,False
7.640000000000001,0.3519139690241834,-0.9662237880206661,,,False
7.6450000000000005,0.3505374193641782,-0.9654382131160306,,,False
7.65,0.3492150191346924,-0.9645960225069374,,,False
7.655,0.34794894792934655,-0.9636994377921094,,,False
7.66,0.34674129415473226,-0.9627507638832102,,,False
7.665,0.34559405183798153,-0.9617523852840025,,,False
7.67,0.3445091175864594,-0.9607067622480708,,,False
7.675,0.3434882877042081,-0.9596164268213122,,,False
7.68,0.34253325546951696,-0.9584839787755719,,,False
7.6850000000000005,0.3416456085777347,-0.9573120814399672,,,False
7.69,0.3408268267531728,-0.9561034574365941,,,False
7.695,0.34007827953368003,-0.9548608843274582,,,False
7.7,0.3394012242311899,-0.9535871901795978,,,False
7.705,0.33879680407126156,-0.9522852490554938,,,False
7.71,0.3382660465143496,-0.9509579764359648,,,False
7.715,0.3378098617612475,-0.9496083245828473,,,False
7.72,0.3374290414448562,-0.9482392778488448,,,False
7.7250000000000005,0.33712425751013375,-0.9468538479420041,,,False
7.73,0.33689606128378186,-0.9454550691523395,,,False
7.735,0.33674488273492476,-0.944045993548174,,,False
7.74,0.33667102992773373,-0.9426296861498091,,,False
7.745,0.3366746886666458,-0.9412092200881541,,,False
7.75,0.33675592233452156,-0.9397876717559651,,,False
7.755,0.3369146719237826,-0.9383681159593429,,,False
7.76,0.3371507562602642,-0.9369536210771293,,,False
7.765000000000001,0.33746387241921677,-0.9355472442358183,,,False
7.7700000000000005,0.3378535963325861,-0.934152026507564,,,False
7.775,0.3383193835864034,-0.9327709881388222,,,False
7.78,0.3388605704068178,-0.9314071238171014,,,False
7.785,0.3394763748330074,-0.9300633979832326,,,False
7.79,0.3401658980749159,-0.9287427401964813,,,False
7.795,0.3409281260534687,-0.9274480405597373,,,False
7.8,0.3417619311206436,-0.9261821452119091,,,False
7.805000000000001,0.3426660739564853,-0.9249478518945368,,,False
7.8100000000000005,0.34363920563988287,-0.923747905599511,,,False
7.815,0.3446798698896572,-0.9225849943046488,,,False
7.82,0.34578650547224205,-0.9214617448037288,,,False
7.825,0.3469574487719847,-0.920380718637434,,,False
7.83,0.3481909365198418,-0.9193444081314792,,,False
7.835,0.34948510867600097,-0.9183552325480279,,,False
7.84,0.35083801146172255,-0.9174155343563133,,,False
7.845,0.3522476005354669,-0.9165275756281883,,,False
7.8500000000000005,0.35371174430815105,-0.9156935345641201,,,False
7.855,0.3552282273921672,-0.9149155021549374,,,False
7.86,0.35679475417858925,-0.9141954789844192,,,False
7.865,0.35840895253680216,-0.9135353721775812,,,False
7.87,0.360068377630599,-0.9129369924992893,,,False
7.875,0.3617705158446188,-0.9124020516075817,,,False
7.88,0.36351278881482796,-0.911932159465837,,,False
7.885,0.365292557556596,-0.9115288219176706,,,False
7.890000000000001,0.3671071266837662,-0.9111934384281833,,,False
7.8950000000000005,0.3689537487119897,-0.9109272999949196,,,False
7.9,0.37082962843946504,-0.9107315872316244,,,False
7.905,0.3727319273981123,-0.9106073686276152,,,False
7.91,0.3746577683681072,-0.9105555989853041,,,False
7.915,0.3766042399486102,-0.9105771180381278,,,False
7.92,0.3785684011774435,-0.9106726492508544,,,False
7.925,0.3805472861924026,-0.9108427988039531,,,False
7.930000000000001,0.3825379089268285,-0.9110880547634197,,,False
7.9350000000000005,0.38453726783202397,-0.9114087864371613,,,False
7.94,0.3865423506190606,-0.9118052439187512,,,False
7.945,0.38855013901250257,-0.9122775578190705,,,False
7.95,0.39055761350856116,-0.9128257391860597,,,False
7.955,0.392561758130196,-0.9134496796125086,,,False
7.96,0.3945595651716909,-0.9141491515315209,,,False
7.965,0.3965480399252561,-0.9149238086989953,,,False
7.97,0.39852420538224614,-0.9157731868621743,,,False
7.9750000000000005,0.4004851069016279,-0.9166967046130238,,,False
7.98,0.4024278168383941,-0.9176936644249144,,,False
7.985,0.40434943912468635,-0.9187632538707978,,,False
7.99,0.40624711379647427,-0.9199045470207821,,,False
7.995,0.4081180214587296,-0.9211165060167363,,,False
8.0,0.4099593876821367,-0.9223979828212805,,,False
8.005,0.41176848732449667,-0.9237477211382424,,,False
8.01,0.4135426487701063,-0.9251643585014028,,,False
8.015,0.4152792580805284,-0.9266464285280862,,,False
8.02,0.4169757630503154,-0.9281923633339026,,,False
8.025,0.4186296771614042,-0.9298004961046928,,,False
8.03,0.4202385834300643,-0.9314690638214921,,,False
8.035,0.42180013814045664,-0.933196210134087,,,False
8.040000000000001,0.42331207445904356,-0.9349799883785136,,,False
8.045,0.42477220592428355,-0.9368183647336216,,,False
8.05,0.42617842980624504,-0.9387092215116177,,,False
8.055,0.42752873033098215,-0.9406503605772937,,,False
8.06,0.42882118176473544,-0.9426395068904463,,,False
8.065,0.4300539513532406,-0.9446743121658113,,,False
8.07,0.4312253021116658,-0.946752358644648,,,False
8.075,0.4323335954609321,-0.9488711629719466,,,False
8.08,0.4333772937064208,-0.9510281801730636,,,False
8.085,0.43435496235531995,-0.9532208077234436,,,False
8.09,0.4352652722691219,-0.9554463897049414,,,False
8.095,0.4361070016480439,-0.9577022210421285,,,False
8.1,0.4368790378444135,-0.9599855518118484,,,False
8.105,0.43758037900232977,-0.962293591619172,,,False
8.11,0.4382101355211888,-0.9646235140328082,,,False
8.115,0.43876753134094165,-0.9669724610729344,,,False
8.120000000000001,0.4392519050472329,-0.9693375477443363,,,False
8.125,0.4396627107948566,-0.9717158666076773,,,False
8.13,0.43999951904825146,-0.9741044923816669,,,False
8.135,0.44026201713804636,-0.9765004865688514,,,False
8.14,0.4404500096329607,-0.9789009020977197,,,False
8.145,0.44056341852665065,-0.9813027879737973,,,False
8.15,0.44060228323939027,-0.98370319393239,,,False
8.155,0.44056676043476156,-0.9860991750856474,,,False
8.16,0.44045712365182665,-0.9884877965566242,,,False
8.165000000000001,0.4402737627535372,-0.9908661380930499,,,False
8.17,0.4400171831924332,-0.9932312986535484,,,False
8.175,0.43968800509496403,-0.9955804009591054,,,False
8.18,0.43928696216605306,-0.9979105960026357,,,False
8.185,0.4388149004158084,-1.0002190675095783,,,False
8.19,0.43827277671055975,-1.0025030363425294,,,False
8.195,0.4376616571506784,-1.0047597648430135,,,False
8.2,0.4369827152779065,-1.0069865611036075,,,False
8.205,0.4362372301151901,-1.0091807831637338,,,False
8.21,0.43542658404227025,-1.0113398431225804,,,False
8.215,0.43455226051054313,-1.0134612111627284,,,False
8.22,0.4336158416009519,-1.015542419478225,,,False
8.225,0.43261900542891446,-1.0175810661009883,,,False
8.23,0.4315635234005318,-1.0195748186196005,,,False
8.235,0.43045125732455036,-1.021521417784722,,,False
8.24,0.429284156384777,-1.0234186809955388,,,False
8.245000000000001,0.42806425397785874,-1.0252645056618541,,,False
8.25,0.4267936644215499,-1.0270568724366336,,,False
8.255,0.4254745795387879,-1.0287938483140222,,,False
8.26,0.42410926512308805,-1.0304735895880721,,,False
8.265,0.4227000572909539,-1.0320943446676416,,,False
8.27,0.4212493587271682,-1.0336544567431594,,,False
8.275,0.41975963482899686,-1.0351523663011857,,,False
8.28,0.41823340975548884,-1.036586613482948,,,False
8.285,0.41667326238820135,-1.0379558402832771,,,False
8.290000000000001,0.41508182220981144,-1.0392587925866295,,,False
8.295,0.4134617651072005,-1.0404943220371372,,,False
8.3,0.4118158091057086,-1.0416613877398992,,,False
8.305,0.4101467100413595,-1.0427590577909918,,,False
8.31,0.40845725717794784,-1.0437865106339532,,,False
8.315,0.4067502687759601,-1.0447430362407737,,,False
8.32,0.4050285876203698,-1.0456280371157005,,,False
8.325,0.4032950765144058,-1.0464410291204531,,,False
8.33,0.4015526137464393,-1.0471816421197246,,,False
8.335,0.39980408853716876,-1.047849620446133,,,False
8.34,0.39805239647430873,-1.0484448231840722,,,False
8.345,0.3963004349419975,-1.0489672242722015,,,False
8.35,0.3945510985521419,-1.049416912424596,,,False
8.355,0.39280727458490605,-1.0497940908708745,,,False
8.36,0.39107183844552956,-1.050099076915897,,,False
8.365,0.3893476491446261,-1.050332301319924,,,False
8.370000000000001,0.38763754480907026,-1.0504943075003956,,,False
8.375,0.38594433823052404,-1.0505857505567886,,,False
8.38,0.3842708124585874,-1.0506073961202698,,,False
8.385,0.3826197164454795,-1.050560119030155,,,False
8.39,0.3809937607490688,-1.0504449018394457,,,False
8.395,0.3793956133009707,-1.0502628331519865,,,False
8.4,0.3778278952463202,-1.0500151057940519,,,False
8.405,0.3762931768617096,-1.049703014823427,,,False
8.41,0.37479397355764743,-1.049327955379305,,,False
8.415000000000001,0.3733327419717568,-1.048891420376565,,,False
8.42,0.37191187615878046,-1.0483949980482477,,,False
8.425,0.3705337038832999,-1.0478403693402696,,,False
8.43,0.36920048302090885,-1.0472293051626564,,,False
8.435,0.3679143980734008,-1.0465636635017923,,,False
8.44,0.3666775568033485,-1.0458453863983983,,,False
8.445,0.36549198699325347,-1.0450764967961632,,,False
8.45,0.3643596333342472,-1.044259095266141,,,False
8.455,0.36328235444910906,-1.043395356612232,,,False
8.46,0.3622619200541555,-1.0424875263632338,,,False
8.465,0.3613000082643235,-1.0415379171571313,,,False
8.47,0.3603982030455478,-1.0405489050234527,,,False
8.475,0.3595579918182871,-1.0395229255696765,,,False
8.48,0.3587807632158175,-1.0384624700778158,,,False
8.485,0.35806780500065877,-1.0373700815174438,,,False
8.49,0.3574203021422489,-1.0362483504815476,,,False
8.495000000000001,0.356839335058721,-1.0350999110517116,,,False
8.5,0.3563258780253779,-1.0339274365992366,,,False
8.505,0.3558807977521909,-1.0327336355288925,,,False
8.51,0.35550485213238187,-1.0315212469720862,,,False
8.515,0.3551986891638737,-1.0302930364362979,,,False
8.52,0.3549628460451217,-1.029051791417697,,,False
8.525,0.3547977484465583,-1.0278003169839054,,,False
8.53,0.3547037099586102,-1.0265414313339019,,,False
8.535,0.35468093171696013,-1.0252779613421055,,,False
8.540000000000001,0.3547295022054539,-1.0240127380936754,,,False
8.545,0.35484939723676423,-1.0227485924180821,,,False
8.55,0.35504048011064965,-1.0214883504279904,,,False
8.555,0.3553025019493612,-1.0202348290704846,,,False
8.56,0.3556351022094754,-1.0189908316976306,,,False
8.565,0.356037809369152,-1.0177591436633362,,,False
8.57,0.3565100417895399,-1.0165425279534177,,,False
8.575000000000001,0.35705110874878354,-1.0153437208557197,,,False
8.58,0.35766021164680983,-1.0141654276770649,,,False
8.585,0.3583364453788091,-1.0130103185137276,,,False
8.59,0.35907879987506214,-1.0118810240820293,,,False
8.595,0.35988616180450195,-1.0107801316155567,,,False
8.6,0.36075731643914993,-1.009710180835385,,,False
8.605,0.3616909496763093,-1.0086736599995676,,,False
8.61,0.3626856502151607,-1.0076730020380227,,,False
8.615,0.3637399118841585,-1.0067105807788006,,,False
8.620000000000001,0.3648521361154009,-1.00578870727157,,,False
8.625,0.3660206345619122,-1.0049096262139967,,,False
8.63,0.3672436318535616,-1.0040755124865206,,,False
8.635,0.3685192684871256,-1.0032884678008624,,,False
8.64,0.3698456038457969,-1.0025505174674012,,,False
8.645,0.37122061934324496,-1.0018636072863734,,,False
8.65,0.37264222168714006,-1.0012296005676462,,,False
8.655,0.37410824625687455,-1.000650275283604,,,False
8.66,0.37561646059003834,-1.000127321359477,,,False
8.665000000000001,0.3771645679720416,-0.9996623381052211,,,False
8.67,0.37875021112312257,-0.9992568317928237,,,False
8.675,0.38037097597682995,-0.9989122133826875,,,False
8.68,0.38202439554393447,-0.9986297964024987,,,False
8.685,0.3837079538555942,-0.998410794981744,,,False
8.69,0.385419089979482,-0.9982563220447981,,,False
8.695,0.38715520210247506,-0.9981673876652426,,,False
8.700000000000001,0.38891365167340963,-0.9981448975838321,,,False
8.705,0.3906917675993153,-0.9981896518922525,,,False
8.71,0.39248685048846804,-0.9983023438845658,,,False
8.715,0.3942961769335335,-0.9984835590779613,,,False
8.72,0.39611700382801723,-0.9987337744041713,,,False
8.725,0.39794657270919226,-0.9990533575726414,,,False
8.73,0.399782114120642,-0.9994425666062691,,,False
8.735,0.401620851987531,-0.9999015495502618,,,False
8.74,0.40346000799770426,-1.0004303443543863,,,False
8.745000000000001,0.4052968059817144,-1.0010288789286144,,,False
8.75,0.40712847628488363,-1.001696971371895,,,False
8.755,0.4089522601245284,-1.0024343303735164,,,False
8.76,0.41076541392550403,-1.0032405557862452,,,False
8.765,0.41256521362726883,-1.0041151393701702,,,False
8.77,0.4143489589557175,-1.0050574657059037,,,False
8.775,0.41611397765309766,-1.0060668132755348,,,False
8.78,0.417857629659394,-1.0071423557094663,,,False
8.785,0.41957731123864966,-1.008283163197008,,,False
8.790000000000001,0.42127045904378513,-1.0094882040583457,,,False
8.795,0.42293455411358083,-1.010756346475255,,,False
8.8,0.4245671257955997,-1.0120863603776802,,,False
8.805,0.4261657555889507,-1.0134769194830613,,,False
8.81,0.42772808090092546,-1.0149266034850495,,,False
8.815,0.429251798711681,-1.0164339003880276,,,False
8.82,0.43073466914129327,-1.0179972089836204,,,False
8.825000000000001,0.43217451891366315,-1.0196148414651627,,,False
8.83,0.43356924471192626,-1.021285026175881,,,False
8.835,0.43491681642019203,-1.023005910486338,,,False
8.84,0.4362152802466223,-1.0247755637964897,,,False
8.845,0.43746276172305104,-1.026591980657511,,,False
8.85,0.43865746857654403,-1.0284530840083692,,,False
8.855,0.4397976934685069,-1.0303567285219384,,,False
8.86,0.4408818165971572,-1.0323007040552894,,,False
8.865,0.441908308159401,-1.0342827391986253,,,False
8.870000000000001,0.4428757306683737,-1.0363005049171834,,,False
8.875,0.44378274112314114,-1.0383516182802826,,,False
8.88,0.4446280930272879,-1.0404336462715666,,,False
8.885,0.445410638253365,-1.0425441096743642,,,False
8.89,0.44612932875041167,-1.0446804870259794,,,False
8.895,0.44678321809201704,-1.0468402186346195,,,False
8.9,0.44737146286264096,-1.0490207106525757,,,False
8.905,0.44789332388017,-1.0512193391991866,,,False
8.91,0.44834816725294463,-1.0534334545270443,,,False
8.915000000000001,0.44873546526975433,-1.0556603852248356,,,False
8.92,0.4490547971215665,-1.0578974424501653,,,False
8.925,0.4493058494540152,-1.0601419241856578,,,False
8.93,0.44948841674994866,-1.0623911195116118,,,False
8.935,0.44960240154159975,-1.0646423128884537,,,False
8.94,0.4496478144522148,-1.066892788442231,,,False
8.945,0.4496247740672427,-1.0691398342463856,,,False
8.950000000000001,0.44953350663545777,-1.0713807465930585,,,False
8.955,0.4493743456006553,-1.0736128342472002,,,False
8.96,0.4491477309648266,-1.075833422676792,,,False
8.965,0.4488542084839842,-1.07803985825253,,,False
8.97,0.44849442869807377,-1.080229512410373,,,False
8.975,0.44806914579666324,-1.082399785770426,,,False
8.98,0.44757921632236636,-1.0845481122056972,,,False
8.985,0.4470255977142023,-1.086671962854359,,,False
8.99,0.4464093466933522,-1.0887688500692327,,,False
8.995000000000001,0.44573161749401213,-1.090836331298325,,,False
9.0,0.4449936599422912,-1.0928720128903564,,,False
9.005,0.4441968173863337,-1.0948735538193466,,,False
9.01,0.44334252448108225,-1.0968386693224526,,,False
9.015,0.4424323048313192,-1.0987651344454032,,,False
9.02,0.4414677684968493,-1.1006507874900193,,,False
9.025,0.44045060936389674,-1.1024935333584693,,,False
9.03,0.43938260238699756,-1.1042913467890834,,,False
9.035,0.4382656007058714,-1.1060422754787167,,,False
9.040000000000001,0.4371015326419456,-1.107744443086846,,,False
9.045,0.43589239857939405,-1.109396052116767,,,False
9.05,0.4346402677357276,-1.1109953866694642,,,False
9.055,0.4333472748271446,-1.112540815065928,,,False
9.06,0.4320156166340104,-1.114030792333906,,,False
9.065,0.4306475484719868,-1.1154638625552953,,,False
9.07,0.4292453805744766,-1.1168386610706063,,,False
9.075000000000001,0.4278114743921825,-1.1181539165371541,,,False
9.08,0.42634823881570527,-1.119408452837877,,,False
9.085,0.4248581263272207,-1.1206011908379108,,,False
9.09,0.4233436290873824,-1.1217311499863005,,,False
9.095,0.421807274963692,-1.1227974497604722,,,False
9.1,0.4202516235066665,-1.1237993109513416,,,False
9.105,0.4186792618802059,-1.1247360567871911,,,False
9.11,0.41709280075263283,-1.1256071138947046,,,False
9.115,0.4154948701549304,-1.1264120130958026,,,False
9.120000000000001,0.4138881153127483,-1.1271503900391928,,,False
9.125,0.4122751924587843,-1.127821985665802,,,False
9.13,0.41065876463217155,-1.128426646507529,,,False
9.135,0.4090414974715142,-1.1289643248190135,,,False
9.14,0.4074260550082202,-1.1294350785423923,,,False
9.145,0.40581509546676997,-1.1298390711052642,,,False
9.15,0.40421126707854305,-1.130176571052362,,,False
9.155,0.40261720391579675,-1.1304479515116836,,,False
9.16,0.40103552175235124,-1.1306536894961032,,,False
9.165000000000001,0.39946881395748707,-1.1307943650417323,,,False
9.17,0.3979196474295015,-1.1308706601845708,,,False
9.175,0.3963905585753007,-1.130883357777232,,,False
9.18,0.39488404934232585,-1.13083334014778,,,False
9.185,0.3934025833090204,-1.1307215876029688,,,False
9.19,0.3919485818399483,-1.1305491767784122,,,False
9.195,0.3905244203115635,-1.1303172788384535,,,False
9.200000000000001,0.38913242441451296,-1.1300271575287424,,,False
9.205,0.3877748665382287,-1.1296801670847523,,,False
9.21,0.386453962243427,-1.1292777499996973,,,False
9.215,0.38517186682799043,-1.128821434655527,,,False
9.22,0.38393067199155134,-1.128312832820891,,,False
9.225,0.3827324026039374,-1.1277536370201662,,,False
9.23,0.38157901358246765,-1.127145617777849,,,False
9.235,0.38047238688291096,-1.1264906207427936,,,False
9.24,0.3794143286087344,-1.1257905636969767,,,False
9.245000000000001,0.3784065662430766,-1.1250474334536347,,,False
9.25,0.3774507460076821,-1.1242632826497965,,,False
9.255,0.376548430352829,-1.1234402264383923,,,False
9.26,0.3757010955820693,-1.1225804390852736,,,False
9.265,0.37491012961538506,-1.1216861504766227,,,False
9.27,0.3741768298941405,-1.1207596425423656,,,False
9.275,0.3735024014309833,-1.11980324560133,,,False
9.28,0.37288795500761535,-1.1188193346340043,,,False
9.285,0.3723345055231161,-1.117810325488863,,,False
9.290000000000001,0.3718429704952622,-1.1167786710283218,,,False
9.295,0.371414168717042,-1.1157268572204742,,,False
9.3,0.37104881907031584,-1.114657399182837,,,False
9.305,0.37074753949832395,-1.1135728371844054,,,False
9.31,0.3705108461384895,-1.1124757326123724,,,False
9.315,0.3703391526167123,-1.1113686639099176,,,False
9.32,0.3702327695040884,-1.1102542224915086,,,False
9.325000000000001,0.3701919039367389,-1.1091350086421836,,,False
9.33,0.37021665939916715,-1.1080136274073054,,,False
9.335,0.3703070356713112,-1.1068926844792797,,,False
9.34,0.3704629289391938,-1.1057747820877326,,,False
9.345,0.3706841320688202,-1.1046625148996216,,,False
9.35,0.37097033504271154,-1.1035584659357394,,,False
9.355,0.37132112555821006,-1.1024652025100299,,,False
9.36,0.3717359897864359,-1.1013852721980946,,,False
9.365,0.37221431329052346,-1.1003211988412118,,,False
9.370000000000001,0.3727553821015162,-1.0992754785921321,,,False
9.375,0.3733583839500528,-1.098250576008832,,,False
9.38,0.37402240965173067,-1.0972489202023328,,,False
9.385,0.3747464546437992,-1.096272901044595,,,False
9.39,0.3755294206705911,-1.0953248654423957,,,False
9.395,0.37637011761487743,-1.0944071136829865,,,False
9.4,0.3772672654720969,-1.0935218958572115,,,False
9.405,0.37821949646419556,-1.0926714083656326,,,False
9.41,0.3792253572895907,-1.0918577905130735,,,False
9.415000000000001,0.38028331150556705,-1.0910831211968472,,,False
9.42,0.3813917420392045,-1.0903494156937807,,,False
9.425,0.3825489538227435,-1.089658622550985,,,False
9.43,0.38375317654909735,-1.0890126205851511,,,False
9.435,0.3850025675430408,-1.0884132159949802,,,False
9.44,0.3862952147434244,-1.0878621395911623,,,False
9.445,0.38762913979159586,-1.0873610441481418,,,False
9.450000000000001,0.38900230122104684,-1.0869115018816988,,,False
9.455,0.39041259774315024,-1.086515002056181,,,False
9.46,0.3918578716237075,-1.086172948725008,,,False
9.465,0.39333591214488844,-1.085886658607862,,,False
9.47,0.39484445914701644,-1.0856573591077492,,,False
9.475,0.39638120664453436,-1.085486186470908,,,False
9.48,0.39794380651037414,-1.0853741840922972,,,False
9.485,0.39952987222285247,-1.0853223009691781,,,False
9.49,0.4011369826691227,-1.0853313903050592,,,False
9.495000000000001,0.4027626859991313,-1.0854022082660408,,,False
9.5,0.4044045035239526,-1.085535412891351,,,False
9.505,0.4060599336523144,-1.0857315631596227,,,False
9.51,0.40772645585907197,-1.0859911182122128,,,False
9.515,0.40940153467934487,-1.0863144367346205,,,False
9.52,0.41108262372199783,-1.086701776496808,,,False
9.525,0.41276716969612215,-1.0871532940529813,,,False
9.53,0.4144526164441614,-1.0876690446011315,,,False
9.535,0.4161364089753209,-1.088248982002395,,,False
9.540000000000001,0.417815997492906,-1.0888929589600316,,,False
9.545,0.4194888414092526,-1.0896007273575725,,,False
9.55,0.42115241334193626,-1.0903719387554436,,,False
9.555,0.42280420308498523,-1.0912061450451167,,,False
9.56,0.4244417215488665,-1.0921027992595989,,,False
9.565,0.4260625046630707,-1.0930612565388225,,,False
9.57,0.42766411723518627,-1.09408077524826,,,False
9.575000000000001,0.4292441567604278,-1.0951605182488484,,,False
9.58,0.43080025717566883,-1.0962995543160676,,,False
9.585,0.43233009255212057,-1.0974968597057944,,,False
9.59,0.4338313807209032,-1.098751319864315,,,False
9.595,0.4353018868258648,-1.1000617312796637,,,False
9.6,0.4367394267981256,-1.1014268034712298,,,False
9.605,0.43814187074695343,-1.1028451611143666,,,False
9.61,0.43950714626171106,-1.1043153462965203,,,False
9.615,0.4408332416197657,-1.1058358209011996,,,False
9.620000000000001,0.44211820889539916,-1.1074049691159062,,,False
9.625,0.4433601669649217,-1.1090211000599541,,,False
9.63,0.44455730440335905,-1.1106824505279238,,,False
9.635,0.445707882268257,-1.1123871878443181,,,False
9.64,0.4468102367663314,-1.114133412824814,,,False
9.645,0.4478627817988789,-1.1159191628393443,,,False
9.65,0.4488640113820595,-1.1177424149720854,,,False
9.655,0.44981250193836236,-1.119601089273277,,,False
9.66,0.45070691445577266,-1.121493052097666,,,False
9.665000000000001,0.4515459965113699,-1.1234161195242274,,,False
9.67,0.4523285841563042,-1.125368060851698,,,False
9.675,0.4530536036593185,-1.1273466021643404,,,False
9.68,0.4537200731062097,-1.1293494299622493,,,False
9.685,0.45432710385285374,-1.1313741948504192,,,False
9.69,0.45487390182964843,-1.1334185152806993,,,False
9.695,0.45535976869546935,-1.1354799813406866,,,False
9.700000000000001,0.4557841028394675,-1.1375561585835414,,,False
9.705,0.45614640022928477,-1.1396445918926437,,,False
9.71,0.4564462551045012,-1.141742809374966,,,False
9.715,0.45668336051437813,-1.1438483262769947,,,False
9.72,0.45685750869920366,-1.145958648917002,,,False
9.725,0.4569685913147972,-1.1480712786274512,,,False
9.73,0.45701659949997625,-1.1501837157013068,,,False
9.735,0.4570016237870361,-1.1522934633360205,,,False
9.74,0.45692385385554235,-1.1543980315689721,,,False
9.745000000000001,0.45678357812998116,-1.1564949411981664,,,False
9.75,0.4565811832220596,-1.1585817276820123,,,False
9.755,0.4563171532186917,-1.1606559450120495,,,False
9.76,0.45599206881694865,-1.16271516955254,,,False
9.765,0.4556066063074927,-1.1647570038408939,,,False
9.77,0.45516153640824997,-1.1667790803429696,,,False
9.775,0.45465772295031515,-1.1687790651573657,,,False
9.78,0.4540961214183085,-1.1707546616629034,,,False
9.785,0.4534777773476376,-1.1727036141036007,,,False
9.790000000000001,0.4528038245813349,-1.1746237111055347,,,False
9.795,0.45207548338936626,-1.1765127891201093,,,False
9.8,0.4512940584535163,-1.1783687357883603,,,False
9.805,0.4504609367211666,-1.1801894932210655,,,False
9.81,0.449577585131488,-1.1819730611895591,,,False
9.815,0.4486455482177637,-1.1837175002223028,,,False
9.82,0.4476664455897549,-1.1854209346024123,,,False
9.825000000000001,0.4466419693002029,-1.1870815552615048,,,False
9.83,0.44557388109974383,-1.1886976225653991,,,False
9.835,0.44446400958468196,-1.1902674689873738,,,False
9.84,0.4433142472422328,-1.1917895016648732,,,False
9.845,0.442126547398006,-1.1932622048357402,,,False
9.85,0.4409029210706453,-1.1946841421502432,,,False
9.855,0.4396454337386871,-1.1960539588553742,,,False
9.86,0.4383562020248301,-1.1973703838480902,,,False
9.865,0.4370373903029374,-1.1986322315943896,,,False
9.870000000000001,0.43569120723320454,-1.1998384039113235,,,False
9.875,0.4343199022310393,-1.2009878916092682,,,False
9.88,0.43292576187529547,-1.2020797759920014,,,False
9.885,0.4315111062615942,-1.2031132302123606,,,False
9.89,0.4300782853065467,-1.2040875204814843,,,False
9.895,0.4286296750087642,-1.2050020071298781,,,False
9.9,0.4271676736726037,-1.2058561455187782,,,False
9.905,0.42569469810064986,-1.2066494868005262,,,False
9.91,0.42421317976097705,-1.20738167852691,,,False
9.915000000000001,0.42272556093527025,-1.2080524651046634,,,False
9.92,0.4212342908539053,-1.208661688097565,,,False
9.925,0.4197418218241056,-1.2092092863748165,,,False
9.93,0.41825060535729514,-1.2096952961056255,,,False
9.935,0.4167630883017643,-1.2101198506001616,,,False
9.94,0.4152817089867482,-1.2104831799972955,,,False
9.945,0.413808893383995,-1.2107856107997788,,,False
9.950000000000001,0.41234705129286586,-1.2110275652577531,,,False
9.955,0.4108985725549658,-1.2112095606017268,,,False
9.96,0.40946582330425174,-1.211332208126387,,,False
9.965,0.40805114225850037,-1.2113962121268531,,,False
9.97,0.40665683705794886,-1.2114023686892068,,,False
9.975,0.40528518065683966,-1.2113515643373685,,,False
9.98,0.40393840777351014,-1.2112447745386044,,,False
9.985,0.4026187114045717,-1.2110830620701827,,,False
9.99,0.4013282394086134,-1.2108675752499023,,,False
9.995000000000001,0.40006909116475037,-1.2105995460334391,,,False
10.0,0.39884331431121445,-1.210280287981657,,,False
10.005,0.39765290156905014,-1.2099111941012346,,,False
10.01,0.3964997876558415,-1.209493734562157,,,False
10.015,0.3953858462942457,-1.2090294542958102,,,False
10.02,0.39431288731995706,-1.208519970477601,,,False
10.025,0.3932826538935588,-1.2079669698982078,,,False
10.03,0.3922968198205567,-1.2073722062277301,,,False
10.035,0.39135698698370713,-1.206737497177181,,,False
10.040000000000001,0.3904646828915752,-1.206064721561913,,,False
10.045,0.3896213583470672,-1.2053558162717266,,,False
10.05,0.3888283852394904,-1.2046127731525462,,,False
10.055,0.38808705446349306,-1.2038376358046876,,,False
10.06,0.38739857396803296,-1.2030324963028634,,,False
10.065,0.38676406693831616,-1.2021994918431933,,,False
10.07,0.38618457011343127,-1.201340801322596,,,False
10.075000000000001,0.3856610322421903,-1.200458641856035,,,False
10.08,0.38519431267946386,-1.1995552652371908,,,False
10.085,0.3847851801250757,-1.1986329543482073,,,False
10.09,0.3844343115070929,-1.197694019524239,,,False
10.095,0.38414229101111935,-1.1967407948785886,,,False
10.1,0.3839096092569664,-1.19577563459428,,,False
10.105,0.38373666262384126,-1.194800909187958,,,False
10.11,0.3836237527249591,-1.1938190017520438,,,False
10.115,0.38357108603224427,-1.1928323041811024,,,False
10.120000000000001,0.3835787736515536,-1.191843213388394,,,False
10.125,0.3836468312486114,-1.190854127518593,,,False
10.13,0.3837751791256122,-1.1898674421626567,,,False
10.135,0.38396364244820674,-1.188885546580812,,,False
10.14,0.3842119516223499,-1.1879108199396131,,,False
10.145,0.3845197428202557,-1.1869456275689927,,,False
10.15,0.3848865586544666,-1.1859923172451865,,,False
10.155,0.3853118489988149,-1.1850532155053701,,,False
10.16,0.3857949719548216,-1.1841306239997857,,,False
10.165000000000001,0.38633519496185104,-1.1832268158870698,,,False
10.17,0.38693169604911526,-1.1823440322784213,,,False
10.175,0.38758356522739856,-1.1814844787361638,,,False
10.18,0.38828980601815816,-1.1806503218321625,,,False
10.185,0.3890493371174377,-1.1798436857714576,,,False
10.19,0.38986099419182707,-1.179066649086367,,,False
10.195,0.39072353180348957,-1.1783212414061899,,,False
10.200000000000001,0.3916356254610847,-1.1776094403075232,,,False
10.205,0.39259587379321337,-1.1769331682500663,,,False
10.21,0.39360280084082727,-1.17629428960265,,,False
10.215,0.39465485846485854,-1.1756946077640789,,,False
10.22,0.3957504288651488,-1.1751358623832189,,,False
10.225,0.3968878272065858,-1.174619726682605,,,False
10.23,0.3980653043481907,-1.1741478048896714,,,False
10.235,0.3992810496707429,-1.1737216297795345,,,False
10.24,0.4005331939983765,-1.1733426603330805,,,False
10.245000000000001,0.4018198126094424,-1.1730122795139188,,,False
10.25,0.4031389283317915,-1.1727317921675773,,,False
10.255,0.4044885147175096,-1.1725024230461143,,,False
10.26,0.4058664992920118,-1.172325314961125,,,False
10.265,0.4072707668722956,-1.172201527067911,,,False
10.27,0.4086991629490463,-1.172132033283376,,,False
10.275,0.4101494971271947,-1.1721177208399947,,,False
10.28,0.41161954661943995,-1.1721593889779864,,,False
10.285,0.41310705978717416,-1.1722577477776053,,,False
10.290000000000001,0.414609759723175,-1.1724134171332363,,,False
10.295,0.4161253478703742,-1.1726269258707622,,,False
10.3,0.4176515076709583,-1.172898711009437,,,False
10.305,0.41918590824001684,-1.1732291171692781,,,False
10.31,0.4207262080579197,-1.1736183961247535,,,False
10.315,0.4222700586755837,-1.174066706505315,,,False
10.32,0.4238151084267725,-1.1745741136430916,,,False
10.325000000000001,0.42535900614157024,-1.1751405895678317,,,False
10.33,0.42689940485517297,-1.1757660131489447,,,False
10.335,0.42843396550615603,-1.1764501703842678,,,False
10.34,0.42996036061839743,-1.1771927548349475,,,False
10.345,0.43147627796086974,-1.177993368205602,,,False
10.35,0.43297942417955365,-1.178851521068698,,,False
10.355,0.434467528395776,-1.1797666337318538,,,False
10.36,0.4359383457653342,-1.1807380372465544,,,False
10.365,0.43738966099283605,-1.1817649745565462,,,False
10.370000000000001,0.438819291795761,-1.182846601783958,,,False
10.375,0.4402250923128326,-1.1839819896509818,,,False
10.38,0.44160495645138614,-1.1851701250347366,,,False
10.385,0.4429568211685168,-1.1864099126527319,,,False
10.39,0.44427866968090235,-1.1877001768761386,,,False
10.395,0.445568534598313,-1.1890396636678886,,,False
10.4,0.44682450097594667,-1.1904270426424164,,,False
10.405,0.4480447092808581,-1.191860909243681,,,False
10.41,0.4492273582678947,-1.1933397870379128,,,False
10.415000000000001,0.4503707077606945,-1.1948621301173619,,,False
10.42,0.4514730813334594,-1.196426325611145,,,False
10.425,0.45253286888937533,-1.1980306962991303,,,False
10.43,0.45354852913171856,-1.199673503324636,,,False
10.435,0.45451859192386146,-1.2013529490015689,,,False
10.44,0.4554416605345676,-1.2030671797114851,,,False
10.445,0.45631641376515325,-1.2048142888859177,,,False
10.450000000000001,0.45714160795527964,-1.206592320069181,,,False
10.455,0.45791607886433616,-1.2083992700567507,,,False
10.46,0.45863874342557387,-1.2102330921041882,,,False
10.465,0.4593086013703508,-1.212091699201486,,,False
10.47,0.4599247367200604,-1.2139729674076047,,,False
10.475,0.4604863191435221,-1.2158747392398805,,,False
10.48,0.4609926051778316,-1.2177948271129082,,,False
10.485,0.4614429393108808,-1.219731016821423,,,False
10.49,0.4618367549239833,-1.221681071061647,,,False
10.495000000000001,0.4621735750932562,-1.2236427329855042,,,False
10.5,0.46245301324864135,-1.225613729782068,,,False
10.505,0.46267477368966714,-1.2275917762805608,,,False
10.51,0.4628386519572846,-1.2295745785692016,,,False
10.515,0.4629445350613361,-1.231559837624174,,,False
10.52,0.4629924015634449,-1.2335452529429791,,,False
10.525,0.46298232151534024,-1.2355285261764326,,,False
10.53,0.46291445625286387,-1.2375073647535786,,,False
10.535,0.46278905804612763,-1.239479485493802,,,False
10.540000000000001,0.46260646960652224,-1.2414426182004519,,,False
10.545,0.46236712345149894,-1.2433945092303205,,,False
10.55,0.46207154112827276,-1.245332925033368,,,False
10.555,0.46172033229781456,-1.247255655657131,,,False
10.56,0.4613141936807215,-1.2491605182103187,,,False
10.565,0.4608539078667685,-1.2510453602801672,,,False
10.57,0.46034034199016044,-1.252908063298202,,,False
10.575000000000001,0.4597744462727115,-1.2547465458491427,,,False
10.58,0.45915725243738753,-1.2565587669177838,,,False
10.585,0.45848987199484664,-1.258342729068782,,,False
10.59,0.45777349440581394,-1.2600964815543971,,,False
10.595,0.4570093851223177,-1.261818123345347,,,False
10.6,0.45619888351100313,-1.2635058060800681,,,False
10.605,0.4553434006619237,-1.2651577369278042,,,False
10.61,0.4544444170863863,-1.2667721813610835,,,False
10.615,0.4535034803075989,-1.2683474658332994,,,False
10.620000000000001,0.45252220234803525,-1.2698819803572567,,,False
10.625,0.4515022571175891,-1.2713741809807109,,,False
10.63,0.4504453777067453,-1.272822592155091,,,False
10.635,0.44935335358913797,-1.2742258089937737,,,False
10.64,0.4482280277380081,-1.2755824994164493,,,False
10.645,0.44707129366120096,-1.2768914061763093,,,False
10.65,0.4458850923594711,-1.278151348766968,,,False
10.655,0.44467140921297577,-1.2793612252062303,,,False
10.66,0.44343227080094905,-1.280520013694009,,,False
10.665000000000001,0.4421697416596474,-1.2816267741419027,,,False
10.67,0.44088592098375085,-1.2826806495721466,,,False
10.675,0.4395829392764874,-1.283680867383858,,,False
10.68,0.43826295495382456,-1.2846267404847156,,,False
10.685,0.43692815090813847,-1.285517668286416,,,False
10.69,0.4355807310368297,-1.2863531375624806,,,False
10.695,0.43422291674140473,-1.2871327231671938,,,False
10.700000000000001,0.432856943402583,-1.287856088614684,,,False
10.705,0.43148505683702165,-1.288522986517373,,,False
10.71,0.430109509741273,-1.28913325888325,,,False
10.715,0.42873255812860467,-1.289686837271644,,,False
10.72,0.4273564577643175,-1.290183742807397,,,False
10.725,0.42598346060519254,-1.2906240860535643,,,False
10.73,0.4246158112486867,-1.291008066742988,,,False
10.735,0.42325574339747474,-1.2913359733693173,,,False
10.74,0.4219054763449055,-1.2916081826382695,,,False
10.745000000000001,0.42056721148690157,-1.2918251587801441,,,False
10.75,0.41924312886578285,-1.2919874527248245,,,False
10.755,0.41793538375144057,-1.292095701140713,,,False
10.76,0.41664610326522067,-1.2921506253392654,,,False
10.765,0.4153773830518046,-1.2921530300469954,,,False
10.77,0.4141312840042932,-1.292103802047031,,,False
10.775,0.41290982904760964,-1.2920039086925075,,,False
10.78,0.41171499998523986,-1.2918543962942846,,,False
10.785,0.4105487344142242,-1.2916563883856655,,,False
10.790000000000001,0.40941292271319973,-1.2914110838669963,,,False
10.795,0.40830940510817315,-1.2911197550332,,,False
10.8,0.40723996882057545,-1.2907837454874937,,,False
10.805,0.4062063453020159,-1.2904044679447015,,,False
10.81,0.4052102075600092,-1.2899834019277572,,,False
10.815,0.4042531675788042,-1.2895220913611487,,,False
10.82,0.40333677383928407,-1.2890221420652195,,,False
10.825000000000001,0.40246250894175123,-1.28848521915539,,,False
10.83,0.4016317873352399,-1.287913044350514,,,False
10.835,0.40084595315682947,-1.2873073931947197,,,False
10.84,0.40010627818425304,-1.2866700921972158,,,False
10.845,0.3994139599049137,-1.286003015894675,,,False
10.85,0.3987701197042325,-1.285308083840914,,,False
10.855,0.39817580117606277,-1.2845872575287096,,,False
10.86,0.39763196855770694,-1.2838425372486821,,,False
10.865,0.39713950529187414,-1.2830759588902814,,,False
10.870000000000001,0.3966992127177136,-1.2822895906899874,,,False
10.875,0.39631180889285206,-1.2814855299319206,,,False
10.88,0.3959779275481548,-1.2806658996061253,,,False
10.885,0.3956981171767188,-1.2798328450298504,,,False
10.89,0.39547284025839147,-1.2789885304372013,,,False
10.895,0.3953024726208951,-1.2781351355425863,,,False
10.9,0.3951873029384178,-1.2772748520834114,,,False
10.905,0.39512753236831705,-1.2764098803475046,,,False
10.91,0.39512327432635785,-1.2755424256907717,,,False
10.915000000000001,0.3951745544006954,-1.2746746950505903,,,False
10.92,0.3952813104045856,-1.2738088934604523,,,False
10.925,0.3954433925675941,-1.2729472205713566,,,False
10.93,0.39566056386485066,-1.272091867185434,,,False
10.935,0.3959325004836829,-1.2712450118072658,,,False
10.94,0.39625879242674394,-1.2704088172183168,,,False
10.945,0.3966389442505361,-1.2695854270798665,,,False
10.950000000000001,0.397072375938019,-1.2687769625697685,,,False
10.955,0.3975584239037809,-1.267985519058308,,,False
10.96,0.39809634213004474,-1.2672131628283616,,,False
10.965,0.3986853034315749,-1.266461927844984,,,False
10.97,0.3993244008473505,-1.2657338125794693,,,False
10.975,0.4000126491566727,-1.2650307768928328,,,False
10.98,0.40074898651717916,-1.2643547389835705,,,False
10.985,0.40153227622205157,-1.2637075724044378,,,False
10.99,0.4023613085735133,-1.263091103152879,,,False
10.995000000000001,0.403234802869538,-1.26250710683962,,,False
11.0,0.4041514095005113,-1.2619573059397993,,,False
11.005,0.40510971215242053,-1.2614433671308882,,,False
11.01,0.4061082301129817,-1.2609668987215041,,,False
11.015,0.4071454206769538,-1.2605294481750688,,,False
11.02,0.4082196816467411,-1.2601324997321202,,,False
11.025,0.40932935392423375,-1.259777472134914,,,False
11.03,0.41047272418970215,-1.259465716457799,,,False
11.035,0.41164802766342357,-1.2591985140466657,,,False
11.040000000000001,0.4128534509455974,-1.2589770745706068,,,False
11.045,0.41408713492998317,-1.2588025341887332,,,False
11.05,0.41534717778658803,-1.2586759538349184,,,False
11.055,0.4166316380086229,-1.258598317623044,,,False
11.06,0.4179385375188529,-1.2585705313751334,,,False
11.065,0.419265864830378,-1.2585934212745622,,,False
11.07,0.42061157825679946,-1.258667732646334,,,False
11.075000000000001,0.42197360916665627,-1.2587941288662092,,,False
11.08,0.42334986527694907,-1.2589731904002692,,,False
11.085,0.4247382339805158,-1.2592054139762914,,,False
11.09,0.4261365857019736,-1.2594912118881,,,False
11.095,0.4275427772769024,-1.2598309114338506,,,False
11.1,0.4289546553489153,-1.26022475448899,,,False
11.105,0.4303700597792379,-1.2606728972144239,,,False
11.11,0.43178682706340404,-1.2611754099002102,,,False
11.115,0.43320279374967097,-1.2617322769448802,,,False
11.120000000000001,0.43461579985375964,-1.2623433969702806,,,False
11.125,0.4360236922645366,-1.2630085830716113,,,False
11.13,0.43742432813527427,-1.2637275632021256,,,False
11.135,0.4388155782551554,-1.2644999806917445,,,False
11.14,0.4401953303957228,-1.26532539489863,,,False
11.145,0.44156149262702177,-1.2662032819925522,,,False
11.15,0.442911996598235,-1.2671330358686765,,,False
11.155,0.4442448007776713,-1.2681139691902008,,,False
11.16,0.4455578936470394,-1.2691453145580602,,,False
11.165000000000001,0.44684929684501434,-1.2702262258057297,,,False
11.17,0.4481170682551898,-1.2713557794169525,,,False
11.175,0.4493593050336027,-1.2725329760640334,,,False
11.18,0.4505741465711151,-1.2737567422641485,,,False
11.185,0.4517597773860485,-1.2750259321509412,,,False
11.19,0.4529144299425767,-1.2763393293584901,,,False
11.195,0.4540363873905097,-1.2776956490145677,,,False
11.200000000000001,0.4551239862222244,-1.2790935398399332,,,False
11.205,0.456175618842637,-1.2805315863502431,,,False
11.21,0.45718973604825125,-1.2820083111570024,,,False
11.215,0.4581648494114637,-1.2835221773638283,,,False
11.22,0.4590995335664625,-1.2850715910541497,,,False
11.225,0.45999242839321275,-1.2866549038663282,,,False
11.23,0.46084224109618704,-1.28827041565205,,,False
11.235,0.4616477481746696,-1.2899163772137117,,,False
11.24,0.4624077972816347,-1.2915909931164025,,,False
11.245000000000001,0.46312130896838194,-1.2932924245699717,,,False
11.25,0.46378727831229016,-1.2950187923765653,,,False
11.255,0.4644047764252427,-1.2967681799389135,,,False
11.26,0.4649729518404643,-1.2985386363245648,,,False
11.265,0.46549103177570633,-1.300328179381172,,,False
11.27,0.4659583232709123,-1.3021347988978669,,,False
11.275,0.46637421419869746,-1.3039564598076852,,,False
11.28,0.4667381741461767,-1.305791105425949,,,False
11.285,0.4670497551668818,-1.3076366607194587,,,False
11.290000000000001,0.46730859240171213,-1.3094910356013028,,,False
11.295,0.4675144045680749,-1.311352128246062,,,False
11.3,0.4676669943165757,-1.3132178284201514,,,False
11.305,0.4677662484548327,-1.3150860208220279,,,False
11.31,0.4678121380381974,-1.3169545884269829,,,False
11.315,0.4678047183273737,-1.3188214158312315,,,False
11.32,0.46774412861314,-1.3206843925900205,,,False
11.325000000000001,0.4676305919085857,-1.3225414165444902,,,False
11.33,0.46746441450948406,-1.3243903971320474,,,False
11.335,0.46724598542363144,-1.3262292586750393,,,False
11.34,0.4669757756701863,-1.3280559436425556,,,False
11.345,0.46665433745024953,-1.3298684158802352,,,False
11.35,0.4662823031901261,-1.331664663803007,,,False
11.355,0.46586038445891026,-1.3334427035457612,,,False
11.36,0.4653893707622317,-1.335200582067015,,,False
11.365,0.4648701282141956,-1.336936380200718,,,False
11.370000000000001,0.464303598089737,-1.3386482156514288,,,False
11.375,0.46369079525980084,-1.3403342459281884,,,False
11.38,0.463032806511937,-1.3419926712125159,,,False
11.385,0.46233078875908185,-1.3436217371560635,,,False
11.39,0.46158596713946914,-1.3452197376035804,,,False
11.395,0.4607996330107844,-1.346785017236961,,,False
11.4,0.4599731418418383,-1.3483159741362762,,,False
11.405,0.4591079110051953,-1.3498110622538282,,,False
11.41,0.4582054174743461,-1.3512687937974062,,,False
11.415000000000001,0.4572671954291591,-1.3526877415190706,,,False
11.42,0.45629483377348784,-1.3540665409059425,,,False
11.425,0.4552899735689467,-1.3554038922696383,,,False
11.43,0.45425430538899386,-1.3566985627311505,,,False
11.435,0.45318956659758447,-1.3579493880981441,,,False
11.44,0.4520975385567696,-1.3591552746318112,,,False
11.445,0.45098004376772666,-1.3603152007006063,,,False
11.450000000000001,0.4498389429498052,-1.361428218318362,,,False
11.455,0.4486761320622672,-1.3624934545644756,,,False
11.46,0.44749353927348573,-1.363510112884041,,,False
11.465,0.44629312188244447,-1.364477474265995,,,False
11.47,0.44507686319745016,-1.3653948982975428,,,False
11.475,0.4438467693770342,-1.3662618240933218,,,False
11.48,0.4426048662380722,-1.367077771097967,,,False
11.485,0.44135319603619894,-1.3678423397609378,,,False
11.49,0.4400938142236328,-1.3685552120826745,,,False
11.495000000000001,0.4388287861895563,-1.3692161520313517,,,False
11.5,0.4375601839882187,-1.3698250058297083,,,False
11.505,0.43629008305994443,-1.3703817021116325,,,False
11.51,0.4350205589502327,-1.3708862519483918,,,False
11.515,0.4337536840321353,-1.3713387487446025,,,False
11.52,0.4324915242370856,-1.371739368004238,,,False
11.525,0.43123613579933545,-1.3720883669671848,,,False
11.53,0.4299895620191287,-1.3723860841170517,,,False
11.535,0.42875383004970447,-1.3726329385611502,,,False
11.540000000000001,0.4275309477131819,-1.3728294292837582,,,False
11.545,0.4263229003503256,-1.3729761342739788,,,False
11.55,0.4251316477091333,-1.3730737095297099,,,False
11.555,0.42395912087711973,-1.3731228879394237,,,False
11.56,0.4228072192620974,-1.373124478043659,,,False
11.565,0.42167780762617235,-1.3730793626783042,,,False
11.57,0.42057271317758493,-1.3729884975019482,,,False
11.575000000000001,0.4194937227249278,-1.3728529094097424,,,False
11.58,0.41844257989817185,-1.3726736948364067,,,False
11.585,0.41742098244081843,-1.372452017951178,,,False
11.59,0.4164305795773813,-1.3721891087476674,,,False
11.595,0.4154729694602758,-1.3718862610317586,,,False
11.6,0.41454969670006614,-1.3715448303108364,,,False
11.605,0.4136622499828814,-1.3711662315877866,,,False
11.61,0.4128120597786741,-1.3707519370633539,,,False
11.615,0.41200049614384227,-1.3703034737505886,,,False
11.620000000000001,0.4112288666215889,-1.3698224210052459,,,False
11.625,0.4104984142432286,-1.3693104079761296,,,False
11.63,0.4098103156334929,-1.3687691109794968,,,False
11.635,0.40916567922271646,-1.3682002508017523,,,False
11.64,0.40856554356861335,-1.367605589934773,,,False
11.645,0.40801087579017825,-1.3669869297483035,,,False
11.65,0.40750257011606644,-1.3663461076039571,,,False
11.655,0.40704144654962415,-1.3656849939154474,,,False
11.66,0.40662824965255145,-1.365005489159749,,,False
11.665000000000001,0.4062636474489951,-1.364309520843967,,,False
11.67,0.40594823045167105,-1.3635990404327534,,,False
11.675,0.40568251081142614,-1.3628760202411627,,,False
11.68,0.4054669215914497,-1.3621424502979014,,,False
11.685,0.4053018161671483,-1.3614003351839488,,,False
11.69,0.40518746775249675,-1.3606516908515764,,,False
11.695,0.4051240690534795,-1.359898541428808,,,False
11.700000000000001,0.4051117320490318,-1.3591429160143849,,,False
11.705,0.40515048789969255,-1.3583868454683075,,,False
11.71,0.40524028698397463,-1.3576323592030282,,,False
11.715,0.40538099906226016,-1.3568814819803614,,,False
11.72,0.4055724135678241,-1.3561362307191631,,,False
11.725,0.4058142400243925,-1.3553986113188088,,,False
11.73,0.4061061085894384,-1.3546706155034698,,,False
11.735,0.40644757072222565,-1.3539542176921466,,,False
11.74,0.4068380999754095,-1.353251371899375,,,False
11.745000000000001,0.40727709290881486,-1.3525640086714632,,,False
11.75,0.4077638701238164,-1.3518940320630595,,,False
11.755,0.4082976774165597,-1.3512433166587796,,,False
11.76,0.40887768704807537,-1.3506137046445474,,,False
11.765,0.4095029991291554,-1.350007002933215,,,False
11.77,0.4101726431176831,-1.349424980348945,,,False
11.775,0.41088557942593273,-1.3488693648747332,,,False
11.78,0.41164070113518303,-1.348341840967346,,,False
11.785,0.4124368358148241,-1.3478440469438422,,,False
11.790000000000001,0.4132727474429735,-1.3473775724437207,,,False
11.795,0.41414713842546186,-1.3469439559706229,,,False
11.8,0.4150586517098952,-1.3465446825173781,,,False
11.805,0.4160058729913562,-1.3461811812780555,,,False
11.81,0.4169873330061635,-1.345854823450533,,,False
11.815,0.41800150990997587,-1.3455669201329583,,,False
11.82,0.4190468317363963,-1.3453187203173176,,,False
11.825000000000001,0.42012167893211044,-1.3451114089831724,,,False
11.83,0.42122438696447495,-1.3449461052944673,,,False
11.835,0.42235324899736415,-1.3448238609021415,,,False
11.84,0.42350651863097777,-1.3447456583551074,,,False
11.845,0.4246824127012176,-1.3447124096219902,,,False
11.85,0.425879114134151,-1.34472495472584,,,False
11.855,0.4270947748509977,-1.3447840604938501,,,False
11.86,0.42832751871900077,-1.3448904194239326,,,False
11.865,0.4295754445434754,-1.345044648669812,,,False
11.870000000000001,0.4308366290962702,-1.3452472891461158,,,False
11.875,0.4321091301758209,-1.345498804754743,,,False
11.88,0.43339098969393514,-1.3457995817336041,,,False
11.885,0.43468023678440604,-1.346149928128631,,,False
11.89,0.4359748909285265,-1.346550073389757,,,False
11.895,0.4372729650925527,-1.3470001680913768,,,False
11.9,0.43857246887215195,-1.3475002837775936,,,False
11.905,0.4398714116388647,-1.3480504129323683,,,False
11.91,0.44116780568361225,-1.3486504690744856,,,False
11.915000000000001,0.442459669352292,-1.3493002869770567,,,False
11.92,0.44374503016851846,-1.349999623011083,,,False
11.925,0.44502192793859596,-1.350748155612408,,,False
11.93,0.44628841783383927,-1.351545485871193,,,False
11.935,0.44754257344540216,-1.3523911382428608,,,False
11.94,0.4487824898068198,-1.3532845613792552,,,False
11.945,0.45000628637952844,-1.354225129078586,,,False
11.950000000000001,0.45121210999668854,-1.3552121413525342,,,False
11.955,0.4523981377607074,-1.356244825608715,,,False
11.96,0.4535625798899375,-1.3573223379465116,,,False
11.965,0.45470368251010773,-1.3584437645641227,,,False
11.97,0.45581973038614154,-1.359608123274484,,,False
11.975,0.4569090495901085,-1.3608143651275664,,,False
11.98,0.4579700101011673,-1.362061376136375,,,False
11.985,0.4590010283334641,-1.363347979103827,,,False
11.99,0.46000056958807256,-1.364672935547517,,,False
11.995000000000001,0.4609671504251811,-1.3660349477192342,,,False
12.0,0.46189934095286833,-1.3674326607159493,,,False
12.005,0.46279576702893704,-1.3688646646788456,,,False
12.01,0.4636551123724221,-1.3703294970768338,,,False
12.015,0.46447612058153215,-1.3718256450708624,,,False
12.02,0.4652575970549357,-1.3733515479552083,,,False
12.025,0.4659984108134579,-1.3749055996718191,,,False
12.030000000000001,0.46669749621941586,-1.3764861513936613,,,False
12.035,0.4673538545909822,-1.3780915141729286,,,False
12.040000000000001,0.46796655570913764,-1.379719961649866,,,False
12.045,0.46853473921494254,-1.3813697328178687,,,False
12.05,0.46905761589503664,-1.3830390348404367,,,False
12.055,0.4695344688534494,-1.3847260459154855,,,False
12.06,0.46996465456799097,-1.3864289181824416,,,False
12.065,0.4703476038296719,-1.3881457806674902,,,False
12.07,0.47068282256379107,-1.3898747422622875,,,False
12.075000000000001,0.47096989253151506,-1.3916138947314,,,False
12.08,0.47120847191096593,-1.3933613157436926,,,False
12.085,0.4713982957570225,-1.3951150719228538,,,False
12.09,0.4715391763392348,-1.3968732219122237,,,False
12.095,0.47163100335744296,-1.3986338194490688,,,False
12.1,0.47167374403488654,-1.4003949164434386,,,False
12.105,0.47166744308878295,-1.4021545660567376,,,False
12.11,0.4716122225785476,-1.4039108257751507,,,False
12.115,0.4715082816320221,-1.4056617604730715,,,False
12.120000000000001,0.47135589605026745,-1.4074054454617062,,,False
12.125,0.471155417791673,-1.4091399695180533,,,False
12.13,0.4709072743363192,-1.41086343788949,,,False
12.135,0.47061196793172133,-1.412573975269249,,,False
12.14,0.47027007472127,-1.4142697287381105,,,False
12.145,0.4698822437568625,-1.4159488706676986,,,False
12.15,0.4694491958974076,-1.4176096015808322,,,False
12.155000000000001,0.46897172259505915,-1.4192501529644561,,,False
12.16,0.46845068457121286,-1.4208687900307566,,,False
12.165000000000001,0.4678870103844707,-1.4224638144221482,,,False
12.17,0.4672816948929476,-1.424033566855918,,,False
12.175,0.46663579761345764,-1.4255764297044098,,,False
12.18,0.46595044098027993,-1.4270908295067324,,,False
12.185,0.4652268085063569,-1.4285752394080982,,,False
12.19,0.4644661428499325,-1.4300281815230071,,,False
12.195,0.46366974378978143,-1.4314482292186212,,,False
12.200000000000001,0.4628389661123239,-1.432834009314801,,,False
12.205,0.4619752174140539,-1.4341842041974138,,,False
12.21,0.46107995582284245,-1.4354975538416608,,,False
12.215,0.4601546876417982,-1.4367728577423202,,,False
12.22,0.45920096491949003,-1.4380089767479474,,,False
12.225,0.45822038295044565,-1.4392048347962345,,,False
12.23,0.45721457770994867,-1.4403594205478882,,,False
12.235,0.4561852232272545,-1.4414717889165447,,,False
12.24,0.455134028901441,-1.442541062492415,,,False
12.245000000000001,0.45406273676419223,-1.4435664328575162,,,False
12.25,0.4529731186938979,-1.444547161790524,,,False
12.255,0.45186697358551925,-1.4454825823594548,,,False
12.26,0.4507461244807402,-1.4463720999005678,,,False
12.265,0.4496124156629793,-1.4472151928820554,,,False
12.27,0.44846770972188965,-1.4480114136512772,,,False
12.275,0.4473138845920164,-1.4487603890644787,,,False
12.280000000000001,0.44615283057031874,-1.4494618209981194,,,False
12.285,0.4449864473172908,-1.4501154867411257,,,False
12.290000000000001,0.4438166408464369,-1.4507212392675735,,,False
12.295,0.4426453205068705,-1.4512790073894932,,,False
12.3,0.44147439596381266,-1.4517887957896813,,,False
12.305,0.4403057741817618,-1.4522506849345922,,,False
12.31,0.4391413564151008,-1.4526648308675725,,,False
12.315,0.43798303521088733,-1.4530314648828917,,,False
12.32,0.4368326914285514,-1.4533508930812085,,,False
12.325000000000001,0.43569219128119185,-1.4536234958072995,,,False
12.33,0.43456338340312334,-1.4538497269710648,,,False
12.335,0.4334480959482808,-1.454030113253004,,,False
12.34,0.4323481337240334,-1.454165253195543,,,False
12.345,0.4312652753648994,-1.4542558161817667,,,False
12.35,0.43020127055058627,-1.4543025413032917,,,False
12.355,0.4291578372727049,-1.4543062361191852,,,False
12.36,0.42813665915442545,-1.4542677753080067,,,False
12.365,0.42713938282725417,-1.454188099215219,,,False
12.370000000000001,0.426167615369016,-1.4540682122983724,,,False
12.375,0.42522292180702614,-1.4539091814726295,,,False
12.38,0.4243068226903277,-1.453712134359353,,,False
12.385,0.4234207917347571,-1.4534782574406255,,,False
12.39,0.4225662535444825,-1.4532087941227194,,,False
12.395,0.4217445814135333,-1.4529050427116768,,,False
12.4,0.42095709521071045,-1.4525683543042882,,,False
12.405000000000001,0.4202050593511304,-1.4522001305978993,,,False
12.41,0.4194896808575165,-1.4518018216225896,,,False
12.415000000000001,0.4188121075142053,-1.451374923399392,,,False
12.42,0.4181734261166864,-1.4509209755283339,,,False
12.425,0.4175746608193397,-1.450441558710186,,,False
12.43,0.4170167715838768,-1.449938292205907,,,False
12.435,0.41650065273083026,-1.4494128312378651,,,False
12.44,0.4160271315962707,-1.448866864337007,,,False
12.445,0.4155969672957606,-1.4483021106402232,,,False
12.450000000000001,0.4152108495973858,-1.447720317142234,,,False
12.455,0.4148693979055265,-1.4471232559063896,,,False
12.46,0.41457316035685793,-1.446512721238833,,,False
12.465,0.4143226130298872,-1.445890526830532,,,False
12.47,0.4141181592691564,-1.4452585028717306,,,False
12.475,0.4139601291250552,-1.4446184931434074,,,False
12.48,0.4138487789100067,-1.4439723520903627,,,False
12.485,0.41378429087160284,-1.4433219418805774,,,False
12.49,0.4137667729830807,-1.4426691294555054,,,False
12.495000000000001,0.41379625885134674,-1.4420157835759677,,,False
12.5,0.4138727077425683,-1.441363771868321,,,False
12.505,0.4139960047251663,-1.440714957875566,,,False
12.51,0.4141659609298595,-1.4400711981180496,,,False
12.515,0.414382313926223,-1.4394343391683917,,,False
12.52,0.4146447282150437,-1.4388062147452427,,,False
12.525,0.4149527958355702,-1.438188642830443,,,False
12.530000000000001,0.41530603708657654,-1.4375834228141093,,,False
12.535,0.41570390135997903,-1.436992332672131,,,False
12.540000000000001,0.4161457680855698,-1.4364171261804946,,,False
12.545,0.4166309477852562,-1.4358595301708006,,,False
12.55,0.4171586832350247,-1.435321241831259,,,False
12.555,0.41772815073267877,-1.4348039260573795,,,False
12.56,0.4183384614692369,-1.434309212856483,,,False
12.565,0.41898866300171284,-1.4338386948100796,,,False
12.57,0.4196777408248454,-1.4333939245980534,,,False
12.575000000000001,0.42040462003919,-1.432976412588499,,,False
12.58,0.4211681671128347,-1.4325876244969458,,,False
12.585,0.42196719173385877,-1.4322289791185883,,,False
12.59,0.4228004487505125,-1.4319018461370263,,,False
12.595,0.4236666401959599,-1.431607544012893,,,False
12.6,0.4245644173942986,-1.4313473379556176,,,False
12.605,0.42549238314444265,-1.431122437981435,,,False
12.61,0.42644909397833847,-1.4309339970606163,,,False
12.615,0.4274330624898683,-1.4307831093567513,,,False
12.620000000000001,0.4284427597306884,-1.430670808560761,,,False
12.625,0.4294766176691481,-1.4305980663221698,,,False
12.63,0.43053303170833906,-1.4305657907800124,,,False
12.635,0.431610363259237,-1.4305748251955837,,,False
12.64,0.4327069423648132,-1.4306259466890847,,,False
12.645,0.4338210703709188,-1.4307198650820472,,,False
12.65,0.4349510226396748,-1.4308572218472515,,,False
12.655000000000001,0.4360950513010377,-1.4310385891676805,,,False
12.66,0.4372513880381567,-1.4312644691058805,,,False
12.665000000000001,0.4384182469020869,-1.4315352928849225,,,False
12.67,0.4395938271513847,-1.4318514202819808,,,False
12.675,0.44077631611207346,-1.4322131391353656,,,False
12.68,0.44196389205344416,-1.432620664965672,,,False
12.685,0.44315472707513104,-1.4330741407115188,,,False
12.69,0.4443469900008934,-1.4335736365801748,,,False
12.695,0.44553884927452564,-1.434119150013189,,,False
12.700000000000001,0.4467284758533221,-1.4347106057669574,,,False
12.705,0.4479140460945287,-1.4353478561079778,,,False
12.71,0.44909374463023205,-1.4360306811223649,,,False
12.715,0.4502657672261583,-1.436758789139019,,,False
12.72,0.4514283236198839,-1.4375318172656602,,,False
12.725,0.4525796403339986,-1.438349332036764,,,False
12.73,0.4537179634598049,-1.4392108301722604,,,False
12.735,0.45484156140718823,-1.4401157394456832,,,False
12.74,0.4559487276163517,-1.4410634196602852,,,False
12.745000000000001,0.4570377832271729,-1.4420531637314666,,,False
12.75,0.45810707970201203,-1.4430841988736984,,,False
12.755,0.4591550013978771,-1.444155687889958,,,False
12.76,0.46017996808393913,-1.4452667305615363,,,False
12.765,0.46118043740047665,-1.446416365135919,,,False
12.77,0.46215490725542896,-1.4476035699102918,,,False
12.775,0.4631019181548378,-1.4488272649080707,,,False
12.780000000000001,0.46402005546356606,-1.4500863136457154,,,False
12.785,0.464907951592796,-1.451379524986944,,,False
12.790000000000001,0.46576428811092835,-1.452705655081331,,,False
12.795,0.4665877977746283,-1.4540634093841431,,,False
12.8,0.4673772664768936,-1.455451444754137,,,False
12.805,0.4681315351091548,-1.4568683716259305,,,False
12.81,0.468849501334555,-1.4583127562534401,,,False
12.815,0.46953012126970195,-1.4597831230207676,,,False
12.82,0.4701724110723298,-1.4612779568168202,,,False
12.825000000000001,0.47077544843246216,-1.462795705469848,,,False
12.83,0.4713383739648196,-1.4643347822379946,,,False
12.835,0.47186039250037626,-1.4658935683518681,,,False
12.84,0.47234077427512877,-1.4674704156050673,,,False
12.845,0.47277885601430747,-1.4690636489885194,,,False
12.85,0.47317404191042434,-1.470671569364428,,,False
12.855,0.4735258044937241,-1.4722924561755648,,,False
12.86,0.47383368539377363,-1.4739245701855896,,,False
12.865,0.4740972959911007,-1.4755661562460425,,,False
12.870000000000001,0.47431631795796464,-1.4772154460856053,,,False
12.875,0.47449050368752205,-1.4788706611172078,,,False
12.88,0.47461967661082227,-1.4805300152585232,,,False
12.885,0.4747037314012502,-1.4821917177613873,,,False
12.89,0.4747426340662085,-1.4838539760456575,,,False
12.895,0.474736421926012,-1.4855149985330358,,,False
12.9,0.47468520348014404,-1.4871729974763739,,,False
12.905000000000001,0.474589158161202,-1.488826191779998,,,False
12.91,0.4744485359770384,-1.4904728098066056,,,False
12.915000000000001,0.4742636570417774,-1.4921110921663119,,,False
12.92,0.47403491099656325,-1.49373929448346,,,False
12.925,0.47376275632107,-1.4953556901368426,,,False
12.93,0.47344771953697345,-1.496958572969034,,,False
12.935,0.4730903943047558,-1.4985462599605834,,,False
12.94,0.4726914404153799,-1.5001170938648773,,,False
12.945,0.4722515826785366,-1.50166944579955,,,False
12.950000000000001,0.47177160970932747,-1.5032017177903894,,,False
12.955,0.47125237261540653,-1.5047123452637667,,,False
12.96,0.47069478358675804,-1.506199799483706,,,False
12.965,0.4700998143904397,-1.5076625899297944,,,False
12.97,0.46946849477276875,-1.50909926661224,,,False
12.975,0.4688019107715715,-1.5105084223204803,,,False
12.98,0.4681012029412568,-1.5118886948018546,,,False
12.985,0.4673675644936083,-1.5132387688669722,,,False
12.99,0.466602239357322,-1.5145573784185198,,,False
12.995000000000001,0.4658065201594389,-1.515843308400384,,,False
13.0,0.4649817461319442,-1.5170953966640859,,,False
13.005,0.46412930094691934,-1.5183125357496676,,,False
13.01,0.4632506104837415,-1.519493674578299,,,False
13.015,0.46234714053193104,-1.5206378200540234,,,False
13.02,0.46142039443334254,-1.5217440385722036,,,False
13.025,0.4604719106674901,-1.5228114574323792,,,False
13.030000000000001,0.45950326038388156,-1.523839266153401,,,False
13.035,0.45851604488531644,-1.5248267176888655,,,False
13.040000000000001,0.4575118930661769,-1.525773129541031,,,False
13.045,0.4564924588098059,-1.5266778847715592,,,False
13.05,0.45545941834912984,-1.5275404329075917,,,False
13.055,0.45441446759473403,-1.5283602907418388,,,False
13.06,0.45335931943464847,-1.5291370430255251,,,False
13.065,0.45229570101014077,-1.5298703430532077,,,False
13.07,0.4512253509718467,-1.5305599131386565,,,False
13.075000000000001,0.450150016720595,-1.531205544981156,,,False
13.08,0.449071451637304,-1.5318070999217657,,,False
13.085,0.4479914123063384,-1.5323645090892482,,,False
13.09,0.44691165573672215,-1.532877773435549,,,False
13.095,0.4458339365856011,-1.5333469636608894,,,False
13.1,0.4447600043883411,-1.533772220028705,,,False
13.105,0.4436916007996321,-1.534153752070838,,,False
13.11,0.4426304568499475,-1.5344918381835655,,,False
13.115,0.441578290221678,-1.5347868251152168,,,False
13.120000000000001,0.4405368025492244,-1.535039127346303,,,False
13.125,0.4395076767472914,-1.5352492263632538,,,False
13.13,0.43849257437157474,-1.5354176698270185,,,False
13.135,0.4374931330159791,-1.5355450706379612,,,False
13.14,0.4365109637504416,-1.5356321058986333,,,False
13.145,0.4355476486033682,-1.5356795157761738,,,False
13.15,0.43460473809261296,-1.535688102266241,,,False
13.155000000000001,0.43368374880885346,-1.5356587278605336,,,False
13.16,0.4327861610551242,-1.5355923141201102,,,False
13.165000000000001,0.4319134165461805,-1.5354898401568626,,,False
13.17,0.4310669161712651,-1.5353523410256404,,,False
13.175,0.4302480178237462,-1.5351809060296626,,,False
13.18,0.42945803430098667,-1.5349766769419897,,,False
13.185,0.4286982312776881,-1.5347408461459542,,,False
13.19,0.4279698253558363,-1.534474654697577,,,False
13.195,0.4272739821942477,-1.534179390313115,,,False
13.200000000000001,0.4266118147205893,-1.5338563852849998,,,False
13.205,0.42598438142860917,-1.5335070143295406,,,False
13.21,0.4253926847631798,-1.5331326923698634,,,False
13.215,0.42483766959561226,-1.5327348722576613,,,False
13.22,0.42432022179155476,-1.5323150424374226,,,False
13.225,0.42384116687364204,-1.5318747245568891,,,False
13.23,0.42340126878090617,-1.53141547102758,,,False
13.235,0.4230012287268092,-1.5309388625392892,,,False
13.24,0.42264168415759484,-1.5304465055325347,,,False
13.245000000000001,0.42232320781250166,-1.5299400296329992,,,False
13.25,0.4220463068872117,-1.5294210850520578,,,False
13.255,0.4218114223017493,-1.5288913399575363,,,False
13.26,0.42161892807387497,-1.5283524778188895,,,False
13.265,0.42146913079885195,-1.5278061947310186,,,False
13.27,0.4213622692362955,-1.5272541967209845,,,False
13.275,0.42129851400464335,-1.5266981970418874,,,False
13.280000000000001,0.42127796738361584,-1.5261399134582048,,,False
13.285,0.42130066322486326,-1.5255810655268869,,,False
13.290000000000001,0.4213665669708262,-1.525023371878509,,,False
13.295,0.4214755757816649,-1.5244685475027777,,,False
13.3,0.42162751876994076,-1.523918301042676,,,False
13.305,0.42182215734256673,-1.5233743321015116,,,False
13.31,0.4220591856493697,-1.5228383285671112,,,False
13.315,0.42233823113744556,-1.522311963957369,,,False
13.32,0.42265885521031626,-1.521796894791321,,,False
13.325000000000001,0.42302055399073774,-1.5212947579898697,,,False
13.33,0.42342275918584193,-1.5208071683102364,,,False
13.335,0.42386483905313904,-1.5203357158181547,,,False
13.34,0.4243460994657446,-1.5198819634017608,,,False
13.345,0.42486578507504486,-1.5194474443310617,,,False
13.35,0.4254230805688588,-1.519033659866788,,,False
13.355,0.42601711202300835,-1.5186420769223559,,,False
13.36,0.4266469483440622,-1.5182741257825745,,,False
13.365,0.4273116028008769,-1.5179311978826404,,,False
13.370000000000001,0.4280100346424219,-1.5176146436508644,,,False
13.375,0.42874115079924063,-1.517325770418468,,,False
13.38,0.42950380766577156,-1.517065840399681,,,False
13.385,0.4302968129606272,-1.5168360687452545,,,False
13.39,0.4311189276618101,-1.5166376216723834,,,False
13.395,0.43196886801372913,-1.516471614673915,,,False
13.4,0.4328453076027694,-1.516339110809582,,,False
13.405000000000001,0.4337468794980647,-1.5162411190818739,,,False
13.41,0.434672178454021,-1.5161785928990212,,,False
13.415000000000001,0.4356197631710473,-1.5161524286274275,,,False
13.42,0.43658815861086003,-1.5161634642357384,,,False
13.425,0.4375758583626469,-1.5162124780325936,,,False
13.43,0.4385813270562978,-1.5163001874999527,,,False
13.435,0.43960300281884174,-1.51642724822374,,,False
13.44,0.440639299770163,-1.5165942529233896,,,False
13.445,0.44168861055401404,-1.5168017305817199,,,False
13.450000000000001,0.44274930890028863,-1.5170501456764074,,,False
13.455,0.4438197522144752,-1.5173398975141617,,,False
13.46,0.44489828419017213,-1.5176713196685487,,,False
13.465,0.4459832374405126,-1.5180446795222375,,,False
13.47,0.44707293614432364,-1.5184601779142848,,,False
13.475,0.44816569870282363,-1.518917948892903,,,False
13.48,0.44925984040265005,-1.5194180595739921,,,False
13.485,0.45035367608100535,-1.5199605101055451,,,False
13.49,0.4514455227887079,-1.5205452337378753,,,False
13.495000000000001,0.45253370244694435,-1.5211720969994404,,,False
13.5,0.45361654449353267,-1.5218408999778776,,,False
13.505,0.45469238851452753,-1.522551376705694,,,False
13.51,0.4557595868570262,-1.5233031956498944,,,False
13.515,0.45681650721906725,-1.5240959603046653,,,False
13.52,0.45786153521255496,-1.52492920988607,,,False
13.525,0.4588930768951898,-1.5258024201275533,,,False
13.530000000000001,0.4599095612674373,-1.5267150041748927,,,False
13.535,0.46090944273062756,-1.5276663135790818,,,False
13.540000000000001,0.46189120350234364,-1.5286556393854724,,,False
13.545,0.46285335598532734,-1.5296822133173593,,,False
13.55,0.4637944450862093,-1.5307452090520373,,,False
13.555,0.4647130504804525,-1.531843743587222,,,False
13.56,0.46560778881998827,-1.532976878695581,,,False
13.565,0.46647731588011565,-1.5341436224649874,,,False
13.57,0.4673203286423379,-1.5353429309219742,,,False
13.575000000000001,0.4681355673099109,-1.5365737097357417,,,False
13.58,0.4689218172529905,-1.5378348159999402,,,False
13.585,0.46967791088037897,-1.539125060089335,,,False
13.59,0.47040272943499045,-1.5404432075883443,,,False
13.595,0.47109520471027727,-1.5417879812883297,,,False
13.6,0.47175432068498946,-1.543158063250413,,,False
13.605,0.4723791150737682,-1.544552096930493,,,False
13.61,0.4729686807912122,-1.5459686893630447,,,False
13.615,0.4735221673271935,-1.5474064134001861,,,False
13.620000000000001,0.474038782031342,-1.548863810002423,,,False
13.625,0.4745177913047643,-1.5503393905773972,,,False
13.63,0.47495852169721015,-1.5518316393628955,,,False
13.635,0.4753603609080512,-1.5533390158503086,,,False
13.64,0.47572275868959124,-1.5548599572446715,,,False
13.645,0.4760452276513807,-1.5563928809573577,,,False
13.65,0.4763273439643698,-1.557936187127459,,,False
13.655000000000001,0.47656874796388915,-1.5594882611678362,,,False
13.66,0.4767691446506126,-1.5610474763317927,,,False
13.665000000000001,0.4769283040888149,-1.5626121962962949,,,False
13.67,0.4770460617014031,-1.5641807777576393,,,False
13.675,0.47712231846136144,-1.5657515730354545,,,False
13.68,0.4771570409794158,-1.5673229326809124,,,False
13.685,0.4771502614878868,-1.5688932080850249,,,False
13.69,0.47710207772086444,-1.5704607540829016,,,False
13.695,0.477012652691002,-1.572023931549861,,,False
13.700000000000001,0.4768822143633891,-1.5735811099852968,,,False
13.705,0.476711055227126,-1.5751306700802312,,,False
13.71,0.47649953176538273,-1.576671006264514,,,False
13.715,0.4762480638248865,-1.5782005292296606,,,False
13.72,0.47595713388593713,-1.5797176684233705,,,False
13.725,0.4756272862342091,-1.5812208745118084,,,False
13.73,0.4752591260357494,-1.5827086218057926,,,False
13.735,0.47485331831673566,-1.5841794106470928,,,False
13.74,0.4744105868497046,-1.5856317697511038,,,False
13.745000000000001,0.47393171294810865,-1.587064258502241,,,False
13.75,0.4734175341712016,-1.588475469198476,,,False
13.755,0.47286894294139314,-1.5898640292415163,,,False
13.76,0.4722868850763489,-1.5912286032692247,,,False
13.765,0.47167235823824455,-1.592567895226966,,,False
13.77,0.4710264103027109,-1.5938806503746707,,,False
13.775,0.47035013765013256,-1.5951656572265083,,,False
13.780000000000001,0.4696446833820803,-1.5964217494201733,,,False
13.785,0.46891123546577596,-1.5976478075129048,,,False
13.790000000000001,0.4681510248095955,-1.5988427607014706,,,False
13.795,0.46736532327272595,-1.6000055884634814,,,False
13.8,0.46655544161218976,-1.601135322117517,,,False
13.805,0.465722727370547,-1.6022310462996856,,,False
13.81,0.46486856270767607,-1.6032919003543664,,,False
13.815,0.4639943621801187,-1.6043170796370274,,,False
13.82,0.46310157047155354,-1.6053058367271478,,,False
13.825000000000001,0.4621916600780371,-1.606257482549424,,,False
13.83,0.461266128951718,-1.6071713874015792,,,False
13.835,0.4603264981067923,-1.6080469818872494,,,False
13.84,0.4593743091915238,-1.6088837577525714,,,False
13.845,0.45841112203020223,-1.6096812686252482,,,False
13.85,0.4574385121389568,-1.6104391306550263,,,False
13.855,0.4564580682193786,-1.6111570230546755,,,False
13.86,0.45547138963393685,-1.6118346885407175,,,False
13.865,0.4544800838671994,-1.612471933673316,,,False
13.870000000000001,0.4534857639768844,-1.6130686290948897,,,False
13.875,0.4524900460387835,-1.6136247096671839,,,False
13.88,0.4514945465896019,-1.6141401745066846,,,False
13.885,0.45050088007175887,-1.6146150869184293,,,False
13.89,0.44951065628418646,-1.6150495742284248,,,False
13.895,0.4485254778431492,-1.6154438275150425,,,False
13.9,0.4475469376570878,-1.6157981012399225,,,False
13.905000000000001,0.4465766164194641,-1.6161127127790769,,,False
13.91,0.44561608012355103,-1.616388041855036,,,False
13.915000000000001,0.4446668776030729,-1.6166245298710435,,,False
13.92,0.4437305381025565,-1.6168226791484515,,,False
13.925,0.4428085688812021,-1.6169830520686272,,,False
13.93,0.44190245285402663,-1.6171062701208274,,,False
13.935,0.4410136462739683,-1.6171930128576442,,,False
13.94,0.44014357645857366,-1.6172440167597726,,,False
13.945,0.4392936395648132,-1.617260074011991,,,False
13.950000000000001,0.4384651984154921,-1.6172420311923816,,,False
13.955,0.43765958038063724,-1.6171907878769574,,,False
13.96,0.43687807531715184,-1.6171072951619887,,,False
13.965,0.43612193356993234,-1.6169925541064567,,,False
13.97,0.43539236403754233,-1.6168476140971755,,,False
13.975,0.434690532305433,-1.6166735711392555,,,False
13.98,0.4340175588495889,-1.616471566074685,,,False
13.985,0.4333745173133652,-1.6162427827319255,,,False
13.99,0.4327624328601608,-1.6159884460095195,,,False
13.995000000000001,0.43218228060445285,-1.6157098198968078,,,False
14.0,0.43163498412358825,-1.6154082054349561,,,False
14.005,0.4311214140525997,-1.6150849386215738,,,False
14.01,0.43064238676417926,-1.6147413882623016,,,False
14.015,0.4301986631358055,-1.6143789537728168,,,False
14.02,0.4297909474058809,-1.6139990629347862,,,False
14.025,0.42941988612059284,-1.6136031696093627,,,False
14.030000000000001,0.42908606717306674,-1.6131927514118833,,,False
14.035,0.4287900189362324,-1.6127693073514893,,,False
14.040000000000001,0.4285322094906744,-1.6123343554394332,,,False
14.045,0.42831304594858643,-1.611889430269889,,,False
14.05,0.4281328738747965,-1.6114360805771177,,,False
14.055,0.42799197680567425,-1.6109758667728753,,,False
14.06,0.42789057586657825,-1.6105103584679759,,,False
14.065,0.42782882948834206,-1.6100411319819457,,,False
14.07,0.427806833223143,-1.6095697678447143,,,False
14.075000000000001,0.42782461965993884,-1.609097848294303,,,False
14.08,0.4278821584395006,-1.608626954774468,,,False
14.085,0.42797935636891177,-1.608158665436252,,,False
14.09,0.42811605763524807,-1.6076945526473925,,,False
14.095,0.42829204411799376,-1.60723618051351,,,False
14.1,0.42850703579959776,-1.6067851024149844,,,False
14.105,0.42876069127341415,-1.6063428585633934,,,False
14.11,0.42905260834812403,-1.6059109735813542,,,False
14.115,0.42938232474757826,-1.605490954109568,,,False
14.120000000000001,0.42974931890485635,-1.6050842864448207,,,False
14.125,0.43015301084918456,-1.6046924342126356,,,False
14.13,0.43059276318421524,-1.6043168360782243,,,False
14.135,0.43106788215602293,-1.6039589034993063,,,False
14.14,0.43157761880903506,-1.6036200185243077,,,False
14.145,0.43212117022797747,-1.6033015316393664,,,False
14.15,0.4326976808637805,-1.6030047596674963,,,False
14.155000000000001,0.43330624394126227,-1.6027309837231722,,,False
14.16,0.4339459029462769,-1.6024814472255084,,,False
14.165000000000001,0.43461565318989454,-1.6022573539731086,,,False
14.17,0.43531444344705955,-1.6020598662835626,,,False
14.175,0.4360411776670581,-1.601890103200459,,,False
14.18,0.4367947167530171,-1.601749138770678,,,False
14.185,0.4375738804075492,-1.6016380003946056,,,False
14.19,0.438377449041557,-1.6015576672518055,,,False
14.195,0.43920416574311455,-1.6015090688045484,,,False
14.200000000000001,0.44005273830325004,-1.6014930833814847,,,False
14.205,0.4409218412953702,-1.6015105368436113,,,False
14.21,0.4418101182049825,-1.601562201334553,,,False
14.215,0.44271618360629766,-1.6016487941170416,,,False
14.22,0.44363862538222365,-1.6017709764973436,,,False
14.225,0.444576006984197,-1.6019293528392364,,,False
14.23,0.44552686972823957,-1.6021244696690022,,,False
14.235,0.44648973512357343,-1.6023568148727514,,,False
14.24,0.4474631072300812,-1.6026268169872497,,,False
14.245000000000001,0.44844547504085597,-1.602934844585269,,,False
14.25,0.44943531488604943,-1.6032812057563324,,,False
14.255,0.45043109285419825,-1.6036661476835752,,,False
14.26,0.451431267227184,-1.6040898563172863,,,False
14.265,0.4524342909249649,-1.6045524561455453,,,False
14.27,0.45343861395620605,-1.6050540100622164,,,False
14.275,0.4544426858709306,-1.6055945193324022,,,False
14.280000000000001,0.4554449582113134,-1.606173923655312,,,False
14.285,0.45644388695674715,-1.6067921013243438,,,False
14.290000000000001,0.4574379349593238,-1.6074488694840205,,,False
14.295,0.4584255743658927,-1.6081439844832794,,,False
14.3,0.45940528902288297,-1.6088771423244503,,,False
14.305,0.46037557686010766,-1.609647979207116,,,False
14.31,0.4613349522498062,-1.6104560721658956,,,False
14.315,0.4622819483372226,-1.611300939801045,,,False
14.32,0.4632151193390672,-1.6121820431006242,,,False
14.325000000000001,0.4641330428062643,-1.6130987863528365,,,False
14.33,0.46503432184744586,-1.614050518147004,,,False
14.335,0.465917587309722,-1.6150365324615052,,,False
14.34,0.46678149991332396,-1.616056069836869,,,False
14.345,0.4676247523367973,-1.6171083186320767,,,False
14.35,0.4684460712495002,-1.6181924163620087,,,False
14.355,0.4692442192882524,-1.619307451113831,,,False
14.36,0.47001799697506713,-1.6204524630400066,,,False
14.365,0.47076624457300026,-1.6216264459254925,,,False
14.370000000000001,0.47148784387724596,-1.6228283488265691,,,False
14.375,0.47218171993871827,-1.6240570777786367,,,False
14.38,0.4728468427174642,-1.625311497570213,,,False
14.385,0.47348222866336975,-1.6265904335802566,,,False
14.39,0.4740869422217364,-1.6278926736758503,,,False
14.395,0.4746600972614268,-1.629216970167183,,,False
14.4,0.47520085842340537,-1.6305620418166795,,,False
14.405000000000001,0.4757084423876231,-1.6319265758990518,,,False
14.41,0.4761821190563327,-1.6333092303089596,,,False
14.415000000000001,0.47662121265204843,-1.634708635712905,,,False
14.42,0.47702510272850707,-1.6361233977419105,,,False
14.425,0.47739322509312065,-1.637552099221477,,,False
14.43,0.4777250726395574,-1.6389933024352576,,,False
14.435,0.4780201960892275,-1.6404455514188365,,,False
14.44,0.478278204640598,-1.6419073742799541,,,False
14.445,0.4784987665254051,-1.6433772855414888,,,False
14.450000000000001,0.4786816094709835,-1.6448537885034649,,,False
14.455,0.47882652106807916,-1.6463353776203364,,,False
14.46,0.4789333490436624,-1.647820540889774,,,False
14.465,0.47900200143840976,-1.6493077622491654,,,False
14.47,0.47903244668867356,-1.650795523976038,,,False
14.475,0.479024713612908,-1.6522823090886,,,False
14.48,0.47897889130267474,-1.6537666037426115,,,False
14.485,0.4788951289184977,-1.6552468996207963,,,False
14.49,0.4787736353909905,-1.656721696311028,,,False
14.495000000000001,0.4786146790278264,-1.6581895036695427,,,False
14.5,0.4784185870272716,-1.6596488441654558,,,False
14.505,0.47818574489914634,-1.661098255202901,,,False
14.51,0.47791659579422746,-1.6625362914171384,,,False
14.515,0.4776116397432466,-1.6639615269410333,,,False
14.52,0.4772714328067816,-1.6653725576383511,,,False
14.525,0.4768965861374779,-1.6667680033003742,,,False
14.530000000000001,0.47648776495617345,-1.6681465098024033,,,False
14.535,0.476045687443636,-1.6695067512167785,,,False
14.540000000000001,0.47557112354975156,-1.6708474318791235,,,False
14.545,0.47506489372213373,-1.6721672884045948,,,False
14.55,0.4745278675562471,-1.6734650916509994,,,False
14.555,0.47396096236926044,-1.6747396486257347,,,False
14.56,0.4733651416999642,-1.6759898043335908,,,False
14.565,0.4727414137372,-1.6772144435625582,,,False
14.57,0.4720908296793626,-1.6784124926048807,,,False
14.575000000000001,0.4714144820276373,-1.6795829209106976,,,False
14.58,0.470713502815743,-1.6807247426717349,,,False
14.585,0.4699890617790432,-1.6818370183326106,,,False
14.59,0.4692423644659843,-1.682918856027442,,,False
14.595,0.46847465029490604,-1.6839694129395595,,,False
14.6,0.467687190559354,-1.684987896582259,,,False
14.605,0.46688128638510035,-1.6859735659986483,,,False
14.61,0.46605826664215433,-1.686925732878777,,,False
14.615,0.4652194858151088,-1.6878437625923657,,,False
14.620000000000001,0.46436632183523513,-1.6887270751355945,,,False
14.625,0.46350017387779185,-1.6895751459905393,,,False
14.63,0.46262246012806724,-1.6903875068959915,,,False
14.635,0.4617346155197194,-1.691163746528532,,,False
14.64,0.46083808944901833,-1.6919035110928782,,,False
14.645,0.4599343434686297,-1.6926065048206644,,,False
14.65,0.45902484896460655,-1.6932724903769647,,,False
14.655000000000001,0.4581110848202796,-1.693901289174008,,,False
14.66,0.45719453507075375,-1.6944927815916915,,,False
14.665000000000001,0.45627668655172704,-1.6950469071046381,,,False
14.67,0.455359026546357,-1.6955636643156957,,,False
14.675,0.45444304043389516,-1.6960431108959237,,,False
14.68,0.4535302093438058,-1.6964853634312604,,,False
14.685,0.4526220078190717,-1.6968905971762112,,,False
14.69,0.45171990149237184,-1.6972590457150438,,,False
14.695,0.45082534477879027,-1.6975910005311259,,,False
14.700000000000001,0.44993977858868756,-1.6978868104851805,,,False
14.705,0.4490646280643289,-1.698146881203381,,,False
14.71,0.4482013003438218,-1.6983716743763495,,,False
14.715,0.4473511823558702,-1.698561706970257,,,False
14.72,0.4465156386487988,-1.6987175503513712,,,False
14.725,0.44569600925724306,-1.6988398293255227,,,False
14.73,0.44489360760983876,-1.6989292210941,,,False
14.735,0.4441097184811746,-1.6989864541283135,,,False
14.74,0.4433455959911998,-1.6990123069635916,,,False
14.745000000000001,0.4426024616551992,-1.6990076069161042,,,False
14.75,0.4418815024873647,-1.69897322872352,,,False
14.755,0.44118386916090563,-1.6989100931122325,,,False
14.76,0.4405106742275463,-1.6988191652933937,,,False
14.765,0.4398629903991627,-1.6987014533902103,,,False
14.77,0.4392418488942099,-1.6985580067990629,,,False
14.775,0.4386482378514855,-1.698389914487109,,,False
14.780000000000001,0.43808310081366514,-1.6981983032291275,,,False
14.785,0.43754733528293477,-1.6979843357864586,,,False
14.790000000000001,0.4370417913509257,-1.6977492090309798,,,False
14.795,0.4365672704050405,-1.697494152017141,,,False
14.8,0.43612452391313344,-1.6972204240051627,,,False
14.805,0.4357142522883848,-1.6969293124385765,,,False
14.81,0.43533710383607727,-1.6966221308793499,,,False
14.815,0.43499367378385445,-1.6963002169039094,,,False
14.82,0.43468450339690423,-1.6959649299634274,,,False
14.825000000000001,0.43441007917937763,-1.6956176492117927,,,False
14.83,0.4341708321632129,-1.6952597713047366,,,False
14.835,0.43396713728539743,-1.6948927081736205,,,False
14.84,0.433799312854558,-1.694517884777434,,,False
14.845,0.4336676201076273,-1.6941367368365803,,,False
14.85,0.43357226285719386,-1.6937507085520491,,,False
14.855,0.4335133872299945,-1.6933612503136004,,,False
14.86,0.4334910814968682,-1.6929698164005922,,,False
14.865,0.4335053759943423,-1.6925778626790955,,,False
14.870000000000001,0.4335562431378778,-1.6921868442989403,,,False
14.875,0.4336435975266564,-1.691798213394333,,,False
14.88,0.43376729613964604,-1.6914134167916766,,,False
14.885,0.43392713862253907,-1.691033893728208,,,False
14.89,0.43412286766501185,-1.6906610735850496,,,False
14.895,0.43435416946761585,-1.6902963736382397,,,False
14.9,0.4346206742974652,-1.6899411968312799,,,False
14.905000000000001,0.43492195713175,-1.6895969295726956,,,False
14.91,0.4352575383879638,-1.689264939562066,,,False
14.915000000000001,0.4356268847396004,-1.6889465736479272,,,False
14.92,0.43602941001593915,-1.6886431557209012,,,False
14.925,0.43646447618440865,-1.688355984645344,,,False
14.93,0.43693139441388695,-1.6880863322327384,,,False
14.935,0.43742942621717407,-1.687835441259993,,,False
14.94,0.4379577846707453,-1.6876045235357289,,,False
14.945,0.43851563570977714,-1.6873947580175614,,,False
14.950000000000001,0.43910209949631795,-1.6872072889832956,,,False
14.955,0.43971625185836477,-1.6870432242588709,,,False
14.96,0.4403571257974958,-1.6869036335057932,,,False
14.965,0.4410237130626037,-1.6867895465706981,,,False
14.97,0.44171496578717184,-1.6867019518995887,,,False
14.975,0.44242979818744,-1.6866417950191828,,,False
14.98,0.4431670883187089,-1.6866099770876999,,,False
14.985,0.44392567988694853,-1.6866073535173052,,,False
14.99,0.44470438411278734,-1.6866347326703088,,,False
14.995000000000001,0.44550198164488114,-1.686692874631105,,,False
15.0,0.4463172245195854,-1.6867824900557093,,,False
15.005,0.44714883816378553,-1.6869042391006326,,,False
15.01,0.44799552343767324,-1.6870587304326963,,,False
15.015,0.4488559587141988,-1.6872465203212725,,,False
15.02,0.4497288019918738,-1.6874681118142922,,,False
15.025,0.4506126930375504,-1.6877239539992375,,,False
15.030000000000001,0.4515062555557581,-1.688014441350195,,,False
15.035,0.4524080993811424,-1.6883399131619115,,,False
15.040000000000001,0.4533168226905155,-1.6887006530716537,,,False
15.045,0.45423101423100215,-1.6890968886695363,,,False
15.05,0.45514925556074265,-1.689528791197839,,,False
15.055,0.45607012329859836,-1.689996475339696,,,False
15.06,0.4569921913792942,-1.6904999990973963,,,False
15.065,0.45791403331042924,-1.6910393637603922,,,False
15.07,0.4588342244277854,-1.6916145139629748,,,False
15.075000000000001,0.45975134414537205,-1.6922253378314285,,,False
15.08,0.4606639781966563,-1.692871667220339,,,False
15.085,0.4615707208634451,-1.6935532780375888,,,False
15.09,0.4624701771889107,-1.6942698906574316,,,False
15.095,0.46336096517127756,-1.6950211704209024,,,False
15.1,0.4642417179347244,-1.6958067282226799,,,False
15.105,0.4651110858740944,-1.6966261211833835,,,False
15.11,0.46596773877005077,-1.6974788534061547,,,False
15.115,0.4668103678713668,-1.6983643768162358,,,False
15.120000000000001,0.4676376879410926,-1.6992820920821365,,,False
15.125,0.4684484392634035,-1.7002313496168446,,,False
15.13,0.4692413896079988,-1.7012114506574156,,,False
15.135,0.47001533614899127,-1.7022216484211554,,,False
15.14,0.4707691073353015,-1.7032611493364858,,,False
15.145,0.4715015647096525,-1.7043291143464727,,,False
15.15,0.4722116046733429,-1.7054246602828802,,,False
15.155000000000001,0.47289816019406633,-1.706546861308505,,,False
15.16,0.47356020245413766,-1.7076947504254427,,,False
15.165000000000001,0.47419674243658266,-1.7088673210468306,,,False
15.17,0.47480683244665,-1.7100635286295212,,,False
15.175,0.4753895675664079,-1.7112822923650388,,,False
15.18,0.475944087040196,-1.712522496926089,,,False
15.185,0.4764695755888159,-1.7137829942658014,,,False
15.19,0.4769652646504566,-1.7150626054668077,,,False
15.195,0.47743043354647036,-1.7163601226371823,,,False
15.200000000000001,0.4778644105702356,-1.717674310850198,,,False
15.205,0.4782665739974652,-1.719003910124786,,,False
15.21,0.47863635301644564,-1.7203476374435303,,,False
15.215,0.4789732285768207,-1.7217041888049636,,,False
15.22,0.47927673415566246,-1.7230722413068897,,,False
15.225,0.4795464564397061,-1.7244504552574036,,,False
15.23,0.4797820359227565,-1.7258374763102464,,,False
15.235,0.47998316741741165,-1.7272319376210938,,,False
15.24,0.4801496004803841,-1.7286324620213462,,,False
15.245000000000001,0.48028113975083664,-1.73003766420597,,,False
15.25,0.48037764520129034,-1.7314461529319127,,,False
15.255,0.4804390323007981,-1.7328565332236097,,,False
15.26,0.48046527209021794,-1.734267408582085,,,False
15.265,0.48045639116955946,-1.7356773831941545,,,False
15.27,0.4804124715975141,-1.737085064138235,,,False
15.275,0.4803336507034214,-1.7384890635832777,,,False
15.280000000000001,0.48022012081205784,-1.7398880009773574,,,False
15.285,0.48007212888177725,-1.741280505222467,,,False
15.290000000000001,0.4798899760566623,-1.742665216832093,,,False
15.295,0.47967401713348756,-1.744040790068182,,,False
15.3,0.4794246599444241,-1.7454058950541353,,,False
15.305,0.4791423646565505,-1.7467592198605233,,,False
15.31,0.4788276429893641,-1.748099472560243,,,False
15.315,0.47848105735161556,-1.7494253832499072,,,False
15.32,0.4781032198989161,-1.7507357060343005,,,False
15.325000000000001,0.47769479151368865,-1.7520292209708048,,,False
15.33,0.47725648070915905,-1.753304735970761,,,False
15.335,0.47678904245919723,-1.7545610886548049,,,False
15.34,0.4762932769559373,-1.7557971481592936,,,False
15.345,0.4757700282972163,-1.7570118168910143,,,False
15.35,0.475220183105979,-1.7582040322274568,,,False
15.355,0.47464466908390446,-1.7593727681600169,,,False
15.36,0.47404445350160823,-1.760517036877593,,,False
15.365,0.47342054162787495,-1.7616358902881326,,,False
15.370000000000001,0.47277397510046765,-1.7627284214757875,,,False
15.375,0.47210583024115144,-1.763793766091443,,,False
15.38,0.47141721631765365,-1.7648311036744886,,,False
15.385,0.470709273755364,-1.7658396589038137,,,False
15.39,0.46998317230165515,-1.7668187027761237,,,False
15.395,0.4692401091457754,-1.767767553709789,,,False
15.4,0.46848130699733265,-1.7686855785725586,,,False
15.405000000000001,0.4677080121264512,-1.7695721936315945,,,False
15.41,0.46692149236874053,-1.7704268654244029,,,False
15.415000000000001,0.46612303509826686,-1.7712491115493707,,,False
15.42,0.4653139451717661,-1.7720385013747393,,,False
15.425,0.46449554284737926,-1.7727946566649804,,,False
15.43,0.46366916168122707,-1.77351725212367,,,False
15.435,0.4628361464051733,-1.77420601585209,,,False
15.44,0.4619978507891518,-1.7748607297229193,,,False
15.445,0.4611556354914538,-1.7754812296685132,,,False
15.450000000000001,0.4603108659003862,-1.7760674058834054,,,False
15.455,0.4594649099707239,-1.776619202940801,,,False
15.46,0.4586191360583809,-1.7771366198229677,,,False
15.465,0.4577749107567269,-1.7776197098655673,,,False
15.47,0.4569335967379684,-1.7780685806161052,,,False
15.475,0.456096550603002,-1.7784833936068138,,,False
15.48,0.45526512074313025,-1.7788643640424167,,,False
15.485000000000001,0.4544406452170092,-1.779211760403358,,,False
15.49,0.4536244496461682,-1.7795259039652143,,,False
15.495000000000001,0.4528178451324095,-1.7798071682351364,,,False
15.5,0.4520221262003579,-1.7800559783062981,,,False
15.505,0.45123856876838697,-1.7802728101314627,,,False
15.51,0.4504684281511,-1.7804581897168972,,,False
15.515,0.4497129370964909,-1.7806126922379975,,,False
15.52,0.4489733038608523,-1.7807369410781002,,,False
15.525,0.44825071032443414,-1.7808316067920882,,,False
15.530000000000001,0.4475463101507897,-1.7808974059965024,,,False
15.535,0.4468612269926735,-1.7809351001879978,,,False
15.540000000000001,0.44619655274727776,-1.7809454944920833,,,False
15.545,0.44555334586351514,-1.7809294363442008,,,False
15.55,0.44493262970396846,-1.7808878141052993,,,False
15.555,0.4443353909640397,-1.7808215556141638,,,False
15.56,0.4437625781507377,-1.7807316266788524,,,False
15.565,0.44321510012344684,-1.7806190295096957,,,False
15.57,0.44269382469891755,-1.7804848010963936,,,False
15.575000000000001,0.44219957732261783,-1.7803300115318388,,,False
15.58,0.44173313980847523,-1.7801557622853719,,,False
15.585,0.4412952491489299,-1.7799631844282524,,,False
15.59,0.4408865963971067,-1.7797534368142025,,,False
15.595,0.4405078256227956,-1.7795277042179478,,,False
15.6,0.44015953294381527,-1.779287195434744,,,False
15.605,0.43984226563420964,-1.7790331413439338,,,False
15.610000000000001,0.4395565213106077,-1.7787667929396367,,,False
15.615,0.4393027471979492,-1.7784894193317182,,,False
15.620000000000001,0.43908133947565425,-1.7782023057202316,,,False
15.625,0.4388926427051842,-1.7779067513465632,,,False
15.63,0.43873694933981405,-1.777604067424545,,,False
15.635,0.43861449931730384,-1.7772955750548278,,,False
15.64,0.438525479736025,-1.776982603125829,,,False
15.645,0.4384700246149663,-1.7766664862045878,,,False
15.65,0.43844821473790924,-1.7763485624208766,,,False
15.655000000000001,0.43846007758193073,-1.7760301713479154,,,False
15.66,0.4385055873302566,-1.7757126518830486,,,False
15.665000000000001,0.4385846649693565,-1.7753973401317316,,,False
15.67,0.43869717847003775,-1.7750855672981705,,,False
15.675,0.438842943052162,-1.7747786575859419,,,False
15.68,0.4390217215324794,-1.7744779261119021,,,False
15.685,0.4392332247549409,-1.774184676836669,,,False
15.69,0.4394771121027217,-1.7739002005149294,,,False
15.695,0.4397529920910602,-1.7736257726687945,,,False
15.700000000000001,0.4400604230398895,-1.7733626515873782,,,False
15.705,0.4403989138251131,-1.773112076355737,,,False
15.71,0.4407679247072552,-1.7728752649162545,,,False
15.715,0.4411668682360924,-1.772653412165498,,,False
15.72,0.44159511022975756,-1.7724476880895244,,,False
15.725,0.4420519708266877,-1.7722592359405342,,,False
15.73,0.4425367256086777,-1.7720891704577202,,,False
15.735000000000001,0.4430486067931878,-1.7719385761350679,,,False
15.74,0.44358680449294774,-1.771808505538804,,,False
15.745000000000001,0.4441504680407941,-1.7716999776770936,,,False
15.75,0.4447387073775792,-1.7716139764245113,,,False
15.755,0.4453505945008889,-1.7715514490037174,,,False
15.76,0.4459851649722164,-1.771513304526678,,,False
15.765,0.44664141948014724,-1.771500412597672,,,False
15.77,0.44731832545702443,-1.7715136019802296,,,False
15.775,0.4480148187464832,-1.7715536593300365,,,False
15.780000000000001,0.44872980531916395,-1.771621327995744,,,False
15.785,0.4494621630338416,-1.7717173068895016,,,False
15.790000000000001,0.45021074344113854,-1.7718422494289279,,,False
15.795,0.45097437362692544,-1.7719967625521147,,,False
15.8,0.451751858092454,-1.7721814058071448,,,False
15.805,0.4525419806682105,-1.7723966905174833,,,False
15.81,0.4533435064584295,-1.772643079024481,,,False
15.815,0.45415518381316156,-1.7729209840081062,,,False
15.82,0.4549757463247478,-1.7732307678868966,,,False
15.825000000000001,0.45580391484552113,-1.7735727422979946,,,False
15.83,0.4566383995235205,-1.7739471676580043,,,False
15.835,0.4574779018529823,-1.774354252805279,,,False
15.84,0.45832111673635206,-1.774794154724118,,,False
15.845,0.4591667345545438,-1.775266978351224,,,False
15.85,0.4600134432421669,-1.775772776464639,,,False
15.855,0.4608599303644339,-1.776311549655246,,,False
15.860000000000001,0.461704885192465,-1.7768832463807993,,,False
15.865,0.46254700077371,-1.7774877631023063,,,False
15.870000000000001,0.46338497599422024,-1.7781249445024614,,,False
15.875,0.46421751762951835,-1.7787945837857,,,False
15.88,0.46504334238083744,-1.7794964230593124,,,False
15.885,0.46586117889352435,-1.7802301537949308,,,False
15.89,0.4666697697544366,-1.7809954173695735,,,False
15.895,0.4674678734651967,-1.7817918056853124,,,False
15.9,0.46825426638821044,-1.7826188618664962,,,False
15.905000000000001,0.46902774466240127,-1.7834760810333508,,,False
15.91,0.4697871260856642,-1.784362911150651,,,False
15.915000000000001,0.4705312519610984,-1.7852787539500454,,,False
15.92,0.4712589889041381,-1.7862229659244993,,,False
15.925,0.47196923060776597,-1.787194859393207,,,False
15.93,0.4726608995630625,-1.7881937036352191,,,False
15.935,0.4733329487324183,-1.7892187260899182,,,False
15.94,0.47398436317281417,-1.7902691136223778,,,False
15.945,0.47461416160665476,-1.7913440138515373,,,False
15.950000000000001,0.47522139793772783,-1.7924425365390235,,,False
15.955,0.4758051627099502,-1.7935637550363663,,,False
15.96,0.47636458450665414,-1.7947067077882553,,,False
15.965,0.4768988312882642,-1.7958703998894046,,,False
15.97,0.4774071116663153,-1.7970538046925095,,,False
15.975,0.4778886761118628,-1.7982558654646976,,,False
15.98,0.47834281809644574,-1.799475497089808,,,False
15.985000000000001,0.478768875163867,-1.8007115878137583,,,False
15.99,0.4791662299311711,-1.8019630010301966,,,False
15.995000000000001,0.47953431101730953,-1.8032285771035719,,,False
16.0,0.47987259389810244,-1.804507135226704,,,False
16.005,0.48018060168622123,-1.805797475309879,,,False
16.01,0.48045790583503806,-1.8070983798984526,,,False
16.015,0.48070412676530905,-1.8084086161158972,,,False
16.02,0.4809189344137813,-1.8097269376291985,,,False
16.025,0.4811020487029378,-1.8110520866334676,,,False
16.03,0.48125323993122066,-1.812382795852613,,,False
16.035,0.4813723290831981,-1.8137177905528923,,,False
16.04,0.4814591880592702,-1.8150557905661466,,,False
16.045,0.48151373982463214,-1.816395512319509,,,False
16.05,0.4815359584773466,-1.817735670868371,,,False
16.055,0.4815258692355,-1.8190749819293897,,,False
16.06,0.4814835483435492,-1.8204121639103221,,,False
16.065,0.4814091228980904,-1.821745939933478,,,False
16.07,0.48130277059341087,-1.8230750398496018,,,False
16.075,0.4811647193873089,-1.8243982022390064,,,False
16.080000000000002,0.4809952470877945,-1.825714176396811,,,False
16.085,0.4807946808614066,-1.8270217242991582,,,False
16.09,0.48056339666400727,-1.8283196225473217,,,False
16.095,0.4803018185950325,-1.8296066642866546,,,False
16.1,0.4800104181763023,-1.83088166109737,,,False
16.105,0.47968971355660833,-1.832143444854191,,,False
16.11,0.47934026864341506,-1.8333908695519667,,,False
16.115000000000002,0.4789626921631235,-1.8346228130943993,,,False
16.12,0.47855763665145806,-1.8358381790430922,,,False
16.125,0.4781257973756471,-1.8370358983241968,,,False
16.13,0.4776679111901706,-1.8382149308900022,,,False
16.135,0.4771847553279569,-1.8393742673328881,,,False
16.14,0.4766771461290049,-1.8405129304491368,,,False
16.145,0.4761459377085094,-1.8416299767501851,,,False
16.15,0.4755920205666573,-1.8427244979189816,,,False
16.155,0.475016320142356,-1.843795622209202,,,False
16.16,0.474419795313238,-1.84484251578517,,,False
16.165,0.4738034368443711,-1.845864384000428,,,False
16.17,0.4731682657881794,-1.8468604726129987,,,False
16.175,0.47251533183815864,-1.8478300689354807,,,False
16.18,0.47184571163903555,-1.8487725029182314,,,False
16.185,0.4711605070560899,-1.8496871481639892,,,False
16.19,0.47046084340641875,-1.8505734228724058,,,False
16.195,0.4697478676549795,-1.8514307907130674,,,False
16.2,0.46902274657830123,-1.852258761625698,,,False
16.205000000000002,0.4682866648988024,-1.8530568925463566,,,False
16.21,0.4675408233926952,-1.8538247880585572,,,False
16.215,0.46678643697449707,-1.8545621009683597,,,False
16.22,0.46602473276120204,-1.8552685328026042,,,False
16.225,0.4652569481191953,-1.8559438342295782,,,False
16.23,0.4644843286970168,-1.8565878054015355,,,False
16.235,0.4637081264470998,-1.857200296218605,,,False
16.240000000000002,0.4629295976396244,-1.857781206513757,,,False
16.245,0.4621500008716346,-1.8583304861586152,,,False
16.25,0.4613705950745725,-1.8588481350900303,,,False
16.255,0.4605926375233817,-1.8593342032574587,,,False
16.26,0.45981738185032656,-1.8597887904913102,,,False
16.265,0.4590460760666632,-1.8602120462925573,,,False
16.27,0.4582799605952823,-1.860604169544022,,,False
16.275,0.45752026631742304,-1.8609654081438776,,,False
16.28,0.4567682126365321,-1.8612960585620282,,,False
16.285,0.4560250055623117,-1.86159646532015,,,False
16.29,0.45529183581796423,-1.8618670203962933,,,False
16.295,0.4545698769736035,-1.8621081625550702,,,False
16.3,0.4538602836087551,-1.8623203766045637,,,False
16.305,0.4531641895068218,-1.8625041925812118,,,False
16.31,0.45248270588433565,-1.8626601848640294,,,False
16.315,0.4518169196577591,-1.8627889712196468,,,False
16.32,0.4511678917505374,-1.8628912117797456,,,False
16.325,0.450536655443036,-1.8629676079525812,,,False
16.330000000000002,0.44992421476792804,-1.8630189012703828,,,False
16.335,0.44933154295352,-1.8630458721745222,,,False
16.34,0.44875958091742735,-1.863049338740437,,,False
16.345,0.4482092358129292,-1.863030155344389,,,False
16.35,0.4476813796302443,-1.862989211274229,,,False
16.355,0.44717684785488243,-1.862927429286421,,,False
16.36,0.446696438185133,-1.8628457641116691,,,False
16.365000000000002,0.4462409093106553,-1.8627452009115597,,,False
16.37,0.44581097975403894,-1.8626267536887156,,,False
16.375,0.4454073267770975,-1.8624914636530232,,,False
16.38,0.44503058535355905,-1.8623403975465638,,,False
16.385,0.4446813472097056,-1.8621746459299413,,,False
16.39,0.44436015993440825,-1.8619953214327565,,,False
16.395,0.4440675261598909,-1.8618035569710345,,,False
16.4,0.4438039028144443,-1.861600503934457,,,False
16.405,0.44356970044819477,-1.8613873303462987,,,False
16.41,0.44336528263291763,-1.8611652189990078,,,False
16.415,0.44319096543676567,-1.860935365568402,,,False
16.42,0.4430470169746638,-1.8606989767094881,,,False
16.425,0.44293365703500137,-1.8604572681369314,,,False
16.43,0.44285105678313136,-1.860211462693231,,,False
16.435,0.4427993385420643,-1.8599627884076653,,,False
16.44,0.442778575650622,-1.8597124765490889,,,False
16.445,0.44278879239919366,-1.859461759675665,,,False
16.45,0.4428299640431134,-1.8592118696846212,,,False
16.455000000000002,0.44290201689355696,-1.8589640358651112,,,False
16.46,0.4430048284857307,-1.8587194829572604,,,False
16.465,0.4431382278240062,-1.8584794292204547,,,False
16.47,0.4433019957035313,-1.8582450845139196,,,False
16.475,0.4434958651077276,-1.858017648392609,,,False
16.48,0.44371952168096673,-1.8577983082214011,,,False
16.485,0.44397260427559765,-1.8575882373105608,,,False
16.490000000000002,0.44425470557238206,-1.857388593075395,,,False
16.495,0.4445653727732789,-1.8572005152229871,,,False
16.5,0.44490410836540617,-1.8570251239688438,,,False
16.505,0.4452703709548976,-1.8568635182862483,,,False
16.51,0.44566357616926056,-1.856716774191048,,,False
16.515,0.44608309762673753,-1.8565859430645533,,,False
16.52,0.4465282679710664,-1.8564720500171583,,,False
16.525,0.44699837996993536,-1.8563760922952277,,,False
16.53,0.447492687675328,-1.8562990377337214,,,False
16.535,0.4480104076438584,-1.8562418232569564,,,False
16.54,0.4485507202151036,-1.8562053534298237,,,False
16.545,0.4491127708458516,-1.8561904990616993,,,False
16.55,0.4496956714980948,-1.8561980958651976,,,False
16.555,0.45029850207851935,-1.8562289431718328,,,False
16.56,0.4509203119271589,-1.856283802706556,,,False
16.565,0.4515601213528081,-1.8563633974230447,,,False
16.57,0.4522169232127175,-1.8564684104015208,,,False
16.575,0.45288968453402756,-1.856599483810774,,,False
16.580000000000002,0.45357734817433226,-1.8567572179359626,,,False
16.585,0.45427883451870693,-1.8569421702736606,,,False
16.59,0.4549930432104777,-1.85715485469551,,,False
16.595,0.4557188549129616,-1.8573957406817267,,,False
16.6,0.4564551330993585,-1.857665252625601,,,False
16.605,0.4572007258679355,-1.8579637692100135,,,False
16.61,0.4579544677796075,-1.8582916228568793,,,False
16.615000000000002,0.45871518171498493,-1.858649099250312,,,False
16.62,0.4594816807479316,-1.8590364369341839,,,False
16.625,0.46025277003265413,-1.8594538269846403,,,False
16.63,0.4610272487013241,-1.8599014127580082,,,False
16.635,0.4618039117692224,-1.860379289714414,,,False
16.64,0.46258155204438534,-1.860887505317315,,,False
16.645,0.4633589620387286,-1.8614260590090197,,,False
16.65,0.4641349358776264,-1.8619949022621562,,,False
16.655,0.46490827120492734,-1.8625939387069301,,,False
16.66,0.4656777710804014,-1.8632230243338863,,,False
16.665,0.46644224586662447,-1.8638819677717793,,,False
16.67,0.4672005151023294,-1.8645705306400313,,,False
16.675,0.46795140935927576,-1.865288427975144,,,False
16.68,0.46869377207971946,-1.8660353287303098,,,False
16.685,0.4694264613915978,-1.8668108563473593,,,False
16.69,0.4701483518985838,-1.8676145894000629,,,False
16.695,0.470858336442205,-1.868446062307694,,,False
16.7,0.4715553278332719,-1.8693047661176538,,,False
16.705000000000002,0.4722382605499088,-1.8701901493558486,,,False
16.71,0.4729060923995383,-1.8711016189433998,,,False
16.715,0.4735578061422306,-1.872038541178174,,,False
16.72,0.4741924110728896,-1.8730002427795092,,,False
16.725,0.4748089445598192,-1.8739860119944214,,,False
16.73,0.4754064735372817,-1.8749950997634772,,,False
16.735,0.475984095949738,-1.8760267209444272,,,False
16.740000000000002,0.4765409421455355,-1.8770800555916065,,,False
16.745,0.47707617621789433,-1.8781542502890183,,,False
16.75,0.4775889972911267,-1.8792484195349406,,,False
16.755,0.47807864075011214,-1.8803616471758102,,,False
16.76,0.47854437941114636,-1.8814929878870663,,,False
16.765,0.4789855246323716,-1.882641468698565,,,False
16.77,0.47940142736209806,-1.883806090562103,,,False
16.775,0.47979147912342274,-1.884985829958532,,,False
16.78,0.4801551129336565,-1.8861796405418783,,,False
16.785,0.480491804157173,-1.887386454817832,,,False
16.79,0.48080107129040267,-1.8886051858539146,,,False
16.795,0.48108247667779885,-1.8898347290185873,,,False
16.8,0.4813356271577195,-1.8910739637465233,,,False
16.805,0.4815601746372744,-1.8923217553272205,,,False
16.81,0.48175581659530453,-1.893576956714108,,,False
16.815,0.48192229651277324,-1.8948384103512599,,,False
16.82,0.4820594042299651,-1.8961049500148108,,,False
16.825,0.482166976230004,-1.8973754026661491,,,False
16.830000000000002,0.48224489584831937,-1.8986485903139403,,,False
16.835,0.482293093407808,-1.899923331882031,,,False
16.84,0.48231154627955414,-1.9011984450802726,,,False
16.845,0.48230027886909044,-1.9024727482753019,,,False
16.85,0.48225936252830043,-1.9037450623583227,,,False
16.855,0.4821889153931784,-1.9050142126069376,,,False
16.86,0.48208910214778206,-1.9062790305380897,,,False
16.865000000000002,0.4819601337148279,-1.9075383557491972,,,False
16.87,0.48180226687349564,-1.908791037744579,,,False
16.875,0.48161580380512314,-1.910035937744299,,,False
16.88,0.4814010915675843,-1.9112719304725883,,,False
16.885,0.4811585214992575,-1.912497905923036,,,False
16.89,0.48088852855359954,-1.9137127710977853,,,False
16.895,0.48059159056545186,-1.9149154517180065,,,False
16.9,0.4802682274503085,-1.916104893902977,,,False
16.905,0.4799190003378846,-1.9172800658151428,,,False
16.91,0.4795445106414229,-1.9184399592685955,,,False
16.915,0.47914539906427867,-1.9195835912984613,,,False
16.92,0.47872234454541857,-1.9207100056887592,,,False
16.925,0.4782760631455661,-1.921818274456356,,,False
16.93,0.47780730687581674,-1.9229074992887165,,,False
16.935,0.47731686247063587,-1.9239768129332266,,,False
16.94,0.47680555010723824,-1.925025380535937,,,False
16.945,0.4762742220734298,-1.9260524009276687,,,False
16.95,0.4757237613860739,-1.9270571078554994,,,False
16.955000000000002,0.475155080362417,-1.9280387711577385,,,False
16.96,0.4745691191465839,-1.9289966978805946,,,False
16.965,0.47396684419361906,-1.9299302333348292,,,False
16.97,0.4733492467135163,-1.930838762090787,,,False
16.975,0.4727173410777394,-1.9317217089102965,,,False
16.98,0.47207216319079304,-1.932578539614031,,,False
16.985,0.4714147688294561,-1.9334087618830258,,,False
16.990000000000002,0.47074623195233745,-1.9342119259931556,,,False
16.995,0.470067642982459,-1.9349876254814766,,,False
17.0,0.4693801070656104,-1.9357354977434549,,,False
17.005,0.46868474230725465,-1.9364552245602065,,,False
17.01,0.4679826779907962,-1.9371465325549904,,,False
17.015,0.46727505278004816,-1.9378091935783044,,,False
17.02,0.46656301290875846,-1.9384430250210538,,,False
17.025,0.4658477103600711,-1.9390478900553676,,,False
17.03,0.4651303010388132,-1.9396236978027632,,,False
17.035,0.4644119429395045,-1.9401704034294658,,,False
17.04,0.46369379431299235,-1.9406880081688094,,,False
17.045,0.46297701183461215,-1.9411765592707624,,,False
17.05,0.46226274877676904,-1.9416361498787313,,,False
17.055,0.46155215318882564,-1.9420669188339175,,,False
17.06,0.46084636608716756,-1.9424690504076083,,,False
17.065,0.4601465196582973,-1.9428427739619056,,,False
17.07,0.459453735477785,-1.9431883635395026,,,False
17.075,0.45876912274787623,-1.9435061373832312,,,False
17.080000000000002,0.4580937765565236,-1.9437964573862154,,,False
17.085,0.4574287761605739,-1.9440597284735723,,,False
17.09,0.45677518329579936,-1.944296397916712,,,False
17.095,0.4561340405164181,-1.9445069545813913,,,False
17.1,0.4555063695666983,-1.9446919281107797,,,False
17.105,0.45489316978718786,-1.944851888044899,,,False
17.11,0.4542954165580525,-1.9449874428778975,,,False
17.115000000000002,0.4537140597819469,-1.9450992390547122,,,False
17.12,0.4531500224087742,-1.945187959908774,,,False
17.125,0.4526041990046245,-1.945254324542495,,,False
17.13,0.45207745436710783,-1.9452990866523687,,,False
17.135,0.45157062218922284,-1.9453230333006049,,,False
17.14,0.45108450377382325,-1.9453269836352898,,,False
17.145,0.4506198668006609,-1.945311787561159,,,False
17.150000000000002,0.45017744414790073,-1.9452783243631315,,,False
17.155,0.44975793276991305,-1.9452275012848341,,,False
17.16,0.449361992633059,-1.9451602520644113,,,False
17.165,0.4489902457110907,-1.945077535429982,,,False
17.17,0.4486432750416917,-1.9449803335571652,,,False
17.175,0.4483216238455856,-1.944869650491153,,,False
17.18,0.44802579470953946,-1.9447465105358657,,,False
17.185,0.4477562488344867,-1.9446119566127702,,,False
17.19,0.4475134053498901,-1.9444670485919895,,,False
17.195,0.4472976406953579,-1.9443128615983722,,,False
17.2,0.44710928807042216,-1.9441504842952277,,,False
17.205000000000002,0.44694863695327514,-1.9439810171484633,,,False
17.21,0.44681593268915354,-1.9438055706738917,,,False
17.215,0.4467113761489469,-1.9436252636704965,,,False
17.22,0.44663512345849715,-1.9434412214424652,,,False
17.225,0.446587285798941,-1.9432545740128133,,,False
17.23,0.4465679292783375,-1.9430664543314335,,,False
17.235,0.44657707487470705,-1.9428779964804093,,,False
17.240000000000002,0.44661469845049795,-1.9426903338794344,,,False
17.245,0.4466807308383808,-1.9425045974941753,,,False
17.25,0.4467750579981603,-1.9423219140504082,,,False
17.255,0.4468975212444816,-1.9421434042567467,,,False
17.26,0.4470479175448956,-1.9419701810387622,,,False
17.265,0.4472259998877377,-1.9418033477872783,,,False
17.27,0.44743147771916486,-1.9416439966235928,,,False
17.275000000000002,0.44766401744858664,-1.9414932066843538,,,False
17.28,0.4479232430216184,-1.94135204242878,,,False
17.285,0.44820873655957955,-1.9412215519708798,,,False
17.29,0.44852003906445576,-1.9411027654392778,,,False
17.295,0.44885665118813994,-1.9409966933672165,,,False
17.3,0.4492180340646694,-1.9409043251152418,,,False
17.305,0.4496036102040751,-1.940826627329038,,,False
17.31,0.4500127644463651,-1.9407645424348083,,,False
17.315,0.4504448449740709,-1.940718987174544,,,False
17.32,0.45089916438169186,-1.9406908511834533,,,False
17.325,0.45137500080028853,-1.9406809956117566,,,False
17.330000000000002,0.45187159907538704,-1.9406902517929798,,,False
17.335,0.452388171996276,-1.940719419960802,,,False
17.34,0.45292390157469814,-1.9407692680164346,,,False
17.345,0.4534779403708621,-1.940840530348429,,,False
17.35,0.45404941286462785,-1.9409339067067224,,,False
17.355,0.45463741686965004,-1.9410500611326431,,,False
17.36,0.4552410249881972,-1.9411896209465125,,,False
17.365000000000002,0.4558592861043043,-1.9413531757943783,,,False
17.37,0.45649122691285643,-1.9415412767553275,,,False
17.375,0.4571358534821479,-1.9417544355107255,,,False
17.38,0.4577921528474113,-1.9419931235766281,,,False
17.385,0.4584590946327632,-1.9422577716005163,,,False
17.39,0.4591356326989722,-1.942548768723395,,,False
17.395,0.45982070681441667,-1.9428664620081968,,,False
17.400000000000002,0.4605132443465658,-1.9432111559353242,,,False
17.405,0.46121216197128656,-1.9435831119660583,,,False
17.41,0.461916367397256,-1.943982548174449,,,False
17.415,0.46262476110273626,-1.9444096389482024,,,False
17.42,0.4633362380819522,-1.9448645147589596,,,False
17.425,0.46404968959830056,-1.9453472620022616,,,False
17.43,0.46476400494161146,-1.9458579229073767,,,False
17.435,0.4654780731866787,-1.9463964955170618,,,False
17.44,0.4661907849502774,-1.9469629337372145,,,False
17.445,0.4669010341438915,-1.9475571474562645,,,False
17.45,0.4676077197193856,-1.948179002734042,,,False
17.455000000000002,0.4683097474048662,-1.9488283220597513,,,False
17.46,0.46900603142799974,-1.9495048846785699,,,False
17.465,0.46969549622407447,-1.9502084269862834,,,False
17.47,0.47037707812612156,-1.950938642991261,,,False
17.475,0.47104972703444214,-1.9516951848429707,,,False
17.48,0.4717124080629213,-1.9524776634261296,,,False
17.485,0.47236410315955124,-1.9532856490194785,,,False
17.490000000000002,0.4730038126986269,-1.9541186720180737,,,False
17.495,0.4736305570421276,-1.9549762237178854,,,False
17.5,0.47424337806784655,-1.9558577571613998,,,False
17.505,0.47484134066188843,-1.956762688042819,,,False
17.51,0.47542353417321087,-1.9576903956713705,,,False
17.515,0.4759890738279511,-1.9586402239911367,,,False
17.52,0.47653710210134226,-1.9596114826557378,,,False
17.525000000000002,0.47706679004509583,-1.9606034481561077,,,False
17.53,0.4775773385681967,-1.9616153649995247,,,False
17.535,0.4780679796691355,-1.962646446937981,,,False
17.54,0.47853797761768013,-1.9636958782438942,,,False
17.545,0.4789866300843711,-1.9647628150310963,,,False
17.55,0.4794132692160089,-1.965846386618962,,,False
17.555,0.4798172626554906,-1.9669456969374761,,,False
17.56,0.48019801450443944,-1.9680598259709743,,,False
17.565,0.48055496622716787,-1.9691878312382334,,,False
17.57,0.4808875974946036,-1.9703287493065342,,,False
17.575,0.48119542696690915,-1.971481597337266,,,False
17.580000000000002,0.4814780130136202,-1.9726453746605943,,,False
17.585,0.4817349543702307,-1.9738190643766762,,,False
17.59,0.4819658907302523,-1.9750016349808577,,,False
17.595,0.4821705032718803,-1.9761920420102612,,,False
17.6,0.482348515118501,-1.9773892297091369,,,False
17.605,0.48249969173238283,-1.978592132710324,,,False
17.61,0.48262384124099766,-1.9797996777301459,,,False
17.615000000000002,0.4827208146955279,-1.9810107852740464,,,False
17.62,0.48279050626122105,-1.9822243713502565,,,False
17.625,0.48283285333936277,-1.9834393491887747,,,False
17.63,0.48284783662074704,-1.9846546309629358,,,False
17.635,0.4828354800706308,-1.9858691295108448,,,False
17.64,0.48279585084526905,-1.9870817600539514,,,False
17.645,0.48272905914023356,-1.9882914419100521,,,False
17.650000000000002,0.48263525797082757,-1.9894971001980153,,,False
17.655,0.4825146428850144,-1.9906976675315424,,,False
17.66,0.482367451609385,-1.9918920856992999,,,False
17.665,0.4821939636287945,-1.9930793073287747,,,False
17.67,0.4819944997004025,-1.9942582975312448,,,False
17.675,0.48176942130295397,-1.995428035525277,,,False
17.68,0.4815191300222406,-1.9965875162362108,,,False
17.685,0.4812440668737803,-1.997735751869124,,,False
17.69,0.48094471156385277,-1.9988717734528167,,,False
17.695,0.48062158169012476,-1.9999946323524047,,,False
17.7,0.4802752318831915,-2.001103401748164,,,False
17.705000000000002,0.47990625289045546,-2.0021971780783194,,,False
17.71,0.47951527060385063,-2.0032750824435355,,,False
17.715,0.47910294503300993,-2.0043362619709284,,,False
17.72,0.47866996922555616,-2.0053798911354845,,,False
17.725,0.47821706813628034,-2.006405173036836,,,False
17.73,0.4777449974470493,-2.0074113406294276,,,False
17.735,0.4772545423393605,-2.0083976579041734,,,False
17.740000000000002,0.47674651622153497,-2.0093634210197844,,,False
17.745,0.47622175941260986,-2.010307959382036,,,False
17.75,0.4756811377850565,-2.011230636669316,,,False
17.755,0.47512554136851454,-2.012130851802891,,,False
17.76,0.4745558829167913,-2.0130080398604178,,,False
17.765,0.47397309644043106,-2.013861672931306,,,False
17.77,0.473378135707212,-2.0146912609126484,,,False
17.775000000000002,0.4727719727129749,-2.015496352244516,,,False
17.78,0.4721555961252345,-2.016276534583525,,,False
17.785,0.4715300097020631,-2.0170314354136694,,,False
17.79,0.4708962306887729,-2.0177607225935197,,,False
17.795,0.4702552881949566,-2.018464104838994,,,False
17.8,0.46960822155447357,-2.0191413321410003,,,False
17.805,0.46895607867099337,-2.0197921961173577,,,False
17.81,0.4682999143517284,-2.0204165302985144,,,False
17.815,0.46764078863200353,-2.021014210346674,,,False
17.82,0.46697976509332223,-2.021585154208058,,,False
17.825,0.46631790917759613,-2.0221293221981296,,,False
17.830000000000002,0.4656562865002082,-2.022646717019721,,,False
17.835,0.46499596116457875,-2.0231373837140967,,,False
17.84,0.4643379940808987,-2.0236014095451123,,,False
17.845,0.4636834412916842,-2.024038923816711,,,False
17.85,0.4630333523067944,-2.024450097624128,,,False
17.855,0.462388768450535,-2.024835143539253,,,False
17.86,0.46175072122344984,-2.02519431523073,,,False
17.865000000000002,0.4611202306813753,-2.0255279070194594,,,False
17.87,0.46049830383430346,-2.0258362533702696,,,False
17.875,0.45988593306756526,-2.0261197283206367,,,False
17.88,0.4592840945878075,-2.026378744847415,,,False
17.885,0.45869374689619485,-2.0266137541726525,,,False
17.89,0.4581158292912235,-2.0268252450096464,,,False
17.895,0.4575512604034827,-2.027013742750501,,,False
17.900000000000002,0.45700093676464826,-2.0271798085965287,,,False
17.905,0.456465731412935,-2.027324038632935,,,False
17.91,0.4559464925371753,-2.027447062849306,,,False
17.915,0.45544404216162776,-2.0275495441075053,,,False
17.92,0.45495917487355264,-2.027632177058672,,,False
17.925,0.45449265659552174,-2.0276956870110823,,,False
17.93,0.4540452234043571,-2.027740828750719,,,False
17.935,0.4536175803985178,-2.027768385316463,,,False
17.94,0.4532104006156737,-2.0277791667318965,,,False
17.945,0.4528243240021268,-2.027774008695761,,,False
17.95,0.45245995643565406,-2.0277537712331943,,,False
17.955000000000002,0.4521178688032619,-2.0277193373099163,,,False
17.96,0.4517985961352515,-2.0276716114115936,,,False
17.965,0.45150263679690694,-2.0276115180906706,,,False
17.97,0.45123045173902226,-2.027540000482997,,,False
17.975,0.4509824638083909,-2.0274580187966285,,,False
17.98,0.45075905711928554,-2.027366548775226,,,False
17.985,0.45056057648685693,-2.027266580138504,,,False
17.990000000000002,0.45038732692328315,-2.0271591150022226,,,False
17.995,0.4502395731973998,-2.027045166280242,,,False
18.0,0.4501175394584402,-2.026925756071187,,,False
18.005,0.4500214089244134,-2.02680191403229,,,False
18.01,0.4499513236355444,-2.026674675742996,,,False
18.015,0.44990738427309795,-2.0265450810609287,,,False
18.02,0.44988965004380294,-2.0264141724728275,,,False
18.025000000000002,0.44989813862999195,-2.026282993443067,,,False
18.03,0.44993282620546393,-2.026152586762376,,,False
18.035,0.44999364751697707,-2.026023992899365,,,False
18.04,0.45008049603117256,-2.025898248357463,,,False
18.045,0.45019322414662816,-2.025776384039868,,,False
18.05,0.45033164347063764,-2.0256594236250747,,,False
18.055,0.4504955251602096,-2.0255483819555455,,,False
18.06,0.4506846003266789,-2.0254442634420573,,,False
18.065,0.4508985605032238,-2.025348060486231,,,False
18.07,0.4511370581744819,-2.0252607519237182,,,False
18.075,0.4513997073673635,-2.0251833014904874,,,False
18.080000000000002,0.451686084302062,-2.025116656314608,,,False
18.085,0.4519957281021686,-2.0250617454358935,,,False
18.09,0.4523281415627062,-2.025019478355712,,,False
18.095,0.4526827919748062,-2.0249907436192287,,,False
18.1,0.45305911200566495,-2.0249764074322867,,,False
18.105,0.4534565006323287,-2.0249773123150745,,,False
18.11,0.4538743241277743,-2.0249942757946764,,,False
18.115000000000002,0.45431191709767177,-2.025028089138525,,,False
18.12,0.4547685835661335,-2.0250795161307207,,,False
18.125,0.455243598108683,-2.025149291893108,,,False
18.13,0.4557362070306015,-2.025238121752921,,,False
18.135,0.4562456295887406,-2.025346680158742,,,False
18.14,0.45677105925482225,-2.025475609646442,,,False
18.145,0.4573116650181862,-2.0256255198566735,,,False
18.150000000000002,0.4578665927258812,-2.025796986605428,,,False
18.155,0.4584349664579427,-2.0259905510090626,,,False
18.16,0.45901588993564385,-2.026206718665123,,,False
18.165,0.45960844796045913,-2.026445958890207,,,False
18.17,0.4602117078814314,-2.026708704016002,,,False
18.175,0.46082472108859285,-2.0269953487445576,,,False
18.18,0.4614465245300501,-2.027306249563746,,,False
18.185,0.46207614225030924,-2.0276417242237708,,,False
18.19,0.4627125869473864,-2.0280020512754904,,,False
18.195,0.4633548615462203,-2.028387469671218,,,False
18.2,0.46400196078588296,-2.028798178428565,,,False
18.205000000000002,0.4646528728180622,-2.029234336357793,,,False
18.21,0.4653065808142779,-2.0296960618530386,,,False
18.215,0.4659620645792795,-2.0301834327476724,,,False
18.22,0.4666183021680684,-2.030696486233955,,,False
18.225,0.46727427150398226,-2.03123521884705,,,False
18.23,0.4679289519952835,-2.0317995865133476,,,False
18.235,0.46858132614769465,-2.0323895046629614,,,False
18.240000000000002,0.46923038117033683,-2.033004848406145,,,False
18.245,0.46987511057253695,-2.033645452773289,,,False
18.25,0.4705145157489892,-2.034311113018048,,,False
18.255,0.47114760755077567,-2.035001584983052,,,False
18.26,0.47177340783977617,-2.0357165855275614,,,False
18.265,0.4723909510240275,-2.03645579301632,,,False
18.27,0.4729992855716234,-2.0372188478687714,,,False
18.275000000000002,0.4735974755007837,-2.0380053531677067,,,False
18.28,0.4741846018437614,-2.038814875326315,,,False
18.285,0.4747597640823003,-2.0396469448125263,,,False
18.29,0.4753220815524025,-2.040501056929438,,,False
18.295,0.4758706948162169,-2.0413766726505296,,,False
18.3,0.4764047669989136,-2.0422732195082935,,,False
18.305,0.4769234850884666,-2.043190092534814,,,False
18.31,0.47742606119632885,-2.0441266552527564,,,False
18.315,0.47791173377704593,-2.0450822407151468,,,False
18.32,0.478379768804924,-2.0460561525922425,,,False
18.325,0.4788294609059357,-2.047047666303732,,,False
18.330000000000002,0.47926013444312077,-2.0480560301944175,,,False
18.335,0.47967114455381415,-2.049080466751486,,,False
18.34,0.4800618781371117,-2.050120173861387,,,False
18.345,0.4804317547900641,-2.0511743261043023,,,False
18.35,0.4807802276911723,-2.0522420760841102,,,False
18.355,0.48110678442984256,-2.053322555791707,,,False
18.36,0.48141094778054655,-2.054414877999498,,,False
18.365000000000002,0.48169227642051937,-2.055518137684814,,,False
18.37,0.48195036558992077,-2.056631413479978,,,False
18.375,0.48218484769347536,-2.0577537691466974,,,False
18.38,0.48239539284270183,-2.0588842550724227,,,False
18.385,0.4825817093379364,-2.06002190978629,,,False
18.39,0.4827435440894513,-2.061165761492221,,,False
18.395,0.48288068297706577,-2.062314829616744,,,False
18.400000000000002,0.48299295114774626,-2.0634681263690693,,,False
18.405,0.4830802132507899,-2.0646246583109416,,,False
18.41,0.48314237361028495,-2.065783427933772,,,False
18.415,0.48317937633464086,-2.0669434352405536,,,False
18.42,0.48319120536308197,-2.0681036793300467,,,False
18.425,0.48317788444909643,-2.0692631599807343,,,False
18.43,0.48313947708093374,-2.0704208792320338,,,False
18.435,0.48307608633934146,-2.0715758429602738,,,False
18.44,0.4829878546928336,-2.072727062446946,,,False
18.445,0.48287496373087907,-2.07387355593676,,,False
18.45,0.4827376338354978,-2.07501435018305,,,False
18.455000000000002,0.48257612379184833,-2.0761484819780964,,,False
18.46,0.4823907303384877,-2.0772749996659647,,,False
18.465,0.4821817876580771,-2.078392964635483,,,False
18.47,0.4819496668094026,-2.0795014527910194,,,False
18.475,0.48169477510166997,-2.0805995559987545,,,False
18.48,0.48141755541212455,-2.0816863835061885,,,False
18.485,0.4811184854481351,-2.082761063332667,,,False
18.490000000000002,0.4807980769549661,-2.0838227436287533,,,False
18.495,0.4804568748705497,-2.084870594002331,,,False
18.5,0.4800954564286497,-2.0859038068093767,,,False
18.505,0.4797144302118895,-2.0869215984073963,,,False
18.51,0.47931443515619554,-2.0879232103695786,,,False
18.515,0.47889613950828136,-2.088907910657793,,,False
18.52,0.47846023973787055,-2.089874994752616,,,False
18.525000000000002,0.47800745940642686,-2.0908237867386403,,,False
18.53,0.47753854799422624,-2.0917536403434065,,,False
18.535,0.4770542796876703,-2.092663939928352,,,False
18.54,0.47655545212880046,-2.0935541014302665,,,False
18.545,0.4760428851290308,-2.0944235732518175,,,False
18.55,0.4755174193491716,-2.0952718370997845,,,False
18.555,0.4749799149478666,-2.096098408769739,,,False
18.56,0.47443125020061566,-2.096902838875978,,,False
18.565,0.4738723200915967,-2.0976847135256205,,,False
18.57,0.4733040348805444,-2.0984436549358527,,,False
18.575,0.4727273186469776,-2.099179321993412,,,False
18.580000000000002,0.47214310781410196,-2.0998914107554794,,,False
18.585,0.4715523496547447,-2.100579654891256,,,False
18.59,0.47095600078170213,-2.1012438260635804,,,False
18.595,0.4703550256249059,-2.1018837342500514,,,False
18.6,0.4697503948978289,-2.1024992280032113,,,False
18.605,0.4691430840555689,-2.103090194649441,,,False
18.61,0.46853407174705736,-2.103656560426314,,,False
18.615000000000002,0.4679243382638468,-2.1041982905582657,,,False
18.62,0.4673148639879354,-2.104715389270511,,,False
18.625,0.46670662784108424,-2.105207899741265,,,False
18.63,0.4661006057380772,-2.105675903992399,,,False
18.635,0.4654977690463683,-2.106119522718772,,,False
18.64,0.46489908305454364,-2.1065389150565754,,,False
18.645,0.4643055054520128,-2.1069342782911167,,,False
18.650000000000002,0.46371798482232196,-2.1073058475045707,,,False
18.655,0.4631374591524569,-2.1076538951643196,,,False
18.66,0.4625648543604783,-2.1079787306525923,,,False
18.665,0.4620010828437974,-2.108280699738215,,,False
18.67,0.4614470420503675,-2.108560183991361,,,False
18.675,0.4609036130750267,-2.1088176001422934,,,False
18.68,0.4603716592831851,-2.1090533993851692,,,False
18.685,0.45985202496400557,-2.1092680666280685,,,False
18.69,0.4593455340151766,-2.109462119690485,,,False
18.695,0.45885298866132374,-2.1096361084496094,,,False
18.7,0.4583751682080527,-2.1097906139368083,,,False
18.705000000000002,0.45791282783355564,-2.109926247385776,,,False
18.71,0.45746669741965357,-2.1100436492339227,,,False
18.715,0.4570374804240814,-2.1101434880786214,,,False
18.72,0.45662585279575646,-2.110226459590019,,,False
18.725,0.45623246193470035,-2.1102932853821694,,,False
18.73,0.45585792569821254,-2.1103447118443257,,,False
18.735,0.4555028314548183,-2.1103815089342763,,,False
18.740000000000002,0.45516773518743764,-2.1104044689356773,,,False
18.745,0.45485316064714115,-2.110414405181383,,,False
18.75,0.45455959855877837,-2.110412150744831,,,False
18.755,0.45428750587968,-2.110398557101584,,,False
18.76,0.45403730511255075,-2.110374492763178,,,False
18.765,0.45380938367358226,-2.1103408418854674,,,False
18.77,0.4536040933167272,-2.1102985028536945,,,False
18.775000000000002,0.4534217496149862,-2.110248386846545,,,False
18.78,0.4532626314994675,-2.110191416381485,,,False
18.785,0.45312698085688735,-2.1101285238437,,,False
18.79,0.4530150021860869,-2.110060650000977,,,False
18.795,0.45292686231404544,-2.109988742506897,,,False
18.8,0.4528626901717769,-2.109913754394717,,,False
18.805,0.45282257663040104,-2.1098366425643333,,,False
18.81,0.4528065743975849,-2.1097583662647237,,,False
18.815,0.45281469797445456,-2.1096798855742787,,,False
18.82,0.4528469236729811,-2.1096021598814243,,,False
18.825,0.45290318969375054,-2.1095261463679407,,,False
18.830000000000002,0.4529833962639299,-2.10945279849737,,,False
18.835,0.45308740583514817,-2.1093830645109044,,,False
18.84,0.4532150433409156,-2.1093178859331165,,,False
18.845,0.453366096513112,-2.109258196089896,,,False
18.85,0.4535403162569805,-2.109204918640914,,,False
18.855,0.45373741708397186,-2.1091589661289274,,,False
18.86,0.4539570776016942,-2.1091212385481963,,,False
18.865000000000002,0.4541989410601325,-2.1090926219342583,,,False
18.87,0.45446261595321497,-2.1090739869772723,,,False
18.875,0.4547476766747156,-2.109066187661092,,,False
18.88,0.45505366422739946,-2.109070059930203,,,False
18.885,0.4553800869842315,-2.109086420386595,,,False
18.89,0.4557264215003913,-2.1091160650186036,,,False
18.895,0.4560921133747547,-2.109159767963695,,,False
18.900000000000002,0.45647657815942855,-2.1092182803071173,,,False
18.905,0.45687920231584855,-2.1092923289182783,,,False
18.91,0.45729934421587953,-2.1093826153266497,,,False
18.915,0.4577363351862869,-2.1094898146389385,,,False
18.92,0.4581894805948817,-2.109614574499187,,,False
18.925,0.45865806097657735,-2.109757514093408,,,False
18.93,0.4591413331975355,-2.1099192232002784,,,False
18.935,0.45963853165551866,-2.1101002612893427,,,False
18.94,0.46014886951451417,-2.1103011566681085,,,False
18.945,0.4606715399716393,-2.1105224056793226,,,False
18.95,0.46120571755429085,-2.1107644719496523,,,False
18.955000000000002,0.46175055944545546,-2.1110277856909017,,,False
18.96,0.4623052068350543,-2.111312743054812,,,False
18.965,0.46286878629515826,-2.1116197055424135,,,False
18.97,0.46344041117687285,-2.1119489994688005,,,False
18.975,0.46401918302666084,-2.1123009154841235,,,False
18.98,0.46460419301984235,-2.1126757081514906,,,False
18.985,0.4651945234089865,-2.11307359558239,,,False
18.990000000000002,0.46578924898488877,-2.113494759130149,,,False
18.995,0.46638743854781006,-2.11393934314185,,,False
19.0,0.466988156386639,-2.1144074547690366,,,False
19.005,0.467590463763631,-2.114899163837451,,,False
19.01,0.4681934204023689,-2.1154145027759377,,,False
19.015,0.4687960859765887,-2.1159534666045703,,,False
19.02,0.46939752159751524,-2.1165160129819576,,,False
19.025000000000002,0.4699967912973566,-2.117102062311588,,,False
19.03,0.47059296350661467,-2.1177114979069853,,,False
19.035,0.47118511252288303,-2.1183441662153513,,,False
19.04,0.47177231996881674,-2.1189998770992804,,,False
19.045,0.4723536762369805,-2.1196784041760397,,,False
19.05,0.47292828191930336,-2.120379485213817,,,False
19.055,0.47349524921889563,-2.1211028225842496,,,False
19.06,0.4740537033420133,-2.121848083770461,,,False
19.065,0.47460278386798965,-2.1226149019297416,,,False
19.07,0.4751416460949906,-2.1234028765099255,,,False
19.075,0.4756694623594905,-2.124211573918438,,,False
19.080000000000002,0.47618542332740926,-2.1250405282428897,,,False
19.085,0.47668873925489896,-2.1258892420220334,,,False
19.09,0.477178641216817,-2.1267571870658073,,,False
19.095,0.4776543823009776,-2.1276438053231144,,,False
19.1,0.47811523876632855,-2.1285485097959196,,,False
19.105,0.47856051116325904,-2.129470685498166,,,False
19.11,0.4789895254143073,-2.130409690457952,,,False
19.115000000000002,0.4794016338535994,-2.131364856761329,,,False
19.12,0.4797962162234198,-2.132335491636041,,,False
19.125,0.4801726806263814,-2.1333208785734312,,,False
19.13,0.48053046443173675,-2.1343202784867183,,,False
19.135,0.48086903513444446,-2.1353329309037594,,,False
19.14,0.48118789116568245,-2.136358055192386,,,False
19.145,0.4814865626535767,-2.1373948518163357,,,False
19.150000000000002,0.4817646121329946,-2.138442503619761,,,False
19.155,0.4820216352033344,-2.1395001771382582,,,False
19.16,0.48225726113332446,-2.1405670239343113,,,False
19.165,0.4824711534119317,-2.141642181955011,,,False
19.17,0.4826630102445645,-2.1427247769098847,,,False
19.175,0.48283256499384286,-2.143813923666631,,,False
19.18,0.4829795865642971,-2.1449087276625347,,,False
19.185,0.4831038797304447,-2.146008286329315,,,False
19.19,0.4832052854077876,-2.1471116905291354,,,False
19.195,0.4832836808663595,-2.1482180259994967,,,False
19.2,0.483338979886547,-2.149326374804715,,,False
19.205000000000002,0.4833711328569989,-2.150435816791683,,,False
19.21,0.4833801268145282,-2.1515454310476088,,,False
19.215,0.48336598542600706,-2.1526542973574223,,,False
19.22,0.48332876891234205,-2.1537614976585466,,,False
19.225,0.4832685739147123,-2.1548661174907346,,,False
19.23,0.4831855333033423,-2.155967247438683,,,False
19.235,0.48307981592917254,-2.1570639845651485,,,False
19.240000000000002,0.48295162631888006,-2.1581554338323143,,,False
19.245,0.48280120431379203,-2.159240709509162,,,False
19.25,0.48262882465332163,-2.1603189365626463,,,False
19.255,0.48243479650364357,-2.1613892520304847,,,False
19.26,0.48221946293241297,-2.1624508063734096,,,False
19.265,0.48198320033041425,-2.1635027648047673,,,False
19.27,0.4817264177811114,-2.164544308595385,,,False
19.275000000000002,0.4814495563791515,-2.165574636351664,,,False
19.28,0.4811530884989524,-2.1665929652649103,,,False
19.285,0.48083751701458555,-2.1675985323299525,,,False
19.29,0.4805033744722371,-2.1685905955311564,,,False
19.295,0.48015122221660816,-2.1695684349939883,,,False
19.3,0.4797816494726828,-2.1705313541003477,,,False
19.305,0.4793952723843644,-2.1714786805659387,,,False
19.31,0.4789927330115456,-2.172409767478019,,,False
19.315,0.4785746982872424,-2.1733239942919234,,,False
19.32,0.4781418589364839,-2.174220767784832,,,False
19.325,0.4776949283587078,-2.1750995229653185,,,False
19.330000000000002,0.477234641475468,-2.1759597239372823,,,False
19.335,0.4767617535453137,-2.176800864716953,,,False
19.34,0.47627703894774875,-2.1776224700017193,,,False
19.345,0.4757812899382277,-2.178424095889614,,,False
19.35,0.47527531537618767,-2.1792053305483807,,,False
19.355,0.4747599394281574,-2.179965794833099,,,False
19.36,0.4742360002480204,-2.1807051428514646,,,False
19.365000000000002,0.4737043486365437,-2.1814230624758673,,,False
19.37,0.47316584668231526,-2.182119275801528,,,False
19.375,0.4726213663862582,-2.1827935395500155,,,False
19.38,0.47207178827191565,-2.1834456454175686,,,False
19.385,0.4715179999837194,-2.184075420367728,,,False
19.39,0.4709608948754718,-2.1846827268678757,,,False
19.395,0.47040137059128456,-2.185267463069361,,,False
19.400000000000002,0.4698403276412263,-2.185829562931,,,False
19.405,0.4692786679739385,-2.1863689962857955,,,False
19.41,0.46871729354847985,-2.186885768850848,,,False
19.415,0.4681571049076594,-2.187379922180491,,,False
19.42,0.4675989997551136,-2.1878515335627893,,,False
19.425,0.4670438715383742,-2.188300715859624,,,False
19.43,0.4664926080401613,-2.188727617290672,,,False
19.435,0.46594608998012244,-2.1891324211616876,,,False
19.44,0.465405189629217,-2.189515345537569,,,False
19.445,0.46487076943892586,-2.189876642860788,,,False
19.45,0.4643436806874375,-2.190216599515844,,,False
19.455000000000002,0.46382476214493545,-2.1905355353404854,,,False
19.46,0.4633148387600777,-2.1908338030845322,,,False
19.465,0.46281472036972265,-2.1911117878172073,,,False
19.47,0.4623252004339198,-2.19136990628397,,,False
19.475,0.4618470547981377,-2.191608606213922,,,False
19.48,0.46138104048465983,-2.1918283655789357,,,False
19.485,0.4609278945150283,-2.1920296918057205,,,False
19.490000000000002,0.46048833276536605,-2.1922131209421356,,,False
19.495,0.4600630488563532,-2.192379216779102,,,False
19.5,0.45965271307957684,-2.192528569929562,,,False
19.505,0.4592579713619143,-2.1926617968659805,,,False
19.51,0.458879444269548,-2.1927795389179567,,,False
19.515,0.4585177260531451,-2.192882461231576,,,False
19.52,0.4581733837356692,-2.1929712516921858,,,False
19.525000000000002,0.4578469562442223,-2.1930466198123386,,,False
19.53,0.4575389535872431,-2.1931092955866998,,,False
19.535,0.4572498560783161,-2.193160028315763,,,False
19.54,0.45698011360776886,-2.193199585400271,,,False
19.545,0.45673014496316106,-2.1932287511082764,,,False
19.55,0.45650033719968663,-2.1932483253168242,,,False
19.555,0.45629104506143364,-2.1932591222302698,,,False
19.56,0.4561025904543629,-2.1932619690772883,,,False
19.565,0.4559352619717848,-2.1932577047886577,,,False
19.57,0.4557893144730292,-2.193247178657925,,,False
19.575,0.4556649687159189,-2.1932312489870958,,,False
19.580000000000002,0.4555624110435714,-2.193210781719505,,,False
19.585,0.4554817931259669,-2.193186649062038,,,False
19.59,0.45542323175663296,-2.1931597280989075,,,False
19.595,0.4553868087047105,-2.1931308993991676,,,False
19.6,0.45537257062257536,-2.1931010456201943,,,False
19.605,0.45538052900910414,-2.1930710501093316,,,False
19.61,0.45541066022858245,-2.1930417955059234,,,False
19.615000000000002,0.4554629055851679,-2.1930141623459405,,,False
19.62,0.45553717145273115,-2.1929890276714086,,,False
19.625,0.45563332945981094,-2.1929672636468283,,,False
19.63,0.4557512167293328,-2.1929497361847705,,,False
19.635,0.45589063617265385,-2.1929373035828132,,,False
19.64,0.4560513568374122,-2.1929308151739604,,,False
19.645,0.456233114308573,-2.192931109992665,,,False
19.650000000000002,0.4564356111619811,-2.1929390154585486,,,False
19.655,0.4566585174696478,-2.192955346079884,,,False
19.66,0.4569014713559169,-2.1929809021788658,,,False
19.665,0.45716407960357786,-2.1930164686406677,,,False
19.67,0.4574459183089138,-2.193062813688233,,,False
19.675,0.457746533584597,-2.193120687684718,,,False
19.68,0.458065442309269,-2.1931908219654446,,,False
19.685,0.4584021329225716,-2.193273927701185,,,False
19.69,0.4587560662643221,-2.1933706947945373,,,False
19.695,0.4591266764564592,-2.193481790811111,,,False
19.7,0.45951337182632,-2.193607859947166,,,False
19.705000000000002,0.45991553586974326,-2.193749522035307,,,False
19.71,0.4603325282524341,-2.1939073715897632,,,False
19.715,0.4607636858479658,-2.1940819768927233,,,False
19.72,0.46120832381073806,-2.1942738791231218,,,False
19.725,0.46166573668215816,-2.194483591529219,,,False
19.73,0.4621351995282593,-2.194711598646228,,,False
19.735,0.4626159691069251,-2.194958355560186,,,False
19.740000000000002,0.4631072850628411,-2.1952242872191796,,,False
19.745,0.46360837114825576,-2.195509787792968,,,False
19.75,0.4641184364675911,-2.195815220081964,,,False
19.755,0.4646366767439105,-2.196140914976453,,,False
19.76,0.4651622756052166,-2.1964871709668583,,,False
19.765,0.46569440588852457,-2.1968542537057685,,,False
19.77,0.46623223095962857,-2.1972423956223652,,,False
19.775000000000002,0.46677490604645794,-2.19765179558981,,,False
19.78,0.4673215795838996,-2.198082618646056,,,False
19.785,0.46787139456794735,-2.1985349957684717,,,False
19.79,0.46842348991702676,-2.1990090237025766,,,False
19.795,0.468977001838334,-2.1995047648451025,,,False
19.8,0.4695310651970235,-2.200022247181507,,,False
19.805,0.4700848148860742,-2.2005614642779836,,,False
19.81,0.4706373871946686,-2.2011223753279188,,,False
19.815,0.4711879211729203,-2.2017049052526705,,,False
19.82,0.47173555999079614,-2.202308944856448,,,False
19.825,0.4722794522890895,-2.2029343510349935,,,False
19.830000000000002,0.47281875352031616,-2.2035809470376746,,,False
19.835,0.47335262727742206,-2.2042485227825233,,,False
19.84,0.4738802466082153,-2.2049368352236614,,,False
19.845,0.4744007953134568,-2.20564560877048,,,False
19.85,0.47491346922657485,-2.2063745357578535,,,False
19.855,0.47541747747299823,-2.2071232769665925,,,False
19.86,0.47591204370713747,-2.207891462193256,,,False
19.865000000000002,0.47639640732508126,-2.2086786908683766,,,False
19.87,0.4768698246511155,-2.2094845327220596,,,False
19.875,0.47733157009621563,-2.210308528495865,,,False
19.88,0.47778093728670956,-2.211150190699789,,,False
19.885,0.4782172401613572,-2.212009004413104,,,False
19.89,0.47863981403514455,-2.2128844281277447,,,False
19.895,0.4790480166281447,-2.213775894632858,,,False
19.900000000000002,0.4794412290578556,-2.2146828119390802,,,False
19.905,0.4798188567934822,-2.215604564241033,,,False
19.91,0.4801803305706955,-2.216540512916476,,,False
19.915,0.4805251072654614,-2.2174899975605014,,,False
19.92,0.48085267072560084,-2.2184523370530913,,,False
19.925,0.4811625325588112,-2.2194268306583207,,,False
19.93,0.4814542328759469,-2.2204127591534295,,,False
19.935,0.48172734098843195,-2.2214093859859485,,,False
19.94,0.48198145605874837,-2.2224159584570193,,,False
19.945,0.482216207703022,-2.2234317089290085,,,False
19.95,0.4824312565448024,-2.224455856055481,,,False
19.955000000000002,0.4826262947192122,-2.225487606031564,,,False
19.96,0.48280104632672083,-2.2265261538626993,,,False
19.965,0.482955267835878,-2.227570684649764,,,False
19.97,0.48308874843442323,-2.2286203748885014,,,False
19.975,0.48320131032827096,-2.2296743937812,,,False
19.98,0.48329280898795235,-2.230731904558526,,,False
19.985,0.48336313334218006,-2.2317920658094135,,,False
19.990000000000002,0.48341220591828465,-2.2328540328168955,,,False
19.995,0.48343998292935747,-2.2339169588977597,,,False
1.3869086051618162,0.02783683665187046,-0.2718807926174861,0.09338211954489792,-0.10538055123699673,False
2.1844247076878274,0.09106596390299546,-0.35593810127094244,0.07928257128709544,-0.10539888584972465,False
2.980743779366376,0.14478652275328624,-0.43988118435167756,0.06746109789516162,-0.10541388002147532,False
3.776057704338568,0.19051106083209038,-0.5237285581804495,0.05749243995747072,-0.1054267644461319,False
4.57052579478978,0.22949442832912137,-0.6074956677212813,0.049068512587951404,-0.10543797862700431,False
5.364278834647353,0.2627984482994642,-0.6911949941560099,0.04195765974807319,-0.10544756647451359,False
6.1574276152986585,0.29129767377982624,-0.7748373141934168,0.035931752245725555,-0.1054560280212784,False
6.950065204736718,0.31570512170919696,-0.858431950968958,0.03079269549489116,-0.10546388146290864,False
7.742266762952815,0.3366726886264977,-0.9419857141809512,0.026467464876635843,-0.10547033434286865,False
8.534099274781827,0.3546850351042961,-1.0255055691989086,0.022747672277553557,-0.10547666807092727,False
9.325617211595253,0.3701949598084302,-1.1089965827420107,0.019595165166535002,-0.10548214975295302,False
10.116866230904616,0.38357395540679184,-1.1924631298201378,0.01690870417765498,-0.10548707807686168,False
10.907886103521541,0.3951250745383384,-1.2759091675595897,0.014602817870216172,-0.10549170839840982,False
11.698710073271448,0.40511491481538925,-1.3593378562981526,0.012632192066978043,-0.10549590291875792,False
12.489366299681018,0.41376899320138955,-1.4427518669439061,0.010945437595931065,-0.10549972018122566,False
13.279878690696881,0.4212784658828715,-1.5261534584567007,0.009499500282129359,-0.10550320584553746,False
14.0702675739389,0.42780778506053346,-1.609544513170125,0.008260894499021803,-0.10550636083262037,False
14.860550273703943,0.43349265467408243,-1.6929266800353717,0.007193463320453707,-0.10550929039701473,False
15.650741585881882,0.4384499742014383,-1.7763013395559515,0.006273568756017316,-0.10551199214122098,False
16.440854132740437,0.4427803209425132,-1.8596696474510548,0.005480670770628984,-0.10551447161112826,False
17.230898694810218,0.4465695730983362,-1.9430325811129014,0.0047962511708147864,-0.10551674888243026,False
18.02088449030796,0.44989115165824545,-2.0263909671567415,0.004204605423084111,-0.10551884162843572,False
18.81081941042733,0.45280790570630375,-2.1097455046855047,0.003692397909966474,-0.10552076557922903,False
19.60071021790826,0.45537370106030206,-2.1930967849503977,0.003248291193792957,-0.10552253485606661,False
0.0,0.0,0.0,,,True
0.005,0.004998893269525866,-0.00012911703126668105,,,True
0.01,0.009991037737180766,-0.0004865677798635529,,,True
0.015,0.014969582947368143,-0.001045242289152491,,,True
0.02,0.01992759913577506,-0.001812996331980048,,,True
0.025,0.02485830761109795,-0.002768501544281362,,,True
0.03,0.029754753975367768,-0.003917432416841936,,,True
0.035,0.03461036778907731,-0.005245173811343073,,,True
0.04,0.03941823825339317,-0.006756666153798715,,,True
0.045,0.04417198796176795,-0.008440510105044827,,,True
0.05,0.048864843847506084,-0.010299942315636901,,,True
0.055,0.05349063086347287,-0.012325448872280508,,,True
0.06,0.058042779881645724,-0.014518615821337611,,,True
0.065,0.06251533727845783,-0.016871150105472618,,,True
0.07,0.06690199190639617,-0.019383193288956033,,,True
0.075,0.07119703755837387,-0.02204724697386494,,,True
0.08,0.07539446647960046,-0.024862219334372337,,,True
0.085,0.0794888499250361,-0.027821113453696745,,,True
0.09,0.08347452253624578,-0.030921792321227215,,,True
0.095,0.08734636494460929,-0.03415755458007429,,,True
0.1,0.09109908825280634,-0.03752537908055177,,,True
0.105,0.09472791465502346,-0.041018715472115004,,,True
0.11,0.09822796179842264,-0.04463379472952772,,,True
0.115,0.10159482474298581,-0.04836411781967308,,,True
0.12,0.10482405438043044,-0.052205283409219934,,,True
0.125,0.10791164822503241,-0.056150777656722606,,,True
0.13,0.11085361407802749,-0.06019566591058596,,,True
0.135,0.11364637918727727,-0.0643333788641253,,,True
0.14,0.1162864290711077,-0.06855853456503808,,,True
0.145,0.11877064525790146,-0.07286448708476244,,,True
0.15,0.12109600899818658,-0.07724548318048315,,,True
0.155,0.12325987761679559,-0.08169479415458852,,,True
0.16,0.12525974331297618,-0.08620636382869473,,,True
0.165,0.12709345748503745,-0.09077338616755085,,,True
0.17,0.12875903565166127,-0.09538956457562794,,,True
0.17500000000000002,0.1302548381817352,-0.10004803003522152,,,True
0.18,0.13157941337137047,-0.10474230359067689,,,True
0.185,0.13273164198639084,-0.10946547444217382,,,True
0.19,0.1337106115740378,-0.11421093588504491,,,True
0.195,0.13451573120061572,-0.11897176173617395,,,True
0.2,0.13514663108811006,-0.12374126943577708,,,True
0.20500000000000002,0.13560325296298445,-0.12851254769425638,,,True
0.21,0.13588577004257837,-0.13327888777601413,,,True
0.215,0.13599465753417292,-0.13803342636710048,,,True
0.22,0.1359306288327036,-0.14276947634697446,,,True
0.225,0.13569468993533199,-0.14748025738146994,,,True
0.23,0.1352880884435857,-0.15215915005725109,,,True
0.23500000000000001,0.1347123549898687,-0.15679949320842212,,,True
0.24,0.13396926226534459,-0.16139477960757886,,,True
0.245,0.13306085598635187,-0.1659385040052071,,,True
0.25,0.13198942170103647,-0.17042431423159124,,,True
0.255,0.13075750734700436,-0.17484589772506567,,,True
0.26,0.12936789603439516,-0.17919709858635724,,,True
0.265,0.12782362185104568,-0.18347183327042324,,,True
0.27,0.1261279471879198,-0.18766418160788498,,,True
0.275,0.12428437312385755,-0.19176832454704448,,,True
0.28,0.12229662016158956,-0.19577861523095022,,,True
0.28500000000000003,0.12016863426042665,-0.19968953336328057,,,True
0.29,0.1179045700974499,-0.2034957409625387,,,True
0.295,0.11550879360366101,-0.2071920492119303,,,True
0.3,0.11298586706439324,-0.21077346239568737,,,True
0.305,0.11034054884390682,-0.21423515407381796,,,True
0.31,0.10757777979959822,-0.2175725018565781,,,True
0.315,0.10470268074428327,-0.22078107049264656,,,True
0.32,0.10172053977729985,-0.22385663949281392,,,True
0.325,0.09863680792633586,-0.2267951912902193,,,True
0.33,0.09545708710089963,-0.22959293323490076,,,True
0.335,0.092187124271078,-0.23224628941957812,,,True
0.34,0.0888327998300212,-0.2347519181957769,,,True
0.34500000000000003,0.0854001206009134,-0.2371067065905642,,,True
0.35000000000000003,0.08189520845917764,-0.23930778421425686,,,True
0.355,0.0783242924074512,-0.24135251944714883,,,True
0.36,0.07469369735852661,-0.24323853039679005,,,True
0.365,0.0710098354781695,-0.24496368222784556,,,True
0.37,0.06727919506911703,-0.246526095667156,,,True
0.375,0.06350833135065798,-0.24792414499872112,,,True
0.38,0.05970385541452956,-0.24915646449470688,,,True
0.385,0.05587242458628176,-0.25022194671201065,,,True
0.39,0.05202073144743185,-0.25111974713752805,,,True
0.395,0.04815549390514277,-0.2518492825110886,,,True
0.4,0.044283444292939435,-0.25241023390637485,,,True
0.405,0.04041131926085738,-0.2528025448734824,,,True
0.41000000000000003,0.03654584898053051,-0.25302642312736634,,,True
0.41500000000000004,0.03269374695669551,-0.25308233835663396,,,True
0.42,0.028861699372425532,-0.2529710226550664,,,True
0.425,0.02505635491390801,-0.2526934678850998,,,True
0.43,0.02128431429873278,-0.252250924961627,,,True
0.435,0.017552120198570956,-0.2516449006916922,,,True
0.44,0.013866246998288076,-0.2508771560009726,,,True
0.445,0.01023309089505545,-0.24994970219756776,,,True
0.45,0.0066589599390874665,-0.24886479821843055,,,True
0.455,0.0031500643824421957,-0.24762494628633283,,,True
0.46,-0.00028749294627775004,-0.24623288824463546,,,True
0.465,-0.0036477259749155794,-0.24469160059373338,,,True
0.47000000000000003,-0.006924774626433565,-0.24300428997683698,,,True
0.47500000000000003,-0.010112913769586597,-0.24117438759632662,,,True
0.48,-0.013206562018986718,-0.23920554390983048,,,True
0.485,-0.01620029024359828,-0.23710162243861369,,,True
0.49,-0.019088829877722438,-0.23486669373154168,,,True
0.495,-0.021867080931646254,-0.23250502858739253,,,True
0.5,-0.024530119765282268,-0.23002109134379592,,,True
0.505,-0.027073206549526132,-0.22741953254356115,,,True
0.51,-0.029491792457077552,-0.22470518160600184,,,True
0.515,-0.03178152652736386,-0.2218830389742914,,,True
0.52,-0.033938262232351496,-0.21895826822743106,,,True
0.525,-0.03595806370231009,-0.21593618775148649,,,True
0.53,-0.037837211628121016,-0.21282226235160087,,,True
0.535,-0.03957220880970341,-0.2096220944948823,,,True
0.54,-0.04115978536037047,-0.206341415483133,,,True
0.545,-0.04259690354441864,-0.20298607631925783,,,True
0.55,-0.0438807622534159,-0.19956203850263454,,,True
0.555,-0.045008801104260476,-0.1960753645742869,,,True
0.56,-0.04597870416185396,-0.19253220859795084,,,True
0.5650000000000001,-0.04678840327385302,-0.18893880644196276,,,True
0.5700000000000001,-0.047436081018935275,-0.18530146601000586,,,True
0.5750000000000001,-0.0479201732594758,-0.18162655731974683,,,True
0.58,-0.048239371299509046,-0.17792050254791314,,,True
0.585,-0.04839262364163752,-0.17418976596721011,,,True
0.59,-0.04837913734378577,-0.17044084387073669,,,True
0.595,-0.04819837897176263,-0.1666802544296598,,,True
0.6,-0.047850075148952446,-0.16291452756198857,,,True
0.605,-0.047334212701075656,-0.1591501947739012,,,True
0.61,-0.046651038398027506,-0.15539377903754648,,,True
0.615,-0.04580105829248352,-0.15165178467883259,,,True
0.62,-0.04478503665813929,-0.14793068732819994,,,True
0.625,-0.04360399452885561,-0.14423692391711443,,,True
0.63,-0.04225920784253825,-0.14057688276465313,,,True
0.635,-0.04075220519248073,-0.1369568937439233,,,True
0.64,-0.03908476519101546,-0.13338321856582805,,,True
0.645,-0.03725891344955959,-0.12986204117518232,,,True
0.65,-0.0352769191809359,-0.1263994582911872,,,True
0.655,-0.03314129142932868,-0.12300147009116519,,,True
0.66,-0.03085477493478372,-0.11967397106509117,,,True
0.665,-0.02842034563880895,-0.11642274104264652,,,True
0.67,-0.02584120583898923,-0.11325343641665142,,,True
0.675,-0.023120779000294096,-0.11017158156657872,,,True
0.68,-0.020262704231958133,-0.10718256050292828,,,True
0.685,-0.017270830438662295,-0.10429160873747996,,,True
0.6900000000000001,-0.014149210155811508,-0.10150380539757974,,,True
0.6950000000000001,-0.0109020930786135,-0.09882406559027322,,,True
0.7000000000000001,-0.007533919295611919,-0.09625713303216771,,,True
0.705,-0.004049312237278916,-0.09380757295121647,,,True
0.71,-0.0004530713511143119,-0.09147976527430147,,,True
0.715,0.0032498354853201512,-0.08927789810686816,,,True
0.72,0.007054279801260896,-0.08720596151668594,,,True
0.725,0.010954980607324423,-0.08526774162778548,,,True
0.73,0.014946512694988787,-0.08346681503501824,,,True
0.735,0.019023315148141415,-0.08180654354487786,,,True
0.74,0.023179700053294415,-0.08029006925151884,,,True
0.745,0.027409861395056266,-0.07892030995305892,,,True
0.75,0.03170788412296316,-0.07769995491567815,,,True
0.755,0.03606775337576478,-0.07663146098992916,,,True
0.76,0.04048336384884988,-0.07571704908542823,,,True
0.765,0.044948529290497155,-0.07495870100757565,,,True
0.77,0.04945699211230016,-0.07435815666119301,,,True
0.775,0.05400243309912742,-0.07391691162389191,,,True
0.78,0.058578481203711466,-0.07363621509282643,,,True
0.785,0.06317872341098972,-0.07351706820676034,,,True
0.79,0.06779671465711769,-0.07356022274590468,,,True
0.795,0.0724259877881245,-0.07376618021053259,,,True
0.8,0.07706006354304033,-0.0741351912796689,,,True
0.805,0.08169246054639867,-0.07466725564990671,,,True
0.81,0.08631670529493335,-0.0753621222545142,,,True
0.8150000000000001,0.09092634212339155,-0.07621928986191712,,,True
0.8200000000000001,0.0955149431343554,-0.07723800805260422,,,True
0.8250000000000001,0.1000761180770953,-0.07841727857256348,,,True
0.8300000000000001,0.10460352416050235,-0.07975585706120254,,,True
0.835,0.10909087578530866,-0.08125225515087678,,,True
0.84,0.11353195418087882,-0.08290474293490249,,,True
0.845,0.11792061693204937,-0.08471135180018731,,,True
0.85,0.12225080738161674,-0.08666987762031174,,,True
0.855,0.1265165638942998,-0.0887778843041957,,,True
0.86,0.13071202896817485,-0.09103270769515527,,,True
0.865,0.13483145817983863,-0.0934314598145059,,,True
0.87,0.13886922894977385,-0.09597103344350054,,,True
0.875,0.1428198491146809,-0.098648107036796,,,True
0.88,0.14667796529380428,-0.10145914996024481,,,True
0.885,0.15043837103660368,-0.10440042804525775,,,True
0.89,0.1540960147394265,-0.10746800945157269,,,True
0.895,0.15764600731919462,-0.11065777082975581,,,True
0.9,0.16108362963246317,-0.11396540377433366,,,True
0.905,0.16440433962859957,-0.11738642155799538,,,True
0.91,0.1676037792262137,-0.1209161661368688,,,True
0.915,0.17067778090239072,-0.12454981541645947,,,True
0.92,0.17362237398469899,-0.12828239076740508,,,True
0.925,0.17643379063639544,-0.13210876477982464,,,True
0.93,0.17910847152570408,-0.1360236692446257,,,True
0.935,0.1816430711705238,-0.14002170334978115,,,True
0.9400000000000001,0.18403446295040476,-0.14409734207921882,,,True
0.9450000000000001,0.18627974377813988,-0.14824494480161787,,,True
0.9500000000000001,0.18837623842382925,-0.15245876403610434,,,True
0.9550000000000001,0.19032150348480645,-0.15673295438149776,,,True
0.96,0.1921133309953524,-0.16106158159551381,,,True
0.965,0.19374975167067474,-0.16543863181001484,,,True
0.97,0.19522903778018882,-0.169858020868193,,,True
0.975,0.19654970564570776,-0.17431360376932292,,,True
0.98,0.19771051776072424,-0.17879918420651533,,,True
0.985,0.1987104845275543,-0.18330852418274232,,,True
0.99,0.19954886560970217,-0.18783535369021845,,,True
0.995,0.20022517089740421,-0.19237338043812427,,,True
1.0,0.2007391610849099,-0.19691629961350282,,,True
1.0050000000000001,0.20109084785866432,-0.20145780366013813,,,True
1.01,0.2012804936961621,-0.20599159206009326,,,True
1.0150000000000001,0.20130861127585453,-0.2105113811026268,,,True
1.02,0.20117596249909825,-0.21501091362513602,,,True
1.025,0.20088355712574546,-0.21948396871084203,,,True
1.03,0.2004326510255812,-0.22392437132793863,,,True
1.035,0.19982474404841957,-0.2283260018950451,,,True
1.04,0.19906157751627074,-0.23268280575783346,,,True
1.045,0.1981451313415881,-0.236988802561917,,,True
1.05,0.1970776207761949,-0.2412380955071258,,,True
1.055,0.19586149279607443,-0.245424880468587,,,True
1.06,0.19449942212778337,-0.24954345497012204,,,True
1.065,0.19299430692281605,-0.25358822699578515,,,True
1.07,0.19134926408680458,-0.2575537236255635,,,True
1.075,0.18956762427098703,-0.2614345994815575,,,True
1.08,0.18765292653391102,-0.26522564497124845,,,True
1.085,0.18560891268186294,-0.2689217943148112,,,True
1.09,0.18343952129702187,-0.27251813334371244,,,True
1.095,0.18114888146283226,-0.27600990705829104,,,True
1.1,0.17874130619656897,-0.27939252693229855,,,True
1.105,0.1762212855995316,-0.2826615779529106,,,True
1.11,0.17359347973575104,-0.2858128253850007,,,True
1.115,0.17086271125052213,-0.2888422212490836,,,True
1.12,0.16803395774048313,-0.29174591050262183,,,True
1.125,0.16511234388735913,-0.29452023691504703,,,True
1.1300000000000001,0.16210313336785323,-0.2971617486271891,,,True
1.135,0.1590117205525251,-0.29966720338645225,,,True
1.1400000000000001,0.15584362200682378,-0.30203357344948895,,,True
1.145,0.15260446780775308,-0.30425805014478946,,,True
1.1500000000000001,0.14929999268993288,-0.3063380480880202,,,True
1.155,0.1459360270350863,-0.3082712090436515,,,True
1.16,0.14251848771922201,-0.3100554054268675,,,True
1.165,0.13905336883200226,-0.31168874344044506,,,True
1.17,0.1355467322829788,-0.3131695658417891,,,True
1.175,0.13200469830955258,-0.31449645433598944,,,True
1.18,0.12843343590165748,-0.315668231591338,,,True
1.185,0.12483915315829236,-0.3166839628743476,,,True
1.19,0.12122808759112168,-0.31754295730197735,,,True
1.195,0.11760649639043891,-0.31824476870934726,,,True
1.2,0.11398064666883478,-0.3187891961318642,,,True
1.205,0.11035680569793416,-0.3191762839013381,,,True
1.21,0.10674123115356587,-0.31940632135621455,,,True
1.215,0.10314016138470096,-0.3194798421667927,,,True
1.22,0.0995598057214435,-0.3193976232767872,,,True
1.225,0.09600633483728338,-0.31916068346332627,,,True
1.23,0.09248587118071755,-0.3187702815180255,,,True
1.235,0.08900447949122234,-0.31822791405242207,,,True
1.24,0.08556815741440912,-0.31753531293162174,,,True
1.245,0.08218282623102384,-0.31669444234067234,,,True
1.25,0.07885432171425169,-0.3157074954886898,,,True
1.2550000000000001,0.07558838512957151,-0.3145768909563999,,,True
1.26,0.07239065439115823,-0.3133052686933187,,,True
1.2650000000000001,0.0692666553885693,-0.3118954856713119,,,True
1.27,0.06622179349716328,-0.3103506112018973,,,True
1.2750000000000001,0.0632613452853888,-0.30867392192511206,,,True
1.28,0.06039045043175605,-0.30686889647833177,,,True
1.285,0.057614103863949724,-0.30493920985392575,,,True
1.29,0.054937148132177066,-0.30288872745511924,,,True
1.295,0.05236426602845289,-0.3007214988598929,,,True
1.3,0.04989997346312022,-0.2984417513032457,,,True
1.305,0.04754861260947826,-0.2960538828885305,,,True
1.31,0.04531434532695137,-0.2935624555390635,,,True
1.315,0.04320114687277253,-0.29097218770149674,,,True
1.32,0.04121279991168617,-0.28828794681300585,,,True
1.325,0.03935288883268359,-0.28551474154443723,,,True
1.33,0.03762479438129008,-0.2826577138322332,,,True
1.335,0.03603168861540194,-0.2797221307118981,,,True
1.34,0.034576530192154724,-0.27671337596643136,,,True
1.345,0.03326205999276017,-0.2736369416030852,,,True
1.35,0.03209079709170974,-0.27049841917234857,,,True
1.355,0.031065035076182246,-0.2673034909430186,,,True
1.36,0.030186838720934188,-0.2640579209476595,,,True
1.365,0.029458041023376468,-0.2607675459127146,,,True
1.37,0.02888024060296913,-0.25743826608784953,,,True
1.375,0.028454799468479192,-0.2540760359891163,,,True
1.3800000000000001,0.028182841156065078,-0.2506868550707088,,,True
1.385,0.02806524924055765,-0.24727675834008028,,,True
1.3900000000000001,0.02810266622172045,-0.2438518069313343,,,True
1.395,0.02829549278667498,-0.24041807865170642,,,True
1.4000000000000001,0.028643887449088273,-0.23698165851609154,,,True
1.405,0.02914776656512366,-0.23354862928440773,,,True
1.41,0.029806804725569583,-0.23012506201667654,,,True
1.415,0.030620435522969447,-0.22671700666045752,,,True
1.42,0.03158785269199644,-0.223330482685387,,,True
1.425,0.03270801162073313,-0.2199714697792308,,,True
1.43,0.03397963122994699,-0.21664589861988773,,,True
1.435,0.035401196216881585,-0.2133596417374986,,,True
1.44,0.03697095965952741,-0.21011850448069988,,,True
1.445,0.03868694597678179,-0.20692821610079112,,,True
1.45,0.04054695423936788,-0.20379442096741265,,,True
1.455,0.042548561825848215,-0.20072266992899915,,,True
1.46,0.04468912841754841,-0.19771841183107616,,,True
1.465,0.046965800325695785,-0.19478698520513815,,,True
1.47,0.04937551514358046,-0.19193361014052307,,,True
1.475,0.05191500671606087,-0.1891633803514072,,,True
1.48,0.05458081041826554,-0.1864812554506736,,,True
1.485,0.05736926873488496,-0.18389205344204673,,,True
1.49,0.06027653713100585,-0.18140044344152442,,,True
1.495,0.06329859020501333,-0.17901093863874823,,,True
1.5,0.06643122811367594,-0.1767278895085465,,,True
1.5050000000000001,0.06967008325913251,-0.17455547728242973,,,True
1.51,0.07301062722712605,-0.1724977076895193,,,True
1.5150000000000001,0.07644817796546505,-0.1705584049757718,,,True
1.52,0.07997790719135385,-0.16874120621007296,,,True
1.5250000000000001,0.08359484801590812,-0.1670495558852334,,,True
1.53,0.08729390277386492,-0.16548670082150416,,,True
1.5350000000000001,0.09106985104621045,-0.16405568537968845,,,True
1.54,0.09491735786318056,-0.1627593469905708,,,True
1.545,0.09883098207483892,-0.16160031200674607,,,True
1.55,0.10280518487620974,-0.16058099188263245,,,True
1.555,0.10683433847372972,-0.1597035796877008,,,True
1.56,0.11091273487959658,-0.1589700469578228,,,True
1.565,0.1150345948204182,-0.15838214088868866,,,True
1.57,0.11919407674641788,-0.15794138187521503,,,True
1.575,0.12338528592732106,-0.1576490613999252,,,True
1.58,0.1276022836209367,-0.15750624027317756,,,True
1.585,0.13183909630036025,-0.157513747227202,,,True
1.59,0.1360897249256509,-0.15767217786583115,,,True
1.595,0.1403481542457915,-0.15798189397088594,,,True
1.6,0.14460836211670544,-0.15844302316601114,,,True
1.605,0.14886432882110054,-0.1590554589379851,,,True
1.61,0.1531100463759175,-0.15981886101525472,,,True
1.615,0.15733952781319516,-0.16073265610267304,,,True
1.62,0.16154681642021376,-0.1617960389712285,,,True
1.625,0.16572599492485188,-0.16300797390072133,,,True
1.6300000000000001,0.16987119461218136,-0.16436719647313708,,,True
1.635,0.1739766043584393,-0.16587221571370894,,,True
1.6400000000000001,0.17803647956864482,-0.16752131657643782,,,True
1.645,0.1820451510042802,-0.16931256277002613,,,True
1.6500000000000001,0.18599703348762703,-0.17124379992003141,,,True
1.655,0.1898866344695359,-0.1733126590622568,,,True
1.6600000000000001,0.19370856244761928,-0.1755165604621778,,,True
1.665,0.19745753522208112,-0.17785271775446992,,,True
1.67,0.2011283879766481,-0.18031814239653537,,,True
1.675,0.20471608117232626,-0.18290964842910434,,,True
1.68,0.208215708241995,-0.18562385753694535,,,True
1.685,0.21162250307414635,-0.1884572044017996,,,True
1.69,0.21493184727439948,-0.19140594233975428,,,True
1.695,0.21813927719375276,-0.19446614921423425,,,True
1.7,0.22124049071288926,-0.19763373361602005,,,True
1.705,0.22423135377222003,-0.2009044413006113,,,True
1.71,0.22710790663773306,-0.20427386187355856,,,True
1.715,0.2298663698931164,-0.207737435713257,,,True
1.72,0.23250315014903916,-0.21129046112111524,,,True
1.725,0.23501484546090215,-0.2149281016878117,,,True
1.73,0.237398250446814,-0.21864539386482978,,,True
1.735,0.23965036109800694,-0.2224372547294069,,,True
1.74,0.24176837927436975,-0.22629848993123688,,,True
1.745,0.24374971687826774,-0.2302238018087368,,,True
1.75,0.2455919997002963,-0.23420779766227284,,,True
1.7550000000000001,0.2472930709311379,-0.23824499817194972,,,True
1.76,0.24885099433418437,-0.24232984594664778,,,True
1.7650000000000001,0.25026405707412963,-0.24645671419145027,,,True
1.77,0.25153077219724995,-0.25061991547982243,,,True
1.7750000000000001,0.25264988075964356,-0.2548137106171127,,,True
1.78,0.2536203536002346,-0.25903231758159173,,,True
1.7850000000000001,0.25444139275590605,-0.2632699205291364,,,True
1.79,0.25511243251667537,-0.26752067884750336,,,True
1.795,0.25563314011939536,-0.27177873624625254,,,True
1.8,0.25600341607901606,-0.27603822986784193,,,True
1.805,0.25622339415702067,-0.2802932994060282,,,True
1.81,0.2562934409672056,-0.28453809621693005,,,True
1.815,0.25621415521955004,-0.28876679240877673,,,True
1.82,0.2559863666034843,-0.2929735898958801,,,True
1.825,0.2556111343124315,-0.2971527294027836,,,True
1.83,0.2550897452120638,-0.30129849940420406,,,True
1.835,0.2544237116552713,-0.305405244987038,,,True
1.84,0.25361476894739937,-0.3094673766200879,,,True
1.845,0.2526648724658616,-0.313479378818104,,,True
1.85,0.25157619443877643,-0.3174358186860529,,,True
1.855,0.2503511203878195,-0.3213313543306243,,,True
1.86,0.24899224524100444,-0.32516074312516846,,,True
1.865,0.24750236912163634,-0.32891884981561487,,,True
1.87,0.2458844928201801,-0.3326006544540076,,,True
1.875,0.24414181295629955,-0.33620126014764995,,,True
1.8800000000000001,0.24227771683879915,-0.33971590061121854,,,True
1.885,0.2402957770316881,-0.34313994751030547,,,True
1.8900000000000001,0.23819974563503818,-0.3464689175844689,,,True
1.895,0.23599354828976873,-0.34969847953892447,,,True
1.9000000000000001,0.23368127791591228,-0.35282446069367684,,,True
1.905,0.23126718819434944,-0.35584285337998417,,,True
1.9100000000000001,0.22875568680238828,-0.35874982107381986,,,True
1.915,0.22615132841396562,-0.36154170425694143,,,True
1.92,0.22345880747560098,-0.364215025996159,,,True
1.925,0.22068295076960034,-0.3667664972323616,,,True
1.93,0.21782870977632315,-0.3691930217707554,,,True
1.935,0.21490115284765468,-0.37149170096483664,,,True
1.94,0.21190545720410306,-0.37365983808652115,,,True
1.945,0.20884690076823037,-0.3756949423760403,,,True
1.95,0.20573085384736178,-0.37759473276497824,,,True
1.955,0.20256277067876588,-0.3793571412670864,,,True
1.96,0.1993481808506926,-0.38098031603145144,,,True
1.965,0.1960926806128584,-0.3824626240535798,,,True
1.97,0.19280192409012104,-0.3838026535401566,,,True
1.975,0.1894816144132442,-0.3849992159242254,,,True
1.98,0.18613749478075803,-0.38605134752754755,,,True
1.985,0.1827753394660363,-0.38695831086805127,,,True
1.99,0.17940094478377247,-0.38771959561036756,,,True
1.995,0.17602012003010245,-0.3883349191584231,,,True
2.0,0.17263867841064004,-0.3888042268892626,,,True
2.005,0.16926242797070937,-0.3891276920282601,,,True
2.0100000000000002,0.16589716254203132,-0.3893057151659902,,,True
2.015,0.1625486527200925,-0.3893389234181268,,,True
2.02,0.15922263688635374,-0.38922816922979864,,,True
2.025,0.15592481228937827,-0.3889745288268368,,,True
2.0300000000000002,0.1526608261988459,-0.38857930031655696,,,True
2.035,0.1494362671462955,-0.38804400144164347,,,True
2.04,0.14625665626627996,-0.38737036699081573,,,True
2.045,0.14312743875145204,-0.386560345871047,,,True
2.05,0.1400539754348936,-0.38561609784603057,,,True
2.055,0.137041534512796,-0.3845399899467504,,,True
2.06,0.13409528342035126,-0.38333459255997177,,,True
2.065,0.13122028087346355,-0.3820026752014225,,,True
2.07,0.1284214690886076,-0.3805472019805504,,,True
2.075,0.1257036661928669,-0.37897132676464784,,,True
2.08,0.12307155883586617,-0.37727838805018254,,,True
2.085,0.12052969501497816,-0.3754719035499667,,,True
2.09,0.1180824771248335,-0.3735555645049745,,,True
2.095,0.11573415524179095,-0.37153322973038877,,,True
2.1,0.11348882065364031,-0.3694089194053482,,,True
2.105,0.11135039964440852,-0.3671868086170457,,,True
2.11,0.10932264754371837,-0.36487122066907013,,,True
2.115,0.10740914304972415,-0.3624666201657288,,,True
2.12,0.10561328283419366,-0.35997760588275124,,,True
2.125,0.10393827643785908,-0.35740890343686976,,,True
2.13,0.10238714146367162,-0.3547653577651093,,,True
2.1350000000000002,0.10096269907513608,-0.35205192542717884,,,True
2.14,0.09966756980637839,-0.34927366674213767,,,True
2.145,0.09850416969013048,-0.34643573777312786,,,True
2.15,0.09747470670927157,-0.34354338217221075,,,True
2.1550000000000002,0.09658117757707507,-0.340601922898922,,,True
2.16,0.09582536485076024,-0.3376167538255851,,,True
2.165,0.09520883438243172,-0.33459333124279783,,,True
2.17,0.0947329331109404,-0.3315371652787391,,,True
2.1750000000000003,0.09439878719766379,-0.328453811245854,,,True
2.18,0.0942073005086523,-0.32534886092863563,,,True
2.185,0.09415915344504538,-0.32222793382645065,,,True
2.19,0.09425480212310233,-0.3190966683649938,,,True
2.195,0.09449447790465083,-0.31596071309042995,,,True
2.2,0.09487818727819848,-0.3128257178600125,,,True
2.205,0.0954057120904037,-0.3096973250428526,,,True
2.21,0.09607661012705766,-0.3065811607448048,,,True
2.215,0.09689021604217798,-0.3034828260709284,,,True
2.22,0.09784564263328072,-0.3004078884393952,,,True
2.225,0.09894178246034822,-0.29736187295979377,,,True
2.23,0.10017730980549815,-0.2943502538899263,,,True
2.235,0.10155068296980778,-0.2913784461833735,,,True
2.24,0.10306014690325752,-0.28845179714159663,,,True
2.245,0.1047037361632204,-0.2855755781826838,,,True
2.25,0.10647927819644766,-0.28275497673993316,,,True
2.255,0.10838439693898369,-0.27999508830189535,,,True
2.2600000000000002,0.11041651672798687,-0.27730090860671275,,,True
2.265,0.11257286651893376,-0.27467732600165934,,,True
2.27,0.1148504844012553,-0.2721291139802982,,,True
2.275,0.11724622240497291,-0.2696609239075574,,,True
2.2800000000000002,0.1197567515905005,-0.2672772779443559,,,True
2.285,0.12237856741332487,-0.26498256218152016,,,True
2.29,0.12510799535490316,-0.2627810199940803,,,True
2.295,0.12794119681068594,-0.2606767456246273,,,True
2.3000000000000003,0.13087417522583633,-0.25867367800637586,,,True
2.305,0.1339027824688144,-0.2567755948337398,,,True
2.31,0.1370227254326837,-0.2549861068901951,,,True
2.315,0.14022957285363857,-0.2533086526405842,,,True
2.32,0.14351876233595984,-0.2517464930965933,,,True
2.325,0.14688560757229338,-0.25030270696199813,,,True
2.33,0.15032530574787858,-0.24898018606519356,,,True
2.335,0.15383294511708476,-0.24778163108495962,,,True
2.34,0.1574035127403795,-0.24670954757613764,,,True
2.345,0.16103190236961298,-0.24576624229991198,,,True
2.35,0.16471292246931687,-0.24495381986476686,,,True
2.355,0.16844130436150803,-0.24427417968190215,,,True
2.36,0.17221171048133227,-0.24372901323990598,,,True
2.365,0.17601874273072843,-0.24331980170192394,,,True
2.37,0.17985695091715984,-0.243047813828755,,,True
2.375,0.18372084126435678,-0.24291410423054974,,,True
2.38,0.18760488498191183,-0.24291951194942785,,,True
2.3850000000000002,0.19150352688050132,-0.24306465937438432,,,True
2.39,0.19541119401945775,-0.24334995149042138,,,True
2.395,0.1993223043733731,-0.24377557546198542,,,True
2.4,0.20323127550440673,-0.24434150055143503,,,True
2.4050000000000002,0.2071325332269767,-0.2450474783721828,,,True
2.41,0.21102052025152854,-0.24589304347585414,,,True
2.415,0.21488970479413216,-0.24687751427223195,,,True
2.42,0.2187345891387083,-0.24799999428048067,,,True
2.4250000000000003,0.2225497181387748,-0.24925937370921436,,,True
2.43,0.22632968764570455,-0.2506543313632878,,,True
2.435,0.23006915285059884,-0.25218333687355815,,,True
2.44,0.23376283652703062,-0.2538446532467571,,,True
2.445,0.23740553716205873,-0.2556363397307896,,,True
2.45,0.24099213696309574,-0.2575562549915588,,,True
2.455,0.24451760972840608,-0.25960206059586094,,,True
2.46,0.247977028569216,-0.2617712247952149,,,True
2.465,0.2513655734716634,-0.2640610266048611,,,True
2.47,0.2546785386870364,-0.266468560171263,,,True
2.475,0.25791133993904586,-0.26899073942190244,,,True
2.48,0.2610595214371265,-0.27162430298968854,,,True
2.485,0.26411876268508705,-0.27436581940493115,,,True
2.49,0.2670848850747221,-0.2772116925464687,,,True
2.495,0.26995385825434365,-0.2801581673439753,,,True
2.5,0.2727218062625243,-0.28320133572230155,,,True
2.505,0.2753850134177145,-0.28633714277922384,,,True
2.5100000000000002,0.2779399299547587,-0.2895613931865206,,,True
2.515,0.28038317739973867,-0.2928697578051871,,,True
2.52,0.2827115536749584,-0.2962577805040265,,,True
2.525,0.2849220379263136,-0.29972088517161344,,,True
2.5300000000000002,0.2870117950657068,-0.3032543829104431,,,True
2.535,0.288978180021614,-0.30685347940257307,,,True
2.54,0.29081874169135274,-0.3105132824348423,,,True
2.545,0.2925312265890709,-0.3142288095727689,,,True
2.5500000000000003,0.2941135821839359,-0.3179949959705277,,,True
2.555,0.2955639599234897,-0.3218067023053928,,,True
2.56,0.29688071793762494,-0.3256587228241653,,,True
2.565,0.298062423419122,-0.3295457934891326,,,True
2.57,0.29910785467720524,-0.33346260021081225,,,True
2.575,0.300016002861068,-0.33740378715478503,,,True
2.58,0.30078607335084945,-0.34136396510978784,,,True
2.585,0.30141748681403613,-0.3453377199034017,,,True
2.59,0.3019098799258226,-0.3493196208531995,,,True
2.595,0.302263105752449,-0.35330422923926563,,,True
2.6,0.3024772337970896,-0.3572861067852173,,,True
2.605,0.3025525497083823,-0.361259824134407,,,True
2.61,0.30248955465222005,-0.36521996930820017,,,True
2.615,0.30228896434794683,-0.36916115613236083,,,True
2.62,0.3019517077706448,-0.3730780326196486,,,True
2.625,0.30147892552169375,-0.37696528929369827,,,True
2.63,0.3008719678703433,-0.3808176674431284,,,True
2.6350000000000002,0.30013239246950923,-0.38462996729072424,,,True
2.64,0.29926196174956987,-0.38839705606713537,,,True
2.645,0.2982626399943864,-0.3921138759740602,,,True
2.65,0.29713659010433285,-0.3957754520266564,,,True
2.6550000000000002,0.2958861700515527,-0.39937689976100693,,,True
2.66,0.2945139290331937,-0.40291343279558955,,,True
2.665,0.29302260332881175,-0.4063803702344789,,,True
2.67,0.2914151118686252,-0.4097731439007885,,,True
2.6750000000000003,0.28969455151973095,-0.41308730538873734,,,True
2.68,0.287864192097864,-0.41631853292358634,,,True
2.685,0.2859274711126854,-0.4194626380184682,,,True
2.69,0.283887988255027,-0.4225155719177786,,,True
2.695,0.2817494996349012,-0.4254734318168209,,,True
2.7,0.2795159117795004,-0.4283324668483643,,,True
2.705,0.2771912754007601,-0.4310890838263111,,,True
2.71,0.2747797789424426,-0.4337398527378588,,,True
2.715,0.27228574191702254,-0.43628151197526155,,,True
2.72,0.2697136080430013,-0.4387109732995018,,,True
2.725,0.2670679381935697,-0.4410253265276653,,,True
2.73,0.2643534031678455,-0.44322184393713543,,,True
2.735,0.26157477629617576,-0.44529798437959617,,,True
2.74,0.25873692589125746,-0.4472513970986489,,,True
2.745,0.2558448075570602,-0.4490799252449345,,,True
2.75,0.2529034563677588,-0.45078160908393505,,,True
2.755,0.2499179789290743,-0.4523546888909703,,,True
2.7600000000000002,0.24689354533460184,-0.45379760752925413,,,True
2.765,0.2438353810298684,-0.45510901270764176,,,True
2.77,0.24074875859697878,-0.45628775891352436,,,True
2.775,0.23763898947286208,-0.4573329090199214,,,True
2.7800000000000002,0.2345114156141693,-0.4582437355621366,,,True
2.785,0.23137140112202087,-0.45901972168492794,,,True
2.79,0.22822432383976454,-0.4596605617560195,,,True
2.795,0.2250755669370423,-0.46016616164843815,,,True
2.8000000000000003,0.22193051049335227,-0.46053663868817585,,,True
2.805,0.21879452309441821,-0.46077232127107987,,,True
2.81,0.21567295345449475,-0.46087374814624954,,,True
2.815,0.21257112207784912,-0.46084166737111154,,,True
2.82,0.20949431297240348,-0.4606770349364122,,,True
2.825,0.20644776542862475,-0.46038101306736173,,,True
2.83,0.20343666587641815,-0.4599549682002338,,,True
2.835,0.20046613983287145,-0.45940046864165174,,,True
2.84,0.19754124395330397,-0.4587192819110583,,,True
2.845,0.19466695819813323,-0.4579133717741139,,,True
2.85,0.19184817812764807,-0.4569848949695076,,,True
2.855,0.18908970733677058,-0.455936197636362,,,True
2.86,0.18639625004146868,-0.4547698114475319,,,True
2.865,0.18377240382838558,-0.4534884494552109,,,True
2.87,0.18122265257884937,-0.4520950016563163,,,True
2.875,0.1787513595782423,-0.4505925302840244,,,True
2.88,0.17636276082132063,-0.4489842648346029,,,True
2.8850000000000002,0.17406095852381528,-0.44727359683626533,,,True
2.89,0.17184991485025447,-0.44546407436981134,,,True
2.895,0.1697334458676386,-0.4435593963494119,,,True
2.9,0.1677152157341874,-0.4415634065730772,,,True
2.9050000000000002,0.16579873113203297,-0.4394800875525794,,,True
2.91,0.1639873359523021,-0.43731355413275474,,,True
2.915,0.16228420624064704,-0.43506804691052675,,,True
2.92,0.1606923454108433,-0.432747925464588,,,True
2.9250000000000003,0.15921457973365163,-0.4303576614063934,,,True
2.93,0.15785355410768462,-0.42790183126375325,,,True
2.935,0.15661172811857788,-0.42538510920872935,,,True
2.94,0.15549137239228478,-0.4228122596411377,,,True
2.945,0.15449456524785987,-0.42018812963996477,,,True
2.95,0.15362318965459695,-0.41751764129450364,,,True
2.955,0.15287893049791898,-0.4148057839276053,,,True
2.96,0.15226327215790733,-0.4120576062235276,,,True
2.965,0.15177749640387367,-0.40927820827259864,,,True
2.97,0.15142268060786435,-0.4064727335459378,,,True
2.975,0.1511996962794878,-0.4036463608121428,,,True
2.98,0.15110920792394245,-0.40080429600962686,,,True
2.985,0.15115167222461692,-0.3979517640867661,,,True
2.99,0.15132733755110991,-0.395094000822936,,,True
2.995,0.15163624379303003,-0.39223624464359935,,,True
3.0,0.15207822251938452,-0.389383728441526,,,True
3.005,0.15265289746291033,-0.38654167141816614,,,True
3.0100000000000002,0.15335968532812652,-0.38371527095628344,,,True
3.015,0.15419779692145485,-0.38090969453828505,,,True
3.02,0.1551662386011843,-0.37813007172122176,,,True
3.025,0.15626381404462233,-0.3753814861822241,,,True
3.0300000000000002,0.15748912632922635,-0.37266896784533743,,,True
3.035,0.15884058032408516,-0.36999748510342517,,,True
3.04,0.1603163853875781,-0.3673719371455573,,,True
3.045,0.16191455836663082,-0.36479714640275557,,,True
3.0500000000000003,0.16363292689247805,-0.3622778511232024,,,True
3.055,0.16546913296741972,-0.35981869808811556,,,True
3.06,0.1674206368366028,-0.3574242354797721,,,True
3.065,0.16948472113842736,-0.355098905911792,,,True
3.0700000000000003,0.17165849532676972,-0.35284703963337627,,,True
3.075,0.17393890035777454,-0.35067284791594744,,,True
3.08,0.1763227136336164,-0.34858041663441564,,,True
3.085,0.17880655419519212,-0.34657370004992144,,,True
3.09,0.18138688815539247,-0.34465651480632137,,,True
3.095,0.18406003436418986,-0.3428325341465021,,,True
3.1,0.18682217029647571,-0.3411052823593327,,,True
3.105,0.18966933815323433,-0.33947812946369654,,,True
3.11,0.19259745116632357,-0.3379542861388068,,,True
3.115,0.19560230009685667,-0.33653679890704313,,,True
3.12,0.19867955991686528,-0.33522854557737247,,,True
3.125,0.2018247966636867,-0.33403223095466816,,,True
3.13,0.20503347445626516,-0.3329503828231979,,,True
3.1350000000000002,0.20830096266228948,-0.331985348206639,,,True
3.14,0.21162254320494492,-0.3311392899142,,,True
3.145,0.2149934179977834,-0.3304141833738873,,,True
3.15,0.21840871649608506,-0.32981181376008006,,,True
3.1550000000000002,0.22186350335291155,-0.3293337734174766,,,True
3.16,0.22535278616788684,-0.3289814595865503,,,True
3.165,0.22887152331665653,-0.3287560724323766,,,True
3.17,0.23241463184881322,-0.32865861338040936,,,True
3.1750000000000003,0.23597699544204334,-0.32868988376022534,,,True
3.18,0.23955347240013516,-0.3288504837607404,,,True
3.185,0.24313890368245833,-0.32914081169596654,,,True
3.19,0.24672812095248015,-0.32956106358403015,,,True
3.1950000000000003,0.2503159546328796,-0.3301112330382533,,,True
3.2,0.253897241954806,-0.3307911114718468,,,True
3.205,0.2574668349888639,-0.33160028861320423,,,True
3.21,0.2610196086454394,-0.3325381533337564,,,True
3.215,0.26455046863204523,-0.333603894783799,,,True
3.22,0.2680543593554173,-0.3347965038367243,,,True
3.225,0.2715262717562443,-0.3361147748379187,,,True
3.23,0.27496125106442626,-0.33755730765553826,,,True
3.235,0.2783544044630232,-0.3391225100307418,,,True
3.24,0.2817009086490422,-0.34080860022188797,,,True
3.245,0.2849960172795475,-0.3426136099407152,,,True
3.25,0.288235068291592,-0.3445353875733974,,,True
3.255,0.2914134910848222,-0.3465716016839057,,,True
3.2600000000000002,0.2945268135556896,-0.3487197447916258,,,True
3.265,0.2975706689725473,-0.3509771374196055,,,True
3.27,0.3005408026810748,-0.35334093240557407,,,True
3.275,0.30343307862978824,-0.3558081194696597,,,True
3.2800000000000002,0.3062434857056555,-0.35837553003165545,,,True
3.285,0.308968143870128,-0.3610398422700243,,,True
3.29,0.3116033100862245,-0.3637975864153569,,,True
3.295,0.3141453840276125,-0.36664515026949995,,,True
3.3000000000000003,0.3165909135609735,-0.36957878494200935,,,True
3.305,0.31893659999331064,-0.3725946107952826,,,True
3.31,0.3211793030761747,-0.37568862358835564,,,True
3.315,0.32331604575923273,-0.3788567008112884,,,True
3.3200000000000003,0.3253440186859069,-0.38209460819836366,,,True
3.325,0.32726058442429523,-0.38539800641173244,,,True
3.33,0.3290632814269298,-0.3887624578839716,,,True
3.335,0.33074982771340217,-0.3921834338098399,,,True
3.34,0.33231812427026447,-0.39565632127519273,,,True
3.345,0.3337662581631132,-0.39917643051320856,,,True
3.35,0.33509250535615004,-0.4027390022756783,,,True
3.355,0.33629533323502736,-0.4063392153084206,,,True
3.36,0.33737340282919503,-0.40997219391894923,,,True
3.365,0.3383255707304833,-0.4136330156244636,,,True
3.37,0.3391508907050852,-0.4173167188686584,,,True
3.375,0.3398486149966246,-0.4210183107946432,,,True
3.38,0.3404181953184329,-0.4247327750624578,,,True
3.3850000000000002,0.34085928353369355,-0.4284550796983724,,,True
3.39,0.3411717320225517,-0.43218018496451505,,,True
3.395,0.3413555937358191,-0.43590305123510337,,,True
3.4,0.34141112193536394,-0.4396186468687783,,,True
3.4050000000000002,0.34133876962178955,-0.4433219560627799,,,True
3.41,0.3411391886504765,-0.4470079866784411,,,True
3.415,0.3408132285375711,-0.4506717780242591,,,True
3.42,0.3403619349579634,-0.45430840858498445,,,True
3.4250000000000003,0.33978654793782115,-0.45791300368491744,,,True
3.43,0.3390884997446746,-0.46148074307278514,,,True
3.435,0.3382694124785713,-0.46500686841624134,,,True
3.44,0.33733109536825,-0.4684866906950356,,,True
3.4450000000000003,0.33627554177677793,-0.47191559748030976,,,True
3.45,0.3351049259215181,-0.475289060089195,,,True
3.455,0.3338215993137787,-0.4786026406029839,,,True
3.46,0.3324280869239029,-0.4818519987388245,,,True
3.465,0.3309270830780068,-0.48503289856234655,,,True
3.47,0.32932144709300043,-0.48814121503370467,,,True
3.475,0.3276141986568972,-0.49117294037239934,,,True
3.48,0.3258085129618831,-0.4941241902361576,,,True
3.485,0.3239077155979265,-0.4969912096992864,,,True
3.49,0.3219152772151563,-0.49977037902505456,,,True
3.495,0.31983480796352637,-0.5024582192199202,,,True
3.5,0.317670051718712,-0.5050513973640355,,,True
3.505,0.3154248801034197,-0.507546731706537,,,True
3.5100000000000002,0.31310328631372036,-0.5099411965210425,,,True
3.515,0.3107093787601985,-0.5122319267101896,,,True
3.52,0.30824737453412254,-0.5144162221558951,,,True
3.525,0.30572159270898597,-0.5164915518055446,,,True
3.5300000000000002,0.30313644748813584,-0.5184555574891933,,,True
3.535,0.3004964412093487,-0.5203060574623576,,,True
3.54,0.2978061572175055,-0.5220410496676424,,,True
3.545,0.2950702526166605,-0.5236587147118428,,,True
3.5500000000000003,0.29229345091301806,-0.5251574185518514,,,True
3.555,0.28948053456048883,-0.5265357148886665,,,True
3.56,0.2866363374206203,-0.527792347261814,,,True
3.565,0.28376573714885694,-0.5289262508452571,,,True
3.5700000000000003,0.280873647519155,-0.529936553938108,,,True
3.575,0.27796501069910745,-0.5308225791525434,,,True
3.58,0.27504478948774963,-0.5315838442923709,,,True
3.585,0.2721179595283266,-0.5322200629261514,,,True
3.59,0.2691895015082617,-0.5327311446492954,,,True
3.595,0.2662643933586517,-0.53311719503977,,,True
3.6,0.2633476024655257,-0.5333785153033433,,,True
3.605,0.2604440779051489,-0.53351560161336,,,True
3.61,0.2575587427155305,-0.5335291441423106,,,True
3.615,0.25469648621630064,-0.533420025791218,,,True
3.62,0.2518621563889528,-0.5331893206149504,,,True
3.625,0.24906055232942326,-0.5328382919502617,,,True
3.63,0.24629641678476977,-0.5323683902460759,,,True
3.6350000000000002,0.24357442878564858,-0.5317812506034136,,,True
3.64,0.24089919638604065,-0.5310786900255159,,,True
3.645,0.23827524952158327,-0.5302627043863132,,,True
3.65,0.23570703299757786,-0.5293354651194486,,,True
3.6550000000000002,0.23319889961760198,-0.5282993156354594,,,True
3.66,0.23075510346335945,-0.5271567674715961,,,True
3.665,0.22837979333619743,-0.5259104961821066,,,True
3.67,0.22607700637041675,-0.5245633369743551,,,True
3.6750000000000003,0.22385066182823704,-0.5231182800989727,,,True
3.68,0.2217045550859825,-0.5215784660013872,,,True
3.685,0.2196423518207173,-0.5199471802424118,,,True
3.69,0.21766758240626588,-0.5182278481965282,,,True
3.6950000000000003,0.215783636527169,-0.5164240295361714,,,True
3.7,0.21399375801882417,-0.5145394125115462,,,True
3.705,0.2123010399416338,-0.5125778080348102,,,True
3.71,0.21070841989665148,-0.5105431435780318,,,True
3.715,0.20921867558980045,-0.5084394568957514,,,True
3.72,0.20783442065134247,-0.506270889580905,,,True
3.725,0.20655810071687258,-0.5040416804661224,,,True
3.73,0.20539198977566955,-0.5017561588790489,,,True
3.735,0.2043381867918418,-0.4994187377647393,,,True
3.74,0.20339861260322648,-0.497033906684229,,,True
3.745,0.20257500710259,-0.49460622470160354,,,True
3.75,0.20186892670520926,-0.49214031317070606,,,True
3.755,0.20128174210645655,-0.48964084843268746,,,True
3.7600000000000002,0.2008146363325586,-0.48711255443615575,,,True
3.765,0.200468603087226,-0.48456019529230093,,,True
3.77,0.20024444539637984,-0.48198856777527704,,,True
3.775,0.20014277455273652,-0.47940249378164107,,,True
3.7800000000000002,0.20016400936153161,-0.476806812758783,,,True
3.785,0.20030837568819548,-0.47420637411654726,,,True
3.79,0.20057590630830188,-0.4716060296309999,,,True
3.795,0.20096644105966713,-0.4690106258559201,,,True
3.8000000000000003,0.20147962729596056,-0.4664249965500447,,,True
3.805,0.20211492064076747,-0.46385395513590505,,,True
3.81,0.2028715860405054,-0.46130228719726063,,,True
3.815,0.20374869911423052,-0.4587747430326527,,,True
3.8200000000000003,0.20474514779778855,-0.4562760302705123,,,True
3.825,0.20585963427942053,-0.45381080656262496,,,True
3.83,0.20709067722339766,-0.45138367236303867,,,True
3.835,0.2084366142778689,-0.4489991638065973,,,True
3.84,0.20989560486264794,-0.4466617456963459,,,True
3.845,0.2114656332322154,-0.4443758046109892,,,True
3.85,0.21314451180884453,-0.4421456421431275,,,True
3.855,0.21492988478027994,-0.4399754682784762,,,True
3.86,0.21681923195605987,-0.43786939492660215,,,True
3.865,0.21880987287610584,-0.43583142961104404,,,True
3.87,0.22089897116493457,-0.43386546933299214,,,True
3.875,0.2230835391242948,-0.4319752946101052,,,True
3.88,0.22536044255691884,-0.4301645637090754,,,True
3.8850000000000002,0.2277264058134615,-0.42843680707105286,,,True
3.89,0.2301780170546052,-0.4267954219462475,,,True
3.895,0.23271173371981582,-0.42524366724013424,,,True
3.9,0.23532388819401273,-0.42378465858148956,,,True
3.9050000000000002,0.2380106936631228,-0.4224213636195802,,,True
3.91,0.2407682501491558,-0.42115659755648965,,,True
3.915,0.2435925507152333,-0.41999301892138957,,,True
3.92,0.24647948783072465,-0.41893312559402973,,,True
3.9250000000000003,0.2494248598864051,-0.41797925108092193,,,True
3.93,0.2524243778493658,-0.4171335610530241,,,True
3.935,0.2554736720471498,-0.4163980501453577,,,True
3.94,0.2585682990704782,-0.4157745390286751,,,True
3.9450000000000003,0.2617037487836713,-0.4152646717513406,,,True
3.95,0.26487545143180996,-0.41486991336118134,,,True
3.955,0.26807878483346415,-0.4145915478045976,,,True
3.96,0.27130908164777673,-0.4144306761123249,,,True
3.9650000000000003,0.27456163670449996,-0.41438821486700017,,,True
3.97,0.27783171438559673,-0.41446489496228606,,,True
3.975,0.28111455604687186,-0.4146612606477188,,,True
3.98,0.28440538746808824,-0.4149776688674588,,,True
3.985,0.28769942631999235,-0.4154142888862595,,,True
3.99,0.29099188963663997,-0.41597110221165384,,,True
3.995,0.2942780012814452,-0.41664790280212294,,,True
4.0,0.29755299939533814,-0.4174442975707899,,,True
4.005,0.3008121438155786,-0.41835970717492077,,,True
4.01,0.30405072345362355,-0.4193933670965726,,,True
4.015,0.3072640636207889,-0.4205443290067401,,,True
4.0200000000000005,0.3104475332902347,-0.421811462416362,,,True
4.025,0.3135965522842175,-0.4231934566054571,,,True
4.03,0.31670659837537213,-0.42468882283329273,,,True
4.035,0.3197732142912183,-0.4262958968193914,,,True
4.04,0.32279201461098656,-0.42801284149949376,,,True
4.045,0.3257586925442385,-0.42983765004216107,,,True
4.05,0.3286690265807743,-0.43176814913185835,,,True
4.055,0.33151888700168586,-0.43380200250272544,,,True
4.0600000000000005,0.33430424224147764,-0.4359367147282226,,,True
4.065,0.33702116509155516,-0.4381696352491464,,,True
4.07,0.3396658387354979,-0.44049796264543684,,,True
4.075,0.3422345626069521,-0.4429187491343869,,,True
4.08,0.34472375806105027,-0.4454289052964801,,,True
4.085,0.3471299738508312,-0.44802520501611587,,,True
4.09,0.34944989140010774,-0.450704290632181,,,True
4.095,0.35168032986491476,-0.4534626782893724,,,True
4.1,0.3538182509756248,-0.4562967634821062,,,True
4.105,0.35586076365252656,-0.45920282678231533,,,True
4.11,0.35780512838768397,-0.4621770397426977,,,True
4.115,0.35964876138654184,-0.4652154709649069,,,True
4.12,0.36138923846288185,-0.46831409232469845,,,True
4.125,0.3630242986813293,-0.47146878534304165,,,True
4.13,0.364551847741811,-0.4746753476944673,,,True
4.135,0.36596996110094754,-0.4779294998410942,,,True
4.14,0.3672768868255992,-0.4812268917824984,,,True
4.1450000000000005,0.3684710481744061,-0.48456310991287166,,,True
4.15,0.3695510459033323,-0.4879336839693298,,,True
4.155,0.37051566029196115,-0.49133409406827216,,,True
4.16,0.37136385288741386,-0.4947597778108443,,,True
4.165,0.3720947679634695,-0.4982061374525477,,,True
4.17,0.372707733692731,-0.5016685471219188,,,True
4.175,0.3732022630302272,-0.5051423600790135,,,True
4.18,0.3735780543072564,-0.5086229160011287,,,True
4.1850000000000005,0.37383499153473776,-0.5121055482854122,,,True
4.19,0.37397314441579654,-0.5155855913557937,,,True
4.195,0.37399276806775406,-0.5190583879633371,,,True
4.2,0.37389430245417554,-0.5225192964691343,,,True
4.205,0.3736783715280344,-0.5259636980966618,,,True
4.21,0.37334578208758373,-0.5293870041449202,,,True
4.215,0.3728975223468516,-0.5327846631466895,,,True
4.22,0.3723347602233131,-0.5361521679670513,,,True
4.225,0.3716588413454871,-0.5394850628231994,,,True
4.23,0.3708712867839283,-0.542778950222958,,,True
4.235,0.36997379050922014,-0.5460294978021769,,,True
4.24,0.36896821658132006,-0.5492324450602543,,,True
4.245,0.367856596074682,-0.5523836099724737,,,True
4.25,0.3666411237443672,-0.5554788954790013,,,True
4.255,0.36532415443838423,-0.5585142958318976,,,True
4.26,0.36390819926225704,-0.5614859027972168,,,True
4.265,0.36239592150186317,-0.5643899116955894,,,True
4.2700000000000005,0.36079013231130286,-0.5672226272799487,,,True
4.275,0.35909378617257504,-0.5699804694315918,,,True
4.28,0.357309976134557,-0.5726599786761046,,,True
4.285,0.3554419288387611,-0.5752578215005733,,,True
4.29,0.3534929993400289,-0.5777707954726661,,,True
4.295,0.35146666573031327,-0.5801958341459956,,,True
4.3,0.3493665235742882,-0.5825300117503238,,,True
4.305,0.34719628016559945,-0.5847705476553074,,,True
4.3100000000000005,0.3449597486129861,-0.5869148106024303,,,True
4.315,0.34266084176570216,-0.5889603226991867,,,True
4.32,0.3403035659879102,-0.5909047631670088,,,True
4.325,0.3378920147920248,-0.5927459718420315,,,True
4.33,0.3354303623410381,-0.5944819524149615,,,True
4.335,0.332922856830311,-0.596110875416521,,,True
4.34,0.33037381375919145,-0.5976310809323087,,,True
4.345,0.32778760910327964,-0.5990410810521707,,,True
4.3500000000000005,0.325168672398073,-0.6003395620442742,,,True
4.355,0.32252147974502493,-0.6015253862547383,,,True
4.36,0.3198505467510544,-0.6025975937275988,,,True
4.365,0.3171604214126929,-0.6035554035432931,,,True
4.37,0.31445567695612753,-0.6043982148752366,,,True
4.375,0.3117409046444403,-0.605125607760644,,,True
4.38,0.3090207065634038,-0.6057373435870309,,,True
4.385,0.30629968839720106,-0.6062333652915174,,,True
4.39,0.3035824522054759,-0.6066137972760921,,,True
4.3950000000000005,0.30087358921303425,-0.6068789450345019,,,True
4.4,0.29817767262360895,-0.6070292944975648,,,True
4.405,0.29549925046888653,-0.6070655110925323,,,True
4.41,0.2928428385041139,-0.6069884385222254,,,True
4.415,0.2902129131613319,-0.6067990972643682,,,True
4.42,0.2876139045713557,-0.6064986827940854,,,True
4.425,0.28505018966533213,-0.606088563532581,,,True
4.43,0.28252608536674545,-0.6055702785262782,,,True
4.4350000000000005,0.28004584188439896,-0.6049455348595915,,,True
4.44,0.2776136361169079,-0.6042162048046653,,,True
4.445,0.2752335651789073,-0.6033843227164242,,,True
4.45,0.27290964005909063,-0.6024520816739405,,,True
4.455,0.27064577941985773,-0.6014218298760843,,,True
4.46,0.26844580354825287,-0.6002960667970781,,,True
4.465,0.266313428467478,-0.5990774391083752,,,True
4.47,0.26425226021813797,-0.5977687363724473,,,True
4.4750000000000005,0.2622657893179736,-0.596372886517501,,,True
4.48,0.2603573854086661,-0.5948929510989668,,,True
4.485,0.25853029209785666,-0.5933321203558002,,,True
4.49,0.25678762200435945,-0.5916937080700416,,,True
4.495,0.25513235201406204,-0.5899811462386547,,,True
4.5,0.253567318753792,-0.5881979795633333,,,True
4.505,0.2520952142899925,-0.5863478597718298,,,True
4.51,0.25071858205872977,-0.584434539775232,,,True
4.515,0.24943981303317245,-0.5824618676751994,,,True
4.5200000000000005,0.24826114213426353,-0.5804337806250038,,,True
4.525,0.24718464489001857,-0.5783542985622822,,,True
4.53,0.2462122343483091,-0.5762275178137706,,,True
4.535,0.24534565824781546,-0.5740576045925992,,,True
4.54,0.24458649645116237,-0.5718487883887278,,,True
4.545,0.24393615864408344,-0.5696053552715343,,,True
4.55,0.24339588230381448,-0.5673316411081868,,,True
4.555,0.24296673093967933,-0.5650320247149621,,,True
4.5600000000000005,0.24264959260823002,-0.5627109209462764,,,True
4.565,0.24244517870501192,-0.5603727737376455,,,True
4.57,0.24235402303447542,-0.5580220491098111,,,True
4.575,0.24237648115919244,-0.5556632281471856,,,True
4.58,0.24251273002905382,-0.5533007999611507,,,True
4.585,0.24276276789069132,-0.5509392546488406,,,True
4.59,0.24312641447693967,-0.5485830762585818,,,True
4.595,0.24360331147570788,-0.5462367357746131,,,True
4.6000000000000005,0.24419292327716785,-0.5439046841285046,,,True
4.605,0.24489453799779123,-0.5415913452522527,,,True
4.61,0.24570726877926372,-0.5393011091814539,,,True
4.615,0.24663005535993537,-0.5370383252192518,,,True
4.62,0.24766166591601094,-0.5348072951740926,,,True
4.625,0.24880069916923875,-0.5326122666756797,,,True
4.63,0.25004558675758815,-0.5304574265908916,,,True
4.635,0.2513945958647192,-0.5283468945344291,,,True
4.64,0.2528458321040026,-0.5262847164996731,,,True
4.6450000000000005,0.2543972426521195,-0.5242748586059154,,,True
4.65,0.2560466196271851,-0.5223212009847805,,,True
4.655,0.2577916037056684,-0.5204275318005391,,,True
4.66,0.25962968797234526,-0.5185975414290414,,,True
4.665,0.2615582219968181,-0.5168348167888157,,,True
4.67,0.2635744161301355,-0.5151428358477393,,,True
4.675,0.26567534601439363,-0.5135249622994997,,,True
4.68,0.2678579572981386,-0.5119844404298598,,,True
4.6850000000000005,0.27011907054990664,-0.5105243901711664,,,True
4.69,0.27245538636205857,-0.5091478023613227,,,True
4.695,0.27486349063664206,-0.5078575342038859,,,True
4.7,0.2773398600449326,-0.5066563049467167,,,True
4.705,0.2798808676518599,-0.5055466917778056,,,True
4.71,0.2824827886963978,-0.5045311259482121,,,True
4.715,0.285141806518726,-0.5036118891264506,,,True
4.72,0.2878540186247653,-0.5027911099902928,,,True
4.7250000000000005,0.2906154428784765,-0.5020707610606142,,,True
4.73,0.2934220238121473,-0.5014526557825582,,,True
4.735,0.2962696390446629,-0.5009384458551395,,,True
4.74,0.2991541057977645,-0.5005296188211501,,,True
4.745,0.30207118749983053,-0.5002274959066769,,,True
4.75,0.3050166004670873,-0.5000332301319776,,,True
4.755,0.3079860206514727,-0.49994780467675076,,,True
4.76,0.3109750904448256,-0.49997203151991376,,,True
4.765,0.3139794255285432,-0.5001065503382438,,,True
4.7700000000000005,0.31699462175819815,-0.5003518276847883,,,True
4.775,0.32001626207217276,-0.5007081564276737,,,True
4.78,0.32303992341365967,-0.5011756554666933,,,True
4.785,0.3260611836552159,-0.5017542697170759,,,True
4.79,0.32907562851503575,-0.5024437703667796,,,True
4.795,0.33207885845426066,-0.5032437554005746,,,True
4.8,0.33506649554456924,-0.5041536503985391,,,True
4.805,0.3380341902953548,-0.505172709594738,,,True
4.8100000000000005,0.34097762842999324,-0.5063000172101926,,,True
4.815,0.34389253760057553,-0.5075344890406734,,,True
4.82,0.3467746940308386,-0.5088748743140452,,,True
4.825,0.3496199290768779,-0.5103197577960404,,,True
4.83,0.35242413569563824,-0.5118675621597375,,,True
4.835,0.3551832748110764,-0.5135165505972459,,,True
4.84,0.3578933815682073,-0.5152648296826591,,,True
4.845,0.3605505714654593,-0.5171103524749417,,,True
4.8500000000000005,0.36315104635572293,-0.5190509218571132,,,True
4.855,0.3656911003070558,-0.5210841941074176,,,True
4.86,0.36816712531382695,-0.5232076826950214,,,True
4.865,0.37057561684969237,-0.5254187622960702,,,True
4.87,0.3729131792537591,-0.5277146730237192,,,True
4.875,0.37517653094171105,-0.5300925248616782,,,True
4.88,0.37736250943392,-0.5325493023008792,,,True
4.885,0.3794680761928475,-0.5350818691656287,,,True
4.89,0.38149032126227295,-0.537686973625435,,,True
4.8950000000000005,0.3834264677013942,-0.5403612533837625,,,True
4.9,0.3852738758068564,-0.5431012410332805,,,True
4.905,0.38703004711650296,-0.5459033695751062,,,True
4.91,0.38869262818849704,-0.5487639780834443,,,True
4.915,0.3902594141503883,-0.5516793175202411,,,True
4.92,0.3917283520124171,-0.554645556674628,,,True
4.925,0.39309754374040157,-0.5576587882350937,,,True
4.93,0.3943652490832524,-0.5607150349677094,,,True
4.9350000000000005,0.39552988815118284,-0.5638102560071313,,,True
4.94,0.39659004374048235,-0.5669403532337917,,,True
4.945,0.39754446340169586,-0.5701011777459492,,,True
4.95,0.39839206124785975,-0.573288536395678,,,True
4.955,0.39913191950045074,-0.5764981983987921,,,True
4.96,0.39976328977057934,-0.579725901991303,,,True
4.965,0.4002855940738113,-0.5829673611362128,,,True
4.97,0.40069842557704494,-0.586218272255358,,,True
4.9750000000000005,0.40100154907668023,-0.5894743209931458,,,True
4.98,0.4011949012073013,-0.5927311889824548,,,True
4.985,0.40127859038097863,-0.5959845606203894,,,True
4.99,0.40125289645726736,-0.5992301298266618,,,True
4.995,0.4011182701448519,-0.6024636067902829,,,True
5.0,0.4008753321357259,-0.6056807246771586,,,True
5.005,0.40052487197372455,-0.608877246302974,,,True
5.01,0.4000678466591726,-0.612048970751549,,,True
5.015,0.39950537899219535,-0.6151917399311715,,,True
5.0200000000000005,0.3988387556573773,-0.6183014450591189,,,True
5.025,0.39806942505309906,-0.6213740330646107,,,True
5.03,0.39719899486900867,-0.6244055128969357,,,True
5.035,0.3962292294158056,-0.6273919617336853,,,True
5.04,0.3951620467115459,-0.6303295310755249,,,True
5.045,0.39399951532940714,-0.6332144527188882,,,True
5.05,0.39274385101192016,-0.6360430445997505,,,True
5.055,0.39139741305726994,-0.6388117164935542,,,True
5.0600000000000005,0.38996270048349924,-0.6415169755721485,,,True
5.065,0.388442347976782,-0.6441554317947923,,,True
5.07,0.38683912163043366,-0.6467238031428493,,,True
5.075,0.385155914481348,-0.6492189206692994,,,True
5.08,0.3833957418512836,-0.6516377333779468,,,True
5.085,0.3815617365002228,-0.6539773129011971,,,True
5.09,0.379657143599877,-0.6562348579919155,,,True
5.095,0.3776853155351008,-0.6584076988022016,,,True
5.1000000000000005,0.375649706541825,-0.6604933009585184,,,True
5.105,0.37355386718984274,-0.6624892694157651,,,True
5.11,0.3714014387194594,-0.664393352090846,,,True
5.115,0.36919614724091654,-0.6662034432682261,,,True
5.12,0.36694179780589864,-0.6679175867691728,,,True
5.125,0.3646422683605859,-0.6695339788882209,,,True
5.13,0.36230150358979935,-0.6710509710797603,,,True
5.135,0.3599235086621498,-0.6724670724059982,,,True
5.14,0.35751234288597855,-0.6737809517264853,,,True
5.1450000000000005,0.35507211328632027,-0.6749914396409311,,,True
5.15,0.3526069681129257,-0.676097530170738,,,True
5.155,0.3501210902897507,-0.6770983821841865,,,True
5.16,0.3476186908161974,-0.6779933205599817,,,True
5.165,0.3451040021305917,-0.6787818370879135,,,True
5.17,0.34258127144636585,-0.6794635911062706,,,True
5.175,0.3400547540714647,-0.6800384098745172,,,True
5.18,0.33752870672153823,-0.6805062886820488,,,True
5.1850000000000005,0.33500738083739745,-0.6808673906899965,,,True
5.19,0.3324950159173524,-0.6811220465121625,,,True
5.195,0.32999583287478196,-0.6812707535286427,,,True
5.2,0.3275140274315448,-0.6813141749415403,,,True
5.205,0.32505376355740556,-0.6812531385673708,,,True
5.21,0.3226191669659633,-0.68108863537331,,,True
5.215,0.32021431867705735,-0.6808218177559553,,,True
5.22,0.3178432486559688,-0.6804539975712479,,,True
5.2250000000000005,0.31550992953905577,-0.679986643910413,,,True
5.23,0.313218270455961,-0.6794213806349677,,,True
5.235,0.3109721109576586,-0.6787599836677987,,,True
5.24,0.30877521506014444,-0.6780043780494561,,,True
5.245,0.30663126541269226,-0.6771566347602815,,,True
5.25,0.30454385760005165,-0.6762189673196851,,,True
5.255,0.30251649458710617,-0.6751937281608359,,,True
5.26,0.3005525813148792,-0.674083404792911,,,True
5.265,0.2986554194559692,-0.6728906157544333,,,True
5.2700000000000005,0.2968282023377435,-0.6716181063642803,,,True
5.275,0.2950740100408575,-0.670268744276737,,,True
5.28,0.2933958046808883,-0.6688455148520048,,,True
5.285,0.2917964258800359,-0.667351516342778,,,True
5.29,0.2902785864360611,-0.6657899549103788,,,True
5.295,0.2888448681948544,-0.6641641394764413,,,True
5.3,0.2874977181330925,-0.6624774764195568,,,True
5.305,0.2862394446566964,-0.6607334641205297,,,True
5.3100000000000005,0.28507221412094536,-0.6589356873755932,,,True
5.315,0.2839980475771658,-0.6570878116723998,,,True
5.32,0.2830188177511665,-0.6551935773524942,,,True
5.325,0.2821362462576433,-0.6532567936572077,,,True
5.33,0.28135190105486657,-0.6512813326756267,,,True
5.335,0.2806671941432582,-0.64927112319802,,,True
5.34,0.28008337951126494,-0.6472301444896301,,,True
5.345,0.2796015513314496,-0.6451624199895155,,,True
5.3500000000000005,0.27922264240934286,-0.6430720109498028,,,True
5.355,0.27894742288724317,-0.6409630100207822,,,True
5.36,0.2787764992046331,-0.6388395347947114,,,True
5.365,0.27871031331666263,-0.636705721318486,,,True
5.37,0.27874914217150537,-0.6345657175842875,,,True
5.375,0.27889309744722157,-0.632423677009184,,,True
5.38,0.27914212554812706,-0.63028375191191,,,True
5.385,0.27949600786053014,-0.6281500870037187,,,True
5.39,0.27995436126692974,-0.626026812892366,,,True
5.3950000000000005,0.28051663891777817,-0.6239180396212739,,,True
5.4,0.28118213125914254,-0.6218278502449219,,,True
5.405,0.28194996731442473,-0.6197602944557378,,,True
5.41,0.2828191162178495,-0.6177193822698163,,,True
5.415,0.28378838899695585,-0.6157090777831301,,,True
5.42,0.2848564406011116,-0.6137332930065291,,,True
5.425,0.2860217721724403,-0.6117958817883238,,,True
5.43,0.28728273355551126,-0.6099006338373063,,,True
5.4350000000000005,0.28863752604136805,-0.6080512688508326,,,True
5.44,0.2900842053415612,-0.6062514307624216,,,True
5.445,0.29162068478698455,-0.6045046821093396,,,True
5.45,0.2932447387465904,-0.6028144985418621,,,True
5.455,0.2949540062599786,-0.6011842634656154,,,True
5.46,0.2967459948783542,-0.5996172628444432,,,True
5.465,0.2986180847071703,-0.598116680150313,,,True
5.47,0.3005675326443451,-0.5966855914927149,,,True
5.4750000000000005,0.3025914768067482,-0.5953269609065255,,,True
5.48,0.30468694113826195,-0.5940436358358763,,,True
5.485,0.30685084019159314,-0.5928383427900484,,,True
5.49,0.3090799840765445,-0.5917136832090885,,,True
5.495,0.31137108356647875,-0.590672129513445,,,True
5.5,0.3137207553551025,-0.5897160213749368,,,True
5.505,0.3161255274549866,-0.5888475621851694,,,True
5.51,0.3185818447293477,-0.5880688157536664,,,True
5.515,0.321086074548271,-0.5873817032169502,,,True
5.5200000000000005,0.32363451256033543,-0.586788000181488,,,True
5.525,0.32622338857066757,-0.5862893340921342,,,True
5.53,0.32884887251588424,-0.5858871818375944,,,True
5.535,0.3315070805267698,-0.5855828675917225,,,True
5.54,0.33419408106886783,-0.5853775608976873,,,True
5.545,0.3369059011515129,-0.585272274992861,,,True
5.55,0.33963853259541615,-0.5852678653824629,,,True
5.555,0.3423879383490059,-0.5853650286571503,,,True
5.5600000000000005,0.34515005884363575,-0.5855643015653149,,,True
5.565,0.34792081837761313,-0.5858660603287416,,,True
5.57,0.3506961315191787,-0.5862705202174311,,,True
5.575,0.35347190951829655,-0.5867777353686819,,,True
5.58,0.3562440667173256,-0.5873875988647811,,,True
5.585,0.35900852695051544,-0.5880998430541475,,,True
5.59,0.361761229922389,-0.5889140401326874,,,True
5.595,0.36449813755503135,-0.5898296029644742,,,True
5.6000000000000005,0.3672152402944309,-0.5908457861599297,,,True
5.605,0.36990856336606853,-0.5919616873906983,,,True
5.61,0.3725741729700152,-0.5931762489585485,,,True
5.615,0.3752081824059534,-0.5944882595937012,,,True
5.62,0.37780675811858044,-0.5958963565048323,,,True
5.625,0.38036612565407407,-0.5973990276495698,,,True
5.63,0.3828825755183212,-0.5989946142491444,,,True
5.635,0.38535246892799285,-0.6006813135190189,,,True
5.64,0.3877722434453299,-0.6024571816306223,,,True
5.6450000000000005,0.390138418488321,-0.6043201368855919,,,True
5.65,0.39244760070724183,-0.6062679631050985,,,True
5.655,0.3946964892198985,-0.6082983132245915,,,True
5.66,0.39688188069686703,-0.610408713092511,,,True
5.665,0.3990006742895492,-0.6125965654626745,,,True
5.67,0.4010498763928043,-0.6148591541752002,,,True
5.675,0.40302660523556494,-0.617193648521843,,,True
5.68,0.40492809529168194,-0.6195971077856347,,,True
5.6850000000000005,0.4067517015049253,-0.6220664859483778,,,True
5.69,0.4084949033210593,-0.6245986365604839,,,True
5.695,0.4101553085214398,-0.6271903177619715,,,True
5.7,0.4117306568517361,-0.629838197452465,,,True
5.705,0.41321882344073846,-0.6325388585910481,,,True
5.71,0.41461782200371355,-0.635288804634336,,,True
5.715,0.4159258078257452,-0.6380844650853982,,,True
5.72,0.417141080520302,-0.640922201161386,,,True
5.7250000000000005,0.4182620865591938,-0.6437983115593688,,,True
5.73,0.41928742156976007,-0.6467090383157176,,,True
5.735,0.4202158323963323,-0.6496505727519026,,,True
5.74,0.4210462189224545,-0.6526190614932633,,,True
5.745,0.4217776356516036,-0.6556106125516024,,,True
5.75,0.4224092930438437,-0.6586213014682782,,,True
5.755,0.422940558606689,-0.661647177497694,,,True
5.76,0.42337095773851263,-0.6646842698303903,,,True
5.765,0.4237001743235754,-0.6677285938429984,,,True
5.7700000000000005,0.4239280510776617,-0.6707761573604066,,,True
5.775,0.4240545896443316,-0.673822966932773,,,True
5.78,0.4240799504414383,-0.6768650340991761,,,True
5.785,0.42400445225878497,-0.6798983816495566,,,True
5.79,0.4238285716073006,-0.6829190498524261,,,True
5.795,0.42355294182144665,-0.685923102662682,,,True
5.8,0.4231783519159086,-0.6889066338710618,,,True
5.805,0.4227057451992324,-0.6918657732230274,,,True
5.8100000000000005,0.42213621764602305,-0.6947966924516137,,,True
5.815,0.4214710160312294,-0.6976956112616758,,,True
5.82,0.4207115358289695,-0.7005588032158454,,,True
5.825,0.4198593188799705,-0.7033826015476125,,,True
5.83,0.41891605083093636,-0.7061634048572011,,,True
5.835,0.41788355835062657,-0.7088976827197944,,,True
5.84,0.41676380612662994,-0.7115819811576991,,,True
5.845,0.4155588936483112,-0.7142129280058012,,,True
5.8500000000000005,0.41427105178064894,-0.7167872381290125,,,True
5.855,0.41290263913498076,-0.7193017185081197,,,True
5.86,0.4114561382421688,-0.7217532731703244,,,True
5.865,0.40993415153471446,-0.7241389079685087,,,True
5.87,0.4083393971439544,-0.7264557351881475,,,True
5.875,0.406674704519519,-0.728700977992927,,,True
5.88,0.40494300987763826,-0.7308719746802563,,,True
5.885,0.40314735148613384,-0.7329661827639417,,,True
5.89,0.4012908647931256,-0.7349811828547395,,,True
5.8950000000000005,0.399376777407732,-0.7369146823503594,,,True
5.9,0.39740840394046456,-0.7387645189208994,,,True
5.905,0.3953891407117822,-0.7405286637846814,,,True
5.91,0.39332246033708707,-0.742205224772038,,,True
5.915,0.39121190619697754,-0.7437924491705996,,,True
5.92,0.3890610868014219,-0.745288726350271,,,True
5.925,0.3868736700568677,-0.7466925901554337,,,True
5.93,0.38465337744555156,-0.7480027210801135,,,True
5.9350000000000005,0.3824039781259303,-0.7492179481936642,,,True
5.94,0.3801292829640368,-0.7503372508461924,,,True
5.945,0.377833138504775,-0.7513597601237987,,,True
5.95,0.37551942089310564,-0.7522847600691365,,,True
5.955,0.37319202975447735,-0.7531116886624378,,,True
5.96,0.3708548820442801,-0.7538401385486315,,,True
5.965,0.3685119058761238,-0.7544698575362763,,,True
5.97,0.36616703433841796,-0.7550007488298238,,,True
5.9750000000000005,0.36382419930947435,-0.7554328710440597,,,True
5.98,0.36148732528023664,-0.7557664379441568,,,True
5.985,0.35916032319509905,-0.7560018179680951,,,True
5.99,0.3568470843197442,-0.7561395334846635,,,True
5.995,0.3545514741463945,-0.7561802598272621,,,True
6.0,0.3522773263452632,-0.756124824071031,,,True
6.005,0.3500284367725047,-0.7559742035895857,,,True
6.01,0.34780855754318024,-0.7557295243568778,,,True
6.015000000000001,0.34562139117943125,-0.7553920590375268,,,True
6.0200000000000005,0.34347058484207627,-0.7549632248292909,,,True
6.025,0.34135972465551206,-0.7544445810940601,,,True
6.03,0.3392923301339368,-0.7538378267564273,,,True
6.035,0.3372718487183881,-0.7531447974955415,,,True
6.04,0.335301650432276,-0.7523674627145068,,,True
6.045,0.33338502266446385,-0.7515079223101131,,,True
6.05,0.3315251650873301,-0.7505684032351099,,,True
6.055,0.32972518471821544,-0.7495512558684871,,,True
6.0600000000000005,0.3279880911314012,-0.74845895018895,,,True
6.065,0.3263167918284846,-0.7472940717732237,,,True
6.07,0.324714087773752,-0.7460593176051817,,,True
6.075,0.32318266910197957,-0.7447574917274945,,,True
6.08,0.3217251110045935,-0.7433915007126886,,,True
6.085,0.3203438698011896,-0.7419643489983219,,,True
6.09,0.3190412792016391,-0.7404791340502783,,,True
6.095,0.31781954676519375,-0.7389390414055114,,,True
6.1000000000000005,0.31668075056131373,-0.7373473395661722,,,True
6.105,0.3156268360377719,-0.7357073747803108,,,True
6.11,0.3146596131003027,-0.734022565694753,,,True
6.115,0.3137807534085515,-0.7322963979120588,,,True
6.12,0.31299178789197446,-0.7305324184354123,,,True
6.125,0.31229410448971545,-0.7287342300363875,,,True
6.13,0.311688946117387,-0.7269054855269512,,,True
6.135,0.31117740886412476,-0.7250498819739487,,,True
6.140000000000001,0.31076044042203277,-0.723171154835277,,,True
6.1450000000000005,0.31043883875071143,-0.7212730720575141,,,True
6.15,0.3102132509782464,-0.7193594281148448,,,True
6.155,0.3100841725405297,-0.7174340380248936,,,True
6.16,0.31005194655962637,-0.7155007313278514,,,True
6.165,0.31011676346230677,-0.7135633460631354,,,True
6.17,0.3102786608385637,-0.711625722722246,,,True
6.175,0.3105375235406577,-0.7096916982226152,,,True
6.18,0.3108930840216704,-0.7077650998782297,,,True
6.1850000000000005,0.311344922913312,-0.7058497394055058,,,True
6.19,0.3118924698413025,-0.7039494069472427,,,True
6.195,0.31253500447723553,-0.7020678651506722,,,True
6.2,0.3132716578246211,-0.7002088432825283,,,True
6.205,0.31410141373711786,-0.6983760314153917,,,True
6.21,0.3150231106660976,-0.696573074669546,,,True
6.215,0.3160354436346692,-0.6948035675441558,,,True
6.22,0.3171369664347964,-0.693071048324673,,,True
6.2250000000000005,0.318326094043681,-0.6913789935904769,,,True
6.23,0.31960110525562935,-0.6897308128231812,,,True
6.235,0.3209601455246726,-0.6881298431252777,,,True
6.24,0.3224012300136799,-0.6865793440612452,,,True
6.245,0.3239222468445013,-0.685082492623851,,,True
6.25,0.3255209605442378,-0.6836423783364758,,,True
6.255,0.3271950156815912,-0.6822619984949054,,,True
6.26,0.32894194068790256,-0.6809442535671877,,,True
6.265000000000001,0.3307591518560346,-0.679691942737982,,,True
6.2700000000000005,0.33264395751133713,-0.6785077596284785,,,True
6.275,0.33459356234734666,-0.6773942881786292,,,True
6.28,0.33660507191972583,-0.676353998710332,,,True
6.285,0.33867549729085555,-0.6753892441689295,,,True
6.29,0.3408017598179437,-0.6745022565555573,,,True
6.295,0.3429806960767901,-0.6736951435528515,,,True
6.3,0.3452090629134303,-0.6729698853463486,,,True
6.305,0.3474835426156076,-0.6723283316518193,,,True
6.3100000000000005,0.34980074819584533,-0.6717721989473726,,,True
6.315,0.3521572287777092,-0.6713030679210445,,,True
6.32,0.3545494750767517,-0.6709223811279811,,,True
6.325,0.356973924967415,-0.6706314408725627,,,True
6.33,0.35942696912714517,-0.6704314073062528,,,True
6.335,0.36190495674873363,-0.6703232967553627,,,True
6.34,0.36440420131196033,-0.6703079802713469,,,True
6.345,0.3669209864053306,-0.670386182411688,,,True
6.3500000000000005,0.3694515715889143,-0.6705584802529785,,,True
6.355,0.3719921982888295,-0.6708253026323509,,,True
6.36,0.3745390957143761,-0.6711869296223807,,,True
6.365,0.3770884867883611,-0.6716434922443748,,,True
6.37,0.3796365940813494,-0.6721949724051943,,,True
6.375,0.38217964574064583,-0.6728412030795948,,,True
6.38,0.3847138814045774,-0.6735818687121037,,,True
6.385,0.38723555809302446,-0.6744165058657773,,,True
6.390000000000001,0.38974095606482617,-0.6753445040870065,,,True
6.3950000000000005,0.392226384633024,-0.6763651070116327,,,True
6.4,0.3946881879289213,-0.6774774136895968,,,True
6.405,0.3971227506058047,-0.6786803801401949,,,True
6.41,0.39952650347377183,-0.6799728211279961,,,True
6.415,0.40189592905647653,-0.6813534121561471,,,True
6.42,0.4042275670616838,-0.6828206916796092,,,True
6.425,0.40651801975661367,-0.6843730635273806,,,True
6.43,0.40876395724024656,-0.6860087995367983,,,True
6.4350000000000005,0.41096212260399523,-0.6877260423884844,,,True
6.44,0.41310933697309815,-0.6895228086423483,,,True
6.445,0.4152025044207536,-0.691396991971477,,,True
6.45,0.41723861674745466,-0.6933463665776957,,,True
6.455,0.41921475811824227,-0.6953685908033809,,,True
6.46,0.4211281095505907,-0.697461210907394,,,True
6.465,0.4229759532461418,-0.6996216650256863,,,True
6.47,0.42475567675964837,-0.7018472872895902,,,True
6.4750000000000005,0.42646477699856494,-0.7041353121080981,,,True
6.48,0.42810086404747016,-0.7064828786002816,,,True
6.485,0.4296616648111001,-0.7088870351751448,,,True
6.49,0.4311450264708191,-0.711344744247539,,,True
6.495,0.4325489197489254,-0.7138528870866169,,,True
6.5,0.43387144197615835,-0.7164082687878436,,,True
6.505,0.4351108199574345,-0.7190076233568425,,,True
6.51,0.4362654126318343,-0.7216476189058836,,,True
6.515000000000001,0.4373337135225124,-0.7243248629433118,,,True
6.5200000000000005,0.43831435297313565,-0.7270359077586829,,,True
6.525,0.4392061001673531,-0.7297772558872011,,,True
6.53,0.44000786492835714,-0.7325453656467884,,,True
6.535,0.4407186992959707,-0.735336656745199,,,True
6.54,0.44133779887880825,-0.7381475159339412,,,True
6.545,0.4418645039797793,-0.7409743027192264,,,True
6.55,0.44229830049318003,-0.7438133551016195,,,True
6.555,0.4426388205723115,-0.7466609953546629,,,True
6.5600000000000005,0.44288584306659357,-0.7495135358110107,,,True
6.565,0.4430392937278937,-0.7523672846715607,,,True
6.57,0.443099245185743,-0.7552185518068328,,,True
6.575,0.443065916691826,-0.7580636545566176,,,True
6.58,0.4429396736342497,-0.7608989235101373,,,True
6.585,0.4427210268225669,-0.7637207082597336,,,True
6.59,0.442410631544959,-0.7665253831241328,,,True
6.595,0.4420092863990899,-0.769309352821383,,,True
6.6000000000000005,0.4415179318988586,-0.7720690580964714,,,True
6.605,0.4409376488592519,-0.7748009812790569,,,True
6.61,0.4402696565621748,-0.777501651780157,,,True
6.615,0.4395153107062441,-0.7801676515005634,,,True
6.62,0.43867610114399946,-0.782795620161633,,,True
6.625,0.43775364941026423,-0.7853822605311915,,,True
6.63,0.43674970604572916,-0.7879243435536529,,,True
6.635,0.435666147720144,-0.7904187133604194,,,True
6.640000000000001,0.43450497415985695,-0.7928622921694881,,,True
6.6450000000000005,0.43326830488466456,-0.7952520850501635,,,True
6.65,0.4319583757592728,-0.7975851845556552,,,True
6.655,0.4305775353650749,-0.7998587752173829,,,True
6.66,0.4291282411979174,-0.8020701378831977,,,True
6.665,0.42761305569823393,-0.8042166539077913,,,True
6.67,0.4260346421197349,-0.8062958091739224,,,True
6.675,0.4243957602434828,-0.8083051979527978,,,True
6.68,0.4226992619440865,-0.8102425265803384,,,True
6.6850000000000005,0.4209480866152982,-0.8121056169662765,,,True
6.69,0.4191452564621776,-0.8138924099044555,,,True
6.695,0.41729387166752085,-0.8156009682046865,,,True
6.7,0.41539710544016023,-0.8172294796197406,,,True
6.705,0.4134581989531262,-0.8187762595805962,,,True
6.71,0.4114804561797165,-0.8202397537216759,,,True
6.715,0.40946723863571655,-0.8216185402039979,,,True
6.72,0.4074219600361314,-0.8229113318219469,,,True
6.7250000000000005,0.40534808087493684,-0.824116977899991,,,True
6.73,0.4032491029365092,-0.8252344659722639,,,True
6.735,0.40112856374731254,-0.8262629232372035,,,True
6.74,0.39899003097687,-0.827201617800257,,,True
6.745,0.39683709679663376,-0.8280499596830453,,,True
6.75,0.3946733722059199,-0.8288075016169919,,,True
6.755,0.39250248133369375,-0.8294739396030484,,,True
6.76,0.39032805572536694,-0.8300491132526833,,,True
6.765000000000001,0.3881537286234967,-0.8305330058955293,,,True
6.7700000000000005,0.38598312925149997,-0.830925744465233,,,True
6.775,0.3838198771093571,-0.8312275991568263,,,True
6.78,0.3816675762902434,-0.8314389828579922,,,True
6.785,0.37952980982713647,-0.8315604503583038,,,True
6.79,0.3774101340781143,-0.8315926973327821,,,True
6.795,0.37531207315939286,-0.8315365591087023,,,True
6.8,0.37323911343448435,-0.8313930092059304,,,True
6.805,0.3711946980685761,-0.8311631576708466,,,True
6.8100000000000005,0.36918222165608294,-0.8308482491883367,,,True
6.815,0.3672050249303784,-0.8304496609878965,,,True
6.82,0.3652663895633271,-0.8299689005411706,,,True
6.825,0.3633695330633391,-0.8294076030576333,,,True
6.83,0.36151760377936104,-0.8287675287819218,,,True
6.835,0.359713676018947,-0.8280505600948154,,,True
6.84,0.3579607452877535,-0.8272586984288929,,,True
6.845,0.3562617236578959,-0.8263940609898456,,,True
6.8500000000000005,0.35461943527250367,-0.8254588773182464,,,True
6.855,0.35303661199297276,-0.8244554856497979,,,True
6.86,0.3515158891963229,-0.823386329141409,,,True
6.865,0.3500598017282062,-0.8222539519012436,,,True
6.87,0.3486707800188611,-0.8210609948965154,,,True
6.875,0.34735114636674747,-0.8198101916831757,,,True
6.88,0.3461031113969006,-0.8185043640251538,,,True
6.885,0.3449287706978576,-0.8171464173451921,,,True
6.890000000000001,0.3438301016439182,-0.81573933608277,,,True
6.8950000000000005,0.3428089604059009,-0.8142861789033138,,,True
6.9,0.3418670791564507,-0.8127900738187752,,,True
6.905,0.3410060634726585,-0.8112542131873148,,,True
6.91,0.34022738994117774,-0.809681848628708,,,True
6.915,0.3395324039681673,-0.8080762858416103,,,True
6.92,0.3389223177985236,-0.8064408793560274,,,True
6.925,0.33839820874595167,-0.8047790271933846,,,True
6.93,0.33796101763787806,-0.8030941654893096,,,True
6.9350000000000005,0.33761154747592265,-0.8013897630352258,,,True
6.94,0.3373504623153067,-0.79966931580188,,,True
6.945,0.3371782863632446,-0.7979363414015859,,,True
6.95,0.3370954032989143,-0.7961943735423174,,,True
6.955,0.3371020558144698,-0.7944469564457277,,,True
6.96,0.337198345378895,-0.792697639268297,,,True
6.965,0.3373842322236063,-0.7909499705153552,,,True
6.97,0.33765953555062445,-0.7892074924577178,,,True
6.9750000000000005,0.3380239339618693,-0.7874737355738255,,,True
6.98,0.3384769661094451,-0.7857522130081278,,,True
6.985,0.3390180315649096,-0.7840464150693762,,,True
6.99,0.33964639190658324,-0.7823598037641308,,,True
6.995,0.34036117202238664,-0.7806958073881859,,,True
7.0,0.3411613616264089,-0.7790578151693976,,,True
7.005,0.34204581698611103,-0.7774491719852239,,,True
7.01,0.3430132628577411,-0.7758731731493071,,,True
7.015000000000001,0.3440622946260986,-0.7743330592864799,,,True
7.0200000000000005,0.34519138064569516,-0.7728320112951628,,,True
7.025,0.3463988647788122,-0.7713731454151943,,,True
7.03,0.34768296912674534,-0.7699595083938314,,,True
7.035,0.3490417969493208,-0.7685940727742916,,,True
7.04,0.3504733357683622,-0.7672797323024697,,,True
7.045,0.3519754606494101,-0.7660192974620978,,,True
7.05,0.3535459376570696,-0.7648154911442812,,,True
7.055,0.3551824274777317,-0.7636709444686203,,,True
7.0600000000000005,0.35688248920414856,-0.762588192730284,,,True
7.065,0.3586435842758011,-0.7615696715365847,,,True
7.07,0.3604630805683505,-0.7606177130658476,,,True
7.075,0.3623382566259826,-0.7597345425250246,,,True
7.08,0.36426630602969995,-0.7589222747577541,,,True
7.085,0.36624434189435573,-0.7581829110385933,,,True
7.09,0.3682694014877032,-0.7575183360453066,,,True
7.095,0.3703384509636203,-0.7569303150242076,,,True
7.1000000000000005,0.37244839020224024,-0.7564204911337723,,,True
7.105,0.37459605774912436,-0.7559903829923231,,,True
7.11,0.3767782358458226,-0.7556413824194286,,,True
7.115,0.37899165554363135,-0.7553747523830873,,,True
7.12,0.38123300189251724,-0.755191625141524,,,True
7.125,0.3834989191970457,-0.7550930006027651,,,True
7.13,0.38578601633096316,-0.7550797448853788,,,True
7.135,0.3880908721020018,-0.7551525890985005,,,True
7.140000000000001,0.3904100406584897,-0.7553121283230406,,,True
7.1450000000000005,0.392740056929219,-0.7555588208189488,,,True
7.15,0.395077442088113,-0.7558929874426411,,,True
7.155,0.3974187090348507,-0.7563148112789435,,,True
7.16,0.3997603678831552,-0.7568243374910665,,,True
7.165,0.4020989314479179,-0.7574214733915761,,,True
7.17,0.4044309207225466,-0.7581059887166179,,,True
7.175,0.4067528703382049,-0.7588775161334752,,,True
7.18,0.40906133399603106,-0.7597355519452004,,,True
7.1850000000000005,0.4113528898641761,-0.7606794570204751,,,True
7.19,0.41362414593105695,-0.7617084579289458,,,True
7.195,0.41587174530648824,-0.7628216482886759,,,True
7.2,0.4180923714625098,-0.7640179903189416,,,True
7.205,0.4202827534056144,-0.765296316597021,,,True
7.21,0.42243967077257205,-0.7666553320244692,,,True
7.215,0.4245599588414958,-0.7680936159745224,,,True
7.22,0.4266405134509861,-0.7696096246569915,,,True
7.2250000000000005,0.4286782958190712,-0.7712016936523294,,,True
7.23,0.43067033725499904,-0.7728680406502397,,,True
7.235,0.43261374375630324,-0.774606768359054,,,True
7.24,0.43450570048404563,-0.7764158675961623,,,True
7.245,0.43634347610957125,-0.7782932205554025,,,True
7.25,0.4381244270257016,-0.7802366042359002,,,True
7.255,0.4398460014161876,-0.7822436940349663,,,True
7.26,0.4415057431770277,-0.7843120674982106,,,True
7.265000000000001,0.44310129568366163,-0.7864392082211614,,,True
7.2700000000000005,0.44463040539819965,-0.7886225098863142,,,True
7.275,0.44609092531137745,-0.7908592804564952,,,True
7.28,0.4474808182136177,-0.7931467464714447,,,True
7.285,0.4487981597906355,-0.7954820574985921,,,True
7.29,0.45004114153851743,-0.797862290672303,,,True
7.295,0.4512080734941426,-0.8002844553699161,,,True
7.3,0.4522973867765977,-0.8027454979646851,,,True
7.305,0.45330763593590373,-0.8052423066943863,,,True
7.3100000000000005,0.45423750110551453,-0.8077717166028328,,,True
7.315,0.455085789955257,-0.8103305145663143,,,True
7.32,0.455851439442101,-0.8129154443963992,,,True
7.325,0.45653351735573117,-0.8155232119891428,,,True
7.33,0.4571312236572472,-0.8181504905531265,,,True
7.335,0.45764389160852925,-0.8207939258610734,,,True
7.34,0.458070988691059,-0.8234501415595923,,,True
7.345,0.4584121173127084,-0.8261157444910211,,,True
7.3500000000000005,0.45866701530172316,-0.8287873300546544,,,True
7.355,0.45883555618721295,-0.8314614875650631,,,True
7.36,0.4589177492659034,-0.8341348056276311,,,True
7.365,0.4589137394553728,-0.8368038775049254,,,True
7.37,0.4588238069338824,-0.8394653064674337,,,True
7.375,0.4586483665679986,-0.8421157111337948,,,True
7.38,0.4583879671286318,-0.8447517307729133,,,True
7.385,0.4580432902972949,-0.8473700305724063,,,True
7.390000000000001,0.4576151494640784,-0.849967306863412,,,True
7.3950000000000005,0.4571044883195439,-0.8525402922865578,,,True
7.4,0.4565123792428927,-0.8550857609006915,,,True
7.405,0.45584002148924035,-0.8576005332249548,,,True
7.41,0.45508873917869586,-0.8600814811880589,,,True
7.415,0.4542599790911462,-0.8625255330134916,,,True
7.42,0.4533553082698046,-0.8649296779946473,,,True
7.425,0.4523764114379187,-0.8672909711783504,,,True
7.43,0.45132508823258327,-0.8696065379353694,,,True
7.4350000000000005,0.45020325026041136,-0.871873578422039,,,True
7.44,0.4490129179796215,-0.8740893719118255,,,True
7.445,0.44775621741389204,-0.8762512810093172,,,True
7.45,0.44643537670300243,-0.8783567557145632,,,True
7.455,0.445052722496165,-0.8804033373621782,,,True
7.46,0.4436106761935629,-0.8823886623961571,,,True
7.465,0.4421117500424932,-0.8843104660095017,,,True
7.47,0.44055854309401404,-0.8861665856050105,,,True
7.4750000000000005,0.4389537370270685,-0.8879549641141101,,,True
7.48,0.4373000918461537,-0.8896736531169182,,,True
7.485,0.4356004414603431,-0.8913208158273028,,,True
7.49,0.43385768914955375,-0.8928947298541061,,,True
7.495,0.4320748029266479,-0.8943937898205863,,,True
7.5,0.43025481080149464,-0.8958165097684208,,,True
7.505,0.42840079595567176,-0.8971615253870105,,,True
7.51,0.42651589183450056,-0.8984275960376985,,,True
7.515000000000001,0.4246032771652185,-0.8996136065946204,,,True
7.5200000000000005,0.4226661709081653,-0.9007185690682952,,,True
7.525,0.4207078271501355,-0.901741624047774,,,True
7.53,0.41873152994679264,-0.9026820419146351,,,True
7.535,0.4167405881236591,-0.9035392238800758,,,True
7.54,0.4147383300424522,-0.9043127027819824,,,True
7.545,0.412728098342622,-0.9050021437083169,,,True
7.55,0.410713244664747,-0.9056073443732939,,,True
7.555,0.40869712436590844,-0.90612823532681,,,True
7.5600000000000005,0.4066830912334977,-0.9065648799106634,,,True
7.565,0.4046744922077016,-0.9069174740435553,,,True
7.57,0.40267466211911207,-0.907186345767717,,,True
7.575,0.4006869184515514,-0.9073719546086851,,,True
7.58,0.39871455613662493,-0.907474890713562,,,True
7.585,0.3967608423897834,-0.9074958737963913,,,True
7.59,0.3948290115945067,-0.9074357518681122,,,True
7.595,0.3929222602440283,-0.9072954997782853,,,True
7.6000000000000005,0.39104374194715213,-0.9070762175438877,,,True
7.605,0.3891965625073666,-0.9067791284998474,,,True
7.61,0.3873837750815063,-0.9064055772366496,,,True
7.615,0.3856083754269351,-0.9059570273708618,,,True
7.62,0.38387329724330194,-0.9054350591081453,,,True
7.625,0.38218140761737046,-0.9048413666452283,,,True
7.63,0.3805355025768873,-0.9041777553798415,,,True
7.635,0.3789383027612954,-0.903446138955922,,,True
7.640000000000001,0.3773924492152671,-0.902648536136343,,,True
7.6450000000000005,0.37590049931224856,-0.9017870675226132,,,True
7.65,0.3744649228135541,-0.9008639521028032,,,True
7.655,0.37308809806984555,-0.8998815036608389,,,True
7.66,0.3717723083702351,-0.8988421270362068,,,True
7.665,0.37051973844488706,-0.8977483142376361,,,True
7.67,0.36933247112657674,-0.8966026404370718,,,True
7.675,0.36821248417584174,-0.895407759818852,,,True
7.68,0.3671616472753172,-0.8941664013311758,,,True
7.6850000000000005,0.3661817191967853,-0.8928813642962865,,,True
7.69,0.36527434514647206,-0.8915555139466655,,,True
7.695,0.3644410542912114,-0.8901917768302413,,,True
7.7,0.36368325747051344,-0.8887931361494111,,,True
7.705,0.36300224509679885,-0.8873626270003132,,,True
7.71,0.3623991852478347,-0.8859033315429111,,,True
7.715,0.3618751219533611,-0.8844183740954981,,,True
7.72,0.3614309736792285,-0.8829109161796479,,,True
7.7250000000000005,0.3610675320103194,-0.8813841514964305,,,True
7.73,0.3607854605350191,-0.8798413008708419,,,True
7.735,0.3605852939319701,-0.8782856071505666,,,True
7.74,0.36046743726102604,-0.8767203300815002,,,True
7.745,0.3604321654586476,-0.8751487411547421,,,True
7.75,0.36047962303895603,-0.8735741184493472,,,True
7.755,0.36060982400013597,-0.8719997414648372,,,True
7.76,0.36082265193649016,-0.870428885956643,,,True
7.765000000000001,0.3611178603555466,-0.8688648187867485,,,True
7.7700000000000005,0.36149507319963503,-0.8673107927930703,,,True
7.775,0.3619537855706372,-0.8657700416774158,,,True
7.78,0.3624933646570484,-0.8642457749486989,,,True
7.785,0.3631130508610041,-0.8627411728894542,,,True
7.79,0.36381195912388786,-0.861259381585738,,,True
7.795,0.3645890804478016,-0.85980350800877,,,True
7.8,0.36544328361058914,-0.8583766151748815,,,True
7.805000000000001,0.36637331707126436,-0.8569817173644968,,,True
7.8100000000000005,0.36737781106277023,-0.8556217754350582,,,True
7.815,0.36845527986863974,-0.8542996922181585,,,True
7.82,0.36960412427954065,-0.8530183080129877,,,True
7.825,0.37082263422592576,-0.8517803961814936,,,True
7.83,0.3721089915823309,-0.8505886588627306,,,True
7.835,0.3734612731385641,-0.8494457227846129,,,True
7.84,0.3748774537333609,-0.8483541352229546,,,True
7.845,0.3763554095449329,-0.8473163600683896,,,True
7.8500000000000005,0.3778929215333559,-0.8463347740432001,,,True
7.855,0.3794876790291973,-0.84541166304886,,,True
7.86,0.3811372834624684,-0.8445492186724677,,,True
7.865,0.38283925222595794,-0.84374953482457,,,True
7.87,0.38459102266684464,-0.8430146045620567,,,True
7.875,0.3863899561999786,-0.8423463170466171,,,True
7.88,0.3882333425363104,-0.841746454686609,,,True
7.885,0.390118404019898,-0.841216690439598,,,True
7.890000000000001,0.39204230006616336,-0.8407585852993388,,,True
7.8950000000000005,0.3940021316948212,-0.8403735859503868,,,True
7.9,0.3959949461496717,-0.8400630226134816,,,True
7.905,0.3980177415986248,-0.8398281070707995,,,True
7.91,0.40006747190567354,-0.8396699308830026,,,True
7.915,0.4021410514681168,-0.8395894637941443,,,True
7.92,0.4042353601104408,-0.8395875523295624,,,True
7.925,0.40634724802812044,-0.8396649185904846,,,True
7.930000000000001,0.4084735407724997,-0.8398221592475162,,,True
7.9350000000000005,0.4106110442698074,-0.8400597447211384,,,True
7.94,0.41275654986564475,-0.8403780185798645,,,True
7.945,0.41490683938757134,-0.8407771971157599,,,True
7.95,0.4170586902173611,-0.8412573691446716,,,True
7.955,0.41920888036536497,-0.841818495980524,,,True
7.96,0.421354193538606,-0.8424604116381361,,,True
7.965,0.42349142419507707,-0.8431828232067266,,,True
7.97,0.42561738257580944,-0.8439853114481624,,,True
7.9750000000000005,0.42772889970753797,-0.8448673315752742,,,True
7.98,0.4298228323671825,-0.8458282142360202,,,True
7.985,0.4318960680014864,-0.8468671666862971,,,True
7.99,0.4339455295930331,-0.8479832741608373,,,True
7.995,0.43596818046607727,-0.8491755014306076,,,True
8.0,0.43796102902376843,-0.8504426945519238,,,True
8.005,0.4399211334101505,-0.8517835827906532,,,True
8.01,0.44184560608916457,-0.8531967807444929,,,True
8.015,0.4437316183339022,-0.854680790626212,,,True
8.02,0.44557640461880726,-0.8562340047348777,,,True
8.025,0.4473772669083377,-0.8578547080829467,,,True
8.03,0.44913157883524674,-0.8595410812097272,,,True
8.035,0.45083678976205893,-0.8612912031321929,,,True
8.040000000000001,0.45249042871957884,-0.8631030544788976,,,True
8.045,0.4540901082160801,-0.8649745207443886,,,True
8.05,0.45563352791174905,-0.8669033957247416,,,True
8.055,0.4571184781522961,-0.8688873850642641,,,True
8.06,0.45854284335651346,-0.8709241099560318,,,True
8.065,0.45990460525273164,-0.8730111109630225,,,True
8.07,0.4612018459587988,-0.875145851965872,,,True
8.075,0.4624327509014755,-0.8773257242264522,,,True
8.08,0.4635956115701817,-0.8795480505636162,,,True
8.085,0.46468882810145423,-0.8818100896286803,,,True
8.09,0.46571091168977546,-0.8841090402819782,,,True
8.095,0.4666604868215389,-0.8864420460576062,,,True
8.1,0.46753629332840363,-0.8888061997135647,,,True
8.105,0.4683371882572926,-0.891198547849991,,,True
8.11,0.46906214755408826,-0.8936160956091757,,,True
8.115,0.46971026755856893,-0.8960558114190804,,,True
8.120000000000001,0.47028076630852994,-0.898514631811446,,,True
8.125,0.4707729846509293,-0.9009894662611011,,,True
8.13,0.4711863871589125,-0.9034772020914742,,,True
8.135,0.4715205628529022,-0.9059747093772379,,,True
8.14,0.47177522572544944,-0.9084788459093777,,,True
8.145,0.4719502150684564,-0.9109864621306619,,,True
8.15,0.4720454956032432,-0.9134944061235728,,,True
8.155,0.4720611574125944,-0.9159995285542387,,,True
8.16,0.47199741567589976,-0.9184986876464684,,,True
8.165000000000001,0.47185461020722824,-0.920988754107002,,,True
8.17,0.4716332047979141,-0.9234666160538726,,,True
8.175,0.4713337863642161,-0.9259291838858842,,,True
8.18,0.4709570639022662,-0.9283733951398541,,,True
8.185,0.4705038672514566,-0.9307962192784778,,,True
8.19,0.46997514566890947,-0.9331946624355864,,,True
8.195,0.46937196621716853,-0.935565772097264,,,True
8.2,0.46869551196788073,-0.9379066417100894,,,True
8.205,0.4679470800245371,-0.9402144152156424,,,True
8.21,0.4671280793674664,-0.9424862915008818,,,True
8.215,0.46624002852469454,-0.9447195287563799,,,True
8.22,0.4652845530725212,-0.9469114487402877,,,True
8.225,0.4642633829698107,-0.9490594409324156,,,True
8.23,0.46317834973049515,-0.9511609665853407,,,True
8.235,0.4620313834387854,-0.9532135626507298,,,True
8.24,0.4608245096119574,-0.9552148455874718,,,True
8.245000000000001,0.45955984591594845,-0.9571625150417028,,,True
8.25,0.4582395987387647,-0.9590543573886637,,,True
8.255,0.4568660596276395,-0.9608882491345263,,,True
8.26,0.45544160159529906,-0.962662160178669,,,True
8.265,0.45396867530161605,-0.9643741569162,,,True
8.27,0.4524498051165198,-0.9660224051957218,,,True
8.275,0.4508875850706842,-0.9676051731068815,,,True
8.28,0.449284674700377,-0.9691208336162955,,,True
8.285,0.4476437947931236,-0.9705678670179771,,,True
8.290000000000001,0.4459677230411297,-0.9719448632383202,,,True
8.295,0.4442592896091165,-0.973250523933207,,,True
8.3,0.4425213726239948,-0.9744836644355134,,,True
8.305,0.4407568935933446,-0.9756432155098617,,,True
8.31,0.43896881275999033,-0.9767282249175688,,,True
8.315,0.4371601244001095,-0.9777378588030661,,,True
8.32,0.43533385207256686,-0.9786714028983723,,,True
8.325,0.4334930438264085,-0.9795282635188737,,,True
8.33,0.43164076737498563,-0.9803079683901503,,,True
8.335,0.42978010524336774,-0.9810101672607526,,,True
8.34,0.4279141498977731,-0.9816346323428268,,,True
8.345,0.4260459988637152,-0.9821812585457927,,,True
8.35,0.42417874984131704,-0.9826500635121261,,,True
8.355,0.4223154958251503,-0.9830411874801894,,,True
8.36,0.4204593202363558,-0.9833548929274817,,,True
8.365,0.41861329207478654,-0.9835915640466909,,,True
8.370000000000001,0.4167804610986371,-0.983751706005049,,,True
8.375,0.4149638530393888,-0.9838359440412379,,,True
8.38,0.4131664648592049,-0.9838450223370885,,,True
8.385,0.41139126005883014,-0.9837798027564246,,,True
8.39,0.4096411640424477,-0.9836412633328421,,,True
8.395,0.4079190595477983,-0.9834304966427408,,,True
8.4,0.4062277821476914,-0.9831487079406872,,,True
8.405,0.40457011583078584,-0.9827972131686117,,,True
8.41,0.4029487886678637,-0.9823774367487103,,,True
8.415000000000001,0.40136646857084496,-0.981890909247616,,,True
8.42,0.3998257591507044,-0.9813392648337452,,,True
8.425,0.39832919568133623,-0.9807242386295857,,,True
8.43,0.3968792411745392,-0.9800476638287103,,,True
8.435,0.3954782825738444,-0.9793114687562676,,,True
8.44,0.3941286270710724,-0.9785176736908892,,,True
8.445,0.3928324985533373,-0.9776683876191926,,,True
8.45,0.39159203418390265,-0.9767658047874643,,,True
8.455,0.39040928112451034,-0.9758122011998583,,,True
8.46,0.38928619340136267,-0.9748099308986149,,,True
8.465,0.3882246289227476,-0.9737614222234987,,,True
8.47,0.3872263466495036,-0.9726691738627772,,,True
8.475,0.38629300392597365,-0.9715357508861083,,,True
8.48,0.38542615397222146,-0.970363780594524,,,True
8.485,0.3846272435444253,-0.9691559483538443,,,True
8.49,0.3838976107640225,-0.9679149932699358,,,True
8.495000000000001,0.38323848312156356,-0.9666437038475604,,,True
8.5,0.3826509756557182,-0.9653449135185903,,,True
8.505,0.38213608931248577,-0.9640214961556587,,,True
8.51,0.38169470948476814,-0.9626763614811541,,,True
8.515,0.38132760473656263,-0.9613124504673763,,,True
8.52,0.3810354257114995,-0.9599327306495357,,,True
8.525,0.3808187042292025,-0.9585401914400813,,,True
8.53,0.3806778525690896,-0.9571378393921415,,,True
8.535,0.3806131629435893,-0.955728693435549,,,True
8.540000000000001,0.38062480716094776,-0.9543157801270147,,,True
8.545,0.38071283647800697,-0.9529021288573072,,,True
8.55,0.3808771816430751,-0.9514907670891805,,,True
8.555,0.3811176531285528,-0.9500847155834676,,,True
8.56,0.38143394155274174,-0.9486869836526655,,,True
8.565,0.3818256182899565,-0.9473005644270173,,,True
8.57,0.3822921362679758,-0.9459284301689282,,,True
8.575000000000001,0.3828328309509191,-0.9445735275984932,,,True
8.58,0.3834469215064599,-0.9432387732987415,,,True
8.585,0.38413351215450686,-0.9419270491268681,,,True
8.59,0.384891593696075,-0.9406411977464596,,,True
8.595,0.3857200452185777,-0.9393840181544653,,,True
8.6,0.38661763597579585,-0.938158261356239,,,True
8.605,0.38758302743839035,-0.9369666260476753,,,True
8.61,0.3886147755123916,-0.9358117544519486,,,True
8.615,0.389711332921333,-0.9346962281943486,,,True
8.620000000000001,0.39087105174847664,-0.933622564313903,,,True
8.625,0.3920921861349923,-0.9325932113628714,,,True
8.63,0.3933728951291811,-0.9316105456206586,,,True
8.635,0.39471124568299637,-0.9306768674308187,,,True
8.64,0.39610521578989233,-0.9297943976558181,,,True
8.645,0.3975526977600039,-0.9289652742641881,,,True
8.65,0.39905150162639635,-0.928191549047492,,,True
8.655,0.4005993586777187,-0.927475184484749,,,True
8.66,0.4021939251108057,-0.926818050737016,,,True
8.665000000000001,0.40383278579815235,-0.9262219228086476,,,True
8.67,0.40551345816325335,-0.9256884778361053,,,True
8.675,0.4072333961588246,-0.925219292567616,,,True
8.68,0.4089899943401292,-0.9248158409636179,,,True
8.685,0.41078059202822664,-0.9244794919962813,,,True
8.69,0.41260247755562696,-0.9242115076004312,,,True
8.695,0.4144528925877776,-0.924013040786077,,,True
8.700000000000001,0.4163290365139307,-0.9238851339463929,,,True
8.705,0.41822807089974884,-0.9238287173252266,,,True
8.71,0.42014712399512155,-0.9238446076636161,,,True
8.715,0.4220832952897503,-0.9239335070359473,,,True
8.72,0.4240336601094234,-0.9240960018512656,,,True
8.725,0.42599527424562517,-0.9243325620572115,,,True
8.73,0.42796517861141986,-0.9246435405159128,,,True
8.735,0.42994040391558463,-0.9250291725581838,,,True
8.74,0.4319179753487384,-0.9254895757439482,,,True
8.745000000000001,0.4338949172727962,-0.9260247497842792,,,True
8.75,0.435868257907602,-0.9266345766702984,,,True
8.755,0.43783503400625734,-0.9273188209655089,,,True
8.76,0.439792295512842,-0.9280771303085072,,,True
8.765,0.44173711019420797,-0.9289090360650756,,,True
8.77,0.4436665682396147,-0.9298139542028493,,,True
8.775,0.44557778682005017,-0.9307911863074522,,,True
8.78,0.44746791460079205,-0.9318399208077404,,,True
8.785,0.4493341361998385,-0.9329592343577772,,,True
8.790000000000001,0.45117367658535273,-0.934148093407692,,,True
8.795,0.45298380540515304,-0.9354053559320838,,,True
8.8,0.45476184124172897,-0.9367297733440204,,,True
8.805,0.4565051557858584,-0.938119992555086,,,True
8.81,0.4582111779226626,-0.9395745582198038,,,True
8.815,0.4598773977234546,-0.9410919151164773,,,True
8.82,0.461501370337473,-0.9426704107039268,,,True
8.825000000000001,0.4630807197772023,-0.9443082978085209,,,True
8.83,0.46461314259169745,-0.9460037374786087,,,True
8.835,0.4660964114219702,-0.9477548019572665,,,True
8.84,0.4675283784332144,-0.9495594778166151,,,True
8.845,0.4689069786184055,-0.9514156692028477,,,True
8.85,0.470230232968234,-0.9533212012237325,,,True
8.855,0.47149625150257396,-0.9552738234399433,,,True
8.86,0.4727032361588238,-0.957271213496545,,,True
8.865,0.47384948353263945,-0.9593109808373007,,,True
8.870000000000001,0.4749333874669199,-0.961390670542338,,,True
8.875,0.475953441485308,-0.9635077672554281,,,True
8.88,0.4769082410660009,-0.9656596992021907,,,True
8.885,0.47779648575324923,-0.9678438422993482,,,True
8.89,0.47861698110237216,-0.9700575243311718,,,True
8.895,0.4793686404565284,-0.9722980292169007,,,True
8.9,0.4800504865512609,-0.9745626013154725,,,True
8.905,0.48066165294605545,-0.9768484498215314,,,True
8.91,0.4812013852789296,-0.9791527531761735,,,True
8.915000000000001,0.4816690423443851,-0.9814726635627543,,,True
8.92,0.48206409699093733,-0.9838053114001966,,,True
8.925,0.4823861368390762,-0.9861478098952237,,,True
8.93,0.48263486481697293,-0.9884972596028168,,,True
8.935,0.4828100995146479,-0.9908507530120175,,,True
8.94,0.48291177535481483,-0.9932053791203168,,,True
8.945,0.4829399425820639,-0.9955582280467276,,,True
8.950000000000001,0.48289476706837375,-0.9979063955885161,,,True
8.955,0.48277652993780695,-1.0002469878151774,,,True
8.96,0.48258562700894647,-1.0025771256007912,,,True
8.965,0.48232256805802737,-1.004893949164586,,,True
8.97,0.48198797590235304,-1.0071946225379693,,,True
8.975,0.4815825853072671,-1.0094763380273433,,,True
8.98,0.4811072417171244,-1.0117363206041805,,,True
8.985,0.4805628998135071,-1.0139718322463311,,,True
8.99,0.4799506219023794,-1.0161801762197424,,,True
8.995000000000001,0.4792715761334487,-1.0183587012872493,,,True
9.0,0.4785270345542001,-1.0205048058439374,,,True
9.005,0.4777183710022569,-1.0226159419671004,,,True
9.01,0.47684705883922096,-1.024689619383589,,,True
9.015,0.4759146685298921,-1.026723409331426,,,True
9.02,0.4749228650709179,-1.0287149483420597,,,True
9.025,0.4738734052726581,-1.0306619418864218,,,True
9.03,0.472768134899216,-1.0325621679328738,,,True
9.035,0.4716089856710419,-1.03441348038246,,,True
9.040000000000001,0.47039797213472007,-1.0362138123664228,,,True
9.045,0.4691371884055714,-1.0379611794379,,,True
9.05,0.4678288047878079,-1.039653682614393,,,True
9.055,0.4664750642779118,-1.04128951128658,,,True
9.06,0.4650782789569511,-1.0428669459903845,,,True
9.065,0.46364082627741077,-1.0443843610242913,,,True
9.07,0.46216514525068053,-1.0458402269205522,,,True
9.075000000000001,0.46065373254124065,-1.0472331127645602,,,True
9.08,0.4591091384737182,-1.048561688346803,,,True
9.085,0.45753396295950394,-1.0498247261715863,,,True
9.09,0.4559308513489079,-1.0510211032798906,,,True
9.095,0.4543024902160323,-1.0521498029205953,,,True
9.1,0.45265160308266195,-1.053209916048093,,,True
9.105,0.45098094608838474,-1.0542006426561745,,,True
9.11,0.44929330361306447,-1.0551212929102194,,,True
9.115,0.44759148385994946,-1.0559712881542322,,,True
9.120000000000001,0.4458783144046596,-1.056750161682802,,,True
9.125,0.4441566377190037,-1.0574575593900455,,,True
9.13,0.4424293066749769,-1.0580932401989471,,,True
9.135,0.440699180037489,-1.0586570763360532,,,True
9.14,0.4389691179518142,-1.0591490534181855,,,True
9.145,0.43724197743378995,-1.059569270359928,,,True
9.15,0.43552060786916397,-1.0599179391081086,,,True
9.155,0.43380784652962195,-1.060195384181193,,,True
9.16,0.43210651411259876,-1.0604020420665705,,,True
9.165000000000001,0.43041941031127023,-1.0605384603963084,,,True
9.17,0.4287493094226788,-1.0606052969839046,,,True
9.175,0.42709895599985553,-1.0606033186768613,,,True
9.18,0.4254710605556904,-1.0605334000325468,,,True
9.185,0.42386829532425213,-1.0603965218266782,,,True
9.19,0.4222932900875425,-1.0601937694135815,,,True
9.195,0.42074862807245145,-1.0599263308856026,,,True
9.200000000000001,0.41923684192638117,-1.059595495123081,,,True
9.205,0.41776040977560225,-1.0592026496317022,,,True
9.21,0.4163217513746624,-1.0587492782791859,,,True
9.215,0.4149232243506937,-1.0582369588343254,,,True
9.22,0.4135671205506126,-1.0576673604045146,,,True
9.225,0.412255662494674,-1.0570422406951647,,,True
9.23,0.41099099994395555,-1.056363443153971,,,True
9.235,0.40977520658525973,-1.0556328939789033,,,True
9.24,0.40861027683998474,-1.0548525989890758,,,True
9.245000000000001,0.4074981228007261,-1.054024640388427,,,True
9.25,0.40644057130135625,-1.0531511733991983,,,True
9.255,0.4054393611239454,-1.0522344227894498,,,True
9.26,0.40449614034802706,-1.0512766792996229,,,True
9.265,0.40361246384491684,-1.0502802959524424,,,True
9.27,0.40278979092223616,-1.049247684291022,,,True
9.275,0.40202948312086395,-1.0481813105038529,,,True
9.28,0.4013328021689343,-1.0470836914935313,,,True
9.285,0.4007009080947668,-1.0459573908474786,,,True
9.290000000000001,0.4001348575024245,-1.0448050147501267,,,True
9.295,0.39963560201192494,-1.043629207834126,,,True
9.3,0.39920398686657044,-1.0424326489617004,,,True
9.305,0.3988407497097068,-1.0412180469879797,,,True
9.31,0.398546519531619,-1.0399881364219388,,,True
9.315,0.398321815790041,-1.0387456731428897,,,True
9.32,0.39816704770259076,-1.037493429970087,,,True
9.325000000000001,0.39808251371556724,-1.0362341923427243,,,True
9.33,0.3980684011459779,-1.0349707538451924,,,True
9.335,0.39812478600106455,-1.0337059118692746,,,True
9.34,0.3982516329715391,-1.0324424631300693,,,True
9.345,0.39844879560202817,-1.0311831993197116,,,True
9.35,0.39871601663505435,-1.0299309026612649,,,True
9.355,0.399052928530495,-1.028688341579346,,,True
9.36,0.3994590541574056,-1.0274582663098217,,,True
9.365,0.399933807658434,-1.0262434046197164,,,True
9.370000000000001,0.4004764954844236,-1.0250464575014102,,,True
9.375,0.4010863175976631,-1.0238700949673616,,,True
9.38,0.4017623688420066,-1.0227169518621264,,,True
9.385,0.4025036404765966,-1.0215896237448456,,,True
9.39,0.40330902187220286,-1.0204906628521395,,,True
9.395,0.40417730236515503,-1.0194225741011724,,,True
9.4,0.40510717326838946,-1.0183878112191693,,,True
9.405,0.4060972300333522,-1.0173887728943947,,,True
9.41,0.4071459745623004,-1.0164277990922768,,,True
9.415000000000001,0.4082518176641359,-1.0155071673920673,,,True
9.42,0.40941308165253015,-1.0146290894945948,,,True
9.425,0.4106280030797209,-1.013795707775516,,,True
9.43,0.41189473560358897,-1.0130090920127797,,,True
9.435,0.4132113529814662,-1.0122712361671848,,,True
9.44,0.4145758521876037,-1.011584055348498,,,True
9.445,0.41598615664769417,-1.0109493828516953,,,True
9.450000000000001,0.4174401195866145,-1.0103689673871226,,,True
9.455,0.41893552748254975,-1.0098444703656597,,,True
9.46,0.4204701036236837,-1.0093774634254293,,,True
9.465,0.4220415117597973,-1.0089694259923554,,,True
9.47,0.4236473598448063,-1.008621743093864,,,True
9.475,0.425285203862719,-1.0083357032295681,,,True
9.48,0.4269525517320082,-1.0081124964804138,,,True
9.485,0.4286468672814018,-1.0079532126930457,,,True
9.49,0.43036557429133837,-1.0078588399093813,,,True
9.495000000000001,0.43210606059418194,-1.0078302628684495,,,True
9.5,0.4338656822270483,-1.0078682617609047,,,True
9.505,0.43564176763037665,-1.0079735110622898,,,True
9.51,0.4374316218858725,-1.0081465786239936,,,True
9.515,0.439232530986792,-1.0083879248394803,,,True
9.52,0.44104176613407947,-1.008697902076371,,,True
9.525,0.44285658805141914,-1.0090767541793912,,,True
9.53,0.4446742513123774,-1.0095246162436053,,,True
9.535,0.44649200867314875,-1.010041514474595,,,True
9.540000000000001,0.4483071154032545,-1.0106273662836742,,,True
9.545,0.4501168336085859,-1.0112819804993858,,,True
9.55,0.4519184365387942,-1.0120050578157953,,,True
9.555,0.45370921287305915,-1.0127961913225205,,,True
9.56,0.4554864709772717,-1.0136548673105414,,,True
9.565,0.4572475431258322,-1.0145804661317195,,,True
9.57,0.45898978968154447,-1.0155722633347504,,,True
9.575000000000001,0.46071060322726914,-1.0166294308545294,,,True
9.58,0.4624074126424447,-1.0177510384839146,,,True
9.585,0.464077687118645,-1.0189360553732416,,,True
9.59,0.465718940107179,-1.0201833518168415,,,True
9.595,0.46732873319379475,-1.0214917010779736,,,True
9.6,0.46890467989264434,-1.022859781466303,,,True
9.605,0.47044444935593044,-1.024286178468423,,,True
9.61,0.4719457699907266,-1.025769387106541,,,True
9.615,0.47340643298065677,-1.0273078143741718,,,True
9.620000000000001,0.4748242957030543,-1.0288997818481493,,,True
9.625,0.4761972850407835,-1.030543528406384,,,True
9.63,0.4775234005788295,-1.0322372130935518,,,True
9.635,0.47880071768565047,-1.0339789180946206,,,True
9.64,0.48002739046965803,-1.0357666518383992,,,True
9.645,0.4812016546109726,-1.0375983522009256,,,True
9.65,0.4823218300597442,-1.0394718898328716,,,True
9.655,0.48338632360102146,-1.0413850715738122,,,True
9.66,0.48439363127830576,-1.0433356439766672,,,True
9.665000000000001,0.4853423406758877,-1.0453212969108832,,,True
9.67,0.4862311330531386,-1.0473396672751318,,,True
9.675,0.4870587853302057,-1.0493883427481243,,,True
9.68,0.4878241719202049,-1.0514648656690229,,,True
9.685,0.4885262664064756,-1.0535667369226929,,,True
9.69,0.4891641430615971,-1.0556914199546834,,,True
9.695,0.4897369782063145,-1.0578363447696897,,,True
9.700000000000001,0.49024405140624316,-1.059998912050001,,,True
9.705,0.4906847465047582,-1.0621764972529177,,,True
9.71,0.4910585524902686,-1.0643664547941079,,,True
9.715,0.4913650641971563,-1.0665661222190896,,,True
9.72,0.49160398283906703,-1.0687728244416166,,,True
9.725,0.4917751163737685,-1.070983877940198,,,True
9.73,0.49187837969986453,-1.0731965950353362,,,True
9.735,0.4919137946841074,-1.0754082880933649,,,True
9.74,0.4918814900206417,-1.0776162738008377,,,True
9.745000000000001,0.491781700921334,-1.0798178773500944,,,True
9.75,0.4916147686391489,-1.0820104366922607,,,True
9.755,0.49138113982408893,-1.084191306678979,,,True
9.76,0.4910813657142391,-1.086357863257985,,,True
9.765,0.49071610116208736,-1.0885075075499264,,,True
9.77,0.49028610349892227,-1.0906376699550229,,,True
9.775,0.4897922312384664,-1.0927458141584527,,,True
9.78,0.4892354426221967,-1.0948294411007524,,,True
9.785,0.48861679400908925,-1.0968860928831823,,,True
9.790000000000001,0.48793743811188595,-1.0989133566060716,,,True
9.795,0.4871986220834043,-1.1009088681217365,,,True
9.8,0.4864016854556638,-1.1028703157272401,,,True
9.805,0.48554805793532646,-1.1047954437446275,,,True
9.81,0.4846392570592001,-1.106682056034418,,,True
9.815,0.4836768857133858,-1.108528019392109,,,True
9.82,0.4826626295204825,-1.1103312668639762,,,True
9.825000000000001,0.48159825409851126,-1.1120898009200615,,,True
9.83,0.48048560219684977,-1.1138016965623592,,,True
9.835,0.47932659071276923,-1.1154651042609904,,,True
9.84,0.4781232075946346,-1.1170782528286198,,,True
9.845,0.4768775086353842,-1.118639452104207,,,True
9.85,0.4755916141627785,-1.1201470955660573,,,True
9.855,0.47426770563072923,-1.1215996627617242,,,True
9.86,0.472908022117822,-1.122995721640336,,,True
9.865,0.4715148567382999,-1.1243339307070703,,,True
9.870000000000001,0.4700905529713209,-1.1256130410585432,,,True
9.875,0.4686375009146556,-1.1268318982582106,,,True
9.88,0.4671581334682682,-1.1279894440655192,,,True
9.885,0.46565492245438705,-1.129084718002451,,,True
9.89,0.4641303746800203,-1.1301168587856505,,,True
9.895,0.46258702794804557,-1.1310851055650866,,,True
9.9,0.4610274470236441,-1.1319887990457846,,,True
9.905,0.459454219562009,-1.1328273824081083,,,True
9.91,0.45786995200413927,-1.1336004020983292,,,True
9.915000000000001,0.4562772654471242,-1.1343075084298107,,,True
9.92,0.45467879149527146,-1.1349484560354475,,,True
9.925,0.45307716809911674,-1.135523104150365,,,True
9.93,0.4514750353882783,-1.1360314167255814,,,True
9.935,0.4498750315053605,-1.136473462384264,,,True
9.94,0.4482797884469063,-1.136849414202246,,,True
9.945,0.44669192791851664,-1.137159549335948,,,True
9.950000000000001,0.4451140572100824,-1.1374042484727223,,,True
9.955,0.44354876509827673,-1.137583995135355,,,True
9.96,0.44199861778195915,-1.1376993748042832,,,True
9.965,0.4404661548578337,-1.1377510739019683,,,True
9.97,0.43895388534153174,-1.137739878596256,,,True
9.975,0.43746428374168095,-1.1376666734722585,,,True
9.98,0.4359997861916087,-1.1375324400215385,,,True
9.985,0.4345627866463111,-1.1373382550109523,,,True
9.99,0.4331556331490458,-1.137085288670474,,,True
9.995000000000001,0.4317806241749766,-1.1367748027734965,,,True
10.0,0.43044000505582075,-1.1364081485276782,,,True
10.005,0.42913596449292973,-1.1359867643765935,,,True
10.01,0.42787063116228796,-1.135512173617732,,,True
10.015,0.4266460704187467,-1.134985981939906,,,True
10.02,0.425464281102284,-1.1344098747761204,,,True
10.025,0.42432719245381917,-1.133785614594875,,,True
10.03,0.423236661142507,-1.1331150380064232,,,True
10.035,0.4221944684121038,-1.1324000528257685,,,True
10.040000000000001,0.4212023173476593,-1.131642634956196,,,True
10.045,0.42026183026986214,-1.1308448252323697,,,True
10.05,0.4193745462579597,-1.130008726106483,,,True
10.055,0.41854191880802133,-1.1291364983006564,,,True
10.06,0.4177653136270519,-1.1282303573011223,,,True
10.065,0.41704600656943003,-1.1272925698441465,,,True
10.07,0.41638518171569233,-1.1263254502545132,,,True
10.075000000000001,0.4157839295994621,-1.1253313567779748,,,True
10.08,0.4152432455824744,-1.1243126877874716,,,True
10.085,0.41476402838253834,-1.1232718779832178,,,True
10.09,0.41434707875439475,-1.1222113944906948,,,True
10.095,0.4139930983274566,-1.1211337329586222,,,True
10.1,0.41370268860023757,-1.1200414135817063,,,True
10.105,0.41347635009435596,-1.1189369771005298,,,True
10.11,0.41331448166826723,-1.1178229807746005,,,True
10.115,0.41321737999236685,-1.1167019943319771,,,True
10.120000000000001,0.413185239185512,-1.1155765959051565,,,True
10.125,0.41321815061398226,-1.114449367955046,,,True
10.13,0.4133161028523475,-1.113322893196031,,,True
10.135,0.41347898180666914,-1.1121997505056982,,,True
10.14,0.41370657099981256,-1.1110825109061537,,,True
10.145,0.4139985520169244,-1.1099737334461,,,True
10.15,0.4143545051127886,-1.1088759612623105,,,True
10.155,0.4147739099765705,-1.1077917175078547,,,True
10.16,0.4152561466559143,-1.10672350145215,,,True
10.165000000000001,0.4158004966361343,-1.105673784521885,,,True
10.17,0.41640614407433035,-1.1046450064656719,,,True
10.175,0.4170721771855534,-1.103639571522934,,,True
10.18,0.4177975897784134,-1.1026598446560925,,,True
10.185,0.4185812829389608,-1.1017081479007347,,,True
10.19,0.4194220668578339,-1.1007867567087493,,,True
10.195,0.42031866279971464,-1.099897896427143,,,True
10.200000000000001,0.4212697052107657,-1.09904373884476,,,True
10.205,0.42227374396046197,-1.0982263988116145,,,True
10.21,0.42332924671493927,-1.0974479309686147,,,True
10.215,0.4244346014372142,-1.0967103265743798,,,True
10.22,0.42558811901051474,-1.0960155104139684,,,True
10.225,0.42678803598074927,-1.0953653378649912,,,True
10.23,0.42803251741272325,-1.0947615919987121,,,True
10.235,0.42931965985693027,-1.09420598088571,,,True
10.24,0.4306474944206637,-1.0937001349508395,,,True
10.245000000000001,0.4320139899395475,-1.0932456045045844,,,True
10.25,0.43341705624368965,-1.0928438573524857,,,True
10.255,0.4348545475138665,-1.092496276599685,,,True
10.26,0.43632426572167404,-1.0922041585222588,,,True
10.265,0.4378239641487999,-1.0919687106522595,,,True
10.27,0.43935135097900735,-1.091791049914147,,,True
10.275,0.44090409295827226,-1.0916722010175846,,,True
10.28,0.44247981911546097,-1.0916130948662235,,,True
10.285,0.4440761245399699,-1.0916145672609483,,,True
10.290000000000001,0.44569057420764097,-1.091677357595935,,,True
10.295,0.44732070685170505,-1.091802107884877,,,True
10.3,0.4489640388697191,-1.0919893617467844,,,True
10.305,0.4506180682630667,-1.0922395637527316,,,True
10.31,0.4522802786002924,-1.0925530587182228,,,True
10.315,0.45394814300024605,-1.0929300913674231,,,True
10.32,0.45561912812677813,-1.0933708059495946,,,True
10.325000000000001,0.4572906981901068,-1.0938752461991386,,,True
10.33,0.45896031894799855,-1.0944433552988044,,,True
10.335,0.4606254616998978,-1.0950749761212644,,,True
10.34,0.462283607269384,-1.095769851546045,,,True
10.345,0.4639322499660985,-1.096527624976925,,,True
10.35,0.46556890152432784,-1.0973478410155808,,,True
10.355,0.4671910950079819,-1.0982299462551572,,,True
10.36,0.46879638868005585,-1.099173290265761,,,True
10.365,0.4703823698269532,-1.1001771267174787,,,True
10.370000000000001,0.47194665853427126,-1.1012406146470255,,,True
10.375,0.47348691140625937,-1.1023628198788142,,,True
10.38,0.4750008252249022,-1.103542716605576,,,True
10.385,0.47648614054084154,-1.104779189068774,,,True
10.39,0.4779406451930029,-1.106071033440039,,,True
10.395,0.47936217774889506,-1.107416959774761,,,True
10.4,0.48074863086266456,-1.1088155941663331,,,True
10.405,0.4820979545432788,-1.110265480948356,,,True
10.41,0.483408159330577,-1.1117650851378869,,,True
10.415000000000001,0.48467731937105124,-1.1133127948666894,,,True
10.42,0.48590357539150036,-1.114906924046127,,,True
10.425,0.4870851375642885,-1.1165457150711096,,,True
10.43,0.48822028826013253,-1.1182273416885875,,,True
10.435,0.4893073846846608,-1.1199499119146687,,,True
10.44,0.49034486139395655,-1.1217114711084972,,,True
10.445,0.49133123268616463,-1.1235100051092808,,,True
10.450000000000001,0.4922650948641871,-1.1253434434614835,,,True
10.455,0.49314512836790575,-1.1272096627577715,,,True
10.46,0.493970099770248,-1.1291064900031602,,,True
10.465,0.4947388636370002,-1.131031706139305,,,True
10.47,0.49545036424455663,-1.1329830495447901,,,True
10.475,0.49610363715556594,-1.1349582196761074,,,True
10.48,0.496697810648356,-1.1369548807124588,,,True
10.485,0.4972321069992042,-1.1389706652918417,,,True
10.49,0.4977058436146309,-1.1410031782553454,,,True
10.495000000000001,0.4981184340131481,-1.1430500004838227,,,True
10.5,0.49846938865356183,-1.1451086926932363,,,True
10.505,0.49875831561068984,-1.1471767993536235,,,True
10.51,0.4989849210952591,-1.1492518525313653,,,True
10.515,0.499149009819401,-1.1513313758234296,,,True
10.52,0.49925048520585313,-1.1534128882553873,,,True
10.525,0.49928934944184467,-1.1554939082254143,,,True
10.53,0.4992657033760531,-1.1575719573719114,,,True
10.535,0.49917974626164957,-1.1596445645433728,,,True
10.540000000000001,0.49903177534244597,-1.1617092696220144,,,True
10.545,0.49882218528683286,-1.1637636274580125,,,True
10.55,0.49855146746664714,-1.165805211654191,,,True
10.555,0.498220209086074,-1.167831618425972,,,True
10.56,0.4978290921584168,-1.1698404703256378,,,True
10.565,0.49737889233600113,-1.171829420010086,,,True
10.57,0.49687047759193614,-1.173796153877571,,,True
10.575000000000001,0.49630480675894834,-1.1757383957128638,,,True
10.58,0.495682927925084,-1.1776539102261698,,,True
10.585,0.4950059766910661,-1.1795405065403006,,,True
10.59,0.4942751742906275,-1.1813960416043292,,,True
10.595,0.49349182557838017,-1.1832184235390737,,,True
10.6,0.49265731688660347,-1.1850056148601813,,,True
10.605,0.49177311375715455,-1.186755635683447,,,True
10.61,0.49084075854862647,-1.1884665667309513,,,True
10.615,0.48986186792702446,-1.1901365523662435,,,True
10.620000000000001,0.48883813023921996,-1.1917638033962674,,,True
10.625,0.4877713027783342,-1.1933465998864845,,,True
10.63,0.4866632089406469,-1.1948832937533813,,,True
10.635,0.4855157352832685,-1.1963723113294926,,,True
10.64,0.48433082848326114,-1.1978121557651507,,,True
10.645,0.483110492206169,-1.1992014093023133,,,True
10.65,0.4818567838868698,-1.20053873544557,,,True
10.655,0.4805718114295131,-1.2018228809856857,,,True
10.66,0.47925772983036913,-1.2030526778888577,,,True
10.665000000000001,0.4779167377305794,-1.2042270450728143,,,True
10.67,0.4765510739023413,-1.2053449899862523,,,True
10.675,0.4751630136769386,-1.206405610154362,,,True
10.68,0.4737548653163994,-1.207408094425276,,,True
10.685,0.4723289663394426,-1.20835172424761,,,True
10.69,0.4708876798023001,-1.209235874637194,,,True
10.695,0.469433390545377,-1.2100600151262006,,,True
10.700000000000001,0.4679685014070728,-1.2108237104552833,,,True
10.705,0.46649542941527894,-1.2115266212212532,,,True
10.71,0.4650166019578374,-1.212168504251222,,,True
10.715,0.46353445294311857,-1.212749212952681,,,True
10.72,0.46205141895167634,-1.2132686974008031,,,True
10.725,0.4605699353896677,-1.2137270043414414,,,True
10.73,0.45909243264638444,-1.214124277017061,,,True
10.735,0.4576213322648367,-1.2144607548369724,,,True
10.74,0.45615904312924965,-1.2147367729192,,,True
10.745000000000001,0.4547079576769893,-1.2149527614366227,,,True
10.75,0.45327044813976936,-1.2151092448639373,,,True
10.755,0.45184886282123354,-1.2152068410516008,,,True
10.76,0.45044552241537006,-1.215246260150653,,,True
10.765,0.4490627163726169,-1.2152283033958498,,,True
10.77,0.4477026993189899,-1.2151538617553166,,,True
10.775,0.44636768753358913,-1.2150239144306765,,,True
10.78,0.44505985549054505,-1.2148395272265582,,,True
10.785,0.4437813324698589,-1.2146018507608478,,,True
10.790000000000001,0.44253419924399434,-1.2143121185971317,,,True
10.795,0.4413204848431752,-1.213971645174711,,,True
10.8,0.4401421634069174,-1.2135818236844287,,,True
10.805,0.43900115112415194,-1.2131441237638387,,,True
10.81,0.43789930326916654,-1.2126600891157786,,,True
10.815,0.4368384113355465,-1.2121313349947918,,,True
10.82,0.4358202002748379,-1.2115595455815182,,,True
10.825000000000001,0.43484632584172606,-1.2109464712454718,,,True
10.83,0.4339183720527245,-1.2102939257354566,,,True
10.835,0.4330378487590861,-1.2096037832350273,,,True
10.84,0.4322061893405103,-1.2088779753470096,,,True
10.845,0.43142474852113066,-1.2081184879950928,,,True
10.85,0.43069480031216917,-1.2073273582158628,,,True
10.855,0.4300175360841054,-1.2065066709159384,,,True
10.86,0.42939406277094155,-1.2056585555001673,,,True
10.865,0.42882540121020185,-1.2047851825101747,,,True
10.870000000000001,0.42831248461957644,-1.2038887601075972,,,True
10.875,0.42785615721432707,-1.2029715305910103,,,True
10.88,0.42745717296588687,-1.202035766794375,,,True
10.885,0.42711619450459326,-1.2010837684958724,,,True
10.89,0.42683379216734657,-1.200117858728971,,,True
10.895,0.4266104431920235,-1.1991403801189235,,,True
10.9,0.4264465310599052,-1.1981536911580544,,,True
10.905,0.42634234498599805,-1.197160162459017,,,True
10.91,0.42629807955972826,-1.1961621730220169,,,True
10.915000000000001,0.426313834534006,-1.195162106449982,,,True
10.92,0.42638961476533005,-1.194162347191058,,,True
10.925,0.4265253303029196,-1.193165276786274,,,True
10.93,0.42672079662775286,-1.1921732700926013,,,True
10.935,0.42697573504035397,-1.1911886915715666,,,True
10.94,0.42728977319698236,-1.1902138915363916,,,True
10.945,0.42766244579261475,-1.189251202486234,,,True
10.950000000000001,0.42809319539078694,-1.1883029354327581,,,True
10.955,0.42858137339643615,-1.1873713762671634,,,True
10.96,0.4291262411736152,-1.1864587822024995,,,True
10.965,0.4297269713017314,-1.1855673782152052,,,True
10.97,0.4303826489730448,-1.1846993535914976,,,True
10.975,0.4310922735242394,-1.1838568584886626,,,True
10.98,0.4318547601041331,-1.1830420006112152,,,True
10.985,0.43266894147009816,-1.1822568418872847,,,True
10.99,0.43353356991538794,-1.181503395319688,,,True
10.995000000000001,0.4344473193182296,-1.1807836217935512,,,True
11.0,0.43540878731586863,-1.1800994271017065,,,True
11.005,0.43641649759360596,-1.1794526589404362,,,True
11.01,0.4374689022906249,-1.1788451040959766,,,True
11.015,0.4385643845142837,-1.1782784856561384,,,True
11.02,0.4397012609624004,-1.1777544603883137,,,True
11.025,0.44087778464589034,-1.1772746161572984,,,True
11.03,0.44209214771089256,-1.1768404695246726,,,True
11.035,0.4433424843524053,-1.1764534634148969,,,True
11.040000000000001,0.4446268738175474,-1.1761149649077696,,,True
11.045,0.44594334349157594,-1.175826263176607,,,True
11.05,0.44728987206320026,-1.1755885675080533,,,True
11.055,0.4486643927631961,-1.175403005525413,,,True
11.06,0.45006479667105775,-1.1752706214115427,,,True
11.065,0.45148893608582913,-1.1751923744518797,,,True
11.07,0.4529346279531757,-1.1751691374984146,,,True
11.075000000000001,0.4543996573462154,-1.175201695775895,,,True
11.08,0.45588178099211835,-1.175290745666088,,,True
11.085,0.4573787308399428,-1.175436893736891,,,True
11.09,0.4588882176644822,-1.175640655849924,,,True
11.095,0.4604079346992215,-1.175902456474283,,,True
11.1,0.4619355612935563,-1.1762226280662935,,,True
11.105,0.4634687665882348,-1.1766014106788065,,,True
11.11,0.4650052132030794,-1.1770389516445405,,,True
11.115,0.4665425609312455,-1.1775353054601816,,,True
11.120000000000001,0.4680784704343579,-1.1780904337809912,,,True
11.125,0.46961060693229617,-1.1787042055790418,,,True
11.13,0.4711366438822745,-1.179376397443875,,,True
11.135,0.47265426664120225,-1.1801066940364198,,,True
11.14,0.4741611761053061,-1.1808946886590164,,,True
11.145,0.4756550923218938,-1.1817398840073843,,,True
11.15,0.4771337580671602,-1.1826416930381063,,,True
11.155,0.47859494238444833,-1.1835994399864462,,,True
11.16,0.4800364440777113,-1.1846123615271844,,,True
11.165000000000001,0.4814560951540991,-1.1856796080495173,,,True
11.17,0.48285176421145404,-1.1868002451124122,,,True
11.175,0.48422135976371966,-1.1879732549699853,,,True
11.18,0.4855628335010136,-1.1891975382928872,,,True
11.185,0.4868741834774321,-1.190471915956791,,,True
11.19,0.4881534572233845,-1.1917951310083341,,,True
11.195,0.4893987547759093,-1.193165850704242,,,True
11.200000000000001,0.490608231623697,-1.1945826686921805,,,True
11.205,0.4917801015617178,-1.1960441073292347,,,True
11.21,0.4929126394502986,-1.197548620035644,,,True
11.215,0.4940041838762957,-1.1990945938669022,,,True
11.22,0.49505313970970855,-1.2006803520542835,,,True
11.225,0.49605798055428063,-1.2023041567748682,,,True
11.23,0.49701725108673067,-1.2039642119171003,,,True
11.235,0.49792956928134857,-1.2056586659935382,,,True
11.24,0.498793628517198,-1.2073856150954623,,,True
11.245000000000001,0.499608199563744,-1.2091431059752025,,,True
11.25,0.5003721324429692,-1.2109291391573138,,,True
11.255,0.5010843581637437,-1.212741672142754,,,True
11.26,0.501743890327948,-1.2145786226940063,,,True
11.265,0.5023498266029353,-1.2164378721143936,,,True
11.27,0.5029013500619843,-1.2183172686929762,,,True
11.275,0.5033977303865214,-1.2202146310659103,,,True
11.28,0.5038383249322386,-1.2221277517427858,,,True
11.285,0.5042225796545332,-1.2240544005684986,,,True
11.290000000000001,0.504550029894276,-1.2259923283195244,,,True
11.295,0.5048203010205781,-1.2279392702099239,,,True
11.3,0.505033108932038,-1.2298929495335673,,,True
11.305,0.5051882604137815,-1.2318510812403773,,,True
11.31,0.5052856533509411,-1.233811375553562,,,True
11.315,0.5053252767985771,-1.235771541608565,,,True
11.32,0.5053072109067624,-1.23772929103304,,,True
11.325000000000001,0.5052316267029526,-1.239682341592363,,,True
11.33,0.5050987857304204,-1.2416284207579806,,,True
11.335,0.5049090395446875,-1.2435652693157906,,,True
11.34,0.5046628290676446,-1.2454906448612657,,,True
11.345,0.5043606838027676,-1.247402325409176,,,True
11.35,0.5040032209090205,-1.2492981127789515,,,True
11.355,0.5035911441400736,-1.251175836143772,,,True
11.36,0.5031252426448956,-1.2530333553209836,,,True
11.365,0.5026063896379954,-1.254868564239421,,,True
11.370000000000001,0.5020355409350065,-1.256679394111529,,,True
11.375,0.5014137333622626,-1.25846381676062,,,True
11.38,0.5007420830377437,-1.2602198476994342,,,True
11.385,0.5000217835305293,-1.2619455492980645,,,True
11.39,0.49925410389808367,-1.263639033720402,,,True
11.395,0.498440386607723,-1.2652984659112307,,,True
11.4,0.49758204534358325,-1.266922066413859,,,True
11.405,0.4966805627032423,-1.2685081141245829,,,True
11.41,0.495737487788567,-1.2700549489613775,,,True
11.415000000000001,0.4947544336930056,-1.2715609744127525,,,True
11.42,0.4937330748914045,-1.2730246600065047,,,True
11.425,0.4926751445344595,-1.2744445436374428,,,True
11.43,0.4915824316544891,-1.2758192338450025,,,True
11.435,0.49045677828436135,-1.2771474118912196,,,True
11.44,0.48930007649710033,-1.2784278338175499,,,True
11.445,0.4881142653680382,-1.279659332289212,,,True
11.450000000000001,0.48690132786725693,-1.2808408184045543,,,True
11.455,0.48566328768442407,-1.2819712832958363,,,True
11.46,0.48440220599379463,-1.2830497996767254,,,True
11.465,0.4831201781620982,-1.284075523181612,,,True
11.47,0.4818193304071306,-1.2850476936726243,,,True
11.475,0.480501816409383,-1.2859656362933038,,,True
11.48,0.47916981388534896,-1.2868287625031203,,,True
11.485,0.47782552112494936,-1.2876365708714081,,,True
11.49,0.4764711535009831,-1.2883886478242041,,,True
11.495000000000001,0.47510893995450465,-1.289084668170617,,,True
11.5,0.47374111946256475,-1.289724395561472,,,True
11.505,0.47236993749385303,-1.2903076827427034,,,True
11.51,0.47099764245705833,-1.2908344717260138,,,True
11.515,0.4696264821491244,-1.2913047937590532,,,True
11.52,0.46825870020684857,-1.291718769212299,,,True
11.525,0.46689653257013347,-1.292076607287662,,,True
11.53,0.4655422039593305,-1.2923786056005673,,,True
11.535,0.46419792437534163,-1.292625149608149,,,True
11.540000000000001,0.46286588562542436,-1.2928167119411598,,,True
11.545,0.4615482578819937,-1.2929538515307484,,,True
11.55,0.4602471862785105,-1.2930372126797005,,,True
11.555,0.4589647875488248,-1.293067523914466,,,True
11.56,0.4577031467143139,-1.2930455967875192,,,True
11.565,0.45646431382514757,-1.2929723244976055,,,True
11.57,0.4552503007588817,-1.2928486803752182,,,True
11.575000000000001,0.45406307808438046,-1.2926757163141898,,,True
11.58,0.4529045719919052,-1.2924545609660743,,,True
11.585,0.4517766612988588,-1.2921864179494016,,,True
11.59,0.4506811745308734,-1.2918725638014772,,,True
11.595,0.449619887087737,-1.291514345964903,,,True
11.6,0.44859451849371396,-1.2911131805049338,,,True
11.605,0.4476067297411577,-1.290670549889642,,,True
11.61,0.4466581207271022,-1.2901880004990915,,,True
11.615,0.44575022779091894,-1.2896671401932789,,,True
11.620000000000001,0.44488452135304807,-1.289109635640804,,,True
11.625,0.4440624036618028,-1.2885172096997788,,,True
11.63,0.4432852066487065,-1.2878916385633121,,,True
11.635,0.44255418989825873,-1.2872347489796205,,,True
11.64,0.4418705387330277,-1.2865484152451776,,,True
11.645,0.44123536241852573,-1.2858345562503388,,,True
11.65,0.44064969248976665,-1.2850951323590705,,,True
11.655,0.4401144812024721,-1.2843321423296594,,,True
11.66,0.4396306001105454,-1.2835476200455072,,,True
11.665000000000001,0.4391988387730421,-1.2827436313414782,,,True
11.67,0.4388199035913942,-1.2819222706469637,,,True
11.675,0.4384944167794775,-1.281085657714035,,,True
11.68,0.4382229154672872,-1.2802359341756526,,,True
11.685,0.43800585094015815,-1.2793752602044888,,,True
11.69,0.43784358801412343,-1.2785058110335843,,,True
11.695,0.4377364045484825,-1.2776297735584183,,,True
11.700000000000001,0.4376844910961175,-1.276749342815806,,,True
11.705,0.43768795069174277,-1.2758667185576167,,,True
11.71,0.43774679877934614,-1.2749841017469368,,,True
11.715,0.4378609632765233,-1.2741036910913481,,,True
11.72,0.43803028477887984,-1.2732276795809678,,,True
11.725,0.4382545168996144,-1.2723582510094198,,,True
11.73,0.4385333267490301,-1.2714975765764023,,,True
11.735,0.43886629554662404,-1.2706478114211865,,,True
11.74,0.43925291937189054,-1.2698110912928808,,,True
11.745000000000001,0.4396926100449083,-1.2689895291430315,,,True
11.75,0.44018469614293354,-1.2681852118767358,,,True
11.755,0.44072842414322533,-1.2674001970116473,,,True
11.76,0.4413229596985673,-1.266636509541922,,,True
11.765,0.4419673890348524,-1.2658961386922392,,,True
11.77,0.4426607204765146,-1.265181034896811,,,True
11.775,0.44340188608980613,-1.264493106684108,,,True
11.78,0.4441897434477921,-1.2638342177683974,,,True
11.785,0.4450230775087474,-1.2632061841154807,,,True
11.790000000000001,0.4459006026088668,-1.2626107711420242,,,True
11.795,0.44682096456344744,-1.2620496909846135,,,True
11.8,0.44778274287449105,-1.2615245998338076,,,True
11.805,0.4487844530405502,-1.2610370954036878,,,True
11.81,0.449824548965336,-1.2605887144412502,,,True
11.815,0.4509014254608814,-1.2601809303922415,,,True
11.82,0.4520134208416888,-1.259815151113007,,,True
11.825000000000001,0.45315881960505755,-1.2594927167381487,,,True
11.83,0.4543358551939743,-1.2592148976231203,,,True
11.835,0.4555427128373965,-1.2589828924145752,,,True
11.84,0.45677753246386177,-1.2587978262225885,,,True
11.845,0.45803841168392223,-1.2586607489401025,,,True
11.85,0.45932340883563033,-1.25857263364146,,,True
11.855,0.4606305460896257,-1.2585343751323352,,,True
11.86,0.46195781260771074,-1.2585467886325055,,,True
11.865,0.4633031677504007,-1.2586106085413151,,,True
11.870000000000001,0.46466454432816456,-1.2587264873874315,,,True
11.875,0.46603985189151725,-1.258894994862136,,,True
11.88,0.46742698005409117,-1.2591166170261507,,,True
11.885,0.4688238018441595,-1.2593917556000838,,,True
11.89,0.4702281770785791,-1.259720727447122,,,True
11.895,0.47163795575456663,-1.260103764129976,,,True
11.9,0.47305098145306196,-1.2605410116601194,,,True
11.905,0.47446509474918364,-1.2610325303261138,,,True
11.91,0.4758781366236063,-1.2615782947080174,,,True
11.915000000000001,0.4772879518701478,-1.2621781937861218,,,True
11.92,0.4786923924936828,-1.2628320312187444,,,True
11.925,0.48008932109348923,-1.2635395257358808,,,True
11.93,0.48147661422578175,-1.2643003116471652,,,True
11.935,0.48285216574210926,-1.2651139395466668,,,True
11.94,0.48421389009532667,-1.2659798770571415,,,True
11.945,0.48555972561160393,-1.2668975098015212,,,True
11.950000000000001,0.4868876377195876,-1.26786614240793,,,True
11.955,0.48819562213546036,-1.2688849997433589,,,True
11.96,0.4894817079949283,-1.2699532281535628,,,True
11.965,0.49074396093139416,-1.2710698969621754,,,True
11.97,0.49198048609134243,-1.2722339999319923,,,True
11.975,0.49318943108655267,-1.2734444570280827,,,True
11.98,0.49436898887386754,-1.2747001160914297,,,True
11.985,0.4955174005630204,-1.275999754834798,,,True
11.99,0.4966329581432408,-1.2773420827377877,,,True
11.995000000000001,0.4977140071289777,-1.2787257432554964,,,True
12.0,0.49875894911667223,-1.2801493159321684,,,True
12.005,0.4997662442516805,-1.2816113187842517,,,True
12.01,0.5007344135998144,-1.283110210642203,,,True
12.015,0.5016620414200804,-1.2846443936848346,,,True
12.02,0.5025477773362907,-1.2862122159901863,,,True
12.025,0.5033903384020177,-1.2878119742169318,,,True
12.030000000000001,0.5041885110584781,-1.2894419163247557,,,True
12.035,0.5049411529795521,-1.2911002444132833,,,True
12.040000000000001,0.5056471948039019,-1.2927851175879572,,,True
12.045,0.5063056417484815,-1.294494654904327,,,True
12.05,0.5069155751047701,-1.2962269383981613,,,True
12.055,0.5074761536113643,-1.2979800161364012,,,True
12.06,0.5079866147046161,-1.2997519053326836,,,True
12.065,0.5084462756424397,-1.3015405955078554,,,True
12.07,0.5088545345022791,-1.3033440517043484,,,True
12.075000000000001,0.5092108710490275,-1.305160217695468,,,True
12.08,0.5095148474748358,-1.306987019290957,,,True
12.085,0.5097661090061553,-1.3088223675893382,,,True
12.09,0.5099643843809403,-1.3106641623232727,,,True
12.095,0.5101094861919548,-1.312510295163852,,,True
12.1,0.510201311098666,-1.3143586530798557,,,True
12.105,0.5102398399049197,-1.3162071216506355,,,True
12.11,0.5102251375049118,-1.3180535884237932,,,True
12.115,0.5101573526956422,-1.3198959462554858,,,True
12.120000000000001,0.510036717857323,-1.3217320966074475,,,True
12.125,0.509863548502182,-1.323559952875061,,,True
12.13,0.5096382426925355,-1.3253774436573453,,,True
12.135,0.5093612803287091,-1.327182516014233,,,True
12.14,0.509033222309224,-1.328973138694332,,,True
12.145,0.5086547095628249,-1.3307473053130188,,,True
12.15,0.5082264619564985,-1.332503037507918,,,True
12.155000000000001,0.5077492770782959,-1.3342383880118684,,,True
12.16,0.5072240289004644,-1.3359514437272195,,,True
12.165000000000001,0.5066516663215649,-1.337640328683212,,,True
12.17,0.5060332115932403,-1.339303206984905,,,True
12.175,0.5053697586314463,-1.3409382856529481,,,True
12.18,0.5046624712172935,-1.342543817418756,,,True
12.185,0.5039125810885556,-1.344118103447395,,,True
12.19,0.5031213859264532,-1.3456594959596035,,,True
12.195,0.5022902472395241,-1.3471664007833788,,,True
12.200000000000001,0.5014205881497734,-1.3486372798198263,,,True
12.205,0.5005138910829074,-1.3500706534236666,,,True
12.21,0.4995716953678531,-1.3514651026663893,,,True
12.215,0.4985955947483324,-1.3528192715272511,,,True
12.22,0.4975872348114528,-1.3541318689620694,,,True
12.225,0.49654831033659824,-1.3554016708868477,,,True
12.23,0.49548056256985507,-1.3566275220417017,,,True
12.235,0.49438577642693315,-1.357808337733042,,,True
12.24,0.4932657776310991,-1.3589431055000945,,,True
12.245000000000001,0.49212242978820625,-1.36003088660891,,,True
12.25,0.490957631406216,-1.3610708174932749,,,True
12.255,0.4897733128614094,-1.3620621110161188,,,True
12.26,0.48857143331818464,-1.3630040576524014,,,True
12.265,0.4873539776060913,-1.3638960265315014,,,True
12.27,0.48612295305940045,-1.3647374663300762,,,True
12.275,0.48488038632491737,-1.36552790611098,,,True
12.280000000000001,0.4836283201413663,-1.366266955915413,,,True
12.285,0.4823688100982134,-1.3669543073730104,,,True
12.290000000000001,0.4811039213758693,-1.3675897340478274,,,True
12.295,0.4798357254752979,-1.3681730917506065,,,True
12.3,0.47856629694017805,-1.368704318662095,,,True
12.305,0.47729771007762106,-1.369183435334581,,,True
12.31,0.47603203568347036,-1.3696105446292575,,,True
12.315,0.4747713377748852,-1.3699858313951405,,,True
12.32,0.47351767033912606,-1.3703095621900752,,,True
12.325000000000001,0.47227307409848607,-1.3705820846540266,,,True
12.33,0.47103957330305884,-1.3708038269987461,,,True
12.335,0.469819172549129,-1.3709752971538327,,,True
12.34,0.4686138536352879,-1.3710970819618848,,,True
12.345,0.46742557245462907,-1.3711698461111888,,,True
12.35,0.46625625593367176,-1.3711943310427874,,,True
12.355,0.4651077990176569,-1.3711713536633099,,,True
12.36,0.4639820617124023,-1.37110180505287,,,True
12.365,0.4628808661807323,-1.37098664888002,,,True
12.370000000000001,0.4618059939051788,-1.3708269198824865,,,True
12.375,0.46075918291509316,-1.3706237221354796,,,True
12.38,0.4597421250873164,-1.3703782272433855,,,True
12.385,0.45875646352026955,-1.3700916723955172,,,True
12.39,0.45780378999048493,-1.369765358389971,,,True
12.395,0.4568856424897099,-1.3694006474689067,,,True
12.4,0.4560035028527223,-1.3689989611424427,,,True
12.405000000000001,0.4551587944728065,-1.3685617778422658,,,True
12.41,0.45435288011565667,-1.3680906305907838,,,True
12.415000000000001,0.4535870598269214,-1.3675871044221526,,,True
12.42,0.45286256894584054,-1.3670528339575918,,,True
12.425,0.45218057621814006,-1.3664895006502757,,,True
12.43,0.4515421820205234,-1.3658988301817403,,,True
12.435,0.4509484166910005,-1.365282589597234,,,True
12.44,0.4504002389750798,-1.364642584568186,,,True
12.445,0.4498985345835281,-1.3639806564169752,,,True
12.450000000000001,0.4494441148693094,-1.3632986792245432,,,True
12.455,0.44903771562196754,-1.3625985568274348,,,True
12.46,0.44867999598295205,-1.3618822197689369,,,True
12.465,0.4483715374831497,-1.3611516222187394,,,True
12.47,0.4481128432041476,-1.3604087389045794,,,True
12.475,0.44790433706347943,-1.3596555618963722,,,True
12.48,0.4477463632267518,-1.3588940975290162,,,True
12.485,0.4476391856453047,-1.3581263631422662,,,True
12.49,0.44758298772207483,-1.3573543839722908,,,True
12.495000000000001,0.44757787210307254,-1.3565801898210499,,,True
12.5,0.447623860599679,-1.35580581198624,,,True
12.505,0.4477208942349499,-1.3550332799247053,,,True
12.51,0.4478688334215494,-1.3542646181788776,,,True
12.515,0.4480674582618582,-1.3535018430180616,,,True
12.52,0.44831646898082633,-1.3527469594789576,,,True
12.525,0.44861548647696775,-1.352001957954305,,,True
12.530000000000001,0.44896405300672,-1.3512688113562132,,,True
12.535,0.44936163298282483,-1.3505494717108484,,,True
12.540000000000001,0.44980761390444673,-1.349845867393731,,,True
12.545,0.4503013073985903,-1.349159899842539,,,True
12.55,0.45084195038869707,-1.3484934408168077,,,True
12.555,0.45142870637218185,-1.347848329254721,,,True
12.56,0.4520606668201511,-1.3472263686223185,,,True
12.565,0.4527368526818634,-1.3466293238793399,,,True
12.57,0.4534562160067607,-1.3460589189618364,,,True
12.575000000000001,0.4542176416655968,-1.3455168338707642,,,True
12.58,0.45501994918372446,-1.3450047022675624,,,True
12.585,0.4558618946687591,-1.3445241087929898,,,True
12.59,0.4567421728419265,-1.3440765867079922,,,True
12.595,0.4576594191601869,-1.3436636154851336,,,True
12.6,0.4586122120324322,-1.3432866185136678,,,True
12.605,0.4595990751221575,-1.3429469609778417,,,True
12.61,0.46061847973430436,-1.34264594765078,,,True
12.615,0.4616688472831414,-1.3423848210156657,,,True
12.620000000000001,0.46274855183550523,-1.342164759283842,,,True
12.625,0.4638559227262525,-1.341986874633049,,,True
12.63,0.46498924724260077,-1.3418522115072178,,,True
12.635,0.46614677337074106,-1.3417617450579296,,,True
12.64,0.4673267126029806,-1.3417163796385354,,,True
12.645,0.46852724279872515,-1.3417169475038708,,,True
12.65,0.46974651109612137,-1.3417642075014073,,,True
12.655000000000001,0.4709826368688634,-1.3418588440040606,,,True
12.66,0.47223371472457165,-1.342001465878223,,,True
12.665000000000001,0.4734978175379626,-1.3421926056060345,,,True
12.67,0.47477299951664964,-1.3424327185166647,,,True
12.675,0.4760572992922884,-1.3427221821705266,,,True
12.68,0.47734874303335667,-1.3430612957908037,,,True
12.685,0.47864534757514804,-1.3434502799434274,,,True
12.69,0.4799451235600803,-1.3438892761965833,,,True
12.695,0.48124607858579427,-1.3443783470293105,,,True
12.700000000000001,0.4825462203538152,-1.3449174757683997,,,True
12.705,0.48384355981626953,-1.3455065667626307,,,True
12.71,0.48513611431201475,-1.3461454455169872,,,True
12.715,0.48642191069252133,-1.3468338591639952,,,True
12.72,0.4876989884259651,-1.347571476798905,,,True
12.725,0.48896540268261124,-1.3483578902729447,,,True
12.73,0.49021922738706597,-1.3491926146806108,,,True
12.735,0.49145855824354695,-1.3500750894596625,,,True
12.74,0.4926815157179962,-1.3510046790931698,,,True
12.745000000000001,0.49388624798336733,-1.351980674436031,,,True
12.75,0.49507093381358186,-1.353002293680367,,,True
12.755,0.4962337854300533,-1.3540686838763347,,,True
12.76,0.4973730512894779,-1.3551789221549875,,,True
12.765,0.4984870188139063,-1.3563320174252775,,,True
12.77,0.49957401705510157,-1.3575269118785511,,,True
12.775,0.500632419290893,-1.3587624828080878,,,True
12.780000000000001,0.5016606455494532,-1.3600375444002752,,,True
12.785,0.5026571650565647,-1.361350849709223,,,True
12.790000000000001,0.5036204986031039,-1.3627010926306227,,,True
12.795,0.5045492208291492,-1.3640869101160116,,,True
12.8,0.5054419624192248,-1.3655068842555977,,,True
12.805,0.5062974122092859,-1.3669595447177993,,,True
12.81,0.5071143191968343,-1.368443370970945,,,True
12.815,0.5078914944571122,-1.3699567948943392,,,True
12.82,0.5086278129562595,-1.3714982031384517,,,True
12.825000000000001,0.5093222152646647,-1.3730659398842524,,,True
12.83,0.5099737091622527,-1.3746583093304212,,,True
12.835,0.5105813711386876,-1.3762735785868243,,,True
12.84,0.5111443477810095,-1.377909980270064,,,True
12.845,0.5116618570515824,-1.3795657155107748,,,True
12.85,0.5121331894495061,-1.3812389566221197,,,True
12.855,0.512557709059466,-1.3829278502579732,,,True
12.86,0.51293485447965,-1.3846305201064733,,,True
12.865,0.5132641396344838,-1.386345070112414,,,True
12.870000000000001,0.5135451544649787,-1.3880695872856854,,,True
12.875,0.5137775655001487,-1.389802144926238,,,True
12.88,0.5139611163057264,-1.3915408055115233,,,True
12.885,0.5140956278112856,-1.3932836239097335,,,True
12.89,0.5141809985151395,-1.3950286503540583,,,True
12.895,0.5142172045654929,-1.3967739336046852,,,True
12.9,0.514204299720067,-1.3985175239482344,,,True
12.905000000000001,0.5141424151826709,-1.400257476389404,,,True
12.91,0.5140317593170228,-1.401991853571011,,,True
12.915000000000001,0.5138726172405607,-1.4037187289952977,,,True
12.92,0.5136653502953898,-1.405436189883197,,,True
12.925,0.5134103954014231,-1.4071423403372632,,,True
12.93,0.5131082642891223,-1.408835304200231,,,True
12.935,0.5127595426159108,-1.4105132280740416,,,True
12.94,0.5123648889662245,-1.4121742841767306,,,True
12.945,0.5119250337375751,-1.4138166732428608,,,True
12.950000000000001,0.5114407779141362,-1.4154386273000066,,,True
12.955,0.5109129917302306,-1.4170384124571607,,,True
12.96,0.5103426132259353,-1.41861433160092,,,True
12.965,0.509730646696243,-1.420164727029186,,,True
12.97,0.5090781610385472,-1.421687983044627,,,True
12.975,0.5083862879979936,-1.423182528457439,,,True
12.98,0.5076562203171495,-1.4246468390141809,,,True
12.985,0.5068892097896054,-1.4260794397941177,,,True
12.99,0.5060865652231223,-1.4274789074106957,,,True
12.995000000000001,0.5052496503148819,-1.428843872323639,,,True
13.0,0.504379881441583,-1.4301730208301577,,,True
13.005,0.5034787253686973,-1.431465097170354,,,True
13.01,0.5025476968832545,-1.4327189053979021,,,True
13.015,0.5015883563514612,-1.4339333112480654,,,True
13.02,0.5006023072091565,-1.4351072438360584,,,True
13.025,0.4995911933838988,-1.4362396973092424,,,True
13.030000000000001,0.49855669665871694,-1.4373297323421783,,,True
13.035,0.49750053397594535,-1.4383764775939964,,,True
13.040000000000001,0.49642445469073065,-1.4393791309712276,,,True
13.045,0.49533023777372287,-1.4403369608677068,,,True
13.05,0.49421968897213264,-1.4412493071989798,,,True
13.055,0.4930946379290472,-1.442115582424877,,,True
13.06,0.4919569352705815,-1.4429352723709528,,,True
13.065,0.4908084496594451,-1.4437079369732682,,,True
13.07,0.48965106482708753,-1.4444332109042062,,,True
13.075000000000001,0.48848667658075967,-1.445110804075467,,,True
13.08,0.4873171897985024,-1.4457405020077407,,,True
13.085,0.4861445154092324,-1.446322166101351,,,True
13.09,0.48497056736977096,-1.4468557337746677,,,True
13.095,0.4837972596370202,-1.4473412185043586,,,True
13.1,0.4826265031459409,-1.447778709685866,,,True
13.105,0.48146020279281887,-1.4481683724626282,,,True
13.11,0.4803002544336626,-1.4485104473433308,,,True
13.115,0.4791485418976548,-1.4488052497832355,,,True
13.120000000000001,0.4780069340246697,-1.4490531696005653,,,True
13.125,0.4768772817272476,-1.4492546702442828,,,True
13.13,0.47576141508669145,-1.4494102880670519,,,True
13.135,0.4746611404818314,-1.4495206313189952,,,True
13.14,0.4735782377611544,-1.4495863791745873,,,True
13.145,0.4725144574573671,-1.4496082805525854,,,True
13.15,0.4714715180527974,-1.4495871528807518,,,True
13.155000000000001,0.47045110329710227,-1.4495238807271786,,,True
13.16,0.4694548595831397,-1.4494194143268138,,,True
13.165000000000001,0.4684843933846561,-1.4492747680467362,,,True
13.17,0.46754126875883045,-1.4490910186623187,,,True
13.175,0.4666270049192982,-1.4488693036336262,,,True
13.18,0.4657430738823515,-1.4486108192492315,,,True
13.185,0.46489089818940776,-1.4483168186555981,,,True
13.19,0.46407184871056895,-1.4479886098068748,,,True
13.195,0.4632872425324222,-1.4476275534023828,,,True
13.200000000000001,0.4625383409316541,-1.4472350606103943,,,True
13.205,0.4618263474404877,-1.446812590838895,,,True
13.21,0.4611524060037983,-1.446361649340467,,,True
13.215,0.4605175992339108,-1.4458837848392259,,,True
13.22,0.45992294676227424,-1.4453805869891883,,,True
13.225,0.4593694036938982,-1.4448536838485555,,,True
13.23,0.45885785916389493,-1.4443047392524484,,,True
13.235,0.4583891350014912,-1.4437354501853394,,,True
13.24,0.4579639844991273,-1.4431475439873092,,,True
13.245000000000001,0.4575830912945476,-1.4425427757086788,,,True
13.25,0.4572470683600742,-1.441922925182469,,,True
13.255,0.4569564571086007,-1.441289794304398,,,True
13.26,0.4567117266100195,-1.4406452040819924,,,True
13.265,0.4565132729251118,-1.4399909917647837,,,True
13.27,0.4563614185542352,-1.4393290079428258,,,True
13.275,0.45625641200357053,-1.4386611135814502,,,True
13.280000000000001,0.4561984274675831,-1.4379891770926334,,,True
13.285,0.4561875646306529,-1.4373150713561504,,,True
13.290000000000001,0.4562238485852012,-1.4366406707804473,,,True
13.295,0.45630722986895256,-1.4359678483188658,,,True
13.3,0.4564375846186933,-1.4352984725232563,,,True
13.305,0.4566147148426975,-1.4346344045974988,,,True
13.31,0.4568383488087119,-1.43397749545428,,,True
13.315,0.45710814154924145,-1.4333295828244863,,,True
13.32,0.45742367548062485,-1.4326924883349397,,,True
13.325000000000001,0.457784461137866,-1.4320680146923608,,,True
13.33,0.4581899380202285,-1.4314579427972514,,,True
13.335,0.4586394755503428,-1.4308640290149914,,,True
13.34,0.4591323741409315,-1.430288002372571,,,True
13.345,0.4596678663713593,-1.4297315619015747,,,True
13.35,0.460245118268305,-1.4291963739455729,,,True
13.355,0.4608632306921179,-1.4286840695996827,,,True
13.36,0.46152124082237905,-1.4281962421137568,,,True
13.365,0.4622181237457884,-1.427734444515194,,,True
13.370000000000001,0.46295279413609947,-1.4273001870575077,,,True
13.375,0.4637241080326766,-1.4268949350189473,,,True
13.38,0.46453086470534827,-1.426520106322457,,,True
13.385,0.46537180861063343,-1.426177069433168,,,True
13.39,0.4662456314296452,-1.4258671411666122,,,True
13.395,0.4671509741896228,-1.4255915847378011,,,True
13.4,0.46808642946152684,-1.4253516077545951,,,True
13.405000000000001,0.4690505436331192,-1.425148360424315,,,True
13.41,0.4700418192518514,-1.4249829337478308,,,True
13.415000000000001,0.47105871743514555,-1.4248563578947653,,,True
13.42,0.4720996603431672,-1.4247696005984094,,,True
13.425,0.4731630337114521,-1.4247235657527666,,,True
13.43,0.4742471894367815,-1.4247190919527273,,,True
13.435,0.47535044821669875,-1.4247569513774831,,,True
13.44,0.47647110223165157,-1.4248378484573683,,,True
13.445,0.4776074178741246,-1.424962419038708,,,True
13.450000000000001,0.4787576385108578,-1.4251312292306189,,,True
13.455,0.47991998728321533,-1.4253447748010555,,,True
13.46,0.4810926699324235,-1.425603480249601,,,True
13.465,0.48227387765305524,-1.425907698400979,,,True
13.47,0.48346178996419176,-1.4262577097924034,,,True
13.475,0.48465457759667635,-1.4266537223648774,,,True
13.48,0.4858504053922087,-1.4270958711758333,,,True
13.485,0.48704743520728383,-1.427584218303071,,,True
13.49,0.4882438288203262,-1.4281187527525594,,,True
13.495000000000001,0.4894377508350195,-1.4286993906438719,,,True
13.5,0.4906273715764647,-1.4293259753074186,,,True
13.505,0.49181086997588913,-1.4299982777161167,,,True
13.51,0.4929864364378175,-1.4307159968241396,,,True
13.515,0.49415227568727205,-1.4314787601893668,,,True
13.52,0.49530660959057543,-1.4322861245742151,,,True
13.525,0.4964476799470548,-1.4331375767852226,,,True
13.530000000000001,0.4975737512453999,-1.4340325344683345,,,True
13.535,0.49868311338262533,-1.434970347195507,,,True
13.540000000000001,0.4997740843389636,-1.4359502974651612,,,True
13.545,0.5008450128066704,-1.4369716019988616,,,True
13.55,0.5018942807667333,-1.438033412947878,,,True
13.555,0.5029203060112594,-1.4391348193827378,,,True
13.56,0.5039215446063371,-1.440274848743669,,,True
13.565,0.5048964932915941,-1.4414524684577659,,,True
13.57,0.5058436918138713,-1.442666587617411,,,True
13.575000000000001,0.5067617251900728,-1.4439160588001154,,,True
13.58,0.5076492258961458,-1.4451996798752396,,,True
13.585,0.5085048759794768,-1.4465161960290358,,,True
13.59,0.5093274090898932,-1.4478643017273225,,,True
13.595,0.5101156124283709,-1.4492426429047773,,,True
13.6,0.5108683286078776,-1.4506498190906565,,,True
13.605,0.51158445742558,-1.4520843856918406,,,True
13.61,0.5122629575429372,-1.4535448563243467,,,True
13.615,0.5129028480707553,-1.4550297051946597,,,True
13.620000000000001,0.5135032100575023,-1.456537369561917,,,True
13.625,0.5140631878778286,-1.4580662522202152,,,True
13.63,0.5145819905203055,-1.459614724079469,,,True
13.635,0.5150588927711877,-1.4611811267647126,,,True
13.64,0.5154932362933837,-1.4627637752540859,,,True
13.645,0.5158844305985677,-1.4643609605817522,,,True
13.65,0.5162319539112844,-1.4659709525615516,,,True
13.655000000000001,0.5165353539232816,-1.4675920025269742,,,True
13.66,0.5167942484378123,-1.4692223461295446,,,True
13.665000000000001,0.5170083259021118,-1.4708602061219886,,,True
13.67,0.5171773458280486,-1.472503795206344,,,True
13.675,0.5173011390999852,-1.4741513188403779,,,True
13.68,0.5173796081693363,-1.4758009780989179,,,True
13.685,0.5174127271364759,-1.4774509725114378,,,True
13.69,0.5174005417183534,-1.4790995029000606,,,True
13.695,0.51734316910458,-1.4807447742497017,,,True
13.700000000000001,0.5172407976985409,-1.4823849984939017,,,True
13.705,0.5170936867487876,-1.4840183973763066,,,True
13.71,0.5169021658667339,-1.485643205237846,,,True
13.715,0.5166666344348545,-1.487257671759783,,,True
13.72,0.516387560904967,-1.4888600647790409,,,True
13.725,0.5160654819880752,-1.490448672934161,,,True
13.73,0.5157010017370897,-1.4920218084157446,,,True
13.735,0.5152947905243852,-1.4935778095495678,,,True
13.74,0.5148475839149577,-1.4951150434365639,,,True
13.745000000000001,0.5143601814389641,-1.4966319084914315,,,True
13.75,0.5138334452625164,-1.4981268369219969,,,True
13.755,0.5132682987635819,-1.4995982972363726,,,True
13.76,0.5126657250088035,-1.5010447965029972,,,True
13.765,0.5120267651423139,-1.5024648828217937,,,True
13.77,0.5113525166795467,-1.5038571474590208,,,True
13.775,0.5106441317178286,-1.5052202270881827,,,True
13.780000000000001,0.5099028150592548,-1.506552805872851,,,True
13.785,0.5091298222551595,-1.5078536175248498,,,True
13.790000000000001,0.508326457569108,-1.5091214472007437,,,True
13.795,0.5074940718688264,-1.510355133450408,,,True
13.8,0.5066340604426015,-1.5115535699241172,,,True
13.805,0.5057478607510861,-1.5127157070917552,,,True
13.81,0.5048369501125932,-1.5138405538729933,,,True
13.815,0.5039028433288062,-1.5149271790879915,,,True
13.82,0.5029470902531258,-1.51597471291698,,,True
13.825000000000001,0.5019712733066243,-1.5169823481812121,,,True
13.83,0.5009770049442716,-1.5179493415619172,,,True
13.835,0.4999659250776718,-1.518875014748559,,,True
13.84,0.4989396984544785,-1.519758755340135,,,True
13.845,0.4979000120052322,-1.52060001790681,,,True
13.85,0.49684857215268796,-1.5213983246007894,,,True
13.855,0.49578710209883,-1.5221532660338066,,,True
13.86,0.4947173390820807,-1.5228645016489402,,,True
13.865,0.4936410316210897,-1.523531760391486,,,True
13.870000000000001,0.4925599367380824,-1.5241548408962486,,,True
13.875,0.4914758171762399,-1.5247336118642485,,,True
13.88,0.4903904386069768,-1.5252680121093647,,,True
13.885,0.4893055668387245,-1.525758050651109,,,True
13.89,0.4882229650251645,-1.5262038065488208,,,True
13.895,0.4871443908839687,-1.5266054288020448,,,True
13.9,0.4860715939233492,-1.526963135961611,,,True
13.905000000000001,0.48500631268781386,-1.5272772157760481,,,True
13.91,0.48395027202076235,-1.5275480245993158,,,True
13.915000000000001,0.48290518035481295,-1.5277759868256149,,,True
13.92,0.48187272702782147,-1.527961594108962,,,True
13.925,0.4808545796341085,-1.5281054045228857,,,True
13.93,0.47985238141141257,-1.5282080416381483,,,True
13.935,0.4788677486692856,-1.5282701934164333,,,True
13.94,0.47790226826315735,-1.5282926111200783,,,True
13.945,0.47695749511670565,-1.5282761080073781,,,True
13.950000000000001,0.4760349497980305,-1.5282215580276681,,,True
13.955,0.475136116151832,-1.528129894336778,,,True
13.96,0.4742624389926273,-1.5280021077981045,,,True
13.965,0.47341532186166174,-1.5278392453264742,,,True
13.97,0.4725961248514873,-1.5276424082086073,,,True
13.975,0.47180616250152346,-1.5274127502905226,,,True
13.98,0.4710467017670765,-1.527151476086056,,,True
13.985,0.4703189600669743,-1.5268598388610621,,,True
13.99,0.4696241034097214,-1.5265391385577587,,,True
13.995000000000001,0.46896324460458094,-1.5261907197361608,,,True
14.0,0.46833744155690454,-1.5258159693574955,,,True
14.005,0.4677476956534711,-1.5254163146013435,,,True
14.01,0.4671949502373917,-1.5249932205161023,,,True
14.015,0.4666800891776288,-1.5245481877180715,,,True
14.02,0.4662039355324891,-1.5240827499247396,,,True
14.025,0.46576725031238286,-1.5235984715695308,,,True
14.030000000000001,0.4653707313396897,-1.5230969452147405,,,True
14.035,0.4650150122120207,-1.5225797890901092,,,True
14.040000000000001,0.4647006613657644,-1.5220486444433499,,,True
14.045,0.46442818124548035,-1.5215051729648497,,,True
14.05,0.4641980075768781,-1.5209510541161366,,,True
14.055,0.46401050874725747,-1.5203879824866682,,,True
14.06,0.4638659852914605,-1.5198176650456627,,,True
14.065,0.46376466948779105,-1.5192418185182657,,,True
14.07,0.46370672505927196,-1.5186621665704318,,,True
14.075000000000001,0.4636922469866011,-1.5180804371467362,,,True
14.08,0.4637212614271903,-1.5174983596938376,,,True
14.085,0.4637937257454812,-1.516917662469193,,,True
14.09,0.4639095286492429,-1.5163400697441696,,,True
14.095,0.46406849043748627,-1.5157672991747975,,,True
14.1,0.4642703633523775,-1.5152010589990024,,,True
14.105,0.4645148320424758,-1.5146430454336817,,,True
14.11,0.46480151412792164,-1.5140949399221468,,,True
14.115,0.46512996087564934,-1.5135584065959602,,,True
14.120000000000001,0.4654996579736288,-1.513035089538187,,,True
14.125,0.46591002641333246,-1.512526610338976,,,True
14.13,0.46636042346799944,-1.5120345654273013,,,True
14.135,0.46685014377594775,-1.511560523688622,,,True
14.14,0.4673784205169299,-1.5111060239322172,,,True
14.145,0.46794442668830233,-1.510672572538906,,,True
14.15,0.4685472764719151,-1.5102616410873204,,,True
14.155000000000001,0.4691860266949197,-1.5098746640846061,,,True
14.16,0.46985967837756076,-1.5095130366999445,,,True
14.165000000000001,0.47056717837018924,-1.5091781126883952,,,True
14.17,0.47130742107044266,-1.5088712021566573,,,True
14.175,0.472079250226081,-1.5085935696842925,,,True
14.18,0.4728814608115967,-1.508346432252708,,,True
14.185,0.47371280098373064,-1.5081309574762456,,,True
14.19,0.4745719741054966,-1.5079482616819526,,,True
14.195,0.47545764084246844,-1.5077994083566977,,,True
14.200000000000001,0.4763684213207679,-1.5076854063499763,,,True
14.205,0.4773028973501944,-1.5076072084955656,,,True
14.21,0.4782596147030039,-1.5075657100340263,,,True
14.215,0.479237085448713,-1.5075617473365328,,,True
14.22,0.48023379034005753,-1.507596096621542,,,True
14.225,0.48124818124404567,-1.5076694727764297,,,True
14.23,0.4822786836189832,-1.5077825283108015,,,True
14.235,0.48332369902776984,-1.507935852370248,,,True
14.24,0.48438160768920724,-1.5081299698987904,,,True
14.245000000000001,0.48545077105750384,-1.508365340830377,,,True
14.25,0.4865295344319098,-1.5086423594845766,,,True
14.255,0.4876162295859683,-1.5089613539476114,,,True
14.26,0.4887091774187135,-1.5093225856919625,,,True
14.265,0.489806690617132,-1.5097262491502261,,,True
14.27,0.49090707633213043,-1.5101724715727531,,,True
14.275,0.49200863885714224,-1.5106613127890847,,,True
14.280000000000001,0.49310968231192037,-1.511192765281815,,,True
14.285,0.494208513320659,-1.5117667541754785,,,True
14.290000000000001,0.495303443686444,-1.5123831375191021,,,True
14.295,0.4963927930517525,-1.513041706469234,,,True
14.3,0.4974748915472833,-1.513742185819588,,,True
14.305,0.4985480824173887,-1.5144842343392368,,,True
14.31,0.4996107246271731,-1.5152674455798825,,,True
14.315,0.5006611954362216,-1.5160913483563185,,,True
14.32,0.5016978929469806,-1.516955407788958,,,True
14.325000000000001,0.5027192386118003,-1.5178590259944935,,,True
14.33,0.5037236797057671,-1.5188015433003013,,,True
14.335,0.5047096917513757,-1.5197822391495137,,,True
14.34,0.505675780900857,-1.5208003334959754,,,True
14.345,0.5066204862629801,-1.5218549879074217,,,True
14.35,0.5075423821802244,-1.5229453071523078,,,True
14.355,0.5084400804428142,-1.524070340440077,,,True
14.36,0.5093122324467477,-1.5252290832181854,,,True
14.365,0.5101575312820062,-1.5264204786056703,,,True
14.370000000000001,0.5109747137570005,-1.5276434192831,,,True
14.375,0.5117625623484875,-1.5288967491508074,,,True
14.38,0.5125199070801819,-1.5301792653394066,,,True
14.385,0.5132456273219465,-1.5314897200269557,,,True
14.39,0.5139386535111915,-1.5328268225915807,,,True
14.395,0.5145979687901159,-1.5341892415464158,,,True
14.4,0.5152226105594673,-1.535575606825662,,,True
14.405000000000001,0.5158116719440831,-1.5369845118823602,,,True
14.41,0.5163643031691932,-1.5384145160212381,,,True
14.415000000000001,0.5168797128450179,-1.5398641466350689,,,True
14.42,0.5173571691581719,-1.5413319016635707,,,True
14.425,0.5177960009670926,-1.542816251874948,,,True
14.43,0.5181955988011422,-1.544315643441098,,,True
14.435,0.518555415760796,-1.545828500285922,,,True
14.44,0.5188749683182075,-1.5473532267298262,,,True
14.445,0.5191538370171433,-1.5488882099034735,,,True
14.450000000000001,0.5193916670697936,-1.5504318224185427,,,True
14.455,0.5195881688530544,-1.5519824248741694,,,True
14.46,0.5197431182982547,-1.553538368526718,,,True
14.465,0.5198563571806122,-1.5550979978607649,,,True
14.47,0.519927793299828,-1.556659653215724,,,True
14.475,0.5199574005614386,-1.5582216734283247,,,True
14.48,0.5199452189483357,-1.559782398466012,,,True
14.485,0.5198913543923913,-1.5613401720004134,,,True
14.49,0.5197959785385757,-1.5628933440961466,,,True
14.495000000000001,0.5196593284080657,-1.5644402737306375,,,True
14.5,0.5194817059562775,-1.5659793314559667,,,True
14.505,0.5192634775306942,-1.5675089018933994,,,True
14.51,0.5190050732254416,-1.569027386331742,,,True
14.515,0.5187069861379312,-1.5705332051844632,,,True
14.52,0.5183697715245171,-1.572024800503054,,,True
14.525,0.5179940458607838,-1.5735006383925443,,,True
14.530000000000001,0.5175804858045926,-1.5749592114411546,,,True
14.535,0.5171298270656735,-1.576399041030723,,,True
14.540000000000001,0.5166428631833347,-1.5778186797087883,,,True
14.545,0.5161204442129625,-1.5792167133559403,,,True
14.55,0.5155634753260284,-1.580591763487165,,,True
14.555,0.5149729153231816,-1.5819424893161558,,,True
14.56,0.5143497750643142,-1.5832675898669997,,,True
14.565,0.5136951158189101,-1.5845658059929022,,,True
14.57,0.5130100475366779,-1.5858359223088905,,,True
14.575000000000001,0.5122957270450569,-1.5870767690918826,,,True
14.58,0.5115533561724583,-1.5882872240531538,,,True
14.585,0.5107841798037999,-1.5894662140872742,,,True
14.59,0.5099894838691742,-1.5906127169014457,,,True
14.595,0.5091705932698878,-1.5917257625943413,,,True
14.6,0.5083288697454872,-1.592804435138716,,,True
14.605,0.5074657096832564,-1.593847873734551,,,True
14.61,0.5065825418776154,-1.5948552741787954,,,True
14.615,0.5056808252376586,-1.5958258900111062,,,True
14.620000000000001,0.5047620464526695,-1.596759033707164,,,True
14.625,0.5038277176122483,-1.5976540776130592,,,True
14.63,0.5028793737932475,-1.598510454986381,,,True
14.635,0.5019185706080938,-1.599327660722331,,,True
14.64,0.5009468817274197,-1.6001052521721382,,,True
14.645,0.49996589637331507,-1.6008428497344485,,,True
14.65,0.4989772167929815,-1.6015401374050595,,,True
14.655000000000001,0.4979824557124266,-1.6021968631987364,,,True
14.66,0.4969832337782405,-1.602812839517861,,,True
14.665000000000001,0.4959811769870884,-1.6033879433359428,,,True
14.67,0.49497791411183173,-1.603922116363021,,,True
14.675,0.49397507412348457,-1.6044153650464772,,,True
14.68,0.49297428361790696,-1.6048677605168793,,,True
14.685,0.49197716424622406,-1.605279438392632,,,True
14.69,0.4909853301588296,-1.60565059851633,,,True
14.695,0.4900003854598714,-1.6059815045402137,,,True
14.700000000000001,0.48902392168508085,-1.606272483499539,,,True
14.705,0.4880575152967366,-1.6065239251713417,,,True
14.71,0.48710272521014153,-1.606736281450254,,,True
14.715,0.486161090345663,-1.606910065514414,,,True
14.72,0.48523412721898895,-1.6070458509980174,,,True
14.725,0.4843233275657473,-1.6071442709957815,,,True
14.73,0.48343015601099254,-1.6072060170290245,,,True
14.735,0.48255604778024663,-1.6072318378393493,,,True
14.74,0.4817024064637418,-1.607222538231078,,,True
14.745000000000001,0.4808706018279769,-1.6071789776470962,,,True
14.75,0.48006196768801457,-1.6071020688323034,,,True
14.755,0.4792777998341991,-1.6069927762878002,,,True
14.76,0.4785193540249968,-1.6068521147320025,,,True
14.765,0.4777878440417396,-1.6066811473946547,,,True
14.77,0.4770844398146801,-1.6064809843479697,,,True
14.775,0.4764102656179818,-1.6062527806532974,,,True
14.780000000000001,0.4757663983402478,-1.6059977345271694,,,True
14.785,0.4751538658305061,-1.6057170853594902,,,True
14.790000000000001,0.4745736453245629,-1.6054121117654854,,,True
14.795,0.4740266619521027,-1.605084129483534,,,True
14.8,0.47351378732783744,-1.6047344892767224,,,True
14.805,0.47303583822919204,-1.604364574763031,,,True
14.81,0.47259357536096275,-1.6039758001729882,,,True
14.815,0.4721877022113801,-1.603569608125098,,,True
14.82,0.47181886399775536,-1.6031474672670991,,,True
14.825000000000001,0.4714876467078272,-1.6027108699768366,,,True
14.83,0.47119457623282074,-1.6022613299358712,,,True
14.835,0.4709401175992103,-1.601800379746877,,,True
14.84,0.4707246742948594,-1.6013295684696132,,,True
14.845,0.4705485876957407,-1.6008504591860917,,,True
14.85,0.4704121365883599,-1.6003646264690958,,,True
14.855,0.4703155367952028,-1.5998736539411356,,,True
14.86,0.4702589408958497,-1.5993791316922827,,,True
14.865,0.4702424380531093,-1.5988826538450718,,,True
14.870000000000001,0.4702660539344043,-1.5983858159341575,,,True
14.875,0.4703297507389012,-1.5978902124902872,,,True
14.88,0.470433427319472,-1.597397434402035,,,True
14.885,0.47057691941024266,-1.5969090665359997,,,True
14.89,0.47075999994799506,-1.5964266851119513,,,True
14.895,0.4709823794978777,-1.59595185532045,,,True
14.9,0.47124370677238553,-1.5954861287888433,,,True
14.905000000000001,0.47154356925205215,-1.5950310412087096,,,True
14.91,0.47188149389778267,-1.5945881098459225,,,True
14.915000000000001,0.47225694796287887,-1.5941588312719228,,,True
14.92,0.472669339893314,-1.5937446788738725,,,True
14.925,0.4731180203254765,-1.5933471006948352,,,True
14.93,0.47360228316950576,-1.592967517071835,,,True
14.935,0.47412136678462347,-1.5926073184770622,,,True
14.94,0.4746744552387291,-1.5922678633146599,,,True
14.945,0.4752606796539932,-1.5919504758237615,,,True
14.950000000000001,0.4758791196337414,-1.5916564440151506,,,True
14.955,0.4765288047703479,-1.5913870176923608,,,True
14.96,0.477208716229236,-1.591143406481827,,,True
14.965,0.4779177884089955,-1.5909267779810632,,,True
14.97,0.4786549106732675,-1.590738255960391,,,True
14.975,0.4794189291518941,-1.5905789186387613,,,True
14.98,0.4802086486086448,-1.5904497969938143,,,True
14.985,0.4810228343723261,-1.5903518732068664,,,True
14.99,0.4818602143287969,-1.5902860791696243,,,True
14.995000000000001,0.48271948096906225,-1.5902532950437627,,,True
15.0,0.48359929349205644,-1.5902543479142526,,,True
15.005,0.48449827995742284,-1.5902900105614577,,,True
15.01,0.485415039486264,-1.5903610002948314,,,True
15.015,0.48634814450306874,-1.5904679778440294,,,True
15.02,0.48729614302109137,-1.5906115464180572,,,True
15.025,0.4882575609599132,-1.5907922507698333,,,True
15.030000000000001,0.4892309044993519,-1.5910105764320923,,,True
15.035,0.49021466245847384,-1.5912669489418436,,,True
15.040000000000001,0.49120730870436996,-1.5915617333727812,,,True
15.045,0.49220730457527534,-1.5918952335942378,,,True
15.05,0.4932131013298117,-1.5922676921452175,,,True
15.055,0.4942231425996573,-1.592679289573162,,,True
15.06,0.49523586686205306,-1.5931301445690458,,,True
15.065,0.496249709908192,-1.5936203135059839,,,True
15.07,0.49726310732201906,-1.5941497907206792,,,True
15.075000000000001,0.4982744969493895,-1.5947185083046087,,,True
15.08,0.4992823213674134,-1.5953263365369459,,,True
15.085,0.5002850303388209,-1.5959730839278141,,,True
15.09,0.5012810832551438,-1.5966584977101668,,,True
15.095,0.5022689515625655,-1.5973822642798705,,,True
15.1,0.5032471211639374,-1.598144009753119,,,True
15.105,0.5042140947979498,-1.5989433005847211,,,True
15.11,0.5051683943874123,-1.599779644369422,,,True
15.115,0.5061085633563768,-1.6006524906277124,,,True
15.120000000000001,0.5070331689091853,-1.601561231778963,,,True
15.125,0.5079408042718825,-1.6025052041171868,,,True
15.13,0.5088300908870438,-1.6034836889336626,,,True
15.135,0.5096996805664653,-1.6044959137610033,,,True
15.14,0.5105482575874399,-1.605541053528343,,,True
15.145,0.511374540742758,-1.6066182320843685,,,True
15.15,0.5121772853263991,-1.6077265234212086,,,True
15.155000000000001,0.5129552850675281,-1.60886495344538,,,True
15.16,0.5137073739939362,-1.6100325012945185,,,True
15.165000000000001,0.5144324282370417,-1.6112281012575964,,,True
15.17,0.5151293677623501,-1.6124506442694695,,,True
15.175,0.5157971580336767,-1.613698979895923,,,True
15.18,0.5164348116009579,-1.6149719180700157,,,True
15.185,0.5170413896130132,-1.6162682311040024,,,True
15.19,0.517616003251551,-1.6175866555475686,,,True
15.195,0.5181578150857818,-1.6189258943928586,,,True
15.200000000000001,0.518666040342741,-1.6202846189836446,,,True
15.205,0.5191399480938199,-1.6216614712464423,,,True
15.21,0.519578862356652,-1.6230550658790057,,,True
15.215,0.5199821631051367,-1.6244639924819653,,,True
15.22,0.5203492871948584,-1.6258868179126063,,,True
15.225,0.5206797291928186,-1.627322088471971,,,True
15.23,0.5209730421199527,-1.6287683323410398,,,True
15.235,0.5212288380955997,-1.6302240617996695,,,True
15.24,0.5214467888925018,-1.6316877757050932,,,True
15.245000000000001,0.5216266263929578,-1.6331579617702756,,,True
15.25,0.5217681429534942,-1.6346330991175817,,,True
15.255,0.5218711916688593,-1.6361116604719264,,,True
15.26,0.5219356865447171,-1.6375921148099961,,,True
15.265,0.5219616025703889,-1.6390729296256885,,,True
15.27,0.5219489756962549,-1.6405525734380064,,,True
15.275,0.5218979027155609,-1.6420295181550988,,,True
15.280000000000001,0.5218085410480728,-1.6435022415080183,,,True
15.285,0.5216811084320411,-1.6449692294999259,,,True
15.290000000000001,0.5215158825152557,-1.6464289786870079,,,True
15.295,0.5213132003590886,-1.6478799986595551,,,True
15.3,0.5210734578408494,-1.6493208142588898,,,True
15.305,0.5207971089730936,-1.650749968036457,,,True
15.31,0.520484665121594,-1.652166022378328,,,True
15.315,0.5201366941439757,-1.6535675619278634,,,True
15.32,0.5197538194298513,-1.6549531956636871,,,True
15.325000000000001,0.519336718863026,-1.656321559150884,,,True
15.33,0.518886123690686,-1.6576713166101988,,,True
15.335,0.5184028173175023,-1.659001163088743,,,True
15.34,0.5178876340098595,-1.6603098263989355,,,True
15.345,0.5173414575293973,-1.6615960691425848,,,True
15.35,0.5167652196825714,-1.6628586906526253,,,True
15.355,0.5161598988010869,-1.6640965287633056,,,True
15.36,0.5155265181464679,-1.665308461725067,,,True
15.365,0.5148661442490682,-1.666493409873755,,,True
15.370000000000001,0.5141798851751146,-1.6676503372743037,,,True
15.375,0.5134688887366602,-1.6687782533689668,,,True
15.38,0.5127343406328483,-1.6698762144398576,,,True
15.385,0.5119774625415094,-1.670943325122125,,,True
15.39,0.5111995101469666,-1.671978739697274,,,True
15.395,0.5104017711249301,-1.6729816634293249,,,True
15.4,0.5095855630705741,-1.6739513537359916,,,True
15.405000000000001,0.5087522313892887,-1.6748871213692926,,,True
15.41,0.5079031471375864,-1.6757883313189588,,,True
15.415000000000001,0.5070397048344651,-1.6766544039735094,,,True
15.42,0.5061633202281739,-1.6774848157196005,,,True
15.425,0.5052754280421212,-1.6782790999865904,,,True
15.43,0.5043774796824512,-1.6790368476528315,,,True
15.435,0.5034709409317975,-1.6797577078939998,,,True
15.44,0.502557289613236,-1.6804413884443994,,,True
15.445,0.5016380132464086,-1.6810876562020391,,,True
15.450000000000001,0.5007146066823054,-1.6816963373691078,,,True
15.455,0.4997885697364189,-1.6822673177894873,,,True
15.46,0.49886140481048236,-1.6828005429965662,,,True
15.465,0.49793461451650356,-1.68329601824965,,,True
15.47,0.4970096993012396,-1.6837538085258976,,,True
15.475,0.4960881550757471,-1.6841740382338273,,,True
15.48,0.4951714708575358,-1.6845568911193445,,,True
15.485000000000001,0.49426112642085185,-1.684902609705106,,,True
15.49,0.49335858997129795,-1.6852114951116681,,,True
15.495000000000001,0.49246531583240954,-1.6854839062443707,,,True
15.5,0.49158274216491477,-1.6857202593854004,,,True
15.505,0.49071228870713385,-1.6859210273401668,,,True
15.51,0.4898553545517003,-1.6860867387052678,,,True
15.515,0.4890133159538438,-1.6862179769470587,,,True
15.52,0.48818752418073463,-1.6863153794594274,,,True
15.525,0.4873793033991197,-1.6863796364219732,,,True
15.530000000000001,0.4865899486121021,-1.6864114897319815,,,True
15.535,0.4858207236405086,-1.6864117317531788,,,True
15.540000000000001,0.4850728591578387,-1.68638120398856,,,True
15.545,0.4843475507789134,-1.6863207957757513,,,True
15.55,0.48364595720495296,-1.6862314426764897,,,True
15.555,0.48296919843166186,-1.686114125184969,,,True
15.56,0.48231835401612855,-1.6859698668719316,,,True
15.565,0.48169446141385086,-1.6857997329286198,,,True
15.57,0.4810985143808479,-1.6856048283383807,,,True
15.575000000000001,0.4805314614474737,-1.6853862960843489,,,True
15.58,0.47999420446668717,-1.6851453153902454,,,True
15.585,0.47948759723429324,-1.6848830997075577,,,True
15.59,0.4790124441907827,-1.684600894849443,,,True
15.595,0.47856949919810327,-1.6842999769293487,,,True
15.6,0.4781594644017533,-1.6839816503514584,,,True
15.605,0.4777829891724642,-1.6836472456958622,,,True
15.610000000000001,0.4774406691347823,-1.6832981176089046,,,True
15.615,0.4771330452800267,-1.6829356426338329,,,True
15.620000000000001,0.47686060316693524,-1.6825612169504773,,,True
15.625,0.47662377221219476,-1.6821762543063583,,,True
15.63,0.47642292506734435,-1.6817821835578681,,,True
15.635,0.47625837708920143,-1.6813804465600803,,,True
15.64,0.4761303858996001,-1.680972495786779,,,True
15.645,0.4760391510375104,-1.6805597920728934,,,True
15.65,0.4759848137024001,-1.6801438022331168,,,True
15.655000000000001,0.47596745659245626,-1.6797259968396077,,,True
15.66,0.47598710383112636,-1.679307847753199,,,True
15.665000000000001,0.47604372099251463,-1.6788908259672073,,,True
15.67,0.4761372152120163,-1.678476399113353,,,True
15.675,0.47626743539603783,-1.6780660292540572,,,True
15.68,0.47643417251822084,-1.6776611705450741,,,True
15.685,0.47663716001119155,-1.6772632669417582,,,True
15.69,0.4768760742448376,-1.6768737499352049,,,True
15.695,0.4771505350979965,-1.6764940362894296,,,True
15.700000000000001,0.477460106616363,-1.6761255258623546,,,True
15.705,0.47780429775818034,-1.6757695992874966,,,True
15.71,0.478182563228509,-1.6754276160032922,,,True
15.715,0.4785943043949854,-1.6751009119397893,,,True
15.72,0.47903887028962255,-1.674790797545116,,,True
15.725,0.4795155586916586,-1.67449855573082,,,True
15.73,0.4800236172886769,-1.6742254397965426,,,True
15.735000000000001,0.4805622449185177,-1.6739726715635916,,,True
15.74,0.4811305928847312,-1.6737414394363106,,,True
15.745000000000001,0.481727766347432,-1.6735328965793026,,,True
15.75,0.48235282578392696,-1.673348159078613,,,True
15.755,0.483004788520854,-1.673188304283754,,,True
15.76,0.48368263033075354,-1.6730543691264967,,,True
15.765,0.48438528709398077,-1.672947348488149,,,True
15.77,0.48511165652083166,-1.6728681936871448,,,True
15.775,0.48586059993408265,-1.6728178110434833,,,True
15.780000000000001,0.48663094410548735,-1.6727970604902374,,,True
15.785,0.4874214831448566,-1.6728067541878726,,,True
15.790000000000001,0.48823098044137003,-1.6728476554164882,,,True
15.795,0.48905817064780194,-1.6729204772925277,,,True
15.8,0.4899017617116338,-1.6730258818103876,,,True
15.805,0.4907604369434823,-1.6731644787552657,,,True
15.81,0.49163285712352656,-1.6733368247865619,,,True
15.815,0.4925176626431223,-1.6735434227641846,,,True
15.82,0.49341347567201,-1.6737847207755605,,,True
15.825000000000001,0.4943189023574903,-1.6740611116907915,,,True
15.83,0.49523253504180154,-1.6743729324540002,,,True
15.835,0.4961529545032419,-1.6747204637180644,,,True
15.84,0.4970787322094437,-1.6751039293484573,,,True
15.845,0.49800843258688043,-1.6755234962580625,,,True
15.85,0.49894061529535405,-1.6759792740582726,,,True
15.855,0.4998738375109525,-1.6764713150708883,,,True
15.860000000000001,0.5008066562082814,-1.6769996141918224,,,True
15.865,0.5017376304424717,-1.677564109081,,,True
15.870000000000001,0.5026653236239167,-1.6781646801859769,,,True
15.875,0.5035883057853218,-1.6788011511133383,,,True
15.88,0.5045051558346352,-1.6794732888586164,,,True
15.885,0.5054144637928064,-1.6801808043282143,,,True
15.89,0.5063148330107052,-1.6809233527613818,,,True
15.895,0.5072048823637609,-1.6817005344256852,,,True
15.9,0.5080832484181755,-1.682511895201875,,,True
15.905000000000001,0.5089485875694734,-1.68335692745356,,,True
15.91,0.509799578144986,-1.6842350708453508,,,True
15.915000000000001,0.5106349224705616,-1.6851457132238927,,,True
15.92,0.511453348898782,-1.6860881917886412,,,True
15.925,0.5122536137901723,-1.6870617939961359,,,True
15.93,0.5130345034525845,-1.6880657589133903,,,True
15.935,0.5137948360275488,-1.6890992783374685,,,True
15.94,0.5145334633272183,-1.6901614982321793,,,True
15.945,0.5152492726134502,-1.6912515199924572,,,True
15.950000000000001,0.5159411883228199,-1.692368402103649,,,True
15.955,0.5166081737259496,-1.6935111614208036,,,True
15.96,0.5172492325294147,-1.6946787750163816,,,True
15.965,0.5178634104074041,-1.6958701816522477,,,True
15.97,0.5184497964688717,-1.6970842836248132,,,True
15.975,0.5190075246512631,-1.6983199483892912,,,True
15.98,0.5195357750465026,-1.6995760105998725,,,True
15.985000000000001,0.5200337751466889,-1.7008512737262136,,,True
15.99,0.5205008010201412,-1.7021445122333967,,,True
15.995000000000001,0.5209361784031922,-1.7034544733109256,,,True
16.0,0.5213392837183671,-1.7047798791142335,,,True
16.005,0.5217095450052844,-1.7061194285751549,,,True
16.01,0.5220464427753075,-1.7074717997080051,,,True
16.015,0.5223495107760966,-1.7088356515056493,,,True
16.02,0.5226183366777457,-1.7102096263157833,,,True
16.025,0.5228525626653422,-1.7115923516951466,,,True
16.03,0.523051885954205,-1.7129824429798701,,,True
16.035,0.5232160592067704,-1.7143785050653846,,,True
16.04,0.5233448908725672,-1.7157791350495235,,,True
16.045,0.5234382454286289,-1.717182924014105,,,True
16.05,0.5234960435419965,-1.718588459708483,,,True
16.055,0.523518262133163,-1.7199943283945405,,,True
16.06,0.5235049343586741,-1.7213991173717298,,,True
16.065,0.5234561494989171,-1.7228014170075432,,,True
16.07,0.523372052761667,-1.7241998231204718,,,True
16.075,0.5232528449935836,-1.7255929390331528,,,True
16.080000000000002,0.5230987823081091,-1.7269793779512586,,,True
16.085,0.5229101756219088,-1.728357764962197,,,True
16.09,0.5226873901100216,-1.7297267393962301,,,True
16.095,0.522430844570474,-1.7310849567212816,,,True
16.1,0.5221410107105382,-1.732431090935095,,,True
16.105,0.5218184123441062,-1.733763836356498,,,True
16.11,0.5214636245130596,-1.7350819099129733,,,True
16.115000000000002,0.5210772725236475,-1.7363840529332508,,,True
16.12,0.5206600309092232,-1.7376690333384077,,,True
16.125,0.5202126223110695,-1.738935647331765,,,True
16.13,0.5197358162894054,-1.7401827214684609,,,True
16.135,0.5192304280567185,-1.741409114326123,,,True
16.14,0.5186973171442244,-1.742613718390841,,,True
16.145,0.5181373859966859,-1.7437954616896685,,,True
16.15,0.5175515785030261,-1.7449533095470415,,,True
16.155,0.5169408784605625,-1.7460862660356842,,,True
16.16,0.5163063079806792,-1.7471933756984355,,,True
16.165,0.5156489258321184,-1.74827372481346,,,True
16.17,0.514969825731471,-1.749326443003049,,,True
16.175,0.514270134577161,-1.7503507043771653,,,True
16.18,0.5135510106348702,-1.7513457289294854,,,True
16.185,0.5128136416742295,-1.7523107836482965,,,True
16.19,0.5120592430610588,-1.7532451836856355,,,True
16.195,0.5112890558072983,-1.7541482933024588,,,True
16.2,0.5105043445839512,-1.7550195269319304,,,True
16.205000000000002,0.5097063956967994,-1.7558583499814366,,,True
16.21,0.5088965150311581,-1.7566642796497802,,,True
16.215,0.5080760259671109,-1.7574368856089184,,,True
16.22,0.5072462672702616,-1.758175790710219,,,True
16.225,0.5064085909583237,-1.7588806713998435,,,True
16.23,0.5055643601515372,-1.7595512583025184,,,True
16.235,0.5047149469055304,-1.7601873365124288,,,True
16.240000000000002,0.5038617300334309,-1.760788745914434,,,True
16.245,0.5030060929192521,-1.7613553813711769,,,True
16.25,0.5021494213255674,-1.7618871927959538,,,True
16.255,0.5012931012017378,-1.7623841852657505,,,True
16.26,0.5004385164909578,-1.7628464188531792,,,True
16.265,0.4995870469457726,-1.7632740085419574,,,True
16.27,0.4987400659503643,-1.7636671239812225,,,True
16.275,0.4978989383561888,-1.764025989120491,,,True
16.28,0.4970650183330605,-1.7643508818803537,,,True
16.285,0.4962396472389014,-1.764642133553412,,,True
16.29,0.4954241515125028,-1.7649001283092927,,,True
16.295,0.4946198405922077,-1.76512530252102,,,True
16.3,0.4938280048621207,-1.765318143953105,,,True
16.305,0.4930499136331536,-1.7654791910585013,,,True
16.31,0.49228681315610956,-1.765609031937965,,,True
16.315,0.49153992467708235,-1.765708303503625,,,True
16.32,0.49081044253000533,-1.765777690247789,,,True
16.325,0.49009953227881825,-1.765817923328566,,,True
16.330000000000002,0.4894083289013145,-1.7658297791303212,,,True
16.335,0.4887379350289604,-1.765814078224035,,,True
16.34,0.4880894192344223,-1.7657716838054236,,,True
16.345,0.4874638143788789,-1.7657035004701593,,,True
16.35,0.4868621160145947,-1.7656104726071185,,,True
16.355,0.48628528084995265,-1.7654935829578184,,,True
16.36,0.4857342252761543,-1.7653538509525617,,,True
16.365000000000002,0.4852098239605136,-1.7651923311217146,,,True
16.37,0.48471290850539056,-1.7650101113440722,,,True
16.375,0.48424426617872895,-1.7648083111221575,,,True
16.38,0.4838046387137961,-1.7645880797630247,,,True
16.385,0.48339472118425264,-1.7643505945567635,,,True
16.39,0.4830151609518197,-1.764097058833104,,,True
16.395,0.4826665566934324,-1.7638287001163586,,,True
16.4,0.48234945750265673,-1.7635467680649042,,,True
16.405,0.48206436207427694,-1.7632525325502386,,,True
16.41,0.4818117179659928,-1.7629472815685667,,,True
16.415,0.4815919209446453,-1.7626323192536308,,,True
16.42,0.48140531441249584,-1.7623089637318137,,,True
16.425,0.48125218891813915,-1.761978545036501,,,True
16.43,0.48113278175275365,-1.7616424030730058,,,True
16.435,0.48104727662688396,-1.761301885346165,,,True
16.44,0.4809958034377588,-1.7609583449563995,,,True
16.445,0.48097843811649676,-1.760613138363354,,,True
16.45,0.4809952025660761,-1.760267623325334,,,True
16.455000000000002,0.481046064678716,-1.7599231566109743,,,True
16.46,0.4811309384459458,-1.7595810920584523,,,True
16.465,0.48124968414603914,-1.7592427782332494,,,True
16.47,0.4814021086230008,-1.75890955645835,,,True
16.475,0.4815879656440648,-1.7585827585710927,,,True
16.48,0.4818069563458662,-1.7582637049563794,,,True
16.485,0.4820587297583687,-1.7579537023405998,,,True
16.490000000000002,0.482342883416065,-1.7576540418998647,,,True
16.495,0.48265896404341935,-1.7573659970311257,,,True
16.5,0.4830064683270879,-1.7570908215584418,,,True
16.505,0.48338484375976226,-1.7568297475969021,,,True
16.51,0.4837934895671502,-1.7565839838142883,,,True
16.515,0.48423175770390314,-1.756354713314804,,,True
16.52,0.4846989539295934,-1.7561430920336185,,,True
16.525,0.4851943389513342,-1.7559502467384764,,,True
16.53,0.485717129640129,-1.7557772734164825,,,True
16.535,0.4862665003130585,-1.755625235498586,,,True
16.54,0.48684158408272343,-1.755495162244261,,,True
16.545,0.48744147426921436,-1.7553880471135774,,,True
16.55,0.48806522587559675,-1.7553048463056524,,,True
16.555,0.4887118571190197,-1.755246477166924,,,True
16.56,0.48938035102314276,-1.7552138169252132,,,True
16.565,0.49006965705907735,-1.7552077011936216,,,True
16.57,0.49077869284371584,-1.755228922865277,,,True
16.575,0.49150634588007275,-1.7552782306937165,,,True
16.580000000000002,0.49225147535052605,-1.7553563283864875,,,True
16.585,0.4930129139455431,-1.7554638733046857,,,True
16.59,0.4937894697401962,-1.755601475693761,,,True
16.595,0.4945799280995408,-1.755769697541886,,,True
16.6,0.4953830536268136,-1.7559690520078024,,,True
16.605,0.49619759213265086,-1.7562000023584992,,,True
16.61,0.49702227264165366,-1.756462961535362,,,True
16.615000000000002,0.4978558094155787,-1.7567582914214117,,,True
16.62,0.4986969040037223,-1.7570863023864898,,,True
16.625,0.49954424730589747,-1.7574472527723746,,,True
16.63,0.5003965216560506,-1.7578413486371234,,,True
16.635,0.5012524029112394,-1.7582687433899662,,,True
16.64,0.5021105625540602,-1.7587295376811192,,,True
16.645,0.5029696697951119,-1.759223779202875,,,True
16.65,0.5038283936822442,-1.7597514628201498,,,True
16.655,0.5046854052008006,-1.7603125304105436,,,True
16.66,0.5055393793771761,-1.7609068712580644,,,True
16.665,0.5063889973654212,-1.7615343220613957,,,True
16.67,0.5072329485295582,-1.7621946674459277,,,True
16.675,0.5080699325036541,-1.7628876401468307,,,True
16.68,0.5088986612403538,-1.7636129216793,,,True
16.685,0.5097178610325909,-1.7643701427822798,,,True
16.69,0.5105262745131135,-1.7651588840520702,,,True
16.695,0.5113226626260955,-1.7659786767391412,,,True
16.7,0.5121058065667048,-1.7668290034435097,,,True
16.705000000000002,0.5128745096873809,-1.7677092990423056,,,True
16.71,0.5136275993675075,-1.7686189516121642,,,True
16.715,0.514363928842301,-1.7695573034709775,,,True
16.72,0.5150823789892144,-1.7705236521876178,,,True
16.725,0.515781860069242,-1.7715172518253421,,,True
16.73,0.5164613134200005,-1.772537314122236,,,True
16.735,0.5171197130973724,-1.7735830098139878,,,True
16.740000000000002,0.5177560674637441,-1.7746534699097651,,,True
16.745,0.518369420721393,-1.775747787199053,,,True
16.75,0.5189588543865202,-1.776865017672428,,,True
16.755,0.5195234887035857,-1.778004182075159,,,True
16.76,0.5200624839959431,-1.779164267456786,,,True
16.765,0.5205750419534556,-1.7803442288501468,,,True
16.77,0.5210604068511184,-1.7815429909178935,,,True
16.775,0.5215178667015529,-1.7827594497113062,,,True
16.78,0.5219467543351722,-1.7839924744389906,,,True
16.785,0.5223464484093912,-1.7852409092558532,,,True
16.79,0.5227163743446114,-1.786503575172569,,,True
16.795,0.5230560051842067,-1.7877792718839125,,,True
16.8,0.5233648623792173,-1.7890667797125945,,,True
16.805,0.5236425164959001,-1.7903648615563195,,,True
16.81,0.5238885878440998,-1.7916722648937373,,,True
16.815,0.5241027470264623,-1.792987723674349,,,True
16.82,0.5242847154090964,-1.7943099605207884,,,True
16.825,0.5244342655084514,-1.795637688521156,,,True
16.830000000000002,0.5245512213007646,-1.7969696135279192,,,True
16.835,0.5246354584455696,-1.7983044359538425,,,True
16.84,0.5246869044319494,-1.799640853083666,,,True
16.845,0.524705538637667,-1.8009775609052858,,,True
16.85,0.5246913923115366,-1.80231325638116,,,True
16.855,0.524644548468217,-1.8036466393153168,,,True
16.86,0.5245651417070323,-1.8049764146005616,,,True
16.865000000000002,0.52445335794339,-1.8063012940599847,,,True
16.87,0.52430943406557,-1.8076199986539874,,,True
16.875,0.5241336575049584,-1.8089312603483476,,,True
16.88,0.5239263657334721,-1.8102338242439557,,,True
16.885,0.5236879456750779,-1.811526450415644,,,True
16.89,0.5234188330476083,-1.8128079159824904,,,True
16.895,0.5231195116197438,-1.814077016897002,,,True
16.9,0.5227905124012403,-1.8153325699338898,,,True
16.905,0.5224324127514459,-1.8165734144956118,,,True
16.91,0.5220458354222819,-1.8177984144094355,,,True
16.915,0.5216314475246508,-1.8190064597615365,,,True
16.92,0.521189959430546,-1.8201964685259275,,,True
16.925,0.5207221236035281,-1.8213673883573147,,,True
16.93,0.5202287333685037,-1.822518198116271,,,True
16.935,0.5197106216129902,-1.8236479095642382,,,True
16.94,0.5191686594325633,-1.8247555687709287,,,True
16.945,0.518603754711869,-1.8258402577143575,,,True
16.95,0.5180168506543293,-1.8269010955820109,,,True
16.955000000000002,0.517408924251759,-1.8279372402005283,,,True
16.96,0.5167809847082797,-1.8289478892976092,,,True
16.965,0.5161340718087931,-1.829932281735544,,,True
16.97,0.5154692542463793,-1.8308896986635657,,,True
16.975,0.5147876279006179,-1.831819464632353,,,True
16.98,0.5140903140794004,-1.8327209485984346,,,True
16.985,0.5133784577179095,-1.8335935648903199,,,True
16.990000000000002,0.5126532255462096,-1.8344367740677736,,,True
16.995,0.5119158042203811,-1.8352500837736951,,,True
17.0,0.5111673984277226,-1.8360330493891626,,,True
17.005,0.5104092289614747,-1.836785274760311,,,True
17.01,0.5096425307768121,-1.8375064127262994,,,True
17.015,0.5088685510206756,-1.8381961656562353,,,True
17.02,0.5080885470505488,-1.8388542858360726,,,True
17.025,0.5073037844332239,-1.839480575835523,,,True
17.03,0.5065155349376484,-1.8400748887357339,,,True
17.035,0.5057250745161169,-1.8406371283679817,,,True
17.04,0.5049336812835384,-1.8411672493240978,,,True
17.045,0.5041426334941472,-1.8416652571067043,,,True
17.05,0.5033532075200458,-1.842131207905803,,,True
17.055,0.5025666758348225,-1.8425652085858188,,,True
17.06,0.5017843050069305,-1.8429674164278789,,,True
17.065,0.5010073537012985,-1.8433380388242833,,,True
17.07,0.5002370706984994,-1.8436773328523066,,,True
17.075,0.49947469293032704,-1.8439856049389676,,,True
17.080000000000002,0.49872144353569026,-1.8442632101987375,,,True
17.085,0.4979785299410432,-1.844510551879421,,,True
17.09,0.4972471419676151,-1.844728080695895,,,True
17.095,0.49652844996775214,-1.8449162940077393,,,True
17.1,0.4958236029945063,-1.8450757350400735,,,True
17.105,0.4951337270072631,-1.845206991974523,,,True
17.11,0.49445992311378095,-1.84531069692482,,,True
17.115000000000002,0.49380326585582274,-1.8453875249192726,,,True
17.12,0.49316480153687636,-1.8454381928217667,,,True
17.125,0.492545546597567,-1.8454634581590266,,,True
17.13,0.4919464860369273,-1.8454641177501554,,,True
17.135,0.49136857189022043,-1.8454410066139317,,,True
17.14,0.49081272175451035,-1.8453949964126375,,,True
17.145,0.4902798173754083,-1.8453269941905703,,,True
17.150000000000002,0.48977070328831596,-1.8452379408056945,,,True
17.155,0.48928618552163966,-1.8451288094673561,,,True
17.16,0.48882703036160946,-1.8450006040808788,,,True
17.165,0.4883939631818119,-1.844854357755586,,,True
17.17,0.487987667337854,-1.8446911310159566,,,True
17.175,0.48760878313010275,-1.8445120101912387,,,True
17.18,0.48725790683518855,-1.844318105593356,,,True
17.185,0.4869355898088677,-1.8441105498222135,,,True
17.19,0.4866423376595188,-1.8438904958495137,,,True
17.195,0.48637860949635575,-1.843659115284857,,,True
17.2,0.48614481725059666,-1.8434175963935227,,,True
17.205000000000002,0.4859413250728753,-1.8431671423084994,,,True
17.21,0.4857684488064532,-1.8429089690330265,,,True
17.215,0.48562645553685396,-1.84264430352703,,,True
17.22,0.4855155632202508,-1.84237438178194,,,True
17.225,0.48543594038870186,-1.8421004468102369,,,True
17.23,0.4853877059347322,-1.841823746740539,,,True
17.235,0.48537092897385514,-1.841545532744781,,,True
17.240000000000002,0.48538562878651637,-1.8412670571566427,,,True
17.245,0.4854317748388259,-1.8409895713999573,,,True
17.25,0.48550928688152334,-1.8407143240912505,,,True
17.255,0.485618035128644,-1.8404425590066524,,,True
17.26,0.4857578405123795,-1.8401755131855304,,,True
17.265,0.4859284750176179,-1.839914414853608,,,True
17.27,0.48612966209232367,-1.8396604816946522,,,True
17.275000000000002,0.48636107713463317,-1.839414918703134,,,True
17.28,0.48662234805499865,-1.8391789164832237,,,True
17.285,0.48691305591443335,-1.838953649287668,,,True
17.29,0.48723273563303066,-1.8387402732003726,,,True
17.295,0.48758087677424344,-1.8385399242733245,,,True
17.3,0.4879569243977465,-1.8383537168860815,,,True
17.305,0.4883602799827152,-1.8381827418416201,,,True
17.31,0.4887903024180619,-1.8380280647697278,,,True
17.315,0.489246309062055,-1.8378907244803342,,,True
17.32,0.4897275768605013,-1.8377717312391322,,,True
17.325,0.4902333435356002,-1.8376720653198628,,,True
17.330000000000002,0.49076280882810724,-1.8375926754335545,,,True
17.335,0.49131513580388686,-1.8375344772622837,,,True
17.34,0.49188945221240316,-1.8374983520010044,,,True
17.345,0.4924848519052852,-1.8374851451065526,,,True
17.35,0.493100396300474,-1.8374956649099223,,,True
17.355,0.49373511590225905,-1.837530681400028,,,True
17.36,0.49438801186328424,-1.8375909250294182,,,True
17.365000000000002,0.49505805759707966,-1.8376770856698315,,,True
17.37,0.4957442004263217,-1.83778981146493,,,True
17.375,0.496445363276922,-1.8379297079256844,,,True
17.38,0.4971604464032508,-1.83809733692649,,,True
17.385,0.497888329153556,-1.8382932160238412,,,True
17.39,0.4986278717596745,-1.8385178174751424,,,True
17.395,0.4993779171616485,-1.8387715677004985,,,True
17.400000000000002,0.5001372928531481,-1.8390548465735705,,,True
17.405,0.5009048127524893,-1.8393679869245803,,,True
17.41,0.5016792790906894,-1.8397112739964196,,,True
17.415,0.5024594843184534,-1.8400849451033738,,,True
17.42,0.5032442130244067,-1.8404891892549227,,,True
17.425,0.5040322438659272,-1.8409241469444477,,,True
17.43,0.5048223515056186,-1.8413899099716797,,,True
17.435,0.5056133085531309,-1.8418865212997668,,,True
17.44,0.5064038875080857,-1.8424139751294035,,,True
17.445,0.507192862700918,-1.8429722168579563,,,True
17.45,0.5079790122285281,-1.8435611432789998,,,True
17.455000000000002,0.5087611198839984,-1.8441806027904657,,,True
17.46,0.5095379770712574,-1.8448303956415981,,,True
17.465,0.5103083847113721,-1.8455102743728196,,,True
17.47,0.511071155125555,-1.846219944155085,,,True
17.475,0.5118251139042708,-1.8469590634035324,,,True
17.48,0.5125691017481668,-1.847727244290421,,,True
17.485,0.5133019762880808,-1.8485240534753409,,,True
17.490000000000002,0.5140226138711596,-1.8493490127405967,,,True
17.495,0.5147299113218764,-1.8502015999295356,,,True
17.5,0.5154227876615638,-1.851081249658839,,,True
17.505,0.5161001857985887,-1.851987354409173,,,True
17.51,0.5167610741719217,-1.8529192653670796,,,True
17.515,0.5174044483596862,-1.853876293695959,,,True
17.52,0.5180293326361425,-1.8548577114521911,,,True
17.525000000000002,0.5186347814874764,-1.8558627529199798,,,True
17.53,0.5192198810754232,-1.8568906158447998,,,True
17.535,0.5197837506484421,-1.8579404626209828,,,True
17.54,0.5203255439030743,-1.8590114218473635,,,True
17.545,0.5208444502842601,-1.8601025895574002,,,True
17.55,0.5213396962324438,-1.8612130308150256,,,True
17.555,0.5218105463675431,-1.8623417811087193,,,True
17.56,0.5222563046136021,-1.8634878480378898,,,True
17.565,0.5226763152585523,-1.864650212762363,,,True
17.57,0.5230699639500433,-1.8658278317754995,,,True
17.575,0.5234366786251681,-1.867019638504013,,,True
17.580000000000002,0.5237759303700756,-1.8682245450182522,,,True
17.585,0.5240872342146912,-1.8694414438135314,,,True
17.59,0.5243701498519019,-1.8706692095478628,,,True
17.595,0.5246242822907743,-1.8719067008629753,,,True
17.6,0.5248492824318558,-1.8731527621512534,,,True
17.605,0.5250448475760188,-1.8744062255267617,,,True
17.61,0.525210721850658,-1.8756659124494222,,,True
17.615000000000002,0.5253466965725011,-1.8769306359318758,,,True
17.62,0.5254526105231159,-1.8781992020723801,,,True
17.625,0.5255283501608964,-1.879470412250794,,,True
17.63,0.5255738497469855,-1.8807430647821788,,,True
17.635,0.5255890914044504,-1.882015957018324,,,True
17.64,0.5255741050942128,-1.883287887100886,,,True
17.645,0.5255289685218969,-1.8845576559767658,,,True
17.650000000000002,0.5254538069635496,-1.8858240692345114,,,True
17.655,0.5253487930199084,-1.8870859389111871,,,True
17.66,0.5252141462962302,-1.8883420856029118,,,True
17.665,0.5250501330043235,-1.889591339977145,,,True
17.67,0.5248570654973678,-1.8908325449966683,,,True
17.675,0.5246353017248553,-1.8920645573219927,,,True
17.68,0.5243852446246184,-1.8932862495698934,,,True
17.685,0.5241073414342995,-1.8944965115560177,,,True
17.69,0.5238020829450762,-1.8956942526107612,,,True
17.695,0.5234700026738129,-1.8968784026506955,,,True
17.7,0.5231116759837269,-1.89804791451865,,,True
17.705000000000002,0.5227277191238175,-1.8992017649604171,,,True
17.71,0.5223187882202457,-1.9003389568460949,,,True
17.715,0.5218855781908485,-1.9014585201149599,,,True
17.72,0.5214288216128266,-1.9025595138252038,,,True
17.725,0.5209492875209368,-1.9036410271615298,,,True
17.73,0.520447780157879,-1.904702181220668,,,True
17.735,0.519925137663851,-1.9057421300487911,,,True
17.740000000000002,0.5193822307182834,-1.9067600622167777,,,True
17.745,0.5188199611289768,-1.9077552018476012,,,True
17.75,0.5182392603739598,-1.9087268099499217,,,True
17.755,0.5176410880996427,-1.909674185498884,,,True
17.76,0.5170264305723365,-1.9105966665059173,,,True
17.765,0.5163962990939471,-1.9114936310175252,,,True
17.77,0.5157517283743754,-1.912364498071363,,,True
17.775000000000002,0.5150937748748199,-1.9132087286001085,,,True
17.78,0.514423515111072,-1.9140258261670382,,,True
17.785,0.5137420439342361,-1.9148153377630048,,,True
17.79,0.513050472778074,-1.9155768544982228,,,True
17.795,0.5123499278865965,-1.9163100121388676,,,True
17.8,0.5116415485157979,-1.917014491674485,,,True
17.805,0.510926485121324,-1.9176900197974074,,,True
17.81,0.5102058975254156,-1.9183363692508233,,,True
17.815,0.5094809530749637,-1.9189533591235013,,,True
17.82,0.5087528247871774,-1.9195408551835884,,,True
17.825,0.5080226894888685,-1.9200987699108527,,,True
17.830000000000002,0.507291725952053,-1.9206270627108009,,,True
17.835,0.5065611130275117,-1.921125739842026,,,True
17.84,0.5058320277806652,-1.9215948544042774,,,True
17.845,0.5051056436323107,-1.9220345061649486,,,True
17.85,0.5043831285066752,-1.9224448414378081,,,True
17.855,0.503665642990393,-1.9228260526960046,,,True
17.86,0.5029543385042969,-1.9231783783117353,,,True
17.865000000000002,0.5022503554927519,-1.9235021020614371,,,True
17.87,0.5015548216304041,-1.9237975526651376,,,True
17.875,0.5008688500542026,-1.9240651032718126,,,True
17.88,0.500193537614579,-1.924305170662342,,,True
17.885,0.49952996316217513,-1.924518214792581,,,True
17.89,0.4988791858552938,-1.924704737731892,,,True
17.895,0.4982422435102769,-1.9248652831215045,,,True
17.900000000000002,0.497620150977556,-1.9250004349943795,,,True
17.905,0.4970138985648139,-1.9251108170906124,,,True
17.91,0.4964244504915165,-1.925197091505266,,,True
17.915,0.4958527433957043,-1.925259957952181,,,True
17.92,0.4952996848769662,-1.9253001523271502,,,True
17.925,0.4947661520942047,-1.9253184457047416,,,True
17.93,0.49425299040689935,-1.9253156429113865,,,True
17.935,0.49376101207448075,-1.9252925814474333,,,True
17.94,0.4932909950011373,-1.9252501298349487,,,True
17.945,0.4928436815464962,-1.925189186530719,,,True
17.95,0.4924197773824138,-1.925110678168923,,,True
17.955000000000002,0.4920199504197866,-1.9250155583289028,,,True
17.96,0.4916448297869422,-1.9249048057885259,,,True
17.965,0.49129500487786615,-1.9247794231181623,,,True
17.97,0.4909710244587102,-1.9246404349731498,,,True
17.975,0.4906733958428663,-1.9244888864773821,,,True
17.98,0.49040258413015514,-1.9243258415153233,,,True
17.985,0.4901590115161583,-1.9241523811181922,,,True
17.990000000000002,0.48994305666722243,-1.9239696016462,,,True
17.995,0.48975505416718146,-1.9237786130951409,,,True
18.0,0.4895952940327489,-1.9235805372736388,,,True
18.005,0.4894640213018395,-1.923376506121523,,,True
18.01,0.4893614356902069,-1.9231676597348626,,,True
18.015,0.48928769132458394,-1.9229551447564162,,,True
18.02,0.4892428965431069,-1.9227401123638923,,,True
18.025000000000002,0.48922711377410855,-1.9225237166643603,,,True
18.03,0.4892403594806946,-1.9223071125899087,,,True
18.035,0.4892826041854396,-1.9220914543471386,,,True
18.04,0.48935377256123286,-1.9218778933502907,,,True
18.045,0.48945374360041316,-1.921667576670193,,,True
18.05,0.48958235084956875,-1.9214616449161135,,,True
18.055,0.4897393827224957,-1.9212612307202102,,,True
18.06,0.4899245828786047,-1.9210674567271033,,,True
18.065,0.4901376506763509,-1.9208814340441915,,,True
18.07,0.49037824169189925,-1.9207042602534665,,,True
18.075,0.49064596831098156,-1.9205370179677346,,,True
18.080000000000002,0.49094040038417114,-1.920380772861029,,,True
18.085,0.491261065951838,-1.9202365722193204,,,True
18.09,0.4916074520328378,-1.9201054431257538,,,True
18.095,0.4919790054783717,-1.9199883910371511,,,True
18.1,0.4923751338871941,-1.9198863980402472,,,True
18.105,0.4927952065828759,-1.9198004214419606,,,True
18.11,0.49323855565116576,-1.919731392262326,,,True
18.115000000000002,0.4937044770327066,-1.9196802137222182,,,True
18.12,0.4941922316753932,-1.9196477599374453,,,True
18.125,0.49470104673688525,-1.919634874465728,,,True
18.13,0.4952301168440082,-1.9196423691476208,,,True
18.135,0.4957786053965802,-1.9196710226672464,,,True
18.14,0.4963456459252194,-1.9197215795344553,,,True
18.145,0.49693034348986775,-1.9197947487806382,,,True
18.150000000000002,0.49753177612646426,-1.919891203084421,,,True
18.155,0.4981489963298806,-1.9200115774475397,,,True
18.16,0.49878103258091266,-1.9201564685530657,,,True
18.165,0.4994268909060516,-1.9203264335972396,,,True
18.17,0.5000855564719131,-1.9205219896389216,,,True
18.175,0.5007559952128502,-1.9207436126702133,,,True
18.18,0.5014371554836051,-1.9209917370302851,,,True
18.185,0.5021279697436676,-1.9212667546877251,,,True
18.19,0.5028273562573748,-1.9215690146895823,,,True
18.195,0.5035342208237217,-1.921898822620845,,,True
18.2,0.504247458515612,-1.922256440281418,,,True
18.205000000000002,0.5049659554404354,-1.9226420850935424,,,True
18.21,0.5056885905095192,-1.923055930086129,,,True
18.215,0.5064142372193049,-1.9234981033842107,,,True
18.22,0.5071417654368814,-1.9239686883164508,,,True
18.225,0.5078700431928032,-1.9244677230719058,,,True
18.23,0.508597938470713,-1.924995200948683,,,True
18.235,0.5093243209999376,-1.925551070132056,,,True
18.240000000000002,0.5100480640385416,-1.9261352341224762,,,True
18.245,0.5107680461541196,-1.9267475516267014,,,True
18.25,0.5114831529889325,-1.9273878371187048,,,True
18.255,0.5121922790176858,-1.9280558609075968,,,True
18.26,0.512894329283905,-1.9287513497813926,,,True
18.265,0.5135882211235339,-1.9294739873064868,,,True
18.27,0.5142728858618515,-1.9302234145276782,,,True
18.275000000000002,0.5149472704906303,-1.9309992303740302,,,True
18.28,0.5156103393164785,-1.9318009925809363,,,True
18.285,0.5162610755825445,-1.932628218263732,,,True
18.29,0.5168984830530268,-1.9334803846986932,,,True
18.295,0.5175215875743077,-1.9343569304496593,,,True
18.3,0.5181294385841082,-1.9352572558352876,,,True
18.305,0.5187211105992549,-1.936180724429988,,,True
18.31,0.5192957046468862,-1.937126663728167,,,True
18.315,0.5198523496631386,-1.938094366450745,,,True
18.32,0.5203902038391166,-1.9390830915794912,,,True
18.325,0.5209084559251684,-1.9400920656797522,,,True
18.330000000000002,0.5214063264782113,-1.9411204839626568,,,True
18.335,0.5218830690676586,-1.9421675119101995,,,True
18.34,0.52233797141525,-1.9432322862069433,,,True
18.345,0.5227703564930617,-1.9443139165921937,,,True
18.35,0.523179583552476,-1.945411486854045,,,True
18.355,0.523565049104059,-1.9465240566601107,,,True
18.36,0.523926187832952,-1.9476506628842736,,,True
18.365000000000002,0.5242624734512995,-1.9487903211357276,,,True
18.37,0.5245734194952192,-1.9499420274886226,,,True
18.375,0.5248585800481392,-1.9511047599056774,,,True
18.38,0.5251175504097432,-1.9522774800559477,,,True
18.385,0.5253499676882704,-1.9534591347715238,,,True
18.39,0.5255555113370003,-1.9546486579529185,,,True
18.395,0.5257339036125714,-1.9558449720116897,,,True
18.400000000000002,0.5258849099763064,-1.9570469899159573,,,True
18.405,0.5260083394141212,-1.9582536165131696,,,True
18.41,0.5261040447011798,-1.9594637507071448,,,True
18.415,0.5261719225825056,-1.960676286743432,,,True
18.42,0.5262119138984428,-1.9618901164268292,,,True
18.425,0.5262240036276434,-1.9631041305212034,,,True
18.43,0.5262082208683425,-1.9643172206661366,,,True
18.435,0.5261646387471701,-1.9655282811596895,,,True
18.44,0.5260933742563507,-1.9667362105216295,,,True
18.445,0.5259945880273569,-1.9679399135007538,,,True
18.45,0.5258684840281522,-1.9691383025167595,,,True
18.455000000000002,0.5257153091998262,-1.9703302996184493,,,True
18.46,0.5255353530189089,-1.9715148379465868,,,True
18.465,0.5253289469999987,-1.9726908637021685,,,True
18.47,0.5250964641237895,-1.9738573374719794,,,True
18.475,0.5248383182093579,-1.9750132361195827,,,True
18.48,0.5245549632134293,-1.9761575541983305,,,True
18.485,0.5242468924763812,-1.9772893056990446,,,True
18.490000000000002,0.523914637896565,-1.9784075254249873,,,True
18.495,0.5235587690545043,-1.9795112706128812,,,True
18.5,0.5231798922690097,-1.9805996223163191,,,True
18.505,0.5227786496053903,-1.9816716869368205,,,True
18.51,0.5223557178186493,-1.9827265974824475,,,True
18.515,0.5219118072524043,-1.9837635150448374,,,True
18.52,0.5214476606765741,-1.9847816299527572,,,True
18.525000000000002,0.5209640520845201,-1.9857801632117462,,,True
18.53,0.520461785431776,-1.9867583674929488,,,True
18.535,0.5199416933384903,-1.9877155284407575,,,True
18.54,0.5194046357402325,-1.98865096569737,,,True
18.545,0.5188514985018744,-1.9895640339505918,,,True
18.55,0.5182831919894166,-1.990454123961701,,,True
18.555,0.517700649604822,-1.9913206633953489,,,True
18.56,0.5171048262878125,-1.9921631178482033,,,True
18.565,0.5164966969804898,-1.992980991404321,,,True
18.57,0.5158772550703358,-1.993773827754235,,,True
18.575,0.5152475107929664,-1.9945412103744014,,,True
18.580000000000002,0.5146084896254838,-1.9952827636872033,,,True
18.585,0.5139612306417188,-1.9959981531836162,,,True
18.59,0.5133067848608691,-1.9966870861729213,,,True
18.595,0.5126462135685863,-1.9973493120512131,,,True
18.6,0.5119805866312042,-1.9979846226999232,,,True
18.605,0.5113109807932182,-1.9985928528161339,,,True
18.61,0.5106384779691352,-1.9991738801309058,,,True
18.615000000000002,0.5099641635244431,-1.9997276254089018,,,True
18.62,0.509289124558806,-2.000254052778143,,,True
18.625,0.5086144481824884,-2.0007531694994114,,,True
18.63,0.5079412197987205,-2.0012250260935174,,,True
18.635,0.5072705213883755,-2.001669716117809,,,True
18.64,0.5066034298017587,-2.002087375956722,,,True
18.645,0.5059410150628059,-2.0024781847340725,,,True
18.650000000000002,0.505284338680459,-2.0028423636522152,,,True
18.655,0.5046344519834199,-2.0031801760673864,,,True
18.66,0.5039923944622562,-2.0034919264621935,,,True
18.665,0.5033591921433274,-2.0037779605107517,,,True
18.67,0.502735855975842,-2.004038664034172,,,True
18.675,0.5021233802500961,-2.0042744625778925,,,True
18.68,0.501522741042404,-2.004485820633689,,,True
18.685,0.500934894689095,-2.0046732408511314,,,True
18.69,0.5003607762955322,-2.004837263256723,,,True
18.695,0.49980129827777015,-2.004978464299836,,,True
18.7,0.49925734894477264,-2.005097455974382,,,True
18.705000000000002,0.49872979111510096,-2.0051948847041356,,,True
18.71,0.49821946078279794,-2.005271430436529,,,True
18.715,0.4977271658185831,-2.0053278053782173,,,True
18.72,0.4972536847239667,-2.0053647529464054,,,True
18.725,0.49679976542934934,-2.0053830465472036,,,True
18.73,0.49636612414180825,-2.005383488227663,,,True
18.735,0.4959534442459137,-2.005366907496928,,,True
18.740000000000002,0.49556237525682995,-2.005334159960609,,,True
18.745,0.49519353182613046,-2.005286125820576,,,True
18.75,0.49484749280812873,-2.0052237086673945,,,True
18.755,0.4945248003786548,-2.005147833835961,,,True
18.76,0.4942259592175699,-2.0050594470701872,,,True
18.765,0.4939514357457426,-2.004959512769577,,,True
18.77,0.4937016574318196,-2.0048490128816367,,,True
18.775000000000002,0.49347701215060963,-2.0047289447959846,,,True
18.78,0.4932778476142774,-2.004600320185171,,,True
18.785,0.49310447086121373,-2.004464163073767,,,True
18.79,0.49295714781448813,-2.0043215085464174,,,True
18.795,0.49283610290112084,-2.0041734006933387,,,True
18.8,0.4927415187413206,-2.004020891332909,,,True
18.805,0.4926735359020503,-2.003865038017908,,,True
18.81,0.49263225271824307,-2.003706902692846,,,True
18.815,0.4926177251795305,-2.003547549588873,,,True
18.82,0.49262996688694544,-2.003388044036169,,,True
18.825,0.4926689490721743,-2.00322945019378,,,True
18.830000000000002,0.49273460069133307,-2.0030728301186973,,,True
18.835,0.49282680857373906,-2.002919241166153,,,True
18.84,0.49294541765189087,-2.0027697352986875,,,True
18.845,0.4930902312423176,-2.0026253564873597,,,True
18.85,0.4932610114062829,-2.0024871399688853,,,True
18.855,0.49345747936177253,-2.002356109763661,,,True
18.86,0.4936793159724857,-2.0022332778514267,,,True
18.865000000000002,0.49392616228854097,-2.0021196418847507,,,True
18.87,0.4941976201590381,-2.0020161842091198,,,True
18.875,0.4944932528998689,-2.0019238698751254,,,True
18.88,0.4948125860238695,-2.001843645444737,,,True
18.885,0.49515510803273266,-2.001776437397847,,,True
18.89,0.49552027125829484,-2.0017231505685626,,,True
18.895,0.4959074927727604,-2.0016846669575914,,,True
18.900000000000002,0.4963161553402971,-2.0016618442084275,,,True
18.905,0.4967456084340393,-2.0016555143292103,,,True
18.91,0.49719516929352464,-2.0016664823736536,,,True
18.915,0.49766412404281646,-2.0016955252118294,,,True
18.92,0.49815172884742315,-2.001743390401059,,,True
18.925,0.49865721112458017,-2.001810794904714,,,True
18.93,0.49917977079069387,-2.0018984240523987,,,True
18.935,0.49971858156031296,-2.0020069305703942,,,True
18.94,0.5002727922732724,-2.0021369333628196,,,True
18.945,0.5008415282726331,-2.002289016833165,,,True
18.95,0.5014238928067074,-2.0024637297865593,,,True
18.955000000000002,0.502018968474042,-2.002661584680981,,,True
18.96,0.502625818692929,-2.002883056935977,,,True
18.965,0.5032434892040213,-2.0031285840663173,,,True
18.97,0.5038710095947615,-2.0033985650490647,,,True
18.975,0.5045073948551779,-2.0036933599042523,,,True
18.98,0.5051516469467122,-2.004013288997605,,,True
18.985,0.5058027563956131,-2.004358632575474,,,True
18.990000000000002,0.5064597039005435,-2.0047296304207456,,,True
18.995,0.5071214619558144,-2.0051264815317476,,,True
19.0,0.5077869964834436,-2.0055493438003817,,,True
19.005,0.5084552684766578,-2.0059983338433494,,,True
19.01,0.5091252356460991,-2.0064735267734513,,,True
19.015,0.5097958540748965,-2.006974956320115,,,True
19.02,0.5104660798667132,-2.007502614505389,,,True
19.025000000000002,0.5111348708017904,-2.0080564520820614,,,True
19.03,0.511801187978592,-2.0086363782476138,,,True
19.035,0.5124639974583469,-2.0092422612583745,,,True
19.04,0.5131222718896636,-2.0098739282245437,,,True
19.045,0.5137749921325517,-2.0105311658901526,,,True
19.05,0.5144211488559546,-2.0112137205708445,,,True
19.055,0.5150597441291728,-2.0119212989922355,,,True
19.06,0.5156897929836358,-2.012653568431124,,,True
19.065,0.516310324961917,-2.0134101576235572,,,True
19.07,0.516920385633606,-2.0141906570891845,,,True
19.075,0.5175190380915676,-2.014994620070164,,,True
19.080000000000002,0.5181053644135054,-2.015821563075599,,,True
19.085,0.5186784670947372,-2.0166709667755645,,,True
19.09,0.5192374704487731,-2.017542276965029,,,True
19.095,0.5197815219652715,-2.018434905166036,,,True
19.1,0.520309793640269,-2.019348230003711,,,True
19.105,0.5208214832556152,-2.020281597840111,,,True
19.11,0.5213158156248865,-2.0212343241598183,,,True
19.115000000000002,0.5217920437887751,-2.0222056943844913,,,True
19.12,0.5222494501701596,-2.0231949653289742,,,True
19.125,0.5226873476760739,-2.0242013661057245,,,True
19.13,0.5231050807563424,-2.025224099691217,,,True
19.135,0.5235020264053325,-2.0262623439584226,,,True
19.14,0.5238775951151723,-2.0273152531005474,,,True
19.145,0.5242312317738209,-2.028381959037966,,,True
19.150000000000002,0.5245624165064927,-2.029461572643425,,,True
19.155,0.5248706654641944,-2.030553185468346,,,True
19.16,0.5251555315491542,-2.0316558708390486,,,True
19.165,0.5254166050868645,-2.0327686856778056,,,True
19.17,0.5256535144338402,-2.033890671719922,,,True
19.175,0.5258659265269305,-2.035020857292356,,,True
19.18,0.5260535473721679,-2.0361582587008495,,,True
19.185,0.5262161224659965,-2.0373018818454094,,,True
19.19,0.5263534371612552,-2.0384507237700076,,,True
19.195,0.5264653169638106,-2.0396037744327478,,,True
19.2,0.5265516277676947,-2.0407600180036067,,,True
19.205000000000002,0.5266122760255513,-2.0419184347809636,,,True
19.21,0.5266472088563655,-2.043078002583095,,,True
19.215,0.526656414085038,-2.0442376985048445,,,True
19.22,0.5266399202230446,-2.0453965004835513,,,True
19.225,0.5265977963781171,-2.046553388897827,,,True
19.23,0.5265301521071976,-2.047707348231279,,,True
19.235,0.5264371371981287,-2.048857368629136,,,True
19.240000000000002,0.5263189413938525,-2.050002447454845,,,True
19.245,0.5261757940508953,-2.0511415910247788,,,True
19.25,0.5260079637355682,-2.0522738159590066,,,True
19.255,0.5258157577601574,-2.0533981509480905,,,True
19.26,0.5255995216552117,-2.0545136380209748,,,True
19.265,0.5253596385858997,-2.0556193342788256,,,True
19.27,0.5250965287059038,-2.056714313204169,,,True
19.275000000000002,0.5248106484569849,-2.05779766629281,,,True
19.28,0.5245024898072189,-2.05886850422072,,,True
19.285,0.5241725794396254,-2.059925958518016,,,True
19.29,0.5238214778799041,-2.0609691826203083,,,True
19.295,0.5234497785800637,-2.0619973535137346,,,True
19.3,0.5230581069399711,-2.0630096726409453,,,True
19.305,0.5226471192926205,-2.064005367548765,,,True
19.31,0.5222175018272632,-2.0649836926931675,,,True
19.315,0.5217699694794679,-2.065943930846706,,,True
19.32,0.52130526476663,-2.0668853941297756,,,True
19.325,0.5208241565892952,-2.0678074250915413,,,True
19.330000000000002,0.5203274389828858,-2.0687093975849864,,,True
19.335,0.5198159298425932,-2.069590717963616,,,True
19.34,0.5192904695979909,-2.0704508257173955,,,True
19.345,0.5187519198690101,-2.0712891946286316,,,True
19.35,0.5182011620725729,-2.072105333225337,,,True
19.355,0.5176390960170205,-2.0728987858543513,,,True
19.36,0.5170666384520096,-2.0736691330966313,,,True
19.365000000000002,0.5164847216085026,-2.074415992578008,,,True
19.37,0.5158942917029647,-2.0751390194999,,,True
19.375,0.5152963074291822,-2.0758379069447512,,,True
19.38,0.5146917384292694,-2.0765123867422286,,,True
19.385,0.5140815637474807,-2.0771622293538843,,,True
19.39,0.5134667702736967,-2.0777872446785475,,,True
19.395,0.5128483511724606,-2.078387281819454,,,True
19.400000000000002,0.5122273043088413,-2.0789622298322845,,,True
19.405,0.5116046306619082,-2.0795120173109605,,,True
19.41,0.510981332741343,-2.0800366129160044,,,True
19.415,0.5103584129979116,-2.08053602501718,,,True
19.42,0.5097368722401999,-2.0810103019756125,,,True
19.425,0.5091177080516328,-2.081459531692768,,,True
19.43,0.5085019132177095,-2.08188384179763,,,True
19.435,0.507890474158403,-2.0822833989549756,,,True
19.44,0.5072843693777785,-2.082658409083832,,,True
19.445,0.5066845679205427,-2.0830091164478035,,,True
19.45,0.5060920278532646,-2.0833358037372416,,,True
19.455000000000002,0.5055076947566282,-2.0836387911368854,,,True
19.46,0.5049325002461523,-2.0839184361990672,,,True
19.465,0.5043673605094471,-2.0841751328217684,,,True
19.47,0.5038131748769625,-2.0844093109929958,,,True
19.475,0.5032708244128884,-2.084621435715761,,,True
19.48,0.5027411705438511,-2.084812006502283,,,True
19.485,0.5022250537142015,-2.0849815564094305,,,True
19.490000000000002,0.5017232920796483,-2.085130651175368,,,True
19.495,0.5012366802356706,-2.0852598883695093,,,True
19.5,0.5007659879847225,-2.0853698962900493,,,True
19.505,0.5003119591450159,-2.0854613330848006,,,True
19.51,0.4998753103989728,-2.0855348854800795,,,True
19.515,0.49945673019008857,-2.0855912679273882,,,True
19.52,0.49905687766099555,-2.085631221212587,,,True
19.525000000000002,0.4986763816419715,-2.0856555113915416,,,True
19.53,0.498315839686865,-2.0856649284530198,,,True
19.535,0.4979758171613522,-2.0856602852009622,,,True
19.54,0.49765684637966634,-2.0856424156905202,,,True
19.545,0.4973594258000348,-2.0856121742900524,,,True
19.55,0.49708401926593615,-2.0855704337381193,,,True
19.555,0.4968310553141023,-2.0855180843768024,,,True
19.56,0.49660092652740845,-2.0854560321724076,,,True
19.565,0.496393988955167,-2.0853851977139968,,,True
19.57,0.4962105615841175,-2.0853065143310134,,,True
19.575,0.4960509258749821,-2.085220927030117,,,True
19.580000000000002,0.49591532535294636,-2.0851293905500397,,,True
19.585,0.4958039652646578,-2.0850328682867425,,,True
19.59,0.4957170122890621,-2.084932330322648,,,True
19.595,0.4956545943175044,-2.084828752280568,,,True
19.6,0.4956168002870786,-2.0847231134215587,,,True
19.605,0.4956036800843918,-2.0846163954247126,,,True
19.61,0.49561524450267913,-2.0845095805732363,,,True
19.615000000000002,0.49565146526708564,-2.084403650276366,,,True
19.62,0.49571227511982513,-2.084299583653745,,,True
19.625,0.49579756796490887,-2.0841983557525054,,,True
19.63,0.49590719907721453,-2.084100936219757,,,True
19.635,0.49604098537077784,-2.0840082876336328,,,True
19.64,0.4961987057270675,-2.0839213640778027,,,True
19.645,0.4963801013848181,-2.0838411095665146,,,True
19.650000000000002,0.4965848763867169,-2.0837684566223724,,,True
19.655,0.496812698086835,-2.0837043247663787,,,True
19.66,0.4970631977142422,-2.0836496191857936,,,True
19.665,0.49733597099213983,-2.083605229089102,,,True
19.67,0.49763057881547007,-2.0835720265919124,,,True
19.675,0.4979465479804385,-2.0835508651598085,,,True
19.68,0.4982833719670251,-2.083542578347634,,,True
19.685,0.4986405117760931,-2.0835479784935877,,,True
19.69,0.49901739681352864,-2.0835678554579906,,,True
19.695,0.4994134258268298,-2.08360297541355,,,True
19.7,0.499827967886258,-2.0836540796575425,,,True
19.705000000000002,0.5002603634128217,-2.0837218833346705,,,True
19.71,0.5007099252530673,-2.083807074607701,,,True
19.715,0.5011759397914455,-2.08391031329395,,,True
19.72,0.5016576681090255,-2.0840322301247176,,,True
19.725,0.5021543471746629,-2.084173425482517,,,True
19.73,0.5026651910804422,-2.0843344687971737,,,True
19.735,0.5031893923055075,-2.0845158974547027,,,True
19.740000000000002,0.5037261230156406,-2.0847182160201023,,,True
19.745,0.5042745363960643,-2.0849418956173142,,,True
19.75,0.5048337680056877,-2.0851873729560833,,,True
19.755,0.5054029371679132,-2.0854550499933877,,,True
19.76,0.5059811483740975,-2.085745292951288,,,True
19.765,0.5065674927212975,-2.0860584322112405,,,True
19.77,0.5071610493583955,-2.0863947614010456,,,True
19.775000000000002,0.507760886959205,-2.0867545374050507,,,True
19.78,0.5083660652017319,-2.0871379794743303,,,True
19.785,0.5089756362691314,-2.0875452694946097,,,True
19.79,0.509588646353331,-2.0879765512269666,,,True
19.795,0.5102041371699301,-2.088431930441164,,,True
19.8,0.5108211474823969,-2.0889114747241266,,,True
19.805,0.5114387146185064,-2.089415213295432,,,True
19.81,0.5120558760020515,-2.089943137129298,,,True
19.815,0.5126716706673798,-2.090495198903409,,,True
19.82,0.5132851407862579,-2.091071313255385,,,True
19.825,0.5138953331707384,-2.0916713568058043,,,True
19.830000000000002,0.5145013007839899,-2.0922951684750126,,,True
19.835,0.5151021042253601,-2.092942549786269,,,True
19.84,0.5156968132132151,-2.09361326512148,,,True
19.845,0.5162845080437837,-2.0943070423137757,,,True
19.85,0.516864281036385,-2.095023572847294,,,True
19.855,0.5174352379568256,-2.0957625127091757,,,True
19.86,0.5179964994173012,-2.096523482657989,,,True
19.865000000000002,0.5185472022521871,-2.097306069086851,,,True
19.87,0.5190865008670071,-2.098109824554036,,,True
19.875,0.5196135685575481,-2.0989342686755226,,,True
19.88,0.5201275987983818,-2.0997788887722124,,,True
19.885,0.5206278064977883,-2.1006431408802086,,,True
19.89,0.5211134292162812,-2.101526450382777,,,True
19.895,0.5215837283517692,-2.1024282133104855,,,True
19.900000000000002,0.5220379902802835,-2.1033477969074825,,,True
19.905,0.5224755274625341,-2.1042845411310447,,,True
19.91,0.5228956795012718,-2.1052377592498273,,,True
19.915,0.5232978141602915,-2.1062067393691146,,,True
19.92,0.5236813283339582,-2.1071907451875638,,,True
19.925,0.524045648973122,-2.10818901765898,,,True
19.93,0.5243902339584092,-2.1092007756608004,,,True
19.935,0.524714572928108,-2.110225217856459,,,True
19.94,0.5250181880511284,-2.111261523345568,,,True
19.945,0.5253006347508635,-2.11230885365498,,,True
19.95,0.5255615023726814,-2.1133663533666476,,,True
19.955000000000002,0.5258004148005209,-2.1144331522436697,,,True
19.96,0.5260170310145188,-2.1155083658477056,,,True
19.965,0.5262110455959779,-2.1165910977161944,,,True
19.97,0.5263821891727211,-2.1176804400718114,,,True
19.975,0.5265302288086675,-2.118775475891301,,,True
19.98,0.5266549683358505,-2.1198752799062386,,,True
19.985,0.5267562486243299,-2.120978920352319,,,True
19.990000000000002,0.5268339478003291,-2.1220854603316064,,,True
19.995,0.5268879813949637,-2.1231939592974585,,,True
1.3862967791319565,0.028074953552628196,-0.24638847723711496,0.09567320689496914,-0.09230705384137011,True
2.1841779729750765,0.0941670690825365,-0.32274103111061314,0.08283453230870783,-0.09569413900550044,True
2.980907086923869,0.15111691168631705,-0.40028679712819754,0.07147955510439755,-0.09733015231895795,True
3.776639322856746,0.20014973669421982,-0.4785514619357224,0.06161975447735772,-0.09835552874865157,True
4.57151496595052,0.24236082769332717,-0.5573073424214611,0.05310401867997304,-0.0990794990008866,True
5.365655235078308,0.2787154017222113,-0.6364252802156146,0.04577852986703813,-0.09962715765698361,True
6.15916372609481,0.3100573365090061,-0.7158240861161443,0.03949791986049832,-0.10006043640291494,True
6.952131287108497,0.3370982389830428,-0.7954495240360918,0.034100893660100204,-0.10041449591980621,True
7.744635289086552,0.3604347382609005,-0.8752633762813508,0.029446538086382926,-0.10071097691121694,True
8.53674041756567,0.38061721610367516,-0.955236881607361,0.02547954446592974,-0.10096324648164248,True
9.328503714867827,0.3980726244315886,-1.035348846693047,0.022046245875996934,-0.10118171094651429,True
10.119973846769955,0.4131854073026951,-1.1155824824659464,0.01909457130717767,-0.1013729167265922,True
10.911190859271034,0.42630183195116494,-1.1959239853122252,0.016577531121339435,-0.10154167766478514,True
11.70219058351752,0.43768600680274833,-1.2763626503853756,0.014392135044583053,-0.10169240596104756,True
12.49300327137113,0.4475799150036558,-1.3568893609462673,0.012511064064691595,-0.10182779284871363,True
13.283654769884274,0.45619048723372907,-1.4374964368237306,0.01089047734212336,-0.10195019680484835,True
14.074167210553783,0.46369465842382546,-1.5181773287716578,0.009492793287023887,-0.10206150820295253,True
14.864559567183917,0.4702438917318096,-1.5989263868723458,0.008286053443010272,-0.10216325780902599,True
15.654848122156173,0.4759679838245429,-1.679738687916069,0.007243040604243967,-0.10225670172657411,True
16.445046867156176,0.4809785952569121,-1.7606098997019046,0.006340950886183923,-0.10234287550764883,True
17.23516783147115,0.4853714223920921,-1.8415361853512537,0.005559689381218362,-0.10242265337119795,True
18.02522133384035,0.4892277001187299,-1.9225141283020337,0.0048810336452831055,-0.10249678370888113,True
18.81521626773146,0.4926182546767889,-2.0035406504080653,0.004291868735611804,-0.10256587558977909,True
19.605160289993524,0.4956040508164983,-2.084612971154342,0.0037797566100435187,-0.10263046299675814,True
