x,z,shear,x_0,z_0,St,beta,history
0.3,-0.2,1.6794349878940515,0.3,-0.2,0.01,0.905,False
0.4247019450806181,-0.4639507535324461,1.5459251898213437,0.3,-0.2,0.01,0.905,False
0.5078826287406968,-0.7211006590591399,1.5008150111108396,0.3,-0.2,0.01,0.905,False
0.5634902246721636,-0.971607294224449,1.4810101765187633,0.3,-0.2,0.01,0.905,False
0.6008852390644889,-1.217287174644744,2.437073113114182,0.3,-0.2,0.01,0.905,False
0.3,-0.2,1.8182049226785286,0.3,-0.2,0.015,0.905,False
0.4175820969333229,-0.5872368088862647,1.6490618068395513,0.3,-0.2,0.015,0.905,False
0.481798477840333,-0.9629900273379288,1.594066447859726,0.3,-0.2,0.015,0.905,False
0.5174507653717133,-1.3296038672749166,1.5707067372306345,0.3,-0.2,0.015,0.905,False
0.5378054920759019,-1.6906726532637768,3.2610161142628744,0.3,-0.2,0.015,0.905,False
0.3,-0.2,1.9949282603617897,0.3,-0.2,0.02,0.905,False
0.4117415117161443,-0.7088471483259706,1.7981206116927952,0.3,-0.2,0.02,0.905,False
0.462369277128599,-1.2024252938955786,1.7359321918673807,0.3,-0.2,0.02,0.905,False
0.4863307634036533,-1.685054531220754,1.7105053508924948,0.3,-0.2,0.02,0.905,False
0.4984176364818481,-2.161837836996784,4.284227732388037,0.3,-0.2,0.02,0.905,False
0.3,-0.2,2.2007856944466053,0.3,-0.2,0.025,0.905,False
0.4069467065493832,-0.8288964017568291,1.9850938168377186,0.3,-0.2,0.025,0.905,False
0.4477173476314133,-1.4396715455979372,1.9186345887033511,0.3,-0.2,0.025,0.905,False
0.4646036184786118,-2.038204697957829,1.892546263698424,0.3,-0.2,0.025,0.905,False
0.4723779352742588,-2.6309013331635565,5.410601991511144,0.3,-0.2,0.025,0.905,False
0.3,-0.2,2.4281477659893524,0.3,-0.2,0.03,0.905,False
0.4030049138981848,-0.9474783776342204,2.2013041147484502,0.3,-0.2,0.03,0.905,False
0.4365222853051347,-1.674982844595832,2.132816562821749,0.3,-0.2,0.03,0.905,False
0.4489502278361454,-2.3894003855040458,2.107163019085281,0.3,-0.2,0.03,0.905,False
0.454269164450991,-3.098230360724616,6.5911271092534065,0.3,-0.2,0.03,0.905,False
0.3,-0.2,2.6708976185971895,0.3,-0.2,0.035,0.905,False
0.3997580130007047,-1.0646705206877478,2.4391900051224797,0.3,-0.2,0.035,0.905,False
0.4278492974348014,-1.9085782804425824,2.3702972230546435,0.3,-0.2,0.035,0.905,False
0.4373324329186904,-2.738946449627433,2.345926859777566,0.3,-0.2,0.035,0.905,False
0.4411231255622091,-3.5641401655307545,7.8011046395519905,0.3,-0.2,0.035,0.905,False
0.3,-0.2,2.924380173904414,0.3,-0.2,0.04,0.905,False
0.3970770414769023,-1.180537678365714,2.6929143898750945,0.3,-0.2,0.04,0.905,False
0.4210329794268398,-2.140638064382093,2.6248447610493244,0.3,-0.2,0.04,0.905,False
0.428471620423616,-3.0870785168906543,2.60237540999401,0.3,-0.2,0.04,0.905,False
0.43123754452873,-4.028851994327988,9.027481346039746,0.3,-0.2,0.04,0.905,False
0.3,-0.2,3.185149397646599,0.3,-0.2,0.045,0.905,False
0.394857265610824,-1.2951350749309023,2.958240057014578,0.3,-0.2,0.045,0.905,False
0.4155971910742564,-2.3713070453462444,2.8919692601427247,0.3,-0.2,0.045,0.905,False
0.4215475833165314,-3.433968873781499,2.87178631574347,0.3,-0.2,0.045,0.905,False
0.4235896644825821,-4.492509471227532,10.262889284561002,0.3,-0.2,0.045,0.905,False
0.3,-0.2,3.450686261747352,0.3,-0.2,0.05,0.905,False
0.3930138401273802,-1.408510530431654,3.2321732547611424,0.3,-0.2,0.05,0.905,False
0.411199274950993,-2.600700359005771,3.16848100039094,0.3,-0.2,0.05,0.905,False
0.4160216140023256,-3.779740071779445,3.1507552906636547,0.3,-0.2,0.05,0.905,False
0.4175363021238359,-4.955202057338691,11.502897377450354,0.3,-0.2,0.05,0.905,False
0.3,-0.2,6.131536790164774,0.3,-0.2,0.1,0.905,False
0.3849871938769257,-2.482407207723162,6.177361272199093,0.3,-0.2,0.1,0.905,False
0.391754823120198,-4.837596631648544,6.150126282263837,0.3,-0.2,0.1,0.905,False
0.392432671128319,-7.18639464801811,6.147670410784947,0.3,-0.2,0.1,0.905,False
0.3925027907057121,-9.53465600251696,23.835206209896747,0.3,-0.2,0.1,0.905,False
0.3,-0.2,10.9960132062368,0.3,-0.2,0.2,0.905,False
0.3815816353958234,-4.3531510176987895,12.348903868547294,0.3,-0.2,0.2,0.905,False
0.3828584052598167,-9.049872840450774,12.347616837920159,0.3,-0.2,0.2,0.905,False
0.3828707907684482,-13.746304290135935,12.34759760338085,0.3,-0.2,0.2,0.905,False
0.3828709092149646,-18.44273012211256,47.67316388206988,0.3,-0.2,0.2,0.905,False
0.3,-0.2,15.11036058845942,0.3,-0.2,0.3,0.905,False
0.3790777823967191,-5.897264660031541,18.59352620530347,0.3,-0.2,0.3,0.905,False
0.3792954435280684,-12.929269125888274,18.626445677050004,0.3,-0.2,0.3,0.905,False
0.3792951082372326,-19.973796172524978,18.62673684078253,0.3,-0.2,0.3,0.905,False
0.3792951032497831,-27.018433876903284,70.72336534825222,0.3,-0.2,0.3,0.905,False
0.3,-0.2,18.544143371594146,0.3,-0.2,0.4,0.905,False
0.3766130766957247,-7.159199766587017,24.802322485745464,0.3,-0.2,0.4,0.905,False
0.3763833248075225,-16.47919793286367,24.990627630158404,0.3,-0.2,0.4,0.905,False
0.3763745255295735,-25.86996097381055,24.996026074573187,0.3,-0.2,0.4,0.905,False
0.3763742731125856,-35.26275268758084,93.17238819089985,0.3,-0.2,0.4,0.905,False
0.3,-0.2,21.407778687618645,0.3,-0.2,0.5,0.905,False
0.3743115610248558,-8.19195093770558,30.860800462357584,0.3,-0.2,0.5,0.905,False
0.3735494268149896,-19.70788900349254,31.431625826722055,0.3,-0.2,0.5,0.905,False
0.3735034992102782,-31.43582271382193,31.4649241069577,0.3,-0.2,0.5,0.905,False
0.3735008204038501,-43.17612131711239,115.0735499067974,0.3,-0.2,0.5,0.905,False
0.3,-0.2,23.811897130006166,0.3,-0.2,0.6,0.905,False
0.3722193827529218,-9.044350143725936,36.67815224998757,0.3,-0.2,0.6,0.905,False
0.3707280220520828,-22.631882022482063,37.918337393109866,0.3,-0.2,0.6,0.905,False
0.3705874324619624,-36.67416603585029,38.034541729431304,0.3,-0.2,0.6,0.905,False
0.3705742648316565,-50.75904200379025,136.4431557801825,0.3,-0.2,0.6,0.905,False
0.3,-0.2,25.84922691711504,0.3,-0.2,0.7,0.905,False
0.3703407716674499,-9.755766414561917,42.20035270314387,0.3,-0.2,0.7,0.905,False
0.3679422111009494,-25.27437095937323,44.40663881235166,0.3,-0.2,0.7,0.905,False
0.3676265671328455,-41.59115319343318,44.69674983042426,0.3,-0.2,0.7,0.905,False
0.3675851029860281,-58.01278680807294,157.2849142178044,0.3,-0.2,0.7,0.905,False
0.3,-0.2,27.592850777878905,0.3,-0.2,0.8,0.905,False
0.3686622952260575,-10.356406755204816,47.40377768585967,0.3,-0.2,0.8,0.905,False
0.3652257215041832,-27.661824617861477,50.85035505653425,0.3,-0.2,0.8,0.905,False
0.3646435419408332,-46.19691048691279,51.43497304551064,0.3,-0.2,0.8,0.905,False
0.3645449769247225,-64.94018326984546,177.59847025715246,0.3,-0.2,0.8,0.905,False
0.3,-0.2,29.0993407651517,0.3,-0.2,0.9,0.905,False
0.3671640109296101,-10.869133125630434,52.28519595744203,0.3,-0.2,0.9,0.905,False
0.3626053251461971,-29.82114240309434,57.20831190913317,0.3,-0.2,0.9,0.905,False
0.3616649141879378,-50.5050654905579,58.22685674286066,0.3,-0.2,0.9,0.905,False
0.3614709652874598,-71.54617569043893,197.38333305221315,0.3,-0.2,0.9,0.905,False
0.3,-0.2,30.412453205154907,0.3,-0.2,1.0,0.905,False
0.3658247453830964,-11.31127567601818,56.85361556540286,0.3,-0.2,1.0,0.905,False
0.3600982506723863,-31.77789298494668,63.44729506606315,0.3,-0.2,1.0,0.905,False
0.3587150917366311,-54.53174989466899,65.04739524488595,0.3,-0.2,1.0,0.905,False
0.3583810468979898,-77.8379948498434,216.64075273723034,0.3,-0.2,1.0,0.905,False
0.3,-0.2,2.531904970219707,0.3,-0.2,0.01,0.75,False
0.400910254019539,-0.99753306185473,2.286283112938605,0.3,-0.2,0.01,0.75,False
0.431894931975578,-1.7656975731024425,2.2180381138950107,0.3,-0.2,0.01,0.75,False
0.4430110409628822,-2.5207144263614154,2.192870858142785,0.3,-0.2,0.01,0.75,False
0.4476625856579431,-3.270320244000005,7.053873506971819,0.3,-0.2,0.01,0.75,False
0.3,-0.2,2.449178748089503,0.3,-0.2,0.01,0.76,False
0.4021181178018785,-0.957111563386364,2.208191068377195,0.3,-0.2,0.01,0.76,False
0.4351048793977086,-1.686360960258943,2.14016262220604,0.3,-0.2,0.01,0.76,False
0.4473307523989593,-2.402636267808166,2.1146280864531146,0.3,-0.2,0.01,0.76,False
0.4525636561185746,-3.113372026036424,6.646355550874237,0.3,-0.2,0.01,0.76,False
0.3,-0.2,2.3704556383712743,0.3,-0.2,0.01,0.77,False
0.4033740350645255,-0.917661506090345,2.134455715906589,0.3,-0.2,0.01,0.77,False
0.4385057759301015,-1.608971594803061,2.0668134221798873,0.3,-0.2,0.01,0.77,False
0.4519705558805036,-2.2875194000470502,2.0410129806410886,0.3,-0.2,0.01,0.77,False
0.4578646163012956,-2.9604198732192883,6.252744654696104,0.3,-0.2,0.01,0.77,False
0.3,-0.2,2.2957005235014507,0.3,-0.2,0.01,0.78,False
0.4046774051013899,-0.8791456273850847,2.065059371042992,0.3,-0.2,0.01,0.78,False
0.442106425456668,-1.5334514996522073,1.9979774814739926,0.3,-0.2,0.01,0.78,False
0.4569569551643849,-2.175243980746895,1.9720128113145523,0.3,-0.2,0.01,0.78,False
0.4636069332034753,-2.811303184576168,5.8730216270265725,0.3,-0.2,0.01,0.78,False
0.3,-0.2,2.224879117281114,0.3,-0.2,0.01,0.79,False
0.4060276076865481,-0.8415285707117214,1.9999829862752263,0.3,-0.2,0.01,0.79,False
0.4459158682343458,-1.4597267815069497,1.9336413668243544,0.3,-0.2,0.01,0.79,False
0.4623187624427118,-2.06569631822894,1.9076140699772002,0.3,-0.2,0.01,0.79,False
0.4698374693790617,-2.66586932456972,5.507241640464524,0.3,-0.2,0.01,0.79,False
0.3,-0.2,2.1579569056510253,0.3,-0.2,0.01,0.8,False
0.4074240042339843,-0.8047767661870903,1.9392036680402562,0.3,-0.2,0.01,0.8,False
0.4499433661865737,-1.3877274019884778,1.8737882502629035,0.3,-0.2,0.01,0.8,False
0.4680872289224437,-1.9587685846160976,1.8477997647715332,0.3,-0.2,0.01,0.8,False
0.4766091316592449,-2.5239732665922188,5.15554264618226,0.3,-0.2,0.01,0.8,False
0.3,-0.2,2.094898060091451,0.3,-0.2,0.01,0.81,False
0.4088659390057943,-0.7688583200636776,1.882692108684845,0.3,-0.2,0.01,0.81,False
0.4541983884295444,-1.317386967621159,1.8183945836711262,0.3,-0.2,0.01,0.81,False
0.4742961781038258,-1.854358568627669,1.7925463077738346,0.3,-0.2,0.01,0.81,False
0.4839815827911471,-2.3854773086277907,4.818154490470593,0.3,-0.2,0.01,0.81,False
0.3,-0.2,2.035664352739695,0.3,-0.2,0.01,0.82,False
0.4103527403536977,-0.7337429122514689,1.8304100323231476,0.3,-0.2,0.01,0.82,False
0.4586905972534582,-1.2486425372556251,1.7674265489251446,0.3,-0.2,0.01,0.82,False
0.4809821424710441,-1.7523694677323274,1.7418200415475824,0.3,-0.2,0.01,0.82,False
0.4920220213852576,-2.250250866344161,4.495408395625455,0.3,-0.2,0.01,0.82,False
0.3,-0.2,1.9802141159572844,0.3,-0.2,0.01,0.83,False
0.4118837219806479,-0.6994017012274977,1.7823077845001822,0.3,-0.2,0.01,0.83,False
0.463429834792848,-1.1814344456807664,1.7208364453884535,0.3,-0.2,0.01,0.83,False
0.488184504727357,-1.6527097199202636,1.6955735077342395,0.3,-0.2,0.01,0.83,False
0.5008060368623257,-2.118170351121297,4.187746236917523,0.3,-0.2,0.01,0.83,False
0.3,-0.2,1.9285013057683855,0.3,-0.2,0.01,0.84,False
0.4134581842109701,-0.6658072357223144,1.7383222272129735,0.3,-0.2,0.01,0.84,False
0.4684261106318376,-1.1157061423096477,1.67855923239224,0.3,-0.2,0.01,0.84,False
0.4959456452347162,-1.5552928759255606,1.653741624631071,0.3,-0.2,0.01,0.84,False
0.5104185480034305,-1.989119143172646,3.895728704262941,0.3,-0.2,0.01,0.84,False
0.3,-0.2,1.8804747490809037,0.3,-0.2,0.01,0.85,False
0.4150754152590526,-0.6329333726293807,1.6983751325036516,0.3,-0.2,0.01,0.85,False
0.4736895906028677,-1.051404043948193,1.64050949675938,0.3,-0.2,0.01,0.85,False
0.5043110979777258,-1.4600375133315928,1.6162380091428685,0.3,-0.2,0.01,0.85,False
0.5209548364780043,-1.862987673057694,3.620040947501301,0.3,-0.2,0.01,0.85,False
0.3,-0.2,1.8360776802659815,0.3,-0.2,0.01,0.86,False
0.4167346924879564,-0.6007552006343623,1.662372301060331,0.3,-0.2,0.01,0.86,False
0.4792305870506354,-0.9884774007667032,1.6065791609783076,0.3,-0.2,0.01,0.86,False
0.5133297181912562,-1.366867194630534,1.582951745419229,0.3,-0.2,0.01,0.86,False
0.5325216906830358,-1.7396736286188947,3.361493655077697,0.3,-0.2,0.01,0.86,False
0.3,-0.2,1.79524770606297,0.3,-0.2,0.01,0.87,False
0.4184352836506276,-0.5692489691069692,1.6302036730547027,0.3,-0.2,0.01,0.87,False
0.4850595508478337,-0.926878174695016,1.5766362879255804,0.3,-0.2,0.01,0.87,False
0.5230538658054906,-1.275710471989482,1.553744964061851,0.3,-0.2,0.01,0.87,False
0.5452386808185006,-1.6190823088057351,3.12101677135945,0.3,-0.2,0.01,0.87,False
0.3,-0.2,1.757917383559737,0.3,-0.2,0.01,0.88,False
0.420176448107453,-0.5383920218391876,1.6017447609956739,0.3,-0.2,0.01,0.88,False
0.4911870654655544,-0.8665609295532833,1.550525385369176,0.3,-0.2,0.01,0.88,False
0.5335396101146398,-1.1865009422025152,1.5284516557000554,0.3,-0.2,0.01,0.88,False
0.559239593950035,-1.5011271510683444,2.899642476127352,0.3,-0.2,0.01,0.88,False
0.3,-0.2,1.724015662493572,0.3,-0.2,0.01,0.89,False
0.4219574380149875,-0.5081627352507302,1.5768598472688826,0.3,-0.2,0.01,0.89,False
0.4976238434199482,-0.8074827323126696,1.5280697000588659,0.3,-0.2,0.01,0.89,False
0.5448469626209318,-1.0991773560803335,1.5068782222434278,0.3,-0.2,0.01,0.89,False
0.5746740686832809,-1.3857304650830415,2.6984742985645096,0.3,-0.2,0.01,0.89,False
0.3,-0.2,1.6934705449111487,0.3,-0.2,0.01,0.9,False
0.4237774994815321,-0.4785404607158955,1.5554076066282418,0.3,-0.2,0.01,0.9,False
0.5043807254380739,-0.7496030649552469,1.509076185650191,0.3,-0.2,0.01,0.9,False
0.5570401469122119,-1.0136837873422475,1.4888064257293585,0.3,-0.2,0.01,0.9,False
0.5917094840956197,-1.2728244125207706,2.518641724400448,0.3,-0.2,0.01,0.9,False
0.3,-0.2,1.6662134776663744,0.3,-0.2,0.01,0.91,False
0.425635873686066,-0.4495054706961667,1.537250239016274,0.3,-0.2,0.01,0.91,False
0.5114686827106251,-0.6928837464699354,1.4933442698069561,0.3,-0.2,0.01,0.91,False
0.5701879167861841,-0.9299698669162176,1.4739997607059405,0.3,-0.2,0.01,0.91,False
0.6105331782330651,-1.1623522802742847,2.36124692704465,0.3,-0.2,0.01,0.91,False
0.3,-0.2,1.642186260472425,0.3,-0.2,0.01,0.92,False
0.4275317979577658,-0.421038908390048,1.5222680301355591,0.3,-0.2,0.01,0.92,False
0.5188988226280657,-0.6372888645827554,1.4806805188886405,0.3,-0.2,0.01,0.92,False
0.5843639367465766,-0.8479910894000544,1.4622151475783272,0.3,-0.2,0.01,0.92,False
0.6313550998097041,-1.0542701026934864,2.2273263672992596,0.3,-0.2,0.01,0.92,False
0.3,-0.2,1.6213517020485682,0.3,-0.2,0.01,0.93,False
0.4294645068139549,-0.3931227406362907,1.5103828997028026,0.3,-0.2,0.01,0.93,False
0.5266823984302049,-0.5827847168749769,1.4709234202091537,0.3,-0.2,0.01,0.93,False
0.5996472426045107,-0.7677091992531292,1.4532239045489233,0.3,-0.2,0.01,0.93,False
0.6544110354984969,-0.948548696235928,2.1178809848798257,0.3,-0.2,0.01,0.93,False
0.3,-0.2,1.6037100290350212,0.3,-0.2,0.01,0.94,False
0.4314332329549042,-0.3657397138288625,1.5015978085521708,0.3,-0.2,0.01,0.94,False
0.5348308232384725,-0.5293397609926199,1.463987191156152,0.3,-0.2,0.01,0.94,False
0.6161228043978937,-0.6890926650170262,1.4468508760847603,0.3,-0.2,0.01,0.94,False
0.6799666081165482,-0.8451761761936226,2.0340845824604474,0.3,-0.2,0.01,0.94,False
0.3,-0.2,1.5893244040462642,0.3,-0.2,0.01,0.95,False
0.433437208214377,-0.338873312622298,1.4960658012057162,0.3,-0.2,0.01,0.95,False
0.5433556889858098,-0.4769245736953633,1.459944276292079,0.3,-0.2,0.01,0.95,False
0.633882219414871,-0.6121172504197355,1.4430527624215281,0.3,-0.2,0.01,0.95,False
0.7083223131584417,-0.744161027454784,1.9778837596072174,0.3,-0.2,0.01,0.95,False
0.3,-0.2,1.5833990502308437,0.3,-0.2,0.01,0.955,False
0.4344521741984734,-0.325628877866346,1.4946379129639873,0.3,-0.2,0.01,0.955,False
0.5477629644660524,-0.4510945198199669,1.4591116181853026,0.3,-0.2,0.01,0.955,False
0.6432740152387941,-0.5742395482395344,1.4421801121452285,0.3,-0.2,0.01,0.955,False
0.7236552043251723,-0.6945465834468423,1.961271873806016,0.3,-0.2,0.01,0.955,False
0.3,-0.2,1.5783613278595023,0.3,-0.2,0.01,0.96,False
0.4354756644652622,-0.3125077212242902,1.4942175340463089,0.3,-0.2,0.01,0.96,False
0.5522687908124309,-0.4255118185324533,1.4591922573830114,0.3,-0.2,0.01,0.96,False
0.6530245700567345,-0.5367666914778545,1.4420885603227322,0.3,-0.2,0.01,0.96,False
0.7398199593751013,-0.6455357956018888,1.9534194093272947,0.3,-0.2,0.01,0.96,False
0.3,-0.2,1.5742588774935937,0.3,-0.2,0.01,0.965,False
0.4365075831461296,-0.2995079690712117,1.4949422977158595,0.3,-0.2,0.01,0.965,False
0.556874679169044,-0.4001733749207862,1.4603454567064649,0.3,-0.2,0.01,0.965,False
0.6631476134566323,-0.4996980227223596,1.4429227286064534,0.3,-0.2,0.01,0.965,False
0.7568671263075497,-0.5971372065599543,1.9557018642333484,0.3,-0.2,0.01,0.965,False
0.3,-0.2,1.5711561388423538,0.3,-0.2,0.01,0.97,False
0.4375478344799809,-0.2866277870891107,1.4970109546945989,0.3,-0.2,0.01,0.97,False
0.5615821575577012,-0.3750762219678986,1.4628188206908315,0.3,-0.2,0.01,0.97,False
0.6736574899594885,-0.4630334884969206,1.4449252745728176,0.3,-0.2,0.01,0.97,False
0.7748510126477256,-0.5493614444142272,1.970216351143846,0.3,-0.2,0.01,0.97,False
0.3,-0.2,1.5691392022975421,0.3,-0.2,0.01,0.975,False
0.4385963228376728,-0.2738653792517226,1.5007098261913963,0.3,-0.2,0.01,0.975,False
0.5663927722144008,-0.3502175202575379,1.4669955512265946,0.3,-0.2,0.01,0.975,False
0.6845692076708492,-0.426773670838908,1.44849749119199,0.3,-0.2,0.01,0.975,False
0.7938301003591208,-0.5022213946631447,2.000161950052659,0.3,-0.2,0.01,0.975,False
0.3,-0.2,1.568322205515929,0.3,-0.2,0.01,0.98,False
0.4396529527457192,-0.2612189868405103,1.5064528346823283,0.3,-0.2,0.01,0.98,False
0.571308089050669,-0.3255945578069933,1.4734719484425005,0.3,-0.2,0.01,0.98,False
0.6958984926676899,-0.390919820929251,1.4543043815158934,0.3,-0.2,0.01,0.98,False
0.8138675235432623,-0.4557323802734742,2.0504310874295224,0.3,-0.2,0.01,0.98,False
0.3,-0.2,1.568855840364138,0.3,-0.2,0.01,0.985,False
0.4407176289093289,-0.2486868874907353,1.51484338307925,0.3,-0.2,0.01,0.985,False
0.576329695246945,-0.3012047500259833,1.4831883447844851,0.3,-0.2,0.01,0.985,False
0.707661849816208,-0.3554738947882325,1.4634631729840482,0.3,-0.2,0.01,0.985,False
0.835031619298284,-0.4099123477122532,2.1285473457924367,0.3,-0.2,0.01,0.985,False
0.3,-0.2,1.5709387696187644,0.3,-0.2,0.01,0.99,False
0.441790256234747,-0.2362673942665413,1.5267722687550243,0.3,-0.2,0.01,0.99,False
0.581459200985451,-0.2770456398009165,1.497657811367944,0.3,-0.2,0.01,0.99,False
0.7198766307991539,-0.3204385910278551,1.4778948156161262,0.3,-0.2,0.01,0.99,False
0.8573965637953023,-0.3647820558083418,2.246192751692788,0.3,-0.2,0.01,0.99,False
0.3,-0.2,1.5726401178658866,0.3,-0.2,0.01,0.9925,False
0.4423295219266491,-0.2300993572503791,1.5344577834522177,0.3,-0.2,0.01,0.9925,False
0.5840649261141273,-0.2650518633296662,1.5074001867737317,0.3,-0.2,0.01,0.9925,False
0.7261589777296392,-0.3030759786564058,1.4880646564350017,0.3,-0.2,0.01,0.9925,False
0.8690543096603834,-0.34248286495039,2.3252282201819376,0.3,-0.2,0.01,0.9925,False
0.3,-0.2,1.5748330954884815,0.3,-0.2,0.01,0.995,False
0.4428707398509083,-0.2239588547640214,1.543576682218226,0.3,-0.2,0.01,0.995,False
0.5866982413305795,-0.2531148977039223,1.5193810283738045,0.3,-0.2,0.01,0.995,False
0.7325611102249693,-0.2858173906241921,1.5010087288828915,0.3,-0.2,0.01,0.995,False
0.8810431075770591,-0.3203652630108352,2.4217947054248,0.3,-0.2,0.01,0.995,False
0.3,-0.2,1.5775638428888954,0.3,-0.2,0.01,0.9975,False
0.4434138981868777,-0.217845685509876,1.554409164725358,0.3,-0.2,0.01,0.9975,False
0.5893593552397682,-0.2412344717507515,1.5341947048723985,0.3,-0.2,0.01,0.9975,False
0.7390854707879121,-0.2686633911429119,1.5176125677654786,0.3,-0.2,0.01,0.9975,False
0.893374218128722,-0.2984327179711271,2.5400041205780624,0.3,-0.2,0.01,0.9975,False
0.3,-10.0,1.4142135623732495,0.3,-10.0,0.01,1.0,False
0.2999994173806211,-10.000000215868802,1.4142135623733636,0.3,-10.0,0.01,1.0,False
0.2999988617270028,-10.000000493946713,1.4142135623735008,0.3,-10.0,0.01,1.0,False
0.299998339645789,-10.000000830919166,1.4142135623736547,0.3,-10.0,0.01,1.0,False
0.2999978573479077,-10.000001222782036,1.4142135623783676,0.3,-10.0,0.01,1.0,False
0.3,-10.0,1.4161151071637084,0.3,-10.0,0.01,1.01,False
0.299999366382665,-9.97799143753588,1.4161392986941814,0.3,-10.0,0.01,1.01,False
0.2999987333077646,-9.955843272599155,1.4161392939340463,0.3,-10.0,0.01,1.01,False
0.2999981087593202,-9.933695180948432,1.4161392888707316,0.3,-10.0,0.01,1.01,False
0.2999975010328399,-9.911547162834305,1.4446223963750022,0.3,-10.0,0.01,1.01,False
0.3,-10.0,1.421657751952615,0.3,-10.0,0.01,1.02,False
0.2999993158440356,-9.956411489255842,1.421751361358837,0.3,-10.0,0.01,1.02,False
0.2999986028995384,-9.912549156838471,1.4217513698615316,0.3,-10.0,0.01,1.02,False
0.2999978687040516,-9.868686907704378,1.421751376973512,0.3,-10.0,0.01,1.02,False
0.2999971219115019,-9.824824747494876,1.5300217452187534,0.3,-10.0,0.01,1.02,False
0.3,-10.0,1.430589816975624,0.3,-10.0,0.01,1.03,False
0.2999992657616727,-9.935247959072704,1.430793113221704,0.3,-10.0,0.01,1.03,False
0.2999984705221683,-9.870093085732934,1.430793162922837,0.3,-10.0,0.01,1.03,False
0.2999976193095265,-9.804938300908765,1.4307932118974858,0.3,-10.0,0.01,1.03,False
0.2999967190016355,-9.739783616512623,1.6590295019602679,0.3,-10.0,0.01,1.03,False
0.3,-10.0,1.4426526065168108,0.3,-10.0,0.01,1.04,False
0.2999992161324553,-9.914488909434091,1.4430007915688314,0.3,-10.0,0.01,1.04,False
0.2999983361965646,-9.82845095925711,1.4430009203772483,0.3,-10.0,0.01,1.04,False
0.2999973604110046,-9.742413097692063,1.4430010544634022,0.3,-10.0,0.01,1.04,False
0.2999962913117726,-9.65637534351434,1.8198928637953329,0.3,-10.0,0.01,1.04,False
0.3,-10.0,1.4575856654576569,0.3,-10.0,0.01,1.05,False
0.2999991669532083,-9.894122854741218,1.4581089269165302,0.3,-10.0,0.01,1.05,False
0.2999981999446334,-9.787599592674871,1.4581091825824404,0.3,-10.0,0.01,1.05,False
0.2999970918495409,-9.681076413810205,1.4581094594844506,0.3,-10.0,0.01,1.05,False
0.2999958378423588,-9.574553344056008,2.002803564449214,0.3,-10.0,0.01,1.05,False
0.3,-10.0,1.4751314690731745,0.3,-10.0,0.01,1.06,False
0.2999991182207064,-9.87413874016135,1.4758551689453665,0.3,-10.0,0.01,1.06,False
0.299998061789202,-9.747516673496651,1.475855608782102,0.3,-10.0,0.01,1.06,False
0.299996813472052,-9.620894678746858,1.4758561013590001,0.3,-10.0,0.01,1.06,False
0.2999953575868553,-9.494272788871015,2.2004243940605743,0.3,-10.0,0.01,1.06,False
0.3,-10.0,1.495039378660025,0.3,-10.0,0.01,1.07,False
0.2999990699316687,-9.854525921621685,1.4959843467308043,0.3,-10.0,0.01,1.07,False
0.2999979217539347,-9.708180720843307,1.495985037235592,0.3,-10.0,0.01,1.07,False
0.2999965251313519,-9.56183557444818,1.4959858340383805,0.3,-10.0,0.01,1.07,False
0.2999948495328318,-9.415490521976253,2.4075419764228148,0.3,-10.0,0.01,1.07,False
0.3,-10.0,1.5170687870137944,0.3,-10.0,0.01,1.08,False
0.2999990220827757,-9.835274146907349,1.518251686323541,0.3,-10.0,0.01,1.08,False
0.2999977798632808,-9.669571047060424,1.5182527027389614,0.3,-10.0,0.01,1.08,False
0.2999962266862014,-9.503867977453766,1.5182539084213276,0.3,-10.0,0.01,1.08,False
0.2999943126630708,-9.338164983320643,2.6205225085963058,0.3,-10.0,0.01,1.08,False
0.3,-10.0,1.5409914543585912,0.3,-10.0,0.01,1.09,False
0.2999989746706611,-9.816373537793794,1.5424251886865696,0.3,-10.0,0.01,1.09,False
0.2999976361423958,-9.63166772143924,1.542426614536746,0.3,-10.0,0.01,1.09,False
0.2999959180013241,-9.446961904206592,1.5424283501730813,0.3,-10.0,0.01,1.09,False
0.2999937459566498,-9.262256135685192,2.8368390103433963,0.3,-10.0,0.01,1.09,False
0.3,-10.0,1.5665930916830217,0.3,-10.0,0.01,1.1,False
0.2999989276919167,-9.797814573148104,1.568287229437573,0.3,-10.0,0.01,1.1,False
0.2999974906170793,-9.594451535911116,1.5682891560651036,0.3,-10.0,0.01,1.1,False
0.2999955989474242,-9.39108845934115,1.5682915594059994,0.3,-10.0,0.01,1.1,False
0.2999931483900191,-9.187725395565582,3.054724091902583,0.3,-10.0,0.01,1.1,False
0.3,-10.0,1.593674283932906,0.3,-10.0,0.01,1.11,False
0.2999988811431059,-9.779588072938294,1.595635478276247,0.3,-10.0,0.01,1.11,False
0.2999973433137268,-9.557903972590548,1.5956380043980982,0.3,-10.0,0.01,1.11,False
0.2999952694011942,-9.336219786760578,1.5956412300875793,0.3,-10.0,0.01,1.11,False
0.2999925189380644,-9.114535567784356,3.272930731575336,0.3,-10.0,0.01,1.11,False
0.3,-10.0,1.6220508627313535,0.3,-10.0,0.01,1.12,False
0.2999988350207532,-9.76168518309425,1.6242832532406544,0.3,-10.0,0.01,1.12,False
0.2999971942592539,-9.522007173052126,1.6242864845342535,0.3,-10.0,0.01,1.12,False
0.2999949292453017,-9.282329023330126,1.6242907043066033,0.3,-10.0,0.01,1.12,False
0.2999918565751461,-9.042650783602118,3.4905711069558407,0.3,-10.0,0.01,1.12,False
0.3,-10.0,1.651553841397745,0.3,-10.0,0.01,1.13,False
0.2999987893213543,-9.744097361167414,1.6540594275083527,0.3,-10.0,0.01,1.13,False
0.2999970434810542,-9.486743909233574,1.6540634762338593,0.3,-10.0,0.01,1.13,False
0.2999945783683782,-9.229390255023931,1.654068879103372,0.3,-10.0,0.01,1.13,False
0.2999911602761298,-8.972036442108987,3.707008317960913,0.3,-10.0,0.01,1.13,False
0.3,-10.0,1.6820290184764102,0.3,-10.0,0.01,1.14,False
0.2999987440413799,-9.726816362741744,1.6848079990723859,0.3,-10.0,0.01,1.14,False
0.2999968910069445,-9.45209755586702,1.6848129837331667,0.3,-10.0,0.01,1.14,False
0.299994216664994,-9.177378475376836,1.684819776184704,0.3,-10.0,0.01,1.14,False
0.2999904290173966,-8.90265915469813,3.9217831480082506,0.3,-10.0,0.01,1.14,False
0.3,-10.0,1.7133363437477305,0.3,-10.0,0.01,1.15,False
0.2999986991772747,-9.709834228549024,1.7163874204668896,0.3,-10.0,0.01,1.15,False
0.2999967368651076,-9.418052064343517,2.400626974303003,0.3,-10.0,0.01,1.15,False
0.3,-10.0,1.7453491258796745,0.3,-10.0,0.01,1.16,False
0.2999986547254644,-9.693143272246768,1.7486697700350136,0.3,-10.0,0.01,1.16,False
0.2999965810840583,-9.384591937926018,2.4916211808009003,0.3,-10.0,0.01,1.16,False
0.3,-10.0,1.7779531456876636,0.3,-10.0,0.01,1.17,False
0.2999986106823583,-9.676736068819723,1.7815398302972876,0.3,-10.0,0.01,1.17,False
0.2999964236925892,-9.351702208229929,2.582634736347572,0.3,-10.0,0.01,1.17,False
0.3,-10.0,1.811045724776233,0.3,-10.0,0.01,1.18,False
0.2999985670443456,-9.660605443568054,1.8148941241793113,0.3,-10.0,0.01,1.18,False
0.2999962647197262,-9.31936841289675,2.6734726839939045,0.3,-10.0,0.01,1.18,False
0.3,-10.0,1.8445347868713804,0.3,-10.0,0.01,1.19,False
0.2999985238078086,-9.64474446164687,1.848639946937564,0.3,-10.0,0.01,1.19,False
0.2999961041946961,-9.287576574389345,2.7639755967564734,0.3,-10.0,0.01,1.19,False
0.3,-10.0,1.8783379386926784,0.3,-10.0,0.01,1.2,False
0.2999984809691167,-9.629146418126762,1.8826944208385623,0.3,-10.0,0.01,1.2,False
0.2999959421468828,-9.2563131798456,2.854013245004284,0.3,-10.0,0.01,1.2,False
0.3,-0.2,1.6493906445180677,0.3,-0.2,0.01,0.905,True
0.4278730611693067,-0.4292419759385374,1.5377784008300597,0.3,-0.2,0.01,0.905,True
0.5169326837063992,-0.671201062952496,1.4940459936874568,0.3,-0.2,0.01,0.905,True
0.5779933604544023,-0.9104780986554344,1.4746808481164169,0.3,-0.2,0.01,0.905,True
0.6198102017002769,-1.1467844364439812,2.3333677775625534,0.3,-0.2,0.01,0.905,True
0.3,-0.2,1.7435797407630045,0.3,-0.2,0.015,0.905,True
0.4224293767828063,-0.5257008936619472,1.619268195665481,0.3,-0.2,0.015,0.905,True
0.4946052476294277,-0.8738782108510443,1.5690493275145734,0.3,-0.2,0.015,0.905,True
0.5363321773616724,-1.2198548905187028,1.5476368936085736,0.3,-0.2,0.015,0.905,True
0.5607610809882323,-1.5635658896381142,2.9859970318845614,0.3,-0.2,0.015,0.905,True
0.3,-0.2,1.8573319163215762,0.3,-0.2,0.02,0.905,True
0.4180168736620064,-0.6169853014489746,1.7333909759785817,0.3,-0.2,0.02,0.905,True
0.4778426848302184,-1.068514361365691,1.6805908132642624,0.3,-0.2,0.02,0.905,True
0.5076837232321444,-1.519413330587711,1.659343292585865,0.3,-0.2,0.02,0.905,True
0.5231357157448298,-1.9693756557866944,3.790216855984315,0.3,-0.2,0.02,0.905,True
0.3,-0.2,1.9849677950875368,0.3,-0.2,0.025,0.905,True
0.4143853080171932,-0.70402062011086,1.8738081316231132,0.3,-0.2,0.025,0.905,True
0.4649730807362079,-1.2564541252801027,1.8226669253745968,0.3,-0.2,0.025,0.905,True
0.4872224869104476,-1.8106499436405863,1.8037975633109196,0.3,-0.2,0.025,0.905,True
0.4977125176027401,-2.3657168314095967,4.669123950517334,0.3,-0.2,0.025,0.905,True
0.3,-0.2,2.122247182856388,0.3,-0.2,0.03,0.905,True
0.4113631358702955,-0.7874330624405935,2.0343803970501217,0.3,-0.2,0.03,0.905,True
0.4549057990794594,-1.4386408231141965,1.9884826224330363,0.3,-0.2,0.03,0.905,True
0.4721209688389458,-2.0947062662741063,1.9738263126287654,0.3,-0.2,0.03,0.905,True
0.4796626583991092,-2.7538615264919795,5.582800258588379,0.3,-0.2,0.03,0.905,True
0.3,-0.2,2.265963303444303,0.3,-0.2,0.035,0.905,True
0.4088263077342218,-0.8676813016779802,2.2097943730444665,0.3,-0.2,0.035,0.905,True
0.4469005345676415,-1.6157811836869955,2.1719682930760413,0.3,-0.2,0.035,0.905,True
0.4606486703605573,-2.372463646133505,2.1630171026803238,0.3,-0.2,0.035,0.905,True
0.4663076152157676,-3.134805801813761,6.51098280317268,0.3,-0.2,0.035,0.905,True
0.3,-0.2,2.413722560669569,0.3,-0.2,0.04,0.905,True
0.4066819672260219,-0.9451187041760868,2.3958267501519446,0.3,-0.2,0.04,0.905,True
0.4404406492175405,-1.7884261628693443,2.3683119809777495,0.3,-0.2,0.04,0.905,True
0.4517097805779675,-2.644611606405888,2.3662843419981345,0.3,-0.2,0.04,0.905,True
0.4560860191009564,-3.509320612020564,7.443108110771343,0.3,-0.2,0.04,0.905,True
0.3,-0.2,2.5637599229540187,0.3,-0.2,0.045,0.905,True
0.4048588706619179,-1.0200272890769324,2.589281077371194,0.3,-0.2,0.045,0.905,True
0.4351577657815602,-1.9570172947795257,2.5739068627826045,0.3,-0.2,0.045,0.905,True
0.4445896160085058,-2.9116979003894725,2.5797906018767685,0.3,-0.2,0.045,0.905,True
0.4480451420657899,-3.87800897393638,8.373431175937153,0.3,-0.2,0.045,0.905,True
0.3,-0.2,2.714784762804315,0.3,-0.2,0.05,0.905,True
0.4033013184321134,-1.0926381063265351,2.787798749554591,0.3,-0.2,0.05,0.905,True
0.4307844987988816,-2.121915923178505,2.786108026541923,0.3,-0.2,0.05,0.905,True
0.4388093182702339,-3.174164737535804,2.8006898059501553,0.3,-0.2,0.05,0.905,True
0.4415782783397493,-4.241351267277448,9.298691422957274,0.3,-0.2,0.05,0.905,True
0.3,-0.2,4.160926056720048,0.3,-0.2,0.1,0.905,True
0.3957067319927286,-1.724210503872126,4.828264232684846,0.3,-0.2,0.1,0.905,True
0.4103254738377738,-3.616806927684421,5.015011955259657,0.3,-0.2,0.1,0.905,True
0.4128108929674934,-5.602855184909216,5.134761747108504,0.3,-0.2,0.1,0.905,True
0.4133658221369767,-7.643269302507667,18.078703847055355,0.3,-0.2,0.1,0.905,True
0.3,-0.2,6.495539505397066,0.3,-0.2,0.2,0.905,True
0.3934841958880928,-2.6793498493942782,8.577801529227726,0.3,-0.2,0.2,0.905,True
0.401547290771422,-6.076072073226767,9.241383428338937,0.3,-0.2,0.2,0.905,True
0.4027178774115443,-9.753858211879267,9.606169031313161,0.3,-0.2,0.2,0.905,True
0.4032930953656877,-13.585730079875464,33.22974110491745,0.3,-0.2,0.2,0.905,True
0.3,-0.2,8.29749169325183,0.3,-0.2,0.3,0.905,True
0.3938850707834141,-3.4083753101643093,11.819553522056664,0.3,-0.2,0.3,0.905,True
0.4001858378426219,-8.104100680794318,13.007667919454741,0.3,-0.2,0.3,0.905,True
0.4016990698023501,-13.2982495257651,13.657267440730227,0.3,-0.2,0.3,0.905,True
0.4026027792569922,-18.76712549729515,46.145560018508405,0.3,-0.2,0.3,0.905,True
0.3,-0.2,9.766119551780188,0.3,-0.2,0.4,0.905,True
0.3944494627728814,-4.001269835374839,14.665404024397393,0.3,-0.2,0.4,0.905,True
0.4003673250678928,-9.845212817019558,16.405591164294997,0.3,-0.2,0.4,0.905,True
0.4023582862248223,-16.421518118753433,17.36798353609739,0.3,-0.2,0.4,0.905,True
0.4035876854581326,-23.407725090696555,57.525925572722436,0.3,-0.2,0.4,0.905,True
0.3,-0.2,11.006515557241347,0.3,-0.2,0.5,0.905,True
0.3948918299075514,-4.501076767735975,17.204629440519316,0.3,-0.2,0.5,0.905,True
0.4009297205456836,-11.375367171966529,19.5111718700725,0.3,-0.2,0.5,0.905,True
0.4033838322154982,-19.225105164004205,20.804637329405864,0.3,-0.2,0.5,0.905,True
0.4049239491751702,-27.62989279485179,67.75989621202267,0.3,-0.2,0.5,0.905,True
0.3,-0.2,12.07992514437824,0.3,-0.2,0.6,0.905,True
0.3951968632022631,-4.932613507921419,19.49986488878154,0.3,-0.2,0.6,0.905,True
0.4015425937015621,-12.74181966656957,22.37793711073938,0.3,-0.2,0.6,0.905,True
0.4044253209713246,-21.773879859573167,24.01440578406849,0.3,-0.2,0.6,0.905,True
0.4062582830234773,-31.51297550759621,77.09330446758379,0.3,-0.2,0.6,0.905,True
0.3,-0.2,13.025464361277685,0.3,-0.2,0.7,0.905,True
0.3953878342355746,-5.311741797658898,21.595984445705025,0.3,-0.2,0.7,0.905,True
0.4021009241374276,-13.976673720687712,25.044872766261594,0.3,-0.2,0.7,0.905,True
0.405375493497178,-24.112997343617398,27.03198269249765,0.3,-0.2,0.7,0.905,True
0.4074824818745458,-35.11294785351878,85.69476152112327,0.3,-0.2,0.7,0.905,True
0.3,-0.2,13.8697919953838,0.3,-0.2,0.8,0.905,True
0.3954891926082338,-5.649301582224823,23.52620591853801,0.3,-0.2,0.8,0.905,True
0.40257351125929,-15.103011839781344,27.541447755578652,0.3,-0.2,0.8,0.905,True
0.4062044231038816,-26.27565492317108,29.88383517619785,0.3,-0.2,0.8,0.905,True
0.4085665999067909,-38.47148725463434,93.68644885239459,0.3,-0.2,0.8,0.905,True
0.3,-0.2,14.631958548822771,0.3,-0.2,0.9,0.905,True
0.3955207855077855,-5.953062891491568,25.315851491685024,0.3,-0.2,0.9,0.905,True
0.4029557307797451,-16.138114035551578,29.89061825475492,0.3,-0.2,0.9,0.905,True
0.4069096830629357,-28.28721812224926,32.59076859732712,0.3,-0.2,0.9,0.905,True
0.4095086836875147,-41.62082417858567,101.1604758672022,0.3,-0.2,0.9,0.905,True
0.3,-0.2,15.32607842152168,0.3,-0.2,1.0,0.905,True
0.3954979051357876,-6.228799736346335,26.98470555376651,0.3,-0.2,1.0,0.905,True
0.4032527014392639,-17.0953170810101,32.11070164818969,0.3,-0.2,1.0,0.905,True
0.4074988286194341,-30.16763630682411,35.16953319206869,0.3,-0.2,1.0,0.905,True
0.4103170239999293,-44.58659698618488,108.18839638776299,0.3,-0.2,1.0,0.905,True
0.3,-0.2,2.3139623865872188,0.3,-0.2,0.01,0.75,True
0.4061600555045347,-0.8909183824502132,2.1755062825233904,0.3,-0.2,0.01,0.75,True
0.4425920265106711,-1.6123970823766058,2.122523548814592,0.3,-0.2,0.01,0.75,True
0.4561049557239485,-2.3316430782666817,2.1048852476649027,0.3,-0.2,0.01,0.75,True
0.461829935591356,-3.0507770506656,6.392822940578651,0.3,-0.2,0.01,0.75,True
0.3,-0.2,2.2479050871096278,0.3,-0.2,0.01,0.76,True
0.4073495310284629,-0.8559033301157297,2.1067109342455717,0.3,-0.2,0.01,0.76,True
0.4459608264754693,-1.5408773886394125,2.052648988332452,0.3,-0.2,0.01,0.76,True
0.4607676939891402,-2.223295819800088,2.0339612001684535,0.3,-0.2,0.01,0.76,True
0.4671814702944215,-2.9052108457498518,6.025826184471471,0.3,-0.2,0.01,0.76,True
0.3,-0.2,2.1853253296212025,0.3,-0.2,0.01,0.77,True
0.4085715051325859,-0.8217338464693287,2.042024304016552,0.3,-0.2,0.01,0.77,True
0.4494976519024499,-1.471112915192631,1.9871115652973705,0.3,-0.2,0.01,0.77,True
0.4657401804440941,-2.1176610832989047,1.9675058491069604,0.3,-0.2,0.01,0.77,True
0.4729361721994498,-2.763344422091304,5.6722542270842515,0.3,-0.2,0.01,0.77,True
0.3,-0.2,2.126165034104589,0.3,-0.2,0.01,0.78,True
0.4098252318339089,-0.7883778692887216,1.9814021618605697,0.3,-0.2,0.01,0.78,True
0.4532087711107034,-1.4030344021064391,1.9258734783309401,0.3,-0.2,0.01,0.78,True
0.4710457902362043,-2.014630195171924,1.9054818406174332,0.3,-0.2,0.01,0.78,True
0.479133905728986,-2.6250297893408114,5.3320962938202685,0.3,-0.2,0.01,0.78,True
0.3,-0.2,2.0703657794094354,0.3,-0.2,0.01,0.79,True
0.4111099640539792,-0.7558049679933633,1.9247967799179486,0.3,-0.2,0.01,0.79,True
0.4571005242773401,-1.3365762663842573,1.8688937575650026,0.3,-0.2,0.01,0.79,True
0.4767096242692643,-1.914100239256617,1.847848765345358,0.3,-0.2,0.01,0.79,True
0.485819264523156,-2.490126556210952,5.00541129746209,0.3,-0.2,0.01,0.79,True
0.3,-0.2,2.0178681584599696,0.3,-0.2,0.01,0.8,True
0.4124249545085604,-0.7239862412966679,1.872155061475121,0.3,-0.2,0.01,0.8,True
0.4611793106559136,-1.2716763914599756,1.8161256339234135,0.3,-0.2,0.01,0.8,True
0.4827585777127984,-1.8159737929990163,1.7945606401517622,0.3,-0.2,0.01,0.8,True
0.4930420659319085,-2.3585016218819823,4.692333857410788,0.3,-0.2,0.01,0.8,True
0.3,-0.2,1.9686112011121055,0.3,-0.2,0.01,0.81,True
0.4137694565785549,-0.6928942224328827,1.8234167691693486,0.3,-0.2,0.01,0.81,True
0.4654515764935847,-1.2082759332138433,1.7675138335901799,0.3,-0.2,0.01,0.81,True
0.4892214087419725,-1.7201586977873184,1.7455631849493187,0.3,-0.2,0.01,0.81,True
0.5008578850801952,-2.2300289336256838,4.393080351278867,0.3,-0.2,0.01,0.81,True
0.3,-0.2,1.9225318952698904,0.3,-0.2,0.01,0.82,True
0.4151427251562071,-0.6625027913154178,1.7785129442374445,0.3,-0.2,0.01,0.82,True
0.4699238037687446,-1.1463191411869256,1.7229919240078218,0.3,-0.2,0.01,0.82,True
0.4961288082648552,-1.626567862599306,1.7007909824096143,0.3,-0.2,0.01,0.82,True
0.5093286318760841,-2.104589314434649,4.107954544078216,0.3,-0.2,0.01,0.82,True
0.3,-0.2,1.8795648443375172,0.3,-0.2,0.01,0.83,True
0.4165440174617536,-0.6327870930448912,1.7373646242367298,0.3,-0.2,0.01,0.83,True
0.4746024998697128,-1.085753193804846,1.6824798693779106,0.3,-0.2,0.01,0.83,True
0.5035134716999082,-1.535119100491276,1.6601646489459359,0.3,-0.2,0.01,0.83,True
0.5185231754693527,-1.9820703660622832,3.837352112648458,0.3,-0.2,0.01,0.83,True
0.3,-0.2,1.8396421080584173,0.3,-0.2,0.01,0.84,True
0.417972593826805,-0.6037234622400972,1.699881981535821,0.3,-0.2,0.01,0.84,True
0.4794941883342775,-1.0265280465385491,1.6458819809709335,0.3,-0.2,0.01,0.84,True
0.5114101742318838,-1.4457349978182528,1.6235881862734376,0.3,-0.2,0.01,0.84,True
0.5285180222891986,-1.8623664547140728,3.5817630776460296,0.3,-0.2,0.01,0.84,True
0.3,-0.2,1.8026932851259656,0.3,-0.2,0.01,0.85,True
0.4194277184415053,-0.5752893527142303,1.6659640206020634,0.3,-0.2,0.01,0.85,True
0.4846054007689844,-0.968596292034101,1.613085469285479,0.3,-0.2,0.01,0.85,True
0.5198558514090555,-1.3583428164332962,1.5909467205731727,0.3,-0.2,0.01,0.85,True
0.5393980560568534,-1.7453787887184309,3.341770779908632,0.3,-0.2,0.01,0.85,True
0.3,-0.2,1.768645911093448,0.3,-0.2,0.01,0.86,True
0.4209086600634334,-0.5474632720628284,1.6354989928316135,0.3,-0.2,0.01,0.86,True
0.4899426700668402,-0.9119130313367876,1.5839598232021759,0.3,-0.2,0.01,0.86,True
0.5288896874612815,-1.2728744294700514,1.5621048690591022,0.3,-0.2,0.01,0.86,True
0.551257351293158,-1.6310155998800169,3.118045650980818,0.3,-0.2,0.01,0.86,True
0.3,-0.2,1.7374262664611408,0.3,-0.2,0.01,0.87,True
0.4224146926867607,-0.5202247207694245,1.6083657217694762,0.3,-0.2,0.01,0.87,True
0.4955125250421936,-0.8564357554181494,1.5583572638162118,0.3,-0.2,0.01,0.87,True
0.53855321433174,-1.189266291666029,1.536906004401171,0.3,-0.2,0.01,0.87,True
0.5642000760977794,-1.519192442900875,2.9113317987456773,0.3,-0.2,0.01,0.87,True
0.3,-0.2,1.7089607212432476,0.3,-0.2,0.01,0.88,True
0.4239450961708119,-0.4935541354705438,1.584436094414467,0.3,-0.2,0.01,0.88,True
0.5013214866023166,-0.8021242362892013,1.5361145660349318,0.3,-0.2,0.01,0.88,True
0.5488904251438493,-1.1074594455333868,1.5151727283900862,0.3,-0.2,0.01,0.88,True
0.5783415057246081,-1.4098326302496902,2.7224247379259063,0.3,-0.2,0.01,0.88,True
0.3,-0.2,1.683177789992337,0.3,-0.2,0.01,0.89,True
0.4254991568276025,-0.4674328360535849,1.563579093030582,0.3,-0.2,0.01,0.89,True
0.5073760655769078,-0.7489404270496374,1.5170566454294319,0.3,-0.2,0.01,0.89,True
0.5599479066914282,-1.0273995650234384,1.4967089480414104,0.3,-0.2,0.01,0.89,True
0.593809176185493,-1.3028678231322213,2.5521401685291516,0.3,-0.2,0.01,0.89,True
0.3,-0.2,1.6600111450422836,0.3,-0.2,0.01,0.9,True
0.4270761679684228,-0.4418429762900364,1.5456669645371226,0.3,-0.2,0.01,0.9,True
0.5136827623292087,-0.696848370282552,1.5010025393867634,0.3,-0.2,0.01,0.9,True
0.5717749965720043,-0.9490370386546992,1.4813041356354657,0.3,-0.2,0.01,0.9,True
0.610744217393908,-1.198238802675296,2.4012777690568106,0.3,-0.2,0.01,0.9,True
0.3,-0.2,1.639403951485033,0.3,-0.2,0.01,0.91,True
0.4286754304097374,-0.4167674977325,1.5305845384896435,0.3,-0.2,0.01,0.91,True
0.5202480682760343,-0.6458141142574271,1.4877749011486883,0.3,-0.2,0.01,0.91,True
0.5844239718143287,-0.8723270943689156,1.4687407859447166,0.3,-0.2,0.01,0.91,True
0.6293029190116852,-1.0958964488880667,2.270592373301292,0.3,-0.2,0.01,0.91,True
0.3,-0.2,1.6213150710122037,0.3,-0.2,0.01,0.92,True
0.4302962529391237,-0.3921900866274073,1.51824347502739,0.3,-0.2,0.01,0.92,True
0.5270784694489319,-0.595805636451613,1.4772151358010974,0.3,-0.2,0.01,0.92,True
0.5979502773226287,-0.7972299686293208,1.4588070526022332,0.3,-0.2,0.01,0.92,True
0.6496586002309427,-0.9958029580599286,2.160800249933055,0.3,-0.2,0.01,0.92,True
0.3,-0.2,1.6057279762678993,0.3,-0.2,0.01,0.93,True
0.4319379527420285,-0.3680951336166197,1.5086046769037562,0.3,-0.2,0.01,0.93,True
0.5341804522348171,-0.5467927739428871,1.4692083978493726,0.3,-0.2,0.01,0.93,True
0.6124128042226914,-0.7237111224562919,1.4513187125949987,0.3,-0.2,0.01,0.93,True
0.6720038785742977,-0.8979333314016354,2.07267451830527,0.3,-0.2,0.01,0.93,True
0.3,-0.2,1.5926636958265417,0.3,-0.2,0.01,0.94,True
0.4335998557904643,-0.3444676960203036,1.5017149076241352,0.3,-0.2,0.01,0.94,True
0.5415605114422292,-0.4987471602632621,1.4637271010282604,0.3,-0.2,0.01,0.94,True
0.6278742303098312,-0.6517415071756653,1.4461595561489455,0.3,-0.2,0.01,0.94,True
0.6965534642037611,-0.8022771679720424,2.0073292064354535,0.3,-0.2,0.01,0.94,True
0.3,-0.2,1.5821998991261452,0.3,-0.2,0.01,0.95,True
0.4352812971948089,-0.3212934625108712,1.4977692752495415,0.3,-0.2,0.01,0.95,True
0.5492251608487174,-0.4516421683374424,1.460911378358762,0.3,-0.2,0.01,0.95,True
0.6444014373415149,-0.5812978825902317,1.4433610736681184,0.3,-0.2,0.01,0.95,True
0.7235476474918963,-0.7088407917322417,1.9668771985246536,0.3,-0.2,0.01,0.95,True
0.3,-0.2,1.5779897162111212,0.3,-0.2,0.01,0.955,True
0.4361291395797345,-0.3098719894433937,1.4970278740095055,0.3,-0.2,0.01,0.955,True
0.5531662508090527,-0.4284345474434061,1.4606289423529617,0.3,-0.2,0.01,0.955,True
0.6530868824927053,-0.5466427331461379,1.442935555663195,0.3,-0.2,0.01,0.955,True
0.7380446088337036,-0.6629621766694687,1.9572383295171063,0.3,-0.2,0.01,0.955,True
0.3,-0.2,1.5744995559334007,0.3,-0.2,0.01,0.96,True
0.4369816215200148,-0.2985587200035949,1.4972229729922493,0.3,-0.2,0.01,0.96,True
0.5571809463961156,-0.4054528591586543,1.4612277722221516,0.3,-0.2,0.01,0.96,True
0.6620660229794313,-0.5123631900176383,1.4432720222131716,0.3,-0.2,0.01,0.96,True
0.7532567016853712,-0.6176497335702683,1.9558300439998118,0.3,-0.2,0.01,0.96,True
0.3,-0.2,1.5717702933816595,0.3,-0.2,0.01,0.965,True
0.4378386626098176,-0.2873520284371438,1.498486199236742,0.3,-0.2,0.01,0.965,True
0.5612700735065227,-0.3826942423370387,1.4628712715101764,0.3,-0.2,0.01,0.965,True
0.6713486483341675,-0.4784581572436052,1.444526406577561,0.3,-0.2,0.01,0.965,True
0.769223314223294,-0.5729101208538943,1.9640662852637842,0.3,-0.2,0.01,0.965,True
0.3,-0.2,1.5698548763145301,0.3,-0.2,0.01,0.97,True
0.4387001830676834,-0.2762503226037926,1.501001446635922,0.3,-0.2,0.01,0.97,True
0.5654344622137661,-0.3601559358801341,1.4658044716320893,0.3,-0.2,0.01,0.97,True
0.6809449288789791,-0.4449269820909911,1.4469492540510858,0.3,-0.2,0.01,0.97,True
0.7859864931504233,-0.5287515707346755,1.9840351429305305,0.3,-0.2,0.01,0.97,True
0.3,-0.2,1.5688212722782702,0.3,-0.2,0.01,0.975,True
0.439566103743561,-0.2652520431092204,1.5050254954496627,0.3,-0.2,0.01,0.975,True
0.5696749474375009,-0.3378352775779127,1.4703946217601356,0.3,-0.2,0.01,0.975,True
0.690865443581876,-0.4117694716458251,1.4509405399440252,0.3,-0.2,0.01,0.975,True
0.8035912131989297,-0.4851839948625849,2.018822751373658,0.3,-0.2,0.01,0.975,True
0.3,-0.2,1.568756220662205,0.3,-0.2,0.01,0.98,True
0.4404363461253952,-0.2543556624636,1.5109182656778088,0.3,-0.2,0.01,0.98,True
0.5739923696651508,-0.315729703022844,1.4771958916718233,0.3,-0.2,0.01,0.98,True
0.7011212108845123,-0.3789859102908829,1.4571421600565186,0.3,-0.2,0.01,0.98,True
0.8220856836689271,-0.4422190928607438,2.0730040995932737,0.3,-0.2,0.01,0.98,True
0.3,-0.2,1.5697700408461088,0.3,-0.2,0.01,0.985,True
0.4413108323452301,-0.2435596842659083,1.5191880103109066,0.3,-0.2,0.01,0.985,True
0.5783875757276605,-0.2938367445953831,1.4870552444633254,0.3,-0.2,0.01,0.985,True
0.7117237228090441,-0.3465770780461624,1.4665988348137564,0.3,-0.2,0.01,0.985,True
0.841521697407886,-0.3998704622267893,2.153401120668736,0.3,-0.2,0.01,0.985,True
0.3,-0.2,1.5720028356342675,0.3,-0.2,0.01,0.99,True
0.442189485184867,-0.2328626424130755,1.530560162730917,0.3,-0.2,0.01,0.99,True
0.5828614196313646,-0.2721540305188576,1.5012907987062913,0.3,-0.2,0.01,0.99,True
0.72268498268263,-0.314544269736743,1.4810478079559095,0.3,-0.2,0.01,0.99,True
0.8619550283901796,-0.3581537075264284,2.270284549708812,0.3,-0.2,0.01,0.99,True
0.3,-0.2,1.573630210506512,0.3,-0.2,0.01,0.9925,True
0.4426303501353857,-0.2275507725541651,1.5377209519443922,0.3,-0.2,0.01,0.9925,True
0.5851280998304733,-0.2613907999216833,1.5106624797601056,0.3,-0.2,0.01,0.9925,True
0.7283040441273669,-0.2986694248512654,1.491001365932603,0.3,-0.2,0.01,0.9925,True
0.8725643160652556,-0.3375377350335978,2.3470231882621007,0.3,-0.2,0.01,0.9925,True
0.3,-0.2,1.5756325515846044,0.3,-0.2,0.01,0.995,True
0.4430722280810819,-0.2222631003331021,1.5460845019276197,0.3,-0.2,0.01,0.995,True
0.587414763448037,-0.2506792839818207,1.5220023155656883,0.3,-0.2,0.01,0.995,True
0.7340175468517994,-0.2828893149388604,1.5034610228070249,0.3,-0.2,0.01,0.995,True
0.8834458849056954,-0.3170865461345507,2.4393529691223095,0.3,-0.2,0.01,0.995,True
0.3,-0.2,1.5780397433632642,0.3,-0.2,0.01,0.9975,True
0.4435151095546816,-0.2169994506705929,1.5558605853026468,0.3,-0.2,0.01,0.9975,True
0.5897215196591741,-0.2400192128029268,1.535786064898214,0.3,-0.2,0.01,0.9975,True
0.7398271543726785,-0.2672042556410445,1.5191629905509025,0.3,-0.2,0.01,0.9975,True
0.8946080385627002,-0.296802701836489,2.550643884954085,0.3,-0.2,0.01,0.9975,True
0.3,-10.0,1.4142135623732495,0.3,-10.0,0.01,1.0,True
0.2999994173806211,-10.000000215868802,1.4142135623733636,0.3,-10.0,0.01,1.0,True
0.2999988617270028,-10.000000493946713,1.4142135623735008,0.3,-10.0,0.01,1.0,True
0.299998339645789,-10.000000830919166,1.4142135623736547,0.3,-10.0,0.01,1.0,True
0.2999978573479077,-10.000001222782036,1.4142135623783676,0.3,-10.0,0.01,1.0,True
0.3,-10.0,1.4156259051547107,0.3,-10.0,0.01,1.01,True
0.2999993730197894,-9.981034212836724,1.4158991783546861,0.3,-10.0,0.01,1.01,True
0.2999987460146978,-9.960313712794104,1.4159534413161712,0.3,-10.0,0.01,1.01,True
0.2999981281375447,-9.939262180731566,1.4159819247592753,0.3,-10.0,0.01,1.01,True
0.2999975276504851,-9.918038966627089,1.4403615825879184,0.3,-10.0,0.01,1.01,True
0.3,-10.0,1.4197453868540613,0.3,-10.0,0.01,1.02,True
0.2999993290758455,-9.96243779977426,1.4208131393052605,0.3,-10.0,0.01,1.02,True
0.2999986288000454,-9.921402683310667,1.421025213532847,0.3,-10.0,0.01,1.02,True
0.2999979090943114,-9.879711999411798,1.4211365413294301,0.3,-10.0,0.01,1.02,True
0.2999971786387769,-9.837681283043548,1.5141843766426564,0.3,-10.0,0.01,1.02,True
0.3,-10.0,1.4263925990861768,0.3,-10.0,0.01,1.03,True
0.2999992855449186,-9.944200278048957,1.42873526155349,0.3,-10.0,0.01,1.03,True
0.2999985101059079,-9.883244880343204,1.4292005557296221,0.3,-10.0,0.01,1.03,True
0.2999976824152712,-9.821315741996504,1.4294448025210438,0.3,-10.0,0.01,1.03,True
0.2999968096001804,-9.75888150739264,1.6266509949822154,0.3,-10.0,0.01,1.03,True
0.3,-10.0,1.435386307889397,0.3,-10.0,0.01,1.04,True
0.299999242423126,-9.926311357998388,1.4394410604418726,0.3,-10.0,0.01,1.04,True
0.2999983899556826,-9.845818642442056,1.440246251656831,0.3,-10.0,0.01,1.04,True
0.2999974480046808,-9.764040189461742,1.4406688846618905,0.3,-10.0,0.01,1.04,True
0.2999964198209455,-9.68159476703682,1.7681892270457324,0.3,-10.0,0.01,1.04,True
0.3,-10.0,1.4465459953019557,0.3,-10.0,0.01,1.05,True
0.2999991997065814,-9.908761139574226,1.4527056711651072,0.3,-10.0,0.01,1.05,True
0.2999982683732497,-9.809103130857672,1.4539284275198598,0.3,-10.0,0.01,1.05,True
0.2999972057718751,-9.707853385711406,1.4545701559224007,0.3,-10.0,0.01,1.05,True
0.299996008587012,-9.60577789613664,1.930501664626983,0.3,-10.0,0.01,1.05,True
0.3,-10.0,1.4596941187093924,0.3,-10.0,0.01,1.06,True
0.2999991573913921,-9.891540094074845,1.4683073387519237,0.3,-10.0,0.01,1.06,True
0.2999981453829151,-9.77307829085057,1.4700163228753462,0.3,-10.0,0.01,1.06,True
0.2999969556312296,-9.65272457812512,1.4709130994364188,0.3,-10.0,0.01,1.06,True
0.2999955751847905,-9.531389355263318,2.1071374601657147,0.3,-10.0,0.01,1.06,True
0.3,-10.0,1.4746580318166884,0.3,-10.0,0.01,1.07,True
0.2999991154736674,-9.874639046896228,1.486030369813601,0.3,-10.0,0.01,1.07,True
0.2999980210093632,-9.737724815164578,1.4882854765866356,0.3,-10.0,0.01,1.07,True
0.2999966975021393,-9.598624161433015,1.489468625921378,0.3,-10.0,0.01,1.07,True
0.2999951189019577,-9.45838915551226,2.2933527624060623,0.3,-10.0,0.01,1.07,True
0.3,-10.0,1.4912715418093176,0.3,-10.0,0.01,1.08,True
0.2999990739495138,-9.858049161235874,1.5056674975144388,0.3,-10.0,0.01,1.08,True
0.2999978952775965,-9.70302410952334,1.5085202734929828,0.3,-10.0,0.01,1.08,True
0.2999964313089738,-9.545523624702836,1.5100167182635138,0.3,-10.0,0.01,1.08,True
0.2999946390282048,-9.386738786826433,2.4857437238444384,0.3,-10.0,0.01,1.08,True
0.3,-10.0,1.509376103237342,0.3,-10.0,0.01,1.09,True
0.2999990328150412,-9.841761922691957,1.5270216606523375,0.3,-10.0,0.01,1.09,True
0.2999977682129038,-9.668958260020672,1.530515852889645,0.3,-10.0,0.01,1.09,True
0.2999961569810406,-9.493395501239192,1.5323484093264421,0.3,-10.0,0.01,1.09,True
0.299994134855997,-9.316401150259466,2.6818855686316705,0.3,-10.0,0.01,1.09,True
0.3,-10.0,1.5288216689929046,0.3,-10.0,0.01,1.1,True
0.2999989920663649,-9.825769124733457,1.5499072347313188,0.3,-10.0,0.01,1.1,True
0.2999976398408015,-9.635510002283732,1.5540794211626643,0.3,-10.0,0.01,1.1,True
0.2999958744525222,-9.442213321210003,1.5562671378723516,0.3,-10.0,0.01,1.1,True
0.2999936056812798,-9.247340493927911,2.8800478278852406,0.3,-10.0,0.01,1.1,True
0.3,-10.0,1.549467231850845,0.3,-10.0,0.01,1.11,True
0.2999989516996057,-9.81006285532116,1.5741507774159604,0.3,-10.0,0.01,1.11,True
0.2999975101870033,-9.602662692299202,1.5790310375213572,0.3,-10.0,0.01,1.11,True
0.2999955836624314,-9.391951566829384,1.5815895554801196,0.3,-10.0,0.01,1.11,True
0.2999930508041921,-9.179522352420957,3.0789881656444953,0.3,-10.0,0.01,1.11,True
0.3,-10.0,1.5711810932999533,0.3,-10.0,0.01,1.12,True
0.2999989117108938,-9.794635487888826,1.599591368128803,0.3,-10.0,0.01,1.12,True
0.2999973792773753,-9.570400278781555,1.6052039553472095,0.3,-10.0,0.01,1.12,True
0.2999952845545411,-9.342585629936307,1.60814587150567,0.3,-10.0,0.01,1.12,True
0.2999924695297367,-9.112913489451431,3.277808252304914,0.3,-10.0,0.01,1.12,True
0.3,-10.0,1.593840854494067,0.3,-10.0,0.01,1.13,True
0.299998872096368,-9.7794797076721,1.6260806750578334,0.3,-10.0,0.01,1.13,True
0.2999972471378952,-9.538707275648855,1.6324446027643613,0.3,-10.0,0.01,1.13,True
0.299994977077318,-9.294091771853152,1.6357798264845789,0.3,-10.0,0.01,1.13,True
0.2999918611684362,-9.047481843547429,3.4758541445638484,0.3,-10.0,0.01,1.13,True
0.3,-10.0,1.6173326907163033,0.3,-10.0,0.01,1.14,True
0.2999988328522198,-9.764588860021505,1.6534835332868403,0.3,-10.0,0.01,1.14,True
0.2999971137944047,-9.50756862237183,1.660612046956442,0.3,-10.0,0.01,1.14,True
0.2999946611839615,-9.246447108716204,1.6643484290052584,0.3,-10.0,0.01,1.14,True
0.2999912250369291,-8.983196472060845,3.672647388038877,0.3,-10.0,0.01,1.14,True
0.3,-10.0,1.6415454322624747,0.3,-10.0,0.01,1.15,True
0.2999987939750904,-9.749960192518126,1.6817000062846306,0.3,-10.0,0.01,1.15,True
0.2999969792538987,-9.476960540998776,2.2449347553720784,0.3,-10.0,0.01,1.15,True
0.3,-10.0,1.6663185506884375,0.3,-10.0,0.01,1.16,True
0.2999987554666714,-9.735623420248702,1.7120126176677783,0.3,-10.0,0.01,1.16,True
0.2999968420036594,-9.446163493710875,2.3255619265493075,0.3,-10.0,0.01,1.16,True
0.3,-10.0,1.6909848215468468,0.3,-10.0,0.01,1.17,True
0.2999987173813935,-9.721884940002935,1.8489298471597906,0.3,-10.0,0.01,1.17,True
0.2999965785507394,-9.364581453947986,2.546819536586792,0.3,-10.0,0.01,1.17,True
0.3,-10.0,1.710469697540549,0.3,-10.0,0.01,1.18,True
0.2999986803044956,-9.711360369603646,13.16876830889112,0.3,-10.0,0.01,1.18,True
0.3001593083646877,-5.781483015415986,14.125206262632592,0.3,-10.0,0.01,1.18,True
0.3,-10.0,1.684482666041938,0.3,-10.0,0.01,1.19,True
0.2999986512607422,-9.725459172201576,1.684482666041938,0.3,-10.0,0.01,1.19,True
0.3,-10.0,1.4308355003384388,0.3,-10.0,0.01,1.2,True
0.299998802478802,-9.934761346459478,1.4308355003384388,0.3,-10.0,0.01,1.2,True
0.287,-0.15,1.7191771975145396,0.287,-0.15,0.01,0.905,False
0.4228715501561841,-0.4160316088347683,1.5529688447583607,0.287,-0.15,0.01,0.905,False
0.5135909223844083,-0.6746767160599063,1.501403005956656,0.287,-0.15,0.01,0.905,False
0.5742324179431904,-0.926132661827446,1.4797197329562575,0.287,-0.15,0.01,0.905,False
0.614970284847811,-1.1723831451882023,2.4471589829935434,0.287,-0.15,0.01,0.905,False
0.287,-0.15,1.8528958019387507,0.287,-0.15,0.015,0.905,False
0.4148502728937189,-0.5397213643964303,1.653290302640494,0.287,-0.15,0.015,0.905,False
0.4846647417400217,-0.9168744904977292,1.5926054608592577,0.287,-0.15,0.015,0.905,False
0.5233521616837195,-1.2842457353846377,1.5675847038774546,0.287,-0.15,0.015,0.905,False
0.5453685707281085,-1.6457267474012922,3.2546923412073516,0.287,-0.15,0.015,0.905,False
0.287,-0.15,2.028964712817116,0.287,-0.15,0.02,0.905,False
0.4082402304074713,-0.6616967151496222,1.8023281010159753,0.287,-0.15,0.02,0.905,False
0.4630775235602575,-1.1566110806377887,1.7345569146191584,0.287,-0.15,0.02,0.905,False
0.4889237349708871,-1.6398890492355829,1.7074598666605425,0.287,-0.15,0.02,0.905,False
0.5018880707537846,-2.1170008072043256,4.280695701866622,0.287,-0.15,0.02,0.905,False
0.287,-0.15,2.236766012542052,0.287,-0.15,0.025,0.905,False
0.4027871137831991,-0.7820763292634966,1.9915073992150174,0.287,-0.15,0.025,0.905,False
0.4467654370375448,-1.394129788947456,1.9195163659687031,0.287,-0.15,0.025,0.905,False
0.46486074158258,-1.99322760358752,1.8917525215584918,0.287,-0.15,0.025,0.905,False
0.4731304735874429,-2.586187941266885,5.421875551074943,0.287,-0.15,0.025,0.905,False
0.287,-0.15,2.4678665007024603,0.287,-0.15,0.03,0.905,False
0.3982807208085683,-0.9009576095183458,2.2117208203253567,0.287,-0.15,0.03,0.905,False
0.4342772028944342,-1.6296793253729909,2.137810290047206,0.287,-0.15,0.03,0.905,False
0.4475088311846933,-2.3445862024980864,2.1105129842719976,0.287,-0.15,0.03,0.905,False
0.4531271624466034,-3.053624578500153,6.624483434975088,0.287,-0.15,0.03,0.905,False
0.287,-0.15,2.7156365561403835,0.287,-0.15,0.035,0.905,False
0.3945483355554625,-1.0184211755414,2.454958955260557,0.287,-0.15,0.035,0.905,False
0.4245844703007144,-1.863480101385431,2.3808003520754477,0.287,-0.15,0.035,0.905,False
0.434621962667585,-2.694268026667066,2.354854231652844,0.287,-0.15,0.035,0.905,False
0.4386049419064687,-3.519623429816828,7.861008125421684,0.287,-0.15,0.035,0.905,False
0.287,-0.15,2.9750527540338614,0.287,-0.15,0.04,0.905,False
0.3914487792496219,-1.1345346888768448,2.714995052524102,0.287,-0.15,0.04,0.905,False
0.416954200621669,-2.095716051401494,2.6418453333292113,0.287,-0.15,0.04,0.905,False
0.4247891865452809,-3.0425127157371348,2.617900041303615,0.287,-0.15,0.04,0.905,False
0.4276846838784294,-3.9844096250792074,9.11673620028292,0.287,-0.15,0.04,0.905,False
0.287,-0.15,3.242397516162035,0.287,-0.15,0.045,0.905,False
0.3888670911008597,-1.2493558878005102,2.9872930854823787,0.287,-0.15,0.045,0.905,False
0.4108609277364651,-2.326536302900564,2.916147782407293,0.287,-0.15,0.045,0.905,False
0.41710403997609,-3.3894974953767223,2.8946137783072454,0.287,-0.15,0.045,0.905,False
0.41923645849906,-4.448131078377569,10.383287938144452,0.287,-0.15,0.045,0.905,False
0.287,-0.15,3.514951129794229,0.287,-0.15,0.05,0.905,False
0.3867098582017775,-1.3629348561845125,3.268645712743622,0.287,-0.15,0.05,0.905,False
0.4059257307571275,-2.556060066244887,3.2003026529961387,0.287,-0.15,0.05,0.905,False
0.4109702854885875,-3.735349286231524,3.1813668609603476,0.287,-0.15,0.05,0.905,False
0.4125493645015851,-4.910880573610395,11.655589403775029,0.287,-0.15,0.05,0.905,False
0.287,-0.15,6.271042790122669,0.287,-0.15,0.1,0.905,False
0.377051706014788,-2.4381198968553326,6.295248164142181,0.287,-0.15,0.1,0.905,False
0.3840877532607451,-4.793679169039151,6.265939375477006,0.287,-0.15,0.1,0.905,False
0.3847915085833627,-7.142508850666631,6.2632931336607935,0.287,-0.15,0.1,0.905,False
0.3848643865699817,-9.490772937413777,24.32304624997024,0.287,-0.15,0.1,0.905,False
0.287,-0.15,11.268606755643654,0.287,-0.15,0.2,0.905,False
0.3728379013877818,-4.309896849028179,12.632275046706825,0.287,-0.15,0.2,0.905,False
0.3741637839290483,-9.00666848631637,12.63079786681841,0.287,-0.15,0.2,0.905,False
0.374176660526384,-13.703100318845474,12.630776902370766,0.287,-0.15,0.2,0.905,False
0.3741767838084404,-18.399526153790568,48.798252721808794,0.287,-0.15,0.2,0.905,False
0.287,-0.15,15.49707335734816,0.287,-0.15,0.3,0.905,False
0.370028957373563,-5.854617850721216,19.04504063019371,0.287,-0.15,0.3,0.905,False
0.3702539699091605,-12.886645446529092,19.07870817609817,0.287,-0.15,0.3,0.905,False
0.3702536089889138,-19.93117263975041,19.079006121867643,0.287,-0.15,0.3,0.905,False
0.3702536036921654,-26.97581034537434,72.46976148176998,0.287,-0.15,0.3,0.905,False
0.287,-0.15,19.030765917447074,0.287,-0.15,0.4,0.905,False
0.3673511025855356,-7.117051993699842,25.427258799398288,0.287,-0.15,0.4,0.905,False
0.3671060792229829,-16.437110064643488,25.62023204733989,0.287,-0.15,0.4,0.905,False
0.3670967498672817,-25.827874788712435,25.625764416668986,0.287,-0.15,0.4,0.905,False
0.3670964822478558,-35.22066655072515,95.54827128214929,0.287,-0.15,0.4,0.905,False
0.287,-0.15,21.982004622555955,0.287,-0.15,0.5,0.905,False
0.3648758056238744,-8.150234152381493,31.663233483707085,0.287,-0.15,0.5,0.905,False
0.3640677949103204,-19.66630883048356,32.24894903980132,0.287,-0.15,0.5,0.905,False
0.3640191282565376,-31.394250496676083,32.283116275738365,0.287,-0.15,0.5,0.905,False
0.3640162896905827,-43.13454956400352,118.09457919387253,0.287,-0.15,0.5,0.905,False
0.287,-0.15,24.463126805651275,0.287,-0.15,0.6,0.905,False
0.3626356923215907,-9.003007885479919,37.65994663741712,0.287,-0.15,0.6,0.905,False
0.3610558255437977,-22.59078557985313,38.934079840229465,0.287,-0.15,0.6,0.905,False
0.3609069066407382,-36.63309261389491,39.0534691946812,0.287,-0.15,0.6,0.905,False
0.3608929588864453,-50.71797073795251,140.1277705270563,0.287,-0.15,0.6,0.905,False
0.287,-0.15,26.568410978468936,0.287,-0.15,0.7,0.905,False
0.3606290801667984,-9.71475050579484,43.36130929268524,0.287,-0.15,0.7,0.905,False
0.3580890115396483,-25.233734398346904,45.63089965617907,0.287,-0.15,0.7,0.905,False
0.3577547535348778,-41.5505664660117,45.9293596687328,0.287,-0.15,0.7,0.905,False
0.3577108441800827,-57.97220662697615,161.65263025201293,0.287,-0.15,0.7,0.905,False
0.287,-0.15,28.372281655710037,0.287,-0.15,0.8,0.905,False
0.3588388567223408,-10.315676317059244,48.742049174840915,0.287,-0.15,0.8,0.905,False
0.3552002765393348,-27.621623420871096,52.292148142098554,0.287,-0.15,0.8,0.905,False
0.3545838804396836,-46.15679889436792,52.89442418157009,0.287,-0.15,0.8,0.905,False
0.3544795224454887,-64.90008684764365,182.66903135581444,0.287,-0.15,0.8,0.905,False
0.287,-0.15,29.932444885141482,0.287,-0.15,0.9,0.905,False
0.3572423576849274,-10.828653617581802,53.79770315943819,0.287,-0.15,0.9,0.905,False
0.3524164050295883,-29.78135172018598,58.87535483628498,0.287,-0.15,0.9,0.905,False
0.3514208625657452,-50.46541687203987,59.92616359214262,0.287,-0.15,0.9,0.905,False
0.3512155434288874,-71.50655637106097,203.17617067557094,0.287,-0.15,0.9,0.905,False
0.287,-0.15,31.293605864932584,0.287,-0.15,1.0,0.905,False
0.3558162566198996,-11.271017916124606,58.53639809106644,0.287,-0.15,1.0,0.905,False
0.3497546894014411,-31.738488206486057,65.34596148544561,0.287,-0.15,1.0,0.905,False
0.3482906000576606,-54.49255112054505,66.99915847140281,0.287,-0.15,1.0,0.905,False
0.3479370098259399,-77.79884582754737,223.17459491377952,0.287,-0.15,1.0,0.905,False
0.287,-0.15,2.5736048723097564,0.287,-0.15,0.01,0.75,False
0.3959320336838595,-0.9510316509089142,2.2988215820130558,0.287,-0.15,0.01,0.75,False
0.4291569330653864,-1.7203804089869383,2.22522104148255,0.287,-0.15,0.01,0.75,False
0.4409660719900566,-2.4758591370276406,2.1984245742400175,0.287,-0.15,0.01,0.75,False
0.4458691734118615,-3.2256553922188127,7.097977591882489,0.287,-0.15,0.01,0.75,False
0.287,-0.15,2.4892358612974985,0.287,-0.15,0.01,0.76,False
0.3973156399138193,-0.9105257936799592,2.2189963037610463,0.287,-0.15,0.01,0.76,False
0.4327400635821808,-1.6409819017202378,2.1455616121078736,0.287,-0.15,0.01,0.76,False
0.4457548446150879,-2.357743122318287,2.1183786561192575,0.287,-0.15,0.01,0.76,False
0.4512815269839573,-3.068685903568163,6.6816487853809114,0.287,-0.15,0.01,0.76,False
0.287,-0.15,2.4090566804387747,0.287,-0.15,0.01,0.77,False
0.398751414061131,-0.8709901913494922,2.14372156038259,0.287,-0.15,0.01,0.77,False
0.4365338761224832,-1.5635283005550966,2.0706291321308115,0.287,-0.15,0.01,0.77,False
0.4508972254085021,-2.242586026813652,2.0431656481063905,0.287,-0.15,0.01,0.77,False
0.4571352359544305,-2.9157106000066797,6.279945744026536,0.287,-0.15,0.01,0.77,False
0.287,-0.15,2.3330347204666757,0.287,-0.15,0.01,0.78,False
0.4002386818273557,-0.8323876266061977,2.0729817636527335,0.287,-0.15,0.01,0.78,False
0.4405479946097762,-1.4879417458075344,2.000413025438089,0.287,-0.15,0.01,0.78,False
0.4564223852649005,-2.130268124014288,1.9727750563968791,0.287,-0.15,0.01,0.78,False
0.4634760602748671,-2.766568937892788,5.892879733923721,0.287,-0.15,0.01,0.78,False
0.287,-0.15,2.2611382783888874,0.287,-0.15,0.01,0.79,False
0.4017767482173544,-0.7946827883447258,2.006758991318575,0.287,-0.15,0.01,0.79,False
0.4447922977901605,-1.4141484893498346,1.9349011151700313,0.287,-0.15,0.01,0.79,False
0.4623620179593451,-2.020675904689772,1.9071943924143744,0.287,-0.15,0.01,0.79,False
0.4703556809592202,-2.621108418845017,5.5205408419939666,0.287,-0.15,0.01,0.79,False
0.287,-0.15,2.193335602876029,0.287,-0.15,0.01,0.8,False
0.4033648988520065,-0.7578421523000591,1.9450303372816689,0.287,-0.15,0.01,0.8,False
0.4492769042000523,-1.342078668595902,1.874076270925552,0.287,-0.15,0.01,0.8,False
0.468750484521189,-1.9137018038091715,1.8464060790250747,0.287,-0.15,0.01,0.8,False
0.4778324116507315,-2.4791842579491186,5.163106665140876,0.287,-0.15,0.01,0.8,False
0.287,-0.15,2.129593972195286,0.287,-0.15,0.01,0.81,False
0.4050024013264193,-0.7218338704925635,1.887765222449636,0.287,-0.15,0.01,0.81,False
0.4540121575828375,-1.2716660996180058,1.8179127335258456,0.287,-0.15,0.01,0.81,False
0.4756249615462228,-1.8092439695658904,1.790383927319908,0.287,-0.15,0.01,0.81,False
0.4859719805118413,-2.3406591303640507,4.8208515625034964,0.287,-0.15,0.01,0.81,False
0.287,-0.15,2.0698788600508724,0.287,-0.15,0.01,0.82,False
0.4066885065978046,-0.6866276687381377,1.8349227960475252,0.287,-0.15,0.01,0.82,False
0.4590086130224481,-1.2028480880185133,1.7663722618320692,0.287,-0.15,0.01,0.82,False
0.4830255945414261,-1.7072060746396749,1.7390892642168008,0.287,-0.15,0.01,0.82,False
0.4948483891142043,-2.2054030031175262,4.494156056127155,0.287,-0.15,0.01,0.82,False
0.287,-0.15,2.0141532687655843,0.287,-0.15,0.01,0.83,False
0.4084224503891855,-0.6521947515489587,1.7864495966462706,0.287,-0.15,0.01,0.83,False
0.4642770240777868,-1.135565256334646,1.7194003103576896,0.287,-0.15,0.01,0.83,False
0.4909956579381628,-1.6074971704566108,1.6924668585162108,0.287,-0.15,0.01,0.83,False
0.5045448567516891,-2.073293061493235,4.183515708111318,0.287,-0.15,0.01,0.83,False
0.287,-0.15,1.9623773408883554,0.287,-0.15,0.01,0.84,False
0.4102034545969195,-0.6185077138135986,1.7422776843051515,0.287,-0.15,0.01,0.84,False
0.4698283312187683,-1.0697613868930016,1.6769225108386911,0.287,-0.15,0.01,0.84,False
0.4995817240919455,-1.5100315858575428,1.6504408683613212,0.287,-0.15,0.01,0.84,False
0.515154861140884,-1.94421374250561,3.8895484305672317,0.287,-0.15,0.01,0.84,False
0.287,-0.15,1.9145084027954304,0.287,-0.15,0.01,0.85,False
0.4120307286916405,-0.5855404587022658,1.7023235013823295,0.287,-0.15,0.01,0.85,False
0.4756736518826005,-1.005383279156013,1.638841790481347,0.287,-0.15,0.01,0.85,False
0.5088338444399866,-1.4147288722747802,1.6129111096947415,0.287,-0.15,0.01,0.85,False
0.5267832901243178,-1.81805689163468,3.612998678025489,0.287,-0.15,0.01,0.85,False
0.287,-0.15,1.8705016527006992,0.287,-0.15,0.01,0.86,False
0.4139034711037387,-0.5532681212937769,1.66648777548838,0.287,-0.15,0.01,0.86,False
0.4818242724886248,-0.9423806207155744,1.6050365125729797,0.287,-0.15,0.01,0.86,False
0.5188057470496534,-1.321513798251938,1.579750016581058,0.287,-0.15,0.01,0.86,False
0.5395477241769128,-1.694722063359352,3.354736353964184,0.287,-0.15,0.01,0.86,False
0.287,-0.15,1.8303117902575619,0.287,-0.15,0.01,0.87,False
0.4158208705858284,-0.5216669974666542,1.6346568580534344,0.287,-0.15,0.01,0.87,False
0.4882916427718245,-0.8807058711913338,1.5753600784927215,0.287,-0.15,0.01,0.87,False
0.5295550561085183,-1.2303163969259363,1.550800727973423,0.287,-0.15,0.01,0.87,False
0.5535798768105676,-1.5741169911852588,3.115747681217129,0.287,-0.15,0.01,0.87,False
0.287,-0.15,1.7938960122044407,0.287,-0.15,0.01,0.88,False
0.4177821075458129,-0.4907144776379643,1.6067060260155055,0.287,-0.15,0.01,0.88,False
0.4950873728197567,-0.8203141583839919,1.5496425082570089,0.287,-0.15,0.01,0.88,False
0.541143540538921,-1.1410720709244724,1.5258768021845472,0.287,-0.15,0.01,0.88,False
0.5690272301537672,-1.4561582588951014,2.8971151672660636,0.287,-0.15,0.01,0.88,False
0.287,-0.15,1.7612189971970338,0.287,-0.15,0.01,0.89,False
0.419786355345285,-0.4603889849704418,1.5825055206989727,0.287,-0.15,0.01,0.89,False
0.5022232332257857,-0.7611631861176229,1.5276946760916834,0.287,-0.15,0.01,0.89,False
0.5536374009410826,-1.0537217600104312,1.504764167911453,0.287,-0.15,0.01,0.89,False
0.5860549171080771,-1.3407722116839689,2.699985112079146,0.287,-0.15,0.01,0.89,False
0.287,-0.15,1.7322608238873207,0.287,-0.15,0.01,0.9,False
0.4218327815589254,-0.4306699177019283,1.5619305692543788,0.287,-0.15,0.01,0.9,False
0.5097111588039841,-0.7032131532810761,1.5093162351305929,0.287,-0.15,0.01,0.9,False
0.5671076065728365,-0.9682121777150584,1.4872261624454763,0.287,-0.15,0.01,0.9,False
0.6048479209834083,-1.227896153602312,2.5255257533169426,0.287,-0.15,0.01,0.9,False
0.287,-0.15,1.7070292998456869,0.287,-0.15,0.01,0.91,False
0.4239205491914318,-0.4015375952812516,1.5448775489944282,0.287,-0.15,0.01,0.91,False
0.5175632563485543,-0.6464266836471588,1.4943090599838984,0.287,-0.15,0.01,0.91,False
0.5816302971787989,-0.8844961241191988,1.4730130926585818,0.287,-0.15,0.01,0.91,False
0.625613690334324,-1.1174798860385649,2.3748903709796263,0.287,-0.15,0.01,0.91,False
0.287,-0.15,1.6855790889078954,0.287,-0.15,0.01,0.92,False
0.4260488178492114,-0.3729732080218805,1.5312902567803868,0.287,-0.15,0.01,0.92,False
0.5257918169642583,-0.59076876611007,1.482499772799657,0.287,-0.15,0.01,0.92,False
0.5972872683380278,-0.8025328828268548,1.4618791522745602,0.287,-0.15,0.01,0.92,False
0.6485853035051224,-1.009487650212207,2.249222546423239,0.287,-0.15,0.01,0.92,False
0.287,-0.15,1.6680416150227773,0.287,-0.15,0.01,0.93,False
0.428216744864868,-0.3449587700093495,1.5212038753938162,0.287,-0.15,0.01,0.93,False
0.5344093335452542,-0.536206705037107,1.4737787312046176,0.287,-0.15,0.01,0.93,False
0.6141665637968557,-0.7222887109652621,1.4536128477176138,0.287,-0.15,0.01,0.93,False
0.6740253677347487,-0.9039005436129264,2.1497832551894103,0.287,-0.15,0.01,0.93,False
0.287,-0.15,1.6546725721535023,0.287,-0.15,0.01,0.94,False
0.4304234863729055,-0.3174770750207015,1.514821794312402,0.287,-0.15,0.01,0.94,False
0.5434285240387557,-0.4827100804799508,1.4681714646753923,0.287,-0.15,0.01,0.94,False
0.6323632042336303,-0.6437374316461888,1.4480951176914112,0.287,-0.15,0.01,0.94,False
0.7022309064455006,-0.800719483852256,2.0783569908990795,0.287,-0.15,0.01,0.94,False
0.287,-0.15,1.6459291264317137,0.287,-0.15,0.01,0.95,False
0.4326681983357805,-0.2905116552344287,1.5126569451104275,0.287,-0.15,0.01,0.95,False
0.5528623611990799,-0.4302507180342973,1.465978952412817,0.287,-0.15,0.01,0.95,False
0.6519800893715655,-0.5668611385965331,1.4454196708527438,0.287,-0.15,0.01,0.95,False
0.7335395821283506,-0.6999687897768544,2.038245811592576,0.287,-0.15,0.01,0.95,False
0.287,-0.15,1.6435200576034752,0.287,-0.15,0.01,0.955,False
0.4338045296701869,-0.2772175946800961,1.5134638670652587,0.287,-0.15,0.01,0.955,False
0.5577389048886633,-0.4044018143402467,1.4663996561251478,0.287,-0.15,0.01,0.955,False
0.6623557049461793,-0.5290479784099774,1.4452960653844609,0.287,-0.15,0.01,0.955,False
0.7504761581805901,-0.6505198603548794,2.0318838568724105,0.287,-0.15,0.01,0.955,False
0.287,-0.15,1.6425988952676043,0.287,-0.15,0.01,0.96,False
0.4349500375197445,-0.2640467425277231,1.5158074057552968,0.287,-0.15,0.01,0.96,False
0.5627241096178122,-0.3788026681741507,1.4680748311771121,0.287,-0.15,0.01,0.96,False
0.6731291197032059,-0.491651022413999,1.446165150333362,0.287,-0.15,0.01,0.96,False
0.7683377298890564,-0.6017004327351618,2.036496445032805,0.287,-0.15,0.01,0.96,False
0.287,-0.15,1.6433519462465722,0.287,-0.15,0.01,0.965,False
0.436104616757665,-0.2509972311345674,1.5200088760017418,0.287,-0.15,0.01,0.965,False
0.5678196864702804,-0.3534503816234566,1.4713130520552589,0.287,-0.15,0.01,0.965,False
0.6843159569201487,-0.4546707476932294,1.4482831383318,0.287,-0.15,0.01,0.965,False
0.7871819128109334,-0.5535221338042606,2.054346038731255,0.287,-0.15,0.01,0.965,False
0.287,-0.15,1.6460224911088257,0.287,-0.15,0.01,0.97,False
0.4372681624203495,-0.2380672321744772,1.5265301553495185,0.287,-0.15,0.01,0.97,False
0.5730273709093444,-0.3283421949186363,1.4765899302391614,0.287,-0.15,0.01,0.97,False
0.6959325958101491,-0.4181083268425187,1.4520716228999173,0.287,-0.15,0.01,0.97,False
0.8070708500132154,-0.5059989704681057,2.0888366674431964,0.287,-0.15,0.01,0.97,False
0.287,-0.15,1.6509292614122169,0.287,-0.15,0.01,0.975,False
0.4384405697335675,-0.2252549556228287,1.5360415481443854,0.287,-0.15,0.01,0.975,False
0.5783489247065396,-0.3034754865813961,1.4846452256770508,0.287,-0.15,0.01,0.975,False
0.7079962357181375,-0.3819656653582568,1.4582263311988612,0.287,-0.15,0.01,0.975,False
0.828071739404985,-0.4591475152236762,2.1451143743170142,0.287,-0.15,0.01,0.975,False
0.287,-0.15,1.6584918367273669,0.287,-0.15,0.01,0.98,False
0.4396217341378731,-0.2125586487726623,1.5495291456282416,0.287,-0.15,0.01,0.98,False
0.5837861380397328,-0.2788477737146641,1.4966483456909327,0.287,-0.15,0.01,0.98,False
0.7205249679840158,-0.3462454411940232,1.4679116617754164,0.287,-0.15,0.01,0.98,False
0.8502574423110855,-0.4129870959082653,2.2310167093733173,0.287,-0.15,0.01,0.98,False
0.287,-0.15,1.6692659634327538,0.287,-0.15,0.01,0.985,False
0.4408115513132646,-0.199976595280873,1.5684692147040051,0.287,-0.15,0.01,0.985,False
0.5893408317707205,-0.2544567124336936,1.5144903351434205,0.287,-0.15,0.01,0.985,False
0.7335378564097577,-0.3109511464351612,1.4831221481250776,0.287,-0.15,0.01,0.985,False
0.8737071866722028,-0.36753998562031,2.358618218762089,0.287,-0.15,0.01,0.985,False
0.287,-0.15,1.6839932931413344,0.287,-0.15,0.01,0.99,False
0.4420099172030795,-0.1875071142434216,1.5951199891139376,0.287,-0.15,0.01,0.99,False
0.5950148599130496,-0.2303000984376403,1.5413197324939116,0.287,-0.15,0.01,0.99,False
0.7470550273807767,-0.2760871310084523,1.5073836340644684,0.287,-0.15,0.01,0.99,False
0.8985073803963319,-0.322831587243709,2.5468532259155654,0.287,-0.15,0.01,0.99,False
0.287,-0.15,1.6931388918872035,0.287,-0.15,0.01,0.9925,False
0.4426122734759021,-0.1813140725816731,1.612373715510577,0.287,-0.15,0.01,0.9925,False
0.5978972134852681,-0.2183090586671483,1.5596682417447416,0.287,-0.15,0.01,0.9925,False
0.754009323467496,-0.2588180831518215,1.524753820996349,0.287,-0.15,0.01,0.9925,False
0.9114430902517608,-0.3007632418618549,2.6725907303425287,0.287,-0.15,0.01,0.9925,False
0.287,-0.15,1.703672390999936,0.287,-0.15,0.01,0.995,False
0.4432167280371286,-0.1751485592985239,1.633026670955102,0.287,-0.15,0.01,0.995,False
0.6008101123016117,-0.2063758677210319,1.5825716453822423,0.287,-0.15,0.01,0.995,False
0.761097770819752,-0.2416586482957276,1.5471820593234529,0.287,-0.15,0.01,0.995,False
0.9247525528357792,-0.278890604997598,2.8262474569257736,0.287,-0.15,0.01,0.995,False
0.287,-0.15,1.7157755802064545,0.287,-0.15,0.01,0.9975,False
0.4438232679639234,-0.1690103738532787,1.6578708052800533,0.287,-0.15,0.01,0.9975,False
0.6037537986615886,-0.1945002896593263,1.6114037511875228,0.287,-0.15,0.01,0.9975,False
0.7683232310328483,-0.2246096320433796,1.5764387609323558,0.287,-0.15,0.01,0.9975,False
0.9384490321076856,-0.2572178049058462,3.014952503620742,0.287,-0.15,0.01,0.9975,False
0.287,-9.95,1.4142135623732688,0.287,-9.95,0.01,1.0,False
0.2869993846438681,-9.950000218946885,1.4142135623734027,0.287,-9.95,0.01,1.0,False
0.2869987967834996,-9.950000503655414,1.4142135623735657,0.287,-9.95,0.01,1.0,False
0.2869982434089753,-9.950000850731612,1.4142135623737497,0.287,-9.95,0.01,1.0,False
0.286997731103834,-9.950001256051303,1.4142135623791798,0.287,-9.95,0.01,1.0,False
0.287,-9.95,1.416291146442495,0.287,-9.95,0.01,1.01,False
0.2869993326700599,-9.927991433798647,1.4163175760899813,0.287,-9.95,0.01,1.01,False
0.2869986649146838,-9.90584326886618,1.4163175710733618,0.287,-9.95,0.01,1.01,False
0.2869980051222223,-9.88369518108677,1.4163175656925049,0.287,-9.95,0.01,1.01,False
0.2869973620094109,-9.861547170837127,1.4474073113875217,0.287,-9.95,0.01,1.01,False
0.287,-9.95,1.4223454477206958,0.287,-9.95,0.01,1.02,False
0.2869992811844612,-9.906411478689373,1.4224476823478693,0.287,-9.95,0.01,1.02,False
0.2869985310361302,-9.86254913933344,1.4224476942387512,0.287,-9.95,0.01,1.02,False
0.2869977574144219,-9.81868688723208,1.4224477045958683,0.287,-9.95,0.01,1.02,False
0.2869969693394106,-9.774824728433533,1.5403103184311786,0.287,-9.95,0.01,1.02,False
0.287,-9.95,1.4320975198683485,0.287,-9.95,0.01,1.03,False
0.2869992301834309,-9.885247941664776,1.4323194227544442,0.287,-9.95,0.01,1.03,False
0.2869983951684487,-9.820093054126817,1.432319485076437,0.287,-9.95,0.01,1.03,False
0.2869975001114134,-9.754938258868457,1.4323195469720094,0.287,-9.95,0.01,1.03,False
0.2869965520802124,-9.689783568505636,1.679906073883787,0.287,-9.95,0.01,1.03,False
0.287,-9.95,1.4452590246591963,0.287,-9.95,0.01,1.04,False
0.2869991796632721,-9.86448888517392,1.4456387928174852,0.287,-9.95,0.01,1.04,False
0.2869982573333262,-9.77845091322212,1.4456389506904426,0.287,-9.95,0.01,1.04,False
0.2869972330449435,-9.6924130331056,1.4456391158331268,0.287,-9.95,0.01,1.04,False
0.286996109208833,-9.606375264594934,1.8529878808429838,0.287,-9.95,0.01,1.04,False
0.287,-9.95,1.4615387422868913,0.287,-9.95,0.01,1.05,False
0.2869991296202531,-9.844122823619488,1.4621089533325045,0.287,-9.95,0.01,1.05,False
0.2869981175534659,-9.737599531884795,1.4621092632347035,0.287,-9.95,0.01,1.05,False
0.2869969560527716,-9.631076325679254,1.4621096001895022,0.287,-9.95,0.01,1.05,False
0.286995639694094,-9.524553232171106,2.04879401050645,0.287,-9.95,0.01,1.05,False
0.287,-9.95,1.4806483775526824,0.287,-9.95,0.01,1.06,False
0.2869990800505888,-9.824138702170174,1.4814362047309009,0.287,-9.95,0.01,1.06,False
0.2869979758524837,-9.697516597627075,1.4814367340892132,0.287,-9.95,0.01,1.06,False
0.2869966689786989,-9.570894566053584,1.481437328984518,0.287,-9.95,0.01,1.06,False
0.2869951424977432,-9.4442726418803,2.2594602300905104,0.287,-9.95,0.01,1.06,False
0.287,-9.95,1.5023074342106837,0.287,-9.95,0.01,1.07,False
0.2869990309504607,-9.80452587675452,1.5033349893406756,0.287,-9.95,0.01,1.07,False
0.2869978322548565,-9.65818062957163,1.5033358160094292,0.287,-9.95,0.01,1.07,False
0.2869963716726351,-9.5118354361555,1.5033367730503184,0.287,-9.95,0.01,1.07,False
0.2869946165756039,-9.3654903376509,2.479511047690827,0.287,-9.95,0.01,1.07,False
0.287,-9.95,1.526247056278126,0.287,-9.95,0.01,1.08,False
0.2869989823160149,-9.785274095158917,1.5275318192003624,0.287,-9.95,0.01,1.08,False
0.2869976867858421,-9.619570940065923,1.527533030882916,0.287,-9.95,0.01,1.08,False
0.2869960639906327,-9.453867812505614,1.5275344727195912,0.287,-9.95,0.01,1.08,False
0.2869940608787106,-9.288164759342294,2.7051934911148257,0.287,-9.95,0.01,1.08,False
0.287,-9.95,1.552212840311319,0.287,-9.95,0.01,1.09,False
0.2869989341433583,-9.766373479160064,1.5537681368388812,0.287,-9.95,0.01,1.09,False
0.2869975394714038,-9.58166759840341,1.5537698304941245,0.287,-9.95,0.01,1.09,False
0.2869957457948925,-9.3969617115289,1.5537718984919184,0.287,-9.95,0.01,1.09,False
0.2869934743544165,-9.212255869645508,2.933933333675001,0.287,-9.95,0.01,1.09,False
0.287,-9.95,1.5799666986320704,0.287,-9.95,0.01,1.1,False
0.2869988864285742,-9.747814507626448,1.5818021951645487,0.287,-9.95,0.01,1.1,False
0.2869973903381619,-9.54445139651783,1.5818044764298045,0.287,-9.95,0.01,1.1,False
0.2869954169538022,-9.341088237842158,1.5818073308781004,0.287,-9.95,0.01,1.1,False
0.2869928559475222,-9.137725084965238,3.163950612612347,0.287,-9.95,0.01,1.1,False
0.287,-9.95,1.6092878997110391,0.287,-9.95,0.01,1.11,False
0.2869988391677144,-9.729588000527135,1.6114100899405137,0.287,-9.95,0.01,1.11,False
0.286997239413318,-9.507903816525925,1.611413072590813,0.287,-9.95,0.01,1.11,False
0.2869950773419147,-9.286219535331217,1.6114168928813548,0.287,-9.95,0.01,1.11,False
0.2869922046013577,-9.064535210032412,3.394001744038076,0.287,-9.95,0.01,1.11,False
0.287,-9.95,1.6399734325609554,0.287,-9.95,0.01,1.12,False
0.2869987923568108,-9.711685103793084,1.6423860988780163,0.287,-9.95,0.01,1.12,False
0.2869970867246041,-9.472007000004686,1.6423899043333363,0.287,-9.95,0.01,1.12,False
0.2869947268399535,-9.232328740844531,1.642394889128786,0.287,-9.95,0.01,1.12,False
0.286991519258871,-8.99265037601533,3.6232092090344366,0.287,-9.95,0.01,1.12,False
0.287,-9.95,1.6718378434419872,0.287,-9.95,0.01,1.13,False
0.2869987459918717,-9.694097274977024,1.6745424819796857,0.287,-9.95,0.01,1.13,False
0.2869969323002221,-9.436743718894704,1.6745472388644866,0.287,-9.95,0.01,1.13,False
0.2869943653347901,-9.17938994034044,1.6745536062715645,0.287,-9.95,0.01,1.13,False
0.28699079886368,-8.92203598191181,3.850948871102543,0.287,-9.95,0.01,1.13,False
0.287,-9.95,1.704712682008544,0.287,-9.95,0.01,1.14,False
0.2869987000688885,-9.67681626966393,1.7077088854020521,0.287,-9.95,0.01,1.14,False
0.2869967761687902,-9.402097347930669,1.7077147291570312,0.287,-9.95,0.01,1.14,False
0.2869939927194145,-9.127378127338012,1.7077227169113638,0.287,-9.95,0.01,1.14,False
0.2869900423611158,-8.852658639021778,4.076774668976616,0.287,-9.95,0.01,1.14,False
0.287,-9.95,1.7384456759128486,0.287,-9.95,0.01,1.15,False
0.2869986545838393,-9.659834128586503,1.741731471732197,0.287,-9.95,0.01,1.15,False
0.2869966183592954,-9.368051838506416,2.472173351595446,0.287,-9.95,0.01,1.15,False
0.287,-9.95,1.7728997320982767,0.287,-9.95,0.01,1.16,False
0.2869986095326872,-9.643143165403274,1.776471877642232,0.287,-9.95,0.01,1.16,False
0.2869964589010421,-9.334591693887743,2.568667164856435,0.287,-9.95,0.01,1.16,False
0.287,-9.95,1.8079518424375587,0.287,-9.95,0.01,1.17,False
0.2869985649113888,-9.62673595510011,1.8118060783476733,0.287,-9.95,0.01,1.17,False
0.2869962978236064,-9.301701945693258,2.6650824256878245,0.287,-9.95,0.01,1.17,False
0.287,-9.95,1.843491952687254,0.287,-9.95,0.01,1.18,False
0.2869985207158942,-9.610605322977904,1.847623218867919,0.287,-9.95,0.01,1.18,False
0.2869961351567996,-9.269368131567315,2.7612232042015896,0.287,-9.95,0.01,1.18,False
0.287,-9.95,1.879421837740315,0.287,-9.95,0.01,1.19,False
0.2869984769421441,-9.5947443341927,1.8838244555529964,0.287,-9.95,0.01,1.19,False
0.2869959709306086,-9.237576273975952,2.8569303790879883,0.287,-9.95,0.01,1.19,False
0.287,-9.95,1.915654013083571,0.287,-9.95,0.01,1.2,False
0.2869984335860858,-9.579146283815902,1.9203218378883242,0.287,-9.95,0.01,1.2,False
0.2869958051751817,-9.20631286006016,2.9520748865492297,0.287,-9.95,0.01,1.2,False
0.287,-0.15,1.6922045620611061,0.287,-0.15,0.01,0.905,True
0.4264030052417091,-0.3811803593353926,1.5460922144068026,0.287,-0.15,0.01,0.905,True
0.5235893197589715,-0.6246689370118579,1.4951149657042788,0.287,-0.15,0.01,0.905,True
0.5902301253990355,-0.8649438761668674,1.473641473826441,0.287,-0.15,0.01,0.905,True
0.6358309168105759,-1.101852449134901,2.348145278389749,0.287,-0.15,0.01,0.905,True
0.287,-0.15,1.7802167643179378,0.287,-0.15,0.015,0.905,True
0.4202656084017758,-0.4779487395509476,1.624116382121634,0.287,-0.15,0.015,0.905,True
0.4988294066779877,-0.8275709549088095,1.5676118343026904,0.287,-0.15,0.015,0.905,True
0.5441860715671322,-1.174352397341744,1.5443879471412143,0.287,-0.15,0.015,0.905,True
0.5706675070762487,-1.5185011101935526,2.980315509114075,0.287,-0.15,0.015,0.905,True
0.287,-0.15,1.8915722109237187,0.287,-0.15,0.02,0.905,True
0.4152728286348944,-0.569504061904475,1.7369586316600967,0.287,-0.15,0.02,0.905,True
0.4802123276204769,-1.0224312448820505,1.6780725678614805,0.287,-0.15,0.02,0.905,True
0.5124983362964987,-1.4740333402951875,1.655032834780405,0.287,-0.15,0.02,0.905,True
0.5291345445963778,-1.9243544987822057,3.7792128973235384,0.287,-0.15,0.02,0.905,True
0.287,-0.15,2.0187348768555977,0.287,-0.15,0.025,0.905,True
0.4111485792260216,-0.6567793552805552,1.8776022271642483,0.287,-0.15,0.025,0.905,True
0.4658967652051515,-1.2105775733238682,1.820456085953535,0.287,-0.15,0.025,0.905,True
0.4898477963344564,-1.765406056044169,1.7997986113115148,0.287,-0.15,0.025,0.905,True
0.501063537543291,-2.320775694745507,4.66224632423456,0.287,-0.15,0.025,0.905,True
0.287,-0.15,2.1567422518367767,0.287,-0.15,0.03,0.905,True
0.4077034014190685,-0.740406197084953,2.0396019256074793,0.287,-0.15,0.03,0.905,True
0.4546814992678105,-1.3929481657336236,1.9878266685303145,0.287,-0.15,0.03,0.905,True
0.4731189553178095,-2.049586815161689,1.9714234627487344,0.287,-0.15,0.03,0.905,True
0.4811320091525478,-2.708997030672967,5.585810672766517,0.287,-0.15,0.03,0.905,True
0.287,-0.15,2.302006152635251,0.287,-0.15,0.035,0.905,True
0.4048001311483363,-0.8208472860479019,2.2173796201808,0.287,-0.15,0.035,0.905,True
0.4457506314507409,-1.5702495860160608,2.173870404524913,0.287,-0.15,0.035,0.905,True
0.4604039152510024,-2.3274505309006037,2.1632542579465643,0.287,-0.15,0.035,0.905,True
0.4663857276625771,-3.090005435804477,6.527418323484739,0.287,-0.15,0.035,0.905,True
0.287,-0.15,2.451892373320489,0.287,-0.15,0.04,0.905,True
0.4023359683658298,-0.8984591291626001,2.406477744305083,0.287,-0.15,0.04,0.905,True
0.4385342085766768,-1.743034596066826,2.3735265262322804,0.287,-0.15,0.04,0.905,True
0.4504932901197642,-2.599687017111828,2.36995237584092,0.287,-0.15,0.04,0.905,True
0.45510103129247,-3.4645719097496404,7.475182461794362,0.287,-0.15,0.04,0.905,True
0.287,-0.15,2.604469966159455,0.287,-0.15,0.045,0.905,True
0.4002319390419769,-0.9735262623352022,2.603507909453119,0.287,-0.15,0.045,0.905,True
0.4326253607106076,-1.9117471880901944,2.5829812243721424,0.287,-0.15,0.045,0.905,True
0.4425973980296065,-2.866846448391323,2.5874688410804896,0.287,-0.15,0.045,0.905,True
0.4462252777604031,-3.833301830507871,8.422552181918915,0.287,-0.15,0.045,0.905,True
0.287,-0.15,2.7583289031581235,0.287,-0.15,0.05,0.905,True
0.39842621856856,-1.0462817922551997,2.8059630747378654,0.287,-0.15,0.05,0.905,True
0.4277283849571576,-2.0767512309216065,2.7994322286053475,0.287,-0.15,0.05,0.905,True
0.4361865137122697,-3.129373843084412,2.812795471739927,0.287,-0.15,0.05,0.905,True
0.4390877320297084,-4.196678102362313,9.36575764751333,0.287,-0.15,0.05,0.905,True
0.287,-0.15,4.237244644841047,0.287,-0.15,0.1,0.905,True
0.3893979660142153,-1.6788141985357976,4.891376779737231,0.287,-0.15,0.1,0.905,True
0.4047312505987739,-3.5722032408629296,5.077469134502025,0.287,-0.15,0.1,0.905,True
0.4073273930597149,-5.558363205932552,5.198304229383062,0.287,-0.15,0.1,0.905,True
0.4079098715175043,-7.598793451945261,18.33372747475148,0.287,-0.15,0.1,0.905,True
0.287,-0.15,6.627272383390536,0.287,-0.15,0.2,0.905,True
0.3862908316592452,-2.634776656205186,8.723054243433998,0.287,-0.15,0.2,0.905,True
0.3947230401946802,-6.031860157249907,9.395535236502218,0.287,-0.15,0.2,0.905,True
0.3959593516834684,-9.70967495452154,9.765588694579106,0.287,-0.15,0.2,0.905,True
0.3965685325843109,-13.541558349619065,33.807374062943886,0.287,-0.15,0.2,0.905,True
0.287,-0.15,8.470081995133388,0.287,-0.15,0.3,0.905,True
0.3864133178424435,-3.3641922913609883,12.032321853564884,0.287,-0.15,0.3,0.905,True
0.3930295724645865,-8.060148322122757,13.238000320807027,0.287,-0.15,0.3,0.905,True
0.3946315657089879,-13.254337325575078,13.896927436661974,0.287,-0.15,0.3,0.905,True
0.3955881253398926,-18.723236628740626,46.978825960926066,0.287,-0.15,0.3,0.905,True
0.287,-0.15,9.971087775769107,0.287,-0.15,0.4,0.905,True
0.3868487681267146,-3.957339564060157,14.935184357698297,0.287,-0.15,0.4,0.905,True
0.3930837761975964,-9.801488421286722,16.701096644994585,0.287,-0.15,0.4,0.905,True
0.3951910370171998,-16.377856071897348,17.67687114074869,0.287,-0.15,0.4,0.905,True
0.3964917070244843,-23.364100824469407,58.57117255133986,0.287,-0.15,0.4,0.905,True
0.287,-0.15,11.238525588907004,0.287,-0.15,0.5,0.905,True
0.3872147494982066,-4.457339048199384,17.523973741918745,0.287,-0.15,0.5,0.905,True
0.3935882820197596,-11.33185062963629,19.86408776661879,0.287,-0.15,0.5,0.905,True
0.3961847902834214,-19.18167626053089,21.17492570803826,0.287,-0.15,0.5,0.905,True
0.3978135888415239,-27.58651793792005,68.98734765174817,0.287,-0.15,0.5,0.905,True
0.287,-0.15,12.335300307277334,0.287,-0.15,0.6,0.905,True
0.3874661662648181,-4.889035500741213,19.86330627374708,0.287,-0.15,0.6,0.905,True
0.3941709408772781,-12.698495026258245,22.782547855477564,0.287,-0.15,0.6,0.905,True
0.3972199597323658,-21.73066984359582,24.44029785996756,0.287,-0.15,0.6,0.905,True
0.3991578842555154,-31.469837178806294,78.48158918281264,0.287,-0.15,0.6,0.905,True
0.287,-0.15,13.30150404880644,0.287,-0.15,0.7,0.905,True
0.3876148731022321,-5.268302583307181,21.999367516196894,0.287,-0.15,0.7,0.905,True
0.3947107883086144,-13.93352765045936,25.49681752747088,0.287,-0.15,0.7,0.905,True
0.3981733141193002,-24.06999398339572,27.509041971630666,0.287,-0.15,0.7,0.905,True
0.4004003923720048,-35.07003487529385,87.22794328137178,0.287,-0.15,0.7,0.905,True
0.287,-0.15,14.164420361240087,0.287,-0.15,0.8,0.905,True
0.3876802544219532,-5.605986323814433,23.966276401764585,0.287,-0.15,0.8,0.905,True
0.3951697413511096,-15.060032927053394,28.03730479554289,0.287,-0.15,0.8,0.905,True
0.3990081636030347,-26.23284752848125,30.4085792378065,0.287,-0.15,0.8,0.905,True
0.4015044252360635,-38.42878974742013,95.35229149131429,0.287,-0.15,0.8,0.905,True
0.287,-0.15,14.943525244104363,0.287,-0.15,0.9,0.905,True
0.387679665399329,-5.9098602683860575,25.789996361935845,0.287,-0.15,0.9,0.905,True
0.3955399924387855,-16.09529235221645,30.427641274983056,0.287,-0.15,0.9,0.905,True
0.3997190528487003,-28.24459721718662,33.16040811387957,0.287,-0.15,0.9,0.905,True
0.4024650442294399,-41.578333287569606,102.94936373604986,0.287,-0.15,0.9,0.905,True
0.287,-0.15,15.65323668506263,0.287,-0.15,1.0,0.905,True
0.3876270743895736,-6.18570067034102,27.490782056901494,0.287,-0.15,1.0,0.905,True
0.395825144075166,-17.052643883189607,32.68664464468089,0.287,-0.15,1.0,0.905,True
0.4003121803878183,-30.12519339908782,35.78179659516528,0.287,-0.15,1.0,0.905,True
0.4032892377668332,-44.54430469003472,110.09262828781878,0.287,-0.15,1.0,0.905,True
0.287,-0.15,2.351111756027102,0.287,-0.15,0.01,0.75,True
0.401837422062652,-0.844143988030113,2.1840055175700717,0.287,-0.15,0.01,0.75,True
0.4410205643370246,-1.5668814132336344,2.1254912529073016,0.287,-0.15,0.01,0.75,True
0.4554286848904811,-2.286640022323563,2.106203531120447,0.287,-0.15,0.01,0.75,True
0.4614834309263697,-3.005991880551521,6.414914063818383,0.287,-0.15,0.01,0.75,True
0.287,-0.15,2.2840867822728876,0.287,-0.15,0.01,0.76,True
0.4031948629283718,-0.8090486339778181,2.114001942287857,0.287,-0.15,0.01,0.76,True
0.4447757615823039,-1.495298896455404,2.054336841092126,0.287,-0.15,0.01,0.76,True
0.4605941215911979,-2.178252295405442,2.033972591849335,0.287,-0.15,0.01,0.76,True
0.4673910152087255,-2.8604015602685,6.041322566302917,0.287,-0.15,0.01,0.76,True
0.287,-0.15,2.220701559649331,0.287,-0.15,0.01,0.77,True
0.4045873709307342,-0.7747982879991213,2.0482844274029275,0.287,-0.15,0.01,0.77,True
0.4487162758364365,-1.4254700631717478,1.9877050814938928,0.287,-0.15,0.01,0.77,True
0.4661017493501981,-2.0725753967302487,1.966400770551237,0.287,-0.15,0.01,0.77,True
0.4737437317671198,-2.7185095968752098,5.681851407066763,0.287,-0.15,0.01,0.77,True
0.287,-0.15,2.160898745706667,0.287,-0.15,0.01,0.78,True
0.4060141195122422,-0.7413609302020829,1.986807473887327,0.287,-0.15,0.01,0.78,True
0.452848943482785,-1.357325818518996,1.925556889109092,0.287,-0.15,0.01,0.78,True
0.4719772769697143,-1.9695008755952383,1.9034492105204095,0.287,-0.15,0.01,0.78,True
0.4805855513414576,-2.5801681804925862,5.3365145409348065,0.287,-0.15,0.01,0.78,True
0.287,-0.15,2.1046210016267315,0.287,-0.15,0.01,0.79,True
0.4074742816139018,-0.7087061717389586,1.9295211944701531,0.287,-0.15,0.01,0.79,True
0.4571806778209701,-1.2908007690719705,1.8678486826046383,0.287,-0.15,0.01,0.79,True
0.4782482998656499,-1.8689261109719784,1.8450746190378176,0.287,-0.15,0.01,0.79,True
0.4879656342117902,-2.445237198056008,5.005399243075659,0.287,-0.15,0.01,0.79,True
0.287,-0.15,2.0518105357779675,0.287,-0.15,0.01,0.8,True
0.4089670306520191,-0.6768051524528561,1.876369411056149,0.287,-0.15,0.01,0.8,True
0.4617184560493837,-1.2258330142114644,1.8145295300435234,0.287,-0.15,0.01,0.8,True
0.4849443771926349,-1.7707540600578808,1.7912264655764658,0.287,-0.15,0.01,0.8,True
0.4959388740618376,-2.313583950103761,4.688672138644855,0.287,-0.15,0.01,0.8,True
0.287,-0.15,2.002408789541389,0.287,-0.15,0.01,0.81,True
0.4104915414704799,-0.6456304461013047,1.8272879213221491,0.287,-0.15,0.01,0.81,True
0.4664693071336254,-1.1623639541553672,1.7655382715709158,0.287,-0.15,0.01,0.81,True
0.4920971101647261,-1.6748930428539135,1.7418440000175328,0.287,-0.15,0.01,0.81,True
0.5045664869141907,-2.1850829394395843,4.38658508901117,0.287,-0.15,0.01,0.81,True
0.287,-0.15,1.9563563218872706,0.287,-0.15,0.01,0.82,True
0.4120469912624752,-0.6151559725132618,1.7822030530562205,0.287,-0.15,0.01,0.82,True
0.4714403007058392,-1.1003381133426942,1.7208007776250869,0.287,-0.15,0.01,0.82,True
0.4997402226474015,-1.5812565622014654,1.6968532105025458,0.287,-0.15,0.01,0.82,True
0.5139166495926037,-2.0596157366762697,4.0994804082928615,0.287,-0.15,0.01,0.82,True
0.287,-0.15,1.9135929660938154,0.287,-0.15,0.01,0.83,True
0.4136325604569087,-0.5853569160975417,1.7410306466585497,0.287,-0.15,0.01,0.83,True
0.4766385371400713,-1.039702977990845,1.6802275367751727,0.287,-0.15,0.01,0.83,True
0.5079096454876796,-1.4897631591125016,1.6561638867520758,0.287,-0.15,0.01,0.83,True
0.5240651936903112,-1.937070929531914,3.827794643192753,0.287,-0.15,0.01,0.83,True
0.287,-0.15,1.8740583546707767,0.287,-0.15,0.01,0.84,True
0.4152474335657834,-0.5562096501755965,1.703675630262899,0.287,-0.15,0.01,0.84,True
0.4820711389491501,-0.9804088467632244,1.643711797754031,0.287,-0.15,0.01,0.84,True
0.516643606517534,-1.4003363036242338,1.619666998952638,0.287,-0.15,0.01,0.84,True
0.5350963631707271,-1.8173441648699231,3.572059844420543,0.287,-0.15,0.01,0.84,True
0.287,-0.15,1.8376929401347561,0.287,-0.15,0.01,0.85,True
0.4168907999897975,-0.5276916666607788,1.6700323825022572,0.287,-0.15,0.01,0.85,True
0.4877452436494856,-0.922408693588482,1.6111285158126958,0.287,-0.15,0.01,0.85,True
0.5259827287251748,-1.3129043218040075,1.5872326411077355,0.287,-0.15,0.01,0.85,True
0.5471036467073689,-1.7003382948853825,3.3329009226676174,0.287,-0.15,0.01,0.85,True
0.287,-0.15,1.8044396848934268,0.287,-0.15,0.01,0.86,True
0.4185618547802055,-0.4997815106503362,1.639986124216902,0.287,-0.15,0.01,0.86,True
0.4936679982415484,-0.8656580417656817,1.582334379767417,0.287,-0.15,0.01,0.86,True
0.5359701397561552,-1.2274003599217325,1.558708820741103,0.287,-0.15,0.01,0.86,True
0.560190699955853,-1.5859636415704352,3.1110274270125653,0.287,-0.15,0.01,0.86,True
0.287,-0.15,1.7742466614142582,0.287,-0.15,0.01,0.87,True
0.4202597993556794,-0.4724587195359797,1.6134156597543168,0.287,-0.15,0.01,0.87,True
0.4998465554561899,-0.8101148485727878,1.5571692383308227,0.287,-0.15,0.01,0.87,True
0.546651596702257,-1.1437623871941578,1.5339214112362718,0.287,-0.15,0.01,0.87,True
0.574472378498518,-1.4741383966490855,2.907218174251193,0.287,-0.15,0.01,0.87,True
0.287,-0.15,1.7470709075281394,0.287,-0.15,0.01,0.88,True
0.4219838421734546,-0.445703766274455,1.5901979323395057,0.287,-0.15,0.01,0.88,True
0.5062880719200444,-0.7557393996698464,1.5354593344283536,0.287,-0.15,0.01,0.88,True
0.5580756310860197,-1.0619332388817817,1.512675640770526,0.287,-0.15,0.01,0.88,True
0.5900759096772982,-1.364789177532395,2.7222981322939126,0.287,-0.15,0.01,0.88,True
0.287,-0.15,1.722884043176053,0.287,-0.15,0.01,0.89,True
0.4237331993546146,-0.4194980064915705,1.5702151227772096,0.287,-0.15,0.01,0.89,True
0.5129997083978297,-0.7024942126544231,1.5170229555169206,0.287,-0.15,0.01,0.89,True
0.5702937200838628,-0.9818607018776536,1.49475962219273,0.287,-0.15,0.01,0.89,True
0.6071422415421486,-1.2578517634261972,2.5571097831564717,0.287,-0.15,0.01,0.89,True
0.287,-0.15,1.7016804107094115,0.287,-0.15,0.01,0.9,True
0.4255070952637174,-0.3938236291220173,1.553365510110572,0.287,-0.15,0.01,0.9,True
0.51998863227509,-0.6503439491856357,1.5016795335692965,0.287,-0.15,0.01,0.9,True
0.5833604913883752,-0.9034976452535324,1.479950734636167,0.287,-0.15,0.01,0.9,True
0.625827620486741,-1.1532720393462297,2.412487408571556,0.287,-0.15,0.01,0.9,True
0.287,-0.15,1.6834889127589536,0.287,-0.15,0.01,0.91,True
0.4273047630433548,-0.3686636103132778,1.539580223672967,0.287,-0.15,0.01,0.91,True
0.5272620224522807,-0.5992553351455174,1.4892641120270296,0.287,-0.15,0.01,0.91,True
0.597333970737699,-0.8268021985045422,1.4680263668138576,0.287,-0.15,0.01,0.91,True
0.6463054668629172,-1.051007179130382,2.2892546432213288,0.287,-0.15,0.01,0.91,True
0.287,-0.15,1.6683903961758066,0.287,-0.15,0.01,0.92,True
0.4291254451045032,-0.3440016703455085,1.5288497382196418,0.287,-0.15,0.01,0.92,True
0.5348270768302233,-0.5491970883528237,1.4796509218896507,0.287,-0.15,0.01,0.92,True
0.6122758830931874,-0.7517379804305658,1.4587820976109436,0.287,-0.15,0.01,0.92,True
0.6687686413197658,-0.9510271010146104,2.1882866346847774,0.287,-0.15,0.01,0.92,True
0.287,-0.15,1.6565435554753776,0.287,-0.15,0.01,0.93,True
0.430968393573754,-0.3198222333404598,1.5212673055553738,0.287,-0.15,0.01,0.93,True
0.5426910225780626,-0.5001398533853814,1.4727936438852154,0.287,-0.15,0.01,0.93,True
0.6282520207955526,-0.6782743816744525,1.4520639198646341,0.287,-0.15,0.01,0.93,True
0.6934322255729031,-0.8533162300232965,2.1107142973046016,0.287,-0.15,0.01,0.93,True
0.287,-0.15,1.6482242443334838,0.287,-0.15,0.01,0.94,True
0.4328328706987304,-0.2961103895517619,1.5171032326876654,0.287,-0.15,0.01,0.94,True
0.5508611293881039,-0.4520561431031021,1.4687982877384755,0.287,-0.15,0.01,0.94,True
0.6453326948590142,-0.6063869038526197,1.4478293215543714,0.287,-0.15,0.01,0.94,True
0.720536982067793,-0.7578755988254715,2.058413399914461,0.287,-0.15,0.01,0.94,True
0.287,-0.15,1.64388642013807,0.287,-0.15,0.01,0.95,True
0.4347181492130921,-0.2728518600463375,1.516938021410544,0.287,-0.15,0.01,0.95,True
0.5593447259376233,-0.4049202864952388,1.4680637705048396,0.287,-0.15,0.01,0.95,True
0.6635932889759634,-0.5360575578951221,1.4462721087466728,0.287,-0.15,0.01,0.95,True
0.7503537105081001,-0.6647253104994476,2.0350519070145805,0.287,-0.15,0.01,0.95,True
0.287,-0.15,1.6434238518012378,0.287,-0.15,0.01,0.955,True
0.4356683646688745,-0.2613882902822522,1.5186788757642464,0.287,-0.15,0.01,0.955,True
0.5637063940293152,-0.3817002662449164,1.4691898223558715,0.287,-0.15,0.01,0.955,True
0.6731911649263512,-0.5014734544839882,1.446684595902766,0.287,-0.15,0.01,0.955,True
0.7663732360483,-0.6190212310460914,2.0363541617712486,0.287,-0.15,0.01,0.955,True
0.287,-0.15,1.6442589112721004,0.287,-0.15,0.01,0.96,True
0.4366235126626909,-0.2500329636024452,1.5219135899893272,0.287,-0.15,0.01,0.96,True
0.5681492197961151,-0.358708382502501,1.4715720766926332,0.287,-0.15,0.01,0.96,True
0.683114939927425,-0.4672753235694968,1.4480983288852103,0.287,-0.15,0.01,0.96,True
0.7831887892335735,-0.5739073692615285,2.048259839453707,0.287,-0.15,0.01,0.96,True
0.287,-0.15,1.6465513723035299,0.287,-0.15,0.01,0.965,True
0.4375835053745763,-0.2387842581536309,1.5269538239301987,0.287,-0.15,0.01,0.965,True
0.5726741453841776,-0.3359419175420701,1.4755281885899145,0.287,-0.15,0.01,0.965,True
0.6933757919620135,-0.4334629620821747,1.4507878883833734,0.287,-0.15,0.01,0.965,True
0.8008453906594307,-0.5293929185621662,2.073077794304729,0.287,-0.15,0.01,0.965,True
0.287,-0.15,1.6505031719850982,0.287,-0.15,0.01,0.97,True
0.4385482556944776,-0.2276405856643003,1.5342351842645534,0.287,-0.15,0.01,0.97,True
0.5772821210377567,-0.3133982594879539,1.481533428154891,0.287,-0.15,0.01,0.97,True
0.7039853730804633,-0.4000366710767762,1.4551897711794979,0.287,-0.15,0.01,0.97,True
0.8193912806671091,-0.4854888532411894,2.114182169815774,0.287,-0.15,0.01,0.97,True
0.287,-0.15,1.6563702231599498,0.287,-0.15,0.01,0.975,True
0.4395176772293696,-0.2166003905768058,1.5443721190308788,0.287,-0.15,0.01,0.975,True
0.5819741060599984,-0.2910749013357082,1.4903062222256336,0.287,-0.15,0.01,0.975,True
0.7149558465021724,-0.3669972753485616,1.4620024915540766,0.287,-0.15,0.01,0.975,True
0.8388782633246562,-0.4422080398990035,2.1765284617172136,0.287,-0.15,0.01,0.975,True
0.287,-0.15,1.6644780485877506,0.287,-0.15,0.01,0.98,True
0.4404916843098542,-0.2056621492061457,1.558241993536831,0.287,-0.15,0.01,0.98,True
0.5867510698434674,-0.2689694400497923,1.5029497274318964,0.287,-0.15,0.01,0.98,True
0.7262999276897558,-0.3343461439224832,1.472360700981869,0.287,-0.15,0.01,0.98,True
0.8593620983020268,-0.3995653487095026,2.2674508764425134,0.287,-0.15,0.01,0.98,True
0.287,-0.15,1.675242660358649,0.287,-0.15,0.01,0.985,True
0.4414701919962447,-0.1948243689245015,1.5771168026499849,0.287,-0.15,0.01,0.985,True
0.5916139929731854,-0.2470795757357684,1.5211934382803312,0.287,-0.15,0.01,0.985,True
0.7380309298096692,-0.3020852113557515,1.4881485797214018,0.287,-0.15,0.01,0.985,True
0.8809029475783903,-0.3575777618636727,2.3979305730578164,0.287,-0.15,0.01,0.985,True
0.287,-0.15,1.68919871397067,0.287,-0.15,0.01,0.99,True
0.4424531160841768,-0.1840855873706012,1.6028747721039198,0.287,-0.15,0.01,0.99,True
0.5965638684050714,-0.2254031108849195,1.54782004785748,0.287,-0.15,0.01,0.99,True
0.7501628140347933,-0.2702169997751976,1.512585996805262,0.287,-0.15,0.01,0.99,True
0.903565884864165,-0.3162644757046719,2.584697536771072,0.287,-0.15,0.01,0.99,True
0.287,-0.15,1.6975822199356059,0.287,-0.15,0.01,0.9925,True
0.442946208167193,-0.1787528722155199,1.6191693775786724,0.287,-0.15,0.01,0.9925,True
0.5990717272233613,-0.2146442443628133,1.5656153659958907,0.287,-0.15,0.01,0.9925,True
0.7563836405683757,-0.2544311187511546,1.5296815903453518,0.287,-0.15,0.01,0.9925,True
0.9153399564665418,-0.2958673224546314,2.706842179959848,0.287,-0.15,0.01,0.9925,True
0.287,-0.15,1.7070378678390237,0.287,-0.15,0.01,0.995,True
0.4434403731097359,-0.1734443716830623,1.6383501195397205,0.287,-0.15,0.01,0.995,True
0.6016017027227946,-0.2039379496892011,1.5874500965527836,0.287,-0.15,0.01,0.995,True
0.7627102451902815,-0.2387446415485108,1.5513737161154533,0.287,-0.15,0.01,0.995,True
0.92742147667376,-0.2756469920417,2.8539217364290885,0.287,-0.15,0.01,0.995,True
0.287,-0.15,1.7176852976998376,0.287,-0.15,0.01,0.9975,True
0.4439356005952752,-0.1681599111529274,1.661017903447282,0.287,-0.15,0.01,0.9975,True
0.6041539230752572,-0.1932839806776227,1.6144338325414465,0.287,-0.15,0.01,0.9975,True
0.7691445810440739,-0.2231580588664783,1.5791429894993894,0.287,-0.15,0.01,0.9975,True
0.939820233261158,-0.2556065447014857,3.0318162749793443,0.287,-0.15,0.01,0.9975,True
0.287,-9.95,1.4142135623732688,0.287,-9.95,0.01,1.0,True
0.2869993846438681,-9.950000218946885,1.4142135623734027,0.287,-9.95,0.01,1.0,True
0.2869987967834996,-9.950000503655414,1.4142135623735657,0.287,-9.95,0.01,1.0,True
0.2869982434089753,-9.950000850731612,1.4142135623737497,0.287,-9.95,0.01,1.0,True
0.286997731103834,-9.950001256051303,1.4142135623791798,0.287,-9.95,0.01,1.0,True
0.287,-9.95,1.4157566801973336,0.287,-9.95,0.01,1.01,True
0.286999339440471,-9.931034209962808,1.4160552406735585,0.287,-9.95,0.01,1.01,True
0.2869986779673385,-9.91031371037442,1.4161145243337994,0.287,-9.95,0.01,1.01,True
0.2869980251239045,-9.889262182511768,1.416145643179251,0.287,-9.95,0.01,1.01,True
0.2869973895819356,-9.868038976515674,1.4427600986912181,0.287,-9.95,0.01,1.01,True
0.287,-9.95,1.4202567926719816,0.287,-9.95,0.01,1.02,True
0.286999294675394,-9.912437790953732,1.4214230088776572,0.287,-9.95,0.01,1.02,True
0.2869985576314689,-9.871402668519474,1.4216546320633843,0.287,-9.95,0.01,1.02,True
0.2869977990921714,-9.829711982406522,1.4217762218983738,0.287,-9.95,0.01,1.02,True
0.2869970280881675,-9.78768126805158,1.523114228311917,0.287,-9.95,0.01,1.02,True
0.287,-9.95,1.4275156688146786,0.287,-9.95,0.01,1.03,True
0.2869992503442802,-9.8942002632881,1.4300731694130338,0.287,-9.95,0.01,1.03,True
0.2869984357993814,-9.833244852939556,1.4305810949362612,0.287,-9.95,0.01,1.03,True
0.2869975652107449,-9.771315705440092,1.4308477180720423,0.287,-9.95,0.01,1.03,True
0.2869966458868307,-9.708881465960632,1.6449445770615692,0.287,-9.95,0.01,1.03,True
0.287,-9.95,1.4373320757341852,0.287,-9.95,0.01,1.04,True
0.2869992064427739,-9.876311337304688,1.4417559382393377,0.287,-9.95,0.01,1.04,True
0.2869983124951071,-9.79581860218765,1.4426343075794625,0.287,-9.95,0.01,1.04,True
0.2869973233818337,-9.714040132576748,1.4430953421322215,0.287,-9.95,0.01,1.04,True
0.2869962422411362,-9.631594697545577,1.797459167704856,0.287,-9.95,0.01,1.04,True
0.287,-9.95,1.4495049394009396,0.287,-9.95,0.01,1.05,True
0.2869991629665293,-9.858761112955904,1.45622030815925,0.287,-9.95,0.01,1.05,True
0.2869981877431724,-9.759103077516553,1.4575531013011176,0.287,-9.95,0.01,1.05,True
0.2869970735128918,-9.657853307708738,1.4582525572294622,0.287,-9.95,0.01,1.05,True
0.2869958164140647,-9.55577779690638,1.9715028856447865,0.287,-9.95,0.01,1.05,True
0.287,-9.95,1.4638361594853373,0.287,-9.95,0.01,1.06,True
0.2869991199112004,-9.841540061541032,1.4732183802397072,0.287,-9.95,0.01,1.06,True
0.2869980615685193,-9.723078224189372,1.4750794212007707,0.287,-9.95,0.01,1.06,True
0.2869968155165616,-9.602724478204651,1.4760559436119938,0.287,-9.95,0.01,1.06,True
0.2869953676691624,-9.48138922455385,2.160113737788081,0.287,-9.95,0.01,1.06,True
0.287,-9.95,1.4801329996997181,0.287,-9.95,0.01,1.07,True
0.2869990772724554,-9.824639008456924,1.4925090156350644,0.287,-9.95,0.01,1.07,True
0.286997933996475,-9.687724734952642,1.4949622637739295,0.287,-9.95,0.01,1.07,True
0.2869965493106707,-9.548624038784132,1.4962492906829554,0.287,-9.95,0.01,1.07,True
0.2869948952713711,-9.408388991522704,2.3582727076804617,0.287,-9.95,0.01,1.07,True
0.287,-9.95,1.4982100175769275,0.287,-9.95,0.01,1.08,True
0.2869990350459714,-9.80804911690196,1.5138607415120549,0.287,-9.95,0.01,1.08,True
0.2869978050526854,-9.653024015532816,1.5169608012618307,0.287,-9.95,0.01,1.08,True
0.2869962748181713,-9.495523478504737,1.5185868389088146,0.287,-9.95,0.01,1.08,True
0.2869943984878063,-9.336738587694947,2.56243872986713,0.287,-9.95,0.01,1.08,True
0.287,-9.95,1.517890533534975,0.287,-9.95,0.01,1.09,True
0.2869989932274369,-9.791761872475044,1.5370539128749807,0.287,-9.95,0.01,1.09,True
0.2869976747630753,-9.61895815202637,1.5408466953171562,0.287,-9.95,0.01,1.09,True
0.2869959919671028,-9.443395330661296,1.5428356746543803,0.287,-9.95,0.01,1.09,True
0.2869938765885243,-9.266400914063263,2.770124494245859,0.287,-9.95,0.01,1.09,True
0.287,-9.95,1.5390076662887684,0.287,-9.95,0.01,1.1,True
0.2869989518125558,-9.775769068645875,1.5618821823333127,0.287,-9.95,0.01,1.1,True
0.2869975431538012,-9.585509880063464,1.5664056584881425,0.287,-9.95,0.01,1.1,True
0.2869957006905321,-9.392213125412622,1.5687773401238623,0.287,-9.95,0.01,1.1,True
0.2869933288472694,-9.197340218683305,2.9795757226127075,0.287,-9.95,0.01,1.1,True
0.287,-9.95,1.5614049794310632,0.287,-9.95,0.01,1.11,True
0.2869989107970473,-9.760062793375946,1.5881533621511752,0.287,-9.95,0.01,1.11,True
0.2869974102512073,-9.55266255563352,1.5934383570574928,0.287,-9.95,0.01,1.11,True
0.2869954009264964,-9.341951344963844,1.5962087573856563,0.287,-9.95,0.01,1.11,True
0.2869927545421957,-9.129522036083292,3.1895456948195124,0.287,-9.95,0.01,1.11,True
0.287,-9.95,1.5849367892094492,0.287,-9.95,0.01,1.12,True
0.2869988701766465,-9.744635420099812,1.6156897837625361,0.287,-9.95,0.01,1.12,True
0.2869972760817851,-9.520400127454256,1.6217607655384825,0.287,-9.95,0.01,1.12,True
0.2869950926179331,-9.292585381145855,1.6249425828565256,0.287,-9.95,0.01,1.12,True
0.2869921529565625,-9.06291312991558,3.3991410397365662,0.287,-9.95,0.01,1.12,True
0.287,-9.95,1.6094681384483551,0.287,-9.95,0.01,1.13,True
0.2869988299471173,-9.7294796340536,1.6443283171017542,0.287,-9.95,0.01,1.13,True
0.2869971406721407,-9.488707109446478,1.6512040834306287,0.287,-9.95,0.01,1.13,True
0.2869947757126195,-9.244091495273013,1.6548071112079465,0.287,-9.95,0.01,1.13,True
0.2869915233794184,-8.997481438647409,3.6077169273602596,0.287,-9.95,0.01,1.13,True
0.287,-9.95,1.6348739727128165,0.287,-9.95,0.01,1.14,True
0.2869987901042977,-9.714588780588397,1.673920911354512,0.287,-9.95,0.01,1.14,True
0.2869970040487083,-9.457568441084096,1.6816140642530486,0.287,-9.95,0.01,1.14,True
0.2869944501631931,-9.196446803474052,1.6856458929317537,0.287,-9.95,0.01,1.14,True
0.2869908651061967,-8.93319601957033,3.8148055415660207,0.287,-9.95,0.01,1.14,True
0.287,-9.95,1.6610326967992783,0.287,-9.95,0.01,1.15,True
0.2869987506447423,-9.69996010728495,1.7043582747424972,0.287,-9.95,0.01,1.15,True
0.2869968662177278,-9.42696034441968,2.3068058798172313,0.287,-9.95,0.01,1.15,True
0.287,-9.95,1.6877700337690624,0.287,-9.95,0.01,1.16,True
0.2869987115722311,-9.685623329222471,1.7370205233088718,0.287,-9.95,0.01,1.16,True
0.2869967255607479,-9.396163281720256,2.3924884084466362,0.287,-9.95,0.01,1.16,True
0.287,-9.95,1.7143663676122687,0.287,-9.95,0.01,1.17,True
0.2869986729621255,-9.67188484312345,1.8841351168104565,0.287,-9.95,0.01,1.17,True
0.2869964508909168,-9.314581229921677,2.6271526039575237,0.287,-9.95,0.01,1.17,True
0.287,-9.95,1.735358539242781,0.287,-9.95,0.01,1.18,True
0.2869986355812985,-9.6613602662498,13.75748244824755,0.287,-9.95,0.01,1.18,True
0.2871768961504045,-5.7314498989856055,14.75761369991373,0.287,-9.95,0.01,1.18,True
0.287,-9.95,1.7073579001893275,0.287,-9.95,0.01,1.19,True
0.2869986081071285,-9.675459056999586,1.7073579001893275,0.287,-9.95,0.01,1.19,True
0.287,-9.95,1.4323657706634605,0.287,-9.95,0.01,1.2,True
0.2869987855462395,-9.88476116404932,1.4323657706634605,0.287,-9.95,0.01,1.2,True
0.25,-0.113,1.7838548114549961,0.25,-0.113,0.01,0.905,False
0.3935504155822525,-0.3802599113058179,1.5714656202426427,0.25,-0.113,0.01,0.905,False
0.4894115444717498,-0.6400408925216533,1.5097956614236454,0.25,-0.113,0.01,0.905,False
0.5534674567100109,-0.8923468140227773,1.4846499267753552,0.25,-0.113,0.01,0.905,False
0.5964605814904466,-1.1391973551661736,2.5244423862243717,0.25,-0.113,0.01,0.905,False
0.25,-0.113,1.9297690302485786,0.25,-0.113,0.015,0.905,False
0.3845908358713225,-0.5044417568628946,1.6827074689137977,0.25,-0.113,0.015,0.905,False
0.4580070907794075,-0.8828081668695938,1.610819711255724,0.25,-0.113,0.015,0.905,False
0.4985945457586314,-1.2509587639379909,1.5816740673061214,0.25,-0.113,0.015,0.905,False
0.5216181813540555,-1.6129405018303942,3.391184613782809,0.25,-0.113,0.015,0.905,False
0.25,-0.113,2.1275527799245584,0.25,-0.113,0.02,0.905,False
0.3771674512378791,-0.6268574081145192,1.851104881788253,0.25,-0.113,0.02,0.905,False
0.4345130140602766,-1.1230329691150485,1.770886660582179,0.25,-0.113,0.02,0.905,False
0.4614043828599797,-1.607033930273161,1.739114122531718,0.25,-0.113,0.02,0.905,False
0.4748160580061966,-2.0845708107944487,4.51101468243707,0.25,-0.113,0.02,0.905,False
0.25,-0.113,2.3627532980438164,0.25,-0.113,0.025,0.905,False
0.3710073853380718,-0.7476319328372224,2.066076639202626,0.25,-0.113,0.025,0.905,False
0.4167176626163627,-1.360962499839745,1.9809467043999323,0.25,-0.113,0.025,0.905,False
0.4353763264193731,-1.9607191218545208,1.9482886820623992,0.25,-0.113,0.025,0.905,False
0.4438421089513177,-2.554030993330242,5.7673502326756925,0.25,-0.113,0.025,0.905,False
0.25,-0.113,2.624852525914152,0.25,-0.113,0.03,0.905,False
0.3658848299703897,-0.866868083847058,2.316621098175517,0.25,-0.113,0.03,0.905,False
0.403063172591164,-1.5968554851100778,2.229363519102916,0.25,-0.113,0.03,0.905,False
0.4165887140567807,-2.31234999728459,2.197210269553598,0.25,-0.113,0.03,0.905,False
0.4222912035100587,-3.0216709519706244,7.098252713914321,0.25,-0.113,0.03,0.905,False
0.25,-0.113,2.9058946606986815,0.25,-0.113,0.035,0.905,False
0.3616139436296267,-0.984651018522706,2.593180162195455,0.25,-0.113,0.035,0.905,False
0.3924434043057738,-1.830943187682387,2.505765397091223,0.25,-0.113,0.035,0.905,False
0.402626117373437,-2.662245601698664,2.4751727926802305,0.25,-0.113,0.035,0.905,False
0.4066441640120393,-3.4878229760075943,8.471316333613846,0.25,-0.113,0.035,0.905,False
0.25,-0.113,3.1999844166974567,0.25,-0.113,0.04,0.905,False
0.3580424918733564,-1.1010523112283168,2.8884249916378333,0.25,-0.113,0.04,0.905,False
0.3840681025491939,-2.063419416646489,2.8022875957354487,0.25,-0.113,0.04,0.905,False
0.3919679544023654,-3.010659786757443,2.7740202391715303,0.25,-0.113,0.04,0.905,False
0.3948774947320308,-3.952727962779973,9.868857882054455,0.25,-0.113,0.04,0.905,False
0.25,-0.113,3.5028226723006286,0.25,-0.113,0.045,0.905,False
0.3550461804491882,-1.216133124577563,3.1970928685658815,0.25,-0.113,0.045,0.905,False
0.3773694481249707,-2.2944417220963294,3.1133488534595735,0.25,-0.113,0.045,0.905,False
0.3836354260819561,-3.3577810028043817,3.0878910633317305,0.25,-0.113,0.045,0.905,False
0.3857732280454687,-4.416544906297951,11.280630172296563,0.25,-0.113,0.045,0.905,False
0.25,-0.113,3.811296507126908,0.25,-0.113,0.05,0.905,False
0.3525236939948909,-1.329946572655797,3.5155160413610176,0.25,-0.113,0.05,0.905,False
0.3719369736481469,-2.524136300084852,3.4350586863740036,0.25,-0.113,0.05,0.905,False
0.3769836430318249,-3.703744617984716,3.412636317307638,0.25,-0.113,0.05,0.905,False
0.3785647631050226,-4.879373994295694,12.700336488533653,0.25,-0.113,0.05,0.905,False
0.25,-0.113,6.917819973790229,0.25,-0.113,0.1,0.905,False
0.3408374026387863,-2.4065672005095613,6.920915623021197,0.25,-0.113,0.1,0.905,False
0.3478361856525191,-4.762603820160424,6.886090523507275,0.25,-0.113,0.1,0.905,False
0.3485387681131099,-7.111478716915279,6.882913565081216,0.25,-0.113,0.1,0.905,False
0.3486119810326753,-9.459747105726343,26.860455036978262,0.25,-0.113,0.1,0.905,False
0.25,-0.113,12.522174065992278,0.25,-0.113,0.2,0.905,False
0.3354636491137237,-4.279329572662682,14.01732925726825,0.25,-0.113,0.2,0.905,False
0.3367966119685216,-8.976179893839266,14.015411971355604,0.25,-0.113,0.2,0.905,False
0.3368096288939716,-13.6726124192972,14.015386127470327,0.25,-0.113,0.2,0.905,False
0.336809754137935,-18.369038260378087,54.226594724322496,0.25,-0.113,0.2,0.905,False
0.25,-0.113,17.268180648957824,0.25,-0.113,0.3,0.905,False
0.3321721855662744,-5.824486649859259,21.20282229372051,0.25,-0.113,0.3,0.905,False
0.3323968814194434,-12.856538361152342,21.240278999964836,0.25,-0.113,0.3,0.905,False
0.332396481704506,-19.90106564912202,21.240610832835056,0.25,-0.113,0.3,0.905,False
0.3323964760242429,-26.945703355478425,80.74081499465466,0.25,-0.113,0.3,0.905,False
0.25,-0.113,21.248432401563008,0.25,-0.113,0.4,0.905,False
0.3291464793168209,-7.087228753665757,28.37412996018499,0.25,-0.113,0.4,0.905,False
0.3288800792271995,-16.40732215146465,28.58963521630355,0.25,-0.113,0.4,0.905,False
0.328870081962163,-25.798087787743476,28.595813878038527,0.25,-0.113,0.4,0.905,False
0.3288697951920514,-35.190879575895245,106.67379106060496,0.25,-0.113,0.4,0.905,False
0.25,-0.113,24.585667202592806,0.25,-0.113,0.5,0.905,False
0.3263840433715856,-8.120658981832172,35.40628410738282,0.25,-0.113,0.5,0.905,False
0.3255165082301685,-19.6368059042468,36.062243960523496,0.25,-0.113,0.5,0.905,False
0.3254643231678645,-31.364751724406887,36.1005099926311,0.25,-0.113,0.5,0.905,False
0.3254612793852308,-43.105051034019766,132.10527064780877,0.25,-0.113,0.5,0.905,False
0.25,-0.113,27.401922918973018,0.25,-0.113,0.6,0.905,False
0.3238982945387176,-8.973640276503469,42.19550250618064,0.25,-0.113,0.6,0.905,False
0.322202997494786,-22.561543735580468,43.626754505439,0.25,-0.113,0.6,0.905,False
0.3220432337182806,-36.60386251541566,43.760878067488726,0.25,-0.113,0.6,0.905,False
0.3220282702324568,-50.68874173958499,157.06167888694173,0.25,-0.113,0.6,0.905,False
0.25,-0.113,29.79993470656327,0.25,-0.113,0.7,0.905,False
0.3216786545568956,-9.685559534839577,48.67714986054125,0.25,-0.113,0.7,0.905,False
0.3189524034594778,-25.204734096551263,51.23477224561938,0.25,-0.113,0.7,0.905,False
0.3185936644728514,-41.52159119243398,51.571180853671095,0.25,-0.113,0.7,0.905,False
0.3185465392066872,-57.94323464119671,181.55088641640694,0.25,-0.113,0.7,0.905,False
0.25,-0.113,31.861142873936398,0.25,-0.113,0.8,0.905,False
0.3197021659284471,-10.2866374012635,54.82000817829302,0.25,-0.113,0.8,0.905,False
0.3157957748992707,-27.592847346404405,58.83392874235044,0.25,-0.113,0.8,0.905,False
0.3151340212212747,-46.12806730887323,59.51517600731058,0.25,-0.113,0.8,0.905,False
0.3150219840319967,-64.87136279428593,205.573727491712,0.25,-0.113,0.8,0.905,False
0.25,-0.113,33.648968999275915,0.25,-0.113,0.9,0.905,False
0.317941729959499,-10.79974683662202,60.6157819623509,0.25,-0.113,0.9,0.905,False
0.3127591987088012,-29.752784021675104,66.3762644962102,0.25,-0.113,0.9,0.905,False
0.3116901044606714,-50.43691909866519,67.56923311985514,0.25,-0.113,0.9,0.905,False
0.3114696161176646,-71.47807301893806,229.12901595836252,0.25,-0.113,0.9,0.905,False
0.25,-0.113,35.21275632349899,0.25,-0.113,1.0,0.905,False
0.3163704835463193,-11.242226916423846,66.0703149458298,0.25,-0.113,1.0,0.905,False
0.3098594962749313,-31.71011423406617,73.82193074671568,0.25,-0.113,1.0,0.905,False
0.308286859664056,-54.46427785953952,75.70591417124197,0.25,-0.113,1.0,0.905,False
0.3079070543290783,-77.77059688921892,252.21594440648948,0.25,-0.113,1.0,0.905,False
0.25,-0.113,2.7448289102716865,0.25,-0.113,0.01,0.75,False
0.3633284429706584,-0.9170203429736128,2.4160997397721173,0.25,-0.113,0.01,0.75,False
0.3975646675383699,-1.6876127938671248,2.3292120376025944,0.25,-0.113,0.01,0.75,False
0.4096003463674135,-2.4436489049060057,2.297620008442896,0.25,-0.113,0.01,0.75,False
0.4145642108161602,-3.1937035195137478,7.624802768623274,0.25,-0.113,0.01,0.75,False
0.25,-0.113,2.649132271611272,0.25,-0.113,0.01,0.76,False
0.3648984589330296,-0.8764079737244103,2.32525068380782,0.25,-0.113,0.01,0.76,False
0.4014789975247408,-1.6081180164034463,2.238512472452983,0.25,-0.113,0.01,0.76,False
0.414779385688751,-2.325461474150201,2.2064762711329537,0.25,-0.113,0.01,0.76,False
0.4203874867845834,-3.0366839880996745,7.162697523390554,0.25,-0.113,0.01,0.76,False
0.25,-0.113,2.5581823834431856,0.25,-0.113,0.01,0.77,False
0.3665245458316752,-0.8367647897933769,2.2395588186773474,0.25,-0.113,0.01,0.77,False
0.4056214205333922,-1.5305645308932203,2.1531792431857113,0.25,-0.113,0.01,0.77,False
0.4203404864931967,-2.2102285171879044,2.120824774507085,0.25,-0.113,0.01,0.77,False
0.4266863709472259,-2.883654575368155,6.717313548573491,0.25,-0.113,0.01,0.77,False
0.25,-0.113,2.4719542358409723,0.25,-0.113,0.01,0.78,False
0.3682059394918138,-0.7980535936935932,2.1590211630966856,0.25,-0.113,0.01,0.78,False
0.4100021815166255,-1.454874463115249,2.073217728294028,0.25,-0.113,0.01,0.78,False
0.4263149570153907,-2.097830154557081,2.040671957186987,0.25,-0.113,0.01,0.78,False
0.4335100908241029,-2.734454433439397,6.288685672219459,0.25,-0.113,0.01,0.78,False
0.25,-0.113,2.390424801993008,0.25,-0.113,0.01,0.79,False
0.3699418547269946,-0.7602390946162928,2.083632114140306,0.25,-0.113,0.01,0.79,False
0.4146317864187174,-1.3809740682094571,1.9986314326565944,0.25,-0.113,0.01,0.79,False
0.4327367794599805,-1.9881527605039884,1.9660221089436591,0.25,-0.113,0.01,0.79,False
0.4409141920604345,-2.588930790574567,5.876935142642577,0.25,-0.113,0.01,0.79,False
0.25,-0.113,2.3135721300531746,0.25,-0.113,0.01,0.8,False
0.3717314867864853,-0.7232877890504221,2.013380187191845,0.25,-0.113,0.01,0.8,False
0.4195209864830312,-1.30879350669015,1.929417619073345,0.25,-0.113,0.01,0.8,False
0.4396427619186693,-1.8810886993973277,1.896873200939793,0.25,-0.113,0.01,0.8,False
0.448961292974316,-2.446938635766752,5.4822788140449425,0.25,-0.113,0.01,0.8,False
0.25,-0.113,2.241374496898798,0.25,-0.113,0.01,0.81,False
0.373574012842234,-0.6871678502173402,1.948244656446669,0.25,-0.113,0.01,0.81,False
0.4246807631662724,-1.2382666398561597,1.8655624505201374,0.25,-0.113,0.01,0.81,False
0.4470726948238743,-1.7765361061431275,1.8332120454427254,0.25,-0.113,0.01,0.81,False
0.4577219139081703,-2.308340486383992,5.105038787482354,0.25,-0.113,0.01,0.81,False
0.25,-0.113,2.173809710347108,0.25,-0.113,0.01,0.82,False
0.3754685934993847,-0.6518490255745103,1.8881922655813725,0.25,-0.113,0.01,0.82,False
0.4301223139621105,-1.1693308432511804,1.8070358432711542,0.25,-0.113,0.01,0.82,False
0.4550695132956446,-1.6743987111273877,1.7750089102043822,0.25,-0.113,0.01,0.82,False
0.4672753888407759,-2.173006246908064,4.745652046703926,0.25,-0.113,0.01,0.82,False
0.25,-0.113,2.1108546895215854,0.25,-0.113,0.01,0.83,False
0.3774143743163289,-0.6173025417129915,1.8331742402404643,0.25,-0.113,0.01,0.83,False
0.435857039456046,-1.1019268369839006,1.753786330318564,0.25,-0.113,0.01,0.83,False
0.4636794673753976,-1.5745857109031764,1.722211824542374,0.25,-0.113,0.01,0.83,False
0.4777108687815016,-2.0408131697605154,4.404679358244288,0.25,-0.113,0.01,0.83,False
0.25,-0.113,2.0524855128933686,0.25,-0.113,0.01,0.84,False
0.3794104873222378,-0.5835010160370862,1.7831239029054036,0.25,-0.113,0.01,0.84,False
0.4418965319543588,-1.0359985318585412,1.7057363348698769,0.25,-0.113,0.01,0.84,False
0.4729523029437593,-1.477011686571206,1.6747409376579354,0.25,-0.113,0.01,0.84,False
0.4891284294728137,-1.911645932721641,4.082812311461041,0.25,-0.113,0.01,0.84,False
0.25,-0.113,1.9986782079450327,0.25,-0.113,0.01,0.85,False
0.3814560525216423,-0.5504183746713613,1.7379552682185582,0.25,-0.113,0.01,0.85,False
0.4482525660526774,-0.9714928903937632,1.6627783449267992,0.25,-0.113,0.01,0.85,False
0.4829414571273435,-1.3815965725859487,1.632483410172261,0.25,-0.113,0.01,0.85,False
0.5016403002430304,-1.7853968516428815,3.7808768351966866,0.25,-0.113,0.01,0.85,False
0.25,-0.113,1.9494106787135124,0.25,-0.113,0.01,0.86,False
0.3835501793772314,-0.5180297760912476,1.6975630912667932,0.25,-0.113,0.01,0.86,False
0.4549370915349394,-0.9083598019231242,1.6247725559049286,0.25,-0.113,0.01,0.86,False
0.4937042732573,-1.2882656795594083,1.595289420907942,0.25,-0.113,0.01,0.86,False
0.5153722369846563,-1.6619662521514256,3.499830877526221,0.25,-0.113,0.01,0.86,False
0.25,-0.113,1.9046663506681205,0.25,-0.113,0.01,0.87,False
0.3856919682633782,-0.4863115400192864,1.6618249748794887,0.25,-0.113,0.01,0.87,False
0.4619622290217756,-0.8465519710747259,1.5915466157817724,0.25,-0.113,0.01,0.87,False
0.5053022420088964,-1.1969497755351126,1.5629699427154364,0.25,-0.113,0.01,0.87,False
0.5304650708709128,-1.5412630299591958,3.2407533656541063,0.25,-0.113,0.01,0.87,False
0.25,-0.113,1.8644403969749253,0.25,-0.113,0.01,0.88,False
0.387880511884126,-0.4552410811702171,1.6306063634287031,0.25,-0.113,0.01,0.88,False
0.4693402688194735,-0.7860248190223202,1.5628982003526855,0.25,-0.113,0.01,0.88,False
0.5178012772995891,-1.1075852311639185,1.535296994250424,0.25,-0.113,0.01,0.88,False
0.5470764764982191,-1.4232054363010969,3.004821627068109,0.25,-0.113,0.01,0.88,False
0.25,-0.113,1.8287498686028911,0.25,-0.113,0.01,0.89,False
0.3901148966505427,-0.4247968474652724,1.603769658791579,0.25,-0.113,0.01,0.89,False
0.4770836734577792,-0.7267363969860744,1.5386013492366233,0.25,-0.113,0.01,0.89,False
0.5312720379459126,-1.0201142352224477,1.5120071627367964,0.25,-0.113,0.01,0.89,False
0.5653830199261775,-1.3077221329481503,2.793276410731993,0.25,-0.113,0.01,0.89,False
0.25,-0.113,1.7976498144809214,0.25,-0.113,0.01,0.9,False
0.3923942040132412,-0.3949582623693505,1.5811894850462398,0.25,-0.113,0.01,0.9,False
0.4852050844473459,-0.66864731153881,1.518417984822914,0.25,-0.113,0.01,0.9,False
0.5457903090939064,-0.9344850879553352,1.4928094525664322,0.25,-0.113,0.01,0.9,False
0.5855825703096532,-1.1947535700360026,2.6073799612386774,0.25,-0.113,0.01,0.9,False
0.25,-0.113,1.7712587907088813,0.25,-0.113,0.01,0.91,False
0.3947175117467901,-0.3657056710350434,1.562777696746644,0.25,-0.113,0.01,0.91,False
0.4937173338373395,-0.6117206613440003,1.5021171846239274,0.25,-0.113,0.01,0.91,False
0.5614374611931345,-0.8506525807605837,1.4773992497246433,0.25,-0.113,0.01,0.91,False
0.607897190840072,-1.084253749220611,2.4483875028499194,0.25,-0.113,0.01,0.91,False
0.25,-0.113,1.7497994822507725,0.25,-0.113,0.01,0.92,False
0.3970838951835155,-0.3370202899646216,1.5485248973278647,0.25,-0.113,0.01,0.92,False
0.5026334612113564,-0.555921985014836,1.4895073726727968,0.25,-0.113,0.01,0.92,False
0.5783010089692765,-0.7685784717173006,1.4654820793489323,0.25,-0.113,0.01,0.92,False
0.6325766687509056,-0.9761924435654572,2.317582629456682,0.25,-0.113,0.01,0.92,False
0.25,-0.113,1.7336644008546434,0.25,-0.113,0.01,0.93,False
0.399492428394837,-0.3088841599258161,1.538571830331151,0.25,-0.113,0.01,0.93,False
0.511966736827155,-0.5012192198403027,1.4804924514612332,0.25,-0.113,0.01,0.93,False
0.5964752987055625,-0.6882320672925816,1.4568154780525724,0.25,-0.113,0.01,0.93,False
0.6599029045754096,-0.8705579524558444,2.2164831955412363,0.25,-0.113,0.01,0.93,False
0.25,-0.113,1.7235246080600688,0.25,-0.113,0.01,0.94,False
0.4019421853188905,-0.2812801018794939,1.5333382831616884,0.25,-0.113,0.01,0.94,False
0.5217306916839999,-0.4475826711741236,1.475176500040537,0.25,-0.113,0.01,0.94,False
0.6160623594740644,-0.6095909211313474,1.4512888277776035,0.25,-0.113,0.01,0.94,False
0.6901954636184974,-0.7673604718390078,2.147428150947598,0.25,-0.113,0.01,0.94,False
0.25,-0.113,1.720514987320045,0.25,-0.113,0.01,0.95,False
0.4044322408337267,-0.2541916756975972,1.5337697120405294,0.25,-0.113,0.01,0.95,False
0.5319391553929833,-0.3949849923258401,1.4740750184364069,0.25,-0.113,0.01,0.95,False
0.6371729631536779,-0.5326416609432071,1.449090936112613,0.25,-0.113,0.01,0.95,False
0.7238187057555301,-0.6666361522709995,2.1149646540141283,0.25,-0.113,0.01,0.95,False
0.25,-0.113,1.7222412331518726,0.25,-0.113,0.01,0.955,False
0.4056920919708522,-0.2408358794891648,1.536663296975235,0.25,-0.113,0.01,0.955,False
0.5372144927561411,-0.3690678226559128,1.4754823522412706,0.25,-0.113,0.01,0.955,False
0.648336920001632,-0.4948000250241208,1.4494676132726596,0.25,-0.113,0.01,0.955,False
0.7420076714982345,-0.6172209861313945,2.1151766381863784,0.25,-0.113,0.01,0.955,False
0.25,-0.113,1.726561201607803,0.25,-0.113,0.01,0.96,False
0.4069616717757973,-0.2276031414680363,1.5418410943254568,0.25,-0.113,0.01,0.96,False
0.5426063028321613,-0.3434011748301615,1.478578749366206,0.25,-0.113,0.01,0.96,False
0.6599279496269375,-0.4573809538855767,1.4510988097411537,0.25,-0.113,0.01,0.96,False
0.7611910639742234,-0.5684518914091584,2.1289326508665574,0.25,-0.113,0.01,0.96,False
0.25,-0.113,1.7339367447403402,0.25,-0.113,0.01,0.965,False
0.4082408653172554,-0.2144915975998202,1.5498894020402585,0.25,-0.113,0.01,0.965,False
0.5481164207020109,-0.3179822882291306,1.4838536750316285,0.25,-0.113,0.01,0.965,False
0.6719630024167625,-0.4203857821033868,1.4543612077662675,0.25,-0.113,0.01,0.965,False
0.78143163556119,-0.5203429400577553,2.159401167665801,0.25,-0.113,0.01,0.965,False
0.25,-0.113,1.7449806366362903,0.25,-0.113,0.01,0.97,False
0.4095295579038358,-0.201499423199914,1.5616664137565786,0.25,-0.113,0.01,0.97,False
0.5537467106925361,-0.292808549000613,1.4920711383971819,0.25,-0.113,0.01,0.97,False
0.6844598880934074,-0.3838166191197777,1.4598784312018327,0.25,-0.113,0.01,0.97,False
0.8027972518154425,-0.4729108503304321,2.211360720147522,0.25,-0.113,0.01,0.97,False
0.25,-0.113,1.760512652856852,0.25,-0.113,0.01,0.975,False
0.4108276351112351,-0.1886248319186499,1.5784478484160442,0.25,-0.113,0.01,0.975,False
0.5594990687739912,-0.2678774906345483,1.5044420291324698,0.25,-0.113,0.01,0.975,False
0.6974373525066044,-0.3476763923839159,1.468692766425062,0.25,-0.113,0.01,0.975,False
0.8253615114376937,-0.4261751886428626,2.2920694794031595,0.25,-0.113,0.01,0.975,False
0.25,-0.113,1.78164019949607,0.25,-0.113,0.01,0.98,False
0.4121349828085823,-0.1758660747576102,1.6021677091437003,0.25,-0.113,0.01,0.98,False
0.5653754251654237,-0.2431867946962041,1.5229287932402182,0.25,-0.113,0.01,0.98,False
0.7109151637770598,-0.3119688928466457,1.4825813906579597,0.25,-0.113,0.01,0.98,False
0.8492044636445111,-0.3801585728207953,2.4126730041148097,0.25,-0.113,0.01,0.98,False
0.25,-0.113,1.8098761537905037,0.25,-0.113,0.01,0.985,False
0.4134514871839462,-0.1632214391160001,1.6358294837130423,0.25,-0.113,0.01,0.985,False
0.5713777471608412,-0.2187342917172703,1.5508060704011484,0.25,-0.113,0.01,0.985,False
0.7249142089505183,-0.2766988227190175,1.5046637075607678,0.25,-0.113,0.01,0.985,False
0.874413439091414,-0.3348868711056009,2.590574982421503,0.25,-0.113,0.01,0.985,False
0.25,-0.113,1.8473142938488873,0.25,-0.113,0.01,0.99,False
0.414777034769065,-0.1506892478660279,1.6842353522748676,0.25,-0.113,0.01,0.99,False
0.5775080421901302,-0.19451796224449,1.5937411346623918,0.25,-0.113,0.01,0.99,False
0.7394566024647276,-0.2418718453505663,1.5406250202144571,0.25,-0.113,0.01,0.99,False
0.9010840130620618,-0.2903893892027365,2.853662790118997,0.25,-0.113,0.01,0.99,False
0.25,-0.113,1.870360281607924,0.25,-0.113,0.01,0.9925,False
0.4154431644063178,-0.1444648042639016,1.7162709595424648,0.25,-0.113,0.01,0.9925,False
0.5806218186982568,-0.1824977728070086,1.6237802044253116,0.25,-0.113,0.01,0.9925,False
0.7469388308884092,-0.2246265617690798,1.5668771095842646,0.25,-0.113,0.01,0.9925,False
0.914999792523265,-0.2684411198447716,3.0305921575061023,0.25,-0.113,0.01,0.9925,False
0.25,-0.113,1.8968960526190008,0.25,-0.113,0.01,0.995,False
0.4161115124632354,-0.1382678584562494,1.7553383939463714,0.25,-0.113,0.01,0.995,False
0.5837683611294069,-0.1705359380453694,1.6619932511627007,0.25,-0.113,0.01,0.995,False
0.7545658078923005,-0.2074946370176588,1.601322652473793,0.25,-0.113,0.01,0.995,False
0.9293211225641352,-0.2466990349766289,3.248462753133846,0.25,-0.113,0.01,0.995,False
0.25,-0.113,1.9274896048213792,0.25,-0.113,0.01,0.9975,False
0.4167820648634546,-0.1320982103840208,1.803353022773216,0.25,-0.113,0.01,0.9975,False
0.586947933218171,-0.1586322482822655,1.7111516972208012,0.25,-0.113,0.01,0.9975,False
0.7623406996409609,-0.190477072664232,1.6470806169210483,0.25,-0.113,0.01,0.9975,False
0.9440627956097388,-0.2251678320615995,3.518814344419494,0.25,-0.113,0.01,0.9975,False
0.25,-9.913,1.414213562373293,0.25,-9.913,0.01,1.0,False
0.2499993535087958,-9.913000203397123,1.4142135623734686,0.25,-9.913,0.01,1.0,False
0.2499987330058905,-9.91300047604338,1.4142135623736882,0.25,-9.913,0.01,1.0,False
0.2499981458701555,-9.913000814687583,1.4142135623739416,0.25,-9.913,0.01,1.0,False
0.2499975990869147,-9.913001215305782,1.4142135623806384,0.25,-9.913,0.01,1.0,False
0.25,-9.913,1.4169509881899798,0.25,-9.913,0.01,1.01,False
0.2499993044635827,-9.890991411580314,1.4169858055793152,0.25,-9.913,0.01,1.01,False
0.2499986055427534,-9.868843227248838,1.4169858008388152,0.25,-9.913,0.01,1.01,False
0.249997911919023,-9.846695123228132,1.4169857955420653,0.25,-9.913,0.01,1.01,False
0.2499972326170925,-9.824547100243407,1.4578016389084256,0.25,-9.913,0.01,1.01,False
0.25,-9.913,1.424920908180458,0.25,-9.913,0.01,1.02,False
0.2499992559402426,-9.86941144980621,1.4250554087740834,0.25,-9.913,0.01,1.02,False
0.2499984762356466,-9.825549083402343,1.4250554348145754,0.25,-9.913,0.01,1.02,False
0.2499976688430062,-9.781686806576166,1.4250554590885067,0.25,-9.913,0.01,1.02,False
0.2499968428840676,-9.73782462594561,1.5782887701891088,0.25,-9.913,0.01,1.02,False
0.25,-9.913,1.4377363476449332,0.25,-9.913,0.01,1.03,False
0.2499992079337438,-9.848247906121514,1.4380276659826523,0.25,-9.913,0.01,1.03,False
0.2499983451051885,-9.783092983574972,1.4380277750716601,0.25,-9.913,0.01,1.03,False
0.2499974164763377,-9.717938154411556,1.4380278855095867,0.25,-9.913,0.01,1.03,False
0.2499964288928197,-9.652783431984483,1.7559710472314416,0.25,-9.913,0.01,1.03,False
0.25,-9.913,1.454989818468286,0.25,-9.913,0.01,1.04,False
0.2499991604390422,-9.82748884297639,1.4554869982493552,0.25,-9.913,0.01,1.04,False
0.2499982121729993,-9.741450827744249,1.4554872589965653,0.25,-9.913,0.01,1.04,False
0.2499971546591171,-9.655412903823528,1.4554875352725365,0.25,-9.913,0.01,1.04,False
0.249995989639557,-9.569375091807355,1.9721336178326268,0.25,-9.913,0.01,1.04,False
0.25,-9.913,1.476265944133826,0.25,-9.913,0.01,1.05,False
0.2499991134510827,-9.80712277477446,1.477009968524648,0.25,-9.913,0.01,1.05,False
0.2499980774616196,-9.700599431177436,1.4770104651052098,0.25,-9.913,0.01,1.05,False
0.249996883237369,-9.594076170527888,1.4770110108240095,0.25,-9.913,0.01,1.05,False
0.2499955241128356,-9.487553020788608,2.212733021111049,0.25,-9.913,0.01,1.05,False
0.25,-9.913,1.5011526478037238,0.25,-9.913,0.01,1.06,False
0.2499990669648027,-9.7871386466854,1.502176789734258,0.25,-9.913,0.01,1.06,False
0.2499979409944353,-9.660516481388758,1.5021776208822104,0.25,-9.913,0.01,1.06,False
0.2499966020630958,-9.53389438396932,1.5021785640363312,0.25,-9.913,0.01,1.06,False
0.2499950312946912,-9.407272389477908,2.4682648684196633,0.25,-9.913,0.01,1.06,False
0.25,-9.913,1.529250334766524,0.25,-9.913,0.01,1.07,False
0.2499990209751366,-9.767525814638615,1.530580739858793,0.25,-9.913,0.01,1.07,False
0.2499978027956082,-9.621180497502916,1.530582017757819,0.25,-9.913,0.01,1.07,False
0.2499963109943175,-9.474835226055704,1.530583510912848,0.25,-9.913,0.01,1.07,False
0.249994510161763,-9.328490041706235,2.7325213814188003,0.25,-9.913,0.01,1.07,False
0.25,-9.913,1.560178848360767,0.25,-9.913,0.01,1.08,False
0.2499989754770149,-9.748274026421484,1.5618352623381089,0.25,-9.913,0.01,1.08,False
0.2499976628900045,-9.582570791869768,1.5618371115106313,0.25,-9.913,0.01,1.08,False
0.2499960098950942,-9.41686757328947,1.561839331830294,0.25,-9.913,0.01,1.08,False
0.2499939596864037,-9.251164417234914,3.0014602365716803,0.25,-9.913,0.01,1.08,False
0.25,-9.913,1.5935822560725297,0.25,-9.913,0.01,1.09,False
0.249998930465367,-9.729373403811511,1.5955788192133484,0.25,-9.913,0.01,1.09,False
0.2499975213031307,-9.544667433785005,1.5955813754761505,0.25,-9.913,0.01,1.09,False
0.2499956986355432,-9.359961442077571,1.595584524677155,0.25,-9.913,0.01,1.09,False
0.2499933788377879,-9.175255478655847,3.272420695585088,0.25,-9.913,0.01,1.09,False
0.25,-9.913,1.629131706887432,0.25,-9.913,0.01,1.1,False
0.2499988859351286,-9.710814425677968,1.6314777546664685,0.25,-9.913,0.01,1.1,False
0.2499973780610719,-9.507451215184911,1.6314811641936167,0.25,-9.913,0.01,1.1,False
0.2499953770918409,-9.304087937019665,1.631485468495047,0.25,-9.913,0.01,1.1,False
0.2499927665829957,-9.10072464227428,3.5436247241560723,0.25,-9.913,0.01,1.1,False
0.25,-9.913,1.6665266961766385,0.25,-9.913,0.01,1.11,False
0.2499988418812355,-9.692587911990715,1.6692275230849547,0.25,-9.913,0.01,1.11,False
0.2499972331904304,-9.470903618188798,1.6692319415943908,0.25,-9.913,0.01,1.11,False
0.2499950451462196,-9.24921920198486,1.6692376517032979,0.25,-9.913,0.01,1.11,False
0.2499921218880997,-9.027534712720906,3.8138664439729113,0.25,-9.913,0.01,1.11,False
0.25,-9.913,1.7054950994362486,0.25,-9.913,0.01,1.12,False
0.2499987982986364,-9.674685008681491,1.7085526591234683,0.25,-9.913,0.01,1.12,False
0.2499970867182722,-9.435006784376334,1.708558251188614,0.25,-9.913,0.01,1.12,False
0.2499947026869494,-9.1953283738055,1.7085656423433604,0.25,-9.913,0.01,1.12,False
0.2499914437192141,-8.955649821063455,4.082318089816183,0.25,-9.913,0.01,1.12,False
0.25,-9.913,1.7457923145983252,0.25,-9.913,0.01,1.13,False
0.2499987551822826,-9.657097173303692,1.7492058424849213,0.25,-9.913,0.01,1.13,False
0.249996938672067,-9.399743485690928,1.7492127809624665,0.25,-9.913,0.01,1.13,False
0.2499943496083134,-9.14238953842438,1.749222153042293,0.25,-9.913,0.01,1.13,False
0.2499907310435381,-8.885035366198764,4.3484069465567865,0.25,-9.913,0.01,1.13,False
0.25,-9.913,1.7871998055701879,0.25,-9.913,0.01,1.14,False
0.2499987125271456,-9.639816161443038,1.7909663596119514,0.25,-9.913,0.01,1.14,False
0.2499967890796471,-9.365097096870114,1.7909748251700353,0.25,-9.913,0.01,1.14,False
0.2499939858105774,-9.090377689345642,1.790986502868291,0.25,-9.913,0.01,1.14,False
0.2499899828303756,-8.815657959325636,4.611735780242755,0.25,-9.913,0.01,1.14,False
0.25,-9.913,1.8295232830902846,0.25,-9.913,0.01,1.15,False
0.2499986703282037,-9.622834013832804,1.8336382047482382,0.25,-9.913,0.01,1.15,False
0.2499966379691489,-9.331051569310722,2.7237421017312733,0.25,-9.913,0.01,1.15,False
0.25,-9.913,1.8725907031839906,0.25,-9.913,0.01,1.16,False
0.2499986285804604,-9.606143044132294,1.8770480044939766,0.25,-9.913,0.01,1.16,False
0.2499964853689765,-9.297591406281647,2.8389815144776267,0.25,-9.913,0.01,1.16,False
0.25,-9.913,1.9162502140847937,0.25,-9.913,0.01,1.17,False
0.2499985872789253,-9.58973582732786,1.9210428986704795,0.25,-9.913,0.01,1.17,False
0.2499963313077426,-9.264701639404464,2.95378598635088,0.25,-9.913,0.01,1.17,False
0.25,-9.913,1.960368141717347,0.25,-9.913,0.01,1.18,False
0.2499985464186397,-9.573605188720975,1.9654884682699638,0.25,-9.913,0.01,1.18,False
0.2499961758142495,-9.23236780632679,3.067962182556578,0.25,-9.913,0.01,1.18,False
0.25,-9.913,2.0048270719701042,0.25,-9.913,0.01,1.19,False
0.2499985059946621,-9.557744193468368,2.0102667685769933,0.25,-9.913,0.01,1.19,False
0.2499960189174327,-9.200575929517887,3.1813566299915017,0.25,-9.913,0.01,1.19,False
0.25,-9.913,2.049524064129178,0.25,-9.913,0.01,1.2,False
0.2499984660020766,-9.542146136641875,2.0552745012224634,0.25,-9.913,0.01,1.2,False
0.2499958606463306,-9.169312496122146,3.2938478085073943,0.25,-9.913,0.01,1.2,False
0.25,-0.113,1.7564654366902306,0.25,-0.113,0.01,0.905,True
0.3974252974435793,-0.3452418725146173,1.5643552391614177,0.25,-0.113,0.01,0.905,True
0.5002025176665467,-0.5898637450680008,1.5029014363901405,0.25,-0.113,0.01,0.905,True
0.570665658004566,-0.8310173724699688,1.4779300175690238,0.25,-0.113,0.01,0.905,True
0.6188496215483328,-1.0685524758234544,2.419381149649117,0.25,-0.113,0.01,0.905,True
0.25,-0.113,1.8493210164398297,0.25,-0.113,0.015,0.905,True
0.3905551624690943,-0.4423937488678762,1.6495355846713338,0.25,-0.113,0.015,0.905,True
0.4733178218611111,-0.793232469918097,1.5822160089616144,0.25,-0.113,0.015,0.905,True
0.5210111685201092,-1.140829175853899,1.5551392505767092,0.25,-0.113,0.015,0.905,True
0.5487825892843723,-1.4855095937683982,3.091051122986611,0.25,-0.113,0.015,0.905,True
0.25,-0.113,1.9724945623997612,0.25,-0.113,0.02,0.905,True
0.384941344591783,-0.5342820869463231,1.7756055217473758,0.25,-0.113,0.02,0.905,True
0.4530609860425009,-0.9884919498773246,1.7053278635637759,0.25,-0.113,0.02,0.905,True
0.4867904430117226,-1.4408702094600168,1.6781631191091826,0.25,-0.113,0.02,0.905,True
0.5040840072545523,-1.891660587051188,3.954852459024889,0.25,-0.113,0.02,0.905,True
0.25,-0.113,2.1150958021122905,0.25,-0.113,0.025,0.905,True
0.3802833542477077,-0.621850448647716,1.9338508119555187,0.25,-0.113,0.025,0.905,True
0.4374545489485987,-1.1769763642221935,1.865243658609667,0.25,-0.113,0.025,0.905,True
0.4623017335435336,-1.7325395617171973,1.8405323273622747,0.25,-0.113,0.025,0.905,True
0.4738576148482122,-2.288318729648231,4.917679634734629,0.25,-0.113,0.025,0.905,True
0.25,-0.113,2.270637080550021,0.25,-0.113,0.03,0.905,True
0.3763746529240881,-0.7057377881627368,2.116535257184939,0.25,-0.113,0.03,0.905,True
0.4252066529726205,-1.359632763554964,2.0537627821224973,0.25,-0.113,0.03,0.905,True
0.4442009708354696,-2.0169582537483373,2.033674806663124,0.25,-0.113,0.03,0.905,True
0.4523926421565685,-2.67671947605608,5.9297105385495845,0.25,-0.113,0.03,0.905,True
0.25,-0.113,2.4346541967956417,0.25,-0.113,0.035,0.905,True
0.373065458044631,-0.786412271787923,2.3170461722187716,0.25,-0.113,0.035,0.905,True
0.4154383361625591,-1.5371762826234283,2.263397880267038,0.25,-0.113,0.035,0.905,True
0.4304366174483353,-2.2950116241413374,2.249680564961749,0.25,-0.113,0.035,0.905,True
0.436513969968935,-3.057862730974835,6.964829832625945,0.25,-0.113,0.035,0.905,True
0.25,-0.113,2.6039629787615595,0.25,-0.113,0.04,0.905,True
0.3702433170596847,-0.8642346108802458,2.5301610872983025,0.25,-0.113,0.04,0.905,True
0.4075344604507251,-1.7101671882255287,2.4881976409252085,0.25,-0.113,0.04,0.905,True
0.4197057903473066,-2.56739977883217,2.4822609786493763,0.25,-0.113,0.04,0.905,True
0.4243661112367614,-3.432531725543682,8.008997402876904,0.25,-0.113,0.04,0.905,True
0.25,-0.113,2.7762749898906955,0.25,-0.113,0.045,0.905,True
0.3678216873775015,-0.9394926605323386,2.751958220693441,0.25,-0.113,0.045,0.905,True
0.4010550706464359,-1.879055774739244,2.7237359430541357,0.25,-0.113,0.045,0.905,True
0.411156225430438,-2.8346815324833456,2.7267172198843674,0.25,-0.113,0.045,0.905,True
0.4148144779884836,-3.801341289021886,9.054340237882283,0.25,-0.113,0.045,0.905,True
0.25,-0.113,2.9499441874507935,0.25,-0.113,0.05,0.905,True
0.365732697391159,-1.0124222007847208,2.979570671918889,0.25,-0.113,0.05,0.905,True
0.39567981525953,-2.0442111067368613,2.9668078653300594,0.25,-0.113,0.05,0.905,True
0.4042152876691346,-3.0973087367704184,2.979612353179346,0.25,-0.113,0.05,0.905,True
0.4071355025740767,-4.164781153531371,10.096244092676761,0.25,-0.113,0.05,0.905,True
0.25,-0.113,4.613170177624713,0.25,-0.113,0.1,0.905,True
0.3550002078573127,-1.6461095652465878,5.310935387394384,0.25,-0.113,0.1,0.905,True
0.3703668646695825,-3.5404599953131743,5.510637001085332,0.25,-0.113,0.1,0.905,True
0.3729746974152533,-5.526776580525845,5.642253258643448,0.25,-0.113,0.1,0.905,True
0.3735689047677781,-7.567234554684993,20.02310102356096,0.25,-0.113,0.1,0.905,True
0.25,-0.113,7.282227515713586,0.25,-0.113,0.2,0.905,True
0.3507343132679945,-2.6030746380139056,9.564478558467695,0.25,-0.113,0.2,0.905,True
0.3592311134796785,-6.000654408468915,10.299600181317208,0.25,-0.113,0.2,0.905,True
0.360507357813003,-9.678519862941169,10.704461959098328,0.25,-0.113,0.2,0.905,True
0.3611399237914958,-13.510425686423838,37.134023862186076,0.25,-0.113,0.2,0.905,True
0.25,-0.113,9.33030500419186,0.25,-0.113,0.3,0.905,True
0.3504448605230151,-3.332960929136446,13.224623782555076,0.25,-0.113,0.3,0.905,True
0.3571886712480841,-8.029258038927328,14.543831568509447,0.25,-0.113,0.3,0.905,True
0.3588484909090919,-13.223512777791818,15.263965520315395,0.25,-0.113,0.3,0.905,True
0.3598398242805354,-18.69245108206965,51.65868826901371,0.25,-0.113,0.3,0.905,True
0.25,-0.113,10.995211351702388,0.25,-0.113,0.4,0.905,True
0.3506676794735732,-3.92639862306459,16.429603646445862,0.25,-0.113,0.4,0.905,True
0.3570664944412809,-9.770850987033992,18.360913427093447,0.25,-0.113,0.4,0.905,True
0.3592470352947227,-16.347311759321258,19.426103531509877,0.25,-0.113,0.4,0.905,True
0.3605926369227256,-23.33361391821431,64.41668491680876,0.25,-0.113,0.4,0.905,True
0.25,-0.113,12.400020069786208,0.25,-0.113,0.5,0.905,True
0.3508956101637147,-4.426605750274888,19.285146802791836,0.25,-0.113,0.5,0.905,True
0.3574560283929011,-11.301428785537835,21.84296691602118,0.25,-0.113,0.5,0.905,True
0.360138969222387,-19.15137689156395,23.27252797771706,0.25,-0.113,0.5,0.905,True
0.3618215440730957,-27.556295258744,75.86546340509688,0.25,-0.113,0.5,0.905,True
0.25,-0.113,13.61552477098342,0.25,-0.113,0.6,0.905,True
0.351043526375516,-4.858463922123688,21.864394193425404,0.25,-0.113,0.6,0.905,True
0.3579510459164571,-12.668261781192347,25.053636200349988,0.25,-0.113,0.6,0.905,True
0.3610974395598497,-21.700588739239866,26.860100155517213,0.25,-0.113,0.6,0.905,True
0.3630967232906884,-31.43985253184749,86.29262498515847,0.25,-0.113,0.6,0.905,True
0.25,-0.113,14.68655121361751,0.25,-0.113,0.7,0.905,True
0.3511074205383521,-5.237863772036978,24.21925942422274,0.25,-0.113,0.7,0.905,True
0.3584172122334461,-13.903462093284796,28.03870655246706,0.25,-0.113,0.7,0.905,True
0.3619860361429358,-24.040110039987976,30.23007463943397,0.25,-0.113,0.7,0.905,True
0.3642808772772853,-35.040267388136854,95.89424637192337,0.25,-0.113,0.7,0.905,True
0.25,-0.113,15.643471715710715,0.25,-0.113,0.8,0.905,True
0.3510993857550116,-5.575660322642505,26.38789518704915,0.25,-0.113,0.8,0.905,True
0.3588103753853536,-15.030118258867551,30.832461582519226,0.25,-0.113,0.8,0.905,True
0.3627622092966966,-26.20314351520172,33.413598591960344,0.25,-0.113,0.8,0.905,True
0.3653315487978927,-38.39922224794463,104.81158303239297,0.25,-0.113,0.8,0.905,True
0.25,-0.113,16.507901359778653,0.25,-0.113,0.9,0.905,True
0.3510330242126948,-5.879632416347176,28.399215776365835,0.25,-0.113,0.9,0.905,True
0.3591196924146919,-16.06551473743048,33.46140342014596,0.25,-0.113,0.9,0.905,True
0.3634176665574593,-28.215058732037587,36.43494668715111,0.25,-0.113,0.9,0.905,True
0.3662410519760338,-41.54895131173087,113.15054595555584,0.25,-0.113,0.9,0.905,True
0.25,-0.113,17.29580636528921,0.25,-0.113,1.0,0.905,True
0.3509201889316525,-6.15555968705004,30.275702040402116,0.25,-0.113,1.0,0.905,True
0.3593471381522188,-17.022991709375717,35.946541935312595,0.25,-0.113,1.0,0.905,True
0.3639571583941131,-30.095808185618797,39.31351855331509,0.25,-0.113,1.0,0.905,True
0.3670150126339268,-44.51509583373584,120.99300008386301,0.25,-0.113,1.0,0.905,True
0.25,-0.113,2.491317835000449,0.25,-0.113,0.01,0.75,True
0.369860008856755,-0.8098014437450547,2.282241263524588,0.25,-0.113,0.01,0.75,True
0.4104026057370595,-1.533843758218235,2.212074122308432,0.25,-0.113,0.01,0.75,True
0.425156198370355,-2.254220356484493,2.1888083506508953,0.25,-0.113,0.01,0.75,True
0.4313100676543099,-2.9738700139397247,6.853644370126102,0.25,-0.113,0.01,0.75,True
0.25,-0.113,2.4154203238376217,0.25,-0.113,0.01,0.76,True
0.3713966216565235,-0.7746061267426978,2.2028491843382003,0.25,-0.113,0.01,0.76,True
0.4145017379835713,-1.462164758461761,2.1313945624053194,0.25,-0.113,0.01,0.76,True
0.4307416123051927,-2.14575848510481,2.1069355505392595,0.25,-0.113,0.01,0.76,True
0.4376667090616861,-2.828226792837983,6.440897875276509,0.25,-0.113,0.01,0.76,True
0.25,-0.113,2.343670125126152,0.25,-0.113,0.01,0.77,True
0.3729706682159766,-0.7402552960100787,2.1283247107522616,0.25,-0.113,0.01,0.77,True
0.4188013167811814,-1.3922365161462564,2.055857497842474,0.25,-0.113,0.01,0.77,True
0.4366966120719092,-2.0400034277827555,2.0303638786296734,0.25,-0.113,0.01,0.77,True
0.444503056118531,-2.686277981343569,6.044261448161047,0.25,-0.113,0.01,0.77,True
0.25,-0.113,2.276013211122719,0.25,-0.113,0.01,0.78,True
0.3745812316743186,-0.7067169559147148,2.0586274085554,0.25,-0.113,0.01,0.78,True
0.4233085828792338,-1.323989982504785,1.9854317112595254,0.25,-0.113,0.01,0.78,True
0.4430487422763761,-1.9368466899838384,1.9590633463182248,0.25,-0.113,0.01,0.78,True
0.4518663613828392,-2.547875576806842,5.66375992774694,0.25,-0.113,0.01,0.78,True
0.25,-0.113,2.212396425387849,0.25,-0.113,0.01,0.79,True
0.376227395990316,-0.6739607417976751,1.9937115796081557,0.25,-0.113,0.01,0.79,True
0.4280308512139472,-1.2573598273979,1.9200801983008104,0.25,-0.113,0.01,0.79,True
0.449827542029554,-1.8361856515531243,1.8929983100706462,0.25,-0.113,0.01,0.79,True
0.4598094074447845,-2.4128793231539745,5.299498179927281,0.25,-0.113,0.01,0.79,True
0.25,-0.113,2.152767124264067,0.25,-0.113,0.01,0.8,True
0.377908246975711,-0.6419578176068135,1.9335238930002183,0.25,-0.113,0.01,0.8,True
0.4329754975381633,-1.192284232121858,1.859756424951736,0.25,-0.113,0.01,0.8,True
0.4570646261819118,-1.7379233242459722,1.8321236554353815,0.25,-0.113,0.01,0.8,True
0.468391083394418,-2.2811564454949584,4.951667355061136,0.25,-0.113,0.01,0.8,True
0.25,-0.113,2.097073039268723,0.25,-0.113,0.01,0.81,True
0.3796228732979761,-0.6106807811095478,1.8780012042724656,0.25,-0.113,0.01,0.81,True
0.4381499460827401,-1.1287046990311338,1.8044005200315962,0.25,-0.113,0.01,0.81,True
0.4647937682742449,-1.6419681468219465,1.7763806919436742,0.25,-0.113,0.01,0.81,True
0.4776770095916936,-2.152581460997424,4.620550889580291,0.25,-0.113,0.01,0.81,True
0.25,-0.113,2.045262460114769,0.25,-0.113,0.01,0.82,True
0.3813703674465779,-0.5801035760413094,1.8270687287876952,0.25,-0.113,0.01,0.82,True
0.4435616584124595,-1.06656587667563,1.753935629758974,0.25,-0.113,0.01,0.82,True
0.4730509865155259,-1.5482338173942565,1.725692948153819,0.25,-0.113,0.01,0.82,True
0.4877402158918249,-2.0270360720779093,4.3065296824172945,0.25,-0.113,0.01,0.82,True
0.25,-0.113,1.9972848736005937,0.25,-0.113,0.01,0.83,True
0.3831498266582594,-0.5502014106072609,1.7806387728600026,0.25,-0.113,0.01,0.83,True
0.4492181236407281,-1.0058153992839265,1.7082647167507885,0.25,-0.113,0.01,0.83,True
0.4818746345582677,-1.4566391631655284,1.679962130752536,0.25,-0.113,0.01,0.83,True
0.4986618802931801,-1.904409150066316,4.010085621027016,0.25,-0.113,0.01,0.83,True
0.25,-0.113,1.9530922430269448,0.25,-0.113,0.01,0.84,True
0.3849603537978783,-0.5209506818099098,1.7386102684425484,0.25,-0.113,0.01,0.84,True
0.4551268501690919,-0.946403739540935,1.667268132334718,0.25,-0.113,0.01,0.84,True
0.491305499394117,-1.3671080481185496,1.6390645797664742,0.25,-0.113,0.01,0.84,True
0.5105321375275416,-1.784596819905388,3.731802308600029,0.25,-0.113,0.01,0.84,True
0.25,-0.113,1.912641183752943,0.25,-0.113,0.01,0.85,True
0.3868010581923217,-0.4923289051244651,1.7008694105526811,0.25,-0.113,0.01,0.85,True
0.461295359120065,-0.8882840737123155,1.6308023270441647,0.25,-0.113,0.01,0.85,True
0.5013869093547941,-1.27956931966794,1.6028486048757893,0.25,-0.113,0.01,0.85,True
0.5234509706532019,-1.6675026591939408,3.472361497923832,0.25,-0.113,0.01,0.85,True
0.25,-0.113,1.8758963956181922,0.25,-0.113,0.01,0.86,True
0.3886710564158411,-0.4643146490879563,1.6672917757965344,0.25,-0.113,0.01,0.86,True
0.4677311796351271,-0.831412158261089,1.5987000963247808,0.25,-0.113,0.01,0.86,True
0.5121648559969761,-1.1939567957153303,1.5711331218224367,0.25,-0.113,0.01,0.86,True
0.5375292035661885,-1.5530380279983342,3.232533511727534,0.25,-0.113,0.01,0.86,True
0.25,-0.113,1.8428358732119159,0.25,-0.113,0.01,0.87,True
0.3905694730257801,-0.4368874744077315,1.6377464341799342,0.25,-0.113,0.01,0.87,True
0.4744418462140983,-0.7757462171845699,1.5707728087616648,0.25,-0.113,0.01,0.87,True
0.5236881346003448,-1.1102092939816934,1.5437080313788456,0.25,-0.113,0.01,0.87,True
0.5528896189420397,-1.4411225493428506,3.0131601671797577,0.25,-0.113,0.01,0.87,True
0.25,-0.113,1.813458665564266,0.25,-0.113,0.01,0.88,True
0.39249544124832,-0.410027877230617,1.6121028088671447,0.25,-0.113,0.01,0.88,True
0.4814348982779607,-0.721246839373663,1.5468151806439332,0.25,-0.113,0.01,0.88,True
0.5360085091478157,-1.0282707059099114,1.5203368277500167,0.25,-0.113,0.01,0.88,True
0.5696682350218993,-1.331684764105342,2.8151301203543224,0.25,-0.113,0.01,0.88,True
0.25,-0.113,1.7877963576412792,0.25,-0.113,0.01,0.89,True
0.3944481036143402,-0.3837172362460172,1.590241489897343,0.25,-0.113,0.01,0.89,True
0.488717882144477,-0.6678768853620871,1.5266134374637923,0.25,-0.113,0.01,0.89,True
0.5491809090249841,-0.9480901178248916,1.500762061414718,0.25,-0.113,0.01,0.89,True
0.5880157865992749,-1.2246629880690012,2.639350355181246,0.25,-0.113,0.01,0.89,True
0.25,-0.113,1.765930100674039,0.25,-0.113,0.01,0.9,True
0.3964266125458819,-0.3579377633251531,1.572071057673954,0.25,-0.113,0.01,0.9,True
0.4962983556150835,-0.6156014028915644,1.5099583213951357,0.25,-0.113,0.01,0.9,True
0.5632636663198815,-0.8696219823913853,1.4847146639221391,0.25,-0.113,0.01,0.9,True
0.6080994715146391,-1.1200064028723031,2.4867257726817433,0.25,-0.113,0.01,0.9,True
0.25,-0.113,1.7480161100540967,0.25,-0.113,0.01,0.91,True
0.3984301308940587,-0.3326724574246658,1.5575545921529945,0.25,-0.113,0.01,0.91,True
0.5041838953826868,-0.5643875507705135,1.496665727415622,0.25,-0.113,0.01,0.91,True
0.5783188045836639,-0.7928263436932501,1.471929081842499,0.25,-0.113,0.01,0.91,True
0.6301050451923341,-1.0176764161098208,2.3581744880252202,0.25,-0.113,0.01,0.91,True
0.25,-0.113,1.7343244101774853,0.25,-0.113,0.01,0.92,True
0.4004578324295517,-0.3079050615063459,1.5467526969174963,0.25,-0.113,0.01,0.92,True
0.5123821074835403,-0.5142045305494101,1.4866105535148069,0.25,-0.113,0.01,0.92,True
0.5944123922993754,-0.7176691194371336,1.4621683495979496,0.25,-0.113,0.01,0.92,True
0.6542393739149066,-0.9176483281117276,2.254734089224227,0.25,-0.113,0.01,0.92,True
0.25,-0.113,1.7252988530895432,0.25,-0.113,0.01,0.93,True
0.4025089022870222,-0.2836200222459756,1.5398961974143357,0.25,-0.113,0.01,0.93,True
0.5209006410323533,-0.4650235255757883,1.4797853921342032,0.25,-0.113,0.01,0.93,True
0.6116149771880928,-0.6441224438075859,1.4552682700397341,0.25,-0.113,0.01,0.93,True
0.6807335947827722,-0.8199133427308098,2.177862277779427,0.25,-0.113,0.01,0.93,True
0.25,-0.113,1.7216522574847304,0.25,-0.113,0.01,0.94,True
0.4045825373649674,-0.2598024523235889,1.5375149120666631,0.25,-0.113,0.01,0.94,True
0.5297472054987545,-0.4168176470267028,1.4764092439342804,0.25,-0.113,0.01,0.94,True
0.6300021209672105,-0.5721650743020169,1.4512218535268548,0.25,-0.113,0.01,0.94,True
0.7098470794463085,-0.724480954827239,2.13012436708666,0.25,-0.113,0.01,0.94,True
0.25,-0.113,1.7245212579071412,0.25,-0.113,0.01,0.95,True
0.4066779466826775,-0.2364380951047907,1.5406780210822029,0.25,-0.113,0.01,0.95,True
0.53892959180533,-0.3695618865461956,1.4771436200921266,0.25,-0.113,0.01,0.95,True
0.6496550583961842,-0.5017828653615389,1.450355243956225,0.25,-0.113,0.01,0.95,True
0.7418724633086695,-0.63138173500183,2.1166438645283865,0.25,-0.113,0.01,0.95,True
0.25,-0.113,1.7289307576375272,0.25,-0.113,0.01,0.955,True
0.4077335728927859,-0.2249215803250275,1.5449287443671385,0.25,-0.113,0.01,0.955,True
0.5436491812021659,-0.3462829894220105,1.4794842738261327,0.25,-0.113,0.01,0.955,True
0.6599833330246824,-0.4671800982224988,1.4513966669343858,0.25,-0.113,0.01,0.955,True
0.7590792107391439,-0.5857231539689919,2.1257357549924034,0.25,-0.113,0.01,0.955,True
0.25,-0.113,1.7357259631549957,0.25,-0.113,0.01,0.96,True
0.4087943516960497,-0.2135132915386927,1.5514696100531413,0.25,-0.113,0.01,0.96,True
0.5484556975530973,-0.3232330751407288,1.4835554715049446,0.25,-0.113,0.01,0.96,True
0.6706615095611153,-0.4329693106668452,1.4537276005238338,0.25,-0.113,0.01,0.96,True
0.7771420865235423,-0.5406705077937897,2.1481126651832207,0.25,-0.113,0.01,0.96,True
0.25,-0.113,1.745314450951368,0.25,-0.113,0.01,0.965,True
0.4098601877630335,-0.2022116096438406,1.5608818405793485,0.25,-0.113,0.01,0.965,True
0.5533501495963772,-0.3004095292088867,1.4898674100856284,0.25,-0.113,0.01,0.965,True
0.6817017303892025,-0.3991509833341609,1.4577542380122417,0.25,-0.113,0.01,0.965,True
0.7961101983871702,-0.4962350178611089,2.187014849776536,0.25,-0.113,0.01,0.965,True
0.25,-0.113,1.7582202118185617,0.25,-0.113,0.01,0.97,True
0.4109309865740955,-0.1910149491122813,1.5739936962292278,0.25,-0.113,0.01,0.97,True
0.5583335567098284,-0.2778098480063828,1.4991945105435993,0.25,-0.113,0.01,0.97,True
0.6931166805572739,-0.3657261544269558,1.4641277450531924,0.25,-0.113,0.01,0.97,True
0.816036303405224,-0.4524298759162461,2.2471926927230017,0.25,-0.113,0.01,0.97,True
0.25,-0.113,1.7751214313251575,0.25,-0.113,0.01,0.975,True
0.4120066544259964,-0.179921757121644,1.5920024541787543,0.25,-0.113,0.01,0.975,True
0.563406950109002,-0.2554316379901058,1.51273078306445,0.25,-0.113,0.01,0.975,True
0.7049196324421374,-0.3326964424139755,1.473904822286523,0.25,-0.113,0.01,0.975,True
0.8369772137132662,-0.4092703635945564,2.335663440897937,0.25,-0.113,0.01,0.975,True
0.25,-0.113,1.7969026797419212,0.25,-0.113,0.01,0.98,True
0.4130870984379978,-0.1689305127141497,1.6166694599875544,0.25,-0.113,0.01,0.98,True
0.5685713741305416,-0.23327261497851,1.5323564234183171,0.25,-0.113,0.01,0.98,True
0.7171244952665672,-0.300064069642037,1.4888350919047881,0.25,-0.113,0.01,0.98,True
0.858994259672356,-0.366773969475794,2.4629114041869755,0.25,-0.113,0.01,0.98,True
0.25,-0.113,1.8247279616099912,0.25,-0.113,0.01,0.985,True
0.4141722265574081,-0.1580397259811219,1.6506409721367752,0.25,-0.113,0.01,0.985,True
0.5738278876043229,-0.2113306035148945,1.561111895529074,0.25,-0.113,0.01,0.985,True
0.7297458699827455,-0.2678318867675029,1.5118953324682987,0.25,-0.113,0.01,0.985,True
0.8821538188378613,-0.3249605000149645,2.644868555717663,0.25,-0.113,0.01,0.985,True
0.25,-0.113,1.860144481384356,0.25,-0.113,0.01,0.99,True
0.4152619475646329,-0.1472479372723443,1.6979933677731176,0.25,-0.113,0.01,0.99,True
0.5791775653182034,-0.189603536307168,1.604076265901196,0.25,-0.113,0.01,0.99,True
0.7427991100864999,-0.2360033978925455,1.5483261141031361,0.25,-0.113,0.01,0.99,True
0.9065279202055136,-0.2838521796046032,2.906368126379651,0.25,-0.113,0.01,0.99,True
0.25,-0.113,1.8813233230073005,0.25,-0.113,0.01,0.9925,True
0.4158085021239799,-0.1418887191209951,1.728575288252171,0.25,-0.113,0.01,0.9925,True
0.5818876813820996,-0.1788199902256674,1.6334219381080233,0.25,-0.113,0.01,0.9925,True
0.7494926998333293,-0.2202418187283036,1.5742924582792275,0.25,-0.113,0.01,0.9925,True
0.9191946465026766,-0.263570077486064,3.078625378295232,0.25,-0.113,0.01,0.9925,True
0.25,-0.113,1.9052325442407656,0.25,-0.113,0.01,0.995,True
0.4163561710777187,-0.1365537164293596,1.7651958813552644,0.25,-0.113,0.01,0.995,True
0.5846214995794157,-0.1680894537419054,1.670075089847437,0.25,-0.113,0.01,0.995,True
0.7563003889849453,-0.204582786260874,1.6077452121879794,0.25,-0.113,0.01,0.995,True
0.932194934455282,-0.2434737336634311,3.287628636274118,0.25,-0.113,0.01,0.995,True
0.25,-0.113,1.9322515711599708,0.25,-0.113,0.01,0.9975,True
0.4169049432596562,-0.1312427549137293,1.8093268310972772,0.25,-0.113,0.01,0.9975,True
0.5873791594586564,-0.1574116986611056,1.7162935018248018,0.25,-0.113,0.01,0.9975,True
0.7632243395663663,-0.1890269337900698,1.6513074542291704,0.25,-0.113,0.01,0.9975,True
0.9455397005812152,-0.2235666392002982,3.54296516552812,0.25,-0.113,0.01,0.9975,True
0.25,-9.913,1.414213562373293,0.25,-9.913,0.01,1.0,True
0.2499993535087958,-9.913000203397123,1.4142135623734686,0.25,-9.913,0.01,1.0,True
0.2499987330058905,-9.91300047604338,1.4142135623736882,0.25,-9.913,0.01,1.0,True
0.2499981458701555,-9.913000814687583,1.4142135623739416,0.25,-9.913,0.01,1.0,True
0.2499975990869147,-9.913001215305782,1.4142135623806384,0.25,-9.913,0.01,1.0,True
0.25,-9.913,1.4162468973780578,0.25,-9.913,0.01,1.01,True
0.2499993108717012,-9.894034188594707,1.4166402245229173,0.25,-9.913,0.01,1.01,True
0.2499986181727857,-9.873313670130466,1.416718323773012,0.25,-9.913,0.01,1.01,True
0.2499979315642256,-9.852262126477155,1.4167593195432153,0.25,-9.913,0.01,1.01,True
0.2499972599948381,-9.831038908150555,1.451717764591438,0.25,-9.913,0.01,1.01,True
0.25,-9.913,1.4221725984420799,0.25,-9.913,0.01,1.02,True
0.2499992686891849,-9.875437763784054,1.4237073024015896,0.25,-9.913,0.01,1.02,True
0.249998501940134,-9.834402615415296,1.4240120719640381,0.25,-9.913,0.01,1.02,True
0.2499977097419768,-9.79271190558597,1.424172058383447,0.25,-9.913,0.01,1.02,True
0.2499969011773707,-9.75068117035109,1.556139229922106,0.25,-9.913,0.01,1.02,True
0.25,-9.913,1.4317186077637498,0.25,-9.913,0.01,1.03,True
0.249999226955889,-9.857200230334298,1.435078349078814,0.25,-9.913,0.01,1.03,True
0.2499983843306918,-9.79624478674936,1.4357454007550616,0.25,-9.913,0.01,1.03,True
0.2499974803052835,-9.734315607025916,1.4360955378429539,0.25,-9.913,0.01,1.03,True
0.2499965219112986,-9.671881337142588,1.711793775642185,0.25,-9.913,0.01,1.03,True
0.25,-9.913,1.4446041015620816,0.25,-9.913,0.01,1.04,True
0.2499991856664914,-9.839311298584697,1.4504023203433138,0.25,-9.913,0.01,1.04,True
0.2499982653677119,-9.758818522688095,1.451552970684345,0.25,-9.913,0.01,1.04,True
0.2499972431611745,-9.67704001174931,1.4521568633836972,0.25,-9.913,0.01,1.04,True
0.2499961214725936,-9.594594535760688,1.903198359781097,0.25,-9.913,0.01,1.04,True
0.25,-9.913,1.4605456708938982,0.25,-9.913,0.01,1.05,True
0.249999144815709,-9.821761068488406,1.4693230343991797,0.25,-9.913,0.01,1.05,True
0.249998145074885,-9.722102984486977,1.4710637155138226,0.25,-9.913,0.01,1.05,True
0.2499969982218088,-9.620853163637138,1.4719770982887952,0.25,-9.913,0.01,1.05,True
0.2499956991372321,-9.518777600238604,2.1181755806173426,0.25,-9.913,0.01,1.05,True
0.25,-9.913,1.479262834668311,0.25,-9.913,0.01,1.06,True
0.2499991043982957,-9.804540011345155,1.4914875732519026,0.25,-9.913,0.01,1.06,True
0.2499980234762866,-9.686078117411816,1.493909898961383,0.25,-9.913,0.01,1.06,True
0.2499967454044452,-9.565724310047028,1.4951806750597605,0.25,-9.913,0.01,1.06,True
0.2499952541820088,-9.44438899101968,2.348121744809062,0.25,-9.913,0.01,1.06,True
0.25,-9.913,1.5004826734613061,0.25,-9.913,0.01,1.07,True
0.2499990644090484,-9.787638952552378,1.516553245426227,0.25,-9.913,0.01,1.07,True
0.2499979005963278,-9.650724614211898,1.5197345995711984,0.25,-9.913,0.01,1.07,True
0.249996484631406,-9.511623845688169,1.5214031617952628,0.25,-9.913,0.01,1.07,True
0.2499947858853271,-9.371388719071254,2.5872152345596446,0.25,-9.913,0.01,1.07,True
0.25,-9.913,1.523943489655328,0.25,-9.913,0.01,1.08,True
0.2499990248428016,-9.771049055308923,1.544192953541416,0.25,-9.913,0.01,1.08,True
0.2499977764597016,-9.616023880616462,1.5481974530569529,0.25,-9.913,0.01,1.08,True
0.2499962158300338,-9.458523259608254,1.5502972052733988,0.25,-9.913,0.01,1.08,True
0.2499942935279766,-9.29973827420801,2.831557316365378,0.25,-9.913,0.01,1.08,True
0.25,-9.913,1.5493974968222406,0.25,-9.913,0.01,1.09,True
0.2499989856944305,-9.754761805214116,1.574098992191101,0.25,-9.913,0.01,1.09,True
0.2499976510913392,-9.581958002724866,1.5789786847097023,0.25,-9.913,0.01,1.09,True
0.2499959389326335,-9.406395085092646,1.5815366875641723,0.25,-9.913,0.01,1.09,True
0.2499937763938759,-9.229400557355136,3.078523532033486,0.25,-9.913,0.01,1.09,True
0.25,-9.913,1.5766126118999781,0.25,-9.913,0.01,1.1,True
0.2499989469588578,-9.738768995738088,1.6059854271626959,0.25,-9.913,0.01,1.1,True
0.2499975245163734,-9.54850971617013,1.611781603282562,0.25,-9.913,0.01,1.1,True
0.2499956538764256,-9.355212852291062,1.6148192791113338,0.25,-9.913,0.01,1.1,True
0.2499932337708153,-9.160339816500915,3.326327212909592,0.25,-9.913,0.01,1.1,True
0.25,-9.913,1.6053734665009762,0.25,-9.913,0.01,1.11,True
0.2499989086310436,-9.723062714842856,1.6395892777173502,0.25,-9.913,0.01,1.11,True
0.2499973967600872,-9.515662376944814,1.6463338036801016,0.25,-9.913,0.01,1.11,True
0.2499953606034744,-9.304951043400404,1.6498676502574823,0.25,-9.913,0.01,1.11,True
0.2499926649511559,-9.092521586106688,3.5737367851757926,0.25,-9.913,0.01,1.11,True
0.25,-9.913,1.6354817673249218,0.25,-9.913,0.01,1.12,True
0.2499988707059929,-9.707635335963197,1.6746707548842978,0.25,-9.913,0.01,1.12,True
0.2499972678478814,-9.48339993376943,1.6823873507070481,0.25,-9.913,0.01,1.12,True
0.2499950590606197,-9.2555850502434,1.6864296281972253,0.25,-9.913,0.01,1.12,True
0.2499920692325103,-9.0259126297576,3.8198938662739383,0.25,-9.913,0.01,1.12,True
0.25,-9.913,1.6667560761025628,0.25,-9.913,0.01,1.13,True
0.2499988331787758,-9.692479544335692,1.7110128696601818,0.25,-9.913,0.01,1.13,True
0.2499971378052411,-9.451706900567952,1.7197182026544202,0.25,-9.913,0.01,1.13,True
0.2499947491994159,-9.207091134126856,1.7242775742524892,0.25,-9.913,0.01,1.13,True
0.2499914459184198,-8.960480885854398,4.0641952888483805,0.25,-9.913,0.01,1.13,True
0.25,-9.913,1.699030478839615,0.25,-9.913,0.01,1.14,True
0.2499987960446378,-9.677588685311722,1.7484215856539544,0.25,-9.913,0.01,1.14,True
0.249997006657432,-9.420568216817424,1.7581247827070892,0.25,-9.913,0.01,1.14,True
0.2499944309761575,-9.159446411172697,1.763207289298779,0.25,-9.913,0.01,1.14,True
0.2499907943189289,-8.896195411622509,4.306215494225539,0.25,-9.913,0.01,1.14,True
0.25,-9.913,1.7321461137860283,0.25,-9.913,0.01,1.15,True
0.2499987593002368,-9.662960006471623,1.7867549913681937,0.25,-9.913,0.01,1.15,True
0.2499968744076005,-9.389960104573786,2.52532028844697,0.25,-9.913,0.01,1.15,True
0.25,-9.913,1.765880230819681,0.25,-9.913,0.01,1.16,True
0.2499987229554124,-9.648623222889109,1.8277392456223975,0.25,-9.913,0.01,1.16,True
0.2499967392943246,-9.359163026122031,2.6282876301058806,0.25,-9.913,0.01,1.16,True
0.25,-9.913,1.799328470513136,0.25,-9.913,0.01,1.17,True
0.2499986871419203,-9.634884731237795,2.010650219482514,0.25,-9.913,0.01,1.17,True
0.2499964612644647,-9.27758095722998,2.908659929704851,0.25,-9.913,0.01,1.17,True
0.25,-9.913,1.825656624279324,0.25,-9.913,0.01,1.18,True
0.2499986531029881,-9.624360148377566,15.769956067641012,0.25,-9.913,0.01,1.18,True
0.2502111733025527,-5.6944299512099175,16.919209576230426,0.25,-9.913,0.01,1.18,True
0.25,-9.913,1.7905245837614558,0.25,-9.913,0.01,1.19,True
0.2499986336548213,-9.6384589293612,1.7905245837614558,0.25,-9.913,0.01,1.19,True
0.25,-9.913,1.4380885673575163,0.25,-9.913,0.01,1.2,True
0.2499988721813467,-9.84776099069109,1.4380885673575163,0.25,-9.913,0.01,1.2,True
0.2,-0.1,1.8600846052810955,0.2,-0.1,0.01,0.905,False
0.3447921118163404,-0.3670511310023458,1.6002061780005985,0.2,-0.1,0.01,0.905,False
0.4413807593733073,-0.627128012352317,1.52628412885181,0.2,-0.1,0.01,0.905,False
0.5058746535463607,-0.879857404876973,1.496361236305628,0.2,-0.1,0.01,0.905,False
0.5491323984355172,-1.1271268654721565,2.6625158365936907,0.2,-0.1,0.01,0.905,False
0.2,-0.1,2.0461529647565198,0.2,-0.1,0.015,0.905,False
0.3351719579504079,-0.4916518052237473,1.7405031063194403,0.2,-0.1,0.015,0.905,False
0.4087481015522467,-0.870571529950049,1.651895947238386,0.2,-0.1,0.015,0.905,False
0.4493212206357438,-1.2392447855845514,1.615908425403952,0.2,-0.1,0.015,0.905,False
0.4722760128822983,-1.6016495261103492,3.675864189991281,0.2,-0.1,0.015,0.905,False
0.2,-0.1,2.2960996134313976,0.2,-0.1,0.02,0.905,False
0.3271635030978576,-0.6144365759735863,1.95242204924249,0.2,-0.1,0.02,0.905,False
0.3842770517747171,-1.1113276038081723,1.8521574337894864,0.2,-0.1,0.02,0.905,False
0.4109220152910857,-1.595875155648262,1.8122047903498941,0.2,-0.1,0.02,0.905,False
0.4241478386381054,-2.073794290640283,4.9926138701789915,0.2,-0.1,0.02,0.905,False
0.2,-0.1,2.591240554262736,0.2,-0.1,0.025,0.905,False
0.3204838892799021,-0.7355378452984755,2.2219435406302392,0.2,-0.1,0.025,0.905,False
0.3657017394263402,-1.3496794211896928,2.114996038369167,0.2,-0.1,0.025,0.905,False
0.3840134889164515,-1.949963308846612,2.0736427065817407,0.2,-0.1,0.025,0.905,False
0.392274455122148,-2.543599076873914,6.478696626918268,0.2,-0.1,0.025,0.905,False
0.2,-0.1,2.918170305278616,0.2,-0.1,0.03,0.905,False
0.3148988498768362,-0.8550641632859265,2.5345081574032386,0.2,-0.1,0.03,0.905,False
0.3514210031075597,-1.585911754331648,2.424754051516232,0.2,-0.1,0.03,0.905,False
0.3645739829794119,-2.3018918460148496,2.3839366622697953,0.2,-0.1,0.03,0.905,False
0.3700921263333717,-3.011476480781345,8.060852839367667,0.2,-0.1,0.03,0.905,False
0.2,-0.1,3.2670301150254,0.2,-0.1,0.035,0.905,False
0.3102153652983377,-0.9731053996994428,2.8778346772813173,0.2,-0.1,0.035,0.905,False
0.3402947981622457,-1.8202747606835288,2.7678647115508985,0.2,-0.1,0.035,0.905,False
0.3501192907930831,-2.652011342137301,2.7289684873851185,0.2,-0.1,0.035,0.905,False
0.3539854904186941,-3.477797684222113,9.69942758748588,0.2,-0.1,0.035,0.905,False
0.2,-0.1,3.630690905989809,0.2,-0.1,0.04,0.905,False
0.3062750821624255,-1.089737060477605,3.2427760115899384,0.2,-0.1,0.04,0.905,False
0.3315066025931339,-2.0529761462802862,3.1343788980133063,0.2,-0.1,0.04,0.905,False
0.3390818071429075,-3.000596921953689,3.0983771158229914,0.2,-0.1,0.04,0.905,False
0.3418721573656664,-3.942827565298202,11.37205075848116,0.2,-0.1,0.04,0.905,False
0.2,-0.1,4.004043802085756,0.2,-0.1,0.045,0.905,False
0.3029484568992868,-1.2050236575303273,3.62292347235113,0.2,-0.1,0.045,0.905,False
0.324468348343513,-2.2841838681377484,3.517453125408568,0.2,-0.1,0.045,0.905,False
0.3304505404754156,-3.347851590584639,3.4849621926146286,0.2,-0.1,0.045,0.905,False
0.3324975042153164,-4.406740021567215,13.065369433281708,0.2,-0.1,0.045,0.905,False
0.2,-0.1,4.3834320563613565,0.2,-0.1,0.05,0.905,False
0.3001296392217386,-1.31902119989637,4.013904029114768,0.2,-0.1,0.05,0.905,False
0.3187539752535148,-2.5140320587674454,3.9124436333212262,0.2,-0.1,0.05,0.905,False
0.3235584297289162,-3.693920832763161,3.8837603310143964,0.2,-0.1,0.05,0.905,False
0.3250716551099807,-4.869644618462092,14.770965052770418,0.2,-0.1,0.05,0.905,False
0.2,-0.1,8.176087976386595,0.2,-0.1,0.1,0.905,False
0.2866786158475978,-2.3967176249446998,8.158768140784462,0.2,-0.1,0.1,0.905,False
0.29331580530866,-4.753176229830616,8.114141544596544,0.2,-0.1,0.1,0.905,False
0.2939876405752176,-7.102094810733262,8.110000821839261,0.2,-0.1,0.1,0.905,False
0.2940583801498296,-9.45036766670964,31.840606758073125,0.2,-0.1,0.1,0.905,False
0.2,-0.1,14.972769952600093,0.2,-0.1,0.2,0.905,False
0.2801616726598818,-4.270049638892964,16.748140616087376,0.2,-0.1,0.2,0.905,False
0.2814526042599073,-8.966981795063287,16.74548059072995,0.2,-0.1,0.2,0.905,False
0.2814653217907361,-13.663415102689296,16.745445979904712,0.2,-0.1,0.2,0.905,False
0.2814654450963254,-18.35984095116253,64.89467071626386,0.2,-0.1,0.2,0.905,False
0.2,-0.1,20.7435139007326,0.2,-0.1,0.3,0.905,False
0.276363554371047,-5.815291325128914,25.46443248772448,0.2,-0.1,0.3,0.905,False
0.2765796029984541,-12.847359504561338,25.509433702673366,0.2,-0.1,0.3,0.905,False
0.2765791644753981,-19.891886796081494,25.509832878114956,0.2,-0.1,0.3,0.905,False
0.2765791584730066,-26.936524502341868,97.04371651531001,0.2,-0.1,0.3,0.905,False
0.2,-0.1,25.614344899955743,0.2,-0.1,0.4,0.905,False
0.2729667574894038,-7.078015119744366,34.20878415296277,0.2,-0.1,0.4,0.905,False
0.2726802094036559,-16.398103842690066,34.46910741404541,0.2,-0.1,0.4,0.905,False
0.2726696407779622,-25.78886920787966,34.47657158384033,0.2,-0.1,0.4,0.905,False
0.2726693376295635,-35.18166098824894,128.67020009721335,0.2,-0.1,0.4,0.905,False
0.2,-0.1,29.726623255936545,0.2,-0.1,0.5,0.905,False
0.2698963047419699,-8.111398292551542,42.837935421597486,0.2,-0.1,0.5,0.905,False
0.2689763050518733,-19.6275198338014,43.6340277154029,0.2,-0.1,0.5,0.905,False
0.2689210488489743,-31.35546408309081,43.6804709705417,0.2,-0.1,0.5,0.905,False
0.268917825937488,-43.09576330107957,159.89245070002758,0.2,-0.1,0.5,0.905,False
0.2,-0.1,33.22003971646539,0.2,-0.1,0.6,0.905,False
0.2671465720760868,-8.9643247046016,51.22691764230734,0.2,-0.1,0.6,0.905,False
0.265348971834319,-22.55217487745038,52.972848316173035,0.2,-0.1,0.6,0.905,False
0.2651796117984629,-36.59448861117904,53.13648572429947,0.2,-0.1,0.6,0.905,False
0.2651637495263942,-50.67936736272965,190.75435579515465,0.2,-0.1,0.6,0.905,False
0.2,-0.1,36.21293434027874,0.2,-0.1,0.7,0.905,False
0.2646978233102083,-9.676188759666251,59.29399635239439,0.2,-0.1,0.7,0.905,False
0.2618051259704193,-25.19527489847132,62.43114333710899,0.2,-0.1,0.7,0.905,False
0.2614245089951703,-41.51212034490452,62.84392973130496,0.2,-0.1,0.7,0.905,False
0.2613745097563565,-57.933762263352826,221.27350103465292,0.2,-0.1,0.7,0.905,False
0.2,-0.1,38.79983455723174,0.2,-0.1,0.8,0.905,False
0.2625209040691725,-10.277214043366094,66.99568974099877,0.2,-0.1,0.8,0.905,False
0.2583733258217607,-27.58329487617704,71.94754339861613,0.2,-0.1,0.8,0.905,False
0.2576707278410343,-46.11849295807764,72.78858767312812,0.2,-0.1,0.8,0.905,False
0.2575517755698646,-64.86178473903439,251.4564804008601,0.2,-0.1,0.8,0.905,False
0.2,-0.1,41.05492568163507,0.2,-0.1,0.9,0.905,False
0.2605839636126897,-10.79027459715816,74.3153943923774,0.2,-0.1,0.9,0.905,False
0.2550783673117496,-29.743138269729275,81.46411064384489,0.2,-0.1,0.9,0.905,False
0.2539426364391375,-50.427237547721,82.94642278456776,0.2,-0.1,0.9,0.905,False
0.2537084050618359,-71.46838408486386,281.3052125120328,0.2,-0.1,0.9,0.905,False
0.2,-0.1,43.03636231854233,0.2,-0.1,1.0,0.905,False
0.2588563425882877,-11.232709754846208,81.25357932467813,0.2,-0.1,1.0,0.905,False
0.2519361457834261,-31.70037702018995,90.93115197990991,0.2,-0.1,1.0,0.905,False
0.2502646751384461,-54.4544874915318,93.28780157352914,0.2,-0.1,1.0,0.905,False
0.2498610005299371,-77.76079368402903,310.8199101861582,0.2,-0.1,1.0,0.905,False
0.2,-0.1,3.067407485558405,0.2,-0.1,0.01,0.75,False
0.3122527712017421,-0.905332703575331,2.6587130221653923,0.2,-0.1,0.01,0.75,False
0.3457959402006623,-1.676783634891896,2.549342806736971,0.2,-0.1,0.01,0.75,False
0.3574628696385641,-2.4332825532393123,2.5091937443922574,0.2,-0.1,0.01,0.75,False
0.3622542859709334,-3.183578154835097,8.689988001473006,0.2,-0.1,0.01,0.75,False
0.2,-0.1,2.9485238158755744,0.2,-0.1,0.01,0.76,False
0.3139576236194566,-0.8646272516383912,2.5457122709722517,0.2,-0.1,0.01,0.76,False
0.3498819189653388,-1.5971885644771942,2.4365399188877452,0.2,-0.1,0.01,0.76,False
0.362811365855286,-2.3150118763021084,2.395848144336482,0.2,-0.1,0.01,0.76,False
0.3682365065199744,-3.026494573035661,8.138903689587803,0.2,-0.1,0.01,0.76,False
0.2,-0.1,2.8353416951007993,0.2,-0.1,0.01,0.77,False
0.315720897467205,-0.8248903631421493,2.4389466418191876,0.2,-0.1,0.01,0.77,False
0.3542048895802404,-1.5195309015509213,2.3302463840212155,0.2,-0.1,0.01,0.77,False
0.3685550176799591,-2.199690377409635,2.2891754334368737,0.2,-0.1,0.01,0.77,False
0.3747088300495347,-2.873395972763776,7.60841784297907,0.2,-0.1,0.01,0.77,False
0.2,-0.1,2.7278429661188945,0.2,-0.1,0.01,0.78,False
0.3175417535462904,-0.7860848221285269,2.338435203079282,0.2,-0.1,0.01,0.78,False
0.3587752893315291,-1.4437325936425078,2.2304980155637293,0.2,-0.1,0.01,0.78,False
0.3747259552366392,-2.087197748546565,2.189215414849289,0.2,-0.1,0.01,0.78,False
0.3817218501897755,-2.7241208801887478,7.098572237561034,0.2,-0.1,0.01,0.78,False
0.2,-0.1,2.6260133371437204,0.2,-0.1,0.01,0.79,False
0.3194193322828201,-0.7481753198682031,2.2441955856703784,0.2,-0.1,0.01,0.79,False
0.3636038063457624,-1.369719715252648,2.1373306751714414,0.2,-0.1,0.01,0.79,False
0.3813590107442171,-1.9774199189178183,2.0960082215199822,0.2,-0.1,0.01,0.79,False
0.3893325962063059,-2.5785158553486744,6.609503195154999,0.2,-0.1,0.01,0.79,False
0.2,-0.1,2.5298414062973027,0.2,-0.1,0.01,0.8,False
0.3213527552409569,-0.7111283354735334,2.156239765260719,0.2,-0.1,0.01,0.8,False
0.3687013628459624,-1.297422243959586,2.0507742991528066,0.2,-0.1,0.01,0.8,False
0.3884918677765364,-1.8702487915196124,2.0095884459874287,0.2,-0.1,0.01,0.8,False
0.3976052928745365,-2.436435176121804,6.141450990501104,0.2,-0.1,0.01,0.8,False
0.2,-0.1,2.4393176594242227,0.2,-0.1,0.01,0.81,False
0.3233411266689036,-0.674912025330361,2.0745694861659008,0.2,-0.1,0.01,0.81,False
0.3740790990069773,-1.2267738560387995,1.9708459551009077,0.2,-0.1,0.01,0.81,False
0.3961652144882789,-1.7655820241300095,1.929977959786086,0.2,-0.1,0.01,0.81,False
0.4066121944095108,-2.297740606038539,5.694769579771877,0.2,-0.1,0.01,0.81,False
0.2,-0.1,2.354433519530733,0.2,-0.1,0.01,0.82,False
0.3253835350619538,-0.6394961206018952,1.999171502942769,0.2,-0.1,0.01,0.82,False
0.3797483577151849,-1.1577117402675952,1.8975421589587513,0.2,-0.1,0.01,0.82,False
0.4044229021286511,-1.6633228554100443,1.8571775544165614,0.2,-0.1,0.01,0.82,False
0.416434499666793,-2.1623012543762345,5.269936206035971,0.2,-0.1,0.01,0.82,False
0.2,-0.1,2.2751805814080703,0.2,-0.1,0.01,0.83,False
0.3274790547289963,-0.6048518321289528,1.9300129144799536,0.2,-0.1,0.01,0.83,False
0.385720670557882,-1.0901764287440694,1.8308308565164908,0.2,-0.1,0.01,0.83,False
0.4133121108132831,-1.5633799775406705,1.7911577473803064,0.2,-0.1,0.01,0.83,False
0.4271633578876322,-2.0299935400934004,4.867560188084966,0.2,-0.1,0.01,0.83,False
0.2,-0.1,2.2015502449146425,0.2,-0.1,0.01,0.84,False
0.3296267473507656,-0.5709517621143698,1.867036981628412,0.2,-0.1,0.01,0.84,False
0.392007745389523,-1.0241116436923865,1.770643662904896,0.2,-0.1,0.01,0.84,False
0.4228835253457692,-1.4656674576068274,1.7318493459293987,0.2,-0.1,0.01,0.84,False
0.4389009772818256,-1.900701274898212,4.48838981143025,0.2,-0.1,0.01,0.84,False
0.2,-0.1,2.1335340761940595,0.2,-0.1,0.01,0.85,False
0.3318256635197987,-0.5377698220363805,1.8101599509988604,0.2,-0.1,0.01,0.85,False
0.3986214558456887,-0.9594641593554334,1.7168691347725828,0.2,-0.1,0.01,0.85,False
0.4331915249129753,-1.3701047107879971,1.6791346139286818,0.2,-0.1,0.01,0.85,False
0.4517618531116993,-1.77431588524437,4.133315665301834,0.2,-0.1,0.01,0.85,False
0.2,-0.1,2.0711253959145606,0.2,-0.1,0.01,0.86,False
0.3340748442536118,-0.5052811562868099,1.7592695569356736,0.2,-0.1,0.01,0.86,False
0.4055738332021766,-0.896183678192993,1.6693479958281592,0.2,-0.1,0.01,0.86,False
0.4442943917720475,-1.2766165293321088,1.6328400957132003,0.2,-0.1,0.01,0.86,False
0.4658741381885631,-1.6507367984474397,3.80336799820103,0.2,-0.1,0.01,0.86,False
0.2,-0.1,2.0143228483890576,0.2,-0.1,0.01,0.87,False
0.3363733224739773,-0.4734620710757612,1.7142260575663597,0.2,-0.1,0.01,0.87,False
0.4128770610065163,-0.8342227207099012,1.6278713323464926,0.2,-0.1,0.01,0.87,False
0.4562545456638316,-1.1851331722819778,1.5927322678898403,0.2,-0.1,0.01,0.87,False
0.4813811875394936,-1.5298720245580812,3.4997048360063268,0.2,-0.1,0.01,0.87,False
0.2,-0.1,1.9631371001013325,0.2,-0.1,0.01,0.88,False
0.3387201244463764,-0.4422899681857761,1.6748669280171256,0.2,-0.1,0.01,0.88,False
0.4205434729433407,-0.773536528335473,1.5921828415539951,0.2,-0.1,0.01,0.88,False
0.4691388127054737,-1.0955905219909106,1.5585171965389844,0.2,-0.1,0.01,0.88,False
0.498443321430927,-1.411638973231099,3.223587244920572,0.2,-0.1,0.01,0.88,False
0.2,-0.1,1.9176024509132128,0.2,-0.1,0.01,0.89,False
0.3411142711748277,-0.4117432831955167,1.6410167977011185,0.2,-0.1,0.01,0.89,False
0.4285855544344856,-0.7140829788634676,1.5619863438674817,0.2,-0.1,0.01,0.89,False
0.4830187400339753,-1.0079303145998593,1.5298453219983608,0.2,-0.1,0.01,0.89,False
0.5172398682917138,-1.2959655536366248,2.9763395795805443,0.2,-0.1,0.01,0.89,False
0.2,-0.1,1.8777962029332629,0.2,-0.1,0.01,0.9,False
0.3435547797482522,-0.3818014278264877,1.612505119352824,0.2,-0.1,0.01,0.9,False
0.4370159485203702,-0.6558225140420021,1.5369601786970504,0.2,-0.1,0.01,0.9,False
0.4979709706186792,-0.9221004528353756,1.5063225483817948,0.2,-0.1,0.01,0.9,False
0.5379715732024357,-1.1827916153770777,2.759298706284963,0.2,-0.1,0.01,0.9,False
0.2,-0.1,1.8438704768877097,0.2,-0.1,0.01,0.91,False
0.3460406646353658,-0.3524447360965523,1.5891958943468854,0.2,-0.1,0.01,0.91,False
0.4458474666223979,-0.5987180789755618,1.516781251608758,0.2,-0.1,0.01,0.91,False
0.5140776965951954,-0.8380554106931034,1.4875293697206835,0.2,-0.1,0.01,0.91,False
0.5608634910317531,-1.072070799037953,2.5737722646780234,0.2,-0.1,0.01,0.91,False
0.2,-0.1,1.8161044897716265,0.2,-0.1,0.01,0.92,False
0.3485709389258923,-0.3236544139912218,1.5710376130658086,0.2,-0.1,0.01,0.92,False
0.4550931048481988,-0.5427350730671235,1.501164356772609,0.2,-0.1,0.01,0.92,False
0.5314272144011926,-0.7557567407403515,1.4730516475298767,0.2,-0.1,0.01,0.92,False
0.5861685294578922,-0.9637728755775428,2.421060444766489,0.2,-0.1,0.01,0.92,False
0.2,-0.1,1.7949915111676114,0.2,-0.1,0.01,0.93,False
0.3511446155165091,-0.2954124923884159,1.5581497719735211,0.2,-0.1,0.01,0.93,False
0.4647660665740203,-0.4878413122875677,1.4899291627976965,0.2,-0.1,0.01,0.93,False
0.5501146111776342,-0.6751736958170553,1.4625317528500967,0.2,-0.1,0.01,0.93,False
0.6141718707402976,-0.8578866626140761,2.3026616441986745,0.2,-0.1,0.01,0.93,False
0.2,-0.1,1.7813867192750754,0.2,-0.1,0.01,0.94,False
0.3537607082405396,-0.2677017829947015,1.5509805428993952,0.2,-0.1,0.01,0.94,False
0.4748797921232368,-0.4340070026124719,1.4831233929830738,0.2,-0.1,0.01,0.94,False
0.5702426196710582,-0.5962839777057357,1.455761895256351,0.2,-0.1,0.01,0.94,False
0.6451965886518403,-0.7544236098268782,2.220904698619792,0.2,-0.1,0.01,0.94,False
0.2,-0.1,1.7767663279152595,0.2,-0.1,0.01,0.95,False
0.3564182329409086,-0.2405058370712871,1.550612797115426,0.2,-0.1,0.01,0.95,False
0.4854479964588661,-0.3812047245126654,1.4812711353826777,0.2,-0.1,0.01,0.95,False
0.5919226886597004,-0.5190746256831432,1.4528761248543585,0.2,-0.1,0.01,0.95,False
0.679610897206651,-0.6534221400031143,2.1804942860529724,0.2,-0.1,0.01,0.95,False
0.2,-0.1,1.7785652427841918,0.2,-0.1,0.01,0.955,False
0.3577622255338637,-0.2270959528312719,1.553635772739009,0.2,-0.1,0.01,0.955,False
0.4909069004927812,-0.3551826766375741,1.4826200081691705,0.2,-0.1,0.01,0.955,False
0.6033822811576474,-0.4810988428124376,1.4531240950972513,0.2,-0.1,0.01,0.955,False
0.6982188330506103,-0.6038651337507573,2.1787042145570994,0.2,-0.1,0.01,0.955,False
0.2,-0.1,1.7836991208825896,0.2,-0.1,0.01,0.96,False
0.3591162084863007,-0.2138089067463957,1.5594024814671217,0.2,-0.1,0.01,0.96,False
0.4964847159234146,-0.3294094284247887,1.485924282562021,0.2,-0.1,0.01,0.96,False
0.6152763282728025,-0.4435430574767677,1.454795991234049,0.2,-0.1,0.01,0.96,False
0.7178376325334117,-0.5549528080771275,2.1920153744603086,0.2,-0.1,0.01,0.96,False
0.2,-0.1,1.7928052862388892,0.2,-0.1,0.01,0.965,False
0.3604800597870225,-0.2006428338901548,1.568638615430761,0.2,-0.1,0.01,0.965,False
0.5021832568492661,-0.3038822200376654,1.4917554344849222,0.2,-0.1,0.01,0.965,False
0.6276218686728069,-0.4064087660963315,1.4583153126087558,0.2,-0.1,0.01,0.965,False
0.7385307387575887,-0.5066999849463624,2.223951909236962,0.2,-0.1,0.01,0.965,False
0.2,-0.1,1.8067437922229903,0.2,-0.1,0.01,0.97,False
0.3618536577308495,-0.1875959087273495,1.5824244212752807,0.2,-0.1,0.01,0.97,False
0.5080043651940612,-0.2785984411610481,1.5010198800009693,0.2,-0.1,0.01,0.97,False
0.6404368051733949,-0.3696982736226644,1.4643944761299343,0.2,-0.1,0.01,0.97,False
0.7603667941935924,-0.4591242835727934,2.2798957398387345,0.2,-0.1,0.01,0.97,False
0.2,-0.1,1.8266866378807554,0.2,-0.1,0.01,0.975,False
0.3632368809455583,-0.1746663440994059,1.6023951717960194,0.2,-0.1,0.01,0.975,False
0.513949913140175,-0.2535556317989485,1.5151779750642138,0.2,-0.1,0.01,0.975,False
0.6537399837404477,-0.3334147406083124,1.4742417385749922,0.2,-0.1,0.01,0.975,False
0.7834202832951939,-0.4122463431868086,2.368122206744578,0.2,-0.1,0.01,0.975,False
0.2,-0.1,1.8542492626188432,0.2,-0.1,0.01,0.98,False
0.3646296084179868,-0.1618523902408502,1.6310807030184,0.2,-0.1,0.01,0.98,False
0.5200218057783154,-0.228751483243023,1.5366394313555594,0.2,-0.1,0.01,0.98,False
0.6675512823198221,-0.2975622329801892,1.489948897331029,0.2,-0.1,0.01,0.98,False
0.8077722780594342,-0.3660900490531121,2.501503954867323,0.2,-0.1,0.01,0.98,False
0.2,-0.1,1.8916881109112327,0.2,-0.1,0.01,0.985,False
0.3660317195192887,-0.1491523338258532,1.6725017661011066,0.2,-0.1,0.01,0.985,False
0.5262219839872488,-0.2041838392119668,1.5695090837580432,0.2,-0.1,0.01,0.985,False
0.6818917107350754,-0.2621457744436474,1.5152511726274458,0.2,-0.1,0.01,0.985,False
0.833511303883019,-0.3206827559899106,2.70044149206722,0.2,-0.1,0.01,0.985,False
0.2,-0.1,1.9422040911234106,0.2,-0.1,0.01,0.99,False
0.3674430940293625,-0.1365644970437406,1.7332630385453252,0.2,-0.1,0.01,0.99,False
0.5325524275584068,-0.1798506971619038,1.6210668435623439,0.2,-0.1,0.01,0.99,False
0.6967835230486535,-0.2271714013888432,1.5570955659355907,0.2,-0.1,0.01,0.99,False
0.8607343458745378,-0.2760555014190942,2.998234006136508,0.2,-0.1,0.01,0.99,False
0.2,-0.1,1.973736942499374,0.2,-0.1,0.01,0.9925,False
0.3681522176114988,-0.1303121461891681,1.7741493761736633,0.2,-0.1,0.01,0.9925,False
0.5357671290073226,-0.1677714809834313,1.6577023557314108,0.2,-0.1,0.01,0.9925,False
0.7044435235729222,-0.2098521742314335,1.5880433628466175,0.2,-0.1,0.01,0.9925,False
0.8749352781623617,-0.2540451425703809,3.200571379045732,0.2,-0.1,0.01,0.9925,False
0.2,-0.1,2.010421008046117,0.2,-0.1,0.01,0.995,False
0.3688636121604572,-0.1240872367024719,1.8246629499843743,0.2,-0.1,0.01,0.995,False
0.5390151585812453,-0.1557502097678573,1.7048902730387359,0.2,-0.1,0.01,0.995,False
0.7122503439575744,-0.1926462201025195,1.6290799732160457,0.2,-0.1,0.01,0.995,False
0.8895480189900975,-0.2322431971159834,3.451830673848337,0.2,-0.1,0.01,0.995,False
0.2,-0.1,2.05318349793054,0.2,-0.1,0.01,0.9975,False
0.369577262774061,-0.1178895684511528,1.8876517929378553,0.2,-0.1,0.01,0.9975,False
0.5422967762513352,-0.1437866771236482,1.7664554661874166,0.2,-0.1,0.01,0.9975,False
0.7202071747748049,-0.1755546041789776,1.6842470232646058,0.2,-0.1,0.01,0.9975,False
0.9045876230791275,-0.2106546600418508,3.766700865091395,0.2,-0.1,0.01,0.9975,False
0.2,-9.9,1.4142135623733203,0.2,-9.9,0.01,1.0,False
0.1999993355800146,-9.900000173030191,1.4142135623735685,0.2,-9.9,0.01,1.0,False
0.1999986939491554,-9.900000417443808,1.4142135623738932,0.2,-9.9,0.01,1.0,False
0.1999980827381172,-9.90000073032488,1.4142135623742793,0.2,-9.9,0.01,1.0,False
0.1999975092185286,-9.900001107955577,1.4142135623829823,0.2,-9.9,0.01,1.0,False
0.2,-9.9,1.4184884872276096,0.2,-9.9,0.01,1.01,False
0.1999992926906255,-9.877991377157088,1.4185428366679387,0.2,-9.9,0.01,1.01,False
0.1999985779306305,-9.855843159169185,1.418542835688398,0.2,-9.9,0.01,1.01,False
0.1999978644644339,-9.83369502270767,1.4185428337226893,0.2,-9.9,0.01,1.01,False
0.1999971613867014,-9.811546968963148,1.4817571581749818,0.2,-9.9,0.01,1.01,False
0.2,-9.9,1.430908632914004,0.2,-9.9,0.01,1.02,False
0.1999992503496743,-9.856411411348333,1.431117934217193,0.2,-9.9,0.01,1.02,False
0.1999984603785679,-9.812549005671586,1.43111800463352,0.2,-9.9,0.01,1.02,False
0.1999976378576423,-9.768686689225406,1.431118073406197,0.2,-9.9,0.01,1.02,False
0.1999967916814616,-9.724824469167478,1.6634863559930215,0.2,-9.9,0.01,1.02,False
0.2,-9.9,1.450800420720049,0.2,-9.9,0.01,1.03,False
0.1999992085503598,-9.835247863650826,1.4512515506873735,0.2,-9.9,0.01,1.03,False
0.1999983413127622,-9.770092896023368,1.4512517933494895,0.2,-9.9,0.01,1.03,False
0.1999974027706341,-9.704938019544748,1.4512520441277588,0.2,-9.9,0.01,1.03,False
0.1999963991746326,-9.639783248071808,1.9216869877084994,0.2,-9.9,0.01,1.03,False
0.2,-9.9,1.4774321449173833,0.2,-9.9,0.01,1.04,False
0.1999991672859219,-9.814488796514802,1.4781972459248873,0.2,-9.9,0.01,1.04,False
0.1999982207538458,-9.7284507302034,1.4781977878913222,0.2,-9.9,0.01,1.04,False
0.1999971590618418,-9.642412750742055,1.4781983711046118,0.2,-9.9,0.01,1.04,False
0.1999959829304274,-9.55637487905382,2.2253259589978196,0.2,-9.9,0.01,1.04,False
0.2,-9.9,1.5100504891531958,0.2,-9.9,0.01,1.05,False
0.1999991265496417,-9.794122724343932,1.5111870764214184,0.2,-9.9,0.01,1.05,False
0.1999980987232178,-9.68759932348041,1.5111880680923786,0.2,-9.9,0.01,1.05,False
0.1999969065952866,-9.581075998520628,1.511189172848593,0.2,-9.9,0.01,1.05,False
0.1999955420065102,-9.47455277741754,2.5544739612788074,0.2,-9.9,0.01,1.05,False
0.2,-9.9,1.5479118465519228,0.2,-9.9,0.01,1.06,False
0.1999990863348427,-9.7741385923082,1.5494637728299605,0.2,-9.9,0.01,1.06,False
0.199997975242976,-9.647516363370212,1.5494653849518862,0.2,-9.9,0.01,1.06,False
0.1999966452406153,-9.52089419231316,1.5494672379528838,0.2,-9.9,0.01,1.06,False
0.1999950754550567,-9.394272113641826,2.8972978643947385,0.2,-9.9,0.01,1.06,False
0.2,-9.9,1.590306283521551,0.2,-9.9,0.01,1.07,False
0.1999990466348936,-9.754525756337012,1.5923052477778707,0.2,-9.9,0.01,1.07,False
0.1999978503358511,-9.608180368999156,1.592307668659546,0.2,-9.9,0.01,1.07,False
0.1999963748731183,-9.461835014015872,1.5923105329283262,0.2,-9.9,0.01,1.07,False
0.1999945823238003,-9.31548973148626,3.246809589204151,0.2,-9.9,0.01,1.07,False
0.2,-9.9,1.6365737297125489,0.2,-9.9,0.01,1.08,False
0.1999990074432088,-9.735273964217688,1.6390410402853648,0.2,-9.9,0.01,1.08,False
0.199997724025143,-9.569570652718651,1.6390444734146754,0.2,-9.9,0.01,1.08,False
0.1999960953737456,-9.403867340119868,1.639048647123964,0.2,-9.9,0.01,1.08,False
0.1999940616570815,-9.238164070640169,3.5987948686379725,0.2,-9.9,0.01,1.08,False
0.2,-9.9,1.686113182878616,0.2,-9.9,0.01,1.09,False
0.1999989687532493,-9.71637333772803,1.68906155189151,0.2,-9.9,0.01,1.09,False
0.1999975963346616,-9.53166728382635,1.689066214018654,0.2,-9.9,0.01,1.09,False
0.199995806629105,-9.34696118702144,1.6890720295826065,0.2,-9.9,0.01,1.09,False
0.1999935124968729,-9.16225509362341,3.950642564613487,0.2,-9.9,0.01,1.09,False
0.2,-9.9,1.738386326779793,0.2,-9.9,0.01,1.1,False
0.1999989305585261,-9.697814355737217,1.7418215493316047,0.2,-9.9,0.01,1.1,False
0.1999974672886725,-9.494451054260145,1.7418276690010446,0.2,-9.9,0.01,1.1,False
0.1999955085314595,-9.291087659309667,1.7418354924929218,0.2,-9.9,0.01,1.1,False
0.1999929338838069,-9.087724216668494,4.300694202582804,0.2,-9.9,0.01,1.1,False
0.2,-9.9,1.792917099453102,0.2,-9.9,0.01,1.11,False
0.1999988928525978,-9.679587838215268,1.796839538263412,0.2,-9.9,0.01,1.11,False
0.1999973369118387,-9.45790344614137,1.796847354732459,0.2,-9.9,0.01,1.11,False
0.1999952009787055,-9.23621890084384,1.7968575856228515,0.2,-9.9,0.01,1.11,False
0.199992324858171,-9.01453424433354,4.647876091329964,0.2,-9.9,0.01,1.11,False
0.2,-9.9,1.8492886017266994,0.2,-9.9,0.01,1.12,False
0.1999988556290763,-9.661684931093854,1.853694447547487,0.2,-9.9,0.01,1.12,False
0.1999972052291766,-9.422006601051509,1.8537042100136714,0.2,-9.9,0.01,1.12,False
0.1999948838743519,-9.182328048446562,1.853717281188206,0.2,-9.9,0.01,1.12,False
0.1999916844609005,-8.942649307613099,4.99148505626572,0.2,-9.9,0.01,1.12,False
0.2,-9.9,1.9071384609824809,0.2,-9.9,0.01,1.13,False
0.1999988188816264,-9.644097091926485,1.9120207709944965,0.2,-9.9,0.01,1.13,False
0.1999970722660025,-9.386743290936035,1.9120327380560305,0.2,-9.9,0.01,1.13,False
0.1999945571274866,-9.12938918805161,1.9120491160578161,0.2,-9.9,0.01,1.13,False
0.1999910117345435,-8.872034805331234,5.331059567679099,0.2,-9.9,0.01,1.13,False
0.2,-9.9,1.9661534689068727,0.2,-9.9,0.01,1.14,False
0.1999987826039652,-9.62681607629886,1.9715030029693652,0.2,-9.9,0.01,1.14,False
0.1999969380478881,-9.352096890534446,1.971517442251778,0.2,-9.9,0.01,1.14,False
0.1999942206527318,-9.077377313154372,1.9715376276923169,0.2,-9.9,0.01,1.14,False
0.1999903057242028,-8.802657348613618,5.666299765145774,0.2,-9.9,0.01,1.14,False
0.2,-9.9,2.0260640501756315,0.2,-9.9,0.01,1.15,False
0.1999987467898651,-9.609833924944317,2.0318699325006504,0.2,-9.9,0.01,1.15,False
0.1999968026006184,-9.318051351245549,3.2352555477587255,0.2,-9.9,0.01,1.15,False
0.2,-9.9,2.0866389124020803,0.2,-9.9,0.01,1.16,False
0.1999987114331564,-9.59314295152214,2.0928891477678992,0.2,-9.9,0.01,1.16,False
0.1999966659501532,-9.28459117634042,3.386520101565931,0.2,-9.9,0.01,1.16,False
0.2,-9.9,2.1476800769040754,0.2,-9.9,0.01,1.17,False
0.1999986765277242,-9.57673573101864,2.1543619486752896,0.2,-9.9,0.01,1.17,False
0.1999965281225844,-9.25170139744272,3.536614793008402,0.2,-9.9,0.01,1.17,False
0.2,-9.9,2.209018386513758,0.2,-9.9,0.01,1.18,False
0.1999986420675127,-9.560605088735368,2.216118760354216,0.2,-9.9,0.01,1.18,False
0.1999963891441008,-9.21936755220221,3.685367565626696,0.2,-9.9,0.01,1.18,False
0.2,-9.9,2.2705095198700893,0.2,-9.9,0.01,1.19,False
0.1999986080465254,-9.544744089828894,2.2780150731973228,0.2,-9.9,0.01,1.19,False
0.1999962490409577,-9.187575663090282,3.832647879195371,0.2,-9.9,0.01,1.19,False
0.2,-9.9,2.332030501133462,0.2,-9.9,0.01,1.2,False
0.1999985744588252,-9.529146029371212,2.3399278946784285,0.2,-9.9,0.01,1.2,False
0.1999961078394419,-9.156312217253584,3.978357612505781,0.2,-9.9,0.01,1.2,False
0.2,-0.1,1.8243458940193138,0.2,-0.1,0.01,0.905,True
0.348875269974748,-0.3318965465205498,1.5902959511693313,0.2,-0.1,0.01,0.905,True
0.4525188579002968,-0.5767658775097825,1.5172762649308111,0.2,-0.1,0.01,0.905,True
0.5235301955380294,-0.818336032284151,1.4878635247687173,0.2,-0.1,0.01,0.905,True
0.5720646920027573,-1.0563006780324105,2.5382813661569914,0.2,-0.1,0.01,0.905,True
0.2,-0.1,1.9430955604691735,0.2,-0.1,0.015,0.905,True
0.3414776086830726,-0.4293809309617069,1.6970626778712525,0.2,-0.1,0.015,0.905,True
0.4245763800789047,-0.7807231741099208,1.6150295481832655,0.2,-0.1,0.015,0.905,True
0.4723636632623918,-1.1288514608356128,1.5820035240050592,0.2,-0.1,0.015,0.905,True
0.5001295785975517,-1.473981710424729,3.319721339653505,0.2,-0.1,0.015,0.905,True
0.2,-0.1,2.0990806985578354,0.2,-0.1,0.02,0.905,True
0.3354085664544258,-0.5215546790192924,1.8545367525602652,0.2,-0.1,0.02,0.905,True
0.4034776936020616,-0.9764445843367768,1.767479464473787,0.2,-0.1,0.02,0.905,True
0.4370399242555696,-1.429402255187034,1.7335754218716013,0.2,-0.1,0.02,0.905,True
0.4541763609524128,-1.880619838930513,4.3277594840476725,0.2,-0.1,0.02,0.905,True
0.2,-0.1,2.278525476941799,0.2,-0.1,0.025,0.905,True
0.3303529798637225,-0.6093718464206705,2.0515440801590294,0.2,-0.1,0.025,0.905,True
0.3871931837439565,-1.1652983905229986,1.96560891395617,0.2,-0.1,0.025,0.905,True
0.4117323152725465,-1.721447196376087,1.9342235680867153,0.2,-0.1,0.025,0.905,True
0.4230808055584387,-2.2776099201185387,5.455631562999924,0.2,-0.1,0.025,0.905,True
0.2,-0.1,2.4731911481608595,0.2,-0.1,0.03,0.905,True
0.3260938503631247,-0.6934786593298787,2.2779726869366224,0.2,-0.1,0.03,0.905,True
0.3743934892466004,-1.3482549244682591,2.198541063934109,0.2,-0.1,0.03,0.905,True
0.3930130943911139,-2.006147821887457,2.1724794395606826,0.2,-0.1,0.03,0.905,True
0.4009951650305912,-2.6662420627785592,6.645243536467339,0.2,-0.1,0.03,0.905,True
0.2,-0.1,2.6774832230877306,0.2,-0.1,0.035,0.905,True
0.3224735381184957,-0.7743485927572096,2.525341570467377,0.2,-0.1,0.035,0.905,True
0.3641719416205154,-1.5260457008960218,2.4565222558640567,0.2,-0.1,0.035,0.905,True
0.3787737825559421,-2.2844167862358127,2.437952658613248,0.2,-0.1,0.035,0.905,True
0.3846601715559726,-3.047551042625265,7.8654599802102805,0.2,-0.1,0.035,0.905,True
0.2,-0.1,2.887490755050598,0.2,-0.1,0.04,0.905,True
0.31937348712712,-0.8523463716833237,2.7871222282008454,0.2,-0.1,0.04,0.905,True
0.3558925783138277,-1.6992427999129178,2.732012922268676,0.2,-0.1,0.04,0.905,True
0.367672232368782,-2.556972823487789,2.7226355712000316,0.2,-0.1,0.04,0.905,True
0.3721675065936931,-3.422342310460873,9.099113439168978,0.2,-0.1,0.04,0.905,True
0.2,-0.1,3.1004612516547887,0.2,-0.1,0.045,0.905,True
0.3167022996552428,-0.9277629654339038,3.0585299714671184,0.2,-0.1,0.045,0.905,True
0.3490995862052906,-1.868305219894444,3.0195635334257043,0.2,-0.1,0.045,0.905,True
0.3588287469787904,-2.8243876567612074,3.0207321271895164,0.2,-0.1,0.045,0.905,True
0.3623486478980805,-3.791245000309584,10.336320147338576,0.2,-0.1,0.045,0.905,True
0.2,-0.1,3.314453811806859,0.2,-0.1,0.05,0.905,True
0.3143881718608781,-1.00083662022562,3.3361413683193417,0.2,-0.1,0.05,0.905,True
0.3434604050999872,-2.033608559422551,3.315329923703514,0.2,-0.1,0.05,0.905,True
0.3516512690232801,-3.0871222269549223,3.3281189005631076,0.2,-0.1,0.05,0.905,True
0.3544577235333369,-4.154758169170211,11.571127914974772,0.2,-0.1,0.05,0.905,True
0.2,-0.1,5.343229296374525,0.2,-0.1,0.1,0.905,True
0.3022373423049158,-1.6354775661732028,6.1497935690967935,0.2,-0.1,0.1,0.905,True
0.3168731442884626,-3.5306265117538738,6.378978064294594,0.2,-0.1,0.1,0.905,True
0.3193786348307493,-5.517092396947271,6.532268155313786,0.2,-0.1,0.1,0.905,True
0.319962802016592,-7.557580784711141,23.36928703847084,0.2,-0.1,0.1,0.905,True
0.2,-0.1,8.558315559119618,0.2,-0.1,0.2,0.905,True
0.2969086583357354,-2.59327766102138,11.227903515707052,0.2,-0.1,0.2,0.905,True
0.3051101741528919,-5.991321489702988,12.087453501595359,0.2,-0.1,0.2,0.905,True
0.3063835272409658,-9.669243172655417,12.560986662485345,0.2,-0.1,0.2,0.905,True
0.3070194063005388,-13.501175123348894,43.68147373808991,0.2,-0.1,0.2,0.905,True
0.2,-0.1,11.007679861307178,0.2,-0.1,0.3,0.905,True
0.2962015084236518,-3.323550579531891,15.57485212447987,0.2,-0.1,0.3,0.905,True
0.3028195365670255,-8.020185511697884,17.118168669814906,0.2,-0.1,0.3,0.905,True
0.3044823488126338,-13.21450982007733,17.958961251271145,0.2,-0.1,0.3,0.905,True
0.3054760468541623,-18.683489929932364,60.857572849882985,0.2,-0.1,0.3,0.905,True
0.2,-0.1,12.993234747506655,0.2,-0.1,0.4,0.905,True
0.2961925244026485,-3.917213210272333,19.372091614706783,0.2,-0.1,0.4,0.905,True
0.3025273166991535,-9.761965037155,21.62958476831785,0.2,-0.1,0.4,0.905,True
0.3047074964600318,-16.338518321691364,22.871118384339592,0.2,-0.1,0.4,0.905,True
0.3060528958394437,-23.324878221508342,75.90368400877433,0.2,-0.1,0.4,0.905,True
0.2,-0.1,14.667059874910562,0.2,-0.1,0.5,0.905,True
0.2962620608433899,-4.417567887141981,22.751330887727793,0.2,-0.1,0.5,0.905,True
0.3027785947881851,-11.292686966792948,25.7385617669335,0.2,-0.1,0.5,0.905,True
0.3054554097779861,-19.142750520245027,27.40245182212023,0.2,-0.1,0.5,0.905,True
0.3071340508234417,-27.547742077614544,89.38305728786182,0.2,-0.1,0.5,0.905,True
0.2,-0.1,16.115328756552202,0.2,-0.1,0.6,0.905,True
0.2962873958138078,-4.849530100377994,25.802234699685343,0.2,-0.1,0.6,0.905,True
0.3031531326176296,-12.65963487872374,29.524306653753122,0.2,-0.1,0.6,0.905,True
0.3062862216925242,-21.692098885801755,31.624569771451526,0.2,-0.1,0.6,0.905,True
0.3082768955320645,-31.43145063662248,101.64800507376376,0.2,-0.1,0.6,0.905,True
0.2,-0.1,17.392080844519583,0.2,-0.1,0.7,0.905,True
0.2962491698448679,-5.2290068209643445,28.587814737373613,0.2,-0.1,0.7,0.905,True
0.3035106003212861,-13.894928551688905,33.04310923799333,0.2,-0.1,0.7,0.905,True
0.3070578894847782,-24.0317335969806,35.58874487224733,0.2,-0.1,0.7,0.905,True
0.3093386682161548,-35.03199290571715,112.93727958958327,0.2,-0.1,0.7,0.905,True
0.2,-0.1,18.533693939209844,0.2,-0.1,0.8,0.905,True
0.2961522031218687,-5.566861984088651,31.15403698386664,0.2,-0.1,0.8,0.905,True
0.3038037165985413,-15.02166153989504,36.33672993202044,0.2,-0.1,0.8,0.905,True
0.3077249652880729,-26.194862394558942,39.33329779089846,0.2,-0.1,0.8,0.905,True
0.3102741468036502,-38.391056294466615,123.42188316512845,0.2,-0.1,0.8,0.905,True
0.2,-0.1,19.56593922628636,0.2,-0.1,0.9,0.905,True
0.2960062198664792,-5.870879749649459,33.535531002865994,0.2,-0.1,0.9,0.905,True
0.3040197778907134,-16.057121806159206,39.43720808819442,0.2,-0.1,0.9,0.905,True
0.3082774694991391,-28.20685841443156,42.887844920870556,0.2,-0.1,0.9,0.905,True
0.3110740660009575,-41.54087857223499,133.22934293301287,0.2,-0.1,0.9,0.905,True
0.2,-0.1,20.507789819403047,0.2,-0.1,1.0,0.905,True
0.2958207944906338,-6.146843146376385,35.7590896647171,0.2,-0.1,1.0,0.905,True
0.3041595447015038,-17.0146520811625,42.36978233160189,0.2,-0.1,1.0,0.905,True
0.3087190742017102,-30.087676789297056,46.27588566073163,0.2,-0.1,1.0,0.905,True
0.3117430614494745,-44.5071036483905,142.45774856938183,0.2,-0.1,1.0,0.905,True
0.2,-0.1,2.750015656389475,0.2,-0.1,0.01,0.75,True
0.3191658010147817,-0.7978348381931164,2.487043315875571,0.2,-0.1,0.01,0.75,True
0.3590624660489458,-1.5227593412167573,2.39823607741916,0.2,-0.1,0.01,0.75,True
0.3734320857810903,-2.243649168899417,2.3682183227457414,0.2,-0.1,0.01,0.75,True
0.379393893298985,-2.9635789192939885,7.752100505292575,0.2,-0.1,0.01,0.75,True
0.2,-0.1,2.6554298521033153,0.2,-0.1,0.01,0.76,True
0.3208330164564425,-0.7625532724135426,2.3884921431465624,0.2,-0.1,0.01,0.76,True
0.363340956814313,-1.4509803849165186,2.2982270530200677,0.2,-0.1,0.01,0.76,True
0.3792019025493462,-2.135101874485793,2.266805437258199,0.2,-0.1,0.01,0.76,True
0.3859268880601773,-2.8178695824391653,7.262621402719179,0.2,-0.1,0.01,0.76,True
0.2,-0.1,2.565858192459212,0.2,-0.1,0.01,0.77,True
0.3225390197415347,-0.7281158420414434,2.29584659347582,0.2,-0.1,0.01,0.77,True
0.3678274758754051,-1.380948592415334,2.2044760016949003,0.2,-0.1,0.01,0.77,True
0.3853537219812306,-2.0292560619075464,2.1718517612024577,0.2,-0.1,0.01,0.77,True
0.3929540928832831,-2.6758491831172706,6.792878209159027,0.2,-0.1,0.01,0.77,True
0.2,-0.1,2.4812473411122187,0.2,-0.1,0.01,0.78,True
0.324282825182857,-0.6944905450814385,2.2090768410701807,0.2,-0.1,0.01,0.78,True
0.3725293511988991,-1.3125947905919544,2.1169699378784137,0.2,-0.1,0.01,0.78,True
0.3919157451776592,-1.926002876604076,2.0833485825589535,0.2,-0.1,0.01,0.78,True
0.4005240025080713,-2.5373691449964086,6.342877155920165,0.2,-0.1,0.01,0.78,True
0.2,-0.1,2.401545935737113,0.2,-0.1,0.01,0.79,True
0.3260634494853804,-0.6616470110384959,2.128147680582432,0.2,-0.1,0.01,0.79,True
0.3774539737137217,-1.2458535256142376,2.0356899400363253,0.2,-0.1,0.01,0.79,True
0.3989181782286531,-1.8252393302363208,2.00128182428937,0.2,-0.1,0.01,0.79,True
0.4086907304863372,-2.402288608577029,5.912712056326858,0.2,-0.1,0.01,0.79,True
0.2,-0.1,2.3267040092051374,0.2,-0.1,0.01,0.8,True
0.3278799127845667,-0.6295563985342134,2.053015200731885,0.2,-0.1,0.01,0.8,True
0.3826087833680605,-1.18066285599908,1.9606057590102228,0.2,-0.1,0.01,0.8,True
0.4063933103712281,-1.7268680592168857,1.9256263567227596,0.2,-0.1,0.01,0.8,True
0.4175145872945993,-2.2704741670034565,5.502570654284396,0.2,-0.1,0.01,0.8,True
0.2,-0.1,2.2566725954763407,0.2,-0.1,0.01,0.81,True
0.3297312396496996,-0.5981913005047749,1.9836235063954175,0.2,-0.1,0.01,0.81,True
0.3880012562362731,-1.1169641625749849,1.8916700920659282,0.2,-0.1,0.01,0.81,True
0.4143755934761201,-1.6307971212711767,1.85633961104194,0.2,-0.1,0.01,0.81,True
0.42706270585675,-2.141799679174805,5.112740669673687,0.2,-0.1,0.01,0.81,True
0.2,-0.1,2.191403640660717,0.2,-0.1,0.01,0.82,True
0.3316164600468567,-0.5675256563362501,1.9199016994609681,0.2,-0.1,0.01,0.82,True
0.3936388928407717,-1.054701974055875,1.8288128400775323,0.2,-0.1,0.01,0.82,True
0.4229017241750133,-1.5369398298564896,1.79335477859766,0.2,-0.1,0.01,0.82,True
0.4374097194714423,-2.0161461666134044,4.743614992548813,0.2,-0.1,0.01,0.82,True
0.2,-0.1,2.130850390184776,0.2,-0.1,0.01,0.83,True
0.3335346102573778,-0.5375346703545532,1.8617613947702694,0.2,-0.1,0.01,0.83,True
0.3995292078557191,-0.9938238070660678,1.7719357742413622,0.2,-0.1,0.01,0.83,True
0.4320107304122288,-1.4452146267328208,1.736574033986248,0.2,-0.1,0.01,0.83,True
0.448638498972849,-1.8934018027942032,4.395695213869619,0.2,-0.1,0.01,0.83,True
0.2,-0.1,2.074968493126264,0.2,-0.1,0.01,0.84,True
0.3354847337487707,-0.5081947361424172,1.8090951194846585,0.2,-0.1,0.01,0.84,True
0.4056797213616138,-0.9342800195734609,1.7209081346393444,0.2,-0.1,0.01,0.84,True
0.4417440647738435,-1.3555449934496215,1.6858623652557567,0.2,-0.1,0.01,0.84,True
0.4608409585505505,-1.77346200622676,4.0695923180856255,0.2,-0.1,0.01,0.84,True
0.2,-0.1,2.0237181647265685,0.2,-0.1,0.01,0.85,True
0.3374658819958888,-0.4794833662049815,1.7617760256613977,0.2,-0.1,0.01,0.85,True
0.4120979518228576,-0.8760236767923832,1.6755637528789078,0.2,-0.1,0.01,0.85,True
0.452145707631772,-1.2678594029877936,1.6410427053024277,0.2,-0.1,0.01,0.85,True
0.474118943276102,-1.6562296515630328,3.7660229239440883,0.2,-0.1,0.01,0.85,True
0.2,-0.1,1.9770678949628595,0.2,-0.1,0.01,0.86,True
0.3394771152510454,-0.4513791265498194,1.7196594494634665,0.2,-0.1,0.01,0.86,True
0.4187914109644403,-0.8190104287107194,1.6357003310750489,0.2,-0.1,0.01,0.86,True
0.4632622839632076,-1.1820913132753637,1.6018931109988959,0.2,-0.1,0.01,0.86,True
0.488585216374371,-1.5416154164169122,3.485799065405234,0.2,-0.1,0.01,0.86,True
0.2,-0.1,1.935000414010552,0.2,-0.1,0.01,0.87,True
0.3415175032623571,-0.4238615757868835,1.6825870070399631,0.2,-0.1,0.01,0.87,True
0.4257676007290567,-0.7631983984790195,1.6010815366422302,0.2,-0.1,0.01,0.87,True
0.4751431986949757,-1.0981792047750951,1.5681467250219134,0.2,-0.1,0.01,0.87,True
0.5043645710894866,-1.4295382854419607,3.2298094963089854,0.2,-0.1,0.01,0.87,True
0.2,-0.1,1.897521974730231,0.2,-0.1,0.01,0.88,True
0.3435861259401733,-0.3969112083894638,1.6503941906793926,0.2,-0.1,0.01,0.88,True
0.4330340125026862,-0.7085480809732968,1.571442641071951,0.2,-0.1,0.01,0.88,True
0.4878407966125625,-1.0160666648152938,1.539495210634175,0.2,-0.1,0.01,0.88,True
0.5215951012254362,-1.3199262374920793,2.9989916466768305,0.2,-0.1,0.01,0.88,True
0.2,-0.1,1.8646765758533015,0.2,-0.1,0.01,0.89,True
0.3456820739719689,-0.3705094017893868,1.6229229444135278,0.2,-0.1,0.01,0.89,True
0.4405981288051029,-0.6550222509091349,1.5465006580019716,0.2,-0.1,0.01,0.89,True
0.501410554307263,-0.9357025217897564,1.515596364565404,0.2,-0.1,0.01,0.89,True
0.540429676876643,-1.2127171462805313,2.7942971319941754,0.2,-0.1,0.01,0.89,True
0.2,-0.1,1.8365676834726157,0.2,-0.1,0.01,0.9,True
0.3478044493864087,-0.3446383670084968,1.60004169817272,0.2,-0.1,0.01,0.9,True
0.448467427652138,-0.6025858799432567,1.5259705490690527,0.2,-0.1,0.01,0.9,True
0.5159113133644263,-0.8570410327703168,1.4960868827473992,0.2,-0.1,0.01,0.9,True
0.5610376885413865,-1.1078599296193126,2.616662622710486,0.2,-0.1,0.01,0.9,True
0.2,-0.1,1.8133915959963745,0.2,-0.1,0.01,0.91,True
0.3499523660676357,-0.3192811025546224,1.5816773051785304,0.2,-0.1,0.01,0.91,True
0.4566493898091348,-0.5512060622505169,1.5095905134942422,0.2,-0.1,0.01,0.91,True
0.5314055660856162,-0.780042128429216,1.4806021648947814,0.2,-0.1,0.01,0.91,True
0.5836071450965287,-1.0053159866194656,2.4670157318698376,0.2,-0.1,0.01,0.91,True
0.2,-0.1,1.7954893654469173,0.2,-0.1,0.01,0.92,True
0.3521249502211197,-0.2944213513336961,1.567867257432659,0.2,-0.1,0.01,0.92,True
0.4651515091702412,-0.5008519481100239,1.4971626009594803,0.2,-0.1,0.01,0.92,True
0.5479598075667964,-0.7046717194204957,1.4688074086127876,0.2,-0.1,0.01,0.92,True
0.6083472408000242,-0.9050609653905528,2.346378012827894,0.2,-0.1,0.01,0.92,True
0.2,-0.1,1.7834291432567306,0.2,-0.1,0.01,0.93,True
0.3543213407925727,-0.2700435603509839,1.5588486351839368,0.2,-0.1,0.01,0.93,True
0.4739813065160822,-0.4514946850740591,1.4886220319950751,0.2,-0.1,0.01,0.93,True
0.5656449710202247,-0.6309020684670656,1.4604499396958175,0.2,-0.1,0.01,0.93,True
0.6354915459258872,-0.8070869045115333,2.2561839900544185,0.2,-0.1,0.01,0.93,True
0.2,-0.1,1.7781399524360457,0.2,-0.1,0.01,0.94,True
0.356540689841611,-0.2461328429936803,1.5552175470310607,0.2,-0.1,0.01,0.94,True
0.4831463469235049,-0.4031073663284109,1.4841649554091694,0.2,-0.1,0.01,0.94,True
0.5845369669487902,-0.5587122322717635,1.4554565298525486,0.2,-0.1,0.01,0.94,True
0.665302027879824,-0.7114047877962282,2.199039335514582,0.2,-0.1,0.01,0.94,True
0.2,-0.1,1.7811352816044423,0.2,-0.1,0.01,0.95,True
0.35878216287198,-0.2226749437045077,1.5582318474314112,0.2,-0.1,0.01,0.95,True
0.4926542611256748,-0.3556649858824878,1.484503941978121,0.2,-0.1,0.01,0.95,True
0.6047173513033627,-0.488088576919215,1.4541346124913697,0.2,-0.1,0.01,0.95,True
0.6980741786329282,-0.6180475404059014,2.1803555103086953,0.2,-0.1,0.01,0.95,True
0.2,-0.1,1.786462162010667,0.2,-0.1,0.01,0.955,True
0.3599109388480716,-0.2111115103370933,1.5629442397400972,0.2,-0.1,0.01,0.955,True
0.4975392046725552,-0.3322908433488744,1.4869607096328172,0.2,-0.1,0.01,0.955,True
0.6153179189101384,-0.4533619491323682,1.45515327289228,0.2,-0.1,0.01,0.955,True
0.7156739746316111,-0.5722578696243672,2.1886770875359542,0.2,-0.1,0.01,0.955,True
0.2,-0.1,1.7948992744270134,0.2,-0.1,0.01,0.96,True
0.3610449391202185,-0.1996562048718177,1.5704237877832161,0.2,-0.1,0.01,0.96,True
0.5025127711492597,-0.3091444002529629,1.4914237523090992,0.2,-0.1,0.01,0.96,True
0.6262741532546815,-0.4190253695321674,1.457632926367745,0.2,-0.1,0.01,0.96,True
0.7341436150660575,-0.527073470169192,2.2117943877048187,0.2,-0.1,0.01,0.96,True
0.2,-0.1,1.807021360356089,0.2,-0.1,0.01,0.965,True
0.3621840632795899,-0.1883074084419227,1.5814008367324595,0.2,-0.1,0.01,0.965,True
0.5075759450393168,-0.2862230494042675,1.4984957553587672,0.2,-0.1,0.01,0.965,True
0.6375982373986093,-0.3850794658343741,1.4620349924991185,0.2,-0.1,0.01,0.965,True
0.7535327236613428,-0.4825062279564194,2.2533422182083767,0.2,-0.1,0.01,0.965,True
0.2,-0.1,1.8235792425205266,0.2,-0.1,0.01,0.97,True
0.3633282118047176,-0.1770635357760428,1.5969330286896743,0.2,-0.1,0.01,0.97,True
0.5127297205882275,-0.2635242963254913,1.5091051875779855,0.2,-0.1,0.01,0.97,True
0.6493028999089011,-0.3515254474187934,1.4691094922025012,0.2,-0.1,0.01,0.97,True
0.7738946376237535,-0.4385701134274218,2.3187093961305663,0.2,-0.1,0.01,0.97,True
0.2,-0.1,1.845561627351041,0.2,-0.1,0.01,0.975,True
0.3644772860672468,-0.1659230343300188,1.6185763464172953,0.2,-0.1,0.01,0.975,True
0.5179751030314172,-0.2410457585651867,1.5247062939141907,0.2,-0.1,0.01,0.975,True
0.6614014609439147,-0.3183651303663581,1.4800902837385677,0.2,-0.1,0.01,0.975,True
0.7952868290499061,-0.3952813145602885,2.4159477747882505,0.2,-0.1,0.01,0.975,True
0.2,-0.1,1.874282524131751,0.2,-0.1,0.01,0.98,True
0.3656311883371489,-0.1548843834454015,1.648665236195512,0.2,-0.1,0.01,0.98,True
0.523313109911278,-0.2187851650956057,1.5476295473277595,0.2,-0.1,0.01,0.98,True
0.6739078834565043,-0.2856009635690804,1.4970506007326838,0.2,-0.1,0.01,0.98,True
0.8177713871990901,-0.3526583683168501,2.557238722847656,0.2,-0.1,0.01,0.98,True
0.2,-0.1,1.9115068581167298,0.2,-0.1,0.01,0.985,True
0.3667898217874215,-0.1439460935337282,1.690786206307028,0.2,-0.1,0.01,0.985,True
0.5287447724872233,-0.1967403557935934,1.5817202052118533,0.2,-0.1,0.01,0.985,True
0.6868368300642058,-0.2532360558282593,1.523577391009855,0.2,-0.1,0.01,0.985,True
0.8414155706241057,-0.3107222867574131,2.7613665850090943,0.2,-0.1,0.01,0.985,True
0.2,-0.1,1.9596342496476977,0.2,-0.1,0.01,0.99,True
0.3679530904982531,-0.1331067052855962,1.7506088879813078,0.2,-0.1,0.01,0.99,True
0.5342711372428403,-0.1749092810023356,1.6335558190031114,0.2,-0.1,0.01,0.99,True
0.7002037261937148,-0.2212742038289263,1.5661110858918577,0.2,-0.1,0.01,0.99,True
0.866292439389512,-0.2694966728851875,3.0581548264606186,0.2,-0.1,0.01,0.99,True
0.2,-0.1,1.988774953774756,0.2,-0.1,0.01,0.9925,True
0.3685364333504163,-0.1277236513413854,1.789851130714023,0.2,-0.1,0.01,0.9925,True
0.5370701645207312,-0.1640732836460844,1.669488187114054,0.2,-0.1,0.01,0.9925,True
0.7070564514500481,-0.2054458053419381,1.5968093251081368,0.2,-0.1,0.01,0.9925,True
0.879217724458035,-0.2491584006065315,3.2556013157735713,0.2,-0.1,0.01,0.9925,True
0.2,-0.1,2.0219736399319093,0.2,-0.1,0.01,0.995,True
0.369120899460716,-0.1223647889037252,1.8374115312208656,0.2,-0.1,0.01,0.995,True
0.5398932674945447,-0.1532900011718979,1.7148975800650168,0.2,-0.1,0.01,0.995,True
0.7140248301702642,-0.1897199208465883,1.6367556699602266,0.2,-0.1,0.01,0.995,True
0.8924815789782788,-0.2290078198271747,3.4970993621176047,0.2,-0.1,0.01,0.995,True
0.2,-0.1,2.0598547246475487,0.2,-0.1,0.01,0.9975,True
0.3697064770958855,-0.1170299437371927,1.895493577042972,0.2,-0.1,0.01,0.9975,True
0.5427405819902675,-0.1425592082938389,1.7729158945664738,0.2,-0.1,0.01,0.9975,True
0.7211110375428487,-0.174097231270279,1.6893612664833426,0.2,-0.1,0.01,0.9975,True
0.9060951066474592,-0.2090486497459591,3.7949062129960542,0.2,-0.1,0.01,0.9975,True
0.2,-9.9,1.4142135623733203,0.2,-9.9,0.01,1.0,True
0.1999993355800146,-9.900000173030191,1.4142135623735685,0.2,-9.9,0.01,1.0,True
0.1999986939491554,-9.900000417443808,1.4142135623738932,0.2,-9.9,0.01,1.0,True
0.1999980827381172,-9.90000073032488,1.4142135623742793,0.2,-9.9,0.01,1.0,True
0.1999975092185286,-9.900001107955577,1.4142135623829823,0.2,-9.9,0.01,1.0,True
0.2,-9.9,1.4173893814936354,0.2,-9.9,0.01,1.01,True
0.1999992983233668,-9.881034154694754,1.4180034195581324,0.2,-9.9,0.01,1.01,True
0.1999985894464896,-9.860313602985656,1.4181253367213948,0.2,-9.9,0.01,1.01,True
0.1999978828040899,-9.839262027311126,1.418189334625247,0.2,-9.9,0.01,1.01,True
0.1999971873741175,-9.818038778657892,1.4723946493899913,0.2,-9.9,0.01,1.01,True
0.2,-9.9,1.4266300847130748,0.2,-9.9,0.01,1.02,True
0.1999992615258809,-9.862437726374234,1.4290198860190078,0.2,-9.9,0.01,1.02,True
0.1999984837718637,-9.821402539597235,1.4294943186775686,0.2,-9.9,0.01,1.02,True
0.199997675986624,-9.779711791067127,1.4297433604459793,0.2,-9.9,0.01,1.02,True
0.1999968469566621,-9.737681017392632,1.6305543835203347,0.2,-9.9,0.01,1.02,True
0.2,-9.9,1.4414718583845794,0.2,-9.9,0.01,1.03,True
0.1999992251809956,-9.844200189437872,1.4466827040957493,0.2,-9.9,0.01,1.03,True
0.1999983769460642,-9.783244702131917,1.4477165523563467,0.2,-9.9,0.01,1.03,True
0.1999974621985476,-9.721315476597129,1.4482591569018708,0.2,-9.9,0.01,1.03,True
0.1999964872900617,-9.658881159345484,1.8583619983631436,0.2,-9.9,0.01,1.03,True
0.2,-9.9,1.461421206465657,0.2,-9.9,0.01,1.04,True
0.1999991892822312,-9.826311254224777,1.4703673867835336,0.2,-9.9,0.01,1.04,True
0.1999982689902834,-9.74581842914661,1.4721406314618226,0.2,-9.9,0.01,1.04,True
0.1999972413574948,-9.664039864845735,1.4730710642662677,0.2,-9.9,0.01,1.04,True
0.199996107697804,-9.581594331702044,2.1294727490560943,0.2,-9.9,0.01,1.04,True
0.2,-9.9,1.485972955130122,0.2,-9.9,0.01,1.05,True
0.1999991538231928,-9.808761020688191,1.4994326548871848,0.2,-9.9,0.01,1.05,True
0.1999981599260714,-9.70910288189876,1.502097280985216,0.2,-9.9,0.01,1.05,True
0.1999970133858798,-9.607852999687037,1.5034949897724983,0.2,-9.9,0.01,1.05,True
0.1999957075037353,-9.505777368445708,2.425995804227776,0.2,-9.9,0.01,1.05,True
0.2,-9.9,1.5146260909474152,0.2,-9.9,0.01,1.06,True
0.1999991187975675,-9.791539960127766,1.5332442204173011,0.2,-9.9,0.01,1.06,True
0.1999980497752833,-9.673078005655803,1.5369249237576743,0.2,-9.9,0.01,1.06,True
0.1999967782108609,-9.55272412847173,1.5388549366049842,0.2,-9.9,0.01,1.06,True
0.1999952860328179,-9.43138872996973,2.736818262890214,0.2,-9.9,0.01,1.06,True
0.2,-9.9,1.5468965263585837,0.2,-9.9,0.01,1.07,True
0.1999990841991236,-9.774638897940928,1.5711933933992592,0.2,-9.9,0.01,1.07,True
0.1999979385600352,-9.637724493169012,1.5759895640635158,0.2,-9.9,0.01,1.07,True
0.1999965357642966,-9.498623645902788,1.57850357144713,0.2,-9.9,0.01,1.07,True
0.1999948426118681,-9.358388427191612,3.055152797417723,0.2,-9.9,0.01,1.07,True
0.2,-9.9,1.5823264842522464,0.2,-9.9,0.01,1.08,True
0.1999990500217111,-9.758048997326403,1.6127101224926417,0.2,-9.9,0.01,1.08,True
0.1999978263026592,-9.603023750169385,1.6186985899041255,0.2,-9.9,0.01,1.08,True
0.1999962859826977,-9.445523041021708,1.6218364290823337,0.2,-9.9,0.01,1.08,True
0.199994376570278,-9.28673794987608,3.3768018920824794,0.2,-9.9,0.01,1.08,True
0.2,-9.9,1.6204906542045507,0.2,-9.9,0.01,1.09,True
0.1999990162592619,-9.74176174388346,1.6572709017786247,0.2,-9.9,0.01,1.09,True
0.1999977130256647,-9.568957862758133,1.6645090049916274,0.2,-9.9,0.01,1.09,True
0.1999960288071754,-9.393394847108125,1.6683003100807903,0.2,-9.9,0.01,1.09,True
0.1999938872407149,-9.216400198898503,3.6991128537635145,0.2,-9.9,0.01,1.09,True
0.2,-9.9,1.6609995591560893,0.2,-9.9,0.01,1.1,True
0.1999989829057888,-9.725768931082367,1.704402432424796,0.2,-9.9,0.01,1.1,True
0.1999975987516999,-9.535509566570417,1.712931094491278,0.2,-9.9,0.01,1.1,True
0.1999957641833808,-9.342212594306613,1.7173969399738598,0.2,-9.9,0.01,1.1,True
0.1999933739598029,-9.147339422197769,4.02037218959102,0.2,-9.9,0.01,1.1,True
0.2,-9.9,1.7035006981472167,0.2,-9.9,0.01,1.11,True
0.1999989499553831,-9.71006264688482,1.7536820789395218,0.2,-9.9,0.01,1.11,True
0.1999974835035127,-9.502662217600491,1.7635286782706248,0.2,-9.9,0.01,1.11,True
0.1999954920614389,-9.291950764808904,1.7686831070071571,0.2,-9.9,0.01,1.11,True
0.1999928360687771,-9.07952115418569,4.339452801127705,0.2,-9.9,0.01,1.11,True
0.2,-9.9,1.7476780328006267,0.2,-9.9,0.01,1.12,True
0.1999989174022204,-9.694635264725676,1.8047361164279934,0.2,-9.9,0.01,1.12,True
0.1999973673039217,-9.470399764571004,1.8159170324772236,0.2,-9.9,0.01,1.12,True
0.1999952123958821,-9.242584750433156,1.8217684109865198,0.2,-9.9,0.01,1.12,True
0.1999922729141218,-9.012912158398468,4.6556040231758,0.2,-9.9,0.01,1.12,True
0.2,-9.9,1.79325023689149,0.2,-9.9,0.01,1.13,True
0.1999988852405808,-9.679479469841434,1.857236705563979,0.2,-9.9,0.01,1.13,True
0.199997250175781,-9.43870672140786,1.8697593722010948,0.2,-9.9,0.01,1.13,True
0.1999949251455801,-9.19409081248184,1.8763115574853095,0.2,-9.9,0.01,1.13,True
0.1999916838481819,-8.947480373188068,4.968323284128262,0.2,-9.9,0.01,1.13,True
0.2,-9.9,1.8399671888977658,0.2,-9.9,0.01,1.14,True
0.1999988534650593,-9.664588607583312,1.9108996041608777,0.2,-9.9,0.01,1.14,True
0.1999971321416622,-9.407568027590024,1.9247621172073741,0.2,-9.9,0.01,1.14,True
0.1999946302737764,-9.146446067072828,1.932015998493636,0.2,-9.9,0.01,1.14,True
0.1999910682297067,-8.883194855731427,5.277275484291256,0.2,-9.9,0.01,1.14,True
0.2,-9.9,1.887596272352856,0.2,-9.9,0.01,1.15,True
0.1999988220726046,-9.649959925531402,1.9655232017372513,0.2,-9.9,0.01,1.15,True
0.199997013200192,-9.37695990517461,2.973126210893078,0.2,-9.9,0.01,1.15,True
0.2,-9.9,1.9358201298868147,0.2,-9.9,0.01,1.16,True
0.1999987910812634,-9.635623138758056,2.0235482844874424,0.2,-9.9,0.01,1.16,True
0.1999968914584739,-9.34616281638323,3.1094422123068735,0.2,-9.9,0.01,1.16,True
0.2,-9.9,1.9833628273651551,0.2,-9.9,0.01,1.17,True
0.1999987606975397,-9.62188464392654,2.278543583154458,0.2,-9.9,0.01,1.17,True
0.199996619962914,-9.264580731104465,3.4776838108094696,0.2,-9.9,0.01,1.17,True
0.2,-9.9,2.0206068841189917,0.2,-9.9,0.01,1.18,True
0.1999987327908144,-9.611360057817098,19.67583236519671,0.2,-9.9,0.01,1.18,True
0.2002512494956408,-5.681431847623844,21.11374772490477,0.2,-9.9,0.01,1.18,True
0.2,-9.9,1.9708743394393586,0.2,-9.9,0.01,1.19,True
0.1999987255354956,-9.625458834917977,1.9708743394393586,0.2,-9.9,0.01,1.19,True
0.2,-9.9,1.451345795261432,0.2,-9.9,0.01,1.2,True
0.1999990411309309,-9.83476089101221,1.451345795261432,0.2,-9.9,0.01,1.2,True
0.15,-0.113,1.9409886800507707,0.15,-0.113,0.01,0.905,False
0.2895178245142094,-0.378542220809638,1.6397620035347704,0.15,-0.113,0.01,0.905,False
0.3823805338054206,-0.6379869532762205,1.5519757499945366,0.15,-0.113,0.01,0.905,False
0.4443074648749692,-0.8905672213287098,1.515938692060874,0.15,-0.113,0.01,0.905,False
0.4858169564086081,-1.1379276353529597,2.8584523989133235,0.15,-0.113,0.01,0.905,False
0.15,-0.113,2.2051310267792403,0.15,-0.113,0.015,0.905,False
0.2796991979892218,-0.5033456098087407,1.8320048745878956,0.15,-0.113,0.015,0.905,False
0.3500765153811915,-0.8819817660092546,1.720517692014406,0.15,-0.113,0.015,0.905,False
0.388784322062124,-1.2507439784690693,1.6745101062810344,0.15,-0.113,0.015,0.905,False
0.4106405608227093,-1.6133497300170534,4.1114980669977825,0.15,-0.113,0.015,0.905,False
0.15,-0.113,2.5456178616700966,0.15,-0.113,0.02,0.905,False
0.2714987022144945,-0.6263033141433615,2.1167413383275653,0.15,-0.113,0.02,0.905,False
0.3258088340197458,-1.123131498088792,1.9876953022715669,0.15,-0.113,0.02,0.905,False
0.35102610229849,-1.607865648552748,1.9354485833978934,0.15,-0.113,0.02,0.905,False
0.3635016229987631,-2.0859954121859223,5.735033018087394,0.15,-0.113,0.02,0.905,False
0.15,-0.113,2.9400337824842655,0.15,-0.113,0.025,0.905,False
0.2646343907648044,-0.7475532149192052,2.474633836039199,0.15,-0.113,0.025,0.905,False
0.3073606143797299,-1.3617745791127345,2.33588687337474,0.15,-0.113,0.025,0.905,False
0.3245432205576579,-1.9622781275894765,2.281419452971004,0.15,-0.113,0.025,0.905,False
0.3322674135662239,-2.556101923240984,7.575785774826954,0.15,-0.113,0.025,0.905,False
0.15,-0.113,3.3718178029139882,0.15,-0.113,0.03,0.905,False
0.2588727052785118,-0.867207912582356,2.8858825202386886,0.15,-0.113,0.03,0.905,False
0.2931595496623627,-1.5982284935386892,2.7430901767943405,0.15,-0.113,0.03,0.905,False
0.305402090843203,-2.314430724775704,2.689188588198899,0.15,-0.113,0.03,0.905,False
0.3105274888694613,-3.024172537263128,9.546464462809167,0.15,-0.113,0.03,0.905,False
0.15,-0.113,3.829021726078139,0.15,-0.113,0.035,0.905,False
0.2540211536444177,-0.9853603966796958,3.3345016484069174,0.15,-0.113,0.035,0.905,False
0.2820831273044732,-1.8327635648283416,3.191193879467938,0.15,-0.113,0.035,0.905,False
0.2911658538415513,-2.6647102460759258,3.139716875952051,0.15,-0.113,0.035,0.905,False
0.2947421802235457,-3.4906234263172125,11.59741355170809,0.15,-0.113,0.035,0.905,False
0.15,-0.113,4.303156435918092,0.15,-0.113,0.04,0.905,False
0.2499217316668199,-1.102088666995245,3.8089671338491073,0.15,-0.113,0.04,0.905,False
0.2733256877124658,-2.065600479202603,3.667455671319089,0.15,-0.113,0.04,0.905,False
0.2802936516643485,-3.013412806678333,3.6196771362664184,0.15,-0.113,0.04,0.905,False
0.2828697514353488,-3.955743553064965,13.699274953331217,0.15,-0.113,0.04,0.905,False
0.15,-0.113,4.788191041587559,0.15,-0.113,0.045,0.905,False
0.2464450693733983,-1.2174592859173927,4.30137417414127,0.15,-0.113,0.045,0.905,False
0.2663059644018006,-2.2969159255441687,4.163374067334126,0.15,-0.113,0.045,0.905,False
0.2717903383468038,-3.3607543172472165,4.120112836892071,0.15,-0.113,0.045,0.905,False
0.2736792773503996,-4.419720533752099,15.833793192098248,0.15,-0.113,0.045,0.905,False
0.15,-0.113,5.27981500754562,0.15,-0.113,0.05,0.905,False
0.2434853252884127,-1.331529979087425,4.806406122584722,0.15,-0.113,0.05,0.905,False
0.2606021720551031,-2.526850163740802,4.673304329029381,0.15,-0.113,0.05,0.905,False
0.2649987160630964,-3.706888616925321,4.6349781610926,0.15,-0.113,0.05,0.905,False
0.2663958035421191,-4.882672152082866,17.989050712226856,0.15,-0.113,0.05,0.905,False
0.15,-0.113,10.163378822269195,0.15,-0.113,0.1,0.905,False
0.2290564315577049,-2.409592868406887,10.123659442902133,0.15,-0.113,0.1,0.905,False
0.2351253602516423,-4.7662808863812325,10.063802547955422,0.15,-0.113,0.1,0.905,False
0.2357467887262174,-7.115227399041292,10.058136320068567,0.15,-0.113,0.1,0.905,False
0.2358130420396134,-9.463503433838223,39.68809157427855,0.15,-0.113,0.1,0.905,False
0.15,-0.113,18.87577214358271,0.15,-0.113,0.2,0.905,False
0.2217639954248798,-4.282900834816363,21.11243027874044,0.15,-0.113,0.2,0.905,False
0.2229773676788649,-8.979891492111326,21.10866697782194,0.15,-0.113,0.2,0.905,False
0.2229894426250745,-13.676325417464948,21.108618863257156,0.15,-0.113,0.2,0.905,False
0.2229895607154315,-18.372751272189635,81.9029553653093,0.15,-0.113,0.2,0.905,False
0.15,-0.113,26.314911109221683,0.15,-0.113,0.3,0.905,False
0.2175967459907685,-5.827855972626021,32.318005778896456,0.15,-0.113,0.3,0.905,False
0.2177986492950057,-12.85992809411539,32.37519052141284,0.15,-0.113,0.3,0.905,False
0.2177981848985493,-19.90445530083696,32.37569831784517,0.15,-0.113,0.3,0.905,False
0.2177981787431595,-26.949093006239007,123.22643623409353,0.15,-0.113,0.3,0.905,False
0.15,-0.113,32.656179817088166,0.15,-0.113,0.4,0.905,False
0.2139262673472024,-7.090248431297915,43.65045205673245,0.15,-0.113,0.4,0.905,False
0.2136275374630001,-16.41029556468142,43.98355838674137,0.15,-0.113,0.4,0.905,False
0.2136166852750883,-25.8010596083006,43.99311016051233,0.15,-0.113,0.4,0.905,False
0.2136163740030534,-35.19385135077672,164.23177147918318,0.15,-0.113,0.4,0.905,False
0.15,-0.113,38.06543290305118,0.15,-0.113,0.5,0.905,False
0.2106278815639265,-8.123311209605447,54.939981154951326,0.15,-0.113,0.5,0.905,False
0.2096800372248105,-19.63932144806677,55.96558155012155,0.15,-0.113,0.5,0.905,False
0.2096231850351317,-31.367259113500094,56.02541868634733,0.15,-0.113,0.5,0.905,False
0.209619869035594,-43.10755794747526,205.11371923504902,0.15,-0.113,0.5,0.905,False
0.15,-0.113,42.70613858691403,0.15,-0.113,0.6,0.905,False
0.2076826920942204,-8.97594380553628,66.02891772858518,0.15,-0.113,0.6,0.905,False
0.2058301482101827,-22.563584950931663,68.29525281524819,0.15,-0.113,0.6,0.905,False
0.2056556515053053,-36.605879047668985,68.50771377084409,0.15,-0.113,0.6,0.905,False
0.2056393081325122,-50.69075596001774,245.95904683376415,0.15,-0.113,0.6,0.905,False
0.15,-0.113,46.718289826011656,0.15,-0.113,0.7,0.905,False
0.2050643196099922,-9.687543690058764,76.80779022135025,0.15,-0.113,0.7,0.905,False
0.2020805923196374,-25.206300030906355,80.91354703233955,0.15,-0.113,0.7,0.905,False
0.2016880189249886,-41.52310211577229,81.45408118743745,0.15,-0.113,0.7,0.905,False
0.2016364490471674,-57.9447383380866,286.81641775933105,0.15,-0.113,0.7,0.905,False
0.15,-0.113,50.21502632220265,0.15,-0.113,0.8,0.905,False
0.2027390013170092,-10.288333136361048,87.2119079626294,0.15,-0.113,0.8,0.905,False
0.1984575216333388,-27.59394710404445,93.74912269484348,0.15,-0.113,0.8,0.905,False
0.1977322524136177,-46.12906611910517,94.86064644281483,0.15,-0.113,0.8,0.905,False
0.1976094618231778,-64.87234451377226,327.7176576982562,0.15,-0.113,0.8,0.905,False
0.15,-0.113,53.286180598060355,0.15,-0.113,0.9,0.905,False
0.2006713353927332,-10.801183431343592,97.20899298503365,0.15,-0.113,0.9,0.905,False
0.1949842089101265,-29.753433019967456,106.73171322515232,0.15,-0.113,0.9,0.905,False
0.1938110373825109,-50.437405633341456,108.71002727621169,0.15,-0.113,0.9,0.905,False
0.1935690843024723,-71.47852604736967,368.6858496889734,0.15,-0.113,0.9,0.905,False
0.15,-0.113,56.00297455366045,0.15,-0.113,1.0,0.905,False
0.1988278344315778,-11.243430860251086,106.78808552685024,0.15,-0.113,1.0,0.905,False
0.1916754372647322,-31.710331568065072,119.79867433838089,0.15,-0.113,1.0,0.905,False
0.1899478859494764,-54.46425689729211,122.97641343090075,0.15,-0.113,1.0,0.905,False
0.1895306673743495,-77.77051837636841,409.7389007720142,0.15,-0.113,1.0,0.905,False
0.15,-0.113,3.5678826074681282,0.15,-0.113,0.01,0.75,False
0.2562741780031737,-0.9175911438733894,3.049107676927312,0.15,-0.113,0.01,0.75,False
0.2876848637775705,-1.6892343145224011,2.9066329569933456,0.15,-0.113,0.01,0.75,False
0.2985133452468462,-2.4459479620971427,2.8535502048618704,0.15,-0.113,0.01,0.75,False
0.3029550477479191,-3.1963872900230235,10.334371530376881,0.15,-0.113,0.01,0.75,False
0.15,-0.113,3.4119138739885737,0.15,-0.113,0.01,0.76,False
0.2580242759844299,-0.8768371393107875,2.901136586747435,0.15,-0.113,0.01,0.76,False
0.2917379814528948,-1.6095684237898438,2.7590000517806907,0.15,-0.113,0.01,0.76,False
0.3037678580333249,-2.327609824385742,2.7052362370421634,0.15,-0.113,0.01,0.76,False
0.3088053277140784,-3.0392467622128385,9.645371913585294,0.15,-0.113,0.01,0.76,False
0.15,-0.113,3.263029377764467,0.15,-0.113,0.01,0.77,False
0.2598329639492702,-0.8370517816638058,2.761003178625267,0.15,-0.113,0.01,0.77,False
0.2960262260366743,-1.5318371536066089,2.619575453722375,0.15,-0.113,0.01,0.77,False
0.309411989273949,-2.212216530536855,2.565347798091356,0.15,-0.113,0.01,0.77,False
0.3151368588478243,-2.886086736219175,8.983162876489398,0.15,-0.113,0.01,0.77,False
0.15,-0.113,3.1212063811203126,0.15,-0.113,0.01,0.78,False
0.2616993671776099,-0.7981978059293022,2.6287493838411446,0.15,-0.113,0.01,0.78,False
0.3005597742850377,-1.4559621765104211,2.4884323747814854,0.15,-0.113,0.01,0.78,False
0.3154772040277388,-2.099647219753545,2.433967043890512,0.15,-0.113,0.01,0.78,False
0.321999191623782,-2.7367450043066253,8.347763346349486,0.15,-0.113,0.01,0.78,False
0.15,-0.113,2.9864284642515835,0.15,-0.113,0.01,0.79,False
0.2636225919171465,-0.7602398547305287,2.5044190758931264,0.15,-0.113,0.01,0.79,False
0.3053490326028925,-1.3818692704563815,2.365649690511572,0.15,-0.113,0.01,0.79,False
0.321997575079145,-1.9897872052758097,2.311183602202402,0.15,-0.113,0.01,0.79,False
0.3294481307824543,-2.591067292044055,7.7392917351766055,0.15,-0.113,0.01,0.79,False
0.15,-0.113,2.858684654408676,0.15,-0.113,0.01,0.8,False
0.2656017268768721,-0.7231443589296943,2.388053175149242,0.15,-0.113,0.01,0.8,False
0.3104046192933767,-1.3094880929649302,2.2513045299732566,0.15,-0.113,0.01,0.8,False
0.3290099211223544,-1.8825277015831212,2.197087243464882,0.15,-0.113,0.01,0.8,False
0.3375464638087789,-2.448906924726124,7.157974706152116,0.15,-0.113,0.01,0.8,False
0.15,-0.113,2.7379683396504264,0.15,-0.113,0.01,0.81,False
0.267635844747666,-0.6868794270613323,2.2796839556127853,0.15,-0.113,0.01,0.81,False
0.3157373472411641,-1.2387519746910038,2.145463064991552,0.15,-0.113,0.01,0.81,False
0.3365539474370488,-1.7777655947190876,2.0917581171099324,0.15,-0.113,0.01,0.81,False
0.3463647580914888,-2.310124574155629,6.604155989187567,0.15,-0.113,0.01,0.81,False
0.15,-0.113,2.6242759636085777,0.15,-0.113,0.01,0.82,False
0.2697240037351527,-0.6514147428392836,2.179328620252877,0.15,-0.113,0.01,0.82,False
0.3213582073051207,-1.1695977310837615,2.0481696017864395,0.15,-0.113,0.01,0.82,False
0.3446723900610895,-1.67540325628962,1.9952544854621355,0.15,-0.113,0.01,0.82,False
0.3559822328347148,-2.1745880935727286,6.078304893107392,0.15,-0.113,0.01,0.82,False
0.15,-0.113,2.5176055360094614,0.15,-0.113,0.01,0.83,False
0.2718652490919696,-0.6167214700611421,2.086982335709008,0.15,-0.113,0.01,0.83,False
0.327278352713353,-1.1019654909642294,1.9594343409596275,0.15,-0.113,0.01,0.83,False
0.3534111650359254,-1.5753484024153883,1.9075982291808302,0.15,-0.113,0.01,0.83,False
0.3664877135180522,-2.0421724515439355,5.581023994762391,0.15,-0.113,0.01,0.83,False
0.15,-0.113,2.4179550565279384,0.15,-0.113,0.01,0.84,False
0.2740586146384197,-0.5827721642977345,2.0026110865700817,0.15,-0.113,0.01,0.84,False
0.3335090847723362,-1.035798540991132,1.8792205099754942,0.15,-0.113,0.01,0.84,False
0.3628195250258337,-1.477513999704331,1.8287588714109404,0.15,-0.113,0.01,0.84,False
0.3779806792789866,-1.9127597792827744,5.113055180106519,0.15,-0.113,0.01,0.84,False
0.15,-0.113,2.3253210479719373,0.15,-0.113,0.01,0.85,False
0.2763031242620949,-0.5495406908121144,1.9261449215298396,0.15,-0.113,0.01,0.85,False
0.3400618402222123,-0.9710431851146052,1.807431952449566,0.15,-0.113,0.01,0.85,False
0.3729502265276558,-1.3818182211617973,1.7586374265734617,0.15,-0.113,0.01,0.85,False
0.3905724173731171,-1.786239550309867,4.675282679589123,0.15,-0.113,0.01,0.85,False
0.15,-0.113,2.2396975448724463,0.15,-0.113,0.01,0.86,False
0.2785977933885513,-0.5170021482037012,1.8574724104756102,0.15,-0.113,0.01,0.86,False
0.3469481805930122,-0.9076486182351544,1.743902619310352,0.15,-0.113,0.01,0.86,False
0.3838597120380376,-1.2881844558851494,1.6970519226430745,0.15,-0.113,0.01,0.86,False
0.4043873043335195,-1.6625089167371243,4.2687308848509815,0.15,-0.113,0.01,0.86,False
0.15,-0.113,2.161076109867397,0.15,-0.113,0.01,0.87,False
0.280941630416396,-0.4851327973190605,1.796437405124773,0.15,-0.113,0.01,0.87,False
0.3541797839420866,-0.8455668133922655,1.6883896708704587,0.15,-0.113,0.01,0.87,False
0.3956083129863197,-1.196541377404871,1.6437268268997671,0.15,-0.113,0.01,0.87,False
0.419564241258367,-1.541473232952053,3.894553534107615,0.15,-0.113,0.01,0.87,False
0.15,-0.113,2.0894477931257556,0.15,-0.113,0.01,0.88,False
0.2833336381113271,-0.4539099950121676,1.7428395051461791,0.15,-0.113,0.01,0.88,False
0.3617684393823928,-0.7847524219049594,1.6405720075956831,0.15,-0.113,0.01,0.88,False
0.4082604810446015,-1.1068230766406544,1.5982886822075246,0.15,-0.113,0.01,0.88,False
0.4362582817071283,-1.4230468052491811,3.554009578256781,0.15,-0.113,0.01,0.88,False
0.15,-0.113,2.024808480158675,0.15,-0.113,0.01,0.89,False
0.2857728149547169,-0.4233121323740203,1.6964400366734584,0.15,-0.113,0.01,0.89,False
0.3697260448451289,-0.7251626859756933,1.6000560210623138,0.15,-0.113,0.01,0.89,False
0.421885057682578,-1.018969266637786,1.560269981692113,0.15,-0.113,0.01,0.89,False
0.4546425062172913,-1.3071539151314988,3.2484207272479395,0.15,-0.113,0.01,0.89,False
0.15,-0.113,1.9671699215715348,0.15,-0.113,0.01,0.9,False
0.2882581564432351,-0.3933185770850964,1.6569760248432828,0.15,-0.113,0.01,0.9,False
0.3780646085596143,-0.6667573633508848,1.5663903764571885,0.15,-0.113,0.01,0.9,False
0.4365555946592124,-0.932925567529292,1.5291228202954614,0.15,-0.113,0.01,0.9,False
0.4749102191663434,-1.193730174611041,2.979109019712878,0.15,-0.113,0.01,0.9,False
0.15,-0.113,1.9165801561945852,0.15,-0.113,0.01,0.91,False
0.290788656336829,-0.3639096195742426,1.6241859950214932,0.15,-0.113,0.01,0.91,False
0.3867962547793216,-0.6094986637059819,1.5390921619842606,0.15,-0.113,0.01,0.91,False
0.4523507416837379,-0.8486438815108374,1.5042436204003908,0.15,-0.113,0.01,0.91,False
0.4972775739387529,-1.082724283697043,2.74732539444808,0.15,-0.113,0.01,0.91,False
0.15,-0.113,1.873159523675013,0.15,-0.113,0.01,0.92,False
0.2933633078531085,-0.3350664226949914,1.5978543649391423,0.15,-0.113,0.01,0.92,False
0.3959332343368392,-0.5533511964913436,1.5176887240666026,0.15,-0.113,0.01,0.92,False
0.4693547219235858,-0.7660828689805005,1.4850111737521856,0.15,-0.113,0.01,0.92,False
0.5219867743392959,-0.9741002728205794,2.5542120754056796,0.15,-0.113,0.01,0.92,False
0.15,-0.113,1.837163020684495,0.15,-0.113,0.01,0.93,False
0.2959811048067846,-0.3067709746548939,1.5778876765429666,0.15,-0.113,0.01,0.93,False
0.4054879406735802,-0.4982819300374254,1.501784978887347,0.15,-0.113,0.01,0.93,False
0.4876579216280702,-0.6852085383195824,1.4708442553363439,0.15,-0.113,0.01,0.93,False
0.5493100583621316,-0.8678403249991654,2.4009078480271717,0.15,-0.113,0.01,0.93,False
0.15,-0.113,1.8090884821926803,0.15,-0.113,0.01,0.94,False
0.2986410426933719,-0.2790060449558752,1.564450595641715,0.15,-0.113,0.01,0.94,False
0.4154729320639205,-0.4442601617742688,1.4911797428709608,0.15,-0.113,0.01,0.94,False
0.5073576271829358,-0.6059949629714669,1.4612965070949602,0.15,-0.113,0.01,0.94,False
0.579554750882802,-0.7639482817693725,2.2890304174727385,0.15,-0.113,0.01,0.94,False
0.15,-0.113,1.7898674792941889,0.15,-0.113,0.01,0.95,False
0.3013421197168471,-0.2517551431238538,1.5582241216291812,0.15,-0.113,0.01,0.95,False
0.4259009608399295,-0.3912574994710319,1.4860894108340337,0.15,-0.113,0.01,0.95,False
0.5285589518081135,-0.5284251403588077,1.4562370771209983,0.15,-0.113,0.01,0.95,False
0.6130697829502467,-0.6624539391387171,2.2220097006128787,0.15,-0.113,0.01,0.95,False
0.15,-0.113,1.7840668561645436,0.15,-0.113,0.01,0.955,False
0.3027077733245249,-0.2383174921651444,1.5582887032963357,0.15,-0.113,0.01,0.955,False
0.4312851613737714,-0.3651300900739244,1.4859024734928563,0.15,-0.113,0.01,0.955,False
0.5397579911596344,-0.49025400966883,1.4555254178060597,0.15,-0.113,0.01,0.955,False
0.6311761419400415,-0.6126235693141804,2.2076033794389796,0.15,-0.113,0.01,0.955,False
0.15,-0.113,1.7812120461837375,0.15,-0.113,0.01,0.96,False
0.3040833377613445,-0.2250024800242599,1.5609345539311477,0.15,-0.113,0.01,0.96,False
0.4367850105239032,-0.3392478534464729,1.487630913153941,0.15,-0.113,0.01,0.96,False
0.5513760053657206,-0.4524920075360152,1.4562526616435543,0.15,-0.113,0.01,0.96,False
0.6502542285106971,-0.563418227838161,2.208271332892383,0.15,-0.113,0.01,0.96,False
0.15,-0.113,1.7817451998817508,0.15,-0.113,0.01,0.965,False
0.3054686889881528,-0.2118082366911068,1.5667306150735971,0.15,-0.113,0.01,0.965,False
0.4424021749081772,-0.3136078886721309,1.49174229237644,0.15,-0.113,0.01,0.965,False
0.5634289065307013,-0.4151399988315692,1.458768526404988,0.15,-0.113,0.01,0.965,False
0.6703636147768155,-0.5148514002041237,2.2270367052243296,0.15,-0.113,0.01,0.965,False
0.15,-0.113,1.7862692439710754,0.15,-0.113,0.01,0.97,False
0.3068637033073293,-0.1987329315767265,1.5765343364290294,0.15,-0.113,0.01,0.97,False
0.44813834189409,-0.2882074397404824,1.4989930005267904,0.15,-0.113,0.01,0.97,False
0.5759333750081911,-0.3781996279703236,1.463679253227168,0.15,-0.113,0.01,0.97,False
0.6915686199845525,-0.4669393339334569,2.2686246455904997,0.15,-0.113,0.01,0.97,False
0.15,-0.113,1.7956115435328297,0.15,-0.113,0.01,0.975,False
0.308268257388426,-0.1857747724986676,1.5916523104695108,0.15,-0.113,0.01,0.975,False
0.453995221610214,-0.2630438962477212,1.5106150786866164,0.15,-0.113,0.01,0.975,False
0.5889069289213127,-0.3416733662081625,1.472029637974886,0.15,-0.113,0.01,0.975,False
0.7139388935051961,-0.4197012779949237,2.3404344399865575,0.15,-0.113,0.01,0.975,False
0.15,-0.113,1.8109167030202826,0.15,-0.113,0.01,0.98,False
0.3096822282929936,-0.1729320046975185,1.6141103140159583,0.15,-0.113,0.01,0.98,False
0.4599745491469365,-0.2381147942700005,1.5286525161435613,0.15,-0.113,0.01,0.98,False
0.6023680025009734,-0.3055645620014577,1.4856439735492737,0.15,-0.113,0.01,0.98,False
0.7375500926574174,-0.3731597315333415,2.454138945070485,0.15,-0.113,0.01,0.98,False
0.15,-0.113,1.8337840865857267,0.15,-0.113,0.01,0.985,False
0.3111054934985676,-0.1602029098834766,1.6471234226236338,0.15,-0.113,0.01,0.985,False
0.4660780869586061,-0.2134178174102342,1.5565935447358665,0.15,-0.113,0.01,0.985,False
0.6163360343735783,-0.2698774944324441,1.50779461477974,0.15,-0.113,0.01,0.985,False
0.7624846717110815,-0.3273406977224338,2.628425673693102,0.15,-0.113,0.01,0.985,False
0.15,-0.113,1.8664753801324163,0.15,-0.113,0.01,0.99,False
0.3125379309218534,-0.1475858053119078,1.6959481344044658,0.15,-0.113,0.01,0.99,False
0.472307627480143,-0.1889507980189781,1.6006210730688921,0.15,-0.113,0.01,0.99,False
0.630831567073493,-0.2346174296625677,1.5445840329807912,0.15,-0.113,0.01,0.99,False
0.7888328011607327,-0.2822739367049135,2.893979703192145,0.15,-0.113,0.01,0.99,False
0.15,-0.113,1.8874682613206808,0.15,-0.113,0.01,0.9925,False
0.3132575511897202,-0.1413187330075538,1.7288622674788687,0.15,-0.113,0.01,0.9925,False
0.4754702177860505,-0.1768028859966258,1.6319300814354734,0.15,-0.113,0.01,0.9925,False
0.6382838949458784,-0.2171494534648983,1.5718320680285465,0.15,-0.113,0.01,0.9925,False
0.802567495695651,-0.2600330461446785,3.076090268433487,0.15,-0.113,0.01,0.9925,False
0.15,-0.113,1.912234505432425,0.15,-0.113,0.01,0.995,False
0.3139794189411113,-0.135079042886842,1.7695028991509916,0.15,-0.113,0.01,0.995,False
0.4786649959720272,-0.1647117185900204,1.6722391465401127,0.15,-0.113,0.01,0.995,False
0.6458763592180511,-0.1997906803228953,1.6079839822819382,0.15,-0.113,0.01,0.995,False
0.8166934395086451,-0.237993209170355,3.303340919146054,0.15,-0.113,0.01,0.995,False
0.15,-0.113,1.9414155423961101,0.15,-0.113,0.01,0.9975,False
0.3147035190489709,-0.1288665342089833,1.820085766577087,0.15,-0.113,0.01,0.9975,False
0.4818921958312565,-0.1526770673285114,1.7247732705574697,0.15,-0.113,0.01,0.9975,False
0.6536118904717566,-0.1825420730270176,1.656608497570817,0.15,-0.113,0.01,0.9975,False
0.8312245805485876,-0.2161593075311375,3.5892223507184644,0.15,-0.113,0.01,0.9975,False
0.15,-9.913,1.4142135623733514,0.15,-9.913,0.01,1.0,False
0.1499993364363481,-9.913000137766693,1.4142135623737206,0.15,-9.913,0.01,1.0,False
0.1499986918177427,-9.91300034703102,1.4142135623742313,0.15,-9.913,0.01,1.0,False
0.1499980738107635,-9.913000625294767,1.4142135623748597,0.15,-9.913,0.01,1.0,False
0.149997489767565,-9.913000969251428,1.4142135623867231,0.15,-9.913,0.01,1.0,False
0.15,-9.913,1.4218045813700946,0.15,-9.913,0.01,1.01,False
0.1499993009161235,-9.890991341716465,1.4219009950509596,0.15,-9.913,0.01,1.01,False
0.1499985905254646,-9.868843086782553,1.4219010123105793,0.15,-9.913,0.01,1.01,False
0.1499978773878591,-9.846694912283509,1.4219010277235107,0.15,-9.913,0.01,1.01,False
0.1499971704105298,-9.824546819841723,1.5322353737486052,0.15,-9.913,0.01,1.01,False
0.15,-9.913,1.4437603330051472,0.15,-9.913,0.01,1.02,False
0.1499992659553779,-9.869411375763017,1.444129170257145,0.15,-9.913,0.01,1.02,False
0.1499984880534181,-9.825548931330536,1.4441293759875091,0.15,-9.913,0.01,1.02,False
0.1499976736591871,-9.781686573256426,1.4441295825190439,0.15,-9.913,0.01,1.02,False
0.1499968311881969,-9.7378243090355,1.8340948282588665,0.15,-9.913,0.01,1.02,False
0.15,-9.913,1.4786313230087047,0.15,-9.913,0.01,1.03,False
0.1499992315457325,-9.84824782795244,1.4794183276433288,0.15,-9.913,0.01,1.03,False
0.149998384420007,-9.783092819748044,1.4794189449436053,0.15,-9.913,0.01,1.03,False
0.1499974625004408,-9.717937897878857,1.4794195937151726,0.15,-9.913,0.01,1.03,False
0.1499964712654299,-9.652783076313096,2.238214187940448,0.15,-9.913,0.01,1.03,False
0.15,-9.913,1.5247914590901341,0.15,-9.913,0.01,1.04,False
0.1499991976789045,-9.827488760734168,1.526109481843209,0.15,-9.913,0.01,1.04,False
0.1499982796442943,-9.741450652014551,1.5261107752677234,0.15,-9.913,0.01,1.04,False
0.1499972437923813,-9.6554126232259,1.5261121868502407,0.15,-9.913,0.01,1.04,False
0.1499960898008638,-9.569374695029069,2.6922485332933443,0.15,-9.913,0.01,1.04,False
0.15,-9.913,1.580578413085722,0.15,-9.913,0.01,1.05,False
0.1499991643466996,-9.807122688511184,1.5825088931880404,0.15,-9.913,0.01,1.05,False
0.1499981737459321,-9.700599243399513,1.5825111586659442,0.15,-9.913,0.01,1.05,False
0.149997017420858,-9.594075864999956,1.582513715730933,0.15,-9.913,0.01,1.05,False
0.1499956859478618,-9.487552580464564,3.16940917619916,0.15,-9.913,0.01,1.05,False
0.15,-9.913,1.6444018129568707,0.15,-9.913,0.01,1.06,False
0.1499991315410161,-9.78713855645254,1.6469988600563508,0.15,-9.913,0.01,1.06,False
0.1499980667451001,-9.660516281419268,1.6470024167378339,0.15,-9.913,0.01,1.06,False
0.1499967832768292,-9.533894052632752,1.6470065574090333,0.15,-9.913,0.01,1.06,False
0.1499952588554742,-9.407271903075404,3.6562102616693886,0.15,-9.913,0.01,1.06,False
0.15,-9.913,1.7148116085773593,0.15,-9.913,0.01,1.07,False
0.1499990992538464,-9.767525720486953,1.718107157049154,0.15,-9.913,0.01,1.07,False
0.1499979586624548,-9.621180285200776,1.7181123415605721,0.15,-9.913,0.01,1.07,False
0.1499965412563703,-9.474834868019746,1.718118554509124,0.15,-9.913,0.01,1.07,False
0.1499948076693929,-9.328489506598142,4.145553273369905,0.15,-9.913,0.01,1.07,False
0.15,-9.913,1.790530905472082,0.15,-9.913,0.01,1.08,False
0.1499990674772736,-9.748273928401076,1.7945398367414853,0.15,-9.913,0.01,1.08,False
0.1499978495190672,-9.582570567096116,1.7945469996107546,0.15,-9.913,0.01,1.08,False
0.1499962912606678,-9.416867187651528,1.794555821086048,0.15,-9.913,0.01,1.08,False
0.1499943315328907,-9.251163830699433,4.633502847888356,0.15,-9.913,0.01,1.08,False
0.15,-9.913,1.8704628422691703,0.15,-9.913,0.01,1.09,False
0.1499990362034763,-9.72937330197198,1.8751874730299531,0.15,-9.913,0.01,1.09,False
0.1499977393363772,-9.54466719640357,1.875196976747485,0.15,-9.913,0.01,1.09,False
0.1499960331960143,-9.359961027923989,1.8752089892647776,0.15,-9.913,0.01,1.09,False
0.149993829587754,-9.175254837876428,5.117781003291538,0.15,-9.913,0.01,1.09,False
0.15,-9.913,1.9536813965721251,0.15,-9.913,0.01,1.1,False
0.1499990054247237,-9.710814320068044,1.9591151168804106,0.15,-9.913,0.01,1.1,False
0.1499976281361407,-9.507450965061455,1.9591273350442389,0.15,-9.913,0.01,1.1,False
0.1499957669737831,-9.304087493425758,1.9591431672938542,0.15,-9.913,0.01,1.1,False
0.1499933009751998,-9.100723944338876,5.597029000801829,0.15,-9.913,0.01,1.1,False
0.15,-9.913,2.039413941925196,0.15,-9.913,0.01,1.11,False
0.149998975133381,-9.692587802658691,2.045544015920531,0.15,-9.913,0.01,1.11,False
0.1499975159403848,-9.470903355191744,2.0455593330255857,0.15,-9.913,0.01,1.11,False
0.1499954925104069,-9.249218728015991,2.045579660587578,0.15,-9.913,0.01,1.11,False
0.1499927448367773,-9.027533954622545,6.070424411320115,0.15,-9.913,0.01,1.11,False
0.15,-9.913,2.127020821207478,0.15,-9.913,0.01,1.12,False
0.1499989453219051,-9.674684895674917,2.133830467854392,0.15,-9.913,0.01,1.12,False
0.1499974027713661,-9.435006508376544,2.1338492794173036,0.15,-9.913,0.01,1.12,False
0.1499952097273427,-9.195327868517357,2.133874825957284,0.15,-9.913,0.01,1.12,False
0.1499921603152571,-8.955648999699921,6.5374714780882694,0.15,-9.913,0.01,1.12,False
0.15,-9.913,2.215975045423556,0.15,-9.913,0.01,1.13,False
0.1499989159828492,-9.657097056669537,2.223444945542685,0.15,-9.913,0.01,1.13,False
0.1499972886515266,-9.399743196561706,2.2234676583671558,0.15,-9.913,0.01,1.13,False
0.1499949185510299,-9.142389000863606,2.223499197085439,0.15,-9.913,0.01,1.13,False
0.1499915465554937,-8.8850344783728,6.997880701489251,0.15,-9.913,0.01,1.13,False
0.15,-9.913,2.3058437086627155,0.15,-9.913,0.01,1.14,False
0.1499988871088577,-9.63981604122764,2.313953075710747,0.15,-9.913,0.01,1.14,False
0.1499971736034562,-9.365096794487313,2.313980108182295,0.15,-9.913,0.01,1.14,False
0.1499946189128433,-9.090377118550332,2.314018463363015,0.15,-9.913,0.01,1.14,False
0.1499909027052725,-8.815657001745146,7.4514967038330315,0.15,-9.913,0.01,1.14,False
0.15,-9.913,2.396271761036277,0.15,-9.913,0.01,1.15,False
0.1499988586926725,-9.622833890081896,2.404999090012015,0.15,-9.913,0.01,1.15,False
0.1499970576498573,-9.331051253552666,4.12944809435648,0.15,-9.913,0.01,1.15,False
0.15,-9.913,2.4869682451589648,0.15,-9.913,0.01,1.16,False
0.1499988307271265,-9.606142916890986,2.4962918287127533,0.15,-9.913,0.01,1.16,False
0.149996940813509,-9.297591077029272,4.339706347937997,0.15,-9.913,0.01,1.16,False
0.15,-9.913,2.577694831352233,0.15,-9.913,0.01,1.17,False
0.1499988032051489,-9.589735696640664,2.587593109761713,0.15,-9.913,0.01,1.17,False
0.1499968231172362,-9.264701296541292,4.547571166349347,0.15,-9.913,0.01,1.17,False
0.15,-9.913,2.66825637349194,0.15,-9.913,0.01,1.18,False
0.1499987761197624,-9.57360505463187,2.6787081671892943,0.15,-9.913,0.01,1.18,False
0.1499967045838808,-9.232367449738891,4.752922362724229,0.15,-9.913,0.01,1.18,False
0.15,-9.913,2.758493180076699,0.15,-9.913,0.01,1.19,False
0.1499987494640846,-9.557744056020558,2.7694778397195785,0.15,-9.913,0.01,1.19,False
0.1499965852362707,-9.20057555909391,4.95567810314823,0.15,-9.913,0.01,1.19,False
0.15,-9.913,2.848274710445812,0.15,-9.913,0.01,1.2,False
0.1499987232313242,-9.542145995878222,2.8597722094453912,0.15,-9.913,0.01,1.2,False
0.1499964650971937,-9.169312111753396,5.155785658220048,0.15,-9.913,0.01,1.2,False
0.15,-0.113,1.885286543777641,0.15,-0.113,0.01,0.905,True
0.2936174233496641,-0.3433277112590092,1.623562086095489,0.15,-0.113,0.01,0.905,True
0.3933355561287169,-0.587486558499261,1.5388993298912093,0.15,-0.113,0.01,0.905,True
0.4615699549017648,-0.8288656415467422,1.5042204350959933,0.15,-0.113,0.01,0.905,True
0.5081811706040958,-1.066910690561707,2.700689230786682,0.15,-0.113,0.01,0.905,True
0.15,-0.113,2.0597249874686416,0.15,-0.113,0.015,0.905,True
0.2860445879709203,-0.4409795027367464,1.770216972321538,0.15,-0.113,0.015,0.905,True
0.3656640310538244,-0.7919515442224911,1.6694648399503582,0.15,-0.113,0.015,0.905,True
0.4113436775398404,-1.1401460014352416,1.6281178823365676,0.15,-0.113,0.015,0.905,True
0.4378409991525809,-1.485489454719765,3.6670799637217053,0.15,-0.113,0.015,0.905,True
0.15,-0.113,2.2760346396170896,0.15,-0.113,0.02,0.905,True
0.2798140012246453,-0.5332935800851277,1.9812244994462456,0.15,-0.113,0.02,0.905,True
0.3447348083127942,-0.988039286542209,1.8713974397656854,0.15,-0.113,0.02,0.905,True
0.3766143866342984,-1.441183233002871,1.8277188155740067,0.15,-0.113,0.02,0.905,True
0.3928425822849621,-1.8926408958812977,4.902980967144773,0.15,-0.113,0.02,0.905,True
0.15,-0.113,2.519076891256764,0.15,-0.113,0.025,0.905,True
0.2746093061895946,-0.621230694480241,2.2419221689540225,0.15,-0.113,0.025,0.905,True
0.328559968983285,-1.1771678798698946,2.1320037124498556,0.15,-0.113,0.025,0.905,True
0.3517103425845135,-1.7335558154945525,2.090890629712113,0.15,-0.113,0.025,0.905,True
0.3623756431335487,-2.2899468550724684,6.286695046046438,0.15,-0.113,0.025,0.905,True
0.15,-0.113,2.77901769599999,0.15,-0.113,0.03,0.905,True
0.2702123665567182,-0.705441636807377,2.538628510953704,0.15,-0.113,0.03,0.905,True
0.315833545279273,-1.3603371371158786,2.4360148807906916,0.15,-0.113,0.03,0.905,True
0.3332818998214692,-2.0184876077214686,2.401276323245592,0.15,-0.113,0.03,0.905,True
0.3407352054226781,-2.6787852769085267,7.750350831246718,0.15,-0.113,0.03,0.905,True
0.15,-0.113,3.0491270733815012,0.15,-0.113,0.035,0.905,True
0.2664644977920462,-0.7864031360263863,2.8602373189143493,0.15,-0.113,0.035,0.905,True
0.3056626332821486,-1.5382969459886764,2.7703161178937377,0.15,-0.113,0.035,0.905,True
0.3192627762632342,-2.2969259981870254,2.7447449026067083,0.15,-0.113,0.035,0.905,True
0.3247333446117794,-3.060235871429937,9.256324947941417,0.15,-0.113,0.035,0.905,True
0.15,-0.113,3.3247696392585113,0.15,-0.113,0.04,0.905,True
0.263246198488426,-0.8644823105348343,3.1984915955608804,0.15,-0.113,0.04,0.905,True
0.2974196196162036,-1.7116313257808025,3.1251841653351997,0.15,-0.113,0.04,0.905,True
0.3083348365562888,-2.569610238889504,3.110905227558905,0.15,-0.113,0.04,0.905,True
0.312500219759623,-3.435128761692753,10.783085640624538,0.15,-0.113,0.04,0.905,True
0.15,-0.113,3.6027456967830505,0.15,-0.113,0.045,0.905,True
0.2604652205555566,-0.9399719332970876,3.547504758013177,0.15,-0.113,0.045,0.905,True
0.2906538550044111,-1.8808073141824808,3.493828110772199,0.15,-0.113,0.045,0.905,True
0.2996326530786871,-2.8371247852604258,3.492519888762652,0.15,-0.113,0.045,0.905,True
0.3028895326198686,-3.804107405942414,12.317764932473235,0.15,-0.113,0.045,0.905,True
0.15,-0.113,3.8808414046066986,0.15,-0.113,0.05,0.905,True
0.2580489970733746,-1.0131116369559132,3.9031514257635496,0.15,-0.113,0.05,0.905,True
0.285036010468232,-2.0462060933956163,3.871584095336307,0.15,-0.113,0.05,0.905,True
0.292572994426471,-3.09993881166967,3.884584650999641,0.15,-0.113,0.05,0.905,True
0.2951690961607599,-4.167679544743312,13.85232333577301,0.15,-0.113,0.05,0.905,True
0.15,-0.113,6.485648204319792,0.15,-0.113,0.1,0.905,True
0.245179170691396,-1.6481892903409765,7.469966914733786,0.15,-0.113,0.1,0.905,True
0.2585610044844857,-3.54371230175394,7.745366421508554,0.15,-0.113,0.1,0.905,True
0.2608832900275908,-5.530271241811668,7.932085126421675,0.15,-0.113,0.1,0.905,True
0.2614390258863384,-7.570782795763858,28.5787179624812,0.15,-0.113,0.1,0.905,True
0.15,-0.113,10.559326757278349,0.15,-0.113,0.2,0.905,True
0.2391991129737675,-2.606385061719483,13.84086535399568,0.15,-0.113,0.2,0.905,True
0.2468431604880051,-6.00470985680296,14.893591039950127,0.15,-0.113,0.2,0.905,True
0.2480725350206397,-9.682675172210494,15.473297568547178,0.15,-0.113,0.2,0.905,True
0.248691056146419,-13.514628522691476,53.91595278814562,0.15,-0.113,0.2,0.905,True
0.15,-0.113,13.639132053280267,0.15,-0.113,0.3,0.905,True
0.2381945544473498,-3.3368364536179214,19.264624185322006,0.15,-0.113,0.3,0.905,True
0.2444771627811169,-8.033696876417816,21.155199563941135,0.15,-0.113,0.3,0.905,True
0.2460884840627804,-13.228072297720448,22.18225056132639,0.15,-0.113,0.3,0.905,True
0.2470521536711115,-18.697083611217717,75.24281719122526,0.15,-0.113,0.3,0.905,True
0.15,-0.113,16.128429300516903,0.15,-0.113,0.4,0.905,True
0.2380056253946909,-3.930587151582394,23.98987546638758,0.15,-0.113,0.4,0.905,True
0.2440732456371781,-9.775538433368386,26.7520499975734,0.15,-0.113,0.4,0.905,True
0.2461813681542266,-16.352154135573706,28.265318697761067,0.15,-0.113,0.4,0.905,True
0.2474825992891244,-23.338553682789964,93.86286889901379,0.15,-0.113,0.4,0.905,True
0.15,-0.113,18.22529840042076,0.15,-0.113,0.5,0.905,True
0.2379456644982611,-4.430983019482219,28.189695245973162,0.15,-0.113,0.5,0.905,True
0.2442066214486054,-11.30628853697796,31.840645793694407,0.15,-0.113,0.5,0.905,True
0.246789066992507,-19.156423882285704,33.86511338827367,0.15,-0.113,0.5,0.905,True
0.2484087665440214,-27.56146187348349,110.51047869518581,0.15,-0.113,0.5,0.905,True
0.15,-0.113,20.040183111744348,0.15,-0.113,0.6,0.905,True
0.237867904996019,-4.862959395827023,31.98007523529237,0.15,-0.113,0.6,0.905,True
0.2444665813825148,-12.673242632631885,36.5251834781769,0.15,-0.113,0.6,0.905,True
0.2474828187266395,-21.705785299273227,39.07708155038659,0.15,-0.113,0.6,0.905,True
0.2493994572445157,-31.445188674385268,125.64228877962725,0.15,-0.113,0.6,0.905,True
0.15,-0.113,21.64158241434708,0.15,-0.113,0.7,0.905,True
0.2377426794324373,-5.242433637139091,35.44163874927506,0.15,-0.113,0.7,0.905,True
0.2447156842313504,-13.90852723579189,40.87875351885493,0.15,-0.113,0.7,0.905,True
0.2481238825311821,-24.04541543212439,43.96862710431226,0.15,-0.113,0.7,0.905,True
0.2503154078834469,-35.04573006628485,139.56545285941775,0.15,-0.113,0.7,0.905,True
0.15,-0.113,23.075255563685786,0.15,-0.113,0.8,0.905,True
0.2375696997205428,-5.580275614297736,38.632690478565124,0.15,-0.113,0.8,0.905,True
0.2449072690972563,-15.035240186299651,44.95501083835652,0.15,-0.113,0.8,0.905,True
0.2486676076434331,-26.20852654361126,48.58955732452625,0.15,-0.113,0.8,0.905,True
0.2511123245876188,-38.40477809873296,152.49836380306726,0.15,-0.113,0.8,0.905,True
0.15,-0.113,24.37344299480723,0.15,-0.113,0.9,0.905,True
0.2373558328791352,-5.884273102579727,41.59684266773581,0.15,-0.113,0.9,0.905,True
0.2450284443535665,-16.070672349689723,48.794755856924844,0.15,-0.113,0.9,0.905,True
0.2491039182101734,-28.220494910985437,52.97799265818552,0.15,-0.113,0.9,0.905,True
0.251780935284625,-41.55457380007644,164.60279016166004,0.15,-0.113,0.9,0.905,True
0.15,-0.113,25.559785394958087,0.15,-0.113,1.0,0.905,True
0.2371088870152843,-6.160211442104936,44.36763571969439,0.15,-0.113,1.0,0.905,True
0.2450795052342406,-17.028168505327223,52.42988350967635,0.15,-0.113,1.0,0.905,True
0.2494360691842143,-30.10127793511394,57.16392330014943,0.15,-0.113,1.0,0.905,True
0.2523255200780949,-44.52076345999774,176.00238908905888,0.15,-0.113,1.0,0.905,True
0.15,-0.113,3.1476576444522437,0.15,-0.113,0.01,0.75,True
0.2632195273095294,-0.8099588275571898,2.817006661492817,0.15,-0.113,0.01,0.75,True
0.3007255895801358,-1.535052777927852,2.701463934319993,0.15,-0.113,0.01,0.75,True
0.3141148115335434,-2.25617983637311,2.6614296634510364,0.15,-0.113,0.01,0.75,True
0.3196558600461116,-2.9762786330240347,9.138915736035322,0.15,-0.113,0.01,0.75,True
0.15,-0.113,3.0227879678012735,0.15,-0.113,0.01,0.76,True
0.2649318875995413,-0.7746337177077186,2.6880970917224207,0.15,-0.113,0.01,0.76,True
0.3049718656966992,-1.4632039657530984,2.5709163519515013,0.15,-0.113,0.01,0.76,True
0.3197869053735734,-2.1475643005066645,2.5291719336476537,0.15,-0.113,0.01,0.76,True
0.326049031057831,-2.8305118179478934,8.530893306023035,0.15,-0.113,0.01,0.76,True
0.15,-0.113,2.9041625251078136,0.15,-0.113,0.01,0.77,True
0.2666830337442002,-0.7401527258932282,2.566622902828199,0.15,-0.113,0.01,0.77,True
0.3094243391932956,-1.3930993335599595,2.4482752589057326,0.15,-0.113,0.01,0.77,True
0.3258353992184528,-2.041645431228925,2.405084198678806,0.15,-0.113,0.01,0.77,True
0.3329273071060674,-2.688428791286962,7.9483073277157175,0.15,-0.113,0.01,0.77,True
0.15,-0.113,2.7917178435774663,0.15,-0.113,0.01,0.78,True
0.2684719544001043,-0.7064838159129728,2.452563449073531,0.15,-0.113,0.01,0.78,True
0.3140901105457486,-1.324669460910649,2.33355066501197,0.15,-0.113,0.01,0.78,True
0.3322878467862977,-1.938313825673931,2.289186216052725,0.15,-0.113,0.01,0.78,True
0.3403381170007535,-2.5498802185749256,7.391095246690668,0.15,-0.113,0.01,0.78,True
0.15,-0.113,2.6853942837058784,0.15,-0.113,0.01,0.79,True
0.2702976419122649,-0.6735965839586586,2.3458948199945664,0.15,-0.113,0.01,0.79,True
0.3189763283810493,-1.257848630528957,2.2267497755000214,0.15,-0.113,0.01,0.79,True
0.3391737243842716,-1.837465889159136,2.1814968059887225,0.15,-0.113,0.01,0.79,True
0.348334333885744,-2.414724383191306,6.859287561377753,0.15,-0.113,0.01,0.79,True
0.15,-0.113,2.5851350585252777,0.15,-0.113,0.01,0.8,True
0.2721590933071507,-0.6414621562151469,2.246585495268666,0.15,-0.113,0.01,0.8,True
0.3240901749707872,-1.1925746202501126,2.127869683447632,0.15,-0.113,0.01,0.8,True
0.3465245004475751,-1.7390035861712358,2.082025977301751,0.15,-0.113,0.01,0.8,True
0.3569748256962958,-2.2828269060742468,6.35301363935207,0.15,-0.113,0.01,0.8,True
0.15,-0.113,2.490885217680661,0.15,-0.113,0.01,0.81,True
0.2740553112494898,-0.6100530940438097,2.1545916625554327,0.15,-0.113,0.01,0.81,True
0.3294388526609548,-1.1287885118556646,2.0368890733279392,0.15,-0.113,0.01,0.81,True
0.3543737052785271,-1.6428342285369288,1.9907654283700467,0.15,-0.113,0.01,0.81,True
0.3663250485521876,-2.154060539893294,5.872507194052607,0.15,-0.113,0.01,0.81,True
0.15,-0.113,2.402590668388045,0.15,-0.113,0.01,0.82,True
0.2759853049579458,-0.5793433061040316,2.0698523780758356,0.15,-0.113,0.01,0.82,True
0.335029571388561,-1.0664345155032455,1.9537592641429147,0.15,-0.113,0.01,0.82,True
0.3627570020624199,-1.548870300547908,1.9076777028309346,0.15,-0.113,0.01,0.82,True
0.376457687134863,-2.028305043707158,5.418110996515433,0.15,-0.113,0.01,0.82,True
0.15,-0.113,2.3201973517345222,0.15,-0.113,0.01,0.83,True
0.2779480910759067,-0.5493079668299768,1.9922848547049268,0.15,-0.113,0.01,0.83,True
0.3408695374364678,-1.005459808592877,1.8783951292486736,0.15,-0.113,0.01,0.83,True
0.3717122606589879,-1.4570293212818652,1.832684583418406,0.15,-0.113,0.01,0.83,True
0.3874533476667998,-1.9054471463494245,4.99028016643848,0.15,-0.113,0.01,0.83,True
0.15,-0.113,2.243650757703896,0.15,-0.113,0.01,0.84,True
0.279942694494696,-0.519923440734826,1.921780284572257,0.15,-0.113,0.01,0.84,True
0.3469659435793983,-0.9458143880287136,1.8106666476777264,0.15,-0.113,0.01,0.84,True
0.3812796361780844,-1.3672337448403828,1.7656556438146065,0.15,-0.113,0.01,0.84,True
0.3994013113663628,-1.7853806093635252,4.5895830196601075,0.15,-0.113,0.01,0.84,True
0.15,-0.113,2.1728960531684325,0.15,-0.113,0.01,0.85,True
0.2819681491273376,-0.4911672120639556,1.858200737511821,0.15,-0.113,0.01,0.85,True
0.3533259607761599,-0.8874509349400096,1.7503920325498807,0.15,-0.113,0.01,0.85,True
0.3915016549623068,-1.2794108997137157,1.7063981859457966,0.15,-0.113,0.01,0.85,True
0.4124003594303624,-1.668006403309474,4.216697912347081,0.15,-0.113,0.01,0.85,True
0.15,-0.113,2.107879225715065,0.15,-0.113,0.01,0.86,True
0.2840234986317912,-0.4630178193628146,1.8013778209795517,0.15,-0.113,0.01,0.86,True
0.3599567315661626,-0.8303246910186772,1.6973335068847282,0.15,-0.113,0.01,0.86,True
0.4024233113386717,-1.1934929689817608,1.6546499891579296,0.15,-0.113,0.01,0.86,True
0.4265596850148624,-1.55323301474476,3.8724038460804198,0.15,-0.113,0.01,0.86,True
0.15,-0.113,2.0485498324615374,0.15,-0.113,0.01,0.87,True
0.2861077970831556,-0.4354547945648581,1.7511139511091707,0.15,-0.113,0.01,0.87,True
0.3668653653323926,-0.7743933457144291,1.651196832304475,0.15,-0.113,0.01,0.87,True
0.4140921793917533,-1.1094170135692851,1.6100763170055619,0.15,-0.113,0.01,0.87,True
0.4419999137593564,-1.4409769051834254,3.5575619944482653,0.15,-0.113,0.01,0.87,True
0.15,-0.113,1.994866221563447,0.15,-0.113,0.01,0.88,True
0.2882201095949059,-0.4084586062406216,1.707187306653257,0.15,-0.113,0.01,0.88,True
0.3740589355984183,-0.7196169336031218,1.6116356623208206,0.15,-0.113,0.01,0.88,True
0.4265585450836366,-1.027125041286966,1.5722724467049252,0.15,-0.113,0.01,0.88,True
0.4588542626817728,-1.3311631478714585,3.2730854069675197,0.15,-0.113,0.01,0.88,True
0.15,-0.113,1.9468045264419298,0.15,-0.113,0.01,0.89,True
0.29035951288965,-0.3820106066810525,1.6693619122697179,0.15,-0.113,0.01,0.89,True
0.3815444795339994,-0.6659577413106201,1.5782617901353446,0.15,-0.113,0.01,0.89,True
0.4398755653408814,-0.9465641248996703,1.5407726859342634,0.15,-0.113,0.01,0.89,True
0.4772698784924631,-1.2237262732345744,3.0198963669876533,0.15,-0.113,0.01,0.89,True
0.15,-0.113,1.9043734299510262,0.15,-0.113,0.01,0.9,True
0.2925250958202484,-0.3560929825171907,1.6374050261843942,0.15,-0.113,0.01,0.9,True
0.3893289998525442,-0.6133802234338306,1.5506626211791634,0.15,-0.113,0.01,0.9,True
0.4540994622937459,-0.8676865729562578,1.5150666522358045,0.15,-0.113,0.01,0.9,True
0.4974094115019163,-1.1186113592050462,2.7988779654797415,0.15,-0.113,0.01,0.9,True
0.15,-0.113,1.8676378611336926,0.15,-0.113,0.01,0.91,True
0.2947159598424535,-0.3306887086042869,1.6111154977984425,0.15,-0.113,0.01,0.91,True
0.3974194692944815,-0.5618509269534241,1.5284281700772597,0.15,-0.113,0.01,0.91,True
0.4692897627479678,-0.7904501575694932,1.4946239594009378,0.15,-0.113,0.01,0.91,True
0.5194529016112606,-1.0157754079957313,2.6108429303569176,0.15,-0.113,0.01,0.91,True
0.15,-0.113,1.836756799615302,0.15,-0.113,0.01,0.92,True
0.2969312194404573,-0.305781504922076,1.5903698504730772,0.15,-0.113,0.01,0.92,True
0.4058228379035896,-0.5113384236795931,1.5111924392835159,0.15,-0.113,0.01,0.92,True
0.4855095952680443,-0.7148184037207747,1.4789302157266486,0.15,-0.113,0.01,0.92,True
0.543600080071134,-0.9151890556654084,2.456575263080475,0.15,-0.113,0.01,0.92,True
0.15,-0.113,1.8120439427330954,0.15,-0.113,0.01,0.93,True
0.2991700025069057,-0.2813557962641192,1.5751993306113503,0.15,-0.113,0.01,0.93,True
0.4145460433189166,-0.4618132503135501,1.4987000753507882,0.15,-0.113,0.01,0.93,True
0.5028260600436021,-0.6407609449389816,1.4675421281830299,0.15,-0.113,0.01,0.93,True
0.5700732270078921,-0.8168386639815053,2.337058657253696,0.15,-0.113,0.01,0.93,True
0.15,-0.113,1.7940665468998498,0.15,-0.113,0.01,0.94,True
0.301431450679125,-0.2573966745084756,1.5659251467268127,0.15,-0.113,0.01,0.94,True
0.423596024323305,-0.4132478557438009,1.4909232547462936,0.15,-0.113,0.01,0.94,True
0.5213106901087069,-0.5682539503069751,1.4601817475230279,0.15,-0.113,0.01,0.94,True
0.5991207730797502,-0.7207288439377592,2.2541096664500517,0.15,-0.113,0.01,0.94,True
0.15,-0.113,1.783810129995075,0.15,-0.113,0.01,0.95,True
0.3037147196333478,-0.2338898632793481,1.5634106042297309,0.15,-0.113,0.01,0.95,True
0.4329797379110113,-0.3656165552277678,1.4882877653164481,0.15,-0.113,0.01,0.95,True
0.5410400266244605,-0.4972806276020708,1.4569210780729447,0.15,-0.113,0.01,0.95,True
0.6310218978636863,-0.6268854541054564,2.211837076144808,0.15,-0.113,0.01,0.95,True
0.15,-0.113,1.7820653295637963,0.15,-0.113,0.01,0.955,True
0.3048642769546377,-0.2223017772939521,1.5652206631250891,0.15,-0.113,0.01,0.955,True
0.4377989285179671,-0.3421436643029066,1.4892636998450115,0.15,-0.113,0.01,0.955,True
0.5513969213657305,-0.4623659122025931,1.457038192883775,0.15,-0.113,0.01,0.955,True
0.6481396296127563,-0.5808284121768884,2.2085833837120945,0.15,-0.113,0.01,0.955,True
0.15,-0.113,1.782960865268268,0.15,-0.113,0.01,0.96,True
0.3060189793388816,-0.210821684825186,1.5695640376937106,0.15,-0.113,0.01,0.96,True
0.4427041801620057,-0.3188954911365393,1.4921555433809985,0.15,-0.113,0.01,0.96,True
0.5620963359860378,-0.4278318068695361,1.4585935320291097,0.15,-0.113,0.01,0.96,True
0.6660924626260777,-0.5353591005229122,2.2198102810547042,0.15,-0.113,0.01,0.96,True
0.15,-0.113,1.7868984289946725,0.15,-0.113,0.01,0.965,True
0.3071787253009698,-0.1994479645928705,1.5770167466956249,0.15,-0.113,0.01,0.965,True
0.4476963775603051,-0.295869333599718,1.4974620665109346,0.15,-0.113,0.01,0.965,True
0.5731495947071947,-0.3936784658130496,1.461974921797499,0.15,-0.113,0.01,0.965,True
0.6849268752185886,-0.4904883673535304,2.248685496690727,0.15,-0.113,0.01,0.965,True
0.15,-0.113,1.7944063961356744,0.15,-0.113,0.01,0.97,True
0.308343414274118,-0.188179028953121,1.5884198031192824,0.15,-0.113,0.01,0.97,True
0.4527764112391677,-0.2730625999634812,1.5059621038514126,0.15,-0.113,0.01,0.97,True
0.5845685026824309,-0.3599066077146993,1.4678257904734953,0.15,-0.113,0.01,0.97,True
0.7046927272880567,-0.4462291314717811,2.2999928263414877,0.15,-0.113,0.01,0.97,True
0.15,-0.113,1.8061834018928555,0.15,-0.113,0.01,0.975,True
0.3095129466146704,-0.1770133230297957,1.605015445794626,0.15,-0.113,0.01,0.975,True
0.4579451785655828,-0.2504728081908994,1.518884781030438,0.15,-0.113,0.01,0.975,True
0.5963653865129636,-0.3265175412459903,1.4772168271629758,0.15,-0.113,0.01,0.975,True
0.725443642797845,-0.4025965286135207,2.380985635658514,0.15,-0.113,0.01,0.975,True
0.15,-0.113,1.8231592539327608,0.15,-0.113,0.01,0.98,True
0.3106872236063859,-0.1659493238726237,1.6286686073640837,0.15,-0.113,0.01,0.98,True
0.4632035848578796,-0.2280975853164141,1.5382069854997997,0.15,-0.113,0.01,0.98,True
0.6085531393740077,-0.29351319188575,1.4919586009064398,0.15,-0.113,0.01,0.98,True
0.7472374485219566,-0.3596080602044547,2.5027617519787664,0.15,-0.113,0.01,0.98,True
0.15,-0.113,1.8465812012514724,0.15,-0.113,0.01,0.985,True
0.3118661474642211,-0.1549855396410941,1.6622380459270896,0.15,-0.113,0.01,0.985,True
0.4685525445788738,-0.2059346669105721,1.5671938146922633,0.15,-0.113,0.01,0.985,True
0.6211452712547021,-0.2608961299902865,1.5151950013469464,0.15,-0.113,0.01,0.985,True
0.770136677585159,-0.317283741651462,2.6825707914530152,0.15,-0.113,0.01,0.985,True
0.15,-0.113,1.8781379106975937,0.15,-0.113,0.01,0.99,True
0.3130496213376146,-0.1441205088131664,1.7102203751408516,0.15,-0.113,0.01,0.99,True
0.4739929826151605,-0.1839818966281434,1.611425578435221,0.15,-0.113,0.01,0.99,True
0.6341559648698766,-0.2286696000483529,1.552584460257908,0.15,-0.113,0.01,0.99,True
0.7942091475488434,-0.2756462462933134,2.947915784367461,0.15,-0.113,0.01,0.99,True
0.15,-0.113,1.8976581627190148,0.15,-0.113,0.01,0.9925,True
0.3136430345205742,-0.1387245773008093,1.7417383236901485,0.15,-0.113,0.01,0.9925,True
0.4767477982139155,-0.1730836726368286,1.6421038201178133,0.15,-0.113,0.01,0.9925,True
0.6408229035421498,-0.2127039902432781,1.5796044537417135,0.15,-0.113,0.01,0.9925,True
0.8067081472085103,-0.2550929029024956,3.125862759332703,0.15,-0.113,0.01,0.9925,True
0.15,-0.113,1.9201406217332657,0.15,-0.113,0.01,0.995,True
0.3142375493133174,-0.133352799417942,1.779914812894473,0.15,-0.113,0.01,0.995,True
0.4795258356463983,-0.1622372258377962,1.6808562280662993,0.15,-0.113,0.01,0.995,True
0.6476001378607176,-0.1968375510271678,1.6147846771746965,0.15,-0.113,0.01,0.995,True
0.8195286241606164,-0.2347210398924068,3.34444432062505,0.15,-0.113,0.01,0.995,True
0.15,-0.113,1.9460155708355902,0.15,-0.113,0.01,0.9975,True
0.3148331538735276,-0.1280050006634741,1.8264593826093405,0.15,-0.113,0.01,0.9975,True
0.482327214080291,-0.1514423169347382,1.7303208467993896,0.15,-0.113,0.01,0.9975,True
0.6544896587091971,-0.181070891233409,1.6611372934417932,0.15,-0.113,0.01,0.9975,True
0.8326808535089962,-0.2145342962457353,3.614908771680241,0.15,-0.113,0.01,0.9975,True
0.15,-9.913,1.4142135623733514,0.15,-9.913,0.01,1.0,True
0.1499993364363481,-9.913000137766693,1.4142135623737206,0.15,-9.913,0.01,1.0,True
0.1499986918177427,-9.91300034703102,1.4142135623742313,0.15,-9.913,0.01,1.0,True
0.1499980738107635,-9.913000625294767,1.4142135623748597,0.15,-9.913,0.01,1.0,True
0.149997489767565,-9.913000969251428,1.4142135623867231,0.15,-9.913,0.01,1.0,True
0.15,-9.913,1.4198545834914513,0.15,-9.913,0.01,1.01,True
0.1499993056141512,-9.894034119286868,1.4209441500031488,0.15,-9.913,0.01,1.01,True
0.149998600601466,-9.87331353080125,1.4211604542647955,0.15,-9.913,0.01,1.01,True
0.1499978939033672,-9.852261917343707,1.4212740015170415,0.15,-9.913,0.01,1.01,True
0.1499971942728307,-9.831038630315684,1.5161050161656997,0.15,-9.913,0.01,1.01,True
0.15,-9.913,1.4362132545246808,0.15,-9.913,0.01,1.02,True
0.1499992752427047,-9.875437690844125,1.440430863847969,0.15,-9.913,0.01,1.02,True
0.1499985084739349,-9.834402465653412,1.441267591490774,0.15,-9.913,0.01,1.02,True
0.1499977079400062,-9.792711676031896,1.4417067679206605,0.15,-9.913,0.01,1.02,True
0.1499968818824488,-9.75068085890081,1.780744096265589,0.15,-9.913,0.01,1.02,True
0.15,-9.913,1.4623216768444223,0.15,-9.913,0.01,1.03,True
0.1499992453144294,-9.857200153806936,1.4714415662784024,0.15,-9.913,0.01,1.03,True
0.1499984154533774,-9.796244626441064,1.4732483119270934,0.15,-9.913,0.01,1.03,True
0.1499975158469178,-9.734315356362568,1.4741962957052648,0.15,-9.913,0.01,1.03,True
0.1499965519865186,-9.671880990175069,2.1410389544926742,0.15,-9.913,0.01,1.03,True
0.15,-9.913,1.4971097347756632,0.15,-9.913,0.01,1.04,True
0.1499992158218719,-9.83931121851392,1.5126025962188274,0.15,-9.913,0.01,1.04,True
0.149998321558327,-9.758818351721636,1.5156660904348258,0.15,-9.913,0.01,1.04,True
0.1499973175546642,-9.677039739279746,1.517272727186672,0.15,-9.913,0.01,1.04,True
0.1499962039751382,-9.594594151307131,2.55070756021395,0.15,-9.913,0.01,1.04,True
0.15,-9.913,1.5394753854686107,0.15,-9.913,0.01,1.05,True
0.1499991867577056,-9.82176098491759,1.5625049836828488,0.15,-9.913,0.01,1.05,True
0.1499982268075804,-9.722102802752808,1.567048851241323,0.15,-9.913,0.01,1.05,True
0.1499971129980996,-9.620852868656852,1.5694306033517937,0.15,-9.913,0.01,1.05,True
0.1499958372391054,-9.518777176263312,2.98455515183234,0.15,-9.913,0.01,1.05,True
0.15,-9.913,1.5883425723424938,0.15,-9.913,0.01,1.06,True
0.1499991581147281,-9.804539924317067,1.6197887210726056,0.15,-9.913,0.01,1.06,True
0.1499981312201528,-9.686077924802513,1.6259789822874557,0.15,-9.913,0.01,1.06,True
0.149996902116329,-9.565723991844235,1.629221954297331,0.15,-9.913,0.01,1.06,True
0.1499954511705929,-9.444388525420116,3.4293510963785927,0.15,-9.913,0.01,1.06,True
0.15,-9.913,1.6427023881529377,0.15,-9.913,0.01,1.07,True
0.1499991298858582,-9.787638862109166,1.6831988444814752,0.15,-9.913,0.01,1.07,True
0.1499980348152396,-9.650724410622232,1.6911524481859017,0.15,-9.913,0.01,1.07,True
0.1499966848526635,-9.511623503544373,1.695317004657615,0.15,-9.913,0.01,1.07,True
0.1499950451638185,-9.371388209678216,3.877930707434043,0.15,-9.913,0.01,1.07,True
0.15,-9.913,1.7016376751791165,0.15,-9.913,0.01,1.08,True
0.1499991020641356,-9.771048961492092,1.7516152389877262,0.15,-9.913,0.01,1.08,True
0.1499979376121806,-9.616023665943404,1.761409428625189,0.15,-9.913,0.01,1.08,True
0.1499964611545708,-9.458522892798536,1.7665352162486463,0.15,-9.913,0.01,1.08,True
0.149994618615692,-9.299737718785725,4.326238903627133,0.15,-9.913,0.01,1.08,True
0.15,-9.913,1.764333937638118,0.15,-9.913,0.01,1.09,True
0.1499990746427169,-9.754761708064592,1.8240622002951872,0.15,-9.913,0.01,1.09,True
0.1499978396304216,-9.581957776867542,1.8357433185612644,0.15,-9.913,0.01,1.09,True
0.1499962309736177,-9.40639469288621,1.841853951315464,0.15,-9.913,0.01,1.09,True
0.1499941709264406,-9.229399953601744,4.771887466296857,0.15,-9.913,0.01,1.09,True
0.15,-9.913,1.8300803679054514,0.15,-9.913,0.01,1.1,True
0.1499990476148792,-9.73876889529627,1.8997045813662703,0.15,-9.913,0.01,1.1,True
0.149997740889489,-9.548509479030011,1.9132956341566767,0.15,-9.913,0.01,1.1,True
0.1499959942654146,-9.355212433951849,1.9204026907149288,0.15,-9.913,0.01,1.1,True
0.1499937015002241,-9.160339162048922,5.21342740653618,0.15,-9.913,0.01,1.1,True
0.15,-9.913,1.8982645682974855,0.15,-9.913,0.01,1.11,True
0.149999020974012,-9.723062611148466,1.9778363264004581,0.15,-9.913,0.01,1.11,True
0.1499976414089513,-9.515662128425548,1.9933431137165885,0.15,-9.913,0.01,1.11,True
0.1499957509895473,-9.304950598187274,2.0014493579671773,0.15,-9.913,0.01,1.11,True
0.1499932097457192,-9.09252087852306,5.649964109227228,0.15,-9.913,0.01,1.11,True
0.15,-9.913,1.9683637969164354,0.15,-9.913,0.01,1.12,True
0.1499989947136218,-9.70763522905544,2.057865593581858,0.15,-9.913,0.01,1.12,True
0.1499975412083955,-9.483399673776884,2.0752814700937616,0.15,-9.913,0.01,1.12,True
0.1499955011095111,-9.25558457741062,2.0843833478323774,0.15,-9.913,0.01,1.12,True
0.1499926950766855,-9.025911866544554,6.080943725137332,0.15,-9.913,0.01,1.12,True
0.15,-9.913,2.039934591167965,0.15,-9.913,0.01,1.13,True
0.1499989688273637,-9.692479434253253,2.139299303780891,0.15,-9.913,0.01,1.13,True
0.1499974403073974,-9.451706629010394,2.158608576660281,0.15,-9.913,0.01,1.13,True
0.1499952445926408,-9.207090632924766,2.168698107784735,0.15,-9.913,0.01,1.13,True
0.1499921569125172,-8.960480064450012,6.5060292209526525,0.15,-9.913,0.01,1.13,True
0.15,-9.913,2.112600597603865,0.15,-9.913,0.01,1.14,True
0.1499989433093348,-9.677588572092636,2.2217307151700307,0.15,-9.913,0.01,1.14,True
0.1499973387251965,-9.420567933605136,2.2429079277279067,0.15,-9.913,0.01,1.14,True
0.1499949814101575,-9.159445880847755,2.2539749719427964,0.15,-9.913,0.01,1.14,True
0.1499915946787228,-8.896194529400978,6.925025575305194,0.15,-9.913,0.01,1.14,True
0.15,-9.913,2.186025991155868,0.15,-9.913,0.01,1.15,True
0.1499989181568639,-9.662959890153694,2.3048914643790286,0.15,-9.913,0.01,1.15,True
0.1499972364559417,-9.389959809617007,3.7628663280213406,0.15,-9.913,0.01,1.15,True
0.15,-9.913,2.2597559729430547,0.15,-9.913,0.01,1.16,True
0.1499988933956901,-9.6486231035119,2.3924932147717497,0.15,-9.913,0.01,1.16,True
0.1499971315287364,-9.3591627191439,3.953887068745215,0.15,-9.913,0.01,1.16,True
0.15,-9.913,2.3318980985232765,0.15,-9.913,0.01,1.17,True
0.1499988693012393,-9.634884608861316,2.770250545719079,0.15,-9.913,0.01,1.17,True
0.1499968742421061,-9.277580623428086,4.466043121632067,0.15,-9.913,0.01,1.17,True
0.15,-9.913,2.388065938916358,0.15,-9.913,0.01,1.18,True
0.1499988483162536,-9.624360023246703,26.187985681207703,0.15,-9.913,0.01,1.18,True
0.1502842067252175,-5.6944547032931325,28.106002170246956,0.15,-9.913,0.01,1.18,True
0.15,-9.913,2.312997387869888,0.15,-9.913,0.01,1.19,True
0.1499988534599326,-9.638458803518072,2.312997387869888,0.15,-9.913,0.01,1.19,True
0.15,-9.913,1.4795823057940365,0.15,-9.913,0.01,1.2,True
0.1499992372022206,-9.847760896025346,1.4795823057940365,0.15,-9.913,0.01,1.2,True
0.113,-0.15,2.018478261289968,0.113,-0.15,0.01,0.905,False
0.2422849304650114,-0.4132956110594504,1.6871184679801172,0.113,-0.15,0.01,0.905,False
0.3280939569602111,-0.6713958793038786,1.5855420474505628,0.113,-0.15,0.01,0.905,False
0.3852261294895187,-0.923286275968618,1.5427076133346556,0.113,-0.15,0.01,0.905,False
0.4234998463612663,-1.1703562037192894,3.0922999441403736,0.113,-0.15,0.01,0.905,False
0.113,-0.15,2.3889611151172643,0.113,-0.15,0.015,0.905,False
0.2328103615839498,-0.5379984887581404,1.950002194900608,0.113,-0.15,0.015,0.905,False
0.2976011564899835,-0.9155967153181778,1.812587029444956,0.113,-0.15,0.015,0.905,False
0.3331586421982867,-1.283963352887211,1.7545817119930116,0.113,-0.15,0.015,0.905,False
0.3532182683178407,-1.6464632239617656,4.646379904796618,0.113,-0.15,0.015,0.905,False
0.113,-0.15,2.8471187836619904,0.113,-0.15,0.02,0.905,False
0.2248868676683589,-0.6608600349714095,2.328923668827423,0.113,-0.15,0.02,0.905,False
0.2746791686448102,-1.15684825032481,2.166664858720123,0.113,-0.15,0.02,0.905,False
0.2977244352408176,-1.641327562716145,2.0997111644056368,0.113,-0.15,0.02,0.905,False
0.309114540534799,-2.1194134759877654,6.642791393183555,0.113,-0.15,0.02,0.905,False
0.113,-0.15,3.366874769917068,0.113,-0.15,0.025,0.905,False
0.2182443275782119,-0.7820188667553947,2.797590742930887,0.113,-0.15,0.025,0.905,False
0.2572469515515368,-1.3955396681741443,2.6220411917714315,0.113,-0.15,0.025,0.905,False
0.2728670600696206,-1.9958661637663584,2.5519855939600258,0.113,-0.15,0.025,0.905,False
0.2798884605794504,-2.589670857634045,8.911900222494273,0.113,-0.15,0.025,0.905,False
0.113,-0.15,3.928994760713741,0.113,-0.15,0.03,0.905,False
0.2126591262530527,-0.9015877648165131,3.330510669616227,0.113,-0.15,0.03,0.905,False
0.2438243861148816,-1.6320137968531925,3.1493457866469408,0.113,-0.15,0.03,0.905,False
0.2549021621865038,-2.348088118270343,3.079899350026027,0.113,-0.15,0.03,0.905,False
0.2595488327182306,-3.0578224794749893,11.35253408571634,0.113,-0.15,0.03,0.905,False
0.113,-0.15,4.519877682874602,0.113,-0.15,0.035,0.905,False
0.2079471006731615,-1.0196596372209137,3.908043912696912,0.113,-0.15,0.035,0.905,False
0.2333530099259375,-1.8665538010621483,3.7257980369667596,0.113,-0.15,0.035,0.905,False
0.2415428547980277,-2.698406756521461,3.659310646169924,0.113,-0.15,0.035,0.905,False
0.2447821322838673,-3.524318559602579,13.90409519561284,0.113,-0.15,0.035,0.905,False
0.113,-0.15,5.129927876288975,0.113,-0.15,0.04,0.905,False
0.2039571826391892,-1.136312286130608,4.516358060325248,0.113,-0.15,0.04,0.905,False
0.2250723555790217,-2.0993869598008645,4.3359100747156845,0.113,-0.15,0.04,0.905,False
0.2313416070841795,-3.047130687980053,4.273989822594977,0.113,-0.15,0.04,0.905,False
0.2336757835497494,-3.989463283878103,16.52908871130458,0.113,-0.15,0.04,0.905,False
0.113,-0.15,5.752296210179079,0.113,-0.15,0.045,0.905,False
0.200565739633581,-1.2516120253375411,5.146042851951164,0.113,-0.15,0.045,0.905,False
0.2184334069608873,-2.3306933964922787,4.969529685631263,0.113,-0.15,0.045,0.905,False
0.2233631033189924,-3.3944821243658825,4.913245565111862,0.113,-0.15,0.045,0.905,False
0.2250766454761947,-4.453451786197157,19.20329646961941,0.113,-0.15,0.045,0.905,False
0.113,-0.15,6.38203097170516,0.113,-0.15,0.05,0.905,False
0.1976716453507478,-1.3656163067905065,5.790777672346917,0.113,-0.15,0.05,0.905,False
0.2130376145453546,-2.56061519598447,5.619968955572966,0.113,-0.15,0.05,0.905,False
0.2169896185393901,-3.740618352079192,5.569906477759673,0.113,-0.15,0.05,0.905,False
0.2182589862391847,-4.916405954676116,21.91040078722058,0.113,-0.15,0.05,0.905,False
0.113,-0.15,12.617435899939304,0.113,-0.15,0.1,0.905,False
0.1833978427713255,-2.4431953549792595,12.55846503309806,0.113,-0.15,0.1,0.905,False
0.1888725215534482,-4.79983990947529,12.479910956730642,0.113,-0.15,0.1,0.905,False
0.1894398766700507,-7.148789027701877,12.472337038927586,0.113,-0.15,0.1,0.905,False
0.1895010472140308,-9.49706587688806,49.354534238822495,0.113,-0.15,0.1,0.905,False
0.113,-0.15,23.73365583819576,0.113,-0.15,0.2,0.905,False
0.175966026810629,-4.315886039515616,26.560953326212815,0.113,-0.15,0.2,0.905,False
0.177090796740024,-9.0128922215522,26.55591553140622,0.113,-0.15,0.2,0.905,False
0.1771020876427279,-13.709326394628738,26.55585119921212,0.113,-0.15,0.2,0.905,False
0.1771021988666802,-18.405752252395917,103.09413338073551,0.113,-0.15,0.2,0.905,False
0.113,-0.15,33.30011011301325,0.113,-0.15,0.3,0.905,False
0.1716943298225009,-5.8602758536038255,40.93681985613063,0.113,-0.15,0.3,0.905,False
0.1718810755332824,-12.892338044026648,41.009394129100315,0.113,-0.15,0.3,0.905,False
0.1718806069502572,-19.936865105209296,41.01003893908098,0.113,-0.15,0.3,0.905,False
0.1718806008649556,-26.98150280927055,156.1144344616378,0.113,-0.15,0.3,0.905,False
0.113,-0.15,41.54825368139616,0.113,-0.15,0.4,0.905,False
0.1679415482713547,-7.122131850463379,55.61225535098897,0.113,-0.15,0.4,0.905,False
0.1676428011565888,-16.442114179257874,56.037933774642546,0.113,-0.15,0.4,0.905,False
0.1676320535705344,-25.832876285855303,56.05014068617626,0.113,-0.15,0.4,0.905,False
0.1676317453050858,-35.22566797280118,209.24897724161008,0.113,-0.15,0.4,0.905,False
0.113,-0.15,48.66697035651428,0.113,-0.15,0.5,0.905,False
0.1645733974195388,-8.154705429473564,70.39061694174399,0.113,-0.15,0.5,0.905,False
0.1636321330083019,-19.670555175738752,71.71118636872674,0.113,-0.15,0.5,0.905,False
0.1635757236474516,-31.39848341668241,71.7882395224752,0.113,-0.15,0.5,0.905,False
0.1635724334769992,-43.13878170096024,262.8170558599247,0.113,-0.15,0.5,0.905,False
0.113,-0.15,54.84278725675838,0.113,-0.15,0.6,0.905,False
0.1615681499936922,-9.006901182537995,85.0775229365627,0.113,-0.15,0.6,0.905,False
0.1597273817455543,-22.594246571504428,88.02083777280424,0.113,-0.15,0.6,0.905,False
0.1595540187291736,-36.6365129232961,88.29683525400797,0.113,-0.15,0.6,0.905,False
0.1595377815377374,-50.72138723705154,316.99110834546894,0.113,-0.15,0.6,0.905,False
0.113,-0.15,60.23758667224822,0.113,-0.15,0.7,0.905,False
0.1588976262684883,-9.718114162678132,99.5306252578006,0.113,-0.15,0.7,0.905,False
0.1559303231420506,-25.23640821290835,104.91340190058864,0.113,-0.15,0.7,0.905,False
0.1555399233378245,-41.55314953955876,105.622509737234,0.113,-0.15,0.7,0.905,False
0.1554886389907969,-57.97477778045144,371.894215168233,0.113,-0.15,0.7,0.905,False
0.113,-0.15,64.98396023486711,0.113,-0.15,0.8,0.905,False
0.1565266440438542,-10.318561493126609,113.65848712846558,0.113,-0.15,0.8,0.905,False
0.1522656190403002,-27.62352494806385,122.31607537143073,0.113,-0.15,0.8,0.905,False
0.1515438214540895,-46.1585338085726,123.79000359400513,0.113,-0.15,0.8,0.905,False
0.1514216186232248,-64.90179355369239,427.62882359057437,0.113,-0.15,0.8,0.905,False
0.113,-0.15,69.18858270319423,0.113,-0.15,0.9,0.905,False
0.1544186776579621,-10.83110876832722,127.40747314692165,0.113,-0.15,0.9,0.905,False
0.1487553026705323,-29.78250635160269,140.15354822875034,0.113,-0.15,0.9,0.905,False
0.1475870343501464,-50.46630323438965,142.80742112199147,0.113,-0.15,0.9,0.905,False
0.1473460924999773,-71.50738740601345,484.2868205968548,0.113,-0.15,0.9,0.905,False
0.113,-0.15,72.93712527349585,0.113,-0.15,1.0,0.905,False
0.1525393533606398,-11.273086914609172,140.7495126577339,0.113,-0.15,1.0,0.905,False
0.1454132322695275,-31.73892746233949,158.3565368269552,0.113,-0.15,1.0,0.905,False
0.1436920295395363,-54.49259674343861,162.67221075166208,0.113,-0.15,1.0,0.905,False
0.1432763442026264,-77.79879638467867,541.9535431685683,0.113,-0.15,1.0,0.905,False
0.113,-0.15,4.182769793411886,0.113,-0.15,0.01,0.75,False
0.2102354846567561,-0.9520433229425744,3.541446805689611,0.113,-0.15,0.01,0.75,False
0.2387372250869,-1.7231264957098478,3.3604558596498406,0.113,-0.15,0.01,0.75,False
0.248519524242324,-2.479723926308438,3.2919941748022388,0.113,-0.15,0.01,0.75,False
0.2525435763954078,-3.230156929708702,12.332427601946643,0.113,-0.15,0.01,0.75,False
0.113,-0.15,3.981053033118272,0.113,-0.15,0.01,0.76,False
0.2119233347296895,-0.9113041369942184,3.350654416482006,0.113,-0.15,0.01,0.76,False
0.2425579343264649,-1.6434451769304377,3.170226471240451,0.113,-0.15,0.01,0.76,False
0.2534400316671602,-2.361357897859317,3.1009345858794264,0.113,-0.15,0.01,0.76,False
0.2580060576373071,-3.07298611421108,11.476347699803082,0.113,-0.15,0.01,0.76,False
0.113,-0.15,3.78801409965452,0.113,-0.15,0.01,0.77,False
0.213667637289914,-0.8715345014162463,3.169565291748962,0.113,-0.15,0.01,0.77,False
0.2466015096372484,-1.5656980046215123,2.9901724097125175,0.113,-0.15,0.01,0.77,False
0.2587273680674239,-2.245935040758634,2.9203234227345485,0.113,-0.15,0.01,0.77,False
0.2639199200884563,-2.9197936467069123,10.654728310152455,0.113,-0.15,0.01,0.77,False
0.113,-0.15,3.603607993462166,0.113,-0.15,0.01,0.78,False
0.2154675344505049,-0.8326970914294651,2.998230706930312,0.113,-0.15,0.01,0.78,False
0.2508774979407597,-1.4898063982934937,2.8203927065196193,0.113,-0.15,0.01,0.78,False
0.2644110433426612,-2.1333340393816025,2.7502733982842815,0.113,-0.15,0.01,0.78,False
0.2703315590655166,-2.770416756340706,9.86752955073569,0.113,-0.15,0.01,0.78,False
0.113,-0.15,3.4277981235129182,0.113,-0.15,0.01,0.79,False
0.2173221509995135,-0.7947564900157071,2.836708248035178,0.113,-0.15,0.01,0.79,False
0.2553956522049521,-1.4156958516411675,2.6610001985508918,0.113,-0.15,0.01,0.79,False
0.2705229908121584,-2.023439668739964,2.590915321875959,0.113,-0.15,0.01,0.79,False
0.2772932016969964,-2.624700486743901,9.11481039951638,0.113,-0.15,0.01,0.79,False
0.113,-0.15,3.2605560716320747,0.113,-0.15,0.01,0.8,False
0.2192305957950581,-0.75767906853453,2.6850572824303276,0.113,-0.15,0.01,0.8,False
0.2601659133880749,-1.3432957034885422,2.512114084267265,0.113,-0.15,0.01,0.8,False
0.2770976905338933,-1.9161425066036164,2.442391036870151,0.113,-0.15,0.01,0.8,False
0.2848635785707299,-2.482497334977172,8.39673604448403,0.113,-0.15,0.01,0.8,False
0.113,-0.15,3.1018610664765154,0.113,-0.15,0.01,0.81,False
0.2211919631848095,-0.7214328761603517,2.543333335695606,0.113,-0.15,0.01,0.81,False
0.265198392590695,-1.2725389278899208,2.373849958194526,0.113,-0.15,0.01,0.81,False
0.2841722934950265,-1.8113386862255445,2.3048428790980013,0.113,-0.15,0.01,0.81,False
0.2931086563276506,-2.343666964410316,7.71358485346069,0.113,-0.15,0.01,0.81,False
0.113,-0.15,2.9516990717266047,0.113,-0.15,0.01,0.82,False
0.2232053344360419,-0.6859875373927449,2.4115812258080878,0.113,-0.15,0.01,0.82,False
0.2705033536444491,-1.2033619420338244,2.246307092694681,0.113,-0.15,0.01,0.82,False
0.2917867472485508,-1.708929689820493,2.1783991026799425,0.113,-0.15,0.01,0.82,False
0.3021024357804129,-2.208075997833437,7.065754736943974,0.113,-0.15,0.01,0.82,False
0.113,-0.15,2.8100613913553847,0.113,-0.15,0.01,0.83,False
0.2252697791643089,-0.6513141569636831,2.2898268885851056,0.113,-0.15,0.01,0.83,False
0.2760911963790679,-1.1357044307531114,2.1295529841254783,0.113,-0.15,0.01,0.83,False
0.299983924013614,-1.608822183620181,2.0631550582127725,0.113,-0.15,0.01,0.83,False
0.3119278213689355,-2.075597899794705,6.4537686383004935,0.113,-0.15,0.01,0.83,False
0.113,-0.15,2.6769427063144673,0.113,-0.15,0.01,0.84,False
0.2273843567505273,-0.6173852315292913,2.1780679824526876,0.113,-0.15,0.01,0.84,False
0.2819724408227768,-1.069509186585895,2.0236055889890885,0.113,-0.15,0.01,0.84,False
0.3088097528229691,-1.5109278960495982,1.95915051781414,0.113,-0.15,0.01,0.84,False
0.3226775696633554,-1.946112960433383,5.878278742316985,0.113,-0.15,0.01,0.84,False
0.113,-0.15,2.5523384909543085,0.113,-0.15,0.01,0.85,False
0.2295481177377257,-0.584174567590522,2.0762636022658336,0.113,-0.15,0.01,0.85,False
0.2881577126056794,-1.0047219644600185,1.9284142498046175,0.113,-0.15,0.01,0.85,False
0.3183133580172119,-1.4151635413530026,1.8663444377271825,0.113,-0.15,0.01,0.85,False
0.3344553274689095,-1.8195083970656631,5.340068633829391,0.113,-0.15,0.01,0.85,False
0.113,-0.15,2.43624182729027,0.113,-0.15,0.01,0.86,False
0.2317601052001046,-0.5516572051384487,1.9843237658104986,0.113,-0.15,0.01,0.86,False
0.294657729851775,-0.941291350190268,1.8438410008294335,0.113,-0.15,0.01,0.86,False
0.3285472072869947,-1.3214507918560066,1.7845895452766247,0.113,-0.15,0.01,0.86,False
0.3473767742629816,-1.6956785946507331,4.840051898084663,0.113,-0.15,0.01,0.86,False
0.113,-0.15,2.328639759266276,0.113,-0.15,0.01,0.87,False
0.2340193560782998,-0.5198093465656497,1.9020997490310443,0.113,-0.15,0.01,0.87,False
0.3014832918632443,-0.8791686420831486,1.7696446276119975,0.113,-0.15,0.01,0.87,False
0.3395672735947893,-1.2297163029926896,1.713610201574706,0.113,-0.15,0.01,0.87,False
0.3615708897301686,-1.5745255122020212,4.379264340815988,0.113,-0.15,0.01,0.87,False
0.113,-0.15,2.2295095327477226,0.113,-0.15,0.01,0.88,False
0.2363249024757652,-0.4886082904265315,1.829376804345641,0.113,-0.15,0.01,0.88,False
0.3086452699211841,-0.8183077450410068,1.7054703481283693,0.113,-0.15,0.01,0.88,False
0.3514332167226428,-1.1398917962640966,1.652987666328403,0.113,-0.15,0.01,0.88,False
0.3771813757821283,-1.4559592894123394,3.9588450229887866,0.113,-0.15,0.01,0.88,False
0.113,-0.15,2.1388153857203545,0.113,-0.15,0.01,0.89,False
0.2386757729122391,-0.4580323696665403,1.7658712659526759,0.113,-0.15,0.01,0.89,False
0.316154600550778,-0.7586650766455406,1.6508481108857151,0.113,-0.15,0.01,0.89,False
0.3642085919626009,-1.051914206432094,1.6021568154627526,0.113,-0.15,0.01,0.89,False
0.3943682746527978,-1.3398990964224002,3.5799990223266898,0.113,-0.15,0.01,0.89,False
0.113,-0.15,2.0565070410695117,0.113,-0.15,0.01,0.9,False
0.241070993531055,-0.4280608939737114,1.7112345375676417,0.113,-0.15,0.01,0.9,False
0.3240222816266269,-0.7001994847819495,1.6052022290740406,0.113,-0.15,0.01,0.9,False
0.3779610956822797,-0.9657259004929408,1.560417402192918,0.113,-0.15,0.01,0.9,False
0.4133098418203912,-1.2262742799263802,3.243933940265249,0.113,-0.15,0.01,0.9,False
0.113,-0.15,1.9825218024396807,0.113,-0.15,0.01,0.91,False
0.2435095892578434,-0.3986740959362751,1.6650671223091378,0.113,-0.15,0.01,0.91,False
0.3322593717264598,-0.6428721764395494,1.567874662214353,0.113,-0.15,0.01,0.91,False
0.3927628602751408,-0.8812749773118904,1.5269614581183206,0.113,-0.15,0.01,0.91,False
0.4342047565231558,-1.1150258707109026,2.9517672745280765,0.113,-0.15,0.01,0.91,False
0.113,-0.15,1.916793332477242,0.113,-0.15,0.01,0.92,False
0.2459905849088297,-0.3698530807172596,1.6269471525300325,0.113,-0.15,0.01,0.92,False
0.3408769931796584,-0.5866466573931182,1.5381644961876189,0.113,-0.15,0.01,0.92,False
0.4086908144913018,-0.7985156582156459,1.5009174236591147,0.113,-0.15,0.01,0.92,False
0.4572747861296194,-1.006108531070998,2.7044226233032522,0.113,-0.15,0.01,0.92,False
0.113,-0.15,1.8592721442399935,0.113,-0.15,0.01,0.93,False
0.2485130062475188,-0.3415797789817881,1.5964809103459456,0.113,-0.15,0.01,0.93,False
0.3498863393019465,-0.5314886825323919,1.5153886553544986,0.113,-0.15,0.01,0.93,False
0.4258271295299073,-0.7174087803006222,1.481412952024775,0.113,-0.15,0.01,0.93,False
0.4827680672267411,-0.899493034722762,2.502586005274738,0.113,-0.15,0.01,0.93,False
0.113,-0.15,1.8099662720501768,0.113,-0.15,0.01,0.94,False
0.2510758809890538,-0.3138369028351022,1.57339009349701,0.113,-0.15,0.01,0.94,False
0.3592986863603487,-0.4773662166650324,1.498976895681037,0.113,-0.15,0.01,0.94,False
0.4442597768013707,-0.6379224056614913,1.4676655204258973,0.113,-0.15,0.01,0.94,False
0.5109632310231351,-0.7951693854755799,2.346903823494612,0.113,-0.15,0.01,0.94,False
0.113,-0.15,1.7690170161530283,0.113,-0.15,0.01,0.95,False
0.253678239751997,-0.286607904549565,1.55766796579491,0.113,-0.15,0.01,0.95,False
0.3691254108745454,-0.4242494056715429,1.4886355219676295,0.113,-0.15,0.01,0.95,False
0.4640832302492712,-0.5600325610834703,1.4591311447065565,0.113,-0.15,0.01,0.95,False
0.5421746904670082,-0.6931506914084908,2.2388110909915633,0.113,-0.15,0.01,0.95,False
0.113,-0.15,1.751788752090826,0.113,-0.15,0.01,0.955,False
0.2549939237260832,-0.2731811312586097,1.55271078300475,0.113,-0.15,0.01,0.955,False
0.3741977528554676,-0.3980593829480369,1.485798324696499,0.113,-0.15,0.01,0.955,False
0.4745480244807598,-0.521681238511666,1.4567807492921407,0.113,-0.15,0.01,0.955,False
0.5590212227928388,-0.6430172653752485,2.2037781945914956,0.113,-0.15,0.01,0.955,False
0.113,-0.15,1.7368373354954865,0.113,-0.15,0.01,0.96,False
0.2563191169576315,-0.2598769378773465,1.5498791168361568,0.113,-0.15,0.01,0.96,False
0.3793780129333627,-0.3721105579390976,1.484670956515103,0.113,-0.15,0.01,0.96,False
0.4853993549578997,-0.4837241238280703,1.4558005665085776,0.113,-0.15,0.01,0.96,False
0.5767595309003704,-0.5934779138769657,2.182790247756794,0.113,-0.15,0.01,0.96,False
0.113,-0.15,1.7242982420048336,0.113,-0.15,0.01,0.965,False
0.2576536994824792,-0.2466934472779522,1.5494340933628237,0.113,-0.15,0.01,0.965,False
0.3846676528618986,-0.3463998057203093,1.485503436567874,0.113,-0.15,0.01,0.965,False
0.496651294502334,-0.4461608814890465,1.4563865021213267,0.113,-0.15,0.01,0.965,False
0.5954424095453785,-0.5445430490522777,2.1777658443805197,0.113,-0.15,0.01,0.965,False
0.113,-0.15,1.71436662122603,0.113,-0.15,0.01,0.97,False
0.2589975516772286,-0.2336288217621223,1.5517877416087715,0.113,-0.15,0.01,0.97,False
0.3900681462901944,-0.3209241360451542,1.4887256490589404,0.113,-0.15,0.01,0.97,False
0.5083185349772026,-0.4089918697608327,1.4589106121428603,0.113,-0.15,0.01,0.97,False
0.6151266181928795,-0.4962255971683562,2.191849082338672,0.113,-0.15,0.01,0.97,False
0.113,-0.15,1.707320243525806,0.113,-0.15,0.01,0.975,False
0.2603505542829306,-0.2206812620463456,1.5575808023409736,0.113,-0.15,0.01,0.975,False
0.3955809801358383,-0.2956806936467377,1.495056196245734,0.113,-0.15,0.01,0.975,False
0.5204164405064159,-0.3722181834738389,1.4640392820333576,0.113,-0.15,0.01,0.975,False
0.6358733497564795,-0.4485412349673223,2.230129439750617,0.113,-0.15,0.01,0.975,False
0.113,-0.15,1.703551815896369,0.113,-0.15,0.01,0.98,False
0.2617125884279876,-0.2078490062783249,1.5678088697344013,0.113,-0.15,0.01,0.98,False
0.4012076561006298,-0.2706667587009674,1.505692927731942,0.113,-0.15,0.01,0.98,False
0.5329611075343317,-0.3358416999047516,1.4729501460242842,0.113,-0.15,0.01,0.98,False
0.6577487758862182,-0.4015086412518178,2.3008105339983906,0.113,-0.15,0.01,0.98,False
0.113,-0.15,1.7036150234043046,0.113,-0.15,0.01,0.985,False
0.2630835356502898,-0.1951303290834582,1.5840331499920637,0.113,-0.15,0.01,0.985,False
0.4069496923379826,-0.2458797474518423,1.522660019484105,0.113,-0.15,0.01,0.985,False
0.5459694326136607,-0.2998651278710669,1.4877481193741962,0.113,-0.15,0.01,0.985,False
0.680824682273616,-0.3551497617525027,2.4171672995738427,0.113,-0.15,0.01,0.985,False
0.113,-0.15,1.7082909450107207,0.113,-0.15,0.01,0.99,False
0.2644632779185901,-0.1825235406402685,1.6087446055536438,0.113,-0.15,0.01,0.99,False
0.4128086252815731,-0.2213172129995327,1.549469640953742,0.113,-0.15,0.01,0.99,False
0.5594591889229341,-0.2642920600999563,1.5123043697716656,0.113,-0.15,0.01,0.99,False
0.7051792097711571,-0.3094900841010007,2.600970163147764,0.113,-0.15,0.01,0.99,False
0.113,-0.15,1.7126879650365003,0.113,-0.15,0.01,0.9925,False
0.2651564104331289,-0.1762615861316968,1.6254667756851273,0.113,-0.15,0.01,0.9925,False
0.4157824136407666,-0.2091193975684429,1.5683725046029984,0.113,-0.15,0.01,0.9925,False
0.5663904186439889,-0.2466582183677133,1.530339251359585,0.113,-0.15,0.01,0.9925,False
0.7178623232835089,-0.2869314483130197,2.7287559761153473,0.113,-0.15,0.01,0.9925,False
0.113,-0.15,1.7186851339786176,0.113,-0.15,0.01,0.995,False
0.2658516976531263,-0.1700269857838174,1.6460174938357408,0.113,-0.15,0.01,0.995,False
0.4187860116454606,-0.196976846252119,1.5924517688522934,0.113,-0.15,0.01,0.995,False
0.5734491126432663,-0.2291270289038268,1.5540497661334944,0.113,-0.15,0.01,0.995,False
0.7308977198323328,-0.2645589181160963,2.888881974207072,0.113,-0.15,0.01,0.995,False
0.113,-0.15,1.726494869857774,0.113,-0.15,0.01,0.9975,False
0.2665491249549185,-0.1638195379734238,1.67135232314186,0.113,-0.15,0.01,0.9975,False
0.421819617411759,-0.1848892921296837,1.6233979281427235,0.113,-0.15,0.01,0.9975,False
0.5806377794060633,-0.2116992147335425,1.5855811726810611,0.113,-0.15,0.01,0.9975,False
0.7442973636742704,-0.2423768002075054,3.090377942884599,0.113,-0.15,0.01,0.9975,False
0.113,-9.95,1.4142135623733814,0.113,-9.95,0.01,1.0,False
0.1129993560410302,-9.950000108990942,1.4142135623739083,0.113,-9.95,0.01,1.0,False
0.1129987277777001,-9.950000287510685,1.4142135623746772,0.113,-9.95,0.01,1.0,False
0.1129981226821118,-9.950000533426673,1.4142135623756518,0.113,-9.95,0.01,1.0,False
0.112997547952383,-9.950000843816785,1.414213562391531,0.113,-9.95,0.01,1.0,False
0.113,-9.95,1.4275625047523657,0.113,-9.95,0.01,1.01,False
0.1129993267267186,-9.927991316750091,1.4277317446196887,0.113,-9.95,0.01,1.01,False
0.1129986397550194,-9.905843033531758,1.4277318156324614,0.113,-9.95,0.01,1.01,False
0.1129979472694018,-9.883694827674365,1.4277318835283648,0.113,-9.95,0.01,1.01,False
0.1129972577897815,-9.861546701057776,1.616404358827933,0.113,-9.95,0.01,1.01,False
0.113,-9.95,1.4658776975874455,0.113,-9.95,0.01,1.02,False
0.1129992979636186,-9.90641135463886,1.4665179129324688,0.113,-9.95,0.01,1.02,False
0.1129985508353891,-9.862548884555355,1.4665184363829382,0.113,-9.95,0.01,1.02,False
0.1129977654833571,-9.81868649633283,1.4665189696619538,0.113,-9.95,0.01,1.02,False
0.1129969497443848,-9.774824197488671,2.098413358467341,0.113,-9.95,0.01,1.02,False
0.113,-9.95,1.525898317092833,0.113,-9.95,0.01,1.03,False
0.1129992697424839,-9.885247810701816,1.5272422412441184,0.113,-9.95,0.01,1.03,False
0.112998461035709,-9.820092779654386,1.5272436781847563,0.113,-9.95,0.01,1.03,False
0.1129975772192744,-9.754937829078616,1.5272452049175966,0.113,-9.95,0.01,1.03,False
0.1129966230704346,-9.6897829726208,2.7024492553678954,0.113,-9.95,0.01,1.03,False
0.113,-9.95,1.6039508425830706,0.113,-9.95,0.01,1.04,False
0.1129992420541934,-9.864488747386932,1.6061587265042807,0.113,-9.95,0.01,1.04,False
0.1129983703733856,-9.778450618808083,1.6061615832850684,0.113,-9.95,0.01,1.04,False
0.1129973823770323,-9.692412562997886,1.606164731785328,0.113,-9.95,0.01,1.04,False
0.1129962770170835,-9.606374599840446,3.353786469146047,0.113,-9.95,0.01,1.04,False
0.113,-9.95,1.6964434371514028,0.113,-9.95,0.01,1.05,False
0.1129992148897512,-9.844122679095731,1.6996126645975598,0.113,-9.95,0.01,1.05,False
0.1129982788662756,-9.737599217285434,1.6996174690391546,0.113,-9.95,0.01,1.05,False
0.1129971808611039,-9.63107581380386,1.6996229437740091,0.113,-9.95,0.01,1.05,False
0.1129959108292586,-9.524552494461,4.021992191810563,0.113,-9.95,0.01,1.05,False
0.113,-9.95,1.80016911463113,0.113,-9.95,0.01,1.06,False
0.1129991882402841,-9.824138550995803,1.8043490741879096,0.113,-9.95,0.01,1.06,False
0.1129981865326308,-9.697516262602154,1.804356363343648,0.113,-9.95,0.01,1.06,False
0.1129969725805605,-9.570894010938868,1.804364931018717,0.113,-9.95,0.01,1.06,False
0.1129955237485236,-9.44427182697118,4.693764792579661,0.113,-9.95,0.01,1.06,False
0.113,-9.95,1.9124277327656696,0.113,-9.95,0.01,1.07,False
0.1129991620970449,-9.80452571901466,1.9176342984108088,0.113,-9.95,0.01,1.07,False
0.1129980933910522,-9.658180273884858,1.917644614644468,0.113,-9.95,0.01,1.07,False
0.1129967574490701,-9.511834836309202,1.9176570989408774,0.113,-9.95,0.01,1.07,False
0.1129951150139324,-9.36548944114151,5.362716517184972,0.113,-9.95,0.01,1.07,False
0.113,-9.95,2.0310283187413374,0.113,-9.95,0.01,1.08,False
0.1129991364514076,-9.785273930937496,2.0372554560657994,0.113,-9.95,0.01,1.08,False
0.1129979994604377,-9.619570563484706,2.0372693476368733,0.113,-9.95,0.01,1.08,False
0.1129965353848817,-9.45386716641561,2.0372866294231864,0.113,-9.95,0.01,1.08,False
0.1129946838628697,-9.288163776672594,6.025544660647976,0.113,-9.95,0.01,1.08,False
0.113,-9.95,2.154231993211014,0.113,-9.95,0.01,1.09,False
0.1129991112948693,-9.76637330854009,2.1614601173420875,0.113,-9.95,0.01,1.09,False
0.1129979047599403,-9.58166720069922,2.1614781408104364,0.113,-9.95,0.01,1.09,False
0.1129963063108089,-9.396961017664228,2.1615011611258774,0.113,-9.95,0.01,1.09,False
0.1129942295318875,-9.212254796096426,6.6804587127727935,0.113,-9.95,0.01,1.09,False
0.113,-9.95,2.2806755428251764,0.113,-9.95,0.01,1.1,False
0.11299908661905,-9.747814330689708,2.2888771620202335,0.113,-9.95,0.01,1.1,False
0.1129978093089259,-9.544450977466015,2.288899884995216,0.113,-9.95,0.01,1.1,False
0.1129960701542035,-9.34108749465383,2.288929649100108,0.113,-9.95,0.01,1.1,False
0.1129937512575238,-9.13772391565825,7.326469198179191,0.113,-9.95,0.01,1.1,False
0.113,-9.95,2.4092965658279546,0.113,-9.95,0.01,1.11,False
0.1129990624156909,-9.729587817354458,2.4184399395700975,0.113,-9.95,0.01,1.11,False
0.1129977131269325,-9.50790337590597,2.4184679431590004,0.113,-9.95,0.01,1.11,False
0.1129958268469208,-9.286218741253297,2.418505524755121,0.113,-9.95,0.01,1.11,False
0.1129932482771057,-9.064533939929634,7.963038168129451,0.113,-9.95,0.01,1.11,False
0.113,-9.95,2.5392687203842823,0.113,-9.95,0.01,1.12,False
0.1129990386766537,-9.711684914464133,2.549320164383494,0.113,-9.95,0.01,1.12,False
0.1129976162336333,-9.472006537600176,2.5493540451372376,0.113,-9.95,0.01,1.12,False
0.1129955763252819,-9.232327894294956,2.54940059036104,0.113,-9.95,0.01,1.12,False
0.1129927198295405,-8.992648999919346,8.589895022706807,0.113,-9.95,0.01,1.12,False
0.113,-9.95,2.669949075631512,0.113,-9.95,0.01,1.13,False
0.1129990153939214,-9.694097079570506,2.6808743810676945,0.113,-9.95,0.01,1.13,False
0.1129975186488034,-9.436743234493363,2.6809147524185013,0.113,-9.95,0.01,1.13,False
0.1129953185300303,-9.179389039721878,2.680971483467916,0.113,-9.95,0.01,1.13,False
0.1129921651560878,-8.922034494465926,9.206933657912804,0.113,-9.95,0.01,1.13,False
0.113,-9.95,2.80083669115037,0.113,-9.95,0.01,1.14,False
0.1129989925595955,-9.676816068257471,2.812601977590294,0.113,-9.95,0.01,1.14,False
0.1129974203922827,-9.40209684132453,2.8126494708577336,0.113,-9.95,0.01,1.14,False
0.1129950534062771,-9.12737717103894,2.8127176892355754,0.113,-9.95,0.01,1.14,False
0.1129915835011056,-8.85265703471056,9.814152177035005,0.113,-9.95,0.01,1.14,False
0.113,-9.95,2.931540587434939,0.113,-9.95,0.01,1.15,False
0.1129989701658978,-9.659833921256697,2.9441127988744746,0.113,-9.95,0.01,1.15,False
0.1129973214839519,-9.368051309491646,5.340752848174861,0.113,-9.95,0.01,1.15,False
0.113,-9.95,3.0617551764605526,0.113,-9.95,0.01,1.16,False
0.1129989482051681,-9.64314295222574,3.075102354717987,0.113,-9.95,0.01,1.16,False
0.1129972219436982,-9.334591142264918,5.626848516697643,0.113,-9.95,0.01,1.16,False
0.113,-9.95,3.1912414600634693,0.113,-9.95,0.01,1.17,False
0.1129989266698636,-9.626735736149374,3.205332880515368,0.113,-9.95,0.01,1.17,False
0.1129971217913909,-9.301701371267123,5.909030326783553,0.113,-9.95,0.01,1.17,False
0.113,-9.95,3.31981262620956,0.113,-9.95,0.01,1.18,False
0.1129989055525582,-9.610605098327596,3.3346188493391375,0.113,-9.95,0.01,1.18,False
0.1129970210468565,-9.269367534147047,6.1872460284191275,0.113,-9.95,0.01,1.18,False
0.113,-9.95,3.447322978044854,0.113,-9.95,0.01,1.19,False
0.1129988848459418,-9.594744103915406,3.4628158503305557,0.113,-9.95,0.01,1.19,False
0.1129969197298553,-9.237575653375009,6.461475048639654,0.113,-9.95,0.01,1.19,False
0.113,-9.95,3.5736593850358744,0.113,-9.95,0.01,1.2,False
0.1129988645428195,-9.5791460479833,3.5898120101586626,0.113,-9.95,0.01,1.2,False
0.1129968178600596,-9.206312216096462,6.731720194080105,0.113,-9.95,0.01,1.2,False
0.113,-0.15,1.9344252097986294,0.113,-0.15,0.01,0.905,True
0.2461971314671138,-0.3781253000611062,1.6616247446079808,0.113,-0.15,0.01,0.905,True
0.3383845988130654,-0.620862602322521,1.5666369564381077,0.113,-0.15,0.01,0.905,True
0.4013591438745017,-0.8614894778186256,1.526444627657275,0.113,-0.15,0.01,0.905,True
0.4443519520916653,-1.0992140584446548,2.8907872503755265,0.113,-0.15,0.01,0.905,True
0.113,-0.15,2.1865423573546927,0.113,-0.15,0.015,0.905,True
0.2388704586337689,-0.475707467214226,1.8634050439999208,0.113,-0.15,0.015,0.905,True
0.3122502349855237,-0.8255511575626125,1.7425272962063056,0.113,-0.15,0.015,0.905,True
0.3542595099015447,-1.1733017892588216,1.6914960131579864,0.113,-0.15,0.015,0.905,True
0.3786070131366592,-1.5185299097851712,4.093953863150384,0.113,-0.15,0.015,0.905,True
0.113,-0.15,2.4835028689556924,0.113,-0.15,0.02,0.905,True
0.2328346231802196,-0.5679573551095657,2.1448371465099045,0.113,-0.15,0.02,0.905,True
0.2924690452112977,-1.0217651093831095,2.009712060274381,0.113,-0.15,0.02,0.905,True
0.321663584188661,-1.4746176949060636,1.9545779490790964,0.113,-0.15,0.02,0.905,True
0.3365083596056547,-1.9260321044822837,5.609720190746506,0.113,-0.15,0.02,0.905,True
0.113,-0.15,2.808975852167165,0.113,-0.15,0.025,0.905,True
0.2277863667900755,-0.6558354145143859,2.486562976694166,0.113,-0.15,0.025,0.905,True
0.277174838114166,-1.2109670342627616,2.349884315589932,0.113,-0.15,0.025,0.905,True
0.298282379429698,-1.7671476440779943,2.2974665699577996,0.113,-0.15,0.025,0.905,True
0.3079983392095026,-2.323523497731631,7.303600279768241,0.113,-0.15,0.025,0.905,True
0.113,-0.15,3.151760614384063,0.113,-0.15,0.03,0.905,True
0.2235164092280665,-0.739992138563383,2.8707866946415272,0.113,-0.15,0.03,0.905,True
0.2651386988453498,-1.3941800336431065,2.7423415936953957,0.113,-0.15,0.03,0.905,True
0.280981632162932,-2.0521748083650304,2.6975978460813073,0.113,-0.15,0.03,0.905,True
0.2877506001054937,-2.7124694829290297,9.098509415229408,0.113,-0.15,0.03,0.905,True
0.113,-0.15,3.5042670819281483,0.113,-0.15,0.035,0.905,True
0.2198723986331691,-0.8209039332772741,3.2837075121192196,0.113,-0.15,0.035,0.905,True
0.2555189858514918,-1.5721666851588096,3.1703366538028677,0.113,-0.15,0.035,0.905,True
0.2678239300640082,-2.330674997533036,3.1367395694630242,0.113,-0.15,0.035,0.905,True
0.2727832474540961,-3.093987738999961,10.950071211732672,0.113,-0.15,0.035,0.905,True
0.113,-0.15,3.8613686878281044,0.113,-0.15,0.04,0.905,True
0.2167395266066139,-0.8989375794928973,3.715405176677926,0.113,-0.15,0.04,0.905,True
0.2477233687477945,-1.7455181207459762,3.621970065952654,0.113,-0.15,0.04,0.905,True
0.2575716983304247,-2.603401841144936,3.602117752471781,0.113,-0.15,0.04,0.905,True
0.2613454643894132,-3.46892627214239,12.83188441890763,0.113,-0.15,0.04,0.905,True
0.113,-0.15,4.219587545503687,0.113,-0.15,0.045,0.905,True
0.2140291115759683,-0.9743855119648176,4.158950262783579,0.113,-0.15,0.045,0.905,True
0.2413261082085966,-1.914705444546158,4.089156794297632,0.113,-0.15,0.045,0.905,True
0.2494116717232578,-2.870947423528888,4.085109624636516,0.113,-0.15,0.045,0.905,True
0.2523633165136124,-3.837937583111686,14.727580595015615,0.113,-0.15,0.045,0.905,True
0.113,-0.15,4.576550612278071,0.113,-0.15,0.05,0.905,True
0.2116713487610854,-1.0474870350591514,4.609540995623981,0.113,-0.15,0.05,0.905,True
0.2360158239771466,-2.080112193990676,4.566437515377528,0.113,-0.15,0.05,0.905,True
0.2427954405205768,-3.1337851469659945,4.579858679357994,0.113,-0.15,0.05,0.905,True
0.2451506709416238,-4.20153427722792,16.62657506329844,0.113,-0.15,0.05,0.905,True
0.113,-0.15,7.8874708386253305,0.113,-0.15,0.1,0.905,True
0.1990407774314226,-1.6823177959143982,9.09482584290533,0.113,-0.15,0.1,0.905,True
0.2110431807511023,-3.5776533532561348,9.426681624946657,0.113,-0.15,0.1,0.905,True
0.2131593667662555,-5.564216597965176,9.65376110572044,0.113,-0.15,0.1,0.905,True
0.2136771691831471,-7.604736261175972,34.93277931425224,0.113,-0.15,0.1,0.905,True
0.113,-0.15,13.013269852009808,0.113,-0.15,0.2,0.905,True
0.1930491815707726,-2.640327815716072,17.047317860043268,0.113,-0.15,0.2,0.905,True
0.2000499673261557,-6.038653747409657,18.334254843822265,0.113,-0.15,0.2,0.905,True
0.2012078949265313,-9.716635768442448,19.042137928271043,0.113,-0.15,0.2,0.905,True
0.2017937110045946,-13.548598845274055,66.4205413339565,0.113,-0.15,0.2,0.905,True
0.113,-0.15,16.864421287506364,0.113,-0.15,0.3,0.905,True
0.1919704773440274,-3.370687596204143,23.78689636427039,0.113,-0.15,0.3,0.905,True
0.1978133590993053,-8.06758554607928,26.097114073091277,0.113,-0.15,0.3,0.905,True
0.1993346138500774,-13.261977001071768,27.348271319107234,0.113,-0.15,0.3,0.905,True
0.2002451417157754,-18.73099878489144,92.80769877002089,0.113,-0.15,0.3,0.905,True
0.113,-0.15,19.969849212403204,0.113,-0.15,0.4,0.905,True
0.1917154817896575,-3.964359200512062,29.64475278555711,0.113,-0.15,0.4,0.905,True
0.1973962333043087,-9.809343925099098,33.01532599466778,0.113,-0.15,0.4,0.905,True
0.1993829726647705,-16.385971666310265,34.85461330772918,0.113,-0.15,0.4,0.905,True
0.2006097927509546,-23.37237989124833,115.77215423068165,0.113,-0.15,0.4,0.905,True
0.113,-0.15,22.58466299598422,0.113,-0.15,0.5,0.905,True
0.1915994358018052,-4.464675646773757,34.84577152293992,0.113,-0.15,0.5,0.905,True
0.1974728465847287,-11.339996751177717,39.2955073532353,0.113,-0.15,0.5,0.905,True
0.1999020970117791,-19.19013690881477,41.751658986832034,0.113,-0.15,0.5,0.905,True
0.201426235645876,-27.595179499137544,136.26548694471728,0.113,-0.15,0.5,0.905,True
0.113,-0.15,24.849193380553093,0.113,-0.15,0.6,0.905,True
0.1914734415347161,-4.896571195669101,39.53883961622574,0.113,-0.15,0.6,0.905,True
0.1976631830991177,-12.706846062704091,45.07337928651009,0.113,-0.15,0.6,0.905,True
0.2004955704406854,-21.73938345660952,48.16515504643541,0.113,-0.15,0.6,0.905,True
0.2022959219687918,-31.47878536498817,154.87604083620062,0.113,-0.15,0.6,0.905,True
0.113,-0.15,26.84962204145208,0.113,-0.15,0.7,0.905,True
0.191306147621177,-5.275964089418018,43.826456073135205,0.113,-0.15,0.7,0.905,True
0.1978409322679024,-13.942021969390703,50.44309337453305,0.113,-0.15,0.7,0.905,True
0.2010361120473781,-24.078892387491507,54.182878091829146,0.113,-0.15,0.7,0.905,True
0.2030912084187374,-35.07919776495762,171.99668866307812,0.113,-0.15,0.7,0.905,True
0.113,-0.15,28.643116380073977,0.113,-0.15,0.8,0.905,True
0.1910960963843967,-5.613725150135678,47.78215592302859,0.113,-0.15,0.8,0.905,True
0.1979637435721628,-15.068624451825134,55.47311294595787,0.113,-0.15,0.8,0.905,True
0.2014834441353326,-26.2418784983112,59.86903861143528,0.113,-0.15,0.8,0.905,True
0.2037722595619946,-38.43811151029904,187.9047914775655,0.113,-0.15,0.8,0.905,True
0.113,-0.15,30.269749459214633,0.113,-0.15,0.9,0.905,True
0.1908493104153129,-5.917642851212046,51.460574575949494,0.113,-0.15,0.9,0.905,True
0.1980203460215887,-16.10394571959693,60.21507426903243,0.113,-0.15,0.9,0.905,True
0.2018290894035533,-28.25371974399752,65.27234718632333,0.113,-0.15,0.9,0.905,True
0.2043314430241202,-41.58776950359946,202.80444894357444,0.113,-0.15,0.9,0.905,True
0.113,-0.15,31.758794340614603,0.113,-0.15,1.0,0.905,True
0.190572956468851,-6.193502987025404,54.903489132265,0.113,-0.15,1.0,0.905,True
0.1980115127007406,-17.06133142257981,64.70905536108917,0.113,-0.15,1.0,0.905,True
0.2020767230085491,-30.134374675511012,70.43082592392902,0.113,-0.15,1.0,0.905,True
0.2047734730487458,-44.55381935457134,216.85074247546473,0.113,-0.15,1.0,0.905,True
0.113,-0.15,3.635258732768486,0.113,-0.15,0.01,0.75,True
0.2168408666125118,-0.8444750967811285,3.2348180930228607,0.113,-0.15,0.01,0.75,True
0.2509522105597098,-1.5689452705778486,3.088798614507868,0.113,-0.15,0.01,0.75,True
0.2630697576946089,-2.289940385251185,3.0370278711110763,0.113,-0.15,0.01,0.75,True
0.2680923797749228,-3.010034300804837,10.826464974489804,0.113,-0.15,0.01,0.75,True
0.113,-0.15,3.472708449867699,0.113,-0.15,0.01,0.76,True
0.2184952254664036,-0.8091664722861981,3.0686004779811973,0.113,-0.15,0.01,0.76,True
0.2549594498487953,-1.497082804541802,2.92077794639845,0.113,-0.15,0.01,0.76,True
0.2683863737902208,-2.181298297409375,2.866942916736588,0.113,-0.15,0.01,0.76,True
0.2740666905633757,-2.864238705410312,10.075110249463178,0.113,-0.15,0.01,0.76,True
0.113,-0.15,3.317787740355032,0.113,-0.15,0.01,0.77,True
0.220186971622173,-0.7747024034630451,2.9115763136421475,0.113,-0.15,0.01,0.77,True
0.2591620554745096,-1.4269634320813085,2.7625528388724385,0.113,-0.15,0.01,0.77,True
0.2740572181673766,-2.0753504706999117,2.7069834499242855,0.113,-0.15,0.01,0.77,True
0.2804958325078885,-2.722123998079492,9.356176236479312,0.113,-0.15,0.01,0.77,True
0.113,-0.15,3.1704082176173833,0.113,-0.15,0.01,0.78,True
0.2219151210764593,-0.7410508050331779,2.763721685900577,0.113,-0.15,0.01,0.78,True
0.2635666634105999,-1.3585174686275463,2.614146694341626,0.113,-0.15,0.01,0.78,True
0.2801080940823429,-1.971986986739256,2.5571886439682294,0.113,-0.15,0.01,0.78,True
0.2874241747447313,-2.583540191706565,8.669481116320792,0.113,-0.15,0.01,0.78,True
0.113,-0.15,3.030488358832028,0.113,-0.15,0.01,0.79,True
0.2236786941533437,-0.7081812250426285,2.6250139352010895,0.113,-0.15,0.01,0.79,True
0.2681799459809977,-1.29167890684937,2.475587104769691,0.113,-0.15,0.01,0.79,True
0.2865665820249246,-1.871103651490153,2.4176060409135447,0.113,-0.15,0.01,0.79,True
0.2949011507825862,-2.4483447881040785,8.014937726221898,0.113,-0.15,0.01,0.79,True
0.113,-0.15,2.8979525706165083,0.113,-0.15,0.01,0.8,True
0.2254767164152986,-0.6760647424527627,2.4954271349200314,0.113,-0.15,0.01,0.8,True
0.2730085972314208,-1.226385206573135,2.346897708098434,0.113,-0.15,0.01,0.8,True
0.2934620989622197,-1.7726017331604995,2.288282792233059,0.113,-0.15,0.01,0.8,True
0.3029817624449864,-2.31640247062523,7.3925582012297895,0.113,-0.15,0.01,0.8,True
0.113,-0.15,2.7727300026321413,0.113,-0.15,0.01,0.81,True
0.2273082195400613,-0.6446738723134363,2.3749267996497596,0.113,-0.15,0.01,0.81,True
0.2780593190546214,-1.162577101468416,2.2280882523652705,0.113,-0.15,0.01,0.81,True
0.3008259565178755,-1.6763877354298895,2.169254122325161,0.113,-0.15,0.01,0.81,True
0.3117271206863016,-2.1875848655697068,6.802458180004806,0.113,-0.15,0.01,0.81,True
0.113,-0.15,2.6547530889961326,0.113,-0.15,0.01,0.82,True
0.2291722421589465,-0.6139824778740163,2.2634638446559485,0.113,-0.15,0.01,0.82,True
0.2833388081955569,-1.1001984212025773,2.119142988308954,0.113,-0.15,0.01,0.82,True
0.3086914188163825,-1.5823732055326711,2.060528996977796,0.113,-0.15,0.01,0.82,True
0.3212050260664661,-2.0617703772479925,6.244860341805216,0.113,-0.15,0.01,0.82,True
0.113,-0.15,2.543955819865913,0.113,-0.15,0.01,0.83,True
0.2310678306531418,-0.5839656890493625,2.1609679291222066,0.113,-0.15,0.01,0.83,True
0.2888537442624022,-1.0391959278991,2.0200077861903165,0.113,-0.15,0.01,0.83,True
0.3170937610571085,-1.4904745771749834,1.9620733946927993,0.113,-0.15,0.01,0.83,True
0.3314905928245816,-1.938844103592355,5.720096902311086,0.113,-0.15,0.01,0.83,True
0.113,-0.15,2.4402717822060183,0.113,-0.15,0.01,0.84,True
0.2329940399055121,-0.5545998267130161,2.067340471174044,0.113,-0.15,0.01,0.84,True
0.2946107788693775,-0.979519165851792,1.9305767285291728,0.113,-0.15,0.01,0.84,True
0.3260703302875242,-1.4006130487182151,1.8737921459968576,0.113,-0.15,0.01,0.84,True
0.3426669221888308,-1.818697841552672,5.228610411552243,0.113,-0.15,0.01,0.84,True
0.113,-0.15,2.3436320647398468,0.113,-0.15,0.01,0.85,True
0.2349499340062256,-0.5258623323391073,1.9824478189484527,0.113,-0.15,0.01,0.85,True
0.3006165260377402,-0.9211203235522156,1.8506793296114668,0.113,-0.15,0.01,0.85,True
0.3356606103321829,-1.3127144975275442,1.7955109612394577,0.113,-0.15,0.01,0.85,True
0.3548258329921274,-1.7012301942702346,4.77095168450647,0.113,-0.15,0.01,0.85,True
0.113,-0.15,2.2539632040700686,0.113,-0.15,0.01,0.86,True
0.2369345869112145,-0.4977317025587175,1.9061152873930431,0.113,-0.15,0.01,0.86,True
0.3068775539823881,-0.8639541071813809,1.7800699024565072,0.113,-0.15,0.01,0.86,True
0.3459062934200327,-1.2267094318639016,1.726960875118184,0.113,-0.15,0.01,0.86,True
0.3680686610843797,-1.5863467952517358,4.347772875516213,0.113,-0.15,0.01,0.86,True
0.113,-0.15,2.171185465784375,0.113,-0.15,0.01,0.87,True
0.2389470830530596,-0.4701874282361313,1.8381230071334433,0.113,-0.15,0.01,0.87,True
0.3134003784133025,-0.8079776248008516,1.7184208390859785,0.113,-0.15,0.01,0.87,True
0.3568513617572627,-1.1425329821918984,1.6677677040864842,0.113,-0.15,0.01,0.87,True
0.3825071437795995,-1.4739606685329163,3.959812585623252,0.113,-0.15,0.01,0.87,True
0.113,-0.15,2.0952119189079825,0.113,-0.15,0.01,0.88,True
0.240986517904384,-0.4432099377060623,1.7782047659847264,0.113,-0.15,0.01,0.88,True
0.320191457483907,-0.7531502805536121,1.6653216083656992,0.113,-0.15,0.01,0.88,True
0.3685421831413434,-1.0601249342845862,1.6174490566157216,0.113,-0.15,0.01,0.88,True
0.3982644120963788,-1.3639927481782002,3.607868746160143,0.113,-0.15,0.01,0.88,True
0.113,-0.15,2.025948995015228,0.113,-0.15,0.01,0.89,True
0.2430519984942407,-0.4167805438450261,1.7260512687547847,0.113,-0.15,0.01,0.89,True
0.3272571885223349,-0.6994336782522602,1.620285099122255,0.113,-0.15,0.01,0.89,True
0.3810276257345488,-0.9794298070240528,1.575420888273977,0.113,-0.15,0.01,0.89,True
0.415476122435838,-1.2563725854239496,3.2927548020394966,0.113,-0.15,0.01,0.89,True
0.113,-0.15,1.9632995609969686,0.113,-0.15,0.01,0.9,True
0.2451426438783037,-0.3908813946789527,1.681319576803653,0.113,-0.15,0.01,0.9,True
0.3346039066869187,-0.6467915337924738,1.5827626841695892,0.113,-0.15,0.01,0.9,True
0.394359198350518,-0.9003969783182971,1.54101472042152,0.113,-0.15,0.01,0.9,True
0.4342917713805831,-1.151039277294044,3.015237716389335,0.113,-0.15,0.01,0.9,True
0.113,-0.15,1.907170044061218,0.113,-0.15,0.01,0.91,True
0.2472575855639872,-0.3654954272551833,1.6436511281236041,0.113,-0.15,0.01,0.91,True
0.3422378856940234,-0.595189595883432,1.5521694196916684,0.113,-0.15,0.01,0.91,True
0.4085912241020812,-0.822980863066849,1.5135059277100624,0.113,-0.15,0.01,0.91,True
0.4548762535392593,-1.0479426564388588,2.775967036193923,0.113,-0.15,0.01,0.91,True
0.113,-0.15,1.8574839560125422,0.113,-0.15,0.01,0.92,True
0.2493959678917788,-0.3406063245305811,1.6127021467398093,0.113,-0.15,0.01,0.92,True
0.3501653407748612,-0.544595574635092,1.5279218318545964,0.113,-0.15,0.01,0.92,True
0.4237810570710236,-0.747141147591736,1.4921538125950353,0.113,-0.15,0.01,0.92,True
0.4774117441977872,-0.9470447879324274,2.5754300692776675,0.113,-0.15,0.01,0.92,True
0.113,-0.15,1.8142055132854555,0.113,-0.15,0.01,0.93,True
0.2515569483742945,-0.3161984750487017,1.5881933978325948,0.113,-0.15,0.01,0.93,True
0.358392434028405,-0.4949790775849904,1.509494118241137,0.113,-0.15,0.01,0.93,True
0.439989353862415,-0.6728430853795137,1.4762569970577355,0.113,-0.15,0.01,0.93,True
0.5021000178202493,-0.8483218241703215,2.4140194903294176,0.113,-0.15,0.01,0.93,True
0.113,-0.15,1.7773794039765545,0.113,-0.15,0.01,0.94,True
0.2537396979946675,-0.2922569351983133,1.5699932182204863,0.113,-0.15,0.01,0.94,True
0.366925282350022,-0.4463115527854118,1.4965071563786634,0.113,-0.15,0.01,0.94,True
0.4572804145860486,-0.6000578593152499,1.465235960302501,0.113,-0.15,0.01,0.94,True
0.5291653526195764,-0.7517662727369382,2.292391471903597,0.113,-0.15,0.01,0.94,True
0.113,-0.15,1.747197014307551,0.113,-0.15,0.01,0.95,True
0.2559434014659822,-0.2687673938629203,1.558263339139958,0.113,-0.15,0.01,0.95,True
0.3757699681304149,-0.3985662386053543,1.4888854769234656,0.113,-0.15,0.01,0.95,True
0.475722611074683,-0.5287630157767106,1.4587759237596938,0.113,-0.15,0.01,0.95,True
0.5588582237202734,-0.6573897323247101,2.2124580930114353,0.113,-0.15,0.01,0.95,True
0.113,-0.15,1.7347230536612817,0.113,-0.15,0.01,0.955,True
0.2570528599282986,-0.257187815165327,1.5550183815681797,0.113,-0.15,0.01,0.955,True
0.3803111446819282,-0.3750315261225026,1.4872168924908442,0.113,-0.15,0.01,0.955,True
0.4853979943561126,-0.493669334874897,1.4572962793463413,0.113,-0.15,0.01,0.955,True
0.5747765647014298,-0.6110282253695196,2.189590225496441,0.113,-0.15,0.01,0.955,True
0.113,-0.15,1.7241073764191241,0.113,-0.15,0.01,0.96,True
0.2581672574535507,-0.2457161392868111,1.553733088035331,0.113,-0.15,0.01,0.96,True
0.3849325529369457,-0.3517181199313711,1.48716968627698,0.113,-0.15,0.01,0.96,True
0.4953889241371334,-0.4589429759234131,1.4571200814569438,0.113,-0.15,0.01,0.96,True
0.5914600570928555,-0.5652261455473214,2.179701128290256,0.113,-0.15,0.01,0.96,True
0.113,-0.15,1.7154771839529388,0.113,-0.15,0.01,0.965,True
0.2592864960855992,-0.2343507408097867,1.5546772189349811,0.113,-0.15,0.01,0.965,True
0.3896349501089758,-0.3286231598533201,1.4890198373317938,0.113,-0.15,0.01,0.965,True
0.5057053534764812,-0.4245831631058561,1.458476689386901,0.113,-0.15,0.01,0.965,True
0.6089497274457327,-0.5199918506177471,2.1848674660333325,0.113,-0.15,0.01,0.965,True
0.113,-0.15,1.7090063527993482,0.113,-0.15,0.01,0.97,True
0.2604104787618409,-0.2230900279975142,1.5582559443171131,0.113,-0.15,0.01,0.97,True
0.3944190944097068,-0.3057438904771437,1.4932147001130742,0.113,-0.15,0.01,0.97,True
0.516357616519221,-0.3905896291606944,1.461768604309866,0.113,-0.15,0.01,0.97,True
0.6272894089451189,-0.4753356001668907,2.208338115937131,0.113,-0.15,0.01,0.97,True
0.113,-0.15,1.7049305572761069,0.113,-0.15,0.01,0.975,True
0.2615391093172455,-0.2119324419251614,1.5650739595039274,0.113,-0.15,0.01,0.975,True
0.3992857457710768,-0.2830776602966653,1.5004704087155372,0.113,-0.15,0.01,0.975,True
0.5273564593126763,-0.3569626387022472,1.4676816597023712,0.113,-0.15,0.01,0.975,True
0.6465260482096767,-0.431269703575549,2.255161866782841,0.113,-0.15,0.01,0.975,True
0.113,-0.15,1.7035676973170066,0.113,-0.15,0.01,0.98,True
0.2626722924879128,-0.2008764556375755,1.5760361067856643,0.113,-0.15,0.01,0.98,True
0.4042356666282684,-0.2606219209338297,1.5119375171286606,0.113,-0.15,0.01,0.98,True
0.5387130742107167,-0.3237030129505418,1.4773818309809181,0.113,-0.15,0.01,0.98,True
0.6667100576503325,-0.3878086746913385,2.333182279818391,0.113,-0.15,0.01,0.98,True
0.113,-0.15,1.7053457412557698,0.113,-0.15,0.01,0.985,True
0.2638099339141703,-0.1899205733328061,1.592509396972897,0.113,-0.15,0.01,0.985,True
0.4092696227661608,-0.2383742264454793,1.5294928205187628,0.113,-0.15,0.01,0.985,True
0.550439138264732,-0.2908121558696338,1.4928809422066303,0.113,-0.15,0.01,0.985,True
0.6878957204706588,-0.3449693916407895,2.4546633953720467,0.113,-0.15,0.01,0.985,True
0.113,-0.15,1.7108410340350388,0.113,-0.15,0.01,0.99,True
0.2649519401432058,-0.1790633295704444,1.6165914184701136,0.113,-0.15,0.01,0.99,True
0.4143883842318648,-0.2163322327120408,1.556274504486935,0.113,-0.15,0.01,0.99,True
0.5625468560419401,-0.2582920817007599,1.517747490067586,0.113,-0.15,0.01,0.99,True
0.7101416564448271,-0.3027712595448512,2.63906349622509,0.113,-0.15,0.01,0.99,True
0.113,-0.15,1.715216024663743,0.113,-0.15,0.01,0.9925,True
0.2655245511032864,-0.1736712473051274,1.632447783082873,0.113,-0.15,0.01,0.9925,True
0.416979809007886,-0.2053876688011321,1.5746862882914114,0.113,-0.15,0.01,0.9925,True
0.5687478048841728,-0.2421718916158296,1.5355648435754805,0.113,-0.15,0.01,0.9925,True
0.7216818615980384,-0.2819194202445881,2.764065419209233,0.113,-0.15,0.01,0.9925,True
0.113,-0.15,1.7208315292334815,0.113,-0.15,0.01,0.995,True
0.2660982186312831,-0.1683032885039503,1.6515694534270833,0.113,-0.15,0.01,0.995,True
0.4195927263161445,-0.1944936969064871,1.597709957068711,0.113,-0.15,0.01,0.995,True
0.5750490073587999,-0.226145443860733,1.558561885275753,0.113,-0.15,0.01,0.995,True
0.7335113578047412,-0.2612363730472616,2.9180743077990323,0.113,-0.15,0.01,0.995,True
0.113,-0.15,1.7278285243175946,0.113,-0.15,0.01,0.9975,True
0.2666729313015616,-0.1629592781879863,1.674685707561092,0.113,-0.15,0.01,0.9975,True
0.4222272340600917,-0.1836500524274593,1.6267187213829561,0.113,-0.15,0.01,0.9975,True
0.5814521595499725,-0.2102131749410824,1.5885421687864816,0.113,-0.15,0.01,0.9975,True
0.7456389440520718,-0.240725325989278,3.108577443742081,0.113,-0.15,0.01,0.9975,True
0.113,-9.95,1.4142135623733814,0.113,-9.95,0.01,1.0,True
0.1129993560410302,-9.950000108990942,1.4142135623739083,0.113,-9.95,0.01,1.0,True
0.1129987277777001,-9.950000287510685,1.4142135623746772,0.113,-9.95,0.01,1.0,True
0.1129981226821118,-9.950000533426673,1.4142135623756518,0.113,-9.95,0.01,1.0,True
0.112997547952383,-9.950000843816785,1.414213562391531,0.113,-9.95,0.01,1.0,True
0.113,-9.95,1.424138539902825,0.113,-9.95,0.01,1.01,True
0.1129993306320762,-9.931034093845858,1.4260521588418849,0.113,-9.95,0.01,1.01,True
0.1129986485287004,-9.91031347694506,1.4264319564374701,0.113,-9.95,0.01,1.01,True
0.1129979620276554,-9.889261832133766,1.426631329527934,0.113,-9.95,0.01,1.01,True
0.1129972794726,-9.868038511036636,1.5893769402563904,0.113,-9.95,0.01,1.01,True
0.113,-9.95,1.4527552512206063,0.113,-9.95,0.01,1.02,True
0.1129993056550299,-9.912437668751672,1.4600948003325989,0.113,-9.95,0.01,1.02,True
0.1129985685780681,-9.871402417611456,1.4615491808753824,0.113,-9.95,0.01,1.02,True
0.1129977960731865,-9.82971159781624,1.4623123886231857,0.113,-9.95,0.01,1.02,True
0.1129969957618432,-9.787680746253963,2.015814840034021,0.113,-9.95,0.01,1.02,True
0.113,-9.95,1.4979471545347944,0.113,-9.95,0.01,1.03,True
0.112999281101811,-9.894200135075778,1.5136023996890953,0.113,-9.95,0.01,1.03,True
0.1129984879417049,-9.833244584362294,1.5166964497593876,0.113,-9.95,0.01,1.03,True
0.1129976247564865,-9.77131528548372,1.5183190688410546,0.113,-9.95,0.01,1.03,True
0.1129966962742509,-9.708880884658235,2.55995300472872,0.113,-9.95,0.01,1.03,True
0.113,-9.95,1.5573237867688907,0.113,-9.95,0.01,1.04,True
0.1129992569644958,-9.876311203155703,1.5834845709995258,0.113,-9.95,0.01,1.04,True
0.1129984066357413,-9.795818315753838,1.5886385374754644,0.113,-9.95,0.01,1.04,True
0.1129974480191995,-9.714039676086632,1.591339388291071,0.113,-9.95,0.01,1.04,True
0.112996380464251,-9.631594053439724,3.1528139251899527,0.113,-9.95,0.01,1.04,True
0.113,-9.95,1.628479085881932,0.113,-9.95,0.01,1.05,True
0.1129992332353114,-9.858760972943054,1.6666809737610988,0.113,-9.95,0.01,1.05,True
0.1129983246764942,-9.75910277304277,1.674182225852846,0.113,-9.95,0.01,1.05,True
0.112997265806792,-9.6578528135047,1.6781100676201863,0.113,-9.95,0.01,1.05,True
0.1129960477871791,-9.55577708658672,3.764554484950315,0.113,-9.95,0.01,1.05,True
0.113,-9.95,1.7091736824926875,0.113,-9.95,0.01,1.06,True
0.1129992099066353,-9.841539915735908,1.76041007453532,0.113,-9.95,0.01,1.06,True
0.1129982420804349,-9.723077901495614,1.7704385775395517,0.113,-9.95,0.01,1.06,True
0.112997078068515,-9.602723945094104,1.7756859082537337,0.113,-9.95,0.01,1.06,True
0.1129956976998934,-9.481388444497703,4.38166214571097,0.113,-9.95,0.01,1.06,True
0.113,-9.95,1.7974330310127586,0.113,-9.95,0.01,1.07,True
0.1129991869709919,-9.82463885693018,1.862283869284456,0.113,-9.95,0.01,1.07,True
0.1129981588641526,-9.687724393862627,1.8749399310192445,0.113,-9.95,0.01,1.07,True
0.1129968847573567,-9.548623465563258,1.8815578250828273,0.113,-9.95,0.01,1.07,True
0.1129953296613656,-9.40838813809575,4.997498937799476,0.113,-9.95,0.01,1.07,True
0.113,-9.95,1.8915791765176615,0.113,-9.95,0.01,1.08,True
0.1129991644210487,-9.808048959723155,1.9703270560067432,0.113,-9.95,0.01,1.08,True
0.1129980750443231,-9.653023655873904,1.9856553441123788,0.113,-9.95,0.01,1.08,True
0.1129966858299906,-9.495522863959073,1.9936661657801846,0.113,-9.95,0.01,1.08,True
0.1129949431332584,-9.336737657151572,5.608570292293089,0.113,-9.95,0.01,1.08,True
0.113,-9.95,1.990220821007649,0.113,-9.95,0.01,1.09,True
0.1129991422496155,-9.791761709712722,2.082943479026371,0.113,-9.95,0.01,1.09,True
0.1129979906376804,-9.618957773629626,2.1009514590544356,0.113,-9.95,0.01,1.09,True
0.1129964812467225,-9.443394673566608,2.1103585354213483,0.113,-9.95,0.01,1.09,True
0.1129945375804872,-9.266399902547022,6.212946342110273,0.113,-9.95,0.01,1.09,True
0.113,-9.95,2.09222241715818,0.113,-9.95,0.01,1.1,True
0.1129991204496407,-9.775768900367645,2.1988611751972185,0.113,-9.95,0.01,1.1,True
0.1129979056609893,-9.585509482763644,2.219532300544995,0.113,-9.95,0.01,1.1,True
0.1129962709714324,-9.392212424535453,2.2303267854422084,0.113,-9.95,0.01,1.1,True
0.1129941124717612,-9.197339122227438,6.809534931598459,0.113,-9.95,0.01,1.1,True
0.113,-9.95,2.1966660339924786,0.113,-9.95,0.01,1.11,True
0.1129990990142096,-9.760062619648474,2.3170741752805943,0.113,-9.95,0.01,1.11,True
0.1129978201310185,-9.552662139269346,2.3403769184855827,0.113,-9.95,0.01,1.11,True
0.1129960549715112,-9.341950599062695,2.3525424589663793,0.113,-9.95,0.01,1.11,True
0.1129936672801057,-9.129520850611913,7.397719964982438,0.113,-9.95,0.01,1.11,True
0.113,-9.95,2.302813638938306,0.113,-9.95,0.01,1.12,True
0.1129990779365461,-9.744635240988732,2.43678966427112,0.113,-9.95,0.01,1.12,True
0.1129977340645195,-9.520399691868024,2.462683503347292,0.113,-9.95,0.01,1.12,True
0.1129958332177984,-9.292584588971405,2.476199327371986,0.113,-9.95,0.01,1.12,True
0.1129932014833679,-9.062911851243866,7.977169197711645,0.113,-9.95,0.01,1.12,True
0.113,-9.95,2.410073122907308,0.113,-9.95,0.01,1.13,True
0.1129990572100461,-9.729479449623629,2.5573837245860442,0.113,-9.95,0.01,1.13,True
0.1129976474781985,-9.488706654484291,2.5858227371115023,0.113,-9.95,0.01,1.13,True
0.1129956056845125,-9.244090655568982,2.6006656701458137,0.113,-9.95,0.01,1.13,True
0.1129927145646983,-8.997480062482861,8.547726219374676,0.113,-9.95,0.01,1.13,True
0.113,-9.95,2.5179671001473247,0.113,-9.95,0.01,1.14,True
0.1129990368286262,-9.71458859090333,2.6783688821461533,0.113,-9.95,0.01,1.14,True
0.1129975603883964,-9.45756796659582,2.7092992968131977,0.113,-9.95,0.01,1.14,True
0.112995372349301,-9.196445914978169,2.725446313461064,0.113,-9.95,0.01,1.14,True
0.1129922060129786,-8.933194541513938,9.109346865428064,0.113,-9.95,0.01,1.14,True
0.113,-9.95,2.6260849708106675,0.113,-9.95,0.01,1.15,True
0.1129990167899568,-9.699959912408112,2.79946038504637,0.113,-9.95,0.01,1.15,True
0.1129974727862738,-9.426959850254926,4.839998225179772,0.113,-9.95,0.01,1.15,True
0.113,-9.95,2.7338455616570383,0.113,-9.95,0.01,1.16,True
0.1129989971244595,-9.685623129220224,2.9261031339677506,0.113,-9.95,0.01,1.16,True
0.1129973827024281,-9.396162767415158,5.101276175441969,0.113,-9.95,0.01,1.16,True
0.113,-9.95,2.838592106117051,0.113,-9.95,0.01,1.17,True
0.112998978148202,-9.671884638096325,3.4639048947995055,0.113,-9.95,0.01,1.17,True
0.1129971427853926,-9.314580670676666,5.7984269243302995,0.113,-9.95,0.01,1.17,True
0.113,-9.95,2.9197177317965495,0.113,-9.95,0.01,1.18,True
0.1129989626376957,-9.661360056608098,34.71450770536361,0.113,-9.95,0.01,1.18,True
0.1132992548838693,-5.731491368131474,37.26012661180371,0.113,-9.95,0.01,1.18,True
0.113,-9.95,2.811210918574443,0.113,-9.95,0.01,1.19,True
0.1129989763642139,-9.675458846164512,2.811210918574443,0.113,-9.95,0.01,1.19,True
0.113,-9.95,1.5275211145701635,0.113,-9.95,0.01,1.2,True
0.1129993970949047,-9.884761005448114,1.5275211145701635,0.113,-9.95,0.01,1.2,True
0.1,-0.2,2.0518284326627336,0.1,-0.2,0.01,0.905,False
0.2177342128228994,-0.4611558332115398,1.721078507989619,0.1,-0.2,0.01,0.905,False
0.2957020112143589,-0.7177374271540687,1.6133823228824276,0.1,-0.2,0.01,0.905,False
0.3475530765451742,-0.9686855997688406,1.5664897243133635,0.1,-0.2,0.01,0.905,False
0.3822851672662289,-1.2152138148465363,3.2742532922667635,0.1,-0.2,0.01,0.905,False
0.1,-0.2,2.4982972648665003,0.1,-0.2,0.015,0.905,False
0.209007312979233,-0.5855102673176464,2.0387006117323883,0.1,-0.2,0.015,0.905,False
0.2678256884977603,-0.9617413567632828,1.8873363044830611,0.1,-0.2,0.015,0.905,False
0.3000838739701542,-1.329403071732386,1.8218810173484092,0.1,-0.2,0.015,0.905,False
0.3182991457908868,-1.691548731658907,5.0547416655961355,0.1,-0.2,0.015,0.905,False
0.1,-0.2,3.036276075834262,0.1,-0.2,0.02,0.905,False
0.2017158286645217,-0.7080588898547782,2.4845644499730755,0.1,-0.2,0.02,0.905,False
0.2468853823265786,-1.202784181734781,2.304514099358084,0.1,-0.2,0.02,0.905,False
0.2677911743217813,-1.6866892352352618,2.2288034845022584,0.1,-0.2,0.02,0.905,False
0.2781497896302591,-2.1645107699826687,7.306856296328969,0.1,-0.2,0.02,0.905,False
0.1,-0.2,3.63738570338892,0.1,-0.2,0.025,0.905,False
0.1956082201230841,-0.8289360367897135,3.0271300774226018,0.1,-0.2,0.025,0.905,False
0.2309734727870898,-1.44128057139915,2.8321922350545785,0.1,-0.2,0.025,0.905,False
0.2451516604112663,-2.0411253106542278,2.7531573894061485,0.1,-0.2,0.025,0.905,False
0.251553675667179,-2.634726383637044,9.854188838194744,0.1,-0.2,0.025,0.905,False
0.1,-0.2,4.281453207195043,0.1,-0.2,0.03,0.905,False
0.1904765182327466,-0.9482507761432356,3.637816313709233,0.1,-0.2,0.03,0.905,False
0.2187318846026073,-1.6775813797069834,3.4366262355393644,0.1,-0.2,0.03,0.905,False
0.2287999801930981,-2.393249705450066,3.3583935444776407,0.1,-0.2,0.03,0.905,False
0.2330504049772039,-3.102827769691295,12.589762761477967,0.1,-0.2,0.03,0.905,False
0.1,-0.2,4.954509522671035,0.1,-0.2,0.035,0.905,False
0.1861497028746153,-1.0660928322783638,4.295423184628249,0.1,-0.2,0.035,0.905,False
0.2091893399361726,-1.9119705250474992,4.0929234600469915,0.1,-0.2,0.035,0.905,False
0.2166466653754993,-2.743482914681573,4.018045251329983,0.1,-0.2,0.035,0.905,False
0.2196195512187993,-3.569276184273133,15.44839765754229,0.1,-0.2,0.035,0.905,False
0.1,-0.2,5.646759525740142,0.1,-0.2,0.04,0.905,False
0.1824877170128665,-1.1825372735871722,4.985278392815413,0.1,-0.2,0.04,0.905,False
0.2016482826126516,-2.1446732450979984,4.784583312183092,0.1,-0.2,0.04,0.905,False
0.207369580720804,-3.09213337594639,4.714818729362741,0.1,-0.2,0.04,0.905,False
0.2095183463806013,-4.034377216084684,18.38925234576217,0.1,-0.2,0.04,0.905,False
0.1,-0.2,6.351199471035196,0.1,-0.2,0.045,0.905,False
0.1793761319478975,-1.297648046413999,5.697477630209713,0.1,-0.2,0.045,0.905,False
0.1956054579377804,-2.375866780382919,5.500926562805199,0.1,-0.2,0.045,0.905,False
0.2001149903204679,-3.439421121891271,5.437465021376087,0.1,-0.2,0.045,0.905,False
0.2016966112719348,-4.49832507541252,21.385702979677824,0.1,-0.2,0.045,0.905,False
0.1,-0.2,7.062741038011228,0.1,-0.2,0.05,0.905,False
0.1767215019997736,-1.4114805294963817,6.425396722065421,0.1,-0.2,0.05,0.905,False
0.1906958530466919,-2.605690312999511,6.2349626115728025,0.1,-0.2,0.05,0.905,False
0.1943195200593632,-3.7855010862158407,6.178469454337587,0.1,-0.2,0.05,0.905,False
0.1954938098174105,-4.961240510446435,24.419683087212363,0.1,-0.2,0.05,0.905,False
0.1,-0.2,14.084561434339536,0.1,-0.2,0.1,0.905,False
0.1636217185642743,-2.48796293462747,14.042062207067781,0.1,-0.2,0.1,0.905,False
0.1686780421246532,-4.8443301949954645,13.95396495990786,0.1,-0.2,0.1,0.905,False
0.1692062127039368,-7.193257997414527,13.945390540018133,0.1,-0.2,0.1,0.905,False
0.1692634714992048,-9.541533235332746,55.216130974382736,0.1,-0.2,0.1,0.905,False
0.1,-0.2,26.59951799207594,0.1,-0.2,0.2,0.905,False
0.1566941565871903,-4.359704802033045,29.808483326726535,0.1,-0.2,0.2,0.905,False
0.1577500894397539,-9.056682186681895,29.802920697498276,0.1,-0.2,0.2,0.905,False
0.1577607315622844,-13.75311618787152,29.802848541272684,0.1,-0.2,0.2,0.905,False
0.1577608367297784,-18.449542044741484,115.6908739761312,0.1,-0.2,0.2,0.905,False
0.1,-0.2,37.412954677946075,0.1,-0.2,0.3,0.905,False
0.1525977376959236,-5.903466138602024,46.05094991473868,0.1,-0.2,0.3,0.905,False
0.1527734646129807,-12.935508959399549,46.13275052909788,0.1,-0.2,0.3,0.905,False
0.1527730126117354,-19.980035867292575,46.133477197379094,0.1,-0.2,0.3,0.905,False
0.1527730067726251,-27.024673570012272,175.59314741597024,0.1,-0.2,0.3,0.905,False
0.1,-0.2,46.7836396787082,0.1,-0.2,0.4,0.905,False
0.1489654356274104,-7.16477972138121,62.70136642312098,0.1,-0.2,0.4,0.905,False
0.1486775685016131,-16.484697514733803,63.1821346799379,0.1,-0.2,0.4,0.905,False
0.1486672384106697,-25.875457764188734,63.19592149973051,0.1,-0.2,0.4,0.905,False
0.1486669421213305,-35.26824939790033,235.8904923603915,0.1,-0.2,0.4,0.905,False
0.1,-0.2,54.91242735489968,0.1,-0.2,0.5,0.905,False
0.1456949872086758,-8.196875286933981,79.54687778975058,0.1,-0.2,0.5,0.905,False
0.144788981750667,-19.71257305038664,81.04280075698478,0.1,-0.2,0.5,0.905,False
0.1447346962461999,-31.440492410374148,81.13008850896858,0.1,-0.2,0.5,0.905,False
0.1447315299532885,-43.18079017665738,296.9736486506946,0.1,-0.2,0.5,0.905,False
0.1,-0.2,61.99868448703575,0.1,-0.2,0.6,0.905,False
0.1427728373400251,-9.04865122358765,96.37262615484218,0.1,-0.2,0.6,0.905,False
0.1409998029306391,-22.63572037424301,99.71860123735611,0.1,-0.2,0.6,0.905,False
0.1408328237837568,-36.677960837811895,100.0323908003286,0.1,-0.2,0.6,0.905,False
0.1408171845059564,-50.762832726874855,359.0709092066379,0.1,-0.2,0.6,0.905,False
0.1,-0.2,68.216601670902,0.1,-0.2,0.7,0.905,False
0.1401742217527647,-9.759495984871386,113.0185102782055,0.1,-0.2,0.7,0.905,False
0.1373143644713176,-25.27736131361221,119.16210771635501,0.1,-0.2,0.7,0.905,False
0.1369381029393562,-41.59404630925992,119.9716607003254,0.1,-0.2,0.7,0.905,False
0.1368886758475151,-58.01566715030599,422.35845752166006,0.1,-0.2,0.7,0.905,False
0.1,-0.2,73.70970255428733,0.1,-0.2,0.8,0.905,False
0.1378660037594387,-10.359619780884454,129.37895084161715,0.1,-0.2,0.8,0.905,False
0.1337572847660498,-27.663982754380086,139.30317909708123,0.1,-0.2,0.8,0.905,False
0.1330612877731193,-46.19888994177054,140.99366899688928,0.1,-0.2,0.8,0.905,False
0.132943453072042,-64.94213247327944,486.9926253239183,0.1,-0.2,0.8,0.905,False
0.1,-0.2,78.59411643075626,0.1,-0.2,0.9,0.905,False
0.1358131586926306,-10.871881753280984,145.3891311437271,0.1,-0.2,0.9,0.905,False
0.130350092861615,-29.8224954779916,160.06760701003594,0.1,-0.2,0.9,0.905,False
0.1292231454027266,-50.50613069184116,163.12677583823432,0.1,-0.2,0.9,0.905,False
0.1289907255030769,-71.54718152111356,553.1209516983849,0.1,-0.2,0.9,0.905,False
0.1,-0.2,82.96362666755518,0.1,-0.2,1.0,0.905,False
0.1339825084968256,-11.313607169326874,161.01200399186055,0.1,-0.2,1.0,0.905,False
0.1271062376909388,-31.778474808039032,181.38668550737745,0.1,-0.2,1.0,0.905,False
0.125445382263944,-54.53190911776897,186.3884917920235,0.1,-0.2,1.0,0.905,False
0.1250442713223334,-77.83805201139242,620.8864815509465,0.1,-0.2,1.0,0.905,False
0.1,-0.2,4.5707508956622815,0.1,-0.2,0.01,0.75,False
0.1882940044770459,-0.998714897627112,3.8780815939694784,0.1,-0.2,0.01,0.75,False
0.2141314086516358,-1.7687394105515104,3.6770806883494616,0.1,-0.2,0.01,0.75,False
0.2230264778744478,-2.524956303549843,3.59999140549691,0.1,-0.2,0.01,0.75,False
0.2267115149402628,-3.2752472967188235,13.686649819032265,0.1,-0.2,0.01,0.75,False
0.1,-0.2,4.340833470115734,0.1,-0.2,0.01,0.76,False
0.1898378299616757,-0.9580438515139248,3.660610582129515,0.1,-0.2,0.01,0.76,False
0.2176079215952407,-1.689099052235415,3.4602506557801247,0.1,-0.2,0.01,0.76,False
0.2274974140421862,-2.406608327527137,3.3822075251598633,0.1,-0.2,0.01,0.76,False
0.2316740798549643,-3.118080966007569,12.727859359682741,0.1,-0.2,0.01,0.76,False
0.1,-0.2,4.120366068024381,0.1,-0.2,0.01,0.77,False
0.1914344744540613,-0.9183437493138834,3.4537549948287403,0.1,-0.2,0.01,0.77,False
0.2212892392284139,-1.611394761734649,3.2545495831589784,0.1,-0.2,0.01,0.77,False
0.2323036538856581,-2.2912049683647666,3.1758504210223455,0.1,-0.2,0.01,0.77,False
0.2370482734562903,-2.9648937748052475,11.807469352027983,0.1,-0.2,0.01,0.77,False
0.1,-0.2,3.9092868574509363,0.1,-0.2,0.01,0.78,False
0.1930831384071539,-0.8795772187837732,3.2575679858003377,0.1,-0.2,0.01,0.78,False
0.2251841306210348,-1.535547828171535,3.0600863070275244,0.1,-0.2,0.01,0.78,False
0.2374721744610089,-2.178624724253747,2.981044125978322,0.1,-0.2,0.01,0.78,False
0.2428763852674172,-2.815522759886393,10.92540077798007,0.1,-0.2,0.01,0.78,False
0.1,-0.2,3.707543600134548,0.1,-0.2,0.01,0.79,False
0.1947830064969177,-0.8417087953550391,3.0721126856579706,0.1,-0.2,0.01,0.79,False
0.2293015527394472,-1.4614835875375898,2.876990227684023,0.1,-0.2,0.01,0.79,False
0.2430321678890521,-2.0687521154866766,2.79793917937087,0.1,-0.2,0.01,0.79,False
0.2492060267302572,-2.6698126835287805,10.08167350211974,0.1,-0.2,0.01,0.79,False
0.1,-0.2,3.5150940445754246,0.1,-0.2,0.01,0.8,False
0.1965332488789349,-0.8047048027592839,2.897458523319406,0.1,-0.2,0.01,0.8,False
0.2336506329736817,-1.389131190649921,2.705405024057832,0.1,-0.2,0.01,0.8,False
0.2490151514883129,-1.9614773823922225,2.6267072415885684,0.1,-0.2,0.01,0.8,False
0.2560907413148331,-2.527615646824291,9.276412851379854,0.1,-0.2,0.01,0.8,False
0.1,-0.2,3.331906117544079,0.1,-0.2,0.01,0.81,False
0.1983330224701202,-0.7685332424718878,2.73367648609928,0.1,-0.2,0.01,0.81,False
0.2382406516967133,-1.3184233899622924,2.5454797369582356,0.1,-0.2,0.01,0.81,False
0.25545507772306,-1.8566962212888931,2.467532049446757,0.1,-0.2,0.01,0.81,False
0.2635906684674259,-2.3887907704106928,8.509855512372942,0.1,-0.2,0.01,0.81,False
0.1,-0.2,3.1579577982256,0.1,-0.2,0.01,0.82,False
0.2001814722426389,-0.7331636912266325,2.5808330433640783,0.1,-0.2,0.01,0.82,False
0.2430810250418689,-1.2492963438468974,2.3973567425859605,0.1,-0.2,0.01,0.82,False
0.2623884442010382,-1.7543095581421566,2.320595796170383,0.1,-0.2,0.01,0.82,False
0.2717732647886218,-2.253203947276706,7.782354560859012,0.1,-0.2,0.01,0.82,False
0.1,-0.2,2.9932365338660016,0.1,-0.2,0.01,0.83,False
0.2020777325188399,-0.6985672059254525,2.438982471546841,0.1,-0.2,0.01,0.83,False
0.2481812880934775,-1.1816894371175164,2.26115627496643,0.1,-0.2,0.01,0.83,False
0.2698544042833425,-1.654223360201379,2.1860602023446023,0.1,-0.2,0.01,0.83,False
0.2807140866486251,-2.1207276745867985,7.0943834866213615,0.1,-0.2,0.01,0.83,False
0.1,-0.2,2.8377380312889557,0.1,-0.2,0.01,0.84,False
0.2040209282575944,-0.664716235331007,2.3081573951002117,0.1,-0.2,0.01,0.84,False
0.2535510786949677,-1.1155451167036798,2.136957468004596,0.1,-0.2,0.01,0.84,False
0.2778948792892521,-1.5563484865235622,2.0640420300150626,0.1,-0.2,0.01,0.84,False
0.2904976397530343,-1.9912409742429424,6.446539068212286,0.1,-0.2,0.01,0.84,False
0.1,-0.2,2.691464240437573,0.1,-0.2,0.01,0.85,False
0.2060101763238549,-0.6315845379868116,2.188357529482628,0.1,-0.2,0.01,0.85,False
0.2592001220881585,-1.0508087415113614,2.024776429994518,0.1,-0.2,0.01,0.85,False
0.2865546738118925,-1.460600578970888,1.95458368155683,0.1,-0.2,0.01,0.85,False
0.3012183031805332,-1.8646294152760023,5.839542783895134,0.1,-0.2,0.01,0.85,False
0.1,-0.2,2.5544203432630783,0.1,-0.2,0.01,0.86,False
0.2080445867344937,-0.5991471058607131,2.079536906111905,0.1,-0.2,0.01,0.86,False
0.26513821660765,-0.9874284456194952,1.9245426493599938,0.1,-0.2,0.01,0.86,False
0.2958815963313841,-1.366899996010411,1.8576208371335234,0.1,-0.2,0.01,0.86,False
0.3129813384162155,-1.7407852552882102,5.274239944432327,0.1,-0.2,0.01,0.86,False
0.1,-0.2,2.4266105878014086,0.1,-0.2,0.01,0.87,False
0.2101232638746387,-0.5673800932534352,1.981590286955208,0.1,-0.2,0.01,0.87,False
0.2713752206656677,-0.9253550140651792,1.8360759873847226,0.1,-0.2,0.01,0.87,False
0.305926588152453,-1.2751717924578916,1.7729506643666126,0.1,-0.2,0.01,0.87,False
0.3259039982998263,-1.619607723224877,4.751594640905288,0.1,-0.2,0.01,0.87,False
0.1,-0.2,2.308032883046978,0.1,-0.2,0.01,0.88,False
0.2122453076797186,-0.5362607505552036,1.8943400181903076,0.1,-0.2,0.01,0.88,False
0.2779210412754864,-0.8645417705647847,1.7590674480748583,0.1,-0.2,0.01,0.88,False
0.3167438647430037,-1.1853457492051982,1.7002055839285133,0.1,-0.2,0.01,0.88,False
0.3401167571436529,-1.5010034719340852,4.272676605724803,0.1,-0.2,0.01,0.88,False
0.1,-0.2,2.1986722216224504,0.1,-0.2,0.01,0.89,False
0.2144098147793392,-0.5057673624705368,1.8175251675725312,0.1,-0.2,0.01,0.89,False
0.284785624376499,-0.8049444766040526,1.6930675304012603,0.1,-0.2,0.01,0.89,False
0.3283910748601392,-1.0973564579601682,1.6388383034567575,0.1,-0.2,0.01,0.89,False
0.3557646923015676,-1.3848872364847291,3.8386330177209156,0.1,-0.2,0.01,0.89,False
0.1,-0.2,2.0984932569977217,0.1,-0.2,0.01,0.9,False
0.2166158795999082,-0.4758791903648225,1.7507953503101863,0.1,-0.2,0.01,0.9,False
0.2919789472413228,-0.746521241409374,1.637485976336623,0.1,-0.2,0.01,0.9,False
0.3409294844850662,-1.0111434671179784,1.5881232953166728,0.1,-0.2,0.01,0.9,False
0.3730090602222233,-1.2711827432585452,3.4506347042506156,0.1,-0.2,0.01,0.9,False
0.1,-0.2,2.0074327692222322,0.1,-0.2,0.01,0.91,False
0.2188625954236278,-0.4465764184164991,1.6937121120833347,0.1,-0.2,0.01,0.91,False
0.2995110132657759,-0.6892324423845987,1.5916060617801828,0.1,-0.2,0.01,0.91,False
0.3544241946313599,-0.9266514960751354,1.5471779997067772,0.1,-0.2,0.01,0.91,False
0.392029127922707,-1.1598239255635707,3.109784786426461,0.1,-0.2,0.01,0.91,False
0.1,-0.2,1.92539335637201,0.1,-0.2,0.01,0.92,False
0.2211490554020992,-0.4178401032859233,1.6457611861686516,0.1,-0.2,0.01,0.92,False
0.3073918494666995,-0.6330406556644337,1.5546156434683143,0.1,-0.2,0.01,0.92,False
0.3689444046481329,-0.8438307265891994,1.5150045253663247,0.1,-0.2,0.01,0.92,False
0.4130243458472907,-1.0507565139746078,2.816985922785003,0.1,-0.2,0.01,0.92,False
0.1,-0.2,1.8522405602198382,0.1,-0.2,0.01,0.93,False
0.2234743535233167,-0.3896521270367242,1.6063797901964045,0.1,-0.2,0.01,0.93,False
0.3156315070411353,-0.5779105964967395,1.5256570911007308,0.1,-0.2,0.01,0.93,False
0.3845637358467516,-0.7626371811653636,1.4905512390085374,0.1,-0.2,0.01,0.93,False
0.4362169829639726,-0.9439400835928335,2.5727951331612053,0.1,-0.2,0.01,0.93,False
0.1,-0.2,1.787806910369329,0.1,-0.2,0.01,0.94,False
0.2258375855313126,-0.3619951530677535,1.5750054562575562,0.1,-0.2,0.01,0.94,False
0.3242400653740697,-0.5238090692227232,1.5039011687327914,0.1,-0.2,0.01,0.94,False
0.4013606343109459,-0.6830331998878953,1.4727962706793436,0.1,-0.2,0.01,0.94,False
0.4618553934916461,-0.8393506552944122,2.3773773258183732,0.1,-0.2,0.01,0.94,False
0.1,-0.2,1.7319083497347136,0.1,-0.2,0.01,0.95,False
0.2282378497981249,-0.3348525848339887,1.551159136208015,0.1,-0.2,0.01,0.95,False
0.3332276399217436,-0.4707049266761643,1.4886602136449332,0.1,-0.2,0.01,0.95,False
0.4194188768291204,-0.604988028561612,1.4608668799626292,0.1,-0.2,0.01,0.95,False
0.4902181521030079,-0.7369839623990033,2.230833382962597,0.1,-0.2,0.01,0.95,False
0.1,-0.2,1.707106285854017,0.1,-0.2,0.01,0.955,False
0.2294515881922723,-0.3214692092344168,1.5419658337764042,0.1,-0.2,0.01,0.955,False
0.3378667321322639,-0.4445176934261982,1.4833517048581613,0.1,-0.2,0.01,0.955,False
0.4289487939952082,-0.5665424470425874,1.4569014242210128,0.1,-0.2,0.01,0.955,False
0.5055177611229158,-0.6866391781296602,2.1761833312455656,0.1,-0.2,0.01,0.955,False
0.1,-0.2,1.684381858271236,0.1,-0.2,0.01,0.96,False
0.2306742481480977,-0.3082085271531611,1.5345911401650982,0.1,-0.2,0.01,0.96,False
0.3426043944442976,-0.4185690388711205,1.47958409911482,0.1,-0.2,0.01,0.96,False
0.438828210300998,-0.5284785324076366,1.4542430671705013,0.1,-0.2,0.01,0.96,False
0.5216193880975161,-0.6368595053098516,2.1344845207096395,0.1,-0.2,0.01,0.96,False
0.1,-0.2,1.663729998823969,0.1,-0.2,0.01,0.965,False
0.2319057180605367,-0.2950686553263296,1.52908450948353,0.1,-0.2,0.01,0.965,False
0.3474419076807597,-0.3928556333197575,1.47743054458411,0.1,-0.2,0.01,0.965,False
0.4490694098960038,-0.4907947235162501,1.4529516772590645,0.1,-0.2,0.01,0.965,False
0.5385689998884204,-0.5876519098732575,2.10665058747408,0.1,-0.2,0.01,0.965,False
0.1,-0.2,1.6451593113834637,0.1,-0.2,0.01,0.97,False
0.2331458866348531,-0.28204774991149,1.5255581799955045,0.1,-0.2,0.01,0.97,False
0.3523805581164946,-0.3673742708917887,1.4770591012646548,0.1,-0.2,0.01,0.97,False
0.4596851630871538,-0.4534900507464638,1.453193114853662,0.1,-0.2,0.01,0.97,False
0.5564157789475521,-0.5390255196483269,2.094335838199394,0.1,-0.2,0.01,0.97,False
0.1,-0.2,1.6286984749940474,0.1,-0.2,0.01,0.975,False
0.2343946429083725,-0.2691440054727775,1.5242168942955794,0.1,-0.2,0.01,0.975,False
0.3574216383221776,-0.3421218693272525,1.4787847924669182,0.1,-0.2,0.01,0.975,False
0.4706887646477001,-0.4165641715613714,1.4553042657436905,0.1,-0.2,0.01,0.975,False
0.5752124798955796,-0.4909918371323866,2.1003973088384873,0.1,-0.2,0.01,0.975,False
0.1,-0.2,1.614404947317118,0.1,-0.2,0.01,0.98,False
0.2356518762715076,-0.2563556539971421,1.5254037860739487,0.1,-0.2,0.01,0.98,False
0.3625664481096062,-0.3170954699389924,1.4831570147928634,0.1,-0.2,0.01,0.98,False
0.4820940770631451,-0.3800174089179421,1.459908539350111,0.1,-0.2,0.01,0.98,False
0.5950158436213101,-0.4435649697390678,2.1296331409403138,0.1,-0.2,0.01,0.98,False
0.1,-0.2,1.6023768598353347,0.1,-0.2,0.01,0.985,False
0.2369174764880784,-0.2436809639406512,1.529673130553932,0.1,-0.2,0.01,0.985,False
0.3678162955844325,-0.292292237708378,1.4911116696433422,0.1,-0.2,0.01,0.985,False
0.4939155793569186,-0.3438507926393539,1.4681294997266061,0.1,-0.2,0.01,0.985,False
0.615887079116045,-0.3967618771505508,2.1899888117561055,0.1,-0.2,0.01,0.985,False
0.1,-0.2,1.5927693953037048,0.1,-0.2,0.01,0.99,False
0.2381913337149405,-0.2311182393037704,1.5379089546568439,0.1,-0.2,0.01,0.99,False
0.3731724983128067,-0.2677094615246095,1.5042465352138057,0.1,-0.2,0.01,0.99,False
0.5061684222203685,-0.3080661038632213,1.4820043385480661,0.1,-0.2,0.01,0.99,False
0.6378924250572197,-0.3506026347136799,2.294584639988116,0.1,-0.2,0.01,0.99,False
0.1,-0.2,1.5889429168674267,0.1,-0.2,0.01,0.9925,False
0.2388313244933929,-0.2248783435157559,1.5439271971528683,0.1,-0.2,0.01,0.9925,False
0.3758908975375903,-0.2554999312006055,1.5135564448845085,0.1,-0.2,0.01,0.9925,False
0.5124615297750459,-0.2903177559850102,1.4921399440038856,0.1,-0.2,0.01,0.9925,False
0.6493426234559095,-0.3277716508231158,2.3698098845399174,0.1,-0.2,0.01,0.9925,False
0.1,-0.2,1.585817532894266,0.1,-0.2,0.01,0.995,False
0.2394733385209227,-0.2186658187346018,1.5515243313864335,0.1,-0.2,0.01,0.995,False
0.3786363846088291,-0.2433445545681287,1.5253422756883022,0.1,-0.2,0.01,0.995,False
0.5188684902639276,-0.2726659226653072,1.505326821448152,0.1,-0.2,0.01,0.995,False
0.661103805262614,-0.3051107108770931,2.465265779431582,0.1,-0.2,0.01,0.995,False
0.1,-0.2,1.5834403025106587,0.1,-0.2,0.01,0.9975,False
0.2401173621860014,-0.2124804625623203,1.5610159840870863,0.1,-0.2,0.01,0.9975,False
0.3814091274773813,-0.2312430277818773,1.5403043263686114,0.1,-0.2,0.01,0.9975,False
0.5253914154675697,-0.2551110595952049,1.522608003072508,0.1,-0.2,0.01,0.9975,False
0.6731859748543071,-0.2826233259050954,2.586119417437152,0.1,-0.2,0.01,0.9975,False
0.1,-10.0,1.4142135623733787,0.1,-10.0,0.01,1.0,False
0.0999993861198945,-10.000000095695317,1.4142135623739558,0.1,-10.0,0.01,1.0,False
0.0999987863089111,-10.000000257716962,1.414213562374816,0.1,-10.0,0.01,1.0,False
0.0999982077005048,-10.000000484128975,1.4142135623759189,0.1,-10.0,0.01,1.0,False
0.0999976571772949,-10.000000772241016,1.4142135623929206,0.1,-10.0,0.01,1.0,False
0.1,-10.0,1.4312368405083535,0.1,-10.0,0.01,1.01,False
0.0999993598870447,-9.97799130961075,1.4314524066516285,0.1,-10.0,0.01,1.01,False
0.0999987058101631,-9.955843015396498,1.4314525193059138,0.1,-10.0,0.01,1.01,False
0.0999980455305845,-9.933694794695514,1.4314526282633249,0.1,-10.0,0.01,1.01,False
0.0999973871287066,-9.91154664940112,1.6680650099370453,0.1,-10.0,0.01,1.01,False
0.1,-10.0,1.4798647226043435,0.1,-10.0,0.01,1.02,False
0.099999334182378,-9.95641135367808,1.480674518366297,0.1,-10.0,0.01,1.02,False
0.0999986245386216,-9.91254887838539,1.4806752610096734,0.1,-10.0,0.01,1.02,False
0.099997877522782,-9.868686480481175,1.4806760209859458,0.1,-10.0,0.01,1.02,False
0.0999971004956272,-9.824824167212476,2.2514076114090886,0.1,-10.0,0.01,1.02,False
0.1,-10.0,1.5554068338296039,0.1,-10.0,0.01,1.03,False
0.0999993089967103,-9.935247815940146,1.557090322335964,0.1,-10.0,0.01,1.03,False
0.0999985425100762,-9.870092785755473,1.5570922965848395,0.1,-10.0,0.01,1.03,False
0.0999977035825569,-9.804937831181162,1.557094401762371,0.1,-10.0,0.01,1.03,False
0.0999967965885516,-9.739782965255827,2.961709991593466,0.1,-10.0,0.01,1.03,False
0.1,-10.0,1.6526426795641374,0.1,-10.0,0.01,1.04,False
0.0999992843209881,-9.9144887588434,1.6553787425550257,0.1,-10.0,0.01,1.04,False
0.0999984597407547,-9.828450637484965,1.655382583035861,0.1,-10.0,0.01,1.04,False
0.0999975236196237,-9.742412583900126,1.655386829960016,0.1,-10.0,0.01,1.04,False
0.0999964747134329,-9.656374616988268,3.7160026182046315,0.1,-10.0,0.01,1.04,False
0.1,-10.0,1.7666400537758866,0.1,-10.0,0.01,1.05,False
0.0999992601462885,-9.8941226967877,1.770525780600512,0.1,-10.0,0.01,1.05,False
0.0999983762472733,-9.787599248841628,1.7705321264870566,0.1,-10.0,0.01,1.05,False
0.0999973375479603,-9.68107585436926,1.7705393819490833,0.1,-10.0,0.01,1.05,False
0.0999961341724849,-9.574552537794895,4.483520636616374,0.1,-10.0,0.01,1.05,False
0.1,-10.0,1.8931809784758213,0.1,-10.0,0.01,1.06,False
0.0999992364638188,-9.87413857493929,1.8982557467012013,0.1,-10.0,0.01,1.06,False
0.0999982920465877,-9.747516307339923,1.8982652325610283,0.1,-10.0,0.01,1.06,False
0.0999971452858096,-9.62089407204871,1.8982764204063947,0.1,-10.0,0.01,1.06,False
0.0999957742649799,-9.49427189823737,5.251500498521088,0.1,-10.0,0.01,1.06,False
0.1,-10.0,2.028868969530484,0.1,-10.0,0.01,1.07,False
0.0999992132649155,-9.854525749224043,2.0351351825365,0.1,-10.0,0.01,1.07,False
0.0999982071559463,-9.70818033210475,2.0351484398153312,0.1,-10.0,0.01,1.07,False
0.0999969467556707,-9.561834918861862,2.0351645400915994,0.1,-10.0,0.01,1.07,False
0.0999953942880369,-9.415489542159724,6.014017008154944,0.1,-10.0,0.01,1.07,False
0.1,-10.0,2.171062132053847,0.1,-10.0,0.01,1.08,False
0.0999991905410437,-9.83527396742586,2.178500159275345,0.1,-10.0,0.01,1.08,False
0.0999981215928479,-9.669570635485783,2.1785178216743413,0.1,-10.0,0.01,1.08,False
0.0999967418842852,-9.50386727132651,2.1785398755924943,0.1,-10.0,0.01,1.08,False
0.0999949935374034,-9.338163909337338,6.768093856353501,0.1,-10.0,0.01,1.08,False
0.1,-10.0,2.3177426542436073,0.1,-10.0,0.01,1.09,False
0.0999991682837955,-9.816373351319085,2.3263205965349996,0.1,-10.0,0.01,1.09,False
0.0999980353749995,-9.63166728677874,2.3263433057677445,0.1,-10.0,0.01,1.09,False
0.0999965306026145,-9.446961145865222,2.3263724224769966,0.1,-10.0,0.01,1.09,False
0.0999945713082242,-9.262254962377618,7.512169627142477,0.1,-10.0,0.01,1.09,False
0.1,-10.0,2.467381737323331,0.1,-10.0,0.01,1.1,False
0.0999991464848906,-9.797814379769726,2.4770614549511825,0.1,-10.0,0.01,1.1,False
0.099997948520279,-9.594451077919386,2.4770898655488502,0.1,-10.0,0.01,1.1,False
0.0999963128458132,-9.391087647092869,2.477127228859259,0.1,-10.0,0.01,1.1,False
0.0999941268957988,-9.187724117601975,8.245421277066061,0.1,-10.0,0.01,1.1,False
0.1,-10.0,2.61882339687228,0.1,-10.0,0.01,1.11,False
0.0999991251361743,-9.779587872744504,2.6295640962339184,0.1,-10.0,0.01,1.11,False
0.0999978610466993,-9.55790349102648,2.62959887913856,0.1,-10.0,0.01,1.11,False
0.0999960885531953,-9.336218918893842,2.6296457535262134,0.1,-10.0,0.01,1.11,False
0.0999936595963261,-9.114534179658635,8.96743706687967,0.1,-10.0,0.01,1.11,False
0.1,-10.0,2.7711923870083175,0.1,-10.0,0.01,1.12,False
0.0999991042296182,-9.761684976172072,2.7829526947531167,0.1,-10.0,0.01,1.12,False
0.099997772972374,-9.522006667679092,2.782994539839342,0.1,-10.0,0.01,1.12,False
0.0999958576681956,-9.282328098115714,2.783052275619025,0.1,-10.0,0.01,1.12,False
0.0999931687076323,-9.042649279633732,9.678046185319456,0.1,-10.0,0.01,1.12,False
0.1,-10.0,2.9238241178351827,0.1,-10.0,0.01,1.13,False
0.0999990837573164,-9.744097147602924,2.9365632445415777,0.1,-10.0,0.01,1.13,False
0.0999976843154837,-9.486743379819725,2.9366128622978147,0.1,-10.0,0.01,1.13,False
0.0999956201383212,-9.22938927071626,2.9366829000438703,0.1,-10.0,0.01,1.13,False
0.0999926535298786,-8.972034816443676,10.377224417905815,0.1,-10.0,0.01,1.13,False
0.1,-10.0,3.0762123253347684,0.1,-10.0,0.01,1.14,False
0.0999990637114885,-9.726816142619818,3.0898906903509173,0.1,-10.0,0.01,1.14,False
0.0999975950942517,-9.452097002185008,3.0899488129424766,0.1,-10.0,0.01,1.14,False
0.0999953759151108,-9.177377430214625,3.0900326872927883,0.1,-10.0,0.01,1.14,False
0.0999921133662624,-8.902657401307893,11.065039228643707,0.1,-10.0,0.01,1.14,False
0.1,-10.0,3.22797028874109,0.1,-10.0,0.01,1.15,False
0.0999990440844765,-9.70983400195332,3.242549829866632,0.1,-10.0,0.01,1.15,False
0.0999975053269114,-9.418051486170596,5.988998257921546,0.1,-10.0,0.01,1.15,False
0.1,-10.0,3.3788021094170912,0.1,-10.0,0.01,1.16,False
0.0999990248687429,-9.693143039259908,3.3942464104104455,0.1,-10.0,0.01,1.16,False
0.0999974150316819,-9.384591335044156,6.314645196320038,0.1,-10.0,0.01,1.16,False
0.1,-10.0,3.5284813719429935,0.1,-10.0,0.01,1.17,False
0.0999990060568723,-9.67673582952328,3.5447556864605323,0.1,-10.0,0.01,1.17,False
0.0999973242267451,-9.35170158042589,6.635611282203377,0.1,-10.0,0.01,1.17,False
0.1,-10.0,3.676835201531563,0.1,-10.0,0.01,1.18,False
0.0999989876415687,-9.660605198042417,3.6939064198110634,0.1,-10.0,0.01,1.18,False
0.0999972329302225,-9.319367759961876,6.951876905780739,0.1,-10.0,0.01,1.18,False
0.1,-10.0,3.823732271060507,0.1,-10.0,0.01,1.19,False
0.0999989696156542,-9.644744209971348,3.8415688565286894,0.1,-10.0,0.01,1.19,False
0.0999971411601539,-9.28757589611976,7.263450756141696,0.1,-10.0,0.01,1.19,False
0.1,-10.0,3.969073711066001,0.1,-10.0,0.01,1.2,False
0.0999989519720695,-9.62914616037964,3.987645622737138,0.1,-10.0,0.01,1.2,False
0.0999970489344802,-9.256312476042236,7.57036211247469,0.1,-10.0,0.01,1.2,False
0.1,-0.2,1.9470920370989884,0.1,-0.2,0.01,0.905,True
0.2213270336877593,-0.426112270711331,1.6878819019453923,0.1,-0.2,0.01,0.905,True
0.305094615411144,-0.6672859500871192,1.5895524974579303,0.1,-0.2,0.01,0.905,True
0.3622410501561025,-0.9069139143993,1.5463438110069967,0.1,-0.2,0.01,0.905,True
0.4012453347531752,-1.1440602047759518,3.0377611165183684,0.1,-0.2,0.01,0.905,True
0.1,-0.2,2.2558167845913717,0.1,-0.2,0.015,0.905,True
0.2145676239809651,-0.5234278253581007,1.9337801235685417,0.1,-0.2,0.015,0.905,True
0.2811895882567979,-0.8718456830692295,1.803080408173537,0.1,-0.2,0.015,0.905,True
0.3192945349705654,-1.2188377039603182,1.746223092654845,0.1,-0.2,0.015,0.905,True
0.3413927380067262,-1.5636851502044034,4.426421797438091,0.1,-0.2,0.015,0.905,True
0.1,-0.2,2.609711990722045,0.1,-0.2,0.02,0.905,True
0.2090021341905394,-0.6154455416623111,2.2675720774151564,0.1,-0.2,0.02,0.905,True
0.2631040366079594,-1.067913984063232,2.1199566160828036,0.1,-0.2,0.02,0.905,True
0.2895774057433236,-1.5201352616864288,2.0582239020511803,0.1,-0.2,0.02,0.905,True
0.3030629161127862,-1.9712582976824524,6.142934577909565,0.1,-0.2,0.02,0.905,True
0.1,-0.2,2.9913199669345016,0.1,-0.2,0.025,0.905,True
0.2043498734030111,-0.7031189096689855,2.666160377339203,0.1,-0.2,0.025,0.905,True
0.2491291753314397,-1.256974604237671,2.5167579603070642,0.1,-0.2,0.025,0.905,True
0.2682702459317808,-1.8126074141868225,2.4582102628520204,0.1,-0.2,0.025,0.905,True
0.2771107645894218,-2.368747895840736,8.047924856719092,0.1,-0.2,0.025,0.905,True
0.1,-0.2,3.388884790111264,0.1,-0.2,0.03,0.905,True
0.2004171319010947,-0.7870935520657888,3.1093081586826257,0.1,-0.2,0.03,0.905,True
0.2381387291987878,-1.4400586701026148,2.9692147458700946,0.1,-0.2,0.03,0.905,True
0.2525124194413142,-2.097570390587819,2.91940886733595,0.1,-0.2,0.03,0.905,True
0.2586848859727577,-2.757672553292636,10.060907758600958,0.1,-0.2,0.03,0.905,True
0.1,-0.2,3.7946590108220057,0.1,-0.2,0.035,0.905,True
0.1970629071334025,-0.867842241823625,3.5819485646318348,0.1,-0.2,0.035,0.905,True
0.2293610821516531,-1.6179310320034823,3.45872273071976,0.1,-0.2,0.035,0.905,True
0.2405346951016488,-2.376011481511197,3.421455022860064,0.1,-0.2,0.035,0.905,True
0.2450681089593783,-3.1391670249555093,12.134917226725756,0.1,-0.2,0.035,0.905,True
0.1,-0.2,4.203522906570219,0.1,-0.2,0.04,0.905,True
0.1941809598426714,-0.9457289383847552,4.073517120368502,0.1,-0.2,0.04,0.905,True
0.2222531651710882,-1.7911825924659162,3.9724795146282306,0.1,-0.2,0.04,0.905,True
0.2312068928239692,-2.648687471625264,3.9505818283621985,0.1,-0.2,0.04,0.905,True
0.2346651621767443,-3.5140842365057723,14.241658625311338,0.1,-0.2,0.04,0.905,True
0.1,-0.2,4.612058723719158,0.1,-0.2,0.045,0.905,True
0.1916892423490783,-1.021043823883686,4.57673713521875,0.1,-0.2,0.045,0.905,True
0.2164246989494102,-1.960283208377108,4.501947025022651,0.1,-0.2,0.045,0.905,True
0.223786480877056,-2.916190452879617,4.49768046101603,0.1,-0.2,0.045,0.905,True
0.2264977666799897,-3.883077527605743,16.363400367117237,0.1,-0.2,0.045,0.905,True
0.1,-0.2,5.0179644403673125,0.1,-0.2,0.05,0.905,True
0.1895231839064266,-1.094024367370312,5.086606510684583,0.1,-0.2,0.05,0.905,True
0.2115903060811731,-2.125614839732967,5.041421942324447,0.1,-0.2,0.05,0.905,True
0.2177729139939304,-3.1789927669528244,5.056626448789195,0.1,-0.2,0.05,0.905,True
0.2199410808670965,-4.246659083438806,18.488568546450153,0.1,-0.2,0.05,0.905,True
0.1,-0.2,8.755240198608709,0.1,-0.2,0.1,0.905,True
0.1779622052709709,-1.728066130566735,10.130692190230238,0.1,-0.2,0.1,0.905,True
0.1889329164009374,-3.62276521629012,10.502352295191892,0.1,-0.2,0.1,0.905,True
0.1908916383310238,-5.609250438786566,10.755781369159745,0.1,-0.2,0.1,0.905,True
0.1913755762073913,-7.649761802082026,38.967834510383284,0.1,-0.2,0.1,0.905,True
0.1,-0.2,14.50380544298928,0.1,-0.2,0.2,0.905,True
0.1725698383309162,-2.685423581519624,19.030481328409152,0.1,-0.2,0.2,0.905,True
0.179064713592559,-6.0834957701802574,20.46519969239524,0.1,-0.2,0.2,0.905,True
0.1801498233105535,-9.761464556522876,21.253368292477276,0.1,-0.2,0.2,0.905,True
0.1806997314491746,-13.593423585015724,74.14050764735464,0.1,-0.2,0.2,0.905,True
0.1,-0.2,18.81069697714002,0.1,-0.2,0.3,0.905,True
0.1716535766466796,-3.415477300825918,26.557479268093008,0.1,-0.2,0.3,0.905,True
0.1771081498599421,-8.112229575845493,29.129055881412935,0.1,-0.2,0.3,0.905,True
0.1785338433260089,-13.306600036747836,30.5199290807746,0.1,-0.2,0.3,0.905,True
0.1793876742382011,-18.775610088060965,103.5649015930642,0.1,-0.2,0.3,0.905,True
0.1,-0.2,22.28072816895853,0.1,-0.2,0.4,0.905,True
0.1714624907799797,-4.008944753155601,33.09451259625183,0.1,-0.2,0.4,0.905,True
0.1767754277206566,-9.85380123622786,36.842906277039525,0.1,-0.2,0.4,0.905,True
0.1786357691633174,-16.430391501891346,38.88541957532833,0.1,-0.2,0.4,0.905,True
0.1797851212241018,-23.416777553094,129.14815662771983,0.1,-0.2,0.4,0.905,True
0.1,-0.2,25.202454379990122,0.1,-0.2,0.5,0.905,True
0.1713784254318799,-4.509099097700579,38.89714632426396,0.1,-0.2,0.5,0.905,True
0.176871884065959,-11.384275830913062,43.84271920696887,0.1,-0.2,0.5,0.905,True
0.1791447101968766,-19.23435869401293,46.56826655725935,0.1,-0.2,0.5,0.905,True
0.1805713695815063,-27.63936657650319,151.96870825609358,0.1,-0.2,0.5,0.905,True
0.1,-0.2,27.73366944174488,0.1,-0.2,0.6,0.905,True
0.1712718916759941,-4.940854856862886,44.13352878819097,0.1,-0.2,0.6,0.905,True
0.1770579970302029,-12.750955016042614,50.28245561143642,0.1,-0.2,0.6,0.905,True
0.1797059131777053,-21.7834130715575,53.7116424063844,0.1,-0.2,0.6,0.905,True
0.1813897312087106,-31.522766059257656,172.69108333139363,0.1,-0.2,0.6,0.905,True
0.1,-0.2,29.97089969471148,0.1,-0.2,0.7,0.905,True
0.1711186420205804,-5.32012223412072,48.91894514506514,0.1,-0.2,0.7,0.905,True
0.1772227079959111,-13.985968452292637,56.268430962070354,0.1,-0.2,0.7,0.905,True
0.1802074934296985,-24.12273583461246,60.41500377153794,0.1,-0.2,0.7,0.905,True
0.1821280344252208,-35.12297671698814,191.7576718167212,0.1,-0.2,0.7,0.905,True
0.1,-0.2,31.978001725416444,0.1,-0.2,0.8,0.905,True
0.17092021060882,-5.657768160158234,53.33584547517623,0.1,-0.2,0.8,0.905,True
0.1773300637096353,-15.11241560554041,61.877676218053736,0.1,-0.2,0.8,0.905,True
0.1806155095585373,-26.285541669880267,66.75082618282886,0.1,-0.2,0.8,0.905,True
0.1827527963551871,-38.48169350182507,209.47995435021073,0.1,-0.2,0.8,0.905,True
0.1,-0.2,33.799652244614144,0.1,-0.2,0.9,0.905,True
0.1706839917138061,-5.961578926149584,57.44533533093453,0.1,-0.2,0.9,0.905,True
0.1773716115597852,-16.147588170248646,67.16811724869567,0.1,-0.2,0.9,0.905,True
0.1809241849226936,-28.297208325646515,72.77391380143891,0.1,-0.2,0.9,0.905,True
0.1832590694112729,-41.63115931221878,226.08659632712843,0.1,-0.2,0.9,0.905,True
0.1,-0.2,35.46844214392644,0.1,-0.2,1.0,0.905,True
0.1704178094840166,-6.23733894448611,61.29404214380324,0.1,-0.2,1.0,0.905,True
0.1773493564920821,-17.10483130992542,72.18460049721402,0.1,-0.2,1.0,0.905,True
0.1811382922357476,-30.17769410732394,78.52692726291659,0.1,-0.2,1.0,0.905,True
0.1836526318011475,-44.59702167793014,241.75098126463766,0.1,-0.2,1.0,0.905,True
0.1,-0.2,3.945233380308429,0.1,-0.2,0.01,0.75,True
0.1943179393525433,-0.8913730451046936,3.52720485200172,0.1,-0.2,0.01,0.75,True
0.2252282909806484,-1.6147055551436191,3.366466355720058,0.1,-0.2,0.01,0.75,True
0.2362314434408971,-2.335274307442381,3.308476817262848,0.1,-0.2,0.01,0.75,True
0.2408210245140934,-3.0552049123925995,11.998394958810453,0.1,-0.2,0.01,0.75,True
0.1,-0.2,3.7588037653032167,0.1,-0.2,0.01,0.76,True
0.1958352697801635,-0.8561306681377225,3.337085247447048,0.1,-0.2,0.01,0.76,True
0.2288800764418817,-1.5428861944347292,3.1743596322836662,0.1,-0.2,0.01,0.76,True
0.241067558998249,-2.226653328819168,3.114044466939266,0.1,-0.2,0.01,0.76,True
0.2462530620262247,-2.909416844440709,11.15666517811247,0.1,-0.2,0.01,0.76,True
0.1,-0.2,3.5806835389929934,0.1,-0.2,0.01,0.77,True
0.1973877047251047,-0.8217335926199509,3.157040567226219,0.1,-0.2,0.01,0.77,True
0.2327114277691294,-1.4728110779766246,2.99298996732836,0.1,-0.2,0.01,0.77,True
0.2462274212127191,-2.1207273709150405,2.9307096683308798,0.1,-0.2,0.01,0.77,True
0.2520997573735721,-2.7673099211071714,10.35102155964677,0.1,-0.2,0.01,0.77,True
0.1,-0.2,3.4107682743583334,0.1,-0.2,0.01,0.78,True
0.1989743270002294,-0.7881496884303169,2.9870446383163203,0.1,-0.2,0.01,0.78,True
0.2367284398481235,-1.4044103477421588,2.822388037071616,0.1,-0.2,0.01,0.78,True
0.2517346148032584,-2.0173862325918663,2.758521598024857,0.1,-0.2,0.01,0.78,True
0.2584015500978822,-2.62873384912617,9.581211949672683,0.1,-0.2,0.01,0.78,True
0.1,-0.2,3.2489628483436963,0.1,-0.2,0.01,0.79,True
0.2005942236249626,-0.7553484594479705,2.827076820068713,0.1,-0.2,0.01,0.79,True
0.2409372390174041,-1.337617798690216,2.662595655124924,0.1,-0.2,0.01,0.79,True
0.2576143454233884,-1.916525363179008,2.597546583613028,0.1,-0.2,0.01,0.79,True
0.2652034968971586,-2.4935457184519074,8.847079566626878,0.1,-0.2,0.01,0.79,True
0.1,-0.2,3.0951809288795844,0.1,-0.2,0.01,0.8,True
0.2022464866455992,-0.7233009411416944,2.6771180486084054,0.1,-0.2,0.01,0.8,True
0.2453439688972262,-1.2723706666889676,2.5136582834048395,0.1,-0.2,0.01,0.8,True
0.2638934908714246,-1.8180455875556292,2.4478603306676745,0.1,-0.2,0.01,0.8,True
0.2725557273590351,-2.3616096685484997,8.148566892392243,0.1,-0.2,0.01,0.8,True
0.1,-0.2,2.9493441846327126,0.1,-0.2,0.01,0.81,True
0.2039302139261694,-0.6919796057402597,2.5371459706422907,0.1,-0.2,0.01,0.81,True
0.249954776807161,-1.2086094330502886,2.375615414529474,0.1,-0.2,0.01,0.81,True
0.2706006504255965,-1.7218528645615492,2.3095368922371096,0.1,-0.2,0.01,0.81,True
0.2805139313577922,-2.232796617497695,7.485719019332533,0.1,-0.2,0.01,0.81,True
0.1,-0.2,2.811381147974281,0.1,-0.2,0.01,0.82,True
0.2056445099055228,-0.6613582743393978,2.4071290439272786,0.1,-0.2,0.01,0.82,True
0.2547758008763129,-1.1462776443674068,2.248488695076242,0.1,-0.2,0.01,0.82,True
0.2777661927423959,-1.62785807796321,2.1826340015593444,0.1,-0.2,0.01,0.82,True
0.2891398798987826,-2.1069840574707213,6.858686335743724,0.1,-0.2,0.01,0.82,True
0.1,-0.2,2.681225661453894,0.1,-0.2,0.01,0.83,True
0.2073884863172972,-0.6314120353627104,2.287019553146197,0.1,-0.2,0.01,0.83,True
0.2598131579487516,-1.085321746479523,2.132267888705771,0.1,-0.2,0.01,0.83,True
0.2854223030106315,-1.5359768596091337,2.0671747442372514,0.1,-0.2,0.01,0.83,True
0.298501981983245,-1.984055921840555,6.267726381602988,0.1,-0.2,0.01,0.83,True
0.1,-0.2,2.5588148457033864,0.1,-0.2,0.01,0.84,True
0.2091612628703462,-0.602117168848889,2.1767456155336733,0.1,-0.2,0.01,0.84,True
0.2650729323855119,-1.0256909315043314,2.026895135914548,0.1,-0.2,0.01,0.84,True
0.2936030303597695,-1.4461294448206792,1.9631261339008657,0.1,-0.2,0.01,0.84,True
0.3086758812613394,-1.863902531226984,5.713204537873539,0.1,-0.2,0.01,0.84,True
0.1,-0.2,2.4440865466131587,0.1,-0.2,0.01,0.85,True
0.21096196788793,-0.5734510760869258,2.0762024388209617,0.1,-0.2,0.01,0.85,True
0.2705611658634698,-0.967336996984328,1.9322484470730992,0.1,-0.2,0.01,0.85,True
0.3023443368884698,-1.3582405604832208,1.8703759679133696,0.1,-0.2,0.01,0.85,True
0.319745097987474,-1.7464206281328638,5.195592829459306,0.1,-0.2,0.01,0.85,True
0.1,-0.2,2.3369762574338098,0.1,-0.2,0.01,0.86,True
0.2127897389046475,-0.5453922141651959,1.9852433432692798,0.1,-0.2,0.01,0.86,True
0.2762838482707893,-0.9102142162866772,1.848125914848889,0.1,-0.2,0.01,0.86,True
0.3116841501194415,-1.272239346733846,1.7887102750425259,0.1,-0.2,0.01,0.86,True
0.3318017242825468,-1.6315135126143083,4.715465394020392,0.1,-0.2,0.01,0.86,True
0.1,-0.2,2.2374135738178658,0.1,-0.2,0.01,0.87,True
0.2146437232206094,-0.5179200350399259,1.9036713525140363,0.1,-0.2,0.01,0.87,True
0.2822469097984237,-0.8542792194803746,1.7742326411871452,0.1,-0.2,0.01,0.87,True
0.3216624212141092,-1.1880593135865067,1.7177945032802346,0.1,-0.2,0.01,0.87,True
0.3449471841966895,-1.5190912947013175,4.273487963425814,0.1,-0.2,0.01,0.87,True
0.1,-0.2,2.1453183341725044,0.1,-0.2,0.01,0.88,True
0.2165230784128202,-0.4910149287642782,1.8312324608112518,0.1,-0.2,0.01,0.88,True
0.2884562143276892,-0.7994908839899392,1.7101726906833152,0.1,-0.2,0.01,0.88,True
0.3323211919129405,-1.1056383342961589,1.657162021700483,0.1,-0.2,0.01,0.88,True
0.3592930748908069,-1.4090712831157457,3.870396997409872,0.1,-0.2,0.01,0.88,True
0.1,-0.2,2.060596732062144,0.1,-0.2,0.01,0.89,True
0.2184269728041392,-0.4646581705513001,1.7676119557227323,0.1,-0.2,0.01,0.89,True
0.2949175542151631,-0.7458102343923272,1.6554483678073892,0.1,-0.2,0.01,0.89,True
0.3437046739265318,-1.0249186777387915,1.6062132411508234,0.1,-0.2,0.01,0.89,True
0.3749621118623027,-1.3013785342734892,3.5069622731200165,0.1,-0.2,0.01,0.89,True
0.1,-0.2,1.9831378707764324,0.1,-0.2,0.01,0.9,True
0.2203545858904675,-0.4388318713728885,1.7124353918275952,0.1,-0.2,0.01,0.9,True
0.3016366465783512,-0.6932003507844159,1.6094687389690843,0.1,-0.2,0.01,0.9,True
0.355859345416048,-0.9458470825723068,1.5642276246933033,0.1,-0.2,0.01,0.9,True
0.3920892101243224,-1.1959465906272149,3.1839261491510213,0.1,-0.2,0.01,0.9,True
0.1,-0.2,1.9128114746939964,0.1,-0.2,0.01,0.91,True
0.2223051087271139,-0.4135189318230392,1.665276013125303,0.1,-0.2,0.01,0.91,True
0.3086191311888004,-0.6416262852028737,1.5715687664875437,0.1,-0.2,0.01,0.91,True
0.3688340703030464,-0.8683748764380009,1.5303893837208546,0.1,-0.2,0.01,0.91,True
0.4108227453994164,-1.092718443062592,2.901916803961852,0.1,-0.2,0.01,0.91,True
0.1,-0.2,1.8494677989291113,0.1,-0.2,0.01,0.92,True
0.2242777442754664,-0.3887029989971132,1.625670784360652,0.1,-0.2,0.01,0.92,True
0.3158705700837318,-0.5910549856269246,1.5410401854877265,0.1,-0.2,0.01,0.92,True
0.3826802474798849,-0.7924581439541573,1.5038265414178962,0.1,-0.2,0.01,0.92,True
0.4313260557614814,-0.991647758153938,2.66134818329661,0.1,-0.2,0.01,0.92,True
0.1,-0.2,1.7929412312455617,0.1,-0.2,0.01,0.93,True
0.2262717077112736,-0.3643684261601702,1.5931481346037295,0.1,-0.2,0.01,0.93,True
0.3233964490130158,-0.5414552271383343,1.5171762541810225,0.1,-0.2,0.01,0.93,True
0.3974519986043345,-0.7180579477271977,1.48366359711226,0.1,-0.2,0.01,0.93,True
0.453779266157341,-0.8927004172812196,2.462356741983753,0.1,-0.2,0.01,0.93,True
0.1,-0.2,1.743059749162766,0.1,-0.2,0.01,0.94,True
0.2282862266959694,-0.3405002349966585,1.567272916092401,0.1,-0.2,0.01,0.94,True
0.3312021808455049,-0.4927975498520731,1.499336401140675,0.1,-0.2,0.01,0.94,True
0.4132064051194472,-0.6451406070392252,1.4690923479256992,0.1,-0.2,0.01,0.94,True
0.4783815477285566,-0.7958564202846772,2.304898157818351,0.1,-0.2,0.01,0.94,True
0.1,-0.2,1.6996634658143044,0.1,-0.2,0.01,0.95,True
0.2303205416125761,-0.3170840802511866,1.547719768834695,0.1,-0.2,0.01,0.95,True
0.3392931110675732,-0.4450542032661118,1.4870470646826528,0.1,-0.2,0.01,0.95,True
0.4300038075205827,-0.5736780392324067,1.4594778973762286,0.1,-0.2,0.01,0.95,True
0.5053539633124359,-0.7011122103981363,2.1892558098863892,0.1,-0.2,0.01,0.95,True
0.1,-0.2,1.6803582657318754,0.1,-0.2,0.01,0.955,True
0.2313448886939909,-0.3055411985462684,1.5402715341744868,0.1,-0.2,0.01,0.955,True
0.3434471794692942,-0.4215171870486908,1.4829225519301579,0.1,-0.2,0.01,0.955,True
0.4388134707108218,-0.5384851493060943,1.4564219409499906,0.1,-0.2,0.01,0.955,True
0.5198049138768485,-0.6545315896342758,2.147608483312121,0.1,-0.2,0.01,0.955,True
0.1,-0.2,1.6626373361953801,0.1,-0.2,0.01,0.96,True
0.2323739057677571,-0.2941062165859226,1.5343991634453287,0.1,-0.2,0.01,0.96,True
0.3476745255172321,-0.3981990967099695,1.4801804300412813,0.1,-0.2,0.01,0.96,True
0.4479081827924225,-0.5036481690558607,1.454549370349842,0.1,-0.2,0.01,0.96,True
0.534943103204035,-0.6084834778546088,2.117448550170524,0.1,-0.2,0.01,0.96,True
0.1,-0.2,1.646502317822365,0.1,-0.2,0.01,0.965,True
0.2334075015443881,-0.2827775048403961,1.5301661606649826,0.1,-0.2,0.01,0.965,True
0.3519758022817971,-0.3750969230885993,1.4789173912423934,0.1,-0.2,0.01,0.965,True
0.457296586956413,-0.4691653569016683,1.453949723547502,0.1,-0.2,0.01,0.965,True
0.550804113711038,-0.5629733905866252,2.0998350130921,0.1,-0.2,0.01,0.965,True
0.1,-0.2,1.6319664092368258,0.1,-0.2,0.01,0.97,True
0.2344455855616761,-0.2715534674945173,1.5276909339655063,0.1,-0.2,0.01,0.97,True
0.3563516605097584,-0.352207755599334,1.4793183679617952,0.1,-0.2,0.01,0.97,True
0.4669876194791247,-0.4350354113095986,1.4548146054818045,0.1,-0.2,0.01,0.97,True
0.5674257855138867,-0.5180084938992616,2.096546781706902,0.1,-0.2,0.01,0.97,True
0.1,-0.2,1.6190584400503112,0.1,-0.2,0.01,0.975,True
0.235488068188351,-0.260432541578511,1.5271703396738043,0.1,-0.2,0.01,0.975,True
0.3608027490835955,-0.3295287811648693,1.4817018591102917,0.1,-0.2,0.01,0.975,True
0.4769905316304932,-0.4012574902405458,1.457497210698328,0.1,-0.2,0.01,0.975,True
0.5848484485335048,-0.4735977398046866,2.110482086553774,0.1,-0.2,0.01,0.975,True
0.1,-0.2,1.6078281697812729,0.1,-0.2,0.01,0.98,True
0.2365348606273117,-0.2494131961255032,1.5289149652311202,0.1,-0.2,0.01,0.98,True
0.365329715525352,-0.3070572832284803,1.4865940005694696,0.1,-0.2,0.01,0.98,True
0.4873149141770319,-0.3678312319303899,1.4626153143286733,0.1,-0.2,0.01,0.98,True
0.6031151888737445,-0.429752010414978,2.1462800184587674,0.1,-0.2,0.01,0.98,True
0.1,-0.2,1.5983532196812438,0.1,-0.2,0.01,0.985,True
0.2375858749184192,-0.2384939313547984,1.5334031820736704,0.1,-0.2,0.01,0.985,True
0.3699332065465929,-0.2847906408457457,1.4948534363857433,0.1,-0.2,0.01,0.985,True
0.4979707247690574,-0.3347567770275434,1.4712360456054718,0.1,-0.2,0.01,0.985,True
0.6222721548745581,-0.3864842702766744,2.2113082916025144,0.1,-0.2,0.01,0.985,True
0.1,-0.2,1.5907481981269296,0.1,-0.2,0.01,0.99,True
0.23864102394089,-0.2276732778799664,1.5413659004757483,0.1,-0.2,0.01,0.99,True
0.3746138686462495,-0.2627263278535943,1.5078891605518054,0.1,-0.2,0.01,0.99,True
0.5089683185325006,-0.302034792106952,1.4852210728225097,0.1,-0.2,0.01,0.99,True
0.642368909067553,-0.3438097259063274,2.3172765337832417,0.1,-0.2,0.01,0.99,True
0.1,-0.2,1.5876957389014674,0.1,-0.2,0.01,0.9925,True
0.2391701219811497,-0.2222994793167193,1.5469796109828566,0.1,-0.2,0.01,0.9925,True
0.3769833409815597,-0.2517692811824398,1.5168801197808717,0.1,-0.2,0.01,0.9925,True
0.5145986370901949,-0.2858063341022817,1.4951785762352163,0.1,-0.2,0.01,0.9925,True
0.6527862270523892,-0.3227003077899748,2.391096824395098,0.1,-0.2,0.01,0.9925,True
0.1,-0.2,1.585176796663799,0.1,-0.2,0.01,0.995,True
0.2397002214152826,-0.2169497959409222,1.5539228225289181,0.1,-0.2,0.01,0.995,True
0.3793723487581495,-0.2408619121151505,1.528055431001591,0.1,-0.2,0.01,0.995,True
0.5203184822196423,-0.2696664945714301,1.507901892018032,0.1,-0.2,0.01,0.995,True
0.6634588332037578,-0.3017459910343001,2.482977083767392,0.1,-0.2,0.01,0.995,True
0.1,-0.2,1.583222146759254,0.1,-0.2,0.01,0.9975,True
0.2402313115900793,-0.211624052289493,1.5624329338691112,0.1,-0.2,0.01,0.9975,True
0.3817809730253957,-0.2300039312144924,1.5419784033640402,0.1,-0.2,0.01,0.9975,True
0.5261292759562393,-0.2536155160696923,1.5242623003358244,0.1,-0.2,0.01,0.9975,True
0.6743940734741805,-0.2809493811860253,2.597175064080067,0.1,-0.2,0.01,0.9975,True
0.1,-10.0,1.4142135623733787,0.1,-10.0,0.01,1.0,True
0.0999993861198945,-10.000000095695317,1.4142135623739558,0.1,-10.0,0.01,1.0,True
0.0999987863089111,-10.000000257716962,1.414213562374816,0.1,-10.0,0.01,1.0,True
0.0999982077005048,-10.000000484128975,1.4142135623759189,0.1,-10.0,0.01,1.0,True
0.0999976571772949,-10.000000772241016,1.4142135623929206,0.1,-10.0,0.01,1.0,True
0.1,-10.0,1.4268745816759496,0.1,-10.0,0.01,1.01,True
0.0999993633928828,-9.98103408592971,1.42931297307167,0.1,-10.0,0.01,1.01,True
0.0999987138405028,-9.960313457673562,1.4297968339536022,0.1,-10.0,0.01,1.01,True
0.09999805917814,-9.939261797795082,1.430050831018945,0.1,-10.0,0.01,1.01,True
0.0999974073093497,-9.918038457893932,1.6345656004355742,0.1,-10.0,0.01,1.01,True
0.1,-10.0,1.463248031272217,0.1,-10.0,0.01,1.02,True
0.0999993410757526,-9.96243766621672,1.4725467287685428,0.1,-10.0,0.01,1.02,True
0.0999986407638456,-9.921402409087287,1.474387965522966,0.1,-10.0,0.01,1.02,True
0.0999979057947901,-9.879711579083828,1.4753540358912853,0.1,-10.0,0.01,1.02,True
0.0999971433085622,-9.837680712758411,2.1528833186869147,0.1,-10.0,0.01,1.02,True
0.1,-10.0,1.5203179854867717,0.1,-10.0,0.01,1.03,True
0.0999993191605618,-9.94420013792257,1.5399898253932454,0.1,-10.0,0.01,1.03,True
0.0999985670935049,-9.88324458680859,1.5438721606935402,0.1,-10.0,0.01,1.03,True
0.0999977474942409,-9.821315283016064,1.5459075407264915,0.1,-10.0,0.01,1.03,True
0.0999968646698015,-9.758880872073252,2.7953907630453627,0.1,-10.0,0.01,1.03,True
0.1,-10.0,1.594682253247281,0.1,-10.0,0.01,1.04,True
0.0999992976395268,-9.92631121138378,1.627246160606843,0.1,-10.0,0.01,1.04,True
0.0999984928442384,-9.845818329391722,1.6336483840181397,0.1,-10.0,0.01,1.04,True
0.0999975842238459,-9.764039690552837,1.6370018146702026,0.1,-10.0,0.01,1.04,True
0.0999965708883016,-9.68159406307816,3.484096964897606,0.1,-10.0,0.01,1.04,True
0.1,-10.0,1.6829937422456733,0.1,-10.0,0.01,1.05,True
0.099999276505019,-9.908760986550842,1.7300887408893826,0.1,-10.0,0.01,1.05,True
0.0999984180309626,-9.80910279809101,1.7393126460547823,0.1,-10.0,0.01,1.05,True
0.0999974159344922,-9.707852845583991,1.7441397696360588,0.1,-10.0,0.01,1.05,True
0.0999962614602394,-9.60577711981126,4.1883568479544575,0.1,-10.0,0.01,1.05,True
0.1,-10.0,1.7822391112169635,0.1,-10.0,0.01,1.06,True
0.0999992557495619,-9.891539934720935,1.8448228100953534,0.1,-10.0,0.01,1.06,True
0.0999983426687183,-9.773077938170832,1.8570372405251676,0.1,-10.0,0.01,1.06,True
0.0999972425805579,-9.652723995475826,1.863424317352797,0.1,-10.0,0.01,1.06,True
0.0999959358832948,-9.531388502721246,4.895044696112868,0.1,-10.0,0.01,1.06,True
0.1,-10.0,1.8898585227335138,0.1,-10.0,0.01,1.07,True
0.0999992353658288,-9.87463888128899,1.9684058557408908,0.1,-10.0,0.01,1.07,True
0.099998266772642,-9.737724442379095,1.9836885369198607,0.1,-10.0,0.01,1.07,True
0.0999970641198697,-9.598623534946164,1.9916746810349415,0.1,-10.0,0.01,1.07,True
0.0999955936572034,-9.458388222781494,5.597939092387528,0.1,-10.0,0.01,1.07,True
0.1,-10.0,2.003756668758502,0.1,-10.0,0.01,1.08,True
0.0999992153466383,-9.858048989451394,2.0984210346513255,0.1,-10.0,0.01,1.08,True
0.0999981903579339,-9.70302371644355,2.11679102734215,0.1,-10.0,0.01,1.08,True
0.099996880513651,-9.545522953051238,2.1263852729911026,0.1,-10.0,0.01,1.08,True
0.0999952342842859,-9.386737769813372,6.293857915657995,0.1,-10.0,0.01,1.08,True
0.1,-10.0,2.1222570718185407,0.1,-10.0,0.01,1.09,True
0.099999195684954,-9.841761744805128,2.2329871894287994,0.1,-10.0,0.01,1.09,True
0.0999981134398362,-9.668957846461767,2.254427509591616,0.1,-10.0,0.01,1.09,True
0.0999966917264739,-9.493394783084623,2.2656205939625305,0.1,-10.0,0.01,1.09,True
0.0999948572699702,-9.316400044749102,6.981096209563306,0.1,-10.0,0.01,1.09,True
0.1,-10.0,2.2440357608166983,0.1,-10.0,0.01,1.1,True
0.0999991763738797,-9.825768940818168,2.3706550850652532,0.1,-10.0,0.01,1.1,True
0.0999980360336035,-9.635509568065306,2.395127528494441,0.1,-10.0,0.01,1.1,True
0.0999964977261989,-9.442212555204613,2.4078995478734604,0.1,-10.0,0.01,1.1,True
0.0999944621232861,-9.247339295585054,7.658726886843841,0.1,-10.0,0.01,1.1,True
0.1,-10.0,2.368054101525585,0.1,-10.0,0.01,1.11,True
0.0999991574066581,-9.81006266545023,2.510312718591307,0.1,-10.0,0.01,1.11,True
0.099997958154483,-9.602662237244765,2.537767221444653,0.1,-10.0,0.01,1.11,True
0.0999962984839195,-9.391950751616044,2.552092428955582,0.1,-10.0,0.01,1.11,True
0.0999940483573518,-9.179521056790712,8.32625931026651,0.1,-10.0,0.01,1.11,True
0.1,-10.0,2.493499414353964,0.1,-10.0,0.01,1.12,True
0.0999991387766711,-9.794635292134023,2.651107180065316,0.1,-10.0,0.01,1.12,True
0.0999978798176918,-9.5703998027189,2.68148755687166,0.1,-10.0,0.01,1.12,True
0.0999960939739,-9.342584764149793,2.6973372997938165,0.1,-10.0,0.01,1.12,True
0.0999936154898364,-9.112912091960398,8.983460208231064,0.1,-10.0,0.01,1.12,True
0.1,-10.0,2.619735628207374,0.1,-10.0,0.01,1.13,True
0.0999991204774763,-9.779479506104174,2.7923836177886248,0.1,-10.0,0.01,1.13,True
0.0999978010383951,-9.538706778409782,2.8256306620065366,0.1,-10.0,0.01,1.13,True
0.0999958841735124,-9.29409085412052,2.842975160575126,0.1,-10.0,0.01,1.13,True
0.0999931630434071,-9.047480339504215,9.630254009516882,0.1,-10.0,0.01,1.13,True
0.1,-10.0,2.7462611225512865,0.1,-10.0,0.01,1.14,True
0.0999991025031565,-9.76458865271015,2.9336424463514814,0.1,-10.0,0.01,1.14,True
0.0999977218313948,-9.507568103792211,2.9696902068577153,0.1,-10.0,0.01,1.14,True
0.0999956690632807,-9.246446137657747,2.9885010724665095,0.1,-10.0,0.01,1.14,True
0.0999926905461178,-8.983194856657567,10.266664625889057,0.1,-10.0,0.01,1.14,True
0.1,-10.0,2.8726496627104234,0.1,-10.0,0.01,1.15,True
0.099999084851579,-9.749959979532656,3.074613980157604,0.1,-10.0,0.01,1.15,True
0.0999976421872136,-9.476960000914357,5.4183370853316095,0.1,-10.0,0.01,1.15,True
0.1,-10.0,2.998272836998879,0.1,-10.0,0.01,1.16,True
0.0999990675535518,-9.735623201661442,3.221666428884202,0.1,-10.0,0.01,1.16,True
0.099997560209567,-9.446162931614476,5.71620936357721,0.1,-10.0,0.01,1.16,True
0.1,-10.0,3.1200894998139397,0.1,-10.0,0.01,1.17,True
0.0999990509265779,-9.721884715923862,3.8428228742898574,0.1,-10.0,0.01,1.17,True
0.0999973347388106,-9.36458084273568,6.509831524959657,0.1,-10.0,0.01,1.17,True
0.1,-10.0,3.2142585085905226,0.1,-10.0,0.01,1.18,True
0.0999990377522772,-9.71136014048122,39.20895769724543,0.1,-10.0,0.01,1.18,True
0.1002930371582564,-5.781528338042882,42.08517832489385,0.1,-10.0,0.01,1.18,True
0.1,-10.0,3.0882717571919924,0.1,-10.0,0.01,1.19,True
0.0999990537377454,-9.72545894177483,3.0882717571919924,0.1,-10.0,0.01,1.19,True
0.1,-10.0,1.5574386109848053,0.1,-10.0,0.01,1.2,True
0.0999994708550086,-9.93476117312042,1.5574386109848053,0.1,-10.0,0.01,1.2,True
0.113,-0.25,1.996385683480938,0.113,-0.25,0.01,0.905,False
0.220891593404383,-0.5095999835628999,1.7150496437770906,0.113,-0.25,0.01,0.905,False
0.2922788805626853,-0.7649044284181171,1.6167521586771918,0.113,-0.25,0.01,0.905,False
0.3397475541589142,-1.0149531791597777,1.5723845215367673,0.113,-0.25,0.01,0.905,False
0.3715670165052697,-1.260882136639435,3.297081608957938,0.113,-0.25,0.01,0.905,False
0.113,-0.25,2.43185750707112,0.113,-0.25,0.015,0.905,False
0.2130704822170973,-0.6334979656737557,2.0322190273602514,0.113,-0.25,0.015,0.905,False
0.2670645797398134,-1.0084414814840583,1.8929810304918044,0.113,-0.25,0.015,0.905,False
0.2967222385874057,-1.3753315955118512,1.8312234800200178,0.113,-0.25,0.015,0.905,False
0.3135197279315058,-1.7370156553290117,5.089592772973608,0.113,-0.25,0.015,0.905,False
0.113,-0.25,2.950568887774054,0.113,-0.25,0.02,0.905,False
0.2065559085246953,-0.7556404683983636,2.468134489266369,0.113,-0.25,0.02,0.905,False
0.2481594083783698,-1.249080715265724,2.3030991081914074,0.113,-0.25,0.02,0.905,False
0.2674911570301459,-1.7323014859287582,2.2323309003401435,0.113,-0.25,0.02,0.905,False
0.2771269758796429,-2.209748763343396,7.303444650762581,0.113,-0.25,0.02,0.905,False
0.113,-0.25,3.5252861236055257,0.113,-0.25,0.025,0.905,False
0.2011162751728715,-0.8761549525847138,2.991470645274199,0.113,-0.25,0.025,0.905,False
0.2338208779591678,-1.4872362906213257,2.8134851456175567,0.113,-0.25,0.025,0.905,False
0.2470231733058443,-2.086476205709612,2.7401339644289844,0.113,-0.25,0.025,0.905,False
0.2530350755149574,-2.679776333500257,9.770703632247333,0.113,-0.25,0.025,0.905,False
0.113,-0.25,4.137159703104431,0.113,-0.25,0.03,0.905,False
0.1965603732486172,-0.995144847171806,3.5750626971447703,0.113,-0.25,0.03,0.905,False
0.2228094998541232,-1.7232517179904867,3.391902327709831,0.113,-0.25,0.03,0.905,False
0.2322547249010822,-2.438392260889624,3.319695751924201,0.113,-0.25,0.03,0.905,False
0.2362804576817666,-3.147732975312922,12.393444594059035,0.113,-0.25,0.03,0.905,False
0.113,-0.25,4.773413043278231,0.113,-0.25,0.035,0.905,False
0.1927312529252691,-1.112695198693799,4.199330761226682,0.113,-0.25,0.035,0.905,False
0.2142399693495416,-1.957402150165096,4.015402608661693,0.113,-0.25,0.035,0.905,False
0.2212862025997181,-2.788460198084998,3.946635621789871,0.113,-0.25,0.035,0.905,False
0.2241209395494341,-3.614069690962137,15.114198180313904,0.113,-0.25,0.035,0.905,False
0.113,-0.25,5.42525900659495,0.113,-0.25,0.04,0.905,False
0.1895006624402365,-1.2288771365801172,4.851042703074319,0.113,-0.25,0.04,0.905,False
0.2074774888384298,-2.1899046014175387,4.669143019640243,0.113,-0.25,0.04,0.905,False
0.2129174580537549,-3.1369782760300926,4.605379737632734,0.113,-0.25,0.04,0.905,False
0.2149762569609221,-4.079081980396233,17.898166934264143,0.113,-0.25,0.04,0.905,False
0.113,-0.25,6.086531494603692,0.113,-0.25,0.045,0.905,False
0.1867640795115812,-1.3437512382139667,5.521461559995548,0.113,-0.25,0.045,0.905,False
0.2020649000176534,-2.420929224155328,5.343706821690749,0.113,-0.25,0.045,0.905,False
0.2063747506513636,-3.484158134241408,5.2859726788834465,0.113,-0.25,0.045,0.905,False
0.2078950919899573,-4.5429565376433,20.723328525947895,0.113,-0.25,0.045,0.905,False
0.113,-0.25,6.752832918398078,0.113,-0.25,0.05,0.905,False
0.1844363791787389,-1.4573699608458468,6.204865027561588,0.113,-0.25,0.05,0.905,False
0.1976712648059994,-2.650609312727454,6.033033565807761,0.113,-0.25,0.05,0.905,False
0.2011482706838462,-3.8301482967909353,5.981862996170444,0.113,-0.25,0.05,0.905,False
0.2022794753123268,-5.005809003096164,23.575107632925956,0.113,-0.25,0.05,0.905,False
0.113,-0.25,13.29074806916522,0.113,-0.25,0.1,0.905,False
0.1730782531570393,-2.5325330438242726,13.314313096213407,0.113,-0.25,0.1,0.905,False
0.1779702921485877,-4.888501200765097,13.236238415208135,0.113,-0.25,0.1,0.905,False
0.1784818155503447,-7.237393408574774,13.22866452002258,0.113,-0.25,0.1,0.905,False
0.1785371516468595,-9.58566544424598,52.316940260339216,0.113,-0.25,0.1,0.905,False
0.113,-0.25,24.914203675711402,0.113,-0.25,0.2,0.905,False
0.167068059271582,-4.403292142627671,27.97886061999629,0.113,-0.25,0.2,0.905,False
0.1680893933496876,-9.100211385801604,27.974157719020525,0.113,-0.25,0.2,0.905,False
0.1680996671308732,-13.796644911545838,27.97409457126241,0.113,-0.25,0.2,0.905,False
0.1680997684842704,-18.493070764482997,108.53793305255772,0.113,-0.25,0.2,0.905,False
0.113,-0.25,34.9148965786324,0.113,-0.25,0.3,0.905,False
0.1633341945698094,-5.946529971219005,43.03119922319253,0.113,-0.25,0.3,0.905,False
0.1635051620320186,-12.978550302885486,43.10774578447722,0.113,-0.25,0.3,0.905,False
0.163504739261965,-20.02307708811268,43.10842526077629,0.113,-0.25,0.3,0.905,False
0.1635047337488432,-27.06771478981456,164.02621975452905,0.113,-0.25,0.3,0.905,False
0.113,-0.25,43.52563380681139,0.113,-0.25,0.4,0.905,False
0.1599585534694074,-7.207431587618445,58.380240705242684,0.113,-0.25,0.4,0.905,False
0.1596876290454918,-16.527300721299902,58.82765076114996,0.113,-0.25,0.4,0.905,False
0.1596778632716627,-25.91805963051592,58.84048052776583,0.113,-0.25,0.4,0.905,False
0.1596775831652227,-35.31085122581522,219.57885038851975,0.113,-0.25,0.4,0.905,False
0.113,-0.25,50.94515689711543,0.113,-0.25,0.5,0.905,False
0.1568982772549216,-8.239177672878837,73.81163138113648,0.113,-0.25,0.5,0.905,False
0.1560417662235467,-19.754767508201997,75.1968430294668,0.113,-0.25,0.5,0.905,False
0.1559904242841152,-31.482680600271127,75.27766665359825,0.113,-0.25,0.5,0.905,False
0.1559874296793733,-43.22297800096941,275.4947670563622,0.113,-0.25,0.5,0.905,False
0.113,-0.25,57.37155598603141,0.113,-0.25,0.6,0.905,False
0.1541552842746335,-9.090652667480752,89.1182497112263,0.113,-0.25,0.6,0.905,False
0.152478043448915,-22.67752918832414,92.19975819122199,0.113,-0.25,0.6,0.905,False
0.1523200734735756,-36.71975162236474,92.48869889782893,0.113,-0.25,0.6,0.905,False
0.1523052779953577,-50.804621822781016,331.9334319496468,0.113,-0.25,0.6,0.905,False
0.113,-0.25,62.976790662493606,0.113,-0.25,0.7,0.905,False
0.1517117581826339,-9.801236614059713,104.15026592548288,0.113,-0.25,0.7,0.905,False
0.1490057087947912,-25.318805900394604,109.7748710922347,0.113,-0.25,0.7,0.905,False
0.1486496760782679,-41.63545201203973,110.51574095378348,0.113,-0.25,0.7,0.905,False
0.1486029063176529,-58.05706774514088,389.00687196152893,0.113,-0.25,0.7,0.905,False
0.113,-0.25,67.90151734361925,0.113,-0.25,0.8,0.905,False
0.1495389787661995,-10.401133067377057,118.8128032037385,0.113,-0.25,0.8,0.905,False
0.1456506052397006,-27.705084109176266,127.84138849007701,0.113,-0.25,0.8,0.905,False
0.1449919293976241,-46.23992155717732,129.3780843430759,0.113,-0.25,0.8,0.905,False
0.1448804132966263,-64.98315228156592,446.80681076569584,0.113,-0.25,0.8,0.905,False
0.113,-0.25,72.25869582026334,0.113,-0.25,0.9,0.905,False
0.1476052141768142,-10.913195688802311,133.05147946023314,0.113,-0.25,0.9,0.905,False
0.1424345285213237,-29.863274260416944,146.31673275282742,0.113,-0.25,0.9,0.905,False
0.1413678919522582,-50.54679910578906,149.0774776096152,0.113,-0.25,0.9,0.905,False
0.1411479104771774,-71.58782717283759,505.41426519826604,0.113,-0.25,0.9,0.905,False
0.113,-0.25,76.13887050909536,0.113,-0.25,1.0,0.905,False
0.1458798940007194,-11.354745243612475,146.83913391348509,0.113,-0.25,1.0,0.905,False
0.1393710681334931,-31.818951099080987,165.12537395888967,0.113,-0.25,1.0,0.905,False
0.1377989615045222,-54.57222558247963,169.60439005697174,0.113,-0.25,1.0,0.905,False
0.1374192841647555,-77.87832987666248,564.9033941293276,0.113,-0.25,1.0,0.905,False
0.113,-0.25,4.410961243392336,0.113,-0.25,0.01,0.75,False
0.1946170853372318,-1.0455642008854376,3.802416716655498,0.113,-0.25,0.01,0.75,False
0.2186608619360544,-1.8143938958384225,3.6197204002241787,0.113,-0.25,0.01,0.75,False
0.2270278613064104,-2.570112810680204,3.548753307088666,0.113,-0.25,0.01,0.75,False
0.2305274676150535,-3.320187625487283,13.43644762151219,0.113,-0.25,0.01,0.75,False
0.113,-0.25,4.193379768559306,0.113,-0.25,0.01,0.76,False
0.1959831657353549,-1.0049869377956802,3.5958015103930143,0.113,-0.25,0.01,0.76,False
0.2217835387163061,-1.7348297247976612,3.413530219528879,0.113,-0.25,0.01,0.76,False
0.2310629259276538,-2.451815732957098,3.3415586305937657,0.113,-0.25,0.01,0.76,False
0.2350196345111445,-3.163053138213114,12.522812974270396,0.113,-0.25,0.01,0.76,False
0.113,-0.25,3.984405213490072,0.113,-0.25,0.01,0.77,False
0.1973980529631536,-0.9653819993533308,3.3988352594448354,0.113,-0.25,0.01,0.77,False
0.2250924414281281,-1.6572049228914134,3.217449344026692,0.113,-0.25,0.01,0.77,False
0.2354021122613825,-2.336466836054228,3.144744538910611,0.113,-0.25,0.01,0.77,False
0.2398851343439442,-3.0099007590948745,11.643632944317222,0.113,-0.25,0.01,0.77,False
0.113,-0.25,3.7839871268712364,0.113,-0.25,0.01,0.78,False
0.1988610247295936,-0.926711986353693,3.2115773774677208,0.113,-0.25,0.01,0.78,False
0.2285956143006734,-1.5814407740470755,3.0315868576761207,0.113,-0.25,0.01,0.78,False
0.2400699808273312,-2.2239446896102915,2.9584339191483098,0.113,-0.25,0.01,0.78,False
0.2451623427277421,-2.860567678474382,10.798836677578706,0.113,-0.25,0.01,0.78,False
0.113,-0.25,3.5920858252873957,0.113,-0.25,0.01,0.79,False
0.2003713439979539,-0.8889414070480135,3.0341004120623327,0.113,-0.25,0.01,0.79,False
0.2323012788930434,-1.507462591531762,2.8560756515891415,0.113,-0.25,0.01,0.79,False
0.245093126053206,-2.114133845574185,2.782778704219661,0.113,-0.25,0.01,0.79,False
0.2508944943967299,-2.714898769433947,9.988456942737713,0.113,-0.25,0.01,0.79,False
0.113,-0.25,3.408672743005805,0.113,-0.25,0.01,0.8,False
0.2019282601032754,-0.8520365577824137,2.866486756329157,0.113,-0.25,0.01,0.8,False
0.2362178176739183,-1.4351994839077833,2.691067282550363,0.113,-0.25,0.01,0.8,False
0.2505002772341558,-2.00692452638279,2.6179558504213585,0.113,-0.25,0.01,0.8,False
0.2571302418307382,-2.572746183608132,9.212637717687603,0.113,-0.25,0.01,0.8,False
0.113,-0.25,3.2337306378054147,0.113,-0.25,0.01,0.81,False
0.2035310098983559,-0.8159654124513771,2.7088243845313906,0.113,-0.25,0.01,0.81,False
0.2403537575319889,-1.3645841396033611,2.5367244659057278,0.113,-0.25,0.01,0.81,False
0.2563223988901555,-1.902212349249561,2.4641601472029824,0.113,-0.25,0.01,0.81,False
0.263924262642621,-2.4339690096030218,8.471641335169473,0.113,-0.25,0.01,0.81,False
0.113,-0.25,3.0672535502863307,0.113,-0.25,0.01,0.82,False
0.2051788189159239,-0.7806975200191754,2.561201352719212,0.113,-0.25,0.01,0.82,False
0.2447177533742633,-1.2955526286881254,2.3932107233515527,0.113,-0.25,0.01,0.82,False
0.2625927905655212,-1.7998980858715286,2.321592970250374,0.113,-0.25,0.01,0.82,False
0.2713379184344997,-2.298432997391308,7.76585494764631,0.113,-0.25,0.01,0.82,False
0.113,-0.25,2.9092463873026726,0.113,-0.25,0.01,0.83,False
0.2068709025362626,-0.7462039094337852,2.423698802189216,0.113,-0.25,0.01,0.83,False
0.2493185719758683,-1.228044220595336,2.260676791990606,0.113,-0.25,0.01,0.83,False
0.2693471863656476,-1.6998874573835332,2.190446183414163,0.113,-0.25,0.01,0.83,False
0.2794399683892207,-2.166010354000159,7.095796106759463,0.113,-0.25,0.01,0.83,False
0.113,-0.25,2.759723971075895,0.113,-0.25,0.01,0.84,False
0.2086064671510289,-0.7124570013213525,2.296382249192275,0.113,-0.25,0.01,0.84,False
0.2541650762513215,-1.1620012166696727,2.139243627959613,0.113,-0.25,0.01,0.84,False
0.2766238548486822,-1.6020909649359172,2.07088073200101,0.113,-0.25,0.01,0.84,False
0.2883073417928672,-2.0365796181443265,6.462117256924272,0.113,-0.25,0.01,0.84,False
0.113,-0.25,2.6187093674646373,0.113,-0.25,0.01,0.85,False
0.2103847113153393,-0.679430525906308,2.1792910649103416,0.113,-0.25,0.01,0.85,False
0.2592662101236287,-1.0973687965433,2.0289822594815035,0.113,-0.25,0.01,0.85,False
0.2844637002989763,-1.5064237568561398,1.9630001498151728,0.113,-0.25,0.01,0.85,False
0.2980259751482081,-1.9100256242879172,5.865608836921202,0.113,-0.25,0.01,0.85,False
0.113,-0.25,2.4862312858041573,0.113,-0.25,0.01,0.86,False
0.2122048268813976,-0.6470994466532366,2.072426271394299,0.113,-0.25,0.01,0.86,False
0.2646309841742181,-1.0340948774542735,1.9298913886568685,0.113,-0.25,0.01,0.86,False
0.2929103669234013,-1.4128055339851442,1.8668202771821754,0.113,-0.25,0.01,0.86,False
0.3086917217622475,-1.7862395700688871,5.307200322344691,0.113,-0.25,0.01,0.86,False
0.113,-0.25,2.362320338417368,0.113,-0.25,0.01,0.87,False
0.2140660001080034,-0.6154398891725193,1.9757371172180729,0.113,-0.25,0.01,0.87,False
0.2702684622639278,-0.9721299857227224,1.8418744739612185,0.113,-0.25,0.01,0.87,False
0.3020103481538917,-1.3211604954671126,1.7822378833402681,0.113,-0.25,0.01,0.87,False
0.3204113449793019,-1.6651192052429378,4.787957685973794,0.113,-0.25,0.01,0.87,False
0.113,-0.25,2.2470039746080923,0.113,-0.25,0.01,0.88,False
0.2159674127412235,-0.5844290749729774,1.8891073415640154,0.113,-0.25,0.01,0.88,False
0.276187749323311,-0.9114271396920548,1.7647189114145354,0.113,-0.25,0.01,0.88,False
0.3118131040390469,-1.2314173280260874,1.7090023292013106,0.113,-0.25,0.01,0.88,False
0.3333036110020881,-1.5465691654687852,4.309074061595449,0.113,-0.25,0.01,0.88,False
0.113,-0.25,2.1402999806292953,0.113,-0.25,0.01,0.89,False
0.2179082430623835,-0.554045259681879,1.8123425400483018,0.113,-0.25,0.01,0.89,False
0.2823979805197837,-0.8519417435260814,1.6980806305311809,0.113,-0.25,0.01,0.89,False
0.3223711907011292,-1.1435092425942563,1.6466954138471463,0.113,-0.25,0.01,0.89,False
0.3475005040684232,-1.4305014805570797,3.8718475125534164,0.113,-0.25,0.01,0.89,False
0.113,-0.25,2.042208586229542,0.113,-0.25,0.01,0.9,False
0.219887666900275,-0.5242676753860923,1.745160524047854,0.113,-0.25,0.01,0.9,False
0.2889083120199553,-0.7936314913292636,1.6414776466929553,0.113,-0.25,0.01,0.9,False
0.3337404070689937,-1.057374063073233,1.5947245753504886,0.113,-0.25,0.01,0.9,False
0.3631485964136328,-1.3168362944402374,3.4776357149737716,0.113,-0.25,0.01,0.9,False
0.113,-0.25,1.9527034628237485,0.113,-0.25,0.01,0.91,False
0.2219048586051367,-0.4950764767784094,1.6871869198652822,0.113,-0.25,0.01,0.91,False
0.2957279135782034,-0.7364562811272245,1.5942956867244356,0.113,-0.25,0.01,0.91,False
0.345979965632035,-0.9729543730169828,1.5523333669570614,0.113,-0.25,0.01,0.91,False
0.3804106190259013,-1.2055028432745047,3.1277733899248754,0.113,-0.25,0.01,0.91,False
0.113,-0.25,1.8717222568486271,0.113,-0.25,0.01,0.92,False
0.2239589919825876,-0.4664526908202592,1.6379584417670245,0.113,-0.25,0.01,0.92,False
0.3028659631977961,-0.6803781383086314,1.5558080651704282,0.113,-0.25,0.01,0.92,False
0.3591526958713099,-0.8901977271257508,1.5186309213102884,0.113,-0.25,0.01,0.92,False
0.3994672981794551,-1.0964407488866272,2.8234392415387455,0.113,-0.25,0.01,0.92,False
0.113,-0.25,1.7991577852210174,0.113,-0.25,0.01,0.93,False
0.2260492411861608,-0.4383781696567551,1.5969364168093085,0.113,-0.25,0.01,0.93,False
0.3103316441288256,-0.6253611481884812,1.5252111788290428,0.113,-0.25,0.01,0.93,False
0.3733252914085318,-0.809056935630919,1.4926401111020302,0.113,-0.25,0.01,0.93,False
0.4205195491623312,-0.9896016972196808,2.5654765346535147,0.113,-0.25,0.01,0.93,False
0.113,-0.25,1.7348516337320155,0.113,-0.25,0.01,0.94,False
0.228174781567585,-0.4108355465423055,1.563533688945663,0.113,-0.25,0.01,0.94,False
0.3181341444887953,-0.571371397407017,1.5016776344643055,0.113,-0.25,0.01,0.94,False
0.3885686148964508,-0.7294904309192389,1.4733643993588075,0.113,-0.25,0.01,0.94,False
0.4437911553465808,-0.8849515852483248,2.3542263590693024,0.113,-0.25,0.01,0.94,False
0.113,-0.25,1.6785926645354825,0.113,-0.25,0.01,0.95,False
0.2303347904843226,-0.3838081945552593,1.5371600225527091,0.113,-0.25,0.01,0.95,False
0.3262826598170858,-0.5183769239284387,1.484433569519645,0.113,-0.25,0.01,0.95,False
0.4049580784139606,-0.6514627270662882,1.4598794331867477,0.113,-0.25,0.01,0.95,False
0.4695321117225861,-0.7824732342772732,2.1895543886311244,0.113,-0.25,0.01,0.95,False
0.113,-0.25,1.6534019340143637,0.113,-0.25,0.01,0.955,False
0.2314274643051377,-0.3704827420434238,1.5264412460104801,0.113,-0.25,0.01,0.955,False
0.3304895500913798,-0.4922434512013822,1.4779712310357465,0.113,-0.25,0.01,0.955,False
0.413607538219174,-0.613016635616522,1.4550722526882898,0.113,-0.25,0.01,0.955,False
0.4834149107432792,-0.7320485472611384,2.1246440270598868,0.113,-0.25,0.01,0.955,False
0.113,-0.25,1.6301239445699245,0.113,-0.25,0.01,0.96,False
0.2325284480642253,-0.3572801878984125,1.5172967749333426,0.113,-0.25,0.01,0.96,False
0.3347863989047501,-0.4663476754497396,1.4728803483029105,0.113,-0.25,0.01,0.96,False
0.4225741218304528,-0.5749449842801498,1.4514748396567752,0.113,-0.25,0.01,0.96,False
0.4980228827033333,-0.6821697810340268,2.071478269939497,0.113,-0.25,0.01,0.96,False
0.113,-0.25,1.608722740594323,0.113,-0.25,0.01,0.965,False
0.2336376398288811,-0.3441986449912618,1.5096939169984875,0.113,-0.25,0.01,0.965,False
0.3391743609810374,-0.4406861330637481,1.4691494157203948,0.113,-0.25,0.01,0.965,False
0.4318687689220915,-0.5372453184913871,1.4490756031200853,0.113,-0.25,0.01,0.965,False
0.5133967505237605,-0.6328411890196078,2.0304146787015784,0.113,-0.25,0.01,0.965,False
0.113,-0.25,1.5891631168348337,0.113,-0.25,0.01,0.97,False
0.2347549379274727,-0.3312362655988654,1.5036259460268007,0.113,-0.25,0.01,0.97,False
0.3436545932766241,-0.4152554760725065,1.4668171588915215,0.113,-0.25,0.01,0.97,False
0.4415028175276161,-0.4999156915271157,1.4479265243003683,0.113,-0.25,0.01,0.97,False
0.5295799219697835,-0.5840688675444216,2.0022283909608474,0.113,-0.25,0.01,0.97,False
0.113,-0.25,1.5714125685904083,0.113,-0.25,0.01,0.975,False
0.2358802409696928,-0.3183912403888985,1.49912399039606,0.113,-0.25,0.01,0.975,False
0.3482282555064054,-0.3900524715471416,1.4659978621756264,0.113,-0.25,0.01,0.975,False
0.4514880324584973,-0.4629546933223168,1.4481791718763004,0.113,-0.25,0.01,0.975,False
0.5466187668580986,-0.5358609388988962,1.9884010566233299,0.113,-0.25,0.01,0.975,False
0.113,-0.25,1.5554438860614994,0.113,-0.25,0.01,0.98,False
0.2370134478661724,-0.305661797435907,1.4962745212832145,0.113,-0.25,0.01,0.98,False
0.3528965107444814,-0.3650740011298066,1.4669221468711757,0.113,-0.25,0.01,0.98,False
0.4618366373486198,-0.4263614817140341,1.450146423368171,0.113,-0.25,0.01,0.98,False
0.5645629378306595,-0.4882277511535234,1.9915769623111825,0.113,-0.25,0.01,0.98,False
0.113,-0.25,1.5412385860124793,0.113,-0.25,0.01,0.985,False
0.2381544578474422,-0.2930462012674675,1.4952457396663847,0.113,-0.25,0.01,0.985,False
0.3576605261037661,-0.3403170606883177,1.4700048410159803,0.113,-0.25,0.01,0.985,False
0.4725613507939347,-0.3901358162350324,1.4544123525477222,0.113,-0.25,0.01,0.985,False
0.5834657424063918,-0.4411820950850101,2.016294514801769,0.113,-0.25,0.01,0.985,False
0.113,-0.25,1.5287914479371207,0.113,-0.25,0.01,0.99,False
0.2393031704822717,-0.2805427519393064,1.4963284102710754,0.113,-0.25,0.01,0.99,False
0.3625214734989898,-0.3157787600962434,1.4759619141245646,0.113,-0.25,0.01,0.99,False
0.4836754271154937,-0.3542780945759023,1.462036021862995,0.113,-0.25,0.01,0.99,False
0.6033845753861212,-0.3947394381769919,2.070183254932904,0.113,-0.25,0.01,0.99,False
0.113,-0.25,1.5232306266559108,0.113,-0.25,0.01,0.9925,False
0.2398803840068711,-0.2743325606011933,1.4978011439203653,0.113,-0.25,0.01,0.9925,False
0.3649886644540031,-0.3035907277268622,1.4803728144339494,0.113,-0.25,0.01,0.9925,False
0.4893827760156112,-0.3364875210524814,1.4676583620169439,0.113,-0.25,0.01,0.9925,False
0.6137441782582165,-0.3717498612339797,2.111764827240899,0.113,-0.25,0.01,0.9925,False
0.113,-0.25,1.5181165284903204,0.113,-0.25,0.01,0.995,False
0.2404594856953825,-0.2681497841383992,1.500000705547778,0.113,-0.25,0.01,0.995,False
0.367480530497846,-0.2914563231384774,1.4860196595227826,0.113,-0.25,0.01,0.995,False
0.4951927023404302,-0.3187893918299472,1.4749470760787107,0.113,-0.25,0.01,0.995,False
0.624381422286181,-0.3489181751125085,2.1659727336524424,0.113,-0.25,0.01,0.995,False
0.113,-0.25,1.5134552359400824,0.113,-0.25,0.01,0.9975,False
0.2410404630968187,-0.2619942196552108,1.5030333989598528,0.113,-0.25,0.01,0.9975,False
0.3699972198646675,-0.279375217107957,1.4931988163591263,0.113,-0.25,0.01,0.9975,False
0.5011070349922525,-0.3011839540515528,1.4844102242404642,0.113,-0.25,0.01,0.9975,False
0.635304869219981,-0.3262471801140452,2.2357635018309923,0.113,-0.25,0.01,0.9975,False
0.113,-10.05,1.4142135623733296,0.113,-10.05,0.01,1.0,False
0.1129994172634466,-10.050000098619131,1.4142135623737615,0.113,-10.05,0.01,1.0,False
0.1129988487288991,-10.05000026015052,1.4142135623743912,0.113,-10.05,0.01,1.0,False
0.1129983011573991,-10.05000048266459,1.414213562375189,0.113,-10.05,0.01,1.0,False
0.1129977810620771,-10.050000763517318,1.4142135623881993,0.113,-10.05,0.01,1.0,False
0.113,-10.05,1.4275624859265137,0.113,-10.05,0.01,1.01,False
0.112999390737465,-10.027991319077325,1.4277317187309402,0.113,-10.05,0.01,1.01,False
0.1129987690773903,-10.00584303100435,1.4277317830000378,0.113,-10.05,0.01,1.01,False
0.1129981424252996,-9.98369481293052,1.427731844450572,0.113,-10.05,0.01,1.01,False
0.1129975184902083,-9.9615466665568,1.616403618053853,0.113,-10.05,0.01,1.01,False
0.113,-10.05,1.4658776006245509,0.113,-10.05,0.01,1.02,False
0.112999364710228,-10.0064113696953,1.4665177671394063,0.113,-10.05,0.01,1.02,False
0.1129986886140777,-9.962548907480016,1.4665182408295112,0.113,-10.05,0.01,1.02,False
0.1129979779255075,-9.91868651933568,1.4665187234196915,0.113,-10.05,0.01,1.02,False
0.1129972397350505,-9.874824212064317,2.0984102998689917,0.113,-10.05,0.01,1.02,False
0.113,-10.05,1.5258980895490453,0.113,-10.05,0.01,1.03,False
0.1129993391733692,-9.985247838514406,1.5272418853527536,0.113,-10.05,0.01,1.03,False
0.1129986073542476,-9.920092828647997,1.5272431856684723,0.113,-10.05,0.01,1.03,False
0.1129978075632309,-9.85493789159544,1.5272445672505521,0.113,-10.05,0.01,1.03,False
0.1129969441215924,-9.789783039704473,2.702443142906963,0.113,-10.05,0.01,1.03,False
0.113,-10.05,1.6039504416292871,0.113,-10.05,0.01,1.04,False
0.112999314118636,-9.96448878797987,1.6061580799867448,0.113,-10.05,0.01,1.04,False
0.1129985253136452,-9.878450694485158,1.6061606651210896,0.113,-10.05,0.01,1.04,False
0.1129976312478218,-9.79241266683441,1.6061635142569692,0.113,-10.05,0.01,1.04,False
0.1129966309702,-9.70637472301953,3.3537768065256506,0.113,-10.05,0.01,1.04,False
0.113,-10.05,1.6964428297125478,0.113,-10.05,0.01,1.05,False
0.1129992895378877,-9.944122732490351,1.6996116584698566,0.113,-10.05,0.01,1.05,False
0.1129984425084212,-9.837599320257668,1.6996160060446794,0.113,-10.05,0.01,1.05,False
0.1129974488927861,-9.73107596080327,1.6996209602085783,0.113,-10.05,0.01,1.05,False
0.112996299597397,-9.624552677481018,4.021978506598856,0.113,-10.05,0.01,1.05,False
0.113,-10.05,1.8001682760161617,0.113,-10.05,0.01,1.06,False
0.112999265423098,-9.924138617210746,1.8043476502325586,0.113,-10.05,0.01,1.06,False
0.112998358955088,-9.797516393478212,1.8043542462254838,0.113,-10.05,0.01,1.06,False
0.1129972604157908,-9.670894202981028,1.8043619992137399,0.113,-10.05,0.01,1.06,False
0.1129959493166442,-9.544272073737815,4.69374658996677,0.113,-10.05,0.01,1.06,False
0.113,-10.05,1.9124266448216392,0.113,-10.05,0.01,1.07,False
0.11299924176635,-9.904525798065876,1.9176324072479316,0.113,-10.05,0.01,1.07,False
0.1129982746704689,-9.75818043326991,1.9176417424427368,0.113,-10.05,0.01,1.07,False
0.1129970657386565,-9.61183507530971,1.9176530396129798,0.113,-10.05,0.01,1.07,False
0.1129955794391086,-9.465489755722464,5.362693270536935,0.113,-10.05,0.01,1.07,False
0.113,-10.05,2.031026968129194,0.113,-10.05,0.01,1.08,False
0.1129992185598402,-9.885274022838423,2.0372530550642303,0.113,-10.05,0.01,1.08,False
0.1129981896716601,-9.719570751980356,2.037265625581894,0.113,-10.05,0.01,1.08,False
0.1129968647873494,-9.553867454324994,2.0372812640453883,0.113,-10.05,0.01,1.08,False
0.1129951892744263,-9.388164163299423,6.025515809570756,0.113,-10.05,0.01,1.08,False
0.113,-10.05,2.154230370029014,0.113,-10.05,0.01,1.09,False
0.1129991957958748,-9.866373413301655,2.161457168826049,0.113,-10.05,0.01,1.09,False
0.1129981039759859,-9.681667418903087,2.161473478300413,0.113,-10.05,0.01,1.09,False
0.1129966574919618,-9.496961356466898,2.1614943096224626,0.113,-10.05,0.01,1.09,False
0.1129947781314544,-9.312255259166031,6.680423662665227,0.113,-10.05,0.01,1.09,False
0.113,-10.05,2.280673639594728,0.113,-10.05,0.01,1.1,False
0.1129991734668715,-9.847814448320497,2.288873631886991,0.113,-10.05,0.01,1.1,False
0.112998017600965,-9.644451225971649,2.288894193952907,0.113,-10.05,0.01,1.1,False
0.1129964437866914,-9.441087886367344,2.288921127819998,0.113,-10.05,0.01,1.1,False
0.1129943453190136,-9.237724459734403,7.32642731999374,0.113,-10.05,0.01,1.1,False
0.113,-10.05,2.409294376780693,0.113,-10.05,0.01,1.11,False
0.1129991515653575,-9.829587947860738,2.4184357962867744,0.113,-10.05,0.01,1.11,False
0.1129979305642709,-9.60790365530248,2.41846113679564,0.113,-10.05,0.01,1.11,False
0.1129962236098077,-9.386219187927203,2.4184951448352674,0.113,-10.05,0.01,1.11,False
0.1129938901466129,-9.164534569744012,7.962988798093303,0.113,-10.05,0.01,1.11,False
0.113,-10.05,2.5392662409715467,0.113,-10.05,0.01,1.12,False
0.1129991300839691,-9.811685057850005,2.54931537828067,0.113,-10.05,0.01,1.12,False
0.1129978428836996,-9.572006848472162,2.5493460370616057,0.113,-10.05,0.01,1.12,False
0.1129959969036185,-9.332328398010027,2.549388156456807,0.113,-10.05,0.01,1.12,False
0.1129934119251626,-9.092649720372895,8.58983746197212,0.113,-10.05,0.01,1.12,False
0.113,-10.05,2.6699463021922436,0.113,-10.05,0.01,1.13,False
0.1129991090154529,-9.794097235837846,2.68086892385155,0.113,-10.05,0.01,1.13,False
0.1129977545771401,-9.536743577420609,2.680905456012966,0.113,-10.05,0.01,1.13,False
0.1129957636144322,-9.279389602588978,2.6809567927855857,0.113,-10.05,0.01,1.13,False
0.1129929099676741,-9.022035310629583,9.206867172165103,0.113,-10.05,0.01,1.13,False
0.113,-10.05,2.800833620684657,0.113,-10.05,0.01,1.14,False
0.1129990883526622,-9.77681623740608,2.812595822009785,0.113,-10.05,0.01,1.14,False
0.1129976656625395,-9.502097216881758,2.812638798849124,0.113,-10.05,0.01,1.14,False
0.1129955236925063,-9.227377795197995,2.8127005307966892,0.113,-10.05,0.01,1.14,False
0.1129923835899334,-8.952657951825914,9.814075996078905,0.113,-10.05,0.01,1.14,False
0.113,-10.05,2.931537217449882,0.113,-10.05,0.01,1.15,False
0.1129990680885591,-9.75983410328441,2.9441059184929848,0.113,-10.05,0.01,1.15,False
0.1129975761578818,-9.468051718248482,5.340738138070066,0.113,-10.05,0.01,1.15,False
0.113,-10.05,3.0617515048644464,0.113,-10.05,0.01,1.16,False
0.1129990482162123,-9.74314314712851,3.07509472375895,0.113,-10.05,0.01,1.16,False
0.1129974860811567,-9.434591584785668,5.626832373863644,0.113,-10.05,0.01,1.16,False
0.113,-10.05,3.1912374850928615,0.113,-10.05,0.01,1.17,False
0.1129990287287975,-9.726735943921264,3.2053244737563045,0.113,-10.05,0.01,1.17,False
0.1129973954503391,-9.401701848110603,5.909012707131116,0.113,-10.05,0.01,1.17,False
0.113,-10.05,3.319808346378042,0.113,-10.05,0.01,1.18,False
0.1129990096195947,-9.710605318960749,3.3346096420408737,0.113,-10.05,0.01,1.18,False
0.1129973042833632,-9.369368045866228,6.187226888366628,0.113,-10.05,0.01,1.18,False
0.113,-10.05,3.4473183921031048,0.113,-10.05,0.01,1.19,False
0.1129989908819914,-9.69474433740041,3.462805818187214,0.113,-10.05,0.01,1.19,False
0.1129972125981061,-9.337576200517333,6.46145434513386,0.113,-10.05,0.01,1.19,False
0.113,-10.05,3.573654491945966,0.113,-10.05,0.01,1.2,False
0.1129989725094757,-9.67914629430901,3.5898011292656458,0.113,-10.05,0.01,1.2,False
0.1129971204123624,-9.30631279920336,6.731697884620678,0.113,-10.05,0.01,1.2,False
0.113,-0.25,1.8932872611299896,0.113,-0.25,0.01,0.905,True
0.2241322969143812,-0.474716258806495,1.6810636139449893,0.113,-0.25,0.01,0.905,True
0.3007957726790933,-0.7146052533325801,1.592342446259932,0.113,-0.25,0.01,0.905,True
0.3530784629650895,-0.9532975996938144,1.5517206653359799,0.113,-0.25,0.01,0.905,True
0.3887805577194074,-1.189813722260468,3.054797010584645,0.113,-0.25,0.01,0.905,True
0.113,-0.25,2.196681057052652,0.113,-0.25,0.015,0.905,True
0.2180733585128674,-0.5716772824912798,1.9294104951937954,0.113,-0.25,0.015,0.905,True
0.2791666334807569,-0.9187897919441324,1.8102399477589586,0.113,-0.25,0.015,0.905,True
0.3141449072005783,-1.2649674155949633,1.756776168791968,0.113,-0.25,0.015,0.905,True
0.3344790415851315,-1.6093212062124036,4.468378472528083,0.113,-0.25,0.015,0.905,True
0.113,-0.25,2.5410872956332193,0.113,-0.25,0.02,0.905,True
0.2130963250328894,-0.6633885988735685,2.259962146350408,0.113,-0.25,0.02,0.905,True
0.2628275595665353,-1.114533342264774,2.1261375915263883,0.113,-0.25,0.02,0.905,True
0.2872332165032449,-1.5660129522035782,2.0688052921080713,0.113,-0.25,0.02,0.905,True
0.2997267147740808,-2.016720526587721,6.175949421409354,0.113,-0.25,0.02,0.905,True
0.113,-0.25,2.9098445981779366,0.113,-0.25,0.025,0.905,True
0.2089456814852057,-0.7507934134078551,2.6498413634978895,0.113,-0.25,0.025,0.905,True
0.2502207997382529,-1.3033172766458807,2.5158028445695013,0.113,-0.25,0.025,0.905,True
0.2679566037374609,-1.858268849185764,2.4622699143793865,0.113,-0.25,0.025,0.905,True
0.2762088547300661,-2.4140568697036957,8.045466212570082,0.113,-0.25,0.025,0.905,True
0.113,-0.25,3.2919677042394047,0.113,-0.25,0.03,0.905,True
0.2054452345609051,-0.8345302129616395,3.0796555263531085,0.113,-0.25,0.03,0.905,True
0.2403202576524216,-1.4861668528321883,2.9556956945051245,0.113,-0.25,0.03,0.905,True
0.2537122455606573,-2.143055121656864,2.9111148001998424,0.113,-0.25,0.03,0.905,True
0.2595161695371573,-2.8028607828844025,10.003108151690109,0.113,-0.25,0.03,0.905,True
0.113,-0.25,3.6803591333390493,0.113,-0.25,0.035,0.905,True
0.202466846516699,-0.9150665189806696,3.5353004136715387,0.113,-0.25,0.035,0.905,True
0.232423614854898,-1.6638405249192514,3.428355893511491,0.113,-0.25,0.035,0.905,True
0.2428919640469635,-2.421354207567048,3.3962309132313653,0.113,-0.25,0.035,0.905,True
0.2471816152988779,-3.1842629386822017,12.007090157414803,0.113,-0.25,0.035,0.905,True
0.113,-0.25,4.070414617088572,0.113,-0.25,0.04,0.905,True
0.1999140612559886,-0.9927622743572182,4.007065408281403,0.113,-0.25,0.04,0.905,True
0.2260371214393549,-1.8369233083644452,3.922020396636192,0.113,-0.25,0.04,0.905,True
0.2344696981420063,-2.693916346559921,3.904966685637848,0.113,-0.25,0.04,0.905,True
0.2377583765524456,-3.5591094983155145,14.0329737366906,0.113,-0.25,0.04,0.905,True
0.113,-0.25,4.459117603084476,0.113,-0.25,0.045,0.905,True
0.1977124574621457,-1.0679045033175665,4.488369439082743,0.113,-0.25,0.045,0.905,True
0.2208063599484755,-2.005879978752187,4.428970274423633,0.113,-0.25,0.045,0.905,True
0.2277721540699183,-2.961327574854882,4.4290708545984545,0.113,-0.25,0.045,0.905,True
0.2303600622181666,-3.92804781193607,16.06587054366146,0.113,-0.25,0.045,0.905,True
0.113,-0.25,4.844477619509386,0.113,-0.25,0.05,0.905,True
0.1958035225087758,-1.1407281395365945,4.974758134014385,0.113,-0.25,0.05,0.905,True
0.2164724875823661,-2.171088235394821,4.944119582389145,0.113,-0.25,0.05,0.905,True
0.2223459894061261,-3.224055222051491,4.963059224454417,0.113,-0.25,0.05,0.905,True
0.2244209159095777,-4.29158547959868,18.096318825441315,0.113,-0.25,0.05,0.905,True
0.113,-0.25,8.37139973024485,0.113,-0.25,0.1,0.905,True
0.185749614247116,-1.773741866344512,9.75654203075857,0.113,-0.25,0.1,0.905,True
0.1962424173775526,-3.6675993649820255,10.125376092573363,0.113,-0.25,0.1,0.905,True
0.1981249049537162,-5.653958929818924,10.371974455862242,0.113,-0.25,0.1,0.905,True
0.1985870611956001,-7.694450593225463,37.52718611049673,0.113,-0.25,0.1,0.905,True
0.113,-0.25,13.780544314979048,0.113,-0.25,0.2,0.905,True
0.1813234173176554,-2.730229981977212,18.171631273368344,0.113,-0.25,0.2,0.905,True
0.187556235664184,-6.127903162795072,19.554027723353425,0.113,-0.25,0.2,0.905,True
0.1885857467759576,-9.80583727615864,20.312793033873263,0.113,-0.25,0.2,0.905,True
0.1891060870533474,-13.637781853170324,70.81589216275026,0.113,-0.25,0.2,0.905,True
0.113,-0.25,17.839902167067077,0.113,-0.25,0.3,0.905,True
0.1807284004616676,-3.4598783516522,25.29884153669384,0.113,-0.25,0.3,0.905,True
0.1859360689513333,-8.15637048370522,27.77091651497402,0.113,-0.25,0.3,0.905,True
0.1872855475741632,-13.35069450920574,29.110225353691877,0.113,-0.25,0.3,0.905,True
0.1880939127422503,-18.819677357643823,98.74046675959221,0.113,-0.25,0.3,0.905,True
0.113,-0.25,21.11414183347801,0.113,-0.25,0.4,0.905,True
0.1806943116926452,-4.053089806012911,31.49763216500848,0.113,-0.25,0.4,0.905,True
0.1857480078187711,-9.897716447832002,35.101637884571666,0.113,-0.25,0.4,0.905,True
0.1875093485287719,-16.474237547809057,37.07059611145164,0.113,-0.25,0.4,0.905,True
0.1885980460332243,-23.460581390376568,123.08103113913452,0.113,-0.25,0.4,0.905,True
0.113,-0.25,23.87165427217317,0.113,-0.25,0.5,0.905,True
0.1807077858559898,-4.553054412828962,37.00484555510251,0.113,-0.25,0.5,0.905,True
0.1859228840847192,-11.427990342142577,41.762534835085404,0.113,-0.25,0.5,0.905,True
0.1880756088894572,-19.277978714437356,44.392847057281514,0.113,-0.25,0.5,0.905,True
0.1894275142778582,-27.682927967377744,144.83040412924382,0.113,-0.25,0.5,0.905,True
0.113,-0.25,26.259888715128888,0.113,-0.25,0.6,0.905,True
0.1806721558320253,-4.984656654556091,41.97654221967306,0.113,-0.25,0.6,0.905,True
0.186159873973579,-12.7944877852548,47.89505033608814,0.113,-0.25,0.6,0.905,True
0.1886687422061507,-21.82682487332828,51.20757983704002,0.113,-0.25,0.6,0.905,True
0.1902648565244669,-31.566101801788317,164.60116615708026,0.113,-0.25,0.6,0.905,True
0.113,-0.25,28.369463887009996,0.113,-0.25,0.7,0.905,True
0.1805759588226059,-5.363793395645616,46.52013713899969,0.113,-0.25,0.7,0.905,True
0.1863628636821676,-14.029334767827162,53.59732262729122,0.113,-0.25,0.7,0.905,True
0.1891917643234087,-24.1659540941695,57.605948664362984,0.113,-0.25,0.7,0.905,True
0.1910127891394384,-35.166100761938026,182.80270921862015,0.113,-0.25,0.7,0.905,True
0.113,-0.25,30.260549735372358,0.113,-0.25,0.8,0.905,True
0.1804265052431279,-5.701324672810269,50.71277158955155,0.113,-0.25,0.8,0.905,True
0.186502474224881,-15.155628180852718,58.94081829235305,0.113,-0.25,0.8,0.905,True
0.1896171616858539,-26.328578802542005,63.654727150684764,0.113,-0.25,0.8,0.905,True
0.191644213177877,-38.52461774701835,199.7245188898436,0.113,-0.25,0.8,0.905,True
0.113,-0.25,31.97536289636747,0.113,-0.25,0.9,0.905,True
0.1802340989205695,-6.00503277226296,54.611839307797716,0.113,-0.25,0.9,0.905,True
0.1865733862033428,-16.19065779993366,63.97953620197086,0.113,-0.25,0.9,0.905,True
0.1899421249747654,-28.340075039402137,69.40466373980583,0.113,-0.25,0.9,0.905,True
0.1921570902437795,-41.67389410547844,215.57999826207092,0.113,-0.25,0.9,0.905,True
0.113,-0.25,33.5447670759609,0.113,-0.25,1.0,0.905,True
0.1800081583994452,-6.280699558268959,58.26128920981575,0.113,-0.25,1.0,0.905,True
0.1865791697422463,-17.14776730520185,68.75546550545806,0.113,-0.25,1.0,0.905,True
0.190172829238181,-30.2203997761619,74.89544821652238,0.113,-0.25,1.0,0.905,True
0.1925585371813413,-44.63957615417027,230.531586793851,0.113,-0.25,1.0,0.905,True
0.113,-0.25,3.821036487343442,0.113,-0.25,0.01,0.75,True
0.1999994469568027,-0.9385221864862656,3.476098450227466,0.113,-0.25,0.01,0.75,True
0.2286701915916794,-1.6605898326311634,3.3322681722930447,0.113,-0.25,0.01,0.75,True
0.2389744924742986,-2.380602956934795,3.279784149755015,0.113,-0.25,0.01,0.75,True
0.2433147176701683,-3.100283447328631,11.85141053351072,0.113,-0.25,0.01,0.75,True
0.113,-0.25,3.6434846819627147,0.113,-0.25,0.01,0.76,True
0.2013466189304874,-0.9033691426992612,3.2940526225498945,0.113,-0.25,0.01,0.76,True
0.2319556470759332,-1.5888483661114523,3.148087629934798,0.113,-0.25,0.01,0.76,True
0.243343408801207,-2.2720364219361366,3.0932606463287327,0.113,-0.25,0.01,0.76,True
0.2482349751036084,-2.954530671600637,11.043102811731139,0.113,-0.25,0.01,0.76,True
0.113,-0.25,3.4735563797255815,0.113,-0.25,0.01,0.77,True
0.2027264116414159,-0.8690621580459789,3.1212386176128373,0.113,-0.25,0.01,0.77,True
0.2354044710639675,-1.5188537378679114,2.9737389888979937,0.113,-0.25,0.01,0.77,True
0.2480059999177555,-2.1661679896406354,2.916899753168021,0.113,-0.25,0.01,0.77,True
0.2535312296761997,-2.8124617761809114,10.267461644967982,0.113,-0.25,0.01,0.77,True
0.113,-0.25,3.3111644083637835,0.113,-0.25,0.01,0.78,True
0.2041379903515325,-0.8355690717434946,2.957647985914588,0.113,-0.25,0.01,0.78,True
0.2390222724288573,-1.4505360280614472,2.8092665892694915,0.113,-0.25,0.01,0.78,True
0.2529837605215942,-2.062887429782539,2.7507626933664473,0.113,-0.25,0.01,0.78,True
0.259240203306461,-2.6739265167684523,9.524281384014829,0.113,-0.25,0.01,0.78,True
0.113,-0.25,3.1562313151905452,0.113,-0.25,0.01,0.79,True
0.2055805238178986,-0.8028593573445015,2.80328009759092,0.113,-0.25,0.01,0.79,True
0.242814692424827,-1.3838289530339538,2.654729166660609,0.113,-0.25,0.01,0.79,True
0.2582996754258725,-1.9620901152233,2.5949308115287004,0.113,-0.25,0.01,0.79,True
0.2654028360867036,-2.538781972070769,8.813453678991394,0.113,-0.25,0.01,0.79,True
0.113,-0.25,3.0086889358268274,0.113,-0.25,0.01,0.8,True
0.2070531850366795,-0.7709040203333102,2.6581385404056075,0.113,-0.25,0.01,0.8,True
0.246787391263309,-1.318669651832279,2.510193419932252,0.113,-0.25,0.01,0.8,True
0.2639782660708915,-1.8636767378723824,2.4494992374681384,0.113,-0.25,0.01,0.8,True
0.2720647031552592,-2.4068921913247454,8.134972124198805,0.113,-0.25,0.01,0.8,True
0.113,-0.25,2.8684777292746464,0.113,-0.25,0.01,0.81,True
0.2085551519632481,-0.7396755033007014,2.522226671800016,0.113,-0.25,0.01,0.81,True
0.2509460351639494,-1.2549984892102066,2.3757256061151484,0.113,-0.25,0.01,0.81,True
0.2700456348666124,-1.7675530564052897,2.314567622978409,0.113,-0.25,0.01,0.81,True
0.2792764598157413,-2.2781279001036028,7.488936476234563,0.113,-0.25,0.01,0.81,True
0.113,-0.25,2.735545808594338,0.113,-0.25,0.01,0.82,True
0.2100856082040033,-0.7091475980535448,2.3955421899990808,0.113,-0.25,0.01,0.82,True
0.2552962839691304,-1.1927588737901489,2.251380977330197,0.113,-0.25,0.01,0.82,True
0.2765295076272747,-1.673629674749226,2.1902275032231775,0.113,-0.25,0.01,0.82,True
0.2870943161227636,-2.152366266881496,6.8755563019019625,0.113,-0.25,0.01,0.82,True
0.113,-0.25,2.6098475905499,0.113,-0.25,0.01,0.83,True
0.2116437436765244,-0.6792953640768686,2.278070637400839,0.113,-0.25,0.01,0.83,True
0.2598437794087088,-1.1318970901978642,2.1371910471825597,0.113,-0.25,0.01,0.83,True
0.2834592745579679,-1.5818218506762705,2.076546091146242,0.113,-0.25,0.01,0.83,True
0.2955805427084215,-2.0294907343055404,6.295153882811289,0.113,-0.25,0.01,0.83,True
0.113,-0.25,2.491341986284497,0.113,-0.25,0.01,0.84,True
0.2132287552354848,-0.6500950528209559,2.1697778418906775,0.113,-0.25,0.01,0.84,True
0.2645941340996929,-1.0723621441003146,2.033148958484746,0.113,-0.25,0.01,0.84,True
0.2908660304912124,-1.4920493342116925,1.9735467729601166,0.113,-0.25,0.01,0.84,True
0.3048040104889057,-1.9093909208353903,5.748166086866743,0.113,-0.25,0.01,0.84,True
0.113,-0.25,2.3799900616412306,0.113,-0.25,0.01,0.85,True
0.2148398472625303,-0.6215240373354083,2.0706014476345387,0.113,-0.25,0.01,0.85,True
0.2695529213637557,-1.014105619181791,1.9391936256302298,0.113,-0.25,0.01,0.85,True
0.2987826153563261,-1.404236235936859,1.881187250914156,0.113,-0.25,0.01,0.85,True
0.3148407681783572,-1.7919626004084537,5.235144628115192,0.113,-0.25,0.01,0.85,True
0.113,-0.25,2.2757521143366395,0.113,-0.25,0.01,0.86,True
0.2164762322188798,-0.5935607468161842,1.9804418881143995,0.113,-0.25,0.01,0.86,True
0.2747256659437787,-0.9570815451868352,1.8551938133743398,0.113,-0.25,0.01,0.86,True
0.307243656203693,-1.3183109256447592,1.7993371213500922,0.113,-0.25,0.01,0.86,True
0.3257746633950247,-1.6771077701352188,4.756753548112436,0.113,-0.25,0.01,0.86,True
0.113,-0.25,2.1785841507379193,0.113,-0.25,0.01,0.87,True
0.2181371311600055,-0.5661846056713751,1.8991533993411587,0.113,-0.25,0.01,0.87,True
0.2801178356993397,-0.9012462762427436,1.7809338093209686,0.113,-0.25,0.01,0.87,True
0.316285612510568,-1.2342059621951156,1.727757523635533,0.113,-0.25,0.01,0.87,True
0.3376980157674271,-1.5647348187888184,4.313761700395708,0.113,-0.25,0.01,0.87,True
0.113,-0.25,2.088433802630494,0.113,-0.25,0.01,0.88,True
0.219821774212134,-0.5393759767470381,1.8265359320903816,0.113,-0.25,0.01,0.88,True
0.2857348343600506,-0.8465583787495792,1.716102722616097,0.113,-0.25,0.01,0.88,True
0.3259468269770426,-1.151858055817423,1.6660860908688868,0.113,-0.25,0.01,0.88,True
0.350712354091493,-1.4547588120935744,3.9070263618560954,0.113,-0.25,0.01,0.88,True
0.113,-0.25,2.0052358086203763,0.113,-0.25,0.01,0.89,True
0.2215294010107254,-0.5131161083864659,1.7623290559137306,0.113,-0.25,0.01,0.89,True
0.291581995415317,-0.7929785281931777,1.6602895540829623,0.113,-0.25,0.01,0.89,True
0.3362675845964389,-1.0712080645248878,1.6138304889056974,0.113,-0.25,0.01,0.89,True
0.3649292345926012,-1.3471019145985832,3.537461891696674,0.113,-0.25,0.01,0.89,True
0.113,-0.25,1.9289072985643267,0.113,-0.25,0.01,0.9,True
0.2232592611013872,-0.4873870850251922,1.7062091106797777,0.113,-0.25,0.01,0.9,True
0.2976645772192958,-0.7404694142974546,1.6129859451313777,0.113,-0.25,0.01,0.9,True
0.3472901834727402,-0.9922010267302512,1.5703731744879033,0.113,-0.25,0.01,0.9,True
0.3804711641575435,-1.241693972290227,3.2059853213419918,0.113,-0.25,0.01,0.9,True
0.113,-0.25,1.8593432630286668,0.113,-0.25,0.01,0.91,True
0.2250106143039134,-0.4621717810500425,1.657790935985908,0.113,-0.25,0.01,0.91,True
0.3039877593907434,-0.6889956539867432,1.5735979797645094,0.113,-0.25,0.01,0.91,True
0.3590590216829718,-0.9147862325928096,1.5349887518185514,0.113,-0.25,0.01,0.91,True
0.3974726616167119,-1.1384732850595536,2.9134311223463425,0.113,-0.25,0.01,0.91,True
0.113,-0.25,1.7964127613536867,0.113,-0.25,0.01,0.92,True
0.2267827310403888,-0.4374538176740818,1.6166355455418024,0.113,-0.25,0.01,0.92,True
0.3105566405893241,-0.6385237116779545,1.5414678667495088,0.113,-0.25,0.01,0.92,True
0.3716207054746162,-0.8389173370703493,1.506873978960273,0.113,-0.25,0.01,0.92,True
0.4160815025690153,-1.0373876036406895,2.660435221746154,0.113,-0.25,0.01,0.92,True
0.113,-0.25,1.739956619938724,0.113,-0.25,0.01,0.93,True
0.2285748926284294,-0.4132175226005377,1.582265286373781,0.113,-0.25,0.01,0.93,True
0.3173762377525675,-0.5890218264664173,1.515906336634835,0.113,-0.25,0.01,0.93,True
0.3850241852835264,-0.7645525180910644,1.4851900202864428,0.113,-0.25,0.01,0.93,True
0.4364602099052966,-0.938395391504362,2.447312609793208,0.113,-0.25,0.01,0.93,True
0.113,-0.25,1.689787602503954,0.113,-0.25,0.01,0.94,True
0.2303863915407674,-0.3894478922680951,1.5541887082900587,0.113,-0.25,0.01,0.94,True
0.3244514868814496,-0.5404599458088791,1.4962381233770703,0.113,-0.25,0.01,0.94,True
0.3993209275021304,-0.6916546836864285,1.4691184273596076,0.113,-0.25,0.01,0.94,True
0.4587878745044114,-0.8414673980708869,2.2740061508909246,0.113,-0.25,0.01,0.94,True
0.113,-0.25,1.645694321909305,0.113,-0.25,0.01,0.95,True
0.2322165316325103,-0.3661305564872793,1.5319393040054785,0.113,-0.25,0.01,0.95,True
0.3317872454674749,-0.4928096653425789,1.481867759319989,0.113,-0.25,0.01,0.95,True
0.414565131676667,-0.6201917323167533,1.4579392046756119,0.113,-0.25,0.01,0.95,True
0.4832624204149686,-0.746588594845661,2.1402811819823957,0.113,-0.25,0.01,0.95,True
0.113,-0.25,1.6258555717610474,0.113,-0.25,0.01,0.955,True
0.2331383777366666,-0.3546371733570467,1.5228752244691373,0.113,-0.25,0.01,0.955,True
0.3355543132937781,-0.4693179359968974,1.4765295326165377,0.113,-0.25,0.01,0.955,True
0.4225602828407143,-0.5849897476253821,1.454015421079413,0.113,-0.25,0.01,0.955,True
0.496372464168624,-0.699917401876664,2.088311060847501,0.113,-0.25,0.01,0.955,True
0.113,-0.25,1.6074505751945274,0.113,-0.25,0.01,0.96,True
0.2340646283374397,-0.3432517452935449,1.5151369511962196,0.113,-0.25,0.01,0.96,True
0.3393882966601245,-0.4460441745113629,1.4723851224321178,0.113,-0.25,0.01,0.96,True
0.4308140049342719,-0.5501368709504467,1.4511575719207397,0.113,-0.25,0.01,0.96,True
0.5101034686688035,-0.6537605295593119,2.0465067170569373,0.113,-0.25,0.01,0.96,True
0.113,-0.25,1.59045153817436,0.113,-0.25,0.01,0.965,True
0.2349951997005776,-0.3319726397360206,1.50870731571668,0.113,-0.25,0.01,0.965,True
0.343289782830616,-0.4229852705821963,1.4694437378641305,0.113,-0.25,0.01,0.965,True
0.4393339754996301,-0.5156306450491673,1.4493793165325892,0.113,-0.25,0.01,0.965,True
0.5244868778588406,-0.6081212250854844,2.015336909546006,0.113,-0.25,0.01,0.965,True
0.113,-0.25,1.5748324603997066,0.113,-0.25,0.01,0.97,True
0.2359300088347994,-0.3207982578569897,1.5035915811511664,0.113,-0.25,0.01,0.97,True
0.3472593552810893,-0.400138207698174,1.4677603842518379,0.113,-0.25,0.01,0.97,True
0.4481281080209869,-0.4814689956877656,1.4487545057987916,0.113,-0.25,0.01,0.97,True
0.539556006969032,-0.5630041532776271,1.995688143097621,0.113,-0.25,0.01,0.97,True
0.113,-0.25,1.560570364261075,0.113,-0.25,0.01,0.975,True
0.2368689734954957,-0.3097270336929295,1.4998265030947453,0.113,-0.25,0.01,0.975,True
0.3512975939962547,-0.3775000618955534,1.4674573062349576,0.113,-0.25,0.01,0.975,True
0.4572045679229519,-0.4476502472983659,1.4494494809694218,0.113,-0.25,0.01,0.975,True
0.5553462216698485,-0.5184155140707564,1.9891127653010467,0.113,-0.25,0.01,0.975,True
0.113,-0.25,1.5476468432465174,0.113,-0.25,0.01,0.98,True
0.2378120121880216,-0.2987574333016657,1.4974933102758854,0.113,-0.25,0.01,0.98,True
0.3554050758004645,-0.3550680005888757,1.4687576600666887,0.113,-0.25,0.01,0.98,True
0.4665717904737221,-0.4141731397997168,1.4517770957487786,0.113,-0.25,0.01,0.98,True
0.5718951431517559,-0.4743631688052033,1.9982094949941835,0.113,-0.25,0.01,0.98,True
0.113,-0.25,1.5360500126204644,0.113,-0.25,0.01,0.985,True
0.2387590441706091,-0.2878879539455196,1.4967366909660247,0.113,-0.25,0.01,0.985,True
0.3595823747232291,-0.3328392814758942,1.4720399061159435,0.113,-0.25,0.01,0.985,True
0.4762385008048188,-0.3810368466146189,1.4562901363269705,0.113,-0.25,0.01,0.985,True
0.5892428832225429,-0.4308567752404829,2.027216221356453,0.113,-0.25,0.01,0.985,True
0.113,-0.25,1.5257769724714292,0.113,-0.25,0.01,0.99,True
0.2397099894568818,-0.2771171232992968,1.4977931457711375,0.113,-0.25,0.01,0.99,True
0.3638300624005909,-0.3108112515148987,1.477928324138553,0.113,-0.25,0.01,0.99,True
0.486213736281381,-0.3482409939136228,1.4639488059685033,0.113,-0.25,0.01,0.99,True
0.6074323141420254,-0.3879079309629319,2.0829508457121,0.113,-0.25,0.01,0.99,True
0.113,-0.25,1.521139176335614,0.113,-0.25,0.01,0.9925,True
0.2401869048002489,-0.2717682492672045,1.499110491319328,0.113,-0.25,0.01,0.9925,True
0.3659804801111778,-0.2998716900623518,1.48214832812458,0.113,-0.25,0.01,0.9925,True
0.4913199665914392,-0.3319707447389223,1.4694411373200584,0.113,-0.25,0.01,0.9925,True
0.6168568914324188,-0.3666467815301977,2.1240351089937817,0.113,-0.25,0.01,0.9925,True
0.113,-0.25,1.5168369303900577,0.113,-0.25,0.01,0.995,True
0.2406647688180167,-0.2664434986822306,1.5010342331123772,0.113,-0.25,0.01,0.995,True
0.3681487085136296,-0.2889813459727978,1.4874485896454526,0.113,-0.25,0.01,0.995,True
0.4965068714815125,-0.3157856811102777,1.4764333426455418,0.113,-0.25,0.01,0.995,True
0.6265093786352502,-0.3455303245469531,2.1763399692394976,0.113,-0.25,0.01,0.995,True
0.113,-0.25,1.5128739295317155,0.113,-0.25,0.01,0.9975,True
0.2411435717252432,-0.2611426957190074,1.503642927021826,0.113,-0.25,0.01,0.9975,True
0.3703348185908461,-0.2781399123080013,1.4940651044864472,0.113,-0.25,0.01,0.9975,True
0.5017756800354993,-0.299685892969638,1.4853469356962659,0.113,-0.25,0.01,0.9975,True
0.6363960568106931,-0.3245606237073604,2.2422915902253457,0.113,-0.25,0.01,0.9975,True
0.113,-10.05,1.4142135623733296,0.113,-10.05,0.01,1.0,True
0.1129994172634466,-10.050000098619131,1.4142135623737615,0.113,-10.05,0.01,1.0,True
0.1129988487288991,-10.05000026015052,1.4142135623743912,0.113,-10.05,0.01,1.0,True
0.1129983011573991,-10.05000048266459,1.414213562375189,0.113,-10.05,0.01,1.0,True
0.1129977810620771,-10.050000763517318,1.4142135623881993,0.113,-10.05,0.01,1.0,True
0.113,-10.05,1.4241385271849514,0.113,-10.05,0.01,1.01,True
0.1129993942713968,-10.031034094565726,1.4260521375642705,0.113,-10.05,0.01,1.01,True
0.1129987770168256,-10.0103134719926,1.4264319285626141,0.113,-10.05,0.01,1.01,True
0.1129981557804433,-9.989261814384951,1.4266312954813452,0.113,-10.05,0.01,1.01,True
0.1129975381117649,-9.968038473117804,1.5893763226239266,0.113,-10.05,0.01,1.01,True
0.113,-10.05,1.4527551812133865,0.113,-10.05,0.01,1.02,True
0.1129993716701469,-10.012437680556165,1.4600946761791282,0.113,-10.05,0.01,1.02,True
0.1129987046697345,-9.971402435522268,1.4615490089101897,0.113,-10.05,0.01,1.02,True
0.1129980056071603,-9.929711614469644,1.462312168594939,0.113,-10.05,0.01,1.02,True
0.1129972813780502,-9.88768075344841,2.015812184425869,0.113,-10.05,0.01,1.02,True
0.113,-10.05,1.497946986826607,0.113,-10.05,0.01,1.03,True
0.1129993494523866,-9.994200157955776,1.5136020942459505,0.113,-10.05,0.01,1.03,True
0.1129986317020127,-9.933244625587582,1.5166960146988733,0.113,-10.05,0.01,1.03,True
0.1129978505812194,-9.871315337951296,1.5183184976623925,0.113,-10.05,0.01,1.03,True
0.1129970103668598,-9.808880939807612,2.559947624184537,0.113,-10.05,0.01,1.03,True
0.113,-10.05,1.557323486977933,0.113,-10.05,0.01,1.04,True
0.1129993276109457,-9.976311237100328,1.5834840137395056,0.113,-10.05,0.01,1.04,True
0.1129985581282519,-9.8958183807405,1.5886377251539983,0.113,-10.05,0.01,1.04,True
0.1129976906497797,-9.814039765802614,1.5913382978910973,0.113,-10.05,0.01,1.04,True
0.1129967245843654,-9.731594159495378,3.1528053815689274,0.113,-10.05,0.01,1.04,True
0.113,-10.05,1.6284786261443496,0.113,-10.05,0.01,1.05,True
0.1129993061387922,-9.958761017939375,1.666680103805831,0.113,-10.05,0.01,1.05,True
0.1129984839632154,-9.85910286223276,1.6741809306469666,0.113,-10.05,0.01,1.05,True
0.1129975257634617,-9.7578529419244,1.6781082928106754,0.113,-10.05,0.01,1.05,True
0.1129964235375547,-9.655777246610102,3.764542380734892,0.113,-10.05,0.01,1.05,True
0.113,-10.05,1.709173040983455,0.113,-10.05,0.01,1.06,True
0.1129992850290289,-9.941539971769432,1.7604088403071851,0.113,-10.05,0.01,1.06,True
0.1129984092218037,-9.823078015326278,1.7704367029678991,0.113,-10.05,0.01,1.06,True
0.1129973558763074,-9.702724113693623,1.7756832885313938,0.113,-10.05,0.01,1.06,True
0.1129961067347762,-9.581388661661231,4.381646072922204,0.113,-10.05,0.01,1.06,True
0.113,-10.05,1.7974321909989854,0.113,-10.05,0.01,1.07,True
0.1129992642748905,-9.92463892398466,1.8622822271135016,0.113,-10.05,0.01,1.07,True
0.1129983339190238,-9.787724532766378,1.8749373886149907,0.113,-10.05,0.01,1.07,True
0.1129971809457377,-9.648623675838335,1.8815542039783164,0.113,-10.05,0.01,1.07,True
0.1129957736862786,-9.508388415682974,4.997478466395725,0.113,-10.05,0.01,1.07,True
0.113,-10.05,1.8915781253070185,0.113,-10.05,0.01,1.08,True
0.1129992438697439,-9.908049037780904,1.970324968474974,0.113,-10.05,0.01,1.08,True
0.1129982580699637,-9.753023820278097,1.9856520516709586,0.113,-10.05,0.01,1.08,True
0.1129970009325103,-9.595523117424424,1.9936613891331605,0.113,-10.05,0.01,1.08,True
0.1129954239047349,-9.436737998557598,5.608544967631223,0.113,-10.05,0.01,1.08,True
0.113,-10.05,1.990219548997814,0.113,-10.05,0.01,1.09,True
0.1129992238070829,-9.891761798754382,2.0829409134539043,0.113,-10.05,0.01,1.09,True
0.112998181689762,-9.718957963956374,2.100947338890151,0.113,-10.05,0.01,1.09,True
0.1129968158006666,-9.543394971755,2.110352449437787,0.113,-10.05,0.01,1.09,True
0.1129950569057453,-9.366400311278454,6.212915684494698,0.113,-10.05,0.01,1.09,True
0.113,-10.05,2.0922209170572663,0.113,-10.05,0.01,1.1,True
0.1129992040805269,-9.87576900037242,2.1988581024197384,0.113,-10.05,0.01,1.1,True
0.1129981047935856,-9.685509699429822,2.2195272780200237,0.113,-10.05,0.01,1.1,True
0.1129966255174806,-9.49221276899686,2.2303192349363554,0.113,-10.05,0.01,1.1,True
0.1129946722083275,-9.297339601902578,6.809498436258464,0.113,-10.05,0.01,1.1,True
0.113,-10.05,2.196664300218628,0.113,-10.05,0.01,1.11,True
0.1129991846838202,-9.860062730594246,2.3170705687253226,0.113,-10.05,0.01,1.11,True
0.1129980273966062,-9.652662382686346,2.3403709208666355,0.113,-10.05,0.01,1.11,True
0.112996430053404,-9.441950991363516,2.35253328592326,0.113,-10.05,0.01,1.11,True
0.1129942693353932,-9.229521404960538,7.397677102091954,0.113,-10.05,0.01,1.11,True
0.113,-10.05,2.30281166717513,0.113,-10.05,0.01,1.12,True
0.1129991656108306,-9.844635362851882,2.4367854992805222,0.113,-10.05,0.01,1.12,True
0.112997949513978,-9.620399962441686,2.4626764589617136,0.113,-10.05,0.01,1.12,True
0.1129962293820054,-9.392585030693589,2.476188369827112,0.113,-10.05,0.01,1.12,True
0.1129938478141982,-9.16291248410711,7.9771194123693165,0.113,-10.05,0.01,1.12,True
0.113,-10.05,2.4100709097766253,0.113,-10.05,0.01,1.13,True
0.112999146855583,-9.829479582379482,2.5573789779367915,0.113,-10.05,0.01,1.13,True
0.1129978711608156,-9.588706952615038,2.5858145747425256,0.113,-10.05,0.01,1.13,True
0.1129960234799122,-9.344091148309293,2.600652761336831,0.113,-10.05,0.01,1.13,True
0.1129934071767834,-9.097480777812976,8.547668931544141,0.113,-10.05,0.01,1.13,True
0.113,-10.05,2.517964642978923,0.113,-10.05,0.01,1.14,True
0.1129991284125737,-9.814588734526222,2.6783635316995715,0.113,-10.05,0.01,1.14,True
0.112997792351903,-9.557568292678392,2.70928994527798,0.113,-10.05,0.01,1.14,True
0.1129958123268521,-9.29644646034747,2.7254312811911676,0.113,-10.05,0.01,1.14,True
0.1129929469603585,-9.03319534337397,9.109281469852492,0.113,-10.05,0.01,1.14,True
0.113,-10.05,2.626082267503209,0.113,-10.05,0.01,1.15,True
0.1129991102796954,-9.799960066872895,2.7994544092142766,0.113,-10.05,0.01,1.15,True
0.1129977130792362,-9.526960204675715,4.83998578505128,0.113,-10.05,0.01,1.15,True
0.113,-10.05,2.7338426108125664,0.113,-10.05,0.01,1.16,True
0.1129990924844795,-9.785623294516135,2.926096492866062,0.113,-10.05,0.01,1.16,True
0.1129976315605489,-9.496163150384117,5.101262519858153,0.113,-10.05,0.01,1.16,True
0.113,-10.05,2.838588909218155,0.113,-10.05,0.01,1.17,True
0.112999075312961,-9.771884814342313,3.4638960959158234,0.113,-10.05,0.01,1.17,True
0.112997414446209,-9.414581074743616,5.798410314326916,0.113,-10.05,0.01,1.17,True
0.113,-10.05,2.919714312632415,0.113,-10.05,0.01,1.18,True
0.1129990612778054,-9.761360245004743,34.72266583354492,0.113,-10.05,0.01,1.18,True
0.1132707470000493,-5.8315561851188855,37.26892466504855,0.113,-10.05,0.01,1.18,True
0.113,-10.05,2.8112074870508486,0.113,-10.05,0.01,1.19,True
0.1129990737008842,-9.775459057094126,2.8112074870508486,0.113,-10.05,0.01,1.19,True
0.113,-10.05,1.5275198603454225,0.113,-10.05,0.01,1.2,True
0.1129994544240543,-9.984761346612531,1.5275198603454225,0.113,-10.05,0.01,1.2,True
0.15,-0.287,1.8738813761818804,0.15,-0.287,0.01,0.905,False
0.2518914427390988,-0.5458648755566554,1.6676721009719395,0.15,-0.287,0.01,0.905,False
0.3193584370349624,-0.8003825152196328,1.590602048125035,0.15,-0.287,0.01,0.905,False
0.3642681987702005,-1.0497793167543197,1.5546435127539833,0.15,-0.287,0.01,0.905,False
0.3944181470872108,-1.2952060398500658,3.1252423575805026,0.15,-0.287,0.01,0.905,False
0.15,-0.287,2.2245979097814046,0.15,-0.287,0.015,0.905,False
0.2449084614998609,-0.6693249435753698,1.9299170202147526,0.15,-0.287,0.015,0.905,False
0.2962362564366518,-1.0433431614092006,1.822035818768475,0.15,-0.287,0.015,0.905,False
0.3245304718617405,-1.409587403981946,1.7731755155707905,0.15,-0.287,0.015,0.905,False
0.3406281424284364,-1.7708290731069964,4.705895279894043,0.15,-0.287,0.015,0.905,False
0.15,-0.287,2.643468090063254,0.15,-0.287,0.02,0.905,False
0.2391214491823435,-0.7910788003865235,2.2869014014876985,0.15,-0.287,0.02,0.905,False
0.2789457318529188,-1.2835114029532293,2.1597846482155143,0.15,-0.287,0.02,0.905,False
0.2975838445148306,-1.766114645899076,2.1044404705156947,0.15,-0.287,0.02,0.905,False
0.3069471365487956,-2.2431815103044217,6.61142572078376,0.15,-0.287,0.02,0.905,False
0.15,-0.287,3.1080444625385466,0.15,-0.287,0.025,0.905,False
0.2343152780010234,-0.9112470334512964,2.713432746954128,0.15,-0.287,0.025,0.905,False
0.2658654724361685,-1.521282259992305,2.5766452798503687,0.15,-0.287,0.025,0.905,False
0.2787439173708527,-2.1199525075873344,2.519598039733249,0.15,-0.287,0.025,0.905,False
0.2846663669937308,-2.712937484253101,8.697849166151913,0.15,-0.287,0.025,0.905,False
0.15,-0.287,3.6024721731074094,0.15,-0.287,0.03,0.905,False
0.2303125435926693,-1.0299275378932262,3.1875122971032837,0.15,-0.287,0.03,0.905,False
0.2558446694337662,-1.7569823460874714,3.046909225985374,0.15,-0.287,0.03,0.905,False
0.2651652611939029,-2.4716119273745893,2.9910113691487545,0.15,-0.287,0.03,0.905,False
0.2691757591498164,-3.1806994234530723,10.88744817518244,0.15,-0.287,0.03,0.905,False
0.15,-0.287,4.116012797243784,0.15,-0.287,0.035,0.905,False
0.2269678749032614,-1.1472008062789223,3.693309389949315,0.15,-0.287,0.035,0.905,False
0.248063262862723,-1.9908729773912064,3.5523118762436745,0.15,-0.287,0.035,0.905,False
0.2550879437807488,-2.821482327965444,3.499361106240771,0.15,-0.287,0.035,0.905,False
0.2579342167439674,-3.64689302828621,13.137787704727065,0.15,-0.287,0.035,0.905,False
0.15,-0.287,4.641390538941881,0.15,-0.287,0.04,0.905,False
0.2241627504137837,-1.263134137048069,4.220248439864873,0.15,-0.287,0.04,0.905,False
0.2419346563362003,-2.223160136690174,4.081094816340448,0.15,-0.287,0.04,0.905,False
0.2474027001956155,-3.169846069287088,4.0322936593354335,0.15,-0.287,0.04,0.905,False
0.2494799620520621,-4.11179642437512,15.424717509930657,0.15,-0.287,0.04,0.905,False
0.15,-0.287,5.173614314674566,0.15,-0.287,0.045,0.905,False
0.2218008486973845,-1.3777848228495464,4.761460684085375,0.15,-0.287,0.045,0.905,False
0.2370374649680229,-2.454005248085577,4.625852545869765,0.15,-0.287,0.045,0.905,False
0.2413959161404518,-3.516903209698666,4.581943951543734,0.15,-0.287,0.045,0.905,False
0.2429340020748074,-4.575584903921025,17.733719356070964,0.15,-0.287,0.045,0.905,False
0.15,-0.287,5.709215685213818,0.15,-0.287,0.05,0.905,False
0.2198039819194416,-1.491202463791141,5.312522789321183,0.15,-0.287,0.05,0.905,False
0.2330674441816014,-2.6835346965819613,5.181857010790396,0.15,-0.287,0.05,0.905,False
0.2365982672691598,-3.86279392978226,5.143179359468626,0.15,-0.287,0.05,0.905,False
0.2377440821758469,-5.038366744122805,20.055582143982512,0.15,-0.287,0.05,0.905,False
0.15,-0.287,10.950973358863404,0.15,-0.287,0.1,0.905,False
0.210301668059175,-2.5651514835917286,11.032798012561992,0.15,-0.287,0.1,0.905,False
0.2153004221828775,-4.920702217057793,10.974961726236446,0.15,-0.287,0.1,0.905,False
0.2158198270743853,-7.269554072175911,10.969431218212273,0.15,-0.287,0.1,0.905,False
0.215875511272135,-9.617822196968332,43.254150368582614,0.15,-0.287,0.1,0.905,False
0.15,-0.287,20.261541254628867,0.15,-0.287,0.2,0.905,False
0.2053720866595363,-4.435119445911429,22.800250445936744,0.15,-0.287,0.2,0.905,False
0.2063982635040882,-9.131967142842026,22.797005402701885,0.15,-0.287,0.2,0.905,False
0.2064085117370396,-13.828400025282392,22.79695959457425,0.15,-0.287,0.2,0.905,False
0.2064086122192494,-18.52482587241721,88.3726437425101,0.15,-0.287,0.2,0.905,False
0.15,-0.287,28.2066892798104,0.15,-0.287,0.3,0.905,False
0.2020864995216262,-5.978045381388538,34.795970351764154,0.15,-0.287,0.3,0.905,False
0.2022595651458469,-13.010045390408008,34.85790665238178,0.15,-0.287,0.3,0.905,False
0.2022591764813642,-20.054572107850465,34.85845583315314,0.15,-0.287,0.3,0.905,False
0.2022591712922159,-27.09920980905288,132.57334745442907,0.15,-0.287,0.3,0.905,False
0.15,-0.287,34.96405539950414,0.15,-0.287,0.4,0.905,False
0.1990314558952031,-7.238744486137548,46.90674731989923,0.15,-0.287,0.4,0.905,False
0.1987791039203628,-16.558590000293155,47.265528137008026,0.15,-0.287,0.4,0.905,False
0.198769906119104,-25.949348331126995,47.27581575037493,0.15,-0.287,0.4,0.905,False
0.1987696422970641,-35.342139909856016,176.36785076459591,0.15,-0.287,0.4,0.905,False
0.15,-0.287,40.71339616546592,0.15,-0.287,0.5,0.905,False
0.1962346242184642,-8.270334873315814,58.94133150958396,0.15,-0.287,0.5,0.905,False
0.1954291372850302,-19.7858802544588,60.0425652816095,0.15,-0.287,0.5,0.905,False
0.1953808051845116,-31.513790814458044,60.106813647699845,0.15,-0.287,0.5,0.905,False
0.1953779861332874,-43.25408806747025,219.9234721088472,0.15,-0.287,0.5,0.905,False
0.15,-0.287,45.633508394812274,0.15,-0.287,0.6,0.905,False
0.1937164033862121,-9.12168320161558,70.72771247862934,0.15,-0.287,0.6,0.905,False
0.1921383389694195,-22.708484852093225,73.15413569219034,0.15,-0.287,0.6,0.905,False
0.1919896837936477,-36.75070030878846,73.38158636729392,0.15,-0.287,0.6,0.905,False
0.1919757607401432,-50.83556985570621,263.31175611626276,0.15,-0.287,0.6,0.905,False
0.15,-0.287,49.877359563337166,0.15,-0.287,0.7,0.905,False
0.191467498973116,-9.8321613469726,82.14899190641431,0.15,-0.287,0.7,0.905,False
0.1889218438813787,-25.34961934780148,86.53204197617214,0.15,-0.287,0.7,0.905,False
0.1885868998188037,-41.66625086093456,87.10897219786804,0.15,-0.287,0.7,0.905,False
0.1885429003409481,-58.08786467632178,306.5701090301613,0.15,-0.287,0.7,0.905,False
0.15,-0.287,53.568255697406705,0.15,-0.287,0.8,0.905,False
0.189464723713745,-10.431967919426196,93.1381336884135,0.15,-0.287,0.8,0.905,False
0.1858075721588708,-27.735767682317896,100.09640971004332,0.15,-0.287,0.8,0.905,False
0.1851880563281986,-46.27057953054339,101.27908238403896,0.15,-0.287,0.8,0.905,False
0.1850831701527387,-65.01380592080143,349.7208546869892,0.15,-0.287,0.8,0.905,False
0.15,-0.287,56.803809367917424,0.15,-0.287,0.9,0.905,False
0.1876804952026666,-10.943953192406411,103.66373749745182,0.15,-0.287,0.9,0.905,False
0.1828182167828069,-29.893838660058023,113.76980648709123,0.15,-0.287,0.9,0.905,False
0.1818151952926174,-50.57732368768701,115.86795789780322,0.15,-0.287,0.9,0.905,False
0.1816083336929416,-71.61834354278571,392.77874291718365,0.15,-0.287,0.9,0.905,False
0.15,-0.287,59.66117615234013,0.15,-0.287,1.0,0.905,False
0.1860875241110222,-11.385435470949313,113.71756166881059,0.15,-0.287,1.0,0.905,False
0.1799679704544416,-31.849405802355925,127.48404821728516,0.15,-0.287,1.0,0.905,False
0.1784898835666718,-54.602623409730725,130.84303646722321,0.15,-0.287,1.0,0.905,False
0.1781329128070866,-77.90871396786228,435.7543528730728,0.15,-0.287,1.0,0.905,False
0.15,-0.287,3.823696712149418,0.15,-0.287,0.01,0.75,False
0.228549839648544,-1.0802660770933568,3.3706451462048386,0.15,-0.287,0.01,0.75,False
0.2520098578864232,-1.848058692254339,3.230589241061814,0.15,-0.287,0.01,0.75,False
0.260299719482043,-2.603292795220624,3.1758015684512433,0.15,-0.287,0.01,0.75,False
0.2637977285395277,-3.35313639367651,11.749091693197567,0.15,-0.287,0.01,0.75,False
0.15,-0.287,3.6479302949625407,0.15,-0.287,0.01,0.76,False
0.2297489374718679,-1.0397829220523735,3.2032684234058615,0.15,-0.287,0.01,0.76,False
0.2548519472071845,-1.76858370832613,3.0634778525568636,0.15,-0.287,0.01,0.76,False
0.2640124396093108,-2.4850638303424546,3.0078178078400906,0.15,-0.287,0.01,0.76,False
0.2679555262258673,-3.1960508143783315,10.992095804615769,0.15,-0.287,0.01,0.76,False
0.15,-0.287,3.479071997614976,0.15,-0.287,0.01,0.77,False
0.2309934278777181,-1.0002730479343327,3.04357504445459,0.15,-0.287,0.01,0.77,False
0.2578654896059604,-1.6910516755320393,2.904408006297275,0.15,-0.287,0.01,0.77,False
0.2680055889632055,-2.369787515000879,2.8480901225090784,0.15,-0.287,0.01,0.77,False
0.2724585151912431,-3.0429514632041808,10.261441105329324,0.15,-0.287,0.01,0.77,False
0.15,-0.287,3.3170914978968735,0.15,-0.287,0.01,0.78,False
0.2322826655648012,-0.961699050271825,2.8916168098023234,0.15,-0.287,0.01,0.78,False
0.2610580154321321,-1.6153839637118292,2.753465646264029,0.15,-0.287,0.01,0.78,False
0.272301965934033,-2.257342673401417,2.6967148349359054,0.15,-0.287,0.01,0.78,False
0.2773422252864301,-2.8936759308843767,9.557045779210496,0.15,-0.287,0.01,0.78,False
0.15,-0.287,3.1619689086627734,0.15,-0.287,0.01,0.79,False
0.2336159907595483,-0.9240254317398332,2.747458238247842,0.15,-0.287,0.01,0.79,False
0.2644372300132704,-1.541505965108721,2.610757122705936,0.15,-0.287,0.01,0.79,False
0.2769262854077966,-2.14761410190306,2.5538116389709375,0.15,-0.287,0.01,0.79,False
0.2826467287292604,-2.748069492991158,8.878928488207764,0.15,-0.287,0.01,0.79,False
0.15,-0.287,3.013694550423646,0.15,-0.287,0.01,0.8,False
0.2349927302241356,-0.8872184828103314,2.6111732939639687,0.15,-0.287,0.01,0.8,False
0.2680109982637133,-1.4693468594853256,2.4764047305819386,0.15,-0.287,0.01,0.8,False
0.281905275539406,-2.040492252844843,2.41952000264639,0.15,-0.287,0.01,0.8,False
0.2884171670307644,-2.605984698206657,8.227217561781812,0.15,-0.287,0.01,0.8,False
0.15,-0.287,2.8722685343107135,0.15,-0.287,0.01,0.81,False
0.2364121982982854,-0.8512461712175021,2.482841225108734,0.15,-0.287,0.01,0.81,False
0.2717873291829531,-1.3988393977130016,2.350540355682249,0.15,-0.287,0.01,0.81,False
0.2872677739825344,-1.9358729535059704,2.293993197298635,0.15,-0.287,0.01,0.81,False
0.294704324200493,-2.467281016745442,7.602160487977638,0.15,-0.287,0.01,0.81,False
0.15,-0.287,2.7377000688085293,0.15,-0.287,0.01,0.82,False
0.2378736979626103,-0.8160780394875704,2.3625413540615066,0.15,-0.287,0.01,0.82,False
0.2757743603866718,-1.329919702406133,2.233296924333251,0.15,-0.287,0.01,0.82,False
0.2930448235594349,-1.8336571592849429,2.177389376010503,0.15,-0.287,0.01,0.82,False
0.301565248726152,-2.331824551584685,7.004133466410801,0.15,-0.287,0.01,0.82,False
0.15,-0.287,2.6100063877734954,0.15,-0.287,0.01,0.83,False
0.2393765219128194,-0.7816851098582304,2.2503466860199115,0.15,-0.287,0.01,0.83,False
0.2799803428186146,-1.262527084324202,2.124797456502459,0.15,-0.287,0.01,0.83,False
0.2992697675681847,-1.7337507406580257,2.0698592323098772,0.15,-0.287,0.01,0.83,False
0.3090639272803176,-2.199487816889904,6.433650743465538,0.15,-0.287,0.01,0.83,False
0.15,-0.287,2.4892111830547705,0.15,-0.287,0.01,0.84,False
0.2409199536355558,-0.7480397959762551,2.146316267832821,0.15,-0.287,0.01,0.84,False
0.2844136257966693,-1.196603873399957,2.0251417243923555,0.15,-0.287,0.01,0.84,False
0.3059783452002543,-1.6360643039689329,1.9715300390184687,0.15,-0.287,0.01,0.84,False
0.3172720138771573,-2.070149590085185,5.8913733669240855,0.15,-0.287,0.01,0.84,False
0.15,-0.287,2.375342415860316,0.15,-0.287,0.01,0.85,False
0.2425032684779002,-0.7151158208187304,2.0504863451321618,0.15,-0.287,0.01,0.85,False
0.289082642551461,-1.1320952633743402,1.9343908403317622,0.15,-0.287,0.01,0.85,False
0.3132087878898957,-1.5405130466205514,1.8824863426111949,0.15,-0.287,0.01,0.85,False
0.3262696194234461,-1.943694846494549,5.378116806810991,0.15,-0.287,0.01,0.85,False
0.15,-0.287,2.2684293817874384,0.15,-0.287,0.01,0.86,False
0.2441257347037509,-0.6828881403344004,1.9628605412146083,0.15,-0.287,0.01,0.86,False
0.2939958964208177,-1.0689491691287232,1.8525505378543476,0.15,-0.287,0.01,0.86,False
0.3210019178538261,-1.4470166477934618,1.8027482790368738,0.15,-0.287,0.01,0.86,False
0.3361461684699436,-1.8200147884823727,4.894856473521982,0.15,-0.287,0.01,0.86,False
0.15,-0.287,2.168498921793353,0.15,-0.287,0.01,0.87,False
0.2457866145313207,-0.6513328723474587,1.883399513441677,0.15,-0.287,0.01,0.87,False
0.2991619478687415,-1.0071160959048342,1.7795544273357875,0.15,-0.287,0.01,0.87,False
0.3294012506234828,-1.355499196414979,1.7322493180648155,0.15,-0.287,0.01,0.87,False
0.347001332727724,-1.699006984673878,4.442729328808933,0.15,-0.287,0.01,0.87,False
0.15,-0.287,2.075570713371767,0.15,-0.287,0.01,0.88,False
0.2474851651469053,-0.6204272303072939,1.8120108133171482,0.15,-0.287,0.01,0.88,False
0.3045894025033769,-0.9465490196928292,1.715249009922926,0.15,-0.287,0.01,0.88,False
0.338453104046259,-1.2658891587545544,1.6708160699117687,0.15,-0.287,0.01,0.88,False
0.3589460549177846,-1.580575639287105,4.023028251828683,0.15,-0.287,0.01,0.88,False
0.15,-0.287,1.9896516513804285,0.15,-0.287,0.01,0.89,False
0.2492206396909676,-0.5901494615047699,1.748539946711885,0.15,-0.287,0.01,0.89,False
0.3102869002751056,-0.8872032781498909,1.659382585167189,0.15,-0.287,0.01,0.89,False
0.3482067170658718,-1.1781193887353496,1.6181533467832248,0.15,-0.287,0.01,0.89,False
0.3721036822452372,-1.4646320170216955,3.637183294944626,0.15,-0.287,0.01,0.89,False
0.15,-0.287,1.9107294436230995,0.15,-0.287,0.01,0.9,False
0.2509922882132265,-0.5604787894090751,1.6927638494149573,0.15,-0.287,0.01,0.9,False
0.3162631060435267,-0.829036471486338,1.611600252357341,0.15,-0.287,0.01,0.9,False
0.3587143826223733,-1.0921271848352931,1.5738377007063842,0.15,-0.287,0.01,0.9,False
0.3866112368777339,-1.3510950555010717,3.2867204037242805,0.15,-0.287,0.01,0.9,False
0.15,-0.287,1.8387657059672924,0.15,-0.287,0.01,0.91,False
0.2527993585941931,-0.5313953598093295,1.6443881151096356,0.15,-0.287,0.01,0.91,False
0.3225267017112916,-0.7720083728242315,1.571446923397027,0.15,-0.287,0.01,0.91,False
0.3700316002867532,-1.0078543983097157,1.537322034000431,0.15,-0.287,0.01,0.91,False
0.402620862146651,-1.2398922051224592,2.97318456001857,0.15,-0.287,0.01,0.91,False
0.15,-0.287,1.7736890427851684,0.15,-0.287,0.01,0.92,False
0.2546410974310993,-0.5028801904723409,1.603049334983995,0.15,-0.287,0.01,0.92,False
0.3290863801335487,-0.7160808475955166,1.5383797494183706,0.15,-0.287,0.01,0.92,False
0.3822172558231406,-0.9252475984045384,1.5079527854999182,0.15,-0.287,0.01,0.92,False
0.4203014989920382,-1.13096054546307,2.69801423460586,0.15,-0.287,0.01,0.92,False
0.15,-0.287,1.7153888310713623,0.15,-0.287,0.01,0.93,False
0.2565167508867302,-0.4749151240525844,1.568323920526441,0.15,-0.287,0.01,0.93,False
0.3359508410247596,-0.6612177816036889,1.5117909921974184,0.15,-0.287,0.01,0.93,False
0.3953338368298318,-0.8442583012437017,1.4850002623700167,0.15,-0.287,0.01,0.93,False
0.439840869109054,-1.0242482381583655,2.4623662232847137,0.15,-0.287,0.01,0.93,False
0.15,-0.287,1.663710677299615,0.15,-0.287,0.01,0.94,False
0.2584255655000698,-0.4474827840127567,1.5397450349701824,0.15,-0.287,0.01,0.94,False
0.3431287891001661,-0.6073850174251899,1.4910428943688079,0.15,-0.287,0.01,0.94,False
0.4094476960459517,-0.7648432701590592,1.4677031111393344,0.15,-0.287,0.01,0.94,False
0.4614478716278882,-0.9197163882552756,2.2669303199460717,0.15,-0.287,0.01,0.94,False
0.15,-0.287,1.6184547787642016,0.15,-0.287,0.01,0.95,False
0.2603667889581068,-0.4205665333334838,1.5168302795608302,0.15,-0.287,0.01,0.95,False
0.3506289347077023,-0.5545502988746036,1.475518913607347,0.15,-0.287,0.01,0.95,False
0.4246293769476115,-0.686964896368944,1.4553318959226045,0.15,-0.287,0.01,0.95,False
0.4853555421529241,-0.8173413989463606,2.1118638674717443,0.15,-0.287,0.01,0.95,False
0.15,-0.287,1.5981608875786006,0.15,-0.287,0.01,0.955,False
0.2613493194010771,-0.4072969350725803,1.5073522601241534,0.15,-0.287,0.01,0.955,False
0.3545025558851063,-0.5284976346248454,1.4695477810571493,0.15,-0.287,0.01,0.955,False
0.4326439392491217,-0.6485918559922264,1.450797538594654,0.15,-0.287,0.01,0.955,False
0.4982524487614972,-0.7669602471660603,2.0494425072013276,0.15,-0.287,0.01,0.955,False
0.15,-0.287,1.579378718378093,0.15,-0.287,0.01,0.96,False
0.2623396708284595,-0.394150435809085,1.4991256246579154,0.15,-0.287,0.01,0.96,False
0.358459997228107,-0.5026832233018073,1.4647037435771562,0.15,-0.287,0.01,0.96,False
0.4409540200544463,-0.6105916700727642,1.4472891883194938,0.15,-0.287,0.01,0.96,False
0.5118247809981419,-0.7171179171941817,1.9971432260377926,0.15,-0.287,0.01,0.96,False
0.15,-0.287,1.5620728070662435,0.15,-0.287,0.01,0.965,False
0.2633377498438133,-0.3811251470636858,1.4921098609016035,0.15,-0.287,0.01,0.965,False
0.362502351131488,-0.4771035476168304,1.4609611874682573,0.15,-0.287,0.01,0.965,False
0.4495698138284179,-0.5729614467750342,1.4447831883376037,0.15,-0.287,0.01,0.965,False
0.5261102889035565,-0.6678171880337168,1.9551545089957474,0.15,-0.287,0.01,0.965,False
0.15,-0.287,1.5462066398380376,0.15,-0.287,0.01,0.97,False
0.2643434632527761,-0.3682192197429641,1.4862780240755398,0.15,-0.287,0.01,0.97,False
0.366630711547045,-0.4517552015298467,1.4583253614102323,0.15,-0.287,0.01,0.97,False
0.458501873126835,-0.535698753163873,1.4432982727323256,0.15,-0.287,0.01,0.97,False
0.5411491375613463,-0.6190624779088149,1.9239300321527022,0.15,-0.287,0.01,0.97,False
0.15,-0.287,1.5317434889566637,0.15,-0.287,0.01,0.975,False
0.2653567180826071,-0.3554308431241937,1.4816228816768957,0.15,-0.287,0.01,0.975,False
0.370846174377709,-0.4266348894048152,1.4568474008092738,0.15,-0.287,0.01,0.975,False
0.4677611323428815,-0.4988016395286478,1.44291897297933,0.15,-0.287,0.01,0.975,False
0.5569841437010161,-0.5708600041616411,1.9043867177432108,0.15,-0.287,0.01,0.975,False
0.15,-0.287,1.5186474916518349,0.15,-0.287,0.01,0.98,False
0.2663774216011225,-0.342758243871334,1.4781656746820238,0.15,-0.287,0.01,0.98,False
0.3751498379336712,-0.4017394252794294,1.4566478160309673,0.15,-0.287,0.01,0.98,False
0.4773589344150217,-0.4622686657945974,1.4438346697589082,0.15,-0.287,0.01,0.98,False
0.5736610483621969,-0.5232179581831958,1.898214664962585,0.15,-0.287,0.01,0.98,False
0.15,-0.287,1.5068850311456732,0.15,-0.287,0.01,0.985,False
0.26740548133505,-0.3301996850810495,1.4759689048967992,0.15,-0.287,0.01,0.985,False
0.3795428034538345,-0.3770657322484659,1.4579543472215013,0.15,-0.287,0.01,0.985,False
0.4873070608742954,-0.4260989301278987,1.4464071031195882,0.15,-0.287,0.01,0.985,False
0.5912288319175182,-0.4761466958878985,1.9083678497686876,0.15,-0.287,0.01,0.985,False
0.15,-0.287,1.4964264994537508,0.15,-0.287,0.01,0.99,False
0.2684408050877889,-0.3177534653577517,1.475155431435555,0.15,-0.287,0.01,0.99,False
0.3840261756960785,-0.3526108419602544,1.4611648972269928,0.15,-0.287,0.01,0.99,False
0.497617765655337,-0.3902920998405811,1.4512915092630292,0.15,-0.287,0.01,0.99,False
0.6097400788549453,-0.4296589439738968,1.939854011542359,0.15,-0.287,0.01,0.99,False
0.15,-0.287,1.4916785927798464,0.15,-0.287,0.01,0.9925,False
0.2689611622396637,-0.3115719604479474,1.475329210994671,0.15,-0.287,0.01,0.9925,False
0.3863021106985868,-0.3404645498189121,1.4636801987065564,0.15,-0.287,0.01,0.9925,False
0.5029130527127074,-0.3725248340211742,1.4549377984969762,0.15,-0.287,0.01,0.9925,False
0.6193670220423784,-0.4066385640617364,1.966026844655903,0.15,-0.287,0.01,0.9925,False
0.15,-0.287,1.4872485506730857,0.15,-0.287,0.01,0.995,False
0.2694833009565825,-0.3054179179166003,1.4759376494143213,0.15,-0.287,0.01,0.995,False
0.3886010636000124,-0.328371894225858,1.4669556703764222,0.15,-0.287,0.01,0.995,False
0.5083038131475083,-0.3548484446992914,1.459663060421504,0.15,-0.287,0.01,0.995,False
0.6292514010141607,-0.3837700218283404,2.0010310422730266,0.15,-0.287,0.01,0.995,False
0.15,-0.287,1.4831349073634652,0.15,-0.287,0.01,0.9975,False
0.2700072097993353,-0.2992911346808006,1.4770287359680394,0.15,-0.287,0.01,0.9975,False
0.3909231737924619,-0.3163325345122229,1.4711506505385077,0.15,-0.287,0.01,0.9975,False
0.5137917292913532,-0.3372630656045107,1.4657672522678955,0.15,-0.287,0.01,0.9975,False
0.6394010021893453,-0.3610556761723038,2.0467898659915966,0.15,-0.287,0.01,0.9975,False
0.15,-10.087,1.4142135623732766,0.15,-10.087,0.01,1.0,False
0.149999442311545,-10.08700011576497,1.4142135623735375,0.15,-10.087,0.01,1.0,False
0.14999890054256,-10.087000291609248,1.4142135623738983,0.15,-10.087,0.01,1.0,False
0.1499983811352554,-10.087000525433565,1.4142135623743424,0.15,-10.087,0.01,1.0,False
0.14999789026763,-10.087000814459492,1.4142135623827314,0.15,-10.087,0.01,1.0,False
0.15,-10.087,1.4218045688966305,0.15,-10.087,0.01,1.01,False
0.1499994124618364,-10.064991341634856,1.4219009795277069,0.15,-10.087,0.01,1.01,False
0.149998815418089,-10.042843074036778,1.4219009940410838,0.15,-10.087,0.01,1.01,False
0.1499982160613645,-10.02069487402794,1.4219010070045575,0.15,-10.087,0.01,1.01,False
0.1499976218761682,-9.998546742971628,1.5322348685880312,0.15,-10.087,0.01,1.01,False
0.15,-10.087,1.4437602553491549,0.15,-10.087,0.01,1.02,False
0.1499993830822346,-10.043411397657236,1.4441290599376262,0.15,-10.087,0.01,1.02,False
0.1499987293019088,-9.999548962332764,1.4441292328459692,0.15,-10.087,0.01,1.02,False
0.1499980448470154,-9.95568659957507,1.4441294064338577,0.15,-10.087,0.01,1.02,False
0.1499973367881543,-9.911824315682049,1.8340922573266065,0.15,-10.087,0.01,1.02,False
0.15,-10.087,1.4786311305327653,0.15,-10.087,0.01,1.03,False
0.1499993541657013,-10.022247871872912,1.47941804159141,0.15,-10.087,0.01,1.03,False
0.149998642209477,-9.957092895566626,1.4794185603798966,0.15,-10.087,0.01,1.03,False
0.1499978673876655,-9.891937991807756,1.4794191056294363,0.15,-10.087,0.01,1.03,False
0.1499970343014542,-9.826783172333752,2.2382085950218684,0.15,-10.087,0.01,1.03,False
0.15,-10.087,1.5247911073737355,0.15,-10.087,0.01,1.04,False
0.149999325705275,-10.001488826726186,1.5261089415365283,0.15,-10.087,0.01,1.04,False
0.149998554156802,-9.915450773713651,1.5261100285272615,0.15,-10.087,0.01,1.04,False
0.1499976835830266,-9.829412787867165,1.526111214839011,0.15,-10.087,0.01,1.04,False
0.1499967137086713,-9.743374886547974,2.6922392777478725,0.15,-10.087,0.01,1.04,False
0.15,-10.087,1.5805778639278358,0.15,-10.087,0.01,1.05,False
0.1499992976940712,-9.981122776615042,1.5825080251056396,0.15,-10.087,0.01,1.05,False
0.149998465160388,-9.874599412038409,1.5825099289871132,0.15,-10.087,0.01,1.05,False
0.1499974933370824,-9.768076103520144,1.5825120779498845,0.15,-10.087,0.01,1.05,False
0.1499963742979439,-9.661552873876168,3.169395705631282,0.15,-10.087,0.01,1.05,False
0.15,-10.087,1.644401034444922,0.15,-10.087,0.01,1.06,False
0.1499992701252826,-9.961138666703809,1.6469975968554915,0.15,-10.087,0.01,1.06,False
0.1499983752371855,-9.834516498051991,1.6470005858305274,0.15,-10.087,0.01,1.06,False
0.1499972965581081,-9.70789436826175,1.6470040656360545,0.15,-10.087,0.01,1.06,False
0.1499960153537581,-9.58127230504827,3.656192028037351,0.15,-10.087,0.01,1.06,False
0.15,-10.087,1.7148105745616338,0.15,-10.087,0.01,1.07,False
0.1499992429921806,-9.941525852916568,1.7181054376994038,0.15,-10.087,0.01,1.07,False
0.149998284404542,-9.795180550875678,1.7181097946584438,0.15,-10.087,0.01,1.07,False
0.1499970931586719,-9.648835264049268,1.7181150159799086,0.15,-10.087,0.01,1.07,False
0.1499956361577356,-9.5024900240784,4.145529705956573,0.15,-10.087,0.01,1.07,False
0.15,-10.087,1.7905295947584565,0.15,-10.087,0.01,1.08,False
0.1499992162881143,-9.922274083035482,1.7945376060382796,0.15,-10.087,0.01,1.08,False
0.1499981926801565,-9.756570882855222,1.794543625555368,0.15,-10.087,0.01,1.08,False
0.1499968830556362,-9.590867667433372,1.7945510390536588,0.15,-10.087,0.01,1.08,False
0.1499952359894336,-9.425164470913415,4.633473344355258,0.15,-10.087,0.01,1.08,False
0.15,-10.087,1.8704612377516237,0.15,-10.087,0.01,1.09,False
0.1499991900065091,-9.903373478833176,1.8751846808244224,0.15,-10.087,0.01,1.09,False
0.1499981000820336,-9.718667563282215,1.8751926675284836,0.15,-10.087,0.01,1.09,False
0.1499966661701452,-9.533961594868622,1.8752027627506975,0.15,-10.087,0.01,1.09,False
0.1499948141271141,-9.34925560833356,5.117744926418534,0.15,-10.087,0.01,1.09,False
0.15,-10.087,1.9536794844281893,0.15,-10.087,0.01,1.1,False
0.1499991641408711,-9.884814519173922,1.9591117172487718,0.15,-10.087,0.01,1.1,False
0.1499980066284486,-9.68145138408795,1.959121985105313,0.15,-10.087,0.01,1.1,False
0.1499964424276143,-9.478088151000714,1.9591352904086747,0.15,-10.087,0.01,1.1,False
0.1499943698485243,-9.274724852834272,5.596985677072626,0.15,-10.087,0.01,1.1,False
0.15,-10.087,2.0394117109308816,0.15,-10.087,0.01,1.11,False
0.1499991386847849,-9.86658802402304,2.045539966391326,0.15,-10.087,0.01,1.11,False
0.1499979123379022,-9.644903827386813,2.045552838525445,0.15,-10.087,0.01,1.11,False
0.1499962117577037,-9.423219479744118,2.0455699216798706,0.15,-10.087,0.01,1.11,False
0.1499939024316465,-9.201535009238873,6.070373130125555,0.15,-10.087,0.01,1.11,False
0.15,-10.087,2.127018262180217,0.15,-10.087,0.01,1.12,False
0.1499991136319129,-9.848685139307626,2.133825728744169,0.15,-10.087,0.01,1.12,False
0.1499978172290887,-9.60900703475312,2.133841537545593,0.15,-10.087,0.01,1.12,False
0.1499959740942928,-9.369328717975437,2.13386300673999,0.15,-10.087,0.01,1.12,False
0.1499934111554413,-9.129650208809668,6.537411491132558,0.15,-10.087,0.01,1.12,False
0.15,-10.087,2.2159721507835903,0.15,-10.087,0.01,1.13,False
0.1499990889759968,-9.83109732257678,2.2234394794128303,0.15,-10.087,0.01,1.13,False
0.1499977213208567,-9.573743778124488,2.2234585667595246,0.15,-10.087,0.01,1.13,False
0.1499957293754407,-9.316389951680357,2.2234850718203005,0.15,-10.087,0.01,1.13,False
0.1499928953005716,-9.059035850639493,6.997811222272946,0.15,-10.087,0.01,1.13,False
0.15,-10.087,2.3058404720950976,0.15,-10.087,0.01,1.14,False
0.1499990647108579,-9.81381632941183,2.313946846933884,0.15,-10.087,0.01,1.14,False
0.1499976246321826,-9.53909743223248,2.313969564440472,0.15,-10.087,0.01,1.14,False
0.1499954775433553,-9.264378174404882,2.3140017981348797,0.15,-10.087,0.01,1.14,False
0.1499923541501198,-8.989658546124922,7.451416907161493,0.15,-10.087,0.01,1.14,False
0.15,-10.087,2.3962681772309895,0.15,-10.087,0.01,1.15,False
0.1499990408303959,-9.796834200541984,2.4049920644359384,0.15,-10.087,0.01,1.15,False
0.149997527182134,-9.50505194846746,4.12943227963567,0.15,-10.087,0.01,1.15,False
0.15,-10.087,2.4869643096142053,0.15,-10.087,0.01,1.16,False
0.1499990173285896,-9.780143249622476,2.4962839733992257,0.15,-10.087,0.01,1.16,False
0.1499974289898445,-9.47159183009178,4.339688923103564,0.15,-10.087,0.01,1.16,False
0.15,-10.087,2.5776905402240478,0.15,-10.087,0.01,1.17,False
0.1499989941994979,-9.763736051635808,2.5875843927874094,0.15,-10.087,0.01,1.17,False
0.1499973300744873,-9.43870210872021,4.547552079797815,0.15,-10.087,0.01,1.17,False
0.15,-10.087,2.6682517234804477,0.15,-10.087,0.01,1.18,False
0.1499989714372581,-9.747605431879665,2.678698557494605,0.15,-10.087,0.01,1.18,False
0.149997230455248,-9.406368321993044,4.752901563403099,0.15,-10.087,0.01,1.18,False
0.15,-10.087,2.758488168336805,0.15,-10.087,0.01,1.19,False
0.1499989490360864,-9.731744455507137,2.769467306992533,0.15,-10.087,0.01,1.19,False
0.1499971301513018,-9.374576492372386,4.955655540559593,0.15,-10.087,0.01,1.19,False
0.15,-10.087,2.848269334521232,0.15,-10.087,0.01,1.2,False
0.1499989269902775,-9.716146417586634,2.8597607240337677,0.15,-10.087,0.01,1.2,False
0.14999702918179,-9.343313106995026,5.155761282433324,0.15,-10.087,0.01,1.2,False
0.15,-0.287,1.7913500141266092,0.15,-0.287,0.01,0.905,True
0.2548328329559396,-0.5111298262684166,1.6399184985940107,0.15,-0.287,0.01,0.905,True
0.3272208749137352,-0.7502552222261117,1.5703857824233944,0.15,-0.287,0.01,0.905,True
0.3766310803348517,-0.988284594583183,1.5373334339925195,0.15,-0.287,0.01,0.905,True
0.4104141581350604,-1.2242804010888049,2.910023929626595,0.15,-0.287,0.01,0.905,True
0.15,-0.287,2.036018336372764,0.15,-0.287,0.015,0.905,True
0.2494320629148574,-0.6077478826869471,1.847630053181683,0.15,-0.287,0.015,0.905,True
0.3073886134784261,-0.9539541658438548,1.755533027720429,0.15,-0.287,0.015,0.905,True
0.3406688292830295,-1.2994629733374177,1.7131412380162352,0.15,-0.287,0.015,0.905,True
0.3600897163126554,-1.6433465474874496,4.1712435923586115,0.15,-0.287,0.015,0.905,True
0.15,-0.287,2.314682284607148,0.15,-0.287,0.02,0.905,True
0.2450137189462354,-0.6991633884052578,2.1218054447445316,0.15,-0.287,0.02,0.905,True
0.2924406460583585,-1.1493020427507066,2.019809842283992,0.15,-0.287,0.02,0.905,True
0.3158523034048069,-1.600121340015299,1.975302987244823,0.15,-0.287,0.02,0.905,True
0.3279196838596265,-2.050406400596568,5.663623218514226,0.15,-0.287,0.02,0.905,True
0.15,-0.287,2.6138389571859357,0.15,-0.287,0.025,0.905,True
0.241343916493276,-0.7863092877185546,2.4440894406861142,0.15,-0.287,0.025,0.905,True
0.2809310148086958,-1.3377610745121562,2.3434729127336538,0.15,-0.287,0.025,0.905,True
0.2980991101555605,-1.892077409347652,2.302836687315424,0.15,-0.287,0.025,0.905,True
0.3061625888349268,-2.4474952173826705,7.273528153801139,0.15,-0.287,0.025,0.905,True
0.15,-0.287,2.924352985205768,0.15,-0.287,0.03,0.905,True
0.238261630481925,-0.869816956550295,2.798738063371784,0.15,-0.287,0.03,0.905,True
0.2719090354410576,-1.5203416484226353,2.7075745255642834,0.15,-0.287,0.03,0.905,True
0.2849921515016103,-2.1766315295296823,2.6748940079722354,0.15,-0.287,0.03,0.905,True
0.2907219755088449,-2.8361198940819627,8.941134369996995,0.15,-0.287,0.03,0.905,True
0.15,-0.287,3.2402370104965854,0.15,-0.287,0.035,0.905,True
0.2356499425799503,-0.950148704548799,3.174204470853058,0.15,-0.287,0.035,0.905,True
0.2647252893409517,-1.6977907456459749,3.098013946545887,0.15,-0.287,0.035,0.905,True
0.2750413157780627,-2.454749578004065,3.0761279343596097,0.15,-0.287,0.035,0.905,True
0.2793107557886138,-3.217390790087823,10.634588477710428,0.15,-0.287,0.035,0.905,True
0.15,-0.287,3.5575894446136216,0.15,-0.287,0.04,0.905,True
0.2334209856210228,-1.0276605100788916,3.5625325410183617,0.15,-0.287,0.04,0.905,True
0.2589241300442087,-1.8706845155157696,3.5052653829723233,0.15,-0.287,0.04,0.905,True
0.2672979107946864,-2.7271690040169387,3.4963069392388246,0.15,-0.287,0.04,0.905,True
0.2705901361427309,-3.592139202269569,12.336321180264862,0.15,-0.287,0.04,0.905,True
0.15,-0.287,3.873861842359475,0.15,-0.287,0.045,0.905,True
0.2315070767271485,-1.1026362988650178,3.958359654231533,0.15,-0.287,0.045,0.905,True
0.2541791414076665,-2.039480843932544,3.9230809529339465,0.15,-0.287,0.045,0.905,True
0.2611406442671656,-2.994466255843156,3.92873448523585,0.15,-0.287,0.045,0.905,True
0.2637410714403733,-3.9610021373294497,14.036209003522945,0.15,-0.287,0.045,0.905,True
0.15,-0.287,4.187387106611365,0.15,-0.287,0.05,0.905,True
0.2298550895434222,-1.1753085317869658,4.358089400058883,0.15,-0.287,0.05,0.905,True
0.2502523966703769,-2.2045520379945005,4.347356349142654,0.15,-0.287,0.05,0.905,True
0.2561519217620095,-3.257101546548277,4.3689637589762835,0.15,-0.287,0.05,0.905,True
0.2582412742069088,-4.324480123828646,15.728154868525019,0.15,-0.287,0.05,0.905,True
0.15,-0.287,7.056165065723238,0.15,-0.287,0.1,0.905,True
0.2213570741485004,-1.807322383331417,8.28448261528367,0.15,-0.287,0.1,0.905,True
0.2319892887408304,-3.700349323423866,8.609479579345155,0.15,-0.287,0.1,0.905,True
0.2338875696826849,-5.686569341797927,8.821298446302173,0.15,-0.287,0.1,0.905,True
0.2343440290927213,-7.727035480965943,31.792622203215885,0.15,-0.287,0.1,0.905,True
0.15,-0.287,11.472707838321366,0.15,-0.287,0.2,0.905,True
0.2180073971441367,-2.7629458252174217,15.215397814026327,0.15,-0.287,0.2,0.905,True
0.2242619420556218,-6.160179924610067,16.38822119086341,0.15,-0.287,0.2,0.905,True
0.2252643381314816,-9.838067564951876,17.031716523785562,0.15,-0.287,0.2,0.905,True
0.2257676589988502,-13.66999137086243,59.30103545193808,0.15,-0.287,0.2,0.905,True
0.15,-0.287,14.80585368173239,0.15,-0.287,0.3,0.905,True
0.2178035289821825,-3.492190737141894,21.111858297360406,0.15,-0.287,0.3,0.905,True
0.222950540386204,-8.188377569478705,23.205142664715623,0.15,-0.287,0.3,0.905,True
0.2242588983578618,-13.38264217023722,24.34300519712872,0.15,-0.287,0.3,0.905,True
0.2250424414843303,-18.85158967601933,82.51048157405533,0.15,-0.287,0.3,0.905,True
0.15,-0.287,17.50106100561659,0.15,-0.287,0.4,0.905,True
0.2179744506005524,-4.085156614997793,26.254987494891807,0.15,-0.287,0.4,0.905,True
0.2229277265281861,-9.929512314640618,29.309995678554724,0.15,-0.287,0.4,0.905,True
0.2246377064279864,-16.505950544820486,30.986913818608997,0.15,-0.287,0.4,0.905,True
0.2256949559041668,-23.492243174602564,102.83032550311515,0.15,-0.287,0.4,0.905,True
0.15,-0.287,19.771989475571388,0.15,-0.287,0.5,0.905,True
0.2181221869427265,-4.584948736642164,30.83120039650551,0.15,-0.287,0.5,0.905,True
0.2232155809498517,-11.459609416689595,34.86934029425342,0.15,-0.287,0.5,0.905,True
0.2253088041350934,-19.309490133445525,37.11437950768662,0.15,-0.287,0.5,0.905,True
0.2266237739594419,-27.714371814625387,121.03750250267838,0.15,-0.287,0.5,0.905,True
0.15,-0.287,21.73758277336698,0.15,-0.287,0.6,0.905,True
0.2181875318844953,-5.01641913092364,34.964566067798025,0.15,-0.287,0.6,0.905,True
0.2235413274608246,-12.825954668414449,39.99339561082831,0.15,-0.287,0.6,0.905,True
0.2259843708869949,-21.858159391204133,42.82568432297863,0.15,-0.287,0.6,0.905,True
0.2275391222717763,-31.597352209383335,137.61439370842513,0.15,-0.287,0.6,0.905,True
0.15,-0.287,23.471710399666062,0.15,-0.287,0.7,0.905,True
0.2181740236601665,-5.395449568774687,38.741343496348954,0.15,-0.287,0.7,0.905,True
0.2238200258833774,-14.06066828313454,44.75957313259914,0.15,-0.287,0.7,0.905,True
0.2265783895692373,-24.19713100122608,48.1917040917125,0.15,-0.287,0.7,0.905,True
0.2283545945838482,-35.19717703027126,152.88619704429516,0.15,-0.287,0.7,0.905,True
0.15,-0.287,25.023799138331974,0.15,-0.287,0.8,0.905,True
0.2180959441701876,-5.732892037027855,42.22404397580986,0.15,-0.287,0.8,0.905,True
0.2240274911219507,-15.186843280004066,49.22487218994564,0.15,-0.287,0.8,0.905,True
0.2270683498372251,-26.359613679401026,53.26496741831038,0.15,-0.287,0.8,0.905,True
0.2290480065840376,-38.55553559021689,167.0848703987843,0.15,-0.287,0.8,0.905,True
0.15,-0.287,26.428724198032544,0.15,-0.287,0.9,0.905,True
0.2179672290877974,-6.036524069170753,45.4595458139241,0.15,-0.287,0.9,0.905,True
0.2241610853053326,-16.221766668786252,53.43278511709102,0.15,-0.287,0.9,0.905,True
0.2274539523491511,-28.3709807779384,58.085820958902296,0.15,-0.287,0.9,0.905,True
0.2296197466594569,-41.70466663066258,180.3828027158437,0.15,-0.287,0.9,0.905,True
0.15,-0.287,27.712090200546115,0.15,-0.287,1.0,0.905,True
0.2177993710419669,-6.312124497067278,48.48399366922023,0.15,-0.287,1.0,0.905,True
0.2242258757637702,-17.178780071464004,57.41742650784242,0.15,-0.287,1.0,0.905,True
0.2277427180711894,-30.251187243797915,62.686121579251015,0.15,-0.287,1.0,0.905,True
0.230078201173922,-44.670214498148646,192.91219554958803,0.15,-0.287,1.0,0.905,True
0.15,-0.287,3.3507360485381166,0.15,-0.287,0.01,0.75,True
0.2333863696192264,-0.973516933612985,3.116312035230485,0.15,-0.287,0.01,0.75,True
0.2612124590390065,-1.6945023895535962,3.0086864132458495,0.15,-0.287,0.01,0.75,True
0.2713597063666319,-2.41397731798044,2.9694011884977574,0.15,-0.287,0.01,0.75,True
0.2756767938106795,-3.1333901087464664,10.469433164774113,0.15,-0.287,0.01,0.75,True
0.15,-0.287,3.2068784225790727,0.15,-0.287,0.01,0.76,True
0.2345729022862115,-0.9384521131983914,2.9677107095676445,0.15,-0.287,0.01,0.76,True
0.2642064861824814,-1.622850640362524,2.858131864564142,0.15,-0.287,0.01,0.76,True
0.2753816833876429,-2.3054817157696537,2.816811042304084,0.15,-0.287,0.01,0.76,True
0.2802316135320106,-2.987689018418006,9.79270048903214,0.15,-0.287,0.01,0.76,True
0.15,-0.287,3.0691853155221094,0.15,-0.287,0.01,0.77,True
0.2357899743449749,-0.9042338647653444,2.8265084650501673,0.15,-0.287,0.01,0.77,True
0.2673510383421705,-1.552948809625903,2.715444469973191,0.15,-0.287,0.01,0.77,True
0.2796745361351444,-2.1996884631135885,2.672352138437268,0.15,-0.287,0.01,0.77,True
0.2851340355843282,-2.8456759868427977,9.14119425745451,0.15,-0.287,0.01,0.77,True
0.15,-0.287,2.9375973054439286,0.15,-0.287,0.01,0.78,True
0.2370368288171631,-0.8708300151457185,2.69270852822973,0.15,-0.287,0.01,0.78,True
0.2706513950514305,-1.4847270094959084,2.5806652792149105,0.15,-0.287,0.01,0.78,True
0.2842582562022143,-2.096487501324935,2.5360776844102606,0.15,-0.287,0.01,0.78,True
0.2904181008426237,-2.7072010934034494,8.514772195996928,0.15,-0.287,0.01,0.78,True
0.15,-0.287,2.812062698179534,0.15,-0.287,0.01,0.79,True
0.2383127110969506,-0.8382100254786377,2.5663208488213396,0.15,-0.287,0.01,0.79,True
0.274112873155624,-1.4181189803711731,2.453847221565153,0.15,-0.287,0.01,0.79,True
0.2891542446300635,-1.9957743572595783,2.408056462274363,0.15,-0.287,0.01,0.79,True
0.2961218008020273,-2.572121728290352,7.913385531111506,0.15,-0.287,0.01,0.79,True
0.15,-0.287,2.6925367584348536,0.15,-0.287,0.01,0.8,True
0.2396168696495315,-0.8063448888193921,2.4473586108481276,0.15,-0.287,0.01,0.8,True
0.2777408140658046,-1.3530618767728098,2.335049637689781,0.15,-0.287,0.01,0.8,True
0.2943853570641661,-1.8974498548109895,2.288367568921121,0.15,-0.287,0.01,0.8,True
0.3022874716646493,-2.4403022311010187,7.337085244299965,0.15,-0.287,0.01,0.8,True
0.15,-0.287,2.5789807294092655,0.15,-0.287,0.01,0.81,True
0.2409485566909146,-0.7752070353247954,2.335834060813105,0.15,-0.287,0.01,0.81,True
0.2815405714270573,-1.289496069610184,2.2243313047657227,0.15,-0.287,0.01,0.81,True
0.2999759468092869,-1.8014198573689202,2.177093030192431,0.15,-0.287,0.01,0.81,True
0.3089622152474416,-2.3116135853064828,6.786028333972501,0.15,-0.287,0.01,0.81,True
0.15,-0.287,2.4713605933706897,0.15,-0.287,0.01,0.82,True
0.2423070288444392,-0.744770244371377,2.2317536004072274,0.15,-0.287,0.01,0.82,True
0.2855174992825606,-1.2273649635109818,2.121741885292821,0.15,-0.287,0.01,0.82,True
0.3059519059740191,-1.707595040053462,2.0743080368990596,0.15,-0.287,0.01,0.82,True
0.3161983477621681,-2.185933170430696,6.260483880872411,0.15,-0.287,0.01,0.82,True
0.15,-0.287,2.369645526865775,0.15,-0.287,0.01,0.83,True
0.2436915477703526,-0.7150095630243192,2.1351121430790014,0.15,-0.287,0.01,0.83,True
0.2896769408122825,-1.1666148280212814,2.0273118756338597,0.15,-0.287,0.01,0.83,True
0.3123407050662048,-1.615890690877423,1.9800687499863365,0.15,-0.287,0.01,0.83,True
0.3240538779719229,-2.0631445751026147,5.760838639114211,0.15,-0.287,0.01,0.83,True
0.15,-0.287,2.273806010195123,0.15,-0.287,0.01,0.84,True
0.2451013807656673,-0.6859012303300519,2.045886813395849,0.15,-0.287,0.01,0.84,True
0.2940242177229921,-1.1071946415982692,1.941041341872133,0.15,-0.287,0.01,0.84,True
0.3191714316047825,-1.526226540327141,1.8943979421110098,0.15,-0.287,0.01,0.84,True
0.3325930169439997,-1.9431374756489563,5.287601720728751,0.15,-0.287,0.01,0.84,True
0.15,-0.287,2.183811563333718,0.15,-0.287,0.01,0.85,True
0.2465358013322198,-0.657422606954631,1.9640301766382846,0.15,-0.287,0.01,0.85,True
0.2985646203640758,-1.0490559474227774,1.862888001119768,0.15,-0.287,0.01,0.85,True
0.3264748285564652,-1.4385266191884591,1.8172691804444445,0.15,-0.287,0.01,0.85,True
0.341886722690694,-1.8258075866411407,4.841407638301214,0.15,-0.287,0.01,0.85,True
0.15,-0.287,2.099628101613842,0.15,-0.287,0.01,0.86,True
0.2479940897114718,-0.629552109734185,1.8894633186457752,0.15,-0.287,0.01,0.86,True
0.3033033986415123,-0.9921527201525216,1.7927555075240005,0.15,-0.287,0.01,0.86,True
0.3342833336938421,-1.352719144784561,1.7485907666335723,0.15,-0.287,0.01,0.86,True
0.352013284541323,-1.7110566918492232,4.423016413718321,0.15,-0.287,0.01,0.86,True
0.15,-0.287,2.0212149359655758,0.15,-0.287,0.01,0.87,True
0.2494755333851329,-0.6022691507433022,1.8220692397933782,0.15,-0.287,0.01,0.87,True
0.3082457538005139,-0.9364412428206494,1.7304830805878062,0.15,-0.287,0.01,0.87,True
0.3426311213130981,-1.268736436137909,1.6881911390887987,0.15,-0.287,0.01,0.87,True
0.3630589542820131,-1.5987927664411368,4.033308516818284,0.15,-0.287,0.01,0.87,True
0.15,-0.287,1.9485214853945254,0.15,-0.287,0.01,0.88,True
0.2509794275411324,-0.57555408052288,1.7616871614412244,0.15,-0.287,0.01,0.88,True
0.3133968311457132,-0.8818799931595555,1.675837797503062,0.15,-0.287,0.01,0.88,True
0.3515541481545073,-1.186514858922766,1.6358077720452255,0.15,-0.287,0.01,0.88,True
0.3751186341467052,-1.4889302040582404,3.6732709449357452,0.15,-0.287,0.01,0.88,True
0.15,-0.287,1.881483823512337,0.15,-0.287,0.01,0.89,True
0.2525050755048357,-0.5493881351409327,1.7081084435680214,0.15,-0.287,0.01,0.89,True
0.3187617137666158,-0.8284295386972947,1.6285108926518117,0.15,-0.287,0.01,0.89,True
0.3610902058495281,-1.105994801438309,1.5910816343803857,0.15,-0.287,0.01,0.89,True
0.3882966359222584,-1.3813901656515055,3.3439688264642147,0.15,-0.287,0.01,0.89,True
0.15,-0.287,1.8200212445045343,0.15,-0.287,0.01,0.9,True
0.2540517891357285,-0.5237533867887524,1.6610748589685902,0.15,-0.287,0.01,0.9,True
0.3243454173352899,-0.7760524400346687,1.5881192367468753,0.15,-0.287,0.01,0.9,True
0.371278982789897,-1.0271206832059183,1.5535589256785904,0.15,-0.287,0.01,0.9,True
0.4027075311102619,-1.2761010707214804,3.0464950571175433,0.15,-0.287,0.01,0.9,True
0.15,-0.287,1.7640331033579437,0.15,-0.287,0.01,0.91,True
0.2556188891900542,-0.4986326976408639,1.620279962303359,0.15,-0.287,0.01,0.91,True
0.3301528860431572,-0.7247131617655629,1.55421285633241,0.15,-0.287,0.01,0.91,True
0.3821621389953918,-0.9498409981763736,1.5227011620056006,0.15,-0.287,0.01,0.91,True
0.4184771197542676,-1.1729992558875586,2.781890341951822,0.15,-0.287,0.01,0.91,True
0.15,-0.287,1.7133962558198652,0.15,-0.287,0.01,0.92,True
0.257205705650108,-0.4740096767306661,1.585374269630429,0.15,-0.287,0.01,0.92,True
0.3361889897441979,-0.6743779905521029,1.5262890706462129,0.15,-0.287,0.01,0.92,True
0.3937833983710392,-0.8741083949200111,1.497904023467598,0.15,-0.287,0.01,0.92,True
0.4357435558373304,-1.0720298304880869,2.551031442949567,0.15,-0.287,0.01,0.92,True
0.15,-0.287,1.6679634914487036,0.15,-0.287,0.01,0.93,True
0.2588115780210572,-0.4498686396149352,1.5559750249799458,0.15,-0.287,0.01,0.93,True
0.3424585223731399,-0.6250149599103325,1.5038138898230426,0.15,-0.287,0.01,0.93,True
0.4061886637200959,-0.7998797965596933,1.478525236475727,0.15,-0.287,0.01,0.93,True
0.4546586809344758,-0.9731477640695664,2.3545032337468297,0.15,-0.287,0.01,0.93,True
0.15,-0.287,1.6275634181346488,0.15,-0.287,0.01,0.94,True
0.2604358555962996,-0.4261945706196173,1.5316816680581153,0.15,-0.287,0.01,0.94,True
0.3489662017091758,-0.5765937813018404,1.486252288111446,0.15,-0.287,0.01,0.94,True
0.4194261610511814,-0.7271165635834337,1.4639230450173144,0.15,-0.287,0.01,0.94,True
0.4753896362003,-0.8763192459089022,2.192509822504368,0.15,-0.287,0.01,0.94,True
0.15,-0.287,1.5920023270973873,0.15,-0.287,0.01,0.95,True
0.2620778976924999,-0.4029730874766947,1.5120990849505218,0.15,-0.287,0.01,0.95,True
0.355716670558694,-0.5290857811623535,1.4731118640369247,0.15,-0.287,0.01,0.95,True
0.4335466211298485,-0.6557847030267139,1.4535112416695535,0.15,-0.287,0.01,0.95,True
0.4981208472847057,-0.7815233616538997,2.064952163572648,0.15,-0.287,0.01,0.95,True
0.15,-0.287,1.575970799116491,0.15,-0.287,0.01,0.955,True
0.2629053830143991,-0.3915277361381203,1.5039606848091296,0.15,-0.287,0.01,0.955,True
0.359184382054927,-0.5056656898956339,1.468073383266529,0.15,-0.287,0.01,0.955,True
0.4409545555351107,-0.620646247876068,1.4497293842653043,0.15,-0.287,0.01,0.955,True
0.5102995067147196,-0.7348851422156392,2.0140790209551547,0.15,-0.287,0.01,0.955,True
0.15,-0.287,1.5610686669397495,0.15,-0.287,0.01,0.96,True
0.2637370738554812,-0.3801904081777605,1.4968730004753241,0.15,-0.287,0.01,0.96,True
0.362714499434305,-0.4824638435304815,1.4640114752872557,0.15,-0.287,0.01,0.96,True
0.4486035079295372,-0.5858551278245474,1.4468483605412132,0.15,-0.287,0.01,0.96,True
0.5230565093875248,-0.6887541359436816,1.9719200992536092,0.15,-0.287,0.01,0.96,True
0.15,-0.287,1.5472679888942071,0.15,-0.287,0.01,0.965,True
0.2645728930364846,-0.36895946953488,1.4908073916075495,0.15,-0.287,0.01,0.965,True
0.3663075834132343,-0.4594770874037304,1.4609156611263294,0.15,-0.287,0.01,0.965,True
0.4565006354260879,-0.5514085249671506,1.4448632167318198,0.15,-0.287,0.01,0.965,True
0.5364209856997727,-0.6431323333870425,1.938738444999411,0.15,-0.287,0.01,0.965,True
0.15,-0.287,1.5345409302297712,0.15,-0.287,0.01,0.97,True
0.2654127640382628,-0.3578333198842585,1.4857468832317555,0.15,-0.287,0.01,0.97,True
0.3699641908123616,-0.4367023579685247,1.4588033721312719,0.15,-0.287,0.01,0.97,True
0.4646533056995754,-0.5173039703727585,1.4438089390247322,0.15,-0.287,0.01,0.97,True
0.5504237430101733,-0.5980229911262527,1.9150685172301787,0.15,-0.287,0.01,0.97,True
0.15,-0.287,1.5228602809101641,0.15,-0.287,0.01,0.975,True
0.2662566110059155,-0.3468103917668844,1.481690730026796,0.15,-0.287,0.01,0.975,True
0.3736848747822116,-0.4141366814366498,1.457732419608404,0.15,-0.287,0.01,0.975,True
0.4730691101918681,-0.4835393571412169,1.4437811260475064,0.15,-0.287,0.01,0.975,True
0.5650974176756357,-0.5534307345668666,1.9018854645995995,0.15,-0.287,0.01,0.975,True
0.15,-0.287,1.5122000874203,0.15,-0.287,0.01,0.98,True
0.2671043587525344,-0.3358891497473815,1.478660761526317,0.15,-0.287,0.01,0.98,True
0.3774701850571229,-0.391777172493143,1.4578200263590604,0.15,-0.287,0.01,0.98,True
0.4817558788686418,-0.4501129544696443,1.4449696793048072,0.15,-0.287,0.01,0.98,True
0.5804766484908541,-0.509361668754711,1.9008620586575806,0.15,-0.287,0.01,0.98,True
0.15,-0.287,1.5025364227455187,0.15,-0.287,0.01,0.985,True
0.2679559327625778,-0.325068089597166,1.4767103742604106,0.15,-0.287,0.01,0.985,True
0.3813206682383149,-0.3696210330813514,1.4592726316050193,0.15,-0.287,0.01,0.985,True
0.4907216966980508,-0.4170234227581701,1.4477154283814164,0.15,-0.287,0.01,0.985,True
0.5965982748715479,-0.465823497261128,1.9147636059192934,0.15,-0.287,0.01,0.985,True
0.15,-0.287,1.4938483260552644,0.15,-0.287,0.01,0.99,True
0.2688112591948831,-0.3143457375024601,1.475937516878003,0.15,-0.287,0.01,0.99,True
0.385236868106928,-0.3476655512566839,1.4624338234810308,0.15,-0.287,0.01,0.99,True
0.499974922039087,-0.3842698297830985,1.45260846911867,0.15,-0.287,0.01,0.99,True
0.6135015636311542,-0.4228256490175069,1.9480642709890876,0.15,-0.287,0.01,0.99,True
0.15,-0.287,1.4898646545474348,0.15,-0.287,0.01,0.9925,True
0.2692403066790815,-0.3090211245361838,1.4760399797645511,0.15,-0.287,0.01,0.9925,True
0.3872197810435057,-0.3367622327361628,1.4648185409419294,0.15,-0.287,0.01,0.9925,True
0.5047120042681106,-0.3680188346199908,1.4561537134673495,0.15,-0.287,0.01,0.9925,True
0.6222593292027166,-0.4015327973714488,1.9740846613585268,0.15,-0.287,0.01,0.9925,True
0.15,-0.287,1.4861189534633186,0.15,-0.287,0.01,0.995,True
0.2696702648853233,-0.3037206492962723,1.4765037960918699,0.15,-0.287,0.01,0.995,True
0.389219325967983,-0.325908100107375,1.467863636313142,0.15,-0.287,0.01,0.995,True
0.5095242071466464,-0.351851667962795,1.460665200260989,0.15,-0.287,0.01,0.995,True
0.6312284687852638,-0.3803794127540423,2.007925837916636,0.15,-0.287,0.01,0.995,True
0.15,-0.287,1.4826099927233989,0.15,-0.287,0.01,0.9975,True
0.2701011247742603,-0.2984441357719531,1.4773637951811849,0.15,-0.287,0.01,0.9975,True
0.3912355702182439,-0.315102838126401,1.4716949655419227,0.15,-0.287,0.01,0.9975,True
0.5144126618758491,-0.3357683357295619,1.4663904523527351,0.15,-0.287,0.01,0.9975,True
0.6404146953681615,-0.3593672200527084,2.051162070440087,0.15,-0.287,0.01,0.9975,True
0.15,-10.087,1.4142135623732766,0.15,-10.087,0.01,1.0,True
0.149999442311545,-10.08700011576497,1.4142135623735375,0.15,-10.087,0.01,1.0,True
0.14999890054256,-10.087000291609248,1.4142135623738983,0.15,-10.087,0.01,1.0,True
0.1499983811352554,-10.087000525433565,1.4142135623743424,0.15,-10.087,0.01,1.0,True
0.14999789026763,-10.087000814459492,1.4142135623827314,0.15,-10.087,0.01,1.0,True
0.15,-10.087,1.419854575781522,0.15,-10.087,0.01,1.01,True
0.1499994164099393,-10.068034116431969,1.4209441379147676,0.15,-10.087,0.01,1.01,True
0.149998823886062,-10.047313513888964,1.421160439416628,0.15,-10.087,0.01,1.01,True
0.1499982299415149,-10.02626187394909,1.4212739843219095,0.15,-10.087,0.01,1.01,True
0.1499976419311608,-10.005038547630525,1.5161046091847694,0.15,-10.087,0.01,1.01,True
0.15,-10.087,1.4362131997080931,0.15,-10.087,0.01,1.02,True
0.149999390887089,-10.049437707126344,1.4404307711047397,0.15,-10.087,0.01,1.02,True
0.1499987464635838,-10.008402488039115,1.4412674669672887,0.15,-10.087,0.01,1.02,True
0.1499980736578319,-9.966711691488555,1.4417066121053055,0.15,-10.087,0.01,1.02,True
0.1499973793942342,-9.92468085298457,1.7807419051775892,0.15,-10.087,0.01,1.02,True
0.15,-10.087,1.4623215374323963,0.15,-10.087,0.01,1.03,True
0.1499993657366242,-10.031200189213092,1.4714413232079218,0.15,-10.087,0.01,1.03,True
0.1499986682904355,-9.970244688905842,1.4732479750048344,0.15,-10.087,0.01,1.03,True
0.1499979122221631,-9.908315433094804,1.474195861683578,0.15,-10.087,0.01,1.03,True
0.1499971021440821,-9.845881065876148,2.141034102196399,0.15,-10.087,0.01,1.03,True
0.15,-10.087,1.4971094764907789,0.15,-10.087,0.01,1.04,True
0.1499993409522828,-10.01331127302738,1.5126021352030181,0.15,-10.087,0.01,1.04,True
0.1499985893821881,-9.93281845503881,1.5156654352144063,0.15,-10.087,0.01,1.04,True
0.1499977455761014,-9.851039879749996,1.517271862951571,0.15,-10.087,0.01,1.04,True
0.149996809667921,-9.768594313661266,2.5506994683254276,0.15,-10.087,0.01,1.04,True
0.15,-10.087,1.5394749779784662,0.15,-10.087,0.01,1.05,True
0.1499993165279083,-9.995761058518628,1.562504241242146,0.15,-10.087,0.01,1.05,True
0.1499985097546298,-9.896102947687812,1.5670477721619365,0.15,-10.087,0.01,1.05,True
0.1499975736648396,-9.794853075364529,1.5694291491360353,0.15,-10.087,0.01,1.05,True
0.1499965014535303,-9.692777430495031,2.9845433432273394,0.15,-10.087,0.01,1.05,True
0.15,-10.087,1.58834198948831,0.15,-10.087,0.01,1.06,True
0.1499992924574487,-9.97854001698284,1.6197876389032992,0.15,-10.087,0.01,1.06,True
0.1499984294237358,-9.8600781121125,1.625977376285746,0.15,-10.087,0.01,1.06,True
0.1499973964371454,-9.739724267324055,1.6292197457429807,0.15,-10.087,0.01,1.06,True
0.1499961769898306,-9.618388876943254,3.4293351124211524,0.15,-10.087,0.01,1.06,True
0.15,-10.087,1.6427016078060896,0.15,-10.087,0.01,1.07,True
0.149999268734955,-9.961638973813898,1.683197369681575,0.15,-10.087,0.01,1.07,True
0.1499983484056339,-9.824724641055882,1.6911502156946978,0.15,-10.087,0.01,1.07,True
0.149997213845318,-9.685623850365165,1.6953138745674683,0.15,-10.087,0.01,1.07,True
0.1499958357674354,-9.545388664096896,3.8779100788808964,0.15,-10.087,0.01,1.07,True
0.15,-10.087,1.7016366788721904,0.15,-10.087,0.01,1.08,True
0.1499992453545777,-9.945049092207151,1.7516133237628306,0.15,-10.087,0.01,1.08,True
0.1499982667165676,-9.790023940240593,1.7614064737523851,0.15,-10.087,0.01,1.08,True
0.1499970258451436,-9.632523313561729,1.7665309952453576,0.15,-10.087,0.01,1.08,True
0.1499954772791974,-9.473738281894692,4.326213140497531,0.15,-10.087,0.01,1.08,True
0.15,-10.087,1.7643327100916644,0.15,-10.087,0.01,1.09,True
0.1499992223105683,-9.928761857758676,1.8240598013951344,0.15,-10.087,0.01,1.09,True
0.1499981843728774,-9.755958095759349,1.835739548780232,0.15,-10.087,0.01,1.09,True
0.1499968323958584,-9.58039519022452,1.8418484677829214,0.15,-10.087,0.01,1.09,True
0.1499951010207385,-9.403400631386663,4.7718560542025905,0.15,-10.087,0.01,1.09,True
0.15,-10.087,1.830078896535953,0.15,-10.087,0.01,1.1,True
0.1499991995972754,-9.91276906393552,1.89970165943248,0.15,-10.087,0.01,1.1,True
0.1499981013909637,-9.7225098432383,1.91329095976133,0.15,-10.087,0.01,1.1,True
0.1499966334600872,-9.52921301052768,1.9203957703362837,0.15,-10.087,0.01,1.1,True
0.1499947064909545,-9.334339960686403,5.2133898052659475,0.15,-10.087,0.01,1.1,True
0.15,-10.087,1.898262842756852,0.15,-10.087,0.01,1.11,True
0.149999177209146,-9.897062798696544,1.9778328453270506,0.15,-10.087,0.01,1.11,True
0.1499980177872678,-9.689662538662882,1.993337447207198,0.15,-10.087,0.01,1.11,True
0.1499964290037981,-9.478951256691456,2.00144082308351,0.15,-10.087,0.01,1.11,True
0.1499942931925175,-9.266521804380709,5.649919752139209,0.15,-10.087,0.01,1.11,True
0.15,-10.087,1.9683618086871688,0.15,-10.087,0.01,1.12,True
0.1499991551407232,-9.881635435473603,2.0578615199449266,0.15,-10.087,0.01,1.12,True
0.1499979335782438,-9.657400130746431,2.0752747255884065,0.15,-10.087,0.01,1.12,True
0.14999621899624,-9.42958532056095,2.08437301676081,0.15,-10.087,0.01,1.12,True
0.1499938606323413,-9.199912926180495,6.080892018852037,0.15,-10.087,0.01,1.12,True
0.15,-10.087,2.0399323332207664,0.15,-10.087,0.01,1.13,True
0.1499991333866771,-9.866479659500644,2.1392946063559455,0.15,-10.087,0.01,1.13,True
0.1499978487803403,-9.62570713340564,2.1586006693749846,0.15,-10.087,0.01,1.13,True
0.1499960034098925,-9.381091463464523,2.1686857941701922,0.15,-10.087,0.01,1.13,True
0.1499934083220526,-9.13448126461238,6.505969545156323,0.15,-10.087,0.01,1.13,True
0.15,-10.087,2.112598064120096,0.15,-10.087,0.01,1.14,True
0.1499991119420466,-9.851588816126553,2.221725364524027,0.15,-10.087,0.01,1.14,True
0.1499977634097183,-9.59456848610988,2.242898773547698,0.15,-10.087,0.01,1.14,True
0.1499957822204898,-9.33344680154438,2.2539604841774703,0.15,-10.087,0.01,1.14,True
0.1499929357783809,-9.070195877027446,6.924957282596473,0.15,-10.087,0.01,1.14,True
0.15,-10.087,2.186023177328853,0.15,-10.087,0.01,1.15,True
0.1499990908045895,-9.836960152932544,2.3048854322451784,0.15,-10.087,0.01,1.15,True
0.1499976774614539,-9.563960410900584,3.762853065143939,0.15,-10.087,0.01,1.15,True
0.15,-10.087,2.259752875061186,0.15,-10.087,0.01,1.16,True
0.1499990699959417,-9.822623385019298,2.3924864543371913,0.15,-10.087,0.01,1.16,True
0.1499975892789401,-9.533163369556414,3.953872446898527,0.15,-10.087,0.01,1.16,True
0.15,-10.087,2.3318947161688977,0.15,-10.087,0.01,1.17,True
0.1499990497476188,-9.808884909308608,2.770241493831979,0.15,-10.087,0.01,1.17,True
0.149997373034073,-9.451581309084402,4.46602536786887,0.15,-10.087,0.01,1.17,True
0.15,-10.087,2.388062295074015,0.15,-10.087,0.01,1.18,True
0.1499990321128778,-9.798360344744331,26.195132531026484,0.15,-10.087,0.01,1.18,True
0.1502387676563843,-5.868569335504232,28.113728372089234,0.15,-10.087,0.01,1.18,True
0.15,-10.087,2.312993701337435,0.15,-10.087,0.01,1.19,True
0.1499990364398138,-9.812459164313612,2.312993701337435,0.15,-10.087,0.01,1.19,True
0.15,-10.087,1.4795810417973634,0.15,-10.087,0.01,1.2,True
0.1499993589481142,-10.021761486047088,1.4795810417973634,0.15,-10.087,0.01,1.2,True
0.2,-0.3,1.76306732659222,0.2,-0.3,0.01,0.905,False
0.3009506124078795,-0.5590250244048036,1.6129958662045505,0.2,-0.3,0.01,0.905,False
0.3679165018421491,-0.8133681662820926,1.5549152603947125,0.2,-0.3,0.01,0.905,False
0.4125671423119404,-1.062485145575642,1.5273773354478892,0.2,-0.3,0.01,0.905,False
0.4425913227421827,-1.3076177632169614,2.8706435159109907,0.2,-0.3,0.01,0.905,False
0.2,-0.3,2.023574340502324,0.2,-0.3,0.015,0.905,False
0.2945266077873512,-0.6821724552083915,1.8103523929864702,0.2,-0.3,0.015,0.905,False
0.3458283232881896,-1.0558055579404555,1.7308004305479223,0.2,-0.3,0.015,0.905,False
0.3742233943288046,-1.4216720280670865,1.6945455459282566,0.2,-0.3,0.015,0.905,False
0.3904448483266143,-1.782597528753044,4.172058726263663,0.2,-0.3,0.015,0.905,False
0.2,-0.3,2.3385061562499114,0.2,-0.3,0.02,0.905,False
0.2892338948637162,-0.8036491419032072,2.07998825111908,0.2,-0.3,0.02,0.905,False
0.3293542117500739,-1.295562421322304,1.98664643798987,0.2,-0.3,0.02,0.905,False
0.3482695249371839,-1.7777579891759037,1.9459234712616666,0.2,-0.3,0.02,0.905,False
0.3578339791626295,-2.2545324367794537,5.722819615160037,0.2,-0.3,0.02,0.905,False
0.2,-0.3,2.691262387470756,0.2,-0.3,0.025,0.905,False
0.2848661966693003,-0.9235707469677844,2.4042295665047364,0.2,-0.3,0.025,0.905,False
0.3169223070762164,-1.5330053628063118,2.303579572459617,0.2,-0.3,0.025,0.905,False
0.3301472029243698,-2.1312758917790617,2.2616173758696436,0.2,-0.3,0.025,0.905,False
0.3362728135153608,-2.724010010665034,7.403763095759493,0.2,-0.3,0.025,0.905,False
0.2,-0.3,3.069280169784344,0.2,-0.3,0.03,0.905,False
0.2812535066653183,-1.042031259013604,2.7667250737718567,0.2,-0.3,0.03,0.905,False
0.3074201144348508,-1.7684410313711176,2.6629612735227375,0.2,-0.3,0.03,0.905,False
0.3170968943299722,-2.4826986341900423,2.621832840258418,0.2,-0.3,0.03,0.905,False
0.3212840414747525,-3.191580257994916,9.154440673302517,0.2,-0.3,0.03,0.905,False
0.2,-0.3,3.4637194943247147,0.2,-0.3,0.035,0.905,False
0.2782566634851778,-1.1591079640109914,3.155233715483875,0.2,-0.3,0.035,0.905,False
0.3000569378153611,-2.002116442508938,3.0509783982579832,0.2,-0.3,0.035,0.905,False
0.3074166937322309,-2.8323906835468824,3.0120635101875743,0.2,-0.3,0.035,0.905,False
0.3104059745286794,-3.6576372707510574,10.943781051101352,0.2,-0.3,0.035,0.905,False
0.2,-0.3,3.8684920279311936,0.2,-0.3,0.04,0.905,False
0.2757623939658206,-1.2748654474559205,3.561379740338752,0.2,-0.3,0.04,0.905,False
0.2942685953232474,-2.234227093558082,3.4584356465993276,0.2,-0.3,0.04,0.905,False
0.3000365310954391,-3.180617693139704,3.4226607665691464,0.2,-0.3,0.04,0.905,False
0.3022249667894636,-4.122439872629665,12.754984826667139,0.2,-0.3,0.04,0.905,False
0.2,-0.3,4.279408634640709,0.2,-0.3,0.045,0.905,False
0.2736788500613423,-1.3893586543270149,3.979639918117696,0.2,-0.3,0.045,0.905,False
0.2896508040065021,-2.464926538475625,3.879389007139017,0.2,-0.3,0.045,0.905,False
0.2942693990026042,-3.527568299106013,3.8473073753587843,0.2,-0.3,0.045,0.905,False
0.2958917385357897,-4.58615138588075,14.578366662163655,0.2,-0.3,0.045,0.905,False
0.2,-0.3,4.693569909800301,0.2,-0.3,0.05,0.905,False
0.2719316902892855,-1.5026351242323326,4.406412840719873,0.2,-0.3,0.05,0.905,False
0.2859123941203227,-2.6943351298026563,4.30996414101335,0.2,-0.3,0.05,0.905,False
0.289664183189156,-3.873374722768488,4.281806500760685,0.2,-0.3,0.05,0.905,False
0.2908727649490214,-5.048872546194936,16.40798754117262,0.2,-0.3,0.05,0.905,False
0.2,-0.3,8.76532889618231,0.2,-0.3,0.1,0.905,False
0.2639160236154002,-2.575755650140381,8.86230962456733,0.2,-0.3,0.1,0.905,False
0.2692396186691823,-4.930972257149575,8.82037638113728,0.2,-0.3,0.1,0.905,False
0.2697870236861784,-7.279789119113819,8.816441048354534,0.2,-0.3,0.1,0.905,False
0.269845009065595,-9.628053630410191,34.605263433151286,0.2,-0.3,0.1,0.905,False
0.2,-0.3,16.024398041869688,0.2,-0.3,0.2,0.905,False
0.2599428615027366,-4.445292718848933,18.050371570022993,0.2,-0.3,0.2,0.905,False
0.2610081380894725,-9.142073902620762,18.048199148386846,0.2,-0.3,0.2,0.905,False
0.2610186745335945,-13.83850614426278,18.048166907504815,0.2,-0.3,0.2,0.905,False
0.2610187769934272,-18.53493198529856,69.8785964904248,0.2,-0.3,0.2,0.905,False
0.2,-0.3,22.182354248099266,0.2,-0.3,0.3,0.905,False
0.2570728036148748,-5.9881707526513175,27.37140943975335,0.2,-0.3,0.3,0.905,False
0.2572536530287578,-13.020157338314974,27.420114788337067,0.2,-0.3,0.3,0.905,False
0.2572532949748067,-20.064684054397823,27.420546181029458,0.2,-0.3,0.3,0.905,False
0.2572532900328724,-27.109321755694044,104.22565709827475,0.2,-0.3,0.3,0.905,False
0.2,-0.3,27.368445889597115,0.2,-0.3,0.4,0.905,False
0.254318522508939,-7.248903380705104,36.7077346568182,0.2,-0.3,0.4,0.905,False
0.2540819001978248,-16.568753657808543,36.987892674467254,0.2,-0.3,0.4,0.905,False
0.2540731417381173,-25.95951223991974,36.995925331133975,0.2,-0.3,0.4,0.905,False
0.2540728905094929,-35.35230382586143,137.97054428943008,0.2,-0.3,0.4,0.905,False
0.2,-0.3,31.73617216790772,0.2,-0.3,0.5,0.905,False
0.2517699995950211,-8.280548888857368,45.89959323580187,0.2,-0.3,0.5,0.905,False
0.251005038133615,-19.796117863782527,46.75376077962105,0.2,-0.3,0.5,0.905,False
0.25095907486795,-31.524029876426344,46.80359111351667,0.2,-0.3,0.5,0.905,False
0.2509563939825266,-43.26432721416682,171.20949865847012,0.2,-0.3,0.5,0.905,False
0.2,-0.3,35.43789750680085,0.2,-0.3,0.6,0.905,False
0.2494640097304916,-9.131956949730204,54.811593596012116,0.2,-0.3,0.6,0.905,False
0.2479650470771876,-22.718807961353537,56.67975241198963,0.2,-0.3,0.6,0.905,False
0.2478238102606903,-36.761028088381,56.85483297194548,0.2,-0.3,0.6,0.905,False
0.2478105820111733,-50.84589807272236,203.97582678468981,0.2,-0.3,0.6,0.905,False
0.2,-0.3,38.60244394036675,0.2,-0.3,0.7,0.905,False
0.2473990132344732,-9.842493442113364,63.35717698476847,0.2,-0.3,0.7,0.905,False
0.2449822512370963,-25.36003340090094,66.70491834473806,0.2,-0.3,0.7,0.905,False
0.2446642484332767,-41.67667570943628,67.1453376451715,0.2,-0.3,0.7,0.905,False
0.2446224744211694,-58.09829094294705,236.28054341471758,0.2,-0.3,0.7,0.905,False
0.2,-0.3,41.33242513905423,0.2,-0.3,0.8,0.905,False
0.2455569757369732,-10.442354747655642,71.49201566130215,0.2,-0.3,0.8,0.905,False
0.242086837216126,-27.746274307656865,76.762123638163,0.2,-0.3,0.8,0.905,False
0.2414989911812735,-46.28110645644112,77.6569165664955,0.2,-0.3,0.8,0.905,False
0.241399466811915,-65.02433628365404,268.12570996223184,0.2,-0.3,0.8,0.905,False
0.2,-0.3,43.708136584613655,0.2,-0.3,0.9,0.905,False
0.2439142152181334,-10.954390438069888,79.20107601550136,0.2,-0.3,0.9,0.905,False
0.2393027039446373,-29.90443706242645,86.78891647863826,0.2,-0.3,0.9,0.905,False
0.2383514065427157,-50.58795533897201,88.36137264595907,0.2,-0.3,0.9,0.905,False
0.2381552124389466,-71.62898205127588,299.51019527954526,0.2,-0.3,0.9,0.905,False
0.2,-0.3,45.79234199321498,0.2,-0.3,1.0,0.905,False
0.2424465323492542,-11.395918776798664,86.48768254302895,0.2,-0.3,1.0,0.905,False
0.2366448943458728,-31.86009367585385,96.73246717485814,0.2,-0.3,1.0,0.905,False
0.2352435917913797,-54.61336069646237,99.22501695324264,0.2,-0.3,1.0,0.905,False
0.2349051651119845,-77.91946318831707,330.4324409982886,0.2,-0.3,1.0,0.905,False
0.2,-0.3,3.2391233509295407,0.2,-0.3,0.01,0.75,False
0.2795690101910052,-1.092276570389018,2.9065210833864827,0.2,-0.3,0.01,0.75,False
0.3036904432620518,-1.859423115293048,2.803142679964563,0.2,-0.3,0.01,0.75,False
0.3123292141543023,-2.6143016347857952,2.762864821207393,0.2,-0.3,0.01,0.75,False
0.3159910584104876,-3.363956654411901,9.83873178778555,0.2,-0.3,0.01,0.75,False
0.2,-0.3,3.104159155622835,0.2,-0.3,0.01,0.76,False
0.2806541567566845,-1.0518648880954349,2.778173804067328,0.2,-0.3,0.01,0.76,False
0.306390690262096,-1.7800271190334185,2.6750732326025948,0.2,-0.3,0.01,0.76,False
0.3159052621454816,-2.4961395722916917,2.63414494708416,0.2,-0.3,0.01,0.76,False
0.3200233950446542,-3.2069233898442118,9.23614372820405,0.2,-0.3,0.01,0.76,False
0.2,-0.3,2.974713618124829,0.2,-0.3,0.01,0.77,False
0.2817827167288319,-1.012426799853121,2.65591008204997,0.2,-0.3,0.01,0.77,False
0.3092548948441782,-1.7025769576695724,2.553360512368798,0.2,-0.3,0.01,0.77,False
0.3197509306677832,-2.380934276016049,2.511946292845651,0.2,-0.3,0.01,0.77,False
0.3243891912617618,-3.0538804467647838,8.65351276602178,0.2,-0.3,0.01,0.77,False
0.2,-0.3,2.850764066906102,0.2,-0.3,0.01,0.78,False
0.2829541034751587,-0.9739249153924556,2.539759604696774,0.2,-0.3,0.01,0.78,False
0.3122904028416653,-1.6269941357985052,2.4380541200135357,0.2,-0.3,0.01,0.78,False
0.323888308590445,-2.2685649092182443,2.3963248924193055,0.2,-0.3,0.01,0.78,False
0.3291228343794968,-2.9046659234091443,8.090745346857425,0.2,-0.3,0.01,0.78,False
0.2,-0.3,2.732295435054212,0.2,-0.3,0.01,0.79,False
0.284167715354914,-0.9363237512262832,2.4297602889090557,0.2,-0.3,0.01,0.79,False
0.3155047408948064,-1.5532041831112466,2.3292162648963934,0.2,-0.3,0.01,0.79,False
0.3283413722534853,-2.158916622470165,2.2873504505577995,0.2,-0.3,0.01,0.79,False
0.3342631514919122,-2.7591256400504296,7.547836759254224,0.2,-0.3,0.01,0.79,False
0.2,-0.3,2.6192994300156025,0.2,-0.3,0.01,0.8,False
0.2854229366715967,-0.8995896113172809,2.325955040463192,0.2,-0.3,0.01,0.8,False
0.3189056017229532,-1.4811364197287582,2.226917711814013,0.2,-0.3,0.01,0.8,False
0.3331360834721675,-2.051880238304072,2.185102830891773,0.2,-0.3,0.01,0.8,False
0.3398539305626755,-2.617112729283685,7.024880618520024,0.2,-0.3,0.01,0.8,False
0.2,-0.3,2.511773484662405,0.2,-0.3,0.01,0.81,False
0.286719138665172,-0.8636904765526477,2.228387840233149,0.2,-0.3,0.01,0.81,False
0.3225008292912044,-1.4107237399693329,2.13123242771062,0.2,-0.3,0.01,0.81,False
0.3383004873720218,-1.9473519709450675,2.0896669955864278,0.2,-0.3,0.01,0.81,False
0.3459444881326984,-2.478487286411459,6.522079186866701,0.2,-0.3,0.01,0.81,False
0.2,-0.3,2.4097194361891408,0.2,-0.3,0.01,0.82,False
0.2880556805312397,-0.8285959022806051,2.1370991178087784,0.2,-0.3,0.01,0.82,False
0.326298404013994,-1.341902413111183,2.042230831783246,0.2,-0.3,0.01,0.82,False
0.3438648100752582,-1.845233180157509,2.001126150271324,0.2,-0.3,0.01,0.82,False
0.3525902863207418,-2.3431160824700985,6.039754340565404,0.2,-0.3,0.01,0.82,False
0.2,-0.3,2.3131418792921403,0.2,-0.3,0.01,0.83,False
0.2894319104561585,-0.7942769232341487,2.0521204206713763,0.2,-0.3,0.01,0.83,False
0.3303064281435141,-1.2746118998645724,1.959971660872994,0.2,-0.3,0.01,0.83,False
0.3498615564728854,-1.7454301586899923,1.9195529618080671,0.2,-0.3,0.01,0.83,False
0.359853602281528,-2.210872344106771,5.578358892156828,0.2,-0.3,0.01,0.83,False
0.2,-0.3,2.222046144931152,0.2,-0.3,0.01,0.84,False
0.2908471666585663,-0.7607059652310526,1.9734684576025927,0.2,-0.3,0.01,0.84,False
0.3345331114959159,-1.2087946834028322,1.884492622152731,0.2,-0.3,0.01,0.84,False
0.3563256085900436,-1.6478539532730418,1.8449989139075487,0.2,-0.3,0.01,0.84,False
0.3678042540814251,-2.0816356064888493,5.138487801476639,0.2,-0.3,0.01,0.84,False
0.2,-0.3,2.1364358678424566,0.2,-0.3,0.01,0.85,False
0.2923007784290468,-0.7278567630958879,1.9011386887953121,0.2,-0.3,0.01,0.85,False
0.3389867576731449,-1.1443961139231456,1.8158002140879246,0.2,-0.3,0.01,0.85,False
0.3632943253968394,-1.5524202196143897,1.7774821520104283,0.2,-0.3,0.01,0.85,False
0.3765203881919747,-1.9552916477805449,4.7208885016672175,0.2,-0.3,0.01,0.85,False
0.2,-0.3,2.0563101271431248,0.2,-0.3,0.01,0.86,False
0.2937920671608216,-0.6957042843009097,1.8350987478744578,0.2,-0.3,0.01,0.86,False
0.3436757509430944,-1.081364265817479,1.7538593372320803,0.2,-0.3,0.01,0.86,False
0.3708076453474329,-1.4590491123574667,1.7169745272219779,0.2,-0.3,0.01,0.86,False
0.3860893356692255,-1.831732516553328,4.32646902346786,0.2,-0.3,0.01,0.86,False
0.2,-0.3,1.9816601769144828,0.2,-0.3,0.01,0.87,False
0.295320347365451,-0.6642246578683678,1.77528210232544,0.2,-0.3,0.01,0.87,False
0.348608543945929,-1.019649806632794,1.6985835541513021,0.2,-0.3,0.01,0.87,False
0.3789081934642937,-1.367665211527103,1.6633889313557122,0.2,-0.3,0.01,0.87,False
0.3966085468297374,-1.7108566669191023,3.9563016718768242,0.2,-0.3,0.01,0.87,False
0.2,-0.3,1.9124658289506762,0.2,-0.3,0.01,0.88,False
0.2968849276684006,-0.6333951081179952,1.721582472567811,0.2,-0.3,0.01,0.88,False
0.3537936463998929,-0.9592058770893186,1.6498270441887397,0.2,-0.3,0.01,0.88,False
0.3876413954440322,-1.2781974875904312,1.6165683423446275,0.2,-0.3,0.01,0.88,False
0.4081866181861613,-1.5925692203172703,3.611618510559068,0.2,-0.3,0.01,0.88,False
0.2,-0.3,1.848691607958154,0.2,-0.3,0.01,0.89,False
0.2984851117802337,-0.6031938928804912,1.6738496176966837,0.2,-0.3,0.01,0.89,False
0.3592396149862532,-0.899987981506623,1.6073793843512354,0.2,-0.3,0.01,0.89,False
0.3970556020742766,-1.1905793079175444,1.5762781787514737,0.2,-0.3,0.01,0.89,False
0.4209444310203038,-1.4767823778909674,3.293792722115641,0.2,-0.3,0.01,0.89,False
0.2,-0.3,1.79028286861901,0.2,-0.3,0.01,0.9,False
0.3001201994399143,-0.5736002458311854,1.631887144583591,0.2,-0.3,0.01,0.9,False
0.3649550446001796,-0.8419538880609451,1.5709642455475952,0.2,-0.3,0.01,0.9,False
0.4072022282519369,-1.104748488141597,1.5422035255926623,0.2,-0.3,0.01,0.9,False
0.4350164288641746,-1.3634160134005069,3.004297270047695,0.2,-0.3,0.01,0.9,False
0.2,-0.3,1.737162140393738,0.2,-0.3,0.01,0.91,False
0.3017894873273521,-0.5445943226282006,1.5954530107482434,0.2,-0.3,0.01,0.91,False
0.3709485611628613,-0.7850635383643475,1.5402429518839778,0.2,-0.3,0.01,0.91,False
0.4181359121262836,-1.0206473926966295,1.5139525527593969,0.2,-0.3,0.01,0.91,False
0.4505520721675898,-1.252398483779479,2.744630437743669,0.2,-0.3,0.01,0.91,False
0.2,-0.3,1.6892260449381158,0.2,-0.3,0.01,0.92,False
0.3034922699429599,-0.5161571505666931,1.5642634083353708,0.2,-0.3,0.01,0.92,False
0.3772288162002499,-0.7292789659173134,1.5148237300162888,0.2,-0.3,0.01,0.92,False
0.4299147014111908,-0.9382230896540976,1.4910671578193604,0.2,-0.3,0.01,0.92,False
0.4677175236984479,-1.1436677028324882,2.5162002097785487,0.2,-0.3,0.01,0.92,False
0.2,-0.3,1.6463432088701737,0.2,-0.3,0.01,0.93,False
0.3052278404524788,-0.4882705814852826,1.5380008317724014,0.2,-0.3,0.01,0.93,False
0.3838044834058242,-0.6745642230422321,1.4942776366825445,0.2,-0.3,0.01,0.93,False
0.4426002757903681,-0.8574275658842039,1.473041907220869,0.2,-0.3,0.01,0.93,False
0.4866976393149305,-1.0371725331992128,2.320173240992528,0.2,-0.3,0.01,0.93,False
0.2,-0.3,1.6083536729353118,0.2,-0.3,0.01,0.94,False
0.3069954914957928,-0.4609172476831966,1.5163275356238852,0.2,-0.3,0.01,0.94,False
0.3906842574190638,-0.620885315956331,1.4781630963491514,0.2,-0.3,0.01,0.94,False
0.4562582166673394,-0.7782180095260073,1.4593534932052155,0.2,-0.3,0.01,0.94,False
0.5076983678174849,-0.9328745623729572,2.157330899712915,0.2,-0.3,0.01,0.94,False
0.2,-0.3,1.5750703906753798,0.2,-0.3,0.01,0.95,False
0.3087945159588813,-0.4340805206266949,1.4989066493209875,0.2,-0.3,0.01,0.95,False
0.3978768550684837,-0.5682101476891012,1.4660637207060887,0.2,-0.3,0.01,0.95,False
0.4709583384027105,-0.7005571677432882,1.4495068153258894,0.2,-0.3,0.01,0.95,False
0.5309497035874857,-0.8307503397289571,2.028049339335709,0.2,-0.3,0.01,0.95,False
0.2,-0.3,1.5601287268288289,0.2,-0.3,0.01,0.955,False
0.309705572498542,-0.420850880751622,1.491693680489436,0.2,-0.3,0.01,0.955,False
0.4015931937508982,-0.5422394416374485,1.4614110232602369,0.2,-0.3,0.01,0.955,False
0.4787222905751338,-0.6622975002443621,1.4458954367811245,0.2,-0.3,0.01,0.955,False
0.5434986894217927,-0.780500819527124,1.976073042980719,0.2,-0.3,0.01,0.955,False
0.2,-0.3,1.5462835498265364,0.2,-0.3,0.01,0.96,False
0.3106242077083744,-0.4077444722418036,1.4854356775081232,0.2,-0.3,0.01,0.96,False
0.4053910193482112,-0.5165084685922245,1.4576509379566729,0.2,-0.3,0.01,0.96,False
0.4867750987802317,-0.624413788740643,1.443114516797142,0.2,-0.3,0.01,0.96,False
0.5567093907136427,-0.7307941620688982,1.9326522098108911,0.2,-0.3,0.01,0.96,False
0.2,-0.3,1.5335064055768508,0.2,-0.3,0.01,0.965,False
0.3115503335892802,-0.3947594075786357,1.480109325601868,0.2,-0.3,0.01,0.965,False
0.4092714299710548,-0.4910137290831876,1.454774871380497,0.2,-0.3,0.01,0.965,False
0.49512687967605,-0.5869031523587194,1.4411580772713382,0.2,-0.3,0.01,0.965,False
0.5706191361332809,-0.681632989842965,1.898014799583086,0.2,-0.3,0.01,0.965,False
0.2,-0.3,1.5217687069083334,0.2,-0.3,0.01,0.97,False
0.3124838622885135,-0.3818938386069683,1.475702621688992,0.2,-0.3,0.01,0.97,False
0.4132355264211628,-0.4657518342289368,1.4527999272049015,0.2,-0.3,0.01,0.97,False
0.5037881109358731,-0.5497631579663724,1.440055966840575,0.2,-0.3,0.01,0.97,False
0.5852676528860098,-0.6330215030238681,1.8726258582553423,0.2,-0.3,0.01,0.97,False
0.2,-0.3,1.5110423086741636,0.2,-0.3,0.01,0.975,False
0.313424706119412,-0.3691459555198258,1.4722196639405893,0.2,-0.3,0.01,0.975,False
0.4172844125986469,-0.4407195048124045,1.4517813120469005,0.2,-0.3,0.01,0.975,False
0.5127696548198796,-0.5129918428435772,1.4398938636275986,0.2,-0.3,0.01,0.975,False
0.6006972984991649,-0.5849656286049563,1.8573549752033995,0.2,-0.3,0.01,0.975,False
0.2,-0.3,1.5013002260810664,0.2,-0.3,0.01,0.98,False
0.3143727775805517,-0.3565139858743396,1.4696874414011893,0.2,-0.3,0.01,0.98,False
0.4214191959699848,-0.4159135704655844,1.4518315573591352,0.2,-0.3,0.01,0.98,False
0.5220827846067418,-0.476587739261364,1.440846334265446,0.2,-0.3,0.01,0.98,False
0.6169533271738835,-0.5374731830768703,1.8537362049923247,0.2,-0.3,0.01,0.98,False
0.2,-0.3,1.4925175321451767,0.2,-0.3,0.01,0.985,False
0.3153279893743145,-0.3439961936377214,1.46816565089889,0.2,-0.3,0.01,0.985,False
0.4256409880998409,-0.391330968962656,1.453151114104303,0.2,-0.3,0.01,0.985,False
0.5317392142429765,-0.4405499010597902,1.4432332613791292,0.2,-0.3,0.01,0.985,False
0.63408419663056,-0.4905540490151884,1.864376224003642,0.2,-0.3,0.01,0.985,False
0.2,-0.3,1.484672482497662,0.2,-0.3,0.01,0.99,False
0.3162902544248978,-0.3315908782622383,1.4677611740893557,0.2,-0.3,0.01,0.99,False
0.4299509052500874,-0.3669687456207675,1.4560784376202045,0.2,-0.3,0.01,0.99,False
0.54175113161114,-0.4048779323150722,1.447619537191921,0.2,-0.3,0.01,0.99,False
0.6521419223992151,-0.4442203656749207,1.8936053123015588,0.2,-0.3,0.01,0.99,False
0.2,-0.3,1.4810959908661923,0.2,-0.3,0.01,0.9925,False
0.3167740047752608,-0.325429877457889,1.4680293788795284,0.2,-0.3,0.01,0.9925,False
0.4321392609873732,-0.3548693817047958,1.4583082134656287,0.2,-0.3,0.01,0.9925,False
0.5468943455967366,-0.387179183262438,1.4508481464072935,0.2,-0.3,0.01,0.9925,False
0.6615356836724662,-0.4212775286155797,1.9172629517752957,0.2,-0.3,0.01,0.9925,False
0.2,-0.3,1.4777479326840155,0.2,-0.3,0.01,0.995,False
0.3172594858957461,-0.3192963737881835,1.4686498608411493,0.2,-0.3,0.01,0.995,False
0.4343500690494705,-0.3428240528078636,1.4611745020592792,0.2,-0.3,0.01,0.995,False
0.5521312358661189,-0.3695720181829639,1.4549980441530743,0.2,-0.3,0.01,0.995,False
0.6711824877014019,-0.398486733315244,1.948534189426449,0.2,-0.3,0.01,0.995,False
0.2,-0.3,1.4746271782617264,0.2,-0.3,0.01,0.9975,False
0.3177466869719332,-0.3131901642697924,1.46966084342216,0.2,-0.3,0.01,0.9975,False
0.4365834706006017,-0.3308324196393651,1.4648061872133267,0.2,-0.3,0.01,0.9975,False
0.5574634765737961,-0.3520565564453591,1.4603170716474412,0.2,-0.3,0.01,0.9975,False
0.6810900302385591,-0.375850224988198,1.9890279643515318,0.2,-0.3,0.01,0.9975,False
0.2,-10.1,1.4142135623732464,0.2,-10.1,0.01,1.0,False
0.1999994559077167,-10.100000141665186,1.4142135623734131,0.2,-10.1,0.01,1.0,False
0.1999989304735993,-10.100000341774225,1.4142135623736312,0.2,-10.1,0.01,1.0,False
0.1999984299451405,-10.100000597939744,1.4142135623738898,0.2,-10.1,0.01,1.0,False
0.1999979602758525,-10.100000907117858,1.4142135623797352,0.2,-10.1,0.01,1.0,False
0.2,-10.1,1.4184884831912283,0.2,-10.1,0.01,1.01,False
0.1999994207903873,-10.077991370640138,1.4185428326425729,0.2,-10.1,0.01,1.01,False
0.1999988354755819,-10.05584313158072,1.418542831845727,0.2,-10.1,0.01,1.01,False
0.1999982512146849,-10.033694959269534,1.4185428302428935,0.2,-10.1,0.01,1.01,False
0.1999976754535432,-10.011546854681391,1.4817569723695878,0.2,-10.1,0.01,1.01,False
0.2,-10.1,1.4309085940792252,0.2,-10.1,0.01,1.02,False
0.1999993861220571,-10.056411429748623,1.431117882384152,0.2,-10.1,0.01,1.02,False
0.1999987392216097,-10.012549027384598,1.431117940048934,0.2,-10.1,0.01,1.02,False
0.1999980656600174,-9.96868669807652,1.4311179963722054,0.2,-10.1,0.01,1.02,False
0.1999973727184797,-9.92482444768458,1.6634850383612803,0.2,-10.1,0.01,1.02,False
0.2,-10.1,1.450800316985366,0.2,-10.1,0.01,1.03,False
0.199999351897158,-10.035247907031216,1.451251404520938,0.2,-10.1,0.01,1.03,False
0.1999986417278777,-9.970092968254027,1.4512516032193226,0.2,-10.1,0.01,1.03,False
0.1999978731605946,-9.9049381041034,1.4512518085715487,0.2,-10.1,0.01,1.03,False
0.1999970513103131,-9.839783325924389,1.9216838016514803,0.2,-10.1,0.01,1.03,False
0.2,-10.1,1.4774319477614435,0.2,-10.1,0.01,1.04,False
0.1999993181101561,-10.014488864932371,1.4781969577765022,0.2,-10.1,0.01,1.04,False
0.19999854301127,-9.928450854163383,1.478197401538913,0.2,-10.1,0.01,1.04,False
0.1999976736004089,-9.84241291450153,1.4781978790880266,0.2,-10.1,0.01,1.04,False
0.1999967104624334,-9.756375063077185,2.2253203586165013,0.2,-10.1,0.01,1.04,False
0.2,-10.1,1.5100501722636515,0.2,-10.1,0.01,1.05,False
0.1999992847555508,-9.994122817849874,1.5111865988424766,0.2,-10.1,0.01,1.05,False
0.1999984430892966,-9.887599500375895,1.5111874108108094,0.2,-10.1,0.01,1.05,False
0.199997466868022,-9.7810762450471,1.5111883153939327,0.2,-10.1,0.01,1.05,False
0.1999963494028276,-9.674553074749555,2.5544654938412337,0.2,-10.1,0.01,1.05,False
0.2,-10.1,1.5479113861691234,0.2,-10.1,0.01,1.06,False
0.1999992518278766,-9.97413871094823,1.5494630595362842,0.2,-10.1,0.01,1.06,False
0.1999983419800403,-9.847516594401688,1.5494643795115144,0.2,-10.1,0.01,1.06,False
0.1999972528565966,-9.72089452524468,1.5494658967478272,0.2,-10.1,0.01,1.06,False
0.1999959673549545,-9.594272531727563,2.8972861069000593,0.2,-10.1,0.01,1.06,False
0.2,-10.1,1.5903056585448003,0.2,-10.1,0.01,1.07,False
0.1999992193217049,-9.95452590015128,1.5923042542676016,0.2,-10.1,0.01,1.07,False
0.1999982397021012,-9.808180655360474,1.5923062364306777,0.2,-10.1,0.01,1.07,False
0.199997031463913,-9.661835437060224,1.5923085816796712,0.2,-10.1,0.01,1.07,False
0.1999955635385933,-9.51549027808127,3.2467941179497717,0.2,-10.1,0.01,1.07,False
0.2,-10.1,1.636572921630413,0.2,-10.1,0.01,1.08,False
0.1999991872316428,-9.93527413324129,1.639039724164719,0.2,-10.1,0.01,1.08,False
0.1999981362745454,-9.769570995596796,1.6390425351254718,0.2,-10.1,0.01,1.08,False
0.1999968025923784,-9.603867857053109,1.639045952528551,0.2,-10.1,0.01,1.08,False
0.1999951371706994,-9.43816475381408,3.5987752455690574,0.2,-10.1,0.01,1.08,False
0.2,-10.1,1.6861121755887951,0.2,-10.1,0.01,1.09,False
0.199999155552339,-9.916373531990908,1.6890598729800237,0.2,-10.1,0.01,1.09,False
0.1999980317168582,-9.73166768440088,1.6890636902081146,0.2,-10.1,0.01,1.09,False
0.1999965661490322,-9.546961801686244,1.689068451945521,0.2,-10.1,0.01,1.09,False
0.199994687466252,-9.362255921763303,3.9506183310746628,0.2,-10.1,0.01,1.09,False
0.2,-10.1,1.738385106349127,0.2,-10.1,0.01,1.1,False
0.1999991242784793,-9.897814575264425,1.7418194696193163,0.2,-10.1,0.01,1.1,False
0.1999979260488956,-9.694451513702576,1.7418244802423057,0.2,-10.1,0.01,1.1,False
0.1999963220455335,-9.491088375613227,1.7418308860570755,0.2,-10.1,0.01,1.1,False
0.1999942136390776,-9.287725198481226,4.30066487626976,0.2,-10.1,0.01,1.1,False
0.2,-10.1,1.7929156538572135,0.2,-10.1,0.01,1.11,False
0.1999990934047925,-9.879588083027118,1.7968370217770466,0.2,-10.1,0.01,1.11,False
0.1999978192908436,-9.657903965614816,1.7968434216952696,0.2,-10.1,0.01,1.11,False
0.1999960701981574,-9.4362197227562,1.796851798679473,0.2,-10.1,0.01,1.11,False
0.1999937149026786,-9.214535388848509,4.647841164645167,0.2,-10.1,0.01,1.11,False
0.2,-10.1,1.8492869205940425,0.2,-10.1,0.01,1.12,False
0.199999062926048,-9.861685201206166,1.8536914601708099,0.2,-10.1,0.01,1.12,False
0.1999977114631727,-9.622007181710384,1.8536994534247682,0.2,-10.1,0.01,1.12,False
0.1999958105277635,-9.382328979998984,1.8537101560351776,0.2,-10.1,0.01,1.12,False
0.1999931904710311,-9.142650624184602,4.991443995318061,0.2,-10.1,0.01,1.12,False
0.2,-10.1,1.9071365353585326,0.2,-10.1,0.01,1.13,False
0.1999990328370589,-9.84409738735055,1.9120172802735234,0.2,-10.1,0.01,1.13,False
0.1999976025866007,-9.586743933925298,1.9120270786021645,0.2,-10.1,0.01,1.13,False
0.1999955429597749,-9.329390233334228,1.9120404888591893,0.2,-10.1,0.01,1.13,False
0.1999926395593757,-9.072036303639894,5.331011811594789,0.2,-10.1,0.01,1.13,False
0.2,-10.1,1.9661512910431416,0.2,-10.1,0.01,1.14,False
0.1999990031326823,-9.82681639704183,1.971498977919491,0.2,-10.1,0.01,1.14,False
0.1999974926820559,-9.552097596989697,1.9715108004553672,0.2,-10.1,0.01,1.14,False
0.1999952674241453,-9.277378476314736,1.9715273282805734,0.2,-10.1,0.01,1.14,False
0.1999920613849942,-9.002659038668313,5.666244725532782,0.2,-10.1,0.01,1.14,False
0.2,-10.1,2.0260616133484253,0.2,-10.1,0.01,1.15,False
0.1999989738078199,-9.809834271009109,2.0318653434291387,0.2,-10.1,0.01,1.15,False
0.1999973817706408,-9.518052122292213,3.2352444403760248,0.2,-10.1,0.01,1.15,False
0.2,-10.1,2.086636210757079,0.2,-10.1,0.01,1.16,False
0.19999894485742,-9.79314332290776,2.0928839661144654,0.2,-10.1,0.01,1.16,False
0.1999972698735992,-9.484592013093645,3.386507792491153,0.2,-10.1,0.01,1.16,False
0.2,-10.1,2.1476771053264403,0.2,-10.1,0.01,1.17,False
0.1999989162764772,-9.776736127720254,2.1543561468730847,0.2,-10.1,0.01,1.17,False
0.199997157012285,-9.451702301007066,3.536601241187435,0.2,-10.1,0.01,1.17,False
0.2,-10.1,2.2090151405196674,0.2,-10.1,0.01,1.18,False
0.1999988880600343,-9.76060551074443,2.2161123117115444,0.2,-10.1,0.01,1.18,False
0.1999970432081338,-9.41936852367123,3.6853527305628786,0.2,-10.1,0.01,1.18,False
0.2,-10.1,2.2705059955164915,0.2,-10.1,0.01,1.19,False
0.1999988602031819,-9.74474453713334,2.278007951796997,0.2,-10.1,0.01,1.19,False
0.1999969284826313,-9.38757670354639,3.832631720901021,0.2,-10.1,0.01,1.19,False
0.2,-10.1,2.3320266949441453,0.2,-10.1,0.01,1.2,False
0.1999988327010592,-9.729146501955416,2.3399200752936453,0.2,-10.1,0.01,1.2,False
0.1999968128572919,-9.356313327767644,3.978340091473541,0.2,-10.1,0.01,1.2,False
0.2,-0.3,1.7025206250102056,0.2,-0.3,0.01,0.905,True
0.3037183243206334,-0.5243912763127532,1.5928619416685175,0.2,-0.3,0.01,0.905,True
0.3754930473227641,-0.7633838416216745,1.5400226252890994,0.2,-0.3,0.01,0.905,True
0.4245605272354933,-1.0011452349282464,1.5144436700634063,0.2,-0.3,0.01,0.905,True
0.4581565365960843,-1.2368438877726609,2.694544568659203,0.2,-0.3,0.01,0.905,True
0.2,-0.3,1.8838245799921614,0.2,-0.3,0.015,0.905,True
0.2987659695872086,-0.6207619336706817,1.7503857571724628,0.2,-0.3,0.015,0.905,True
0.3565575730540564,-0.9666272862016624,1.6821993592412163,0.2,-0.3,0.015,0.905,True
0.389860976020167,-1.3117575534775354,1.6505501060770082,0.2,-0.3,0.015,0.905,True
0.4093651540369846,-1.6553078856335437,3.740313414180305,0.2,-0.3,0.015,0.905,True
0.2,-0.3,2.092358891728292,0.2,-0.3,0.02,0.905,True
0.2947341449530977,-0.7119642012306273,1.958983075986712,0.2,-0.3,0.02,0.905,True
0.3423184549831559,-1.1616180850541418,1.8844943127358522,0.2,-0.3,0.02,0.905,True
0.3659567041587493,-1.6120101155065247,1.8519213118589377,0.2,-0.3,0.02,0.905,True
0.3782138860303852,-2.061970700667164,4.967696678666053,0.2,-0.3,0.02,0.905,True
0.2,-0.3,2.318335256963404,0.2,-0.3,0.025,0.905,True
0.2914016308192331,-0.7989235022427831,2.2057216870630447,0.2,-0.3,0.025,0.905,True
0.331376815810154,-1.349791276650684,2.1330669852929316,0.2,-0.3,0.025,0.905,True
0.3488757323518453,-1.9036681842609144,2.1038795192957447,0.2,-0.3,0.025,0.905,True
0.3571563816035132,-2.4587909302275444,6.281767667883103,0.2,-0.3,0.025,0.905,True
0.2,-0.3,2.5546976367687977,0.2,-0.3,0.03,0.905,True
0.2886164139774787,-0.8822659917921669,2.4789377223777334,0.2,-0.3,0.03,0.905,True
0.3228151957720641,-1.5321391128366748,2.414154261205805,0.2,-0.3,0.03,0.905,True
0.3362734081991925,-2.187998635360623,2.3914431581856554,0.2,-0.3,0.03,0.905,True
0.3422116652958334,-2.8472287479560707,7.634718901822029,0.2,-0.3,0.03,0.905,True
0.2,-0.3,2.7965879623364516,0.2,-0.3,0.035,0.905,True
0.2862683304754503,-0.962450160656131,2.769705992948371,0.2,-0.3,0.035,0.905,True
0.3160083607531679,-1.7093959762705386,2.7170865076654542,0.2,-0.3,0.035,0.905,True
0.3267081593183736,-2.4659454042179823,2.703097180586043,0.2,-0.3,0.035,0.905,True
0.3311627169662421,-3.228365771145506,9.002345545976425,0.2,-0.3,0.035,0.905,True
0.2,-0.3,3.0407218241369423,0.2,-0.3,0.04,0.905,True
0.2842747480810519,-1.039829093704542,3.0716841860393242,0.2,-0.3,0.04,0.905,True
0.3105186362985837,-1.882128989757759,3.034397158876784,0.2,-0.3,0.04,0.905,True
0.3192643904597056,-2.738231172684531,3.0308479727061837,0.2,-0.3,0.04,0.905,True
0.3227143290230924,-3.603015269495229,10.371945718879434,0.2,-0.3,0.04,0.905,True
0.2,-0.3,3.2848929587680744,0.2,-0.3,0.045,0.905,True
0.2825721393598058,-1.114684466388295,3.380504736460648,0.2,-0.3,0.045,0.905,True
0.3060331735903552,-2.0507894076637783,3.3610488078641723,0.2,-0.3,0.045,0.905,True
0.3133437453776189,-3.005422216856369,3.369293372591174,0.2,-0.3,0.045,0.905,True
0.3160752517600617,-3.9718027263209863,11.736550169929238,0.2,-0.3,0.045,0.905,True
0.2,-0.3,3.5276244271600103,0.2,-0.3,0.05,0.905,True
0.2811107370286637,-1.1872469533323196,3.6931925375837484,0.2,-0.3,0.05,0.905,True
0.3023244214475057,-2.2157445621519303,3.6936572542841293,0.2,-0.3,0.05,0.905,True
0.3085447694538477,-3.267971603927067,3.7147623538570302,0.2,-0.3,0.05,0.905,True
0.3107413573965117,-4.335221181665296,13.09216534850613,0.2,-0.3,0.05,0.905,True
0.2,-0.3,5.767058898012124,0.2,-0.3,0.1,0.905,True
0.2738132818828393,-1.8185271261581544,6.789511339074501,0.2,-0.3,0.1,0.905,True
0.285107380884345,-3.710932489029994,7.0612168101228185,0.2,-0.3,0.1,0.905,True
0.2871002066175323,-5.697033890027213,7.235159315531232,0.2,-0.3,0.1,0.905,True
0.2875668006504562,-7.737475352671003,25.915059229065434,0.2,-0.3,0.1,0.905,True
0.2,-0.3,9.252486600936683,0.2,-0.3,0.2,0.905,True
0.271364628718846,-2.773496581862332,12.306312183018537,0.2,-0.3,0.2,0.905,True
0.2778911952618229,-6.17036030975335,13.262727711696924,0.2,-0.3,0.2,0.905,True
0.2788988089737419,-9.84820183373729,13.787482117535673,0.2,-0.3,0.2,0.905,True
0.2794006063917681,-13.680104059833134,47.916085624418194,0.2,-0.3,0.2,0.905,True
0.2,-0.3,11.901872681685099,0.2,-0.3,0.3,0.905,True
0.2715152452339647,-3.502435610026792,17.02544371833115,0.2,-0.3,0.3,0.905,True
0.2767844216512931,-8.198349096100825,18.731480020619685,0.2,-0.3,0.3,0.905,True
0.2780934664645546,-13.392556567432722,19.661458322025677,0.2,-0.3,0.3,0.905,True
0.2788769264267535,-18.861469712347773,66.57771116942268,0.2,-0.3,0.3,0.905,True
0.2,-0.3,14.050118162908792,0.2,-0.3,0.4,0.905,True
0.2718823979007907,-4.095223502468134,21.15307675102153,0.2,-0.3,0.4,0.905,True
0.2769033467602364,-9.93933551007146,23.64596925214282,0.2,-0.3,0.4,0.905,True
0.2786176729477732,-16.51569804384236,25.019684040458795,0.2,-0.3,0.4,0.905,True
0.2796776015828349,-23.501943402615517,82.97552479045578,0.2,-0.3,0.4,0.905,True
0.2,-0.3,15.861401217932302,0.2,-0.3,0.5,0.905,True
0.2721636009695109,-4.594899487280038,24.83069102223385,0.2,-0.3,0.5,0.905,True
0.2773068858323247,-11.469319061601553,28.129822909098717,0.2,-0.3,0.5,0.905,True
0.2794100843076258,-19.31910562552298,29.972445533190577,0.2,-0.3,0.5,0.905,True
0.2807314096813829,-27.723927587075845,97.70098363259993,0.2,-0.3,0.5,0.905,True
0.2,-0.3,17.428555111994886,0.2,-0.3,0.6,0.905,True
0.2723317038476434,-5.026288704650569,28.153882834475468,0.2,-0.3,0.6,0.905,True
0.2777334341786591,-12.835574630183896,32.26635778754405,0.2,-0.3,0.6,0.905,True
0.2801931609939835,-21.867667908631383,34.59443920147173,0.2,-0.3,0.6,0.905,True
0.2817586722458414,-31.60678916864611,111.12402727728212,0.2,-0.3,0.6,0.905,True
0.2,-0.3,18.80985711332852,0.2,-0.3,0.7,0.905,True
0.2724033886652214,-5.405259845607451,31.1898593233383,0.2,-0.3,0.7,0.905,True
0.2781029112250003,-14.070216119654036,36.11489497479405,0.2,-0.3,0.7,0.905,True
0.2808854409605126,-24.20655143037778,38.93922748098715,0.2,-0.3,0.7,0.905,True
0.2826773991967687,-35.206514733269834,123.49612647071955,0.2,-0.3,0.7,0.905,True
0.2,-0.3,20.044592839512543,0.2,-0.3,0.8,0.905,True
0.2723991867303163,-5.742657720648454,33.987763263575104,0.2,-0.3,0.8,0.905,True
0.2783937186936419,-15.196332424574736,39.719601825670054,0.2,-0.3,0.8,0.905,True
0.2814668149179818,-26.368960769011977,43.04698677029346,0.2,-0.3,0.8,0.905,True
0.2834676988695136,-38.56478947404722,134.9980707528694,0.2,-0.3,0.8,0.905,True
0.2,-0.3,21.160629367840663,0.2,-0.3,0.9,0.905,True
0.2723363754642176,-6.046255566471023,36.584722113946306,0.2,-0.3,0.9,0.905,True
0.2786047852295574,-16.23120768000769,43.1144970507787,0.2,-0.3,0.9,0.905,True
0.2819384139244769,-28.380266339660352,46.94889628476098,0.2,-0.3,0.9,0.905,True
0.2841313036383364,-41.71384918960698,145.76519809463176,0.2,-0.3,0.9,0.905,True
0.2,-0.3,22.17850583330689,0.2,-0.3,1.0,0.905,True
0.2722284148292027,-6.3218294664299535,39.00954201397162,0.2,-0.3,1.0,0.905,True
0.2787422164830144,-17.188181418821127,46.326480685787466,0.2,-0.3,1.0,0.905,True
0.2823086923020185,-30.26042092161536,50.66979818717323,0.2,-0.3,1.0,0.905,True
0.2846774632778227,-44.67933603981629,155.9019839475026,0.2,-0.3,1.0,0.905,True
0.2,-0.3,2.8789053952271377,0.2,-0.3,0.01,0.75,True
0.2840881455881075,-0.9857418598186511,2.718500798466179,0.2,-0.3,0.01,0.75,True
0.3125482536362013,-1.7060688272658997,2.640764157226539,0.2,-0.3,0.01,0.75,True
0.3230661878437906,-2.4251517945812533,2.612805177298529,0.2,-0.3,0.01,0.75,True
0.3275688104985934,-3.1443463325624808,8.8446778996051,0.2,-0.3,0.01,0.75,True
0.2,-0.3,2.768776645623908,0.2,-0.3,0.01,0.76,True
0.2851642786154426,-0.9507427162808644,2.6042410434122476,0.2,-0.3,0.01,0.76,True
0.3153938384145213,-1.6344952481819728,2.5249383671921275,0.2,-0.3,0.01,0.76,True
0.3269391980988929,-2.3167244166678618,2.4953595385355145,0.2,-0.3,0.01,0.76,True
0.3319842358423905,-2.998698932625777,8.302175756358015,0.2,-0.3,0.01,0.76,True
0.2,-0.3,2.6635680657276293,0.2,-0.3,0.01,0.77,True
0.2862697877199099,-0.916590286439416,2.495829885949025,0.2,-0.3,0.01,0.77,True
0.3183834860584181,-1.5646742645159295,2.4153174391396304,0.2,-0.3,0.01,0.77,True
0.3310727530190624,-2.211003548596854,2.3843235300694166,0.2,-0.3,0.01,0.77,True
0.3367354509855612,-2.8567439689277205,7.778873320236859,0.2,-0.3,0.01,0.77,True
0.2,-0.3,2.563231429895566,0.2,-0.3,0.01,0.78,True
0.2874039705643929,-0.8832524033111069,2.3932612033116145,0.2,-0.3,0.01,0.78,True
0.3215223786164006,-1.4965360849177949,2.311918277382468,0.2,-0.3,0.01,0.78,True
0.3354862654836523,-2.1078794212839345,2.2797212583818864,0.2,-0.3,0.01,0.78,True
0.3418554477530169,-2.718331991436453,7.274663594203659,0.2,-0.3,0.01,0.78,True
0.2,-0.3,2.467722865351843,0.2,-0.3,0.01,0.79,True
0.2885661259209174,-0.8506985338614838,2.2965318728429587,0.2,-0.3,0.01,0.79,True
0.324815742698681,-1.4300145469191985,2.2147638064460966,0.2,-0.3,0.01,0.79,True
0.3402005434089323,-2.007247860796642,2.1815846350202515,0.2,-0.3,0.01,0.79,True
0.3473810888867222,-2.5833208896188293,6.789523109990233,0.2,-0.3,0.01,0.79,True
0.2,-0.3,2.377001806355904,0.2,-0.3,0.01,0.8,True
0.2897555543642171,-0.818899676629187,2.2056385817538904,0.2,-0.3,0.01,0.8,True
0.3282688370949778,-1.365046902862969,2.1238784393758925,0.2,-0.3,0.01,0.8,True
0.3452378366795383,-1.909010000085998,2.0899490159410132,0.2,-0.3,0.01,0.8,True
0.3533534994121745,-2.451575531904828,6.323518863900265,0.2,-0.3,0.01,0.8,True
0.2,-0.3,2.2910297953110645,0.2,-0.3,0.01,0.81,True
0.290971558950243,-0.7878282669247791,2.1205742161604144,0.2,-0.3,0.01,0.81,True
0.3318869407971048,-1.3015736221843033,2.039282621149704,0.2,-0.3,0.01,0.81,True
0.3506218822574917,-1.8130720215662453,2.0048475683977083,0.2,-0.3,0.01,0.81,True
0.3598184853654516,-2.3229674607966646,5.876815598960585,0.2,-0.3,0.01,0.81,True
0.2,-0.3,2.2097691183277735,0.2,-0.3,0.01,0.82,True
0.2922134458746717,-0.7574580889607405,2.0413238637859696,0.2,-0.3,0.01,0.82,True
0.3356753415072912,-1.2395382087145006,1.9609865036393679,0.2,-0.3,0.01,0.82,True
0.3563779476747982,-1.719344929301751,1.9263043219462543,0.2,-0.3,0.01,0.82,True
0.366826981078117,-2.19737464533103,5.449683197120164,0.2,-0.3,0.01,0.82,True
0.2,-0.3,2.133181270682003,0.2,-0.3,0.01,0.83,True
0.2934805251074374,-0.7277641943308597,1.9678605113624823,0.2,-0.3,0.01,0.83,True
0.3396393247109479,-1.1788870318090914,1.8889829166600396,0.2,-0.3,0.01,0.83,True
0.3625328732838925,-1.6277443498893904,1.8543260002330009,0.2,-0.3,0.01,0.83,True
0.3744355266822991,-2.074681293858737,5.042503815428231,0.2,-0.3,0.01,0.83,True
0.2,-0.3,2.0612252587577253,0.2,-0.3,0.01,0.84,True
0.2947721110001975,-0.6987228263120876,1.9001405746471391,0.2,-0.3,0.01,0.84,True
0.3437841633903782,-1.119569170219216,1.8232399312772891,0.2,-0.3,0.01,0.84,True
0.3691151138408193,-1.5381903614473766,1.7888929198658425,0.2,-0.3,0.01,0.84,True
0.3827067782200239,-1.9547777315362045,4.655778180737052,0.2,-0.3,0.01,0.84,True
0.2,-0.3,1.9938557596883641,0.2,-0.3,0.01,0.85,True
0.2960875228643531,-0.6703113495112841,1.838099462198386,0.2,-0.3,0.01,0.85,True
0.348115108453559,-1.0615362677296858,1.7636934541250782,0.2,-0.3,0.01,0.85,True
0.3761547802339482,-1.450607350441285,1.7299494680010932,0.2,-0.3,0.01,0.85,True
0.3917100538103853,-1.8375603485678185,4.290130091400633,0.2,-0.3,0.01,0.85,True
0.2,-0.3,1.9310211779463102,0.2,-0.3,0.01,0.86,True
0.297426085517914,-0.6425081844232142,1.7816474370075748,0.2,-0.3,0.01,0.86,True
0.3526373799499701,-1.0047423996804894,1.7102404240699314,0.2,-0.3,0.01,0.86,True
0.3836836824525848,-1.3649238963981174,1.677394900842555,0.2,-0.3,0.01,0.86,True
0.4015219208641643,-1.722931627143527,3.946307585057333,0.2,-0.3,0.01,0.86,True
0.2,-0.3,1.8726616590735963,0.2,-0.3,0.01,0.87,True
0.2987871298000386,-0.6152927465058938,1.7306660941219496,0.2,-0.3,0.01,0.87,True
0.3573561591434115,-0.9491439495725216,1.662733278536387,0.2,-0.3,0.01,0.87,True
0.3917353752225281,-1.2810726848825342,1.6310753954954822,0.2,-0.3,0.01,0.87,True
0.4122268314925859,-1.610800257230421,3.625178338186303,0.2,-0.3,0.01,0.87,True
0.2,-0.3,1.8187071436085007,0.2,-0.3,0.01,0.88,True
0.3001699930525377,-0.5886453894148672,1.6850058088727098,0.2,-0.3,0.01,0.88,True
0.362276581509972,-0.8946994950332886,1.6209763910702464,0.2,-0.3,0.01,0.88,True
0.4003452081286106,-1.198990449437557,1.5907783867128216,0.2,-0.3,0.01,0.88,True
0.42391781623694,-1.501081353949053,3.3277156365213583,0.2,-0.3,0.01,0.88,True
0.2,-0.3,1.76907556762196,0.2,-0.3,0.01,0.89,True
0.3015740195680357,-0.562547352070062,1.6444845241340507,0.2,-0.3,0.01,0.89,True
0.3674037307279512,-0.8413697024858718,1.5847251421506123,0.2,-0.3,0.01,0.89,True
0.40955038250928,-1.118617943526297,1.5562301911718772,0.2,-0.3,0.01,0.89,True
0.436697250313508,-1.393696792239636,3.0549698588468615,0.2,-0.3,0.01,0.89,True
0.2,-0.3,1.7236713385247564,0.2,-0.3,0.01,0.9,True
0.3029985610048353,-0.5369807092576906,1.6088882396091508,0.2,-0.3,0.01,0.9,True
0.3727426337255577,-0.7891172299249718,1.5536881871247836,0.2,-0.3,0.01,0.9,True
0.4193900179589945,-1.0398999438514729,1.5270977685882157,0.2,-0.3,0.01,0.9,True
0.4506777120704101,-1.2885756779312512,2.808019496364785,0.2,-0.3,0.01,0.9,True
0.2,-0.3,1.682384234628402,0.2,-0.3,0.01,0.91,True
0.3044429767687646,-0.5119283254956859,1.5779735596236162,0.2,-0.3,0.01,0.91,True
0.3782982568517527,-0.7379066372582808,1.5275333863243181,0.2,-0.3,0.01,0.91,True
0.4299052319282567,-0.9627852867740452,1.5029952641705429,0.2,-0.3,0.01,0.91,True
0.4659829607465682,-1.1856549781741497,2.587896898940827,0.2,-0.3,0.01,0.91,True
0.2,-0.3,1.6450888940776698,0.2,-0.3,0.01,0.92,True
0.3059066343625693,-0.4873738119146771,1.5514726889701904,0.2,-0.3,0.01,0.92,True
0.3840755032357912,-0.6877043037204535,1.505897881121445,0.2,-0.3,0.01,0.92,True
0.4411392366896485,-0.8872269398977806,1.4834958948309853,0.2,-0.3,0.01,0.92,True
0.4827490705097578,-1.084880338438125,2.395490362867841,0.2,-0.3,0.01,0.92,True
0.2,-0.3,1.6116450750391824,0.2,-0.3,0.01,0.93,True
0.3073889097035659,-0.4633014859276846,1.5291014139720962,0.2,-0.3,0.01,0.93,True
0.3900792114017941,-0.6384783519108159,1.4884031463493874,0.2,-0.3,0.01,0.93,True
0.4531374588674023,-0.8131821112269123,1.4681501125041314,0.2,-0.3,0.01,0.93,True
0.5011257709251127,-0.9862071177941856,2.23144086219897,0.2,-0.3,0.01,0.93,True
0.2,-0.3,1.5818988896147859,0.2,-0.3,0.01,0.94,True
0.3088891874104401,-0.4396963334810143,1.510571000710203,0.2,-0.3,0.01,0.94,True
0.3963141552062922,-0.5901985780457369,1.4746769088176914,0.2,-0.3,0.01,0.94,True
0.4659476878401442,-0.7406123986302994,1.4565124370781735,0.2,-0.3,0.01,0.94,True
0.5212780615165904,-0.8896016787250871,2.0960850279479826,0.2,-0.3,0.01,0.94,True
0.2,-0.3,1.5556852489941855,0.2,-0.3,0.01,0.95,True
0.3104068610601914,-0.4165439736961858,1.4956058275772686,0.2,-0.3,0.01,0.95,True
0.4027850451689813,-0.5428363880520205,1.4643863763152603,0.2,-0.3,0.01,0.95,True
0.4796202606606149,-0.6694839826437003,1.4481832806240347,0.2,-0.3,0.01,0.95,True
0.5433881913162636,-0.7950429717831626,1.989553191190117,0.2,-0.3,0.01,0.95,True
0.2,-0.3,1.5438494172310202,0.2,-0.3,0.01,0.955,True
0.3111720343627233,-0.4051332619625515,1.4893840188295848,0.2,-0.3,0.01,0.955,True
0.4061104253355277,-0.519490877032947,1.4604490337290241,0.2,-0.3,0.01,0.955,True
0.4867964086305381,-0.6344510032786997,1.445163869839187,0.2,-0.3,0.01,0.955,True
0.5552397098755795,-0.7485284724703837,1.9471804147080276,0.2,-0.3,0.01,0.955,True
0.2,-0.3,1.5328318240846899,0.2,-0.3,0.01,0.96,True
0.3119413334163201,-0.393830625728526,1.4839704249723196,0.2,-0.3,0.01,0.96,True
0.4094965312702672,-0.4963647391597362,1.4572930610437609,0.2,-0.3,0.01,0.96,True
0.4942082927410991,-0.5997678658936042,1.44288192601661,0.2,-0.3,0.01,0.96,True
0.5676581250752183,-0.7025244582370012,1.9122264118816457,0.2,-0.3,0.01,0.96,True
0.2,-0.3,1.522610763911432,0.2,-0.3,0.01,0.965,True
0.3127146850347135,-0.3826344310443856,1.4793490436464252,0.2,-0.3,0.01,0.965,True
0.4129439354735961,-0.4734548277465871,1.4549196336321935,0.2,-0.3,0.01,0.965,True
0.5018630336852005,-0.5654317467553845,1.4413444159112392,0.2,-0.3,0.01,0.965,True
0.580672273492431,-0.6570327569412109,1.884972157613529,0.2,-0.3,0.01,0.965,True
0.2,-0.3,1.5131649517846062,0.2,-0.3,0.01,0.97,True
0.3134920166294172,-0.3715430776824284,1.475513442215926,0.2,-0.3,0.01,0.97,True
0.4164532072932771,-0.4507580866816086,1.4533531012149048,0.2,-0.3,0.01,0.97,True
0.5097679654877058,-0.5314401626050876,1.4405921296724356,0.2,-0.3,0.01,0.97,True
0.5943126585339791,-0.612056414124101,1.8659374682327015,0.2,-0.3,0.01,0.97,True
0.2,-0.3,1.5044738640692545,0.2,-0.3,0.01,0.975,True
0.3142732562145633,-0.3605549982678394,1.4724702879104805,0.2,-0.3,0.01,0.975,True
0.4200249131504738,-0.4282715490273528,1.4526512213819995,0.2,-0.3,0.01,0.975,True
0.5179306485860246,-0.4977909826922062,1.44071725798957,0.2,-0.3,0.01,0.975,True
0.6086115991415556,-0.5675997885313813,1.856023462415538,0.2,-0.3,0.01,0.975,True
0.2,-0.3,1.4965181456906518,0.2,-0.3,0.01,0.98,True
0.3150583324113706,-0.3496686574362638,1.470244221407703,0.2,-0.3,0.01,0.98,True
0.4236596167933411,-0.4059923356918091,1.4529206236765086,0.2,-0.3,0.01,0.98,True
0.526358884403369,-0.4644824417274242,1.441891745183132,0.2,-0.3,0.01,0.98,True
0.6236033989602068,-0.5236686548027824,1.8567271633752678,0.2,-0.3,0.01,0.98,True
0.2,-0.3,1.4892800987372126,0.2,-0.3,0.01,0.985,True
0.3158471744522314,-0.3388825510171272,1.468884695919268,0.2,-0.3,0.01,0.985,True
0.42735787957893,-0.383917654167939,1.454340721979565,0.2,-0.3,0.01,0.985,True
0.5350607315753865,-0.4315131537779725,1.444414334870508,0.2,-0.3,0.01,0.985,True
0.6393245391064556,-0.4802703133132966,1.8704686984736,0.2,-0.3,0.01,0.985,True
0.2,-0.3,1.4827442713268826,0.2,-0.3,0.01,0.99,True
0.316639712184438,-0.3281952052418079,1.4684757319830726,0.2,-0.3,0.01,0.99,True
0.4311202607841904,-0.3620447973399952,1.4572015947215582,0.2,-0.3,0.01,0.99,True
0.544044524006992,-0.3988821271275306,1.4487910397538932,0.2,-0.3,0.01,0.99,True
0.655813898143713,-0.4374137069856672,1.901097307913779,0.2,-0.3,0.01,0.99,True
0.2,-0.3,1.4797356479678263,0.2,-0.3,0.01,0.9925,True
0.3170373451810482,-0.3228881151664743,1.468666776161757,0.2,-0.3,0.01,0.9925,True
0.4330256700827505,-0.3511832302834511,1.459307652722883,0.2,-0.3,0.01,0.9925,True
0.5486448342064112,-0.382693263550213,1.451922470813105,0.2,-0.3,0.01,0.9925,True
0.6643595259822107,-0.4161918285448807,1.9245249589654232,0.2,-0.3,0.01,0.9925,True
0.2,-0.3,1.4768981712696971,0.2,-0.3,0.01,0.995,True
0.3174358760735531,-0.3176051759757688,1.4691500628613234,0.2,-0.3,0.01,0.995,True
0.434947317946945,-0.3403711423548937,1.4619655722597964,0.2,-0.3,0.01,0.995,True
0.5533188909539616,-0.3665887801197582,1.4558774775219052,0.2,-0.3,0.01,0.995,True
0.6731130034111755,-0.3951095446772519,1.9546863459794246,0.2,-0.3,0.01,0.995,True
0.2,-0.3,1.4742308848158996,0.2,-0.3,0.01,0.9975,True
0.3178352962672502,-0.3123462116610204,1.469953205717348,0.2,-0.3,0.01,0.9975,True
0.4368852738582596,-0.3296082186889662,1.4652768453270215,0.2,-0.3,0.01,0.9975,True
0.558067822716427,-0.3505686709641678,1.4608601013243343,0.2,-0.3,0.01,0.9975,True
0.6820799823612776,-0.3741684911312136,1.9928958991737165,0.2,-0.3,0.01,0.9975,True
0.2,-10.1,1.4142135623732464,0.2,-10.1,0.01,1.0,True
0.1999994559077167,-10.100000141665186,1.4142135623734131,0.2,-10.1,0.01,1.0,True
0.1999989304735993,-10.100000341774225,1.4142135623736312,0.2,-10.1,0.01,1.0,True
0.1999984299451405,-10.100000597939744,1.4142135623738898,0.2,-10.1,0.01,1.0,True
0.1999979602758525,-10.100000907117858,1.4142135623797352,0.2,-10.1,0.01,1.0,True
0.2,-10.1,1.4173893797558013,0.2,-10.1,0.01,1.01,True
0.1999994254025006,-10.081034145035945,1.4180034171169658,0.2,-10.1,0.01,1.01,True
0.1999988449052653,-10.060313570704723,1.4181253343879943,0.2,-10.1,0.01,1.01,True
0.1999982662324454,-10.039261958122797,1.4181893326436112,0.2,-10.1,0.01,1.01,True
0.199997696734298,-10.0180386579171,1.4723945111784837,0.2,-10.1,0.01,1.01,True
0.2,-10.1,1.426630058307279,0.2,-10.1,0.01,1.02,True
0.1999993952732039,-10.062437738414722,1.4290198433509653,0.2,-10.1,0.01,1.02,True
0.1999987583771194,-10.021402551602216,1.4294942634911232,0.2,-10.1,0.01,1.02,True
0.199998096882779,-9.979711787758765,1.4297432933937446,0.2,-10.1,0.01,1.02,True
0.1999974179829042,-9.9376809819479,1.6305532864671899,0.2,-10.1,0.01,1.02,True
0.2,-10.1,1.4414717848448417,0.2,-10.1,0.01,1.03,True
0.1999993655144535,-10.044200223166392,1.4466825814092674,0.2,-10.1,0.01,1.03,True
0.1999986709061734,-9.983244759311429,1.4477163874873658,0.2,-10.1,0.01,1.03,True
0.1999979218247027,-9.921315541896393,1.4482589493749574,0.2,-10.1,0.01,1.03,True
0.1999971234678212,-9.8588812146038,1.8583592845168049,0.2,-10.1,0.01,1.03,True
0.2,-10.1,1.461421064320834,0.2,-10.1,0.01,1.04,True
0.1999993361209464,-10.026311309626418,1.4703671435201933,0.2,-10.1,0.01,1.04,True
0.1999985825097755,-9.945818532380883,1.4721402954441392,0.2,-10.1,0.01,1.04,True
0.1999977409907143,-9.864040001523732,1.4730706302412446,0.2,-10.1,0.01,1.04,True
0.1999968126348435,-9.781594483280312,2.1294679269346184,0.2,-10.1,0.01,1.04,True
0.2,-10.1,1.485972724291563,0.2,-10.1,0.01,1.05,True
0.1999993070874461,-10.008761097744124,1.4994322507431463,0.2,-10.1,0.01,1.05,True
0.1999984932055631,-9.909103032058916,1.502096709234376,0.2,-10.1,0.01,1.05,True
0.1999975543172203,-9.807853210556544,1.5034942342973947,0.2,-10.1,0.01,1.05,True
0.1999964849300337,-9.705777622171832,2.425988475085613,0.2,-10.1,0.01,1.05,True
0.2,-10.1,1.5146257529517764,0.2,-10.1,0.01,1.06,True
0.1999992784087857,-9.991540058815657,1.533243616105408,0.2,-10.1,0.01,1.06,True
0.1999984030114266,-9.873078203603734,1.5369240498270613,0.2,-10.1,0.01,1.06,True
0.19999736174451,-9.752724416385712,1.5388537573046837,0.2,-10.1,0.01,1.06,True
0.1999961398003484,-9.631389091883674,2.736808065201748,0.2,-10.1,0.01,1.06,True
0.2,-10.1,1.5468960644831729,0.2,-10.1,0.01,1.07,True
0.1999992500798615,-9.974639018234914,1.5711925511558327,0.2,-10.1,0.01,1.07,True
0.199998311945466,-9.83772473975692,1.5759883205975946,0.2,-10.1,0.01,1.07,True
0.199997163216717,-9.698624013752635,1.5785018597435092,0.2,-10.1,0.01,1.07,True
0.199995776694233,-9.55838890354601,3.0551393776450144,0.2,-10.1,0.01,1.07,True
0.2,-10.1,1.582325883527069,0.2,-10.1,0.01,1.08,True
0.1999992220956402,-9.958049139197438,1.6127090063633507,0.2,-10.1,0.01,1.08,True
0.1999982200259617,-9.80302404623981,1.6186969093007022,0.2,-10.1,0.01,1.08,True
0.1999969586817854,-9.645523491736007,1.6218340711008528,0.2,-10.1,0.01,1.08,True
0.1999953950622202,-9.48673854713709,3.376784890742294,0.2,-10.1,0.01,1.08,True
0.2,-10.1,1.6204899013505916,0.2,-10.1,0.01,1.09,True
0.1999991944511547,-9.941761907299227,1.6572694777323873,0.2,-10.1,0.01,1.09,True
0.1999981272713402,-9.768958209143404,1.6645068198161999,0.2,-10.1,0.01,1.09,True
0.1999967480914228,-9.593395383650757,1.668297187263896,0.2,-10.1,0.01,1.09,True
0.1999949943574985,-9.416400923746007,3.699091898855489,0.2,-10.1,0.01,1.09,True
0.2,-10.1,1.660998642474311,0.2,-10.1,0.01,1.1,True
0.1999991671415004,-9.925769116007537,1.704400668344795,0.2,-10.1,0.01,1.1,True
0.199998033700136,-9.73550996409259,1.7129283376985907,0.2,-10.1,0.01,1.1,True
0.1999965314010479,-9.542213219675252,1.7173929294499086,0.2,-10.1,0.01,1.1,True
0.1999945740364639,-9.34734028152545,4.020346893409832,0.2,-10.1,0.01,1.1,True
0.2,-10.1,1.7034996073804969,0.2,-10.1,0.01,1.11,True
0.1999991401618432,-9.910062853281264,1.7536799445351474,0.2,-10.1,0.01,1.11,True
0.1999979393309731,-9.702662667071204,1.763525283287359,0.2,-10.1,0.01,1.11,True
0.1999963085697461,-9.49195148203346,1.76867808176964,0.2,-10.1,0.01,1.11,True
0.1999941335592652,-9.279522155101038,4.339422758639931,0.2,-10.1,0.01,1.11,True
0.2,-10.1,1.7476767589856255,0.2,-10.1,0.01,1.12,True
0.1999991135074148,-9.89463549255244,1.8047335831019904,0.2,-10.1,0.01,1.12,True
0.1999978441825292,-9.670400266791049,1.8159129331920674,0.2,-10.1,0.01,1.12,True
0.1999960795602081,-9.442585562574047,1.8217622399375077,0.2,-10.1,0.01,1.12,True
0.1999936723903182,-9.212913308222369,4.655568811141265,0.2,-10.1,0.01,1.12,True
0.2,-10.1,1.7932487722107722,0.2,-10.1,0.01,1.13,True
0.1999990871735291,-9.879479719054942,1.8572337462578428,0.2,-10.1,0.01,1.13,True
0.1999977482735087,-9.638707277167295,1.869754502899497,0.2,-10.1,0.01,1.13,True
0.1999958443386686,-9.39409172262864,1.8763041053885043,0.2,-10.1,0.01,1.13,True
0.1999931899988022,-9.147481679454406,4.968282460586422,0.2,-10.1,0.01,1.13,True
0.2,-10.1,1.8399655265411214,0.2,-10.1,0.01,1.14,True
0.1999990611557646,-9.86458887813798,1.9108961931913222,0.2,-10.1,0.01,1.14,True
0.1999976516223915,-9.60756863766786,1.9247564124808945,0.2,-10.1,0.01,1.14,True
0.1999956028749494,-9.346447078342509,1.9320071258697111,0.2,-10.1,0.01,1.14,True
0.1999926858591148,-9.083196326186284,5.277228588236649,0.2,-10.1,0.01,1.14,True
0.2,-10.1,1.887594406408948,0.2,-10.1,0.01,1.15,True
0.1999990354516244,-9.849960217382783,1.9655193144363154,0.2,-10.1,0.01,1.15,True
0.1999975542280414,-9.5769605703333,2.9731170067939963,0.2,-10.1,0.01,1.15,True
0.2,-10.1,1.935818055408157,0.2,-10.1,0.01,1.16,True
0.1999990100758922,-9.835623451890935,2.0235438838940216,0.2,-10.1,0.01,1.16,True
0.1999974545401558,-9.546163537000355,3.109432001110843,0.2,-10.1,0.01,1.16,True
0.2,-10.1,1.9833605418772158,0.2,-10.1,0.01,1.17,True
0.1999989851977257,-9.821884978589647,2.2785375965249957,0.2,-10.1,0.01,1.17,True
0.1999972322042386,-9.464581489832671,3.477671393276983,0.2,-10.1,0.01,1.17,True
0.2,-10.1,2.020604401525915,0.2,-10.1,0.01,1.18,True
0.1999989623483578,-9.81136041646289,19.679633011701963,0.2,-10.1,0.01,1.18,True
0.2002056485146105,-5.881566102681566,21.117875404009183,0.2,-10.1,0.01,1.18,True
0.2,-10.1,1.9708718111542278,0.2,-10.1,0.01,1.19,True
0.1999989564135603,-9.825459238743186,1.9708718111542278,0.2,-10.1,0.01,1.19,True
0.2,-10.1,1.4513449736401787,0.2,-10.1,0.01,1.2,True
0.1999992148589615,-10.034761561618655,1.4513449736401787,0.2,-10.1,0.01,1.2,True
0.25,-0.287,1.695358043773365,0.25,-0.287,0.01,0.905,False
0.354926879412634,-0.5470081394124914,1.573063399692864,0.25,-0.287,0.01,0.905,False
0.4246786123484005,-0.8017655507722207,1.5261235767044905,0.25,-0.287,0.01,0.905,False
0.4712564023000145,-1.0509820661149183,1.5040166469899177,0.25,-0.287,0.01,0.905,False
0.5026062720922646,-1.2960525200325013,2.646566857065034,0.25,-0.287,0.01,0.905,False
0.25,-0.287,1.8915486507165513,0.25,-0.287,0.015,0.905,False
0.3486940754870407,-0.6700056966278006,1.7214410627944152,0.25,-0.287,0.015,0.905,False
0.4024338872487752,-1.0438099238748997,1.659117745473549,0.25,-0.287,0.015,0.905,False
0.4322664188431155,-1.409601487969545,1.631033619266315,0.25,-0.287,0.015,0.905,False
0.4493460296835349,-1.7703751402689696,3.71377437131263,0.25,-0.287,0.015,0.905,False
0.25,-0.287,2.1321520115655694,0.25,-0.287,0.02,0.905,False
0.3435834336680384,-0.791350577925989,1.9266755813069136,0.25,-0.287,0.02,0.905,False
0.3858731234194316,-1.2832752083549015,1.8540716458300377,0.25,-0.287,0.02,0.905,False
0.4059093008862799,-1.7653194091251707,1.822800650592468,0.25,-0.287,0.02,0.905,False
0.416070957290801,-2.2419287605681144,4.9898950029966205,0.25,-0.287,0.02,0.905,False
0.25,-0.287,2.4052352104472043,0.25,-0.287,0.025,0.905,False
0.3393885916182144,-0.9111558267747822,2.1766664424878925,0.25,-0.287,0.025,0.905,False
0.3733960762768651,-1.5204950644723834,2.098275524512265,0.25,-0.287,0.025,0.905,False
0.3875191377493651,-2.118585712116629,2.066030212836905,0.25,-0.287,0.025,0.905,False
0.3940768928595187,-2.7111687899022194,6.372173784750016,0.25,-0.287,0.025,0.905,False
0.25,-0.287,2.7009746165072777,0.25,-0.287,0.03,0.905,False
0.3359394599067056,-1.02951344234837,2.459319609674973,0.25,-0.287,0.03,0.905,False
0.3638733641239159,-1.7557561308488028,2.3782492047208317,0.25,-0.287,0.03,0.905,False
0.3742809565075214,-2.469829651403649,2.346569225402775,0.25,-0.287,0.03,0.905,False
0.378786413745193,-3.1785828295022487,7.809669112472984,0.25,-0.287,0.03,0.905,False
0.25,-0.287,3.012035878975774,0.25,-0.287,0.035,0.905,False
0.3330968326514119,-1.146499105132931,2.765009853009926,0.25,-0.287,0.035,0.905,False
0.3565041009604518,-1.9892927041491344,2.6833445912112706,0.25,-0.287,0.035,0.905,False
0.3644629871334932,-2.8193910633206856,2.6533220275534735,0.25,-0.287,0.035,0.905,False
0.3676880899590631,-3.6445327274263706,9.276932413941914,0.25,-0.287,0.035,0.905,False
0.25,-0.287,3.3331643712626384,0.25,-0.287,0.04,0.905,False
0.3307474629398505,-1.262176039675923,3.086836254870814,0.25,-0.287,0.04,0.905,False
0.3507179362638984,-2.221291802625162,3.0060798747150903,0.25,-0.287,0.04,0.905,False
0.3569784060676561,-3.1675207625753674,2.9784670509785185,0.25,-0.287,0.04,0.905,False
0.3593414951160119,-4.1092594071766175,10.760544879336674,0.25,-0.287,0.04,0.905,False
0.25,-0.287,3.660649822872954,0.25,-0.287,0.045,0.905,False
0.3287996194412186,-1.3765980010928074,3.4200766883064846,0.25,-0.287,0.045,0.905,False
0.3461068793883806,-2.451901057110584,3.3413978021747632,0.25,-0.287,0.045,0.905,False
0.3511303841531726,-3.5143979242781245,3.316645224652366,0.25,-0.287,0.045,0.905,False
0.3528816703349688,-4.572915686765413,12.252928053043115,0.25,-0.287,0.045,0.905,False
0.25,-0.287,3.9918788282812097,0.25,-0.287,0.05,0.905,False
0.3271791729878068,-1.4898114740242248,3.761552518721863,0.25,-0.287,0.05,0.905,False
0.342377572867122,-2.6812365041279302,3.685879875509459,0.25,-0.287,0.05,0.905,False
0.3464617490741969,-3.860148449131915,3.6641745371223178,0.25,-0.287,0.05,0.905,False
0.3477651340319893,-5.03559586174505,13.749513520594123,0.25,-0.287,0.05,0.905,False
0.25,-0.287,7.279339820414942,0.25,-0.287,0.1,0.905,False
0.3200253605466891,-2.562595790369976,7.366332716648937,0.25,-0.287,0.1,0.905,False
0.3258129248298005,-4.917611870883593,7.333753102779077,0.25,-0.287,0.1,0.905,False
0.3264014491913156,-7.266404695498635,7.330750812359609,0.25,-0.287,0.1,0.905,False
0.3264630820867102,-9.614666494924576,28.615710848802937,0.25,-0.287,0.1,0.905,False
0.25,-0.287,13.180403942557014,0.25,-0.287,0.2,0.905,False
0.3167157578573991,-4.432106253242728,14.844484762877055,0.25,-0.287,0.2,0.905,False
0.3178440175977192,-9.12883721534409,14.84291361323774,0.25,-0.287,0.2,0.905,False
0.3178550732502174,-13.82526893144584,14.842889472067066,0.25,-0.287,0.2,0.905,False
0.3178551798977147,-18.521694767191363,57.38940929875052,0.25,-0.287,0.2,0.905,False
0.25,-0.287,18.173096006084325,0.25,-0.287,0.3,0.905,False
0.3141567710865839,-5.975187147391833,22.41464528437299,0.25,-0.287,0.3,0.905,False
0.3143491607560186,-13.007169170677276,22.454482094911498,0.25,-0.287,0.3,0.905,False
0.3143488249807915,-20.051695947880013,22.45483462426064,0.25,-0.287,0.3,0.905,False
0.3143488201753406,-27.096333649808937,85.29964017685393,0.25,-0.287,0.3,0.905,False
0.25,-0.287,22.353334970564134,0.25,-0.287,0.4,0.905,False
0.3116325010409037,-7.236164272707952,29.961734296272986,0.25,-0.287,0.4,0.905,False
0.3114063969144773,-16.556044981481982,30.189927783307407,0.25,-0.287,0.4,0.905,False
0.311397888124544,-25.946804544807275,30.196470134687367,0.25,-0.287,0.4,0.905,False
0.3113976440490509,-35.33959615888432,112.57617697224725,0.25,-0.287,0.4,0.905,False
0.25,-0.287,25.85217215518996,0.25,-0.287,0.5,0.905,False
0.3092754972643338,-8.26804889469751,37.35041872486461,0.25,-0.287,0.5,0.905,False
0.30853479394368,-19.783700675955437,38.043436276456866,0.25,-0.287,0.5,0.905,False
0.3084902240709046,-31.51161759546494,38.083863620646504,0.25,-0.287,0.5,0.905,False
0.308487624456999,-43.25191521940613,139.28463609676018,0.25,-0.287,0.5,0.905,False
0.25,-0.287,28.79997738916414,0.25,-0.287,0.6,0.905,False
0.3071337709712254,-9.119677391716202,44.470527166339245,0.25,-0.287,0.6,0.905,False
0.3056825293281167,-22.706684563965936,45.97962900495039,0.25,-0.287,0.6,0.905,False
0.3055457554554818,-36.74891936670964,46.121040791206006,0.25,-0.287,0.6,0.905,False
0.3055329452055525,-50.83379072557951,165.44533812690355,0.25,-0.287,0.6,0.905,False
0.25,-0.287,31.306277681285575,0.25,-0.287,0.7,0.905,False
0.3052113590810523,-9.830412700759132,51.25464162763671,0.25,-0.287,0.7,0.905,False
0.3028734349981772,-25.34819962335748,53.94622529620468,0.25,-0.287,0.7,0.905,False
0.3025657880319026,-41.664874405747135,54.30021073318262,0.25,-0.287,0.7,0.905,False
0.302525374400513,-58.08649390514224,191.0628971713111,0.25,-0.287,0.7,0.905,False
0.25,-0.287,33.457708970460814,0.25,-0.287,0.8,0.905,False
0.3034940858747302,-10.430451874137743,57.67127949281847,0.25,-0.287,0.8,0.905,False
0.300139667949544,-27.734721625183894,61.88751009818062,0.25,-0.287,0.8,0.905,False
0.2995714153406329,-46.26961308331578,62.602924207508174,0.25,-0.287,0.8,0.905,False
0.299475208206136,-65.01285295180665,216.13637263586654,0.25,-0.287,0.8,0.905,False
0.25,-0.287,35.32159488096308,0.25,-0.287,0.9,0.905,False
0.3019612433331702,-10.94264638284044,63.71337261488261,0.25,-0.287,0.9,0.905,False
0.2975063626611728,-29.89315422377555,69.75300527651025,0.25,-0.287,0.9,0.905,False
0.2965873706238597,-50.57676763497452,71.00328547826281,0.25,-0.287,0.9,0.905,False
0.2963978391284858,-71.61781396770208,240.66387516144857,0.25,-0.287,0.9,0.905,False
0.25,-0.287,36.95020795989925,0.25,-0.287,1.0,0.905,False
0.3005910027202736,-11.38431668510758,69.38875378654518,0.25,-0.287,1.0,0.905,False
0.294989465140978,-31.84906791777541,77.50122612918882,0.25,-0.287,1.0,0.905,False
0.2936364906872247,-54.60247413778322,79.47170885215016,0.25,-0.287,1.0,0.905,False
0.2933097356618929,-77.9086102474959,264.64479073923144,0.25,-0.287,1.0,0.905,False
0.25,-0.287,2.8346508174399183,0.25,-0.287,0.01,0.75,False
0.3342212387461114,-1.0796694837929075,2.568783998677013,0.25,-0.287,0.01,0.75,False
0.3600327976776372,-1.8466337587952824,2.48795829926127,0.25,-0.287,0.01,0.75,False
0.3693459930514973,-2.6013332752606604,2.456918326442659,0.25,-0.287,0.01,0.75,False
0.3732916070837305,-3.350870111649695,8.370369330737336,0.25,-0.287,0.01,0.75,False
0.25,-0.287,2.728344846256598,0.25,-0.287,0.01,0.76,False
0.335263753057954,-1.0392969492612607,2.468050502845808,0.25,-0.287,0.01,0.76,False
0.3627476850988881,-1.7672943348853185,2.387522459281803,0.25,-0.287,0.01,0.76,False
0.3729841806087619,-2.4832256704497424,2.356002701640513,0.25,-0.287,0.01,0.76,False
0.3774164207453657,-3.193883244850731,7.876054482833588,0.25,-0.287,0.01,0.76,False
0.25,-0.287,2.6266672300346467,0.25,-0.287,0.01,0.77,False
0.3363494196426065,-0.9998977286312292,2.372385390193872,0.25,-0.287,0.01,0.77,False
0.3656272937822839,-1.6899025740300115,2.292371043713625,0.25,-0.287,0.01,0.77,False
0.3768952821932694,-2.368077977979248,2.260501283944624,0.25,-0.287,0.01,0.77,False
0.381880487200408,-3.0408900955667004,7.397930714640642,0.25,-0.287,0.01,0.77,False
0.25,-0.287,2.5295919980343,0.25,-0.287,0.01,0.78,False
0.3374776835820371,-0.961434462195622,2.2817949379843787,0.25,-0.287,0.01,0.78,False
0.3686791368717844,-1.6143801434168008,2.2025212456444634,0.25,-0.287,0.01,0.78,False
0.3811018079922256,-2.255769726870875,2.170434562745411,0.25,-0.287,0.01,0.78,False
0.3867188692632246,-2.8917292856794514,6.935917701240983,0.25,-0.287,0.01,0.78,False
0.25,-0.287,2.4370973988195446,0.25,-0.287,0.01,0.79,False
0.338647973744911,-0.9238716966677456,2.1962888961030815,0.25,-0.287,0.01,0.79,False
0.3719109216094986,-1.5406527466263296,2.117996073129187,0.25,-0.287,0.01,0.79,False
0.3856282171592686,-2.14618646985484,2.085828929914982,0.25,-0.287,0.01,0.79,False
0.3919711894023464,-2.7462472227231296,6.490013917313007,0.25,-0.287,0.01,0.79,False
0.25,-0.287,2.3491647710518353,0.25,-0.287,0.01,0.8,False
0.3398597037454549,-0.8871757658543984,2.1158775144530497,0.25,-0.287,0.01,0.8,False
0.3753305348753319,-1.4686498900831435,2.0388207949634873,0.25,-0.287,0.01,0.8,False
0.3905010222711353,-2.0392194733791187,2.0067135021882265,0.25,-0.287,0.01,0.8,False
0.3976821709703283,-2.604297700540425,6.060305625418925,0.25,-0.287,0.01,0.8,False
0.25,-0.287,2.2657772455946343,0.25,-0.287,0.01,0.81,False
0.3411122729469806,-0.8513146801340801,2.0405681675054637,0.25,-0.287,0.01,0.81,False
0.3789460286698262,-1.3983046679839064,1.9650186007157333,0.25,-0.287,0.01,0.81,False
0.3957488942594472,-1.9347654434671289,1.9331160337152147,0.25,-0.287,0.01,0.81,False
0.4039022290941783,-2.46574156211698,5.646976827206756,0.25,-0.287,0.01,0.81,False
0.25,-0.287,2.1869182639906013,0.25,-0.287,0.01,0.82,False
0.3424050674968113,-0.816258023995331,1.970361616944651,0.25,-0.287,0.01,0.82,False
0.3827656056953752,-1.3295535642680392,1.8966055039400407,0.25,-0.287,0.01,0.82,False
0.4014027679628542,-1.832726286541594,1.8650578611052657,0.25,-0.287,0.01,0.82,False
0.4106881144432935,-2.330446427551595,5.250319986153842,0.25,-0.287,0.01,0.82,False
0.25,-0.287,2.1125699070282953,0.25,-0.287,0.01,0.83,False
0.3437374613810352,-0.7819768609609612,1.905247996773194,0.25,-0.287,0.01,0.83,False
0.3867976051972955,-1.262336270346111,1.8335846016156108,0.25,-0.287,0.01,0.83,False
0.4074959486898694,-1.7330089047943955,1.8025479101316166,0.25,-0.287,0.01,0.83,False
0.41810361372056,-2.198286491859025,4.870747179378096,0.25,-0.287,0.01,0.83,False
0.25,-0.287,2.0427110396131476,0.25,-0.287,0.01,0.84,False
0.3451088174889101,-0.7484436452874645,1.84520265684882,0.25,-0.287,0.01,0.84,False
0.3910504892321779,-1.1965955174365683,1.775939906271865,0.25,-0.287,0.01,0.84,False
0.4140642204944202,-1.6355250261573997,1.7455759151281562,0.25,-0.287,0.01,0.84,False
0.4262203117068102,-2.069142399348102,4.508801089921101,0.25,-0.287,0.01,0.84,False
0.25,-0.287,1.9773152949161312,0.25,-0.287,0.01,0.85,False
0.3465184886782023,-0.7156321398856322,1.790182057160816,0.25,-0.287,0.01,0.85,False
0.395532829536962,-1.132276922482728,1.723630081625487,0.25,-0.287,0.01,0.85,False
0.4211459572580247,-1.5401910694257277,1.6941051534093168,0.25,-0.287,0.01,0.85,False
0.4351184211799582,-1.942901203749597,4.165164850833753,0.25,-0.287,0.01,0.85,False
0.25,-0.287,1.9163489418990518,0.25,-0.287,0.01,0.86,False
0.3479658188338482,-0.6835173399594178,1.7401199609175444,0.25,-0.287,0.01,0.86,False
0.4002532951780514,-1.0693288467317883,1.676582523982033,0.25,-0.287,0.01,0.86,False
0.4287822381598592,-1.4469280456100446,1.6480651628365228,0.25,-0.287,0.01,0.86,False
0.4448876892301387,-1.8194564261777575,3.840669115404655,0.25,-0.287,0.01,0.86,False
0.25,-0.287,1.859768705486971,0.25,-0.287,0.01,0.87,False
0.3494501439135022,-0.6520754019058097,1.6949242234799642,0.25,-0.287,0.01,0.87,False
0.4052206411662034,-1.00770226615609,1.6346883226947917,0.25,-0.287,0.01,0.87,False
0.4370169697195069,-1.3556614971548422,1.6073450668747646,0.25,-0.287,0.01,0.87,False
0.455628391675657,-1.6987082265019655,3.536293757644632,0.25,-0.287,0.01,0.87,False
0.25,-0.287,1.8075196371126607,0.25,-0.287,0.01,0.88,False
0.3509707929744616,-0.6212835770596219,1.654474511324292,0.25,-0.287,0.01,0.88,False
0.4104436982297578,-0.9473506529866064,1.5977986877902246,0.25,-0.287,0.01,0.88,False
0.4458970173407419,-1.266321477263444,1.5717882497706006,0.25,-0.287,0.01,0.88,False
0.4674524318200144,-1.5805637078993773,3.253160244064516,0.25,-0.287,0.01,0.88,False
0.25,-0.287,1.7595331640379939,0.25,-0.287,0.01,0.89,False
0.3525270891773718,-0.5911201499041294,1.6186213103284084,0.25,-0.287,0.01,0.89,False
0.4159313639465538,-0.8882298677095035,1.5657234460204807,0.25,-0.287,0.01,0.89,False
0.4554723501996512,-1.1788425722219014,1.541189183249632,0.25,-0.287,0.01,0.89,False
0.4804845661772311,-1.4649373793770588,2.9925090794750298,0.25,-0.287,0.01,0.89,False
0.25,-0.287,1.7157254778538213,0.25,-0.287,0.01,0.9,False
0.3541183507628986,-0.5615643804018444,1.587186605607941,0.25,-0.287,0.01,0.9,False
0.4216925954437977,-0.8302980609500961,1.538232195482905,0.25,-0.287,0.01,0.9,False
0.4657962044451901,-1.0931639703177145,1.5152932087927797,0.25,-0.287,0.01,0.9,False
0.4948637887061808,-1.3517518070118573,2.755655424304705,0.25,-0.287,0.01,0.9,False
0.25,-0.287,1.6759964559599567,0.25,-0.287,0.01,0.91,False
0.3557438919982387,-0.5325964501298783,1.5599666633579838,0.25,-0.287,0.01,0.91,False
0.4277364038854699,-0.7735155847355462,1.5150587307173777,0.25,-0.287,0.01,0.91,False
0.4769252710636008,-1.0092295817074814,1.4938000813065042,0.25,-0.287,0.01,0.91,False
0.5107449174512717,-1.2409384916468484,2.54391667743454,0.25,-0.287,0.01,0.91,False
0.25,-0.287,1.6402293471053437,0.25,-0.287,0.01,0.92,False
0.3574030240909814,-0.5041974119314799,1.5367374756353307,0.25,-0.287,0.01,0.92,False
0.4340718509791565,-0.7178449126882432,1.495909528581183,0.25,-0.287,0.01,0.92,False
0.4889199164619701,-0.9269882143969898,1.4763722306607965,0.25,-0.287,0.01,0.92,False
0.5283004445344307,-1.1324390188244489,2.3585120367110646,0.25,-0.287,0.01,0.92,False
0.25,-0.287,1.6082915002005465,0.25,-0.287,0.01,0.93,False
0.3590950560683782,-0.4763491428199932,1.5172637501914104,0.25,-0.287,0.01,0.93,False
0.4407080477485801,-0.6632505687573407,1.4804776654956435,0.25,-0.287,0.01,0.93,False
0.5018444459281824,-0.8463938123510075,1.4626493289359193,0.25,-0.287,0.01,0.93,False
0.547722733882806,-1.0262065357148178,2.200451816035322,0.25,-0.287,0.01,0.93,False
0.25,-0.287,1.5800364892246859,0.25,-0.287,0.01,0.94,False
0.3608192956205558,-0.4490342998937238,1.5013130465236086,0.25,-0.287,0.01,0.94,False
0.447654155835231,-0.6096990641463742,1.4684650204983445,0.25,-0.287,0.01,0.94,False
0.5157674227238153,-0.7674057626323513,1.45227259800895,0.25,-0.287,0.01,0.94,False
0.5692266832334733,-0.9222076193512774,2.07047210170816,0.25,-0.287,0.01,0.94,False
0.25,-0.287,1.5553081133084588,0.25,-0.287,0.01,0.95,False
0.362575049906657,-0.4222362790403926,1.4886781916983696,0.25,-0.287,0.01,0.95,False
0.4549193916127141,-0.5571588421408054,1.4596191190167072,0.25,-0.287,0.01,0.95,False
0.5307620587884576,-0.6899892793531919,1.4449271119096434,0.25,-0.287,0.01,0.95,False
0.5930530110113216,-0.8204246098241387,1.9691393105072872,0.25,-0.287,0.01,0.95,False
0.25,-0.287,1.5442164784248007,0.25,-0.287,0.01,0.955,False
0.3634645286068442,-0.4090260805426968,1.4835550163298346,0.25,-0.287,0.01,0.955,False
0.4586745791791516,-0.5312586170961836,1.4563324895292311,0.25,-0.287,0.01,0.955,False
0.538685515328111,-0.6518612114848135,1.4423231183930914,0.25,-0.287,0.01,0.955,False
0.60592034675849,-0.7703635576519801,1.9294591188943786,0.25,-0.287,0.01,0.955,False
0.25,-0.287,1.5339469779269106,0.25,-0.287,0.01,0.96,False
0.3643616263232282,-0.3959391762281891,1.4792143439303813,0.25,-0.287,0.01,0.96,False
0.462513033421266,-0.5056002305813583,1.4537991911315424,0.25,-0.287,0.01,0.96,False
0.5469066970379256,-0.6141158730638231,1.4404227714324807,0.25,-0.287,0.01,0.96,False
0.6194723889807411,-0.7208584897060396,1.8973710013263305,0.25,-0.287,0.01,0.96,False
0.25,-0.287,1.5244808685891456,0.25,-0.287,0.01,0.965,False
0.3652662566372847,-0.3829736815240542,1.4756583765807079,0.25,-0.287,0.01,0.965,False
0.4664359255666123,-0.4801802614602475,1.45204008094657,0.25,-0.287,0.01,0.965,False
0.5554362966497236,-0.5767507792598022,1.439249770372434,0.25,-0.287,0.01,0.965,False
0.633748517054771,-0.6719130173588159,1.873274821705319,0.25,-0.287,0.01,0.965,False
0.25,-0.287,1.51580077425138,0.25,-0.287,0.01,0.97,False
0.3661783332345436,-0.3701277511970604,1.4729040382376792,0.25,-0.287,0.01,0.97,False
0.4704444322579508,-0.4549954017669154,1.4511060900960997,0.25,-0.287,0.01,0.97,False
0.5642854102273519,-0.5397639149391183,1.4388680756437617,0.25,-0.287,0.01,0.97,False
0.6487907240732039,-0.6235323942081531,1.8578632013348848,0.25,-0.287,0.01,0.97,False
0.25,-0.287,1.5078913508624117,0.25,-0.287,0.01,0.975,False
0.3670977699253076,-0.3573995783382772,1.4709888270722522,0.25,-0.287,0.01,0.975,False
0.474539736102556,-0.4300424558463988,1.451092797741745,0.25,-0.287,0.01,0.975,False
0.5734655645231999,-0.5031537581791111,1.4394048055861306,0.25,-0.287,0.01,0.975,False
0.6646438754143964,-0.5757236656546336,1.8523022546636947,0.25,-0.287,0.01,0.975,False
0.25,-0.287,1.500740117291225,0.25,-0.287,0.01,0.98,False
0.3680244806648124,-0.3447873933789708,1.469979190014882,0.25,-0.287,0.01,0.98,False
0.478723026290956,-0.4053183396053481,1.4521631535543535,0.25,-0.287,0.01,0.98,False
0.5829887475810221,-0.4669193056549037,1.4410882621772383,0.25,-0.287,0.01,0.98,False
0.6813560055976747,-0.5284958308256076,1.858510549440311,0.25,-0.287,0.01,0.98,False
0.25,-0.287,1.4943384992416242,0.25,-0.287,0.01,0.985,False
0.3689583795727925,-0.3322894631365798,1.4699827170621176,0.25,-0.287,0.01,0.985,False
0.482995499288669,-0.3808200798715692,1.4545838047530784,0.25,-0.287,0.01,0.985,False
0.5928674429837576,-0.4310600999747709,1.4443130342230683,0.25,-0.287,0.01,0.985,False
0.6989786598807952,-0.4818600168248839,1.8795954857844506,0.25,-0.287,0.01,0.985,False
0.25,-0.287,1.4886831496958044,0.25,-0.287,0.01,0.99,False
0.3698993809524473,-0.3199040898896717,1.4711662226346691,0.25,-0.287,0.01,0.99,False
0.4873583596047698,-0.3565448138616553,1.4587847727569139,0.25,-0.287,0.01,0.99,False
0.6031146681925049,-0.3955762590357775,1.4497552590534193,0.25,-0.287,0.01,0.99,False
0.7175672881491283,-0.4358296649255359,1.9205468358061273,0.25,-0.287,0.01,0.99,False
0.25,-0.287,1.4861361138601734,0.25,-0.287,0.01,0.9925,False
0.3703725183436134,-0.3137530910766684,1.4722752468822113,0.25,-0.287,0.01,0.9925,False
0.4895740638230239,-0.344489938960995,1.4617554662892118,0.25,-0.287,0.01,0.9925,False
0.6083807038747776,-0.3779753021863748,1.4536450447310183,0.25,-0.287,0.01,0.9925,False
0.7272423488477742,-0.4130464187824355,1.9508095817079576,0.25,-0.287,0.01,0.9925,False
0.25,-0.287,1.4837776313257163,0.25,-0.287,0.01,0.995,False
0.3708473993088554,-0.3076296104809113,1.4737830756029162,0.25,-0.287,0.01,0.995,False
0.491812820641313,-0.3324897887560185,1.465460469389665,0.25,-0.287,0.01,0.995,False
0.6137440174760953,-0.3604685074651511,1.4585845110886766,0.25,-0.287,0.01,0.995,False
0.7371816999196724,-0.3904207278311504,1.9893593854285418,0.25,-0.287,0.01,0.995,False
0.25,-0.287,1.4816095809483287,0.25,-0.287,0.01,0.9975,False
0.3713240131957782,-0.3015334454656411,1.4757417897076386,0.25,-0.287,0.01,0.9975,False
0.4940747832777363,-0.3205440362739174,1.4700566612568804,0.25,-0.287,0.01,0.9975,False
0.6192064062923899,-0.3430560657618109,1.464862874201658,0.25,-0.287,0.01,0.9975,False
0.7473935850763095,-0.3679550125060845,2.0379684202286334,0.25,-0.287,0.01,0.9975,False
0.25,-10.087,1.4142135623732353,0.25,-10.087,0.01,1.0,False
0.2499994566574704,-10.087000170914036,1.4142135623733594,0.25,-10.087,0.01,1.0,False
0.2499989351528332,-10.087000400017931,1.4142135623735146,0.25,-10.087,0.01,1.0,False
0.2499984416865391,-10.087000684579774,1.4142135623736936,0.25,-10.087,0.01,1.0,False
0.2499979821283404,-10.087001021218216,1.4142135623784309,0.25,-10.087,0.01,1.0,False
0.25,-10.087,1.4169509877944846,0.25,-10.087,0.01,1.01,False
0.2499994154427544,-10.06499140034124,1.4169858058657656,0.25,-10.087,0.01,1.01,False
0.2499988280370693,-10.042843192070158,1.4169858018849886,0.25,-10.087,0.01,1.01,False
0.2499982450777932,-10.020695051284028,1.4169857974377438,0.25,-10.087,0.01,1.01,False
0.2499976741481488,-9.998546978592277,1.45780159343998,0.25,-10.087,0.01,1.01,False
0.25,-10.087,1.4249208915140545,0.25,-10.087,0.01,1.02,False
0.2499993746665475,-10.043411459875491,1.4250553877155698,0.25,-10.087,0.01,1.02,False
0.2499987193714721,-9.999549090118224,1.42505540960143,0.25,-10.087,0.01,1.02,False
0.2499980407999934,-9.955686795632923,1.4250554300054,0.25,-10.087,0.01,1.02,False
0.2499973466161575,-9.911824581980618,1.5782881963391944,0.25,-10.087,0.01,1.02,False
0.25,-10.087,1.437736298878146,0.25,-10.087,0.01,1.03,False
0.2499993343246207,-10.022247937558111,1.4380276000980596,0.25,-10.087,0.01,1.03,False
0.2499986091733571,-9.957093033229883,1.4380276917692805,0.25,-10.087,0.01,1.03,False
0.2499978287137548,-9.891938207371382,1.4380277845787668,0.25,-10.087,0.01,1.03,False
0.249996998695882,-9.82678347120332,1.7559695096960086,0.25,-10.087,0.01,1.03,False
0.25,-10.087,1.454989722174335,0.25,-10.087,0.01,1.04,False
0.2499992944127333,-10.001488895834084,1.4554868628062476,0.25,-10.087,0.01,1.04,False
0.249998497460881,-9.915450921378785,1.455487081913605,0.25,-10.087,0.01,1.04,False
0.2499976086846201,-9.82941302365247,1.4554873140775046,0.25,-10.087,0.01,1.04,False
0.2499966295434343,-9.743375219959542,1.9721307574125209,0.25,-10.087,0.01,1.04,False
0.25,-10.087,1.47626578556792,0.25,-10.087,0.01,1.05,False
0.2499992549266427,-9.981122849101824,1.4770097380790823,0.25,-10.087,0.01,1.05,False
0.2499983842529802,-9.874599569827623,1.4770101553529136,0.25,-10.087,0.01,1.05,False
0.2499973805831138,-9.76807636025433,1.4770106139291226,0.25,-10.087,0.01,1.05,False
0.249996238308474,-9.661553243879096,2.2127285321762575,0.25,-10.087,0.01,1.05,False
0.25,-10.087,1.5011524131004388,0.25,-10.087,0.01,1.06,False
0.2499992158620907,-9.961138742526208,1.5021764385870202,0.25,-10.087,0.01,1.06,False
0.2499982695692918,-9.834516666085747,1.5021771369914696,0.25,-10.087,0.01,1.06,False
0.2499971442847695,-9.70789464668286,1.502177929531097,0.25,-10.087,0.01,1.06,False
0.2499958241351364,-9.58127271377082,2.468258471445308,0.25,-10.087,0.01,1.06,False
0.25,-10.087,1.5292500110611227,0.25,-10.087,0.01,1.07,False
0.2499991772148243,-9.94152593203195,1.53058024241737,0.25,-10.087,0.01,1.07,False
0.2499981534301149,-9.795180729272507,1.5305813162184208,0.25,-10.087,0.01,1.07,False
0.2499968996701836,-9.648835564905765,1.530582570921838,0.25,-10.087,0.01,1.07,False
0.2499953861629971,-9.50249047372808,2.7325128044237097,0.25,-10.087,0.01,1.07,False
0.25,-10.087,1.5601784238457013,0.25,-10.087,0.01,1.08,False
0.2499991389805817,-9.92227416540169,1.5618345933859383,0.25,-10.087,0.01,1.08,False
0.2499980358563334,-9.756571071731784,1.5618361472181188,0.25,-10.087,0.01,1.08,False
0.2499966466250172,-9.590867991483696,1.5618380129563973,0.25,-10.087,0.01,1.08,False
0.2499949235279839,-9.425164963777314,3.0014492045027477,0.25,-10.087,0.01,1.08,False
0.25,-10.087,1.593581720001851,0.25,-10.087,0.01,1.09,False
0.2499991011551045,-9.90337356440863,1.5955779540958643,0.25,-10.087,0.01,1.09,False
0.2499979168693735,-9.71866776275312,1.5955801020847622,0.25,-10.087,0.01,1.09,False
0.2499963850400191,-9.533961942880593,1.5955827483619272,0.25,-10.087,0.01,1.09,False
0.2499944353633149,-9.349256146778544,3.2724069245035716,0.25,-10.087,0.01,1.09,False
0.25,-10.087,1.629131049544696,0.25,-10.087,0.01,1.1,False
0.2499990637341348,-9.884814607917624,1.6314766694076452,0.25,-10.087,0.01,1.1,False
0.2499977964911442,-9.681451594265898,1.6314795343824358,0.25,-10.087,0.01,1.1,False
0.249996114811027,-9.478088523751268,1.6314831512933716,0.25,-10.087,0.01,1.1,False
0.2499939208004118,-9.274725439307195,3.54360791802042,0.25,-10.087,0.01,1.1,False
0.25,-10.087,1.6665259088172333,0.25,-10.087,0.01,1.11,False
0.2499990267134219,-9.866588115894414,1.6692261944486948,0.25,-10.087,0.01,1.11,False
0.2499976747439939,-9.644904048382402,1.6692299072589345,0.25,-10.087,0.01,1.11,False
0.2499958358389654,-9.423219878018685,1.6692347054775467,0.25,-10.087,0.01,1.11,False
0.2499933789698047,-9.201535646266596,3.8138462927804055,0.25,-10.087,0.01,1.11,False
0.25,-10.087,1.705494174215469,0.25,-10.087,0.01,1.12,False
0.249998990088716,-9.84868523426674,1.7085510646342335,0.25,-10.087,0.01,1.12,False
0.2499975516506538,-9.609007266674958,1.7085557635716557,0.25,-10.087,0.01,1.12,False
0.2499955480298214,-9.369329142567532,1.7085619743879639,0.25,-10.087,0.01,1.12,False
0.2499928090020065,-9.129650898998916,4.082294268464448,0.25,-10.087,0.01,1.12,False
0.25,-10.087,1.74579124449271,0.25,-10.087,0.01,1.13,False
0.2499989538557807,-9.831097420584117,1.7492039604206466,0.25,-10.087,0.01,1.13,False
0.2499974272342039,-9.573744021078904,1.7492097907375639,0.25,-10.087,0.01,1.13,False
0.2499952512946411,-9.316390403391027,1.7492176661500094,0.25,-10.087,0.01,1.13,False
0.2499922100284043,-9.059036596676911,4.3483791140937225,0.25,-10.087,0.01,1.13,False
0.25,-10.087,1.7871985842979647,0.25,-10.087,0.01,1.14,False
0.2499989180103871,-9.813816430428435,1.7909641689762075,0.25,-10.087,0.01,1.14,False
0.2499973015180193,-9.53909768632382,1.7909712824906112,0.25,-10.087,0.01,1.14,False
0.2499949455494854,-9.2643786540424,1.7909810953518548,0.25,-10.087,0.01,1.14,False
0.2499915811820957,-8.989659350776845,4.611703579332981,0.25,-10.087,0.01,1.14,False
0.25,-10.087,1.8295219050337443,0.25,-10.087,0.01,1.15,False
0.2499988825483176,-9.79683430452948,1.8336356852334117,0.25,-10.087,0.01,1.15,False
0.2499971745257367,-9.50505221379798,2.7237355747282836,0.25,-10.087,0.01,1.15,False
0.25,-10.087,1.8725891633178935,0.25,-10.087,0.01,1.16,False
0.2499988474653711,-9.780143356542956,1.8770451364366671,0.25,-10.087,0.01,1.16,False
0.2499970462812145,-9.471592106761548,2.838974238415049,0.25,-10.087,0.01,1.16,False
0.25,-10.087,1.9162485079100693,0.25,-10.087,0.01,1.17,False
0.2499988127573614,-9.763736161451844,1.9210396630061792,0.25,-10.087,0.01,1.17,False
0.249996916808494,-9.438702396827043,2.953777933504379,0.25,-10.087,0.01,1.17,False
0.25,-10.087,1.960366265201664,0.25,-10.087,0.01,1.18,False
0.2499987784201171,-9.747605544554377,1.9654848464881645,0.25,-10.087,0.01,1.18,False
0.2499967861317664,-9.40636862163276,3.0679533257303286,0.25,-10.087,0.01,1.18,False
0.25,-10.087,2.004825021495181,0.25,-10.087,0.01,1.19,False
0.2499987444494866,-9.731744571004102,2.010262742677868,0.25,-10.087,0.01,1.19,False
0.2499966542753392,-9.374576803638536,3.1813469424455825,0.25,-10.087,0.01,1.19,False
0.25,-10.087,2.049521836443863,0.25,-10.087,0.01,1.2,False
0.2499987108413382,-9.716146535869903,2.0552700536782598,0.25,-10.087,0.01,1.2,False
0.2499965212636045,-9.343313429978894,3.2938372639073528,0.25,-10.087,0.01,1.2,False
0.25,-0.287,1.6503757469053046,0.25,-0.287,0.01,0.905,True
0.3576710586815777,-0.5124167859662166,1.5587393686561368,0.25,-0.287,0.01,0.905,True
0.4323681754296107,-0.751875199488338,1.515332391458726,0.25,-0.287,0.01,0.905,True
0.4835091911467152,-0.9897657725381194,1.4944848884317672,0.25,-0.287,0.01,0.905,True
0.5185554406181142,-1.2254121794686517,2.5046767059118924,0.25,-0.287,0.01,0.905,True
0.25,-0.287,1.7864372555122567,0.25,-0.287,0.015,0.905,True
0.3528848761958735,-0.6086651363624472,1.6774987157977115,0.25,-0.287,0.015,0.905,True
0.4133116307395156,-0.9547610278455272,1.623329014506304,0.25,-0.287,0.015,0.905,True
0.4482278117395291,-1.2998346620793015,1.5985136864883556,0.25,-0.287,0.015,0.905,True
0.4687165801984206,-1.643227539271339,3.362825118018957,0.25,-0.287,0.015,0.905,True
0.25,-0.287,1.9445876919185694,0.25,-0.287,0.02,0.905,True
0.3490045196995099,-0.6997625481850719,1.8364988566688838,0.25,-0.287,0.02,0.905,True
0.3990058419665502,-1.1494858883361532,1.778062875277737,0.25,-0.287,0.02,0.905,True
0.4239546994290474,-1.5997298782514426,1.752936239694881,0.25,-0.287,0.02,0.905,True
0.4369302109257252,-2.049506722646782,4.376229142512293,0.25,-0.287,0.02,0.905,True
0.25,-0.287,2.1178360122137336,0.25,-0.287,0.025,0.905,True
0.345810553303106,-0.7866304438760718,2.0267540470759355,0.25,-0.287,0.025,0.905,True
0.3880282263783195,-1.3374542230989364,1.9700753601229384,0.25,-0.287,0.025,0.905,True
0.4066228741290011,-1.891140176344416,1.9478047897038708,0.25,-0.287,0.025,0.905,True
0.415450448454452,-2.446084022716424,5.462571214200865,0.25,-0.287,0.025,0.905,True
0.25,-0.287,2.3008101263867213,0.25,-0.287,0.03,0.905,True
0.3431524462131969,-0.8698921956697467,2.239682883457928,0.25,-0.287,0.03,0.905,True
0.3794480665677543,-1.519639764228506,2.1894414157304043,0.25,-0.287,0.03,0.905,True
0.3938390814322051,-2.17529152870683,2.172433119031992,0.25,-0.287,0.03,0.905,True
0.4002038815601364,-2.834359492031357,6.580760526687292,0.25,-0.287,0.03,0.905,True
0.25,-0.287,2.489593300344682,0.25,-0.287,0.035,0.905,True
0.3409212893443598,-0.9500042729916116,2.4683460846261194,0.25,-0.287,0.035,0.905,True
0.3726324654117852,-1.696765080750276,2.4280226232779816,0.25,-0.287,0.035,0.905,True
0.3841354469045759,-2.453104395161008,2.4181122872836287,0.25,-0.287,0.035,0.905,True
0.388927017344892,-3.2153829772095404,7.710385933188938,0.25,-0.287,0.035,0.905,True
0.25,-0.287,2.6814053936849693,0.25,-0.287,0.04,0.905,True
0.3390355261794485,-1.0273182473504046,2.7075793102984007,0.25,-0.287,0.04,0.905,True
0.3671392538812583,-1.8693894353124811,2.679828799687138,0.25,-0.287,0.04,0.905,True
0.3765815197770326,-2.7252871778391388,2.678457438851141,0.25,-0.287,0.04,0.905,True
0.3802995761351049,-3.589949770357214,8.840959713310257,0.25,-0.287,0.04,0.905,True
0.25,-0.287,2.874298851338092,0.25,-0.287,0.045,0.905,True
0.3374325600471454,-1.1021146343568924,2.953689411293043,0.25,-0.287,0.045,0.905,True
0.3626529455840355,-2.0379586639939617,2.9406403559100465,0.25,-0.287,0.045,0.905,True
0.3705702324432171,-2.9923970446003305,2.948951342125774,0.25,-0.287,0.045,0.905,True
0.3735158401438538,-3.958674644981172,9.966849965304517,0.25,-0.287,0.045,0.905,True
0.25,-0.287,3.0669191924086654,0.25,-0.287,0.05,0.905,True
0.3360634348737814,-1.1746232025459638,3.2040798136685527,0.25,-0.287,0.05,0.905,True
0.3589444626953993,-2.2028362487444766,3.207517637953428,0.25,-0.287,0.05,0.905,True
0.3656948286670213,-3.2548810252088884,3.226411101468848,0.25,-0.287,0.05,0.905,True
0.3680627655093669,-4.32204400971058,11.084902278685583,0.25,-0.287,0.05,0.905,True
0.25,-0.287,4.868245158876761,0.25,-0.287,0.1,0.905,True
0.3294063150037463,-1.8055341863914096,5.717967932389456,0.25,-0.287,0.1,0.905,True
0.3417180791044875,-3.6976137673097305,5.946663810111685,0.25,-0.287,0.1,0.905,True
0.3438595916394157,-5.68363595199952,6.0919379254443,0.25,-0.287,0.1,0.905,True
0.3443488474182796,-7.724057806185222,21.65750018638225,0.25,-0.287,0.1,0.905,True
0.25,-0.287,7.712884073213503,0.25,-0.287,0.2,0.905,True
0.3275236646949107,-2.7601537775089704,10.253438779134225,0.25,-0.287,0.2,0.905,True
0.3345005929509959,-6.156773982995754,11.05174573137091,0.25,-0.287,0.2,0.905,True
0.3355420825724912,-9.834577889500558,11.489889237396705,0.25,-0.287,0.2,0.905,True
0.3360568590754332,-13.666461645915415,39.845280131586826,0.25,-0.287,0.2,0.905,True
0.25,-0.287,9.890536390236496,0.25,-0.287,0.3,0.905,True
0.3279273643558752,-3.4889294129848563,14.153169922862105,0.25,-0.287,0.3,0.905,True
0.3334633998326297,-8.184646801516662,15.578121726020113,0.25,-0.287,0.3,0.905,True
0.3348114355168532,-13.378809458816583,16.356288893080556,0.25,-0.287,0.3,0.905,True
0.3356175652249159,-18.847695284359958,55.326301154365176,0.25,-0.287,0.3,0.905,True
0.25,-0.287,11.660729459330057,0.25,-0.287,0.4,0.905,True
0.328445636101052,-4.081632490323089,17.57134109455297,0.25,-0.287,0.4,0.905,True
0.33367594316645,-9.92556902505643,19.65576866337776,0.25,-0.287,0.4,0.905,True
0.3354450906946349,-16.501875996054107,20.807178082929745,0.25,-0.287,0.4,0.905,True
0.3365386065699015,-23.488086157436587,68.95899573409022,0.25,-0.287,0.4,0.905,True
0.25,-0.287,13.154416538810352,0.25,-0.287,0.5,0.905,True
0.3288347089131059,-4.581264504592252,20.619751941040548,0.25,-0.287,0.5,0.905,True
0.3341764326317885,-11.455517354468206,23.380755005916395,0.25,-0.287,0.5,0.905,True
0.3363517837390966,-19.305239033929368,24.927163324993533,0.25,-0.287,0.5,0.905,True
0.3377181677328933,-27.710019177175656,81.21678610219595,0.25,-0.287,0.5,0.905,True
0.25,-0.287,14.446723014935657,0.25,-0.287,0.6,0.905,True
0.3290882981231305,-5.012633410083864,23.375204928182193,0.25,-0.287,0.6,0.905,True
0.3346966160404714,-12.821756680506084,26.819125630296703,0.25,-0.287,0.6,0.905,True
0.3372460441985481,-21.85377771682913,28.774815072963612,0.25,-0.287,0.6,0.905,True
0.338868386242903,-31.59285176890552,92.39751426511927,0.25,-0.287,0.6,0.905,True
0.25,-0.287,15.585230575389787,0.25,-0.287,0.7,0.905,True
0.3292319622808163,-5.391598923334392,25.89221718502917,0.25,-0.287,0.7,0.905,True
0.3351544637138822,-14.056395220861996,30.01846475787463,0.25,-0.287,0.7,0.905,True
0.3380441202808122,-24.19265282098325,32.39267998160804,0.25,-0.287,0.7,0.905,True
0.339904821877497,-35.19256468820815,102.70479960174195,0.25,-0.287,0.7,0.905,True
0.25,-0.287,16.60220254233031,0.25,-0.287,0.8,0.905,True
0.3292905973222448,-5.729000727165095,28.21092784863039,0.25,-0.287,0.8,0.905,True
0.3355280349709477,-15.182518240137169,33.014507642269116,0.25,-0.287,0.8,0.905,True
0.338725410841564,-26.35506512211764,35.8129767427869,0.25,-0.287,0.8,0.905,True
0.3408069828875663,-38.550839242804514,112.28579631332327,0.25,-0.287,0.8,0.905,True
0.25,-0.287,17.520617123411483,0.25,-0.287,0.9,0.905,True
0.3292839019666136,-6.032608930203652,30.361824622393247,0.25,-0.287,0.9,0.905,True
0.3358164797089562,-16.217407405231203,35.8349669155662,0.25,-0.287,0.9,0.905,True
0.3392911876181013,-28.36638238695267,39.060901130586736,0.25,-0.287,0.9,0.905,True
0.3415766675512211,-41.69990849739249,121.25118493417,0.25,-0.287,0.9,0.905,True
0.25,-0.287,18.357459215048827,0.25,-0.287,1.0,0.905,True
0.3292268207792475,-6.308197609534021,32.36866473052987,0.25,-0.287,1.0,0.905,True
0.3360263096806036,-17.174400499648375,38.50188045694032,0.25,-0.287,1.0,0.905,True
0.3397502662425035,-30.24655547699749,42.15665797560707,0.25,-0.287,1.0,0.905,True
0.3422234347035021,-44.66541261081617,129.6867725613448,0.25,-0.287,1.0,0.905,True
0.25,-0.287,2.5528221419250774,0.25,-0.287,0.01,0.75,True
0.3386962333887784,-0.9732421763233908,2.4247925838494893,0.25,-0.287,0.01,0.75,True
0.3690408845488441,-1.6934052115552047,2.364379002111429,0.25,-0.287,0.01,0.75,True
0.380344255730395,-2.4122935522707967,2.343208217000104,0.25,-0.287,0.01,0.75,True
0.3851875462128408,-3.1313510443624035,7.567654015065637,0.25,-0.287,0.01,0.75,True
0.25,-0.287,2.46667402681232,0.25,-0.287,0.01,0.76,True
0.339729986577143,-0.9382775625442412,2.335262352298383,0.25,-0.287,0.01,0.76,True
0.3718997638102229,-1.621886463228026,2.2735927113951835,0.25,-0.287,0.01,0.76,True
0.3842809130229064,-2.303920484589463,2.2511234867552896,0.25,-0.287,0.01,0.76,True
0.389700054824902,-2.985749975703497,7.121347494370973,0.25,-0.287,0.01,0.76,True
0.25,-0.287,2.3846167986623015,0.25,-0.287,0.01,0.77,True
0.3407930387201873,-0.9041594807829628,2.250571118492985,0.25,-0.287,0.01,0.77,True
0.3749034885983193,-1.5521222379651336,2.1879291727093815,0.25,-0.287,0.01,0.77,True
0.3884814337776532,-2.198257358204032,2.1643257195842036,0.25,-0.287,0.01,0.77,True
0.3945542664203066,-2.8438451865283434,6.690640682266466,0.25,-0.287,0.01,0.77,True
0.25,-0.287,2.306600337961764,0.25,-0.287,0.01,0.78,True
0.3418847110812013,-0.8708557864866073,2.1706957867003096,0.25,-0.287,0.01,0.78,True
0.3780573876190741,-1.4840428883398913,2.1073787294131026,0.25,-0.287,0.01,0.78,True
0.3929656403758195,-2.09519475889132,2.082808880783912,0.25,-0.287,0.01,0.78,True
0.3997838606938025,-2.7054877562373725,6.275458391756702,0.25,-0.287,0.01,0.78,True
0.25,-0.287,2.232576064354252,0.25,-0.287,0.01,0.79,True
0.3430043248517649,-0.8383359684233792,2.095612857241365,0.25,-0.287,0.01,0.79,True
0.381366842910974,-1.417582404237057,2.0319328868611435,0.25,-0.287,0.01,0.79,True
0.3977548028452431,-1.994628900774244,2.006568818464418,0.25,-0.287,0.01,0.79,True
0.4054265023866253,-2.5705361653190217,5.875800007148057,0.25,-0.287,0.01,0.79,True
0.25,-0.287,2.1624959131393413,0.25,-0.287,0.01,0.8,True
0.3441512018799886,-0.8065710463215797,2.025295774652852,0.25,-0.287,0.01,0.8,True
0.3848372775046188,-1.3526781994254755,1.9615807218171506,0.25,-0.287,0.01,0.8,True
0.4028716904756861,-1.896461342409784,1.935599820820645,0.25,-0.287,0.01,0.8,True
0.4115242498579869,-2.4388559443452698,5.4917462136001465,0.25,-0.287,0.01,0.8,True
0.25,-0.287,2.0963112488111486,0.25,-0.287,0.01,0.81,True
0.3453246653851782,-0.7755334760818287,1.9597121093128018,0.25,-0.287,0.01,0.81,True
0.3884741435261359,-1.2892709144890322,1.8963048288897666,0.25,-0.287,0.01,0.81,True
0.4083406220622805,-1.8005987342372314,1.869890513395548,0.25,-0.287,0.01,0.81,True
0.418123993403049,-2.310319380344409,5.123466115425715,0.25,-0.287,0.01,0.81,True
0.25,-0.287,2.033971726649071,0.25,-0.287,0.01,0.82,True
0.3465240406535641,-0.745197061919499,1.8988206463417967,0.25,-0.287,0.01,0.82,True
0.3922829108319403,-1.2273042347863752,1.836076912454056,0.25,-0.287,0.01,0.82,True
0.4141875150749939,-1.7069525961883385,1.8094191472348258,0.25,-0.287,0.01,0.82,True
0.4252779249366009,-2.184805282554151,4.771224454357997,0.25,-0.287,0.01,0.82,True
0.25,-0.287,1.9754241208356802,0.25,-0.287,0.01,0.83,True
0.3477486557107699,-0.7155368748557633,1.842568485490773,0.25,-0.287,0.01,0.83,True
0.396269056260281,-1.1667247222408663,1.7808531982619262,0.25,-0.287,0.01,0.83,True
0.4204399342405155,-1.615439124590885,1.7541484122535698,0.25,-0.287,0.01,0.83,True
0.4330440412381914,-2.062198810849948,4.4353884641448,0.25,-0.287,0.01,0.83,True
0.25,-0.287,1.9206111459778001,0.25,-0.287,0.01,0.84,True
0.3489978419676128,-0.6865291770304747,1.7908882857562112,0.25,-0.287,0.01,0.84,True
0.4004380535828051,-1.1074816598791573,1.730569906917878,0.25,-0.287,0.01,0.84,True
0.4271271402473058,-1.525979027819572,1.7040200078012098,0.25,-0.287,0.01,0.84,True
0.4414866838205075,-1.942391371607384,4.116433626724053,0.25,-0.287,0.01,0.84,True
0.25,-0.287,1.8694703079404165,0.25,-0.287,0.01,0.85,True
0.3502709348365836,-0.6581513513593995,1.7436958155349465,0.25,-0.287,0.01,0.85,True
0.4047953642371859,-1.0495269081411993,1.6851390929604568,0.25,-0.287,0.01,0.85,True
0.4342801395506135,-1.4384973904668243,1.6589493040274743,0.25,-0.287,0.01,0.85,True
0.4506771197394664,-1.8252805874326763,3.8149471859616555,0.25,-0.287,0.01,0.85,True
0.25,-0.287,1.8219328291652357,0.25,-0.287,0.01,0.86,True
0.3515672743170882,-0.6303818361023376,1.7008879901803058,0.25,-0.287,0.01,0.86,True
0.4093464289198756,-0.992814772078114,1.644445198762923,0.25,-0.287,0.01,0.86,True
0.4419317365688171,-1.352923566123534,1.6188205185404345,0.25,-0.287,0.01,0.86,True
0.4606941694420459,-1.7107703491230162,3.5316276865482066,0.25,-0.287,0.01,0.86,True
0.25,-0.287,1.7779227027110354,0.25,-0.287,0.01,0.87,True
0.3528862055480362,-0.6032000639482348,1.662341591943271,0.25,-0.287,0.01,0.87,True
0.4140966601160765,-0.9373018786379173,1.6083426940612346,0.25,-0.287,0.01,0.87,True
0.4501165899337519,-1.2691910991786648,1.5834828970047634,0.25,-0.287,0.01,0.87,True
0.4716248902163725,-1.5987709604402254,3.2672780289280388,0.25,-0.287,0.01,0.87,True
0.25,-0.287,1.7373559378011163,0.25,-0.287,0.01,0.88,True
0.3542270793269497,-0.5765864052589913,1.627912873372928,0.25,-0.287,0.01,0.88,True
0.4190514356426188,-0.8829470633143185,1.5766551681200007,0.25,-0.287,0.01,0.88,True
0.4588712748965138,-1.187237676367805,1.5527484123822335,0.25,-0.287,0.01,0.88,True
0.483565327189873,-1.4891993888362225,3.022788661587833,0.25,-0.287,0.01,0.88,True
0.25,-0.287,1.7001400676786922,0.25,-0.287,0.01,0.89,True
0.3555892525951002,-0.550522115145663,1.5974382501634758,0.25,-0.287,0.01,0.89,True
0.4242160932781544,-0.8297112655010238,1.5491762227765522,0.25,-0.287,0.01,0.89,True
0.4682343545084844,-1.1070051091244937,1.5263914876655884,0.25,-0.287,0.01,0.89,True
0.4966213484038454,-1.381979638185897,2.799106915181527,0.25,-0.287,0.01,0.89,True
0.25,-0.287,1.6661739986145747,0.25,-0.287,0.01,0.9,True
0.3569720888886143,-0.5249892840795389,1.570736306817886,0.25,-0.287,0.01,0.9,True
0.4295959265545108,-0.7775574319544337,1.5256725102829707,0.25,-0.287,0.01,0.9,True
0.4782464628113159,-1.0284393481136098,1.5041512291198962,0.25,-0.287,0.01,0.9,True
0.5109095866558924,-1.2770432628728814,2.5971889555672547,0.25,-0.287,0.01,0.9,True
0.25,-0.287,1.635348288476906,0.25,-0.287,0.01,0.91,True
0.3583749587557448,-0.499970791766669,1.5476113939642613,0.25,-0.287,0.01,0.91,True
0.43519618178293,-0.7264504278219727,1.5058893287711028,0.25,-0.287,0.01,0.91,True
0.4889504039977009,-0.951490531649778,1.4857367026090036,0.25,-0.287,0.01,0.91,True
0.5265585190405915,-1.1743300462087023,2.417934033977043,0.25,-0.287,0.01,0.91,True
0.25,-0.287,1.607545957246592,0.25,-0.287,0.01,0.92,True
0.3597972401407675,-0.475450264037822,1.5278592346379651,0.25,-0.287,0.01,0.92,True
0.4410220563894472,-0.6763569547419369,1.4895594382216355,0.25,-0.287,0.01,0.92,True
0.5003912723705951,-0.8761130700206714,1.4708360423089104,0.25,-0.287,0.01,0.92,True
0.5437097260853146,-1.073788870056574,2.2621093244302957,0.25,-0.287,0.01,0.92,True
0.25,-0.287,1.5826439551501357,0.25,-0.287,0.01,0.93,True
0.3612383187351722,-0.4514120325271215,1.5112752574578998,0.25,-0.287,0.01,0.93,True
0.4470786986350234,-0.627245475564601,1.4764163936142822,0.25,-0.287,0.01,0.93,True
0.5126165989608336,-0.8022657680369566,1.459130949590242,0.25,-0.287,0.01,0.93,True
0.562519386927986,-0.9753788064861728,2.130291337643884,0.25,-0.287,0.01,0.93,True
0.25,-0.287,1.5605154545264925,0.25,-0.287,0.01,0.94,True
0.3626975882969745,-0.427841096931815,1.497666982926761,0.25,-0.287,0.01,0.94,True
0.4533712087981155,-0.5790861452835929,1.4662151183671,0.25,-0.287,0.01,0.94,True
0.5256765318964918,-0.7299119884051366,1.450320071391775,0.25,-0.287,0.01,0.94,True
0.5831600862413531,-0.8790704659497733,2.022881202624684,0.25,-0.287,0.01,0.94,True
0.25,-0.287,1.541033201411375,0.25,-0.287,0.01,0.95,True
0.3641744509391266,-0.4047230896630633,1.4868729888870573,0.25,-0.287,0.01,0.95,True
0.4599046419003978,-0.5318507478018992,1.4587655569839826,0.25,-0.287,0.01,0.95,True
0.5396240590951696,-0.6590198587496225,1.444159381898971,0.25,-0.287,0.01,0.95,True
0.605823034050611,-0.7848476392354364,1.9403030699224286,0.25,-0.287,0.01,0.95,True
0.25,-0.287,1.5322456700146287,0.25,-0.287,0.01,0.955,True
0.3649192951744071,-0.3933296090907781,1.482496519317732,0.25,-0.287,0.01,0.955,True
0.4632632729096804,-0.5085711374176258,1.456042054009798,0.25,-0.287,0.01,0.955,True
0.5469480722630355,-0.6241133168712049,1.4420298142094248,0.25,-0.287,0.01,0.955,True
0.6179783642371443,-0.7385173105367876,1.908594991109366,0.25,-0.287,0.01,0.955,True
0.25,-0.287,1.5240742813552823,0.25,-0.287,0.01,0.96,True
0.3656683173880749,-0.3820442427133462,1.4787933589357853,0.25,-0.287,0.01,0.96,True
0.4666840120603205,-0.4855126381883366,1.4539921721530005,0.25,-0.287,0.01,0.96,True
0.5545152836247117,-0.5895625252723082,1.4405389932305923,0.25,-0.287,0.01,0.96,True
0.63072083315185,-0.6927092713245454,1.883586579952942,0.25,-0.287,0.01,0.96,True
0.25,-0.287,1.5165054507587807,0.25,-0.287,0.01,0.965,True
0.3664214453045075,-0.370865358116428,1.4757690347650707,0.25,-0.287,0.01,0.965,True
0.4701674807217562,-0.4626721563685628,1.4526428545719543,0.25,-0.287,0.01,0.965,True
0.5623332486237167,-0.5553649611402596,1.4397202046674782,0.25,-0.287,0.01,0.965,True
0.6440809312247079,-0.6474261416135076,1.8657210850108212,0.25,-0.287,0.01,0.965,True
0.25,-0.287,1.5095268519800926,0.25,-0.287,0.01,0.97,True
0.3671786072136464,-0.3597913565805226,1.4734413521389493,0.25,-0.287,0.01,0.97,True
0.4737142985642382,-0.4400466901088242,1.4520481708323838,0.25,-0.287,0.01,0.97,True
0.570409764212978,-0.5215184560999123,1.4396448726523186,0.25,-0.287,0.01,0.97,True
0.6580909730415921,-0.6026718026785103,1.8557261151241955,0.25,-0.287,0.01,0.97,True
0.25,-0.287,1.5031278015980647,0.25,-0.287,0.01,0.975,True
0.3679397319766938,-0.3488206722121161,1.4718447346016514,0.25,-0.287,0.01,0.975,True
0.4773250838492928,-0.417633328075682,1.4523013966268028,0.25,-0.287,0.01,0.975,True
0.5787528841468593,-0.4880212086173341,1.4404427494024539,0.25,-0.287,0.01,0.975,True
0.6727852636330655,-0.5584514920702054,1.8547668729151996,0.25,-0.287,0.01,0.975,True
0.25,-0.287,1.4972997228424763,0.25,-0.287,0.01,0.98,True
0.3687047490314277,-0.3379517711015068,1.4710362626860665,0.25,-0.287,0.01,0.98,True
0.4810004537509939,-0.3954292481418474,1.453553356983709,0.25,-0.287,0.01,0.98,True
0.5873709359614064,-0.454871797288402,1.4423345999235564,0.25,-0.287,0.01,0.98,True
0.6882002873893935,-0.5147719049459049,1.864676064605534,0.25,-0.287,0.01,0.98,True
0.25,-0.287,1.4920367083540895,0.25,-0.287,0.01,0.985,True
0.3694735883970924,-0.3271831505064218,1.4711041992119864,0.25,-0.287,0.01,0.985,True
0.4847410247088401,-0.3734317161445381,1.4560408936700202,0.25,-0.287,0.01,0.985,True
0.5962725398208123,-0.4220691950282283,1.445686563377224,0.25,-0.287,0.01,0.985,True
0.7043749230038545,-0.4716413014739462,1.8883032731744436,0.25,-0.287,0.01,0.985,True
0.25,-0.287,1.4873362069521825,0.25,-0.287,0.01,0.99,True
0.3702461806789374,-0.3165133380604457,1.4721802070912244,0.25,-0.287,0.01,0.99,True
0.4885474128133,-0.3516380847101657,1.4601320958518462,0.25,-0.287,0.01,0.99,True
0.6054666294260469,-0.3896127841736979,1.4511032930796328,0.25,-0.287,0.01,0.99,True
0.7213506883466788,-0.4290696198571537,1.9300535261395166,0.25,-0.287,0.01,0.99,True
0.25,-0.287,1.4851972227615806,0.25,-0.287,0.01,0.9925,True
0.3706338626388366,-0.3112150328953893,1.4731534697150277,0.25,-0.287,0.01,0.9925,True
0.4904754808307734,-0.3408169278566261,1.4629472500361824,0.25,-0.287,0.01,0.9925,True
0.610176239553058,-0.3735143233794794,1.4548783373269651,0.25,-0.287,0.01,0.9925,True
0.7301527585929332,-0.4079969682041784,1.9597253008859177,0.25,-0.287,0.01,0.9925,True
0.25,-0.287,1.4831998667631798,0.25,-0.287,0.01,0.995,True
0.3710224570723802,-0.3059408910054292,1.4744571376543163,0.25,-0.287,0.01,0.995,True
0.4924202342248959,-0.3300457921436547,1.4664000424157404,0.25,-0.287,0.01,0.995,True
0.6149624752006795,-0.3575023725071922,1.459592918937955,0.25,-0.287,0.01,0.995,True
0.7391720197415804,-0.3870685942471385,1.9967314783608734,0.25,-0.287,0.01,0.995,True
0.25,-0.287,1.4813451717936192,0.25,-0.287,0.01,0.9975,True
0.3714119554718325,-0.3006907365499496,1.476129182686504,0.25,-0.287,0.01,0.9975,True
0.4943817501011083,-0.3193243705747344,1.470614292507694,0.25,-0.287,0.01,0.9975,True
0.6198265520003221,-0.3415769767859484,1.4654853605571667,0.25,-0.287,0.01,0.9975,True
0.7484145346266429,-0.3662862653477682,2.0425182350231195,0.25,-0.287,0.01,0.9975,True
0.25,-10.087,1.4142135623732353,0.25,-10.087,0.01,1.0,True
0.2499994566574704,-10.087000170914036,1.4142135623733594,0.25,-10.087,0.01,1.0,True
0.2499989351528332,-10.087000400017931,1.4142135623735146,0.25,-10.087,0.01,1.0,True
0.2499984416865391,-10.087000684579774,1.4142135623736936,0.25,-10.087,0.01,1.0,True
0.2499979821283404,-10.087001021218216,1.4142135623784309,0.25,-10.087,0.01,1.0,True
0.25,-10.087,1.416246897924584,0.25,-10.087,0.01,1.01,True
0.2499994208278431,-10.06803417467112,1.4166402254385335,0.25,-10.087,0.01,1.01,True
0.2499988386511883,-10.047313630966846,1.4167183253912192,0.25,-10.087,0.01,1.01,True
0.2499982615878183,-10.026262049683256,1.4167593219822388,0.25,-10.087,0.01,1.01,True
0.2499976971571604,-10.005038781094315,1.451717738934799,0.25,-10.087,0.01,1.01,True
0.25,-10.087,1.4221725877125926,0.25,-10.087,0.01,1.02,True
0.2499993853801865,-10.049437768417532,1.4237072855851234,0.25,-10.087,0.01,1.02,True
0.2499987409732514,-10.008402613883534,1.4240120509816492,0.25,-10.087,0.01,1.02,True
0.249998075172022,-9.966711884382134,1.4241720336930164,0.25,-10.087,0.01,1.02,True
0.2499973956076959,-9.924681114695312,1.556138763915505,0.25,-10.087,0.01,1.02,True
0.25,-10.087,1.4317185740080685,0.25,-10.087,0.01,1.03,True
0.2499993503100005,-10.031200253518811,1.4350782945162779,0.25,-10.087,0.01,1.03,True
0.2499986421381407,-9.970244823612443,1.4357453293376248,0.25,-10.087,0.01,1.03,True
0.2499978823566393,-9.908315643726498,1.4360954498436873,0.25,-10.087,0.01,1.03,True
0.2499970768719689,-9.845881357431908,1.711792488236961,0.25,-10.087,0.01,1.03,True
0.25,-10.087,1.444604033304916,0.25,-10.087,0.01,1.04,True
0.2499993156128096,-10.013311340310636,1.4504022071123788,0.25,-10.087,0.01,1.04,True
0.2499985421653872,-9.93281859870143,1.4515528179376314,0.25,-10.087,0.01,1.04,True
0.2499976830634813,-9.851040108705394,1.4521566697135047,0.25,-10.087,0.01,1.04,True
0.249996740341287,-9.76859463671646,1.903195932358891,0.25,-10.087,0.01,1.04,True
0.25,-10.087,1.4605455570978438,0.25,-10.087,0.01,1.05,True
0.2499992812841789,-9.99576112874294,1.4693228410819044,0.25,-10.087,0.01,1.05,True
0.2499984410748995,-9.896103100398513,1.4710634480354752,0.25,-10.087,0.01,1.05,True
0.2499974772186786,-9.79485332323559,1.4719767508919828,0.25,-10.087,0.01,1.05,True
0.2499963854069546,-9.692777786760194,2.1181717437479026,0.25,-10.087,0.01,1.05,True
0.25,-10.087,1.4792626648559795,0.25,-10.087,0.01,1.06,True
0.2499992473196977,-9.97854009011226,1.491487278286265,0.25,-10.087,0.01,1.06,True
0.2499983388869,-9.860078273961465,1.4939094813534575,0.25,-10.087,0.01,1.06,True
0.2499972647526352,-9.739724534708836,1.495180120685953,0.25,-10.087,0.01,1.06,True
0.2499960114609333,-9.618389268185092,2.348116256887315,0.25,-10.087,0.01,1.06,True
0.25,-10.087,1.5004824377980461,0.25,-10.087,0.01,1.07,True
0.2499992137149961,-9.961639049813048,1.5165528273884905,0.25,-10.087,0.01,1.07,True
0.2499982356218996,-9.824724812131617,1.5197339948906534,0.25,-10.087,0.01,1.07,True
0.2499970456000173,-9.685624137867526,1.5214023424691845,0.25,-10.087,0.01,1.07,True
0.2499956178965234,-9.545389092138286,2.587207865671803,0.25,-10.087,0.01,1.07,True
0.25,-10.087,1.52394317899727,0.25,-10.087,0.01,1.08,True
0.24999918046573,-9.945049171041134,1.5441923913608133,0.25,-10.087,0.01,1.08,True
0.2499981313006385,-9.790024120629717,1.5481966231933504,0.25,-10.087,0.01,1.08,True
0.2499968196996946,-9.63252362179083,1.550296058710268,0.25,-10.087,0.01,1.08,True
0.2499952041089964,-9.473738748614322,2.8315478383775625,0.25,-10.087,0.01,1.08,True
0.25,-10.087,1.549397102734647,0.25,-10.087,0.01,1.09,True
0.2499991475675993,-9.9287619393931,1.5740982653023514,0.25,-10.087,0.01,1.09,True
0.2499980259440722,-9.755958285546512,1.5789775906882146,0.25,-10.087,0.01,1.09,True
0.2499965869947258,-9.580395519794292,1.5815351475173127,0.25,-10.087,0.01,1.09,True
0.2499947694962473,-9.40340113871871,3.078511712912766,0.25,-10.087,0.01,1.09,True
0.25,-10.087,1.5766121266526956,0.25,-10.087,0.01,1.1,True
0.2499991150163315,-9.91276914833643,1.6059845156051151,0.25,-10.087,0.01,1.1,True
0.2499979195733046,-9.722510042506348,1.6117802054969483,0.25,-10.087,0.01,1.1,True
0.2499963474322739,-9.529213362056751,1.6148172756495665,0.25,-10.087,0.01,1.1,True
0.2499943134593807,-9.334340510620343,3.3263128135149556,0.25,-10.087,0.01,1.1,True
0.25,-10.087,1.6053728830467031,0.25,-10.087,0.01,1.11,True
0.2499990828076961,-9.897062885830591,1.6395881621913797,0.25,-10.087,0.01,1.11,True
0.2499978122095842,-9.689662747492823,1.6463320620650819,0.25,-10.087,0.01,1.11,True
0.2499961009635889,-9.478951630802657,1.6498651099752584,0.25,-10.087,0.01,1.11,True
0.249993835403332,-9.26652239896098,3.573719557419878,0.25,-10.087,0.01,1.11,True
0.25,-10.087,1.6354810792656758,0.25,-10.087,0.01,1.12,True
0.2499990509374972,-9.881635525307884,1.6746694167747818,0.25,-10.087,0.01,1.12,True
0.2499977038742515,-9.657400349217356,1.6823852248601638,0.25,-10.087,0.01,1.12,True
0.249995847543928,-9.42958571788086,1.6864264743654571,0.25,-10.087,0.01,1.12,True
0.2499933347374215,-9.19991356750602,3.8198735520383207,0.25,-10.087,0.01,1.12,True
0.25,-10.087,1.666755277648692,0.25,-10.087,0.01,1.13,True
0.24999901940159,-9.86647975200258,1.7110112910355084,0.25,-10.087,0.01,1.13,True
0.2499975945887169,-9.62570736159464,1.7197156519171515,0.25,-10.087,0.01,1.13,True
0.2499955871325018,-9.381091884623082,1.7242737269207238,0.25,-10.087,0.01,1.13,True
0.2499928108759159,-9.134481954835946,4.06417161931999,0.25,-10.087,0.01,1.13,True
0.25,-10.087,1.6990295647657803,0.25,-10.087,0.01,1.14,True
0.2499989881959783,-9.851588911264235,1.748419749244668,0.25,-10.087,0.01,1.14,True
0.2499974843742058,-9.594568724092303,1.758121766217894,0.25,-10.087,0.01,1.14,True
0.249995319692507,-9.33344724717482,1.7632026653561754,0.25,-10.087,0.01,1.14,True
0.249992263238527,-9.070196618355489,4.306188189471717,0.25,-10.087,0.01,1.14,True
0.25,-10.087,1.7321450793961515,0.25,-10.087,0.01,1.15,True
0.2499989573178579,-9.836960250674162,1.7867528804212758,0.25,-10.087,0.01,1.15,True
0.249997373233354,-9.563960658751864,2.5253149451150625,0.25,-10.087,0.01,1.15,True
0.25,-10.087,1.765879072003659,0.25,-10.087,0.01,1.16,True
0.2499989267755042,-9.82262348533163,1.827736836428528,0.25,-10.087,0.01,1.16,True
0.2499972596855798,-9.533163627509223,2.6282816640605517,0.25,-10.087,0.01,1.16,True
0.25,-10.087,1.7993271846295842,0.25,-10.087,0.01,1.17,True
0.2499988966797067,-9.8088850121412,2.010646895314401,0.25,-10.087,0.01,1.17,True
0.24999702601024,-9.451581589577124,2.9086526436513926,0.25,-10.087,0.01,1.17,True
0.25,-10.087,1.8256552182460153,0.25,-10.087,0.01,1.18,True
0.2499988680757766,-9.798360449891382,15.771603960718856,0.25,-10.087,0.01,1.18,True
0.2501773979001538,-5.86854853640336,16.921012296689,0.25,-10.087,0.01,1.18,True
0.25,-10.087,1.790523145204806,0.25,-10.087,0.01,1.19,True
0.2499988517382593,-9.812459270059245,1.790523145204806,0.25,-10.087,0.01,1.19,True
0.25,-10.087,1.4380881123440992,0.25,-10.087,0.01,1.2,True
0.2499990522222068,-10.021761565594458,1.4380881123440992,0.25,-10.087,0.01,1.2,True
0.287,-0.25,1.669516517028863,0.287,-0.25,0.01,0.905,False
0.4004862255214647,-0.5117649699049436,1.5514213908949994,0.287,-0.25,0.01,0.905,False
0.4760737942317658,-0.7675178759968561,1.508304316157389,0.287,-0.25,0.01,0.905,False
0.5265926743074073,-1.0172253213448583,1.4885696550979874,0.287,-0.25,0.01,0.905,False
0.5605932851589404,-1.262487430821434,2.4989901672972703,0.287,-0.25,0.01,0.905,False
0.287,-0.25,1.8271906092148824,0.287,-0.25,0.015,0.905,False
0.3940093322659699,-0.6348081187204022,1.6693974863991878,0.287,-0.25,0.015,0.905,False
0.4524025773564427,-1.0093618929421675,1.6144636446466039,0.287,-0.25,0.015,0.905,False
0.4848496903045024,-1.3754147004040949,1.5903524402986018,0.287,-0.25,0.015,0.905,False
0.5034186994634082,-1.736235180547535,3.4063083517778794,0.287,-0.25,0.015,0.905,False
0.287,-0.25,2.0235969903699953,0.287,-0.25,0.02,0.905,False
0.3887073445839495,-0.7561969066704751,1.835717769109708,0.287,-0.25,0.02,0.905,False
0.4347875222195939,-1.2487072763513518,1.7725774046160974,0.287,-0.25,0.02,0.905,False
0.456644651159089,-1.7309000742746334,1.746039350628849,0.287,-0.25,0.02,0.905,False
0.4677169845341716,-2.207508023129329,4.508389606427191,0.287,-0.25,0.02,0.905,False
0.287,-0.25,2.2494640590172374,0.287,-0.25,0.025,0.905,False
0.3843641461029998,-0.8760440816226228,2.041372534453422,0.287,-0.25,0.025,0.905,False
0.4215189862235166,-1.4858520683253071,1.9734330442567125,0.287,-0.25,0.025,0.905,False
0.4369653453830716,-2.084029952234205,1.9461166999259074,0.287,-0.25,0.025,0.905,False
0.4441193429904644,-2.6765953427370355,5.709753879769227,0.287,-0.25,0.025,0.905,False
0.287,-0.25,2.496691331278496,0.287,-0.25,0.03,0.905,False
0.3808014881325008,-0.9944416213814012,2.2767798862535513,0.287,-0.25,0.03,0.905,False
0.4113931592711475,-1.721064365692667,2.2065338409862667,0.287,-0.25,0.03,0.905,False
0.4227964661230509,-2.435188550309623,2.1796643889519793,0.287,-0.25,0.03,0.905,False
0.4277117683689175,-3.14391951966336,6.962672125388402,0.287,-0.25,0.03,0.905,False
0.287,-0.25,2.758908834946918,0.287,-0.25,0.035,0.905,False
0.377873371051486,-1.111465285400322,2.533869312289441,0.287,-0.25,0.035,0.905,False
0.4035575725783449,-1.954568554797005,2.4630751290705932,0.287,-0.25,0.035,0.905,False
0.4122858546887538,-2.7846943730326146,2.437569373087646,0.287,-0.25,0.035,0.905,False
0.4158014391542724,-3.6098140166130337,8.24334905265035,0.287,-0.25,0.035,0.905,False
0.287,-0.25,3.0313676441261697,0.287,-0.25,0.04,0.905,False
0.3754609297302758,-1.2271783997737686,2.8065835394600454,0.287,-0.25,0.04,0.905,False
0.3974056566165015,-2.186546181257274,2.736553195644315,0.287,-0.25,0.04,0.905,False
0.4042720486499278,-3.1327873860367825,2.7130630136547578,0.287,-0.25,0.04,0.905,False
0.4068445860138973,-4.074506104378298,9.539288568916232,0.287,-0.25,0.04,0.905,False
0.287,-0.25,3.3106128813543902,0.287,-0.25,0.045,0.905,False
0.3734678228137917,-1.3416348176653168,3.090621069960685,0.287,-0.25,0.045,0.905,False
0.3925037259724458,-2.4171417223900824,3.022388529731221,0.287,-0.25,0.045,0.905,False
0.3980105672805816,-3.4796407943897814,3.001312329255927,0.287,-0.25,0.045,0.905,False
0.3999141477594743,-4.538141384696315,10.843463852758621,0.287,-0.25,0.045,0.905,False
0.287,-0.25,3.5941545688838543,0.287,-0.25,0.05,0.905,False
0.3718161677401833,-1.4548811158481956,3.3829947492891512,0.287,-0.25,0.05,0.905,False
0.3885400261770225,-2.6464692966625383,3.317382551995444,0.287,-0.25,0.05,0.905,False
0.3930129149280466,-3.825376931766595,3.2988911308400435,0.287,-0.25,0.05,0.905,False
0.3944273886304738,-5.000809996362426,12.151657639642767,0.287,-0.25,0.05,0.905,False
0.287,-0.25,6.437301807211595,0.287,-0.25,0.1,0.905,False
0.3646799021942487,-2.527926890553764,6.50472957671736,0.287,-0.25,0.1,0.905,False
0.3709924470513885,-4.88292619717151,6.476628322013155,0.287,-0.25,0.1,0.905,False
0.3716283492524581,-7.231711521952943,6.474075837947974,0.287,-0.25,0.1,0.905,False
0.3716943827902207,-9.579972112643851,25.150805113941477,0.287,-0.25,0.1,0.905,False
0.287,-0.25,11.576499904536092,0.287,-0.25,0.2,0.905,False
0.3615894970875405,-4.397860221833138,13.023067945732707,0.287,-0.25,0.2,0.905,False
0.3627944524803045,-9.094568469538514,13.021762553428546,0.287,-0.25,0.2,0.905,False
0.3628061774899995,-13.790999887793747,13.021742421541978,0.287,-0.25,0.2,0.905,False
0.3628062899135338,-18.48742572015868,50.29207762621673,0.287,-0.25,0.2,0.905,False
0.287,-0.25,15.922193839811946,0.287,-0.25,0.3,0.905,False
0.3591695568942747,-5.941382500612956,19.61830864889218,0.287,-0.25,0.3,0.905,False
0.3593753272334422,-12.973370666065977,19.653110331402754,0.287,-0.25,0.3,0.905,False
0.359375000368683,-20.017897561964325,19.65341814310954,0.287,-0.25,0.3,0.905,False
0.359374995552994,-27.06253526500219,74.62513737781534,0.287,-0.25,0.3,0.905,False
0.287,-0.25,19.550785215755877,0.287,-0.25,0.4,0.905,False
0.3567551512879471,-7.202790933742256,26.1787470997634,0.287,-0.25,0.4,0.905,False
0.3565318880642271,-16.52272479550967,26.377756674146955,0.287,-0.25,0.4,0.905,False
0.3565233751791067,-25.91348596370425,26.383462081139427,0.287,-0.25,0.4,0.905,False
0.3565231309796505,-35.306277623790834,98.34052875679407,0.287,-0.25,0.4,0.905,False
0.287,-0.25,22.57868870572169,0.287,-0.25,0.5,0.905,False
0.3544918775357782,-8.235072668394382,32.58383227713198,0.287,-0.25,0.5,0.905,False
0.3537531474188775,-19.75085728904909,33.18716460086492,0.287,-0.25,0.5,0.905,False
0.3537086463852792,-31.47878201920847,33.22235931801484,0.287,-0.25,0.5,0.905,False
0.3537060507861675,-43.21908009871749,121.49237636553357,0.287,-0.25,0.5,0.905,False
0.287,-0.25,25.122239697206844,0.287,-0.25,0.6,0.905,False
0.3524313105629884,-9.08705737192672,38.737572945862965,0.287,-0.25,0.6,0.905,False
0.3509846507880556,-22.674309655359117,40.04870609882177,0.287,-0.25,0.6,0.905,False
0.3508482830244415,-36.71656745795758,40.17155940143853,0.287,-0.25,0.6,0.905,False
0.35083551081069,-50.80144097099532,144.09703392912738,0.287,-0.25,0.6,0.905,False
0.287,-0.25,27.27894996399753,0.287,-0.25,0.7,0.905,False
0.3505796654982843,-9.798108979198377,44.582612407828535,0.287,-0.25,0.7,0.905,False
0.3482512743606647,-25.31627919246216,46.9158827376681,0.287,-0.25,0.7,0.905,False
0.3479448683359951,-41.63300435378135,47.22269843407277,0.287,-0.25,0.7,0.905,False
0.3479046177192352,-58.05463047113698,166.15795875267594,0.287,-0.25,0.7,0.905,False
0.287,-0.25,29.125707943352268,0.287,-0.25,0.8,0.905,False
0.348924501984124,-10.398428298258064,50.09359380773496,0.287,-0.25,0.8,0.905,False
0.3455864631447012,-27.7032375328234,53.73992044536114,0.287,-0.25,0.8,0.905,False
0.3450209779391227,-46.23822034659173,54.35844973651756,0.287,-0.25,0.8,0.905,False
0.3449252393355944,-64.98147568190815,187.67442739975954,0.287,-0.25,0.8,0.905,False
0.287,-0.25,30.72206585338502,0.287,-0.25,0.9,0.905,False
0.3474465242879269,-10.910871220915514,55.26666345454858,0.287,-0.25,0.9,0.905,False
0.3430163914495184,-29.862085779644325,60.477226710804686,0.287,-0.25,0.9,0.905,False
0.3421025005567855,-50.545844956539625,61.55533119073078,0.287,-0.25,0.9,0.905,False
0.3419140211135741,-71.58692135175876,208.64556281978219,0.287,-0.25,0.9,0.905,False
0.287,-0.25,32.11411271208237,0.287,-0.25,1.0,0.905,False
0.3461250486576231,-11.352762460916123,60.110905866441094,0.287,-0.25,1.0,0.905,False
0.3405577980838213,-31.8183932023733,67.09253432781044,0.287,-0.25,1.0,0.905,False
0.3392131028593904,-54.57201184086934,68.78700119051297,0.287,-0.25,1.0,0.905,False
0.3388883473395037,-77.87819925148307,229.0722661119168,0.287,-0.25,1.0,0.905,False
0.287,-0.25,2.6090616806321023,0.287,-0.25,0.01,0.75,False
0.37893540542456,-1.044527762650903,2.368609273641277,0.287,-0.25,0.01,0.75,False
0.4072293180854746,-1.811844564577625,2.298569258626574,0.287,-0.25,0.01,0.75,False
0.4174395083805064,-2.5665871981700974,2.2722237438136483,0.287,-0.25,0.01,0.75,False
0.4217436487897282,-3.316102951030745,7.4520832116431635,0.287,-0.25,0.01,0.75,False
0.287,-0.25,2.5195851117073413,0.287,-0.25,0.01,0.76,False
0.3800207553293209,-1.0041529338205586,2.2840911416814227,0.287,-0.25,0.01,0.76,False
0.4101260814855745,-1.7325277747976946,2.214321507893808,0.287,-0.25,0.01,0.76,False
0.4213438763043519,-2.4485108762700865,2.18758500730248,0.287,-0.25,0.01,0.76,False
0.426179806832056,-3.159147566140459,7.020650676383362,0.287,-0.25,0.01,0.76,False
0.287,-0.25,2.434248505367227,0.287,-0.25,0.01,0.77,False
0.3811509081191854,-0.9647506328345904,2.2040890525704926,0.287,-0.25,0.01,0.77,False
0.4131971976583543,-1.6551591637297187,2.1347721693723503,0.287,-0.25,0.01,0.77,False
0.4255391984741809,-2.3333961253129405,2.107753751978772,0.287,-0.25,0.01,0.77,False
0.4309789881389339,-3.0061880063521795,6.603560713270965,0.287,-0.25,0.01,0.77,False
0.287,-0.25,2.3530196960536447,0.287,-0.25,0.01,0.78,False
0.3823253050864976,-0.9262835453303142,2.1285924984063342,0.287,-0.25,0.01,0.78,False
0.4164507036537074,-1.57966058093243,2.059917066914395,0.287,-0.25,0.01,0.78,False
0.430049567055263,-2.2211228286000217,2.0327271133180624,0.287,-0.25,0.01,0.78,False
0.4361787911296194,-2.857063361596161,6.2007618706731495,0.287,-0.25,0.01,0.78,False
0.287,-0.25,2.275868373466833,0.287,-0.25,0.01,0.79,False
0.3835433696495628,-0.8887162630713379,2.0575913078476584,0.287,-0.25,0.01,0.79,False
0.4198948505585677,-1.5059579327495365,1.9897537469108095,0.287,-0.25,0.01,0.79,False
0.4349011741808758,-2.1115769503279056,1.9625036749154943,0.287,-0.25,0.01,0.79,False
0.4418217165194829,-2.71162059338657,5.812276699999619,0.287,-0.25,0.01,0.79,False
0.287,-0.25,2.202764934855453,0.287,-0.25,0.01,0.8,False
0.3848045083848398,-0.8520151646153884,1.9910730128112881,0.287,-0.25,0.01,0.8,False
0.4235380889928854,-1.4339809507710162,1.9242783700454489,0.287,-0.25,0.01,0.8,False
0.4401224279880373,-2.0046502355355287,1.897080676660848,0.287,-0.25,0.01,0.8,False
0.4479557542175347,-2.569714154104992,5.438210276226675,0.287,-0.25,0.01,0.8,False
0.287,-0.25,2.1336792450090685,0.287,-0.25,0.01,0.81,False
0.386108112107202,-0.816148304787211,1.9290200165269542,0.287,-0.25,0.01,0.81,False
0.4273890546596479,-1.363662978911967,1.863482134093463,0.287,-0.25,0.01,0.81,False
0.4457440701049431,-1.9002399474826064,1.8364506763514419,0.287,-0.25,0.01,0.81,False
0.454635025649902,-2.431205672672225,5.078759579670076,0.287,-0.25,0.01,0.81,False
0.287,-0.25,2.0685793145020823,0.287,-0.25,0.01,0.82,False
0.3874535569840346,-0.7810853122115301,1.8714066396394682,0.287,-0.25,0.01,0.82,False
0.4314565541312165,-1.294940777684458,1.807347307370331,0.287,-0.25,0.01,0.82,False
0.4517992949672943,-1.7982486418126542,1.7805976807169575,0.287,-0.25,0.01,0.82,False
0.4619204856588182,-2.295963710513633,4.734223485402671,0.287,-0.25,0.01,0.82,False
0.287,-0.25,2.0074299173182926,0.287,-0.25,0.01,0.83,False
0.3888402056707845,-0.7467972942320293,1.8181961543656602,0.287,-0.25,0.01,0.83,False
0.43574955106275,-1.2277543443889456,1.7558430138693428,0.287,-0.25,0.01,0.83,False
0.4583238716550699,-1.6985839773475695,1.7294928238532603,0.287,-0.25,0.01,0.83,False
0.4698806890308705,-2.1638635936621724,4.405012911909811,0.287,-0.25,0.01,0.83,False
0.287,-0.25,1.9501911818838973,0.287,-0.25,0.01,0.84,False
0.3902674084570985,-0.7132567486056949,1.7693379515341277,0.287,-0.25,0.01,0.84,False
0.4402771530316404,-1.1620467480878602,1.7089209780704466,0.287,-0.25,0.01,0.84,False
0.4653562693386875,-1.6011585638712338,1.6830897481777023,0.287,-0.25,0.01,0.84,False
0.4785926280706328,-2.034787329125165,4.091660377504277,0.287,-0.25,0.01,0.84,False
0.287,-0.25,1.896817204732045,0.287,-0.25,0.01,0.85,False
0.3917345044141211,-0.6804374814186751,1.7247650191350703,0.287,-0.25,0.01,0.85,False
0.4450485992102476,-1.09776397834602,1.6665115032907898,0.287,-0.25,0.01,0.85,False
0.47293778792105,-1.5058898477939149,1.6413199297637535,0.287,-0.25,0.01,0.85,False
0.4881426496440182,-1.9086236163476795,3.79482775252082,0.287,-0.25,0.01,0.85,False
0.287,-0.25,1.8472547534605117,0.287,-0.25,0.01,0.86,False
0.393240822534888,-0.6483145307207259,1.684391941691203,0.287,-0.25,0.01,0.86,False
0.4500732490880487,-1.0348548068327714,1.6285200148216397,0.287,-0.25,0.01,0.86,False
0.4811126960801976,-1.4127000371551317,1.6040882775676026,0.287,-0.25,0.01,0.86,False
0.4986274630218876,-1.7852679678307617,3.5153103255031546,0.287,-0.25,0.01,0.86,False
0.287,-0.25,1.8014421454076417,0.287,-0.25,0.01,0.87,False
0.3947856828607913,-0.6168640954210566,1.6481136571953012,0.287,-0.25,0.01,0.87,False
0.4553605724685399,-0.973270660980218,1.594824542420153,0.287,-0.25,0.01,0.87,False
0.4899283796813148,-1.3215160680267253,1.5712694146516415,0.287,-0.25,0.01,0.87,False
0.5101552539987354,-1.6646229568113189,3.2540344007401627,0.287,-0.25,0.01,0.87,False
0.287,-0.25,1.7593084111006196,0.287,-0.25,0.01,0.88,False
0.3963683975882803,-0.5860634690295173,1.615805236789,0.287,-0.25,0.01,0.88,False
0.4609201409767561,-0.9129655089819876,1.5652745470629448,0.287,-0.25,0.01,0.88,False
0.4994355044689404,-1.2322696150247865,1.5427051124949973,0.287,-0.25,0.01,0.88,False
0.5228469266027156,-1.546598614488278,3.0120446052980885,0.287,-0.25,0.01,0.88,False
0.287,-0.25,1.7207728785822665,0.287,-0.25,0.01,0.89,False
0.3979882721508349,-0.5558909778640733,1.587322994061831,0.287,-0.25,0.01,0.89,False
0.4667616213248907,-0.8538957554984422,1.5396915289924573,0.287,-0.25,0.01,0.89,False
0.5096881981094463,-1.144897149332874,1.5182034022201223,0.287,-0.25,0.01,0.89,False
0.5368375018708894,-1.4311130046900915,2.7904762924982256,0.287,-0.25,0.01,0.89,False
0.287,-0.25,1.6857453496693997,0.287,-0.25,0.01,0.9,False
0.399644606272066,-0.5263259233788645,1.5625073119417383,0.287,-0.25,0.01,0.9,False
0.4728947705968763,-0.7960201475081524,1.5178719274434511,0.287,-0.25,0.01,0.9,False
0.5207442580802195,-1.0593400483802384,1.4975399607185709,0.287,-0.25,0.01,0.9,False
0.5522777144750958,-1.318093010195915,2.5905088862458827,0.287,-0.25,0.01,0.9,False
0.287,-0.25,1.6541270888453887,0.287,-0.25,0.01,0.91,False
0.4013366949866213,-0.497348528297291,1.541187745770339,0.287,-0.25,0.01,0.91,False
0.4793294338284306,-0.7392996898127566,1.499593020518344,0.287,-0.25,0.01,0.91,False
0.5326653936583648,-0.9755447621037532,1.4804625494049424,0.287,-0.25,0.01,0.91,False
0.5693358635853285,-1.20747537215961,2.4132997940764915,0.287,-0.25,0.01,0.91,False
0.287,-0.25,1.6258129222658833,0.287,-0.25,0.01,0.92,False
0.4030638296262001,-0.4689398862617235,1.5231913155587733,0.287,-0.25,0.01,0.92,False
0.4860755441771503,-0.6836975697630737,1.4846230242777883,0.287,-0.25,0.01,0.92,False
0.5455175124269412,-0.8934630415418574,1.466699760310273,0.287,-0.25,0.01,0.92,False
0.588199995790986,-1.099208032131364,2.2599092557625,0.287,-0.25,0.01,0.92,False
0.287,-0.25,1.6006948701031722,0.287,-0.25,0.01,0.93,False
0.4048252987685469,-0.4410819147360513,1.5083556198869532,0.287,-0.25,0.01,0.93,False
0.493143125998522,-0.6291790908298428,1.4727377192042996,0.287,-0.25,0.01,0.93,False
0.559371064391171,-0.8130522363443834,1.4559765291125562,0.287,-0.25,0.01,0.93,False
0.6090805272651048,-0.9932518346928636,2.1312496361986515,0.287,-0.25,0.01,0.93,False
0.287,-0.25,1.5786679480887424,0.287,-0.25,0.01,0.94,False
0.4066203891478868,-0.4137573109195424,1.4965498534463932,0.287,-0.25,0.01,0.94,False
0.5005423011687044,-0.5757116146926285,1.4637484578997524,0.287,-0.25,0.01,0.94,False
0.5743014601074659,-0.7342756686035692,1.4480418217138138,0.287,-0.25,0.01,0.94,False
0.6322134525108382,-0.889582656999714,2.028135890104607,0.287,-0.25,0.01,0.94,False
0.287,-0.25,1.5596391398168021,0.287,-0.25,0.01,0.95,False
0.4084483865256626,-0.3869495104507083,1.4877097656357174,0.287,-0.25,0.01,0.95,False
0.5082832990241808,-0.5232645115658552,1.457552113715193,0.287,-0.25,0.01,0.95,False
0.5903895833351795,-0.6571030911707866,1.442721153033695,0.287,-0.25,0.01,0.95,False
0.6578643418658616,-0.7881940381987768,1.9515907529130359,0.287,-0.25,0.01,0.95,False
0.287,-0.25,1.5512264865093102,0.287,-0.25,0.01,0.955,False
0.4093745020785946,-0.37373442744959,1.4844141347957347,0.287,-0.25,0.01,0.955,False
0.5122852108564389,-0.4974145668651195,1.4555143510025286,0.287,-0.25,0.01,0.955,False
0.5988947182890039,-0.6191107386797781,1.4410320351651413,0.287,-0.25,0.01,0.955,False
0.671726319411245,-0.7383585245503126,1.9238497506136265,0.287,-0.25,0.01,0.955,False
0.287,-0.25,1.543541177765227,0.287,-0.25,0.01,0.96,False
0.4103085765208591,-0.3606426486981066,1.4818988030815896,0.287,-0.25,0.01,0.96,False
0.5163764703226654,-0.4718091185220217,1.454226927799299,0.287,-0.25,0.01,0.96,False
0.6077224238285898,-0.5815112392489064,1.4400251626312868,0.287,-0.25,0.01,0.96,False
0.6863334047535262,-0.6891003843452118,1.9037047159303093,0.287,-0.25,0.01,0.96,False
0.287,-0.25,1.5365823146110995,0.287,-0.25,0.01,0.965,False
0.4112505206621035,-0.3476722944937539,1.4802100173410973,0.287,-0.25,0.01,0.965,False
0.5205583932612552,-0.4464448854337644,1.4537600957115624,0.287,-0.25,0.01,0.965,False
0.6168846563840787,-0.5443028830483302,1.439770404110053,0.287,-0.25,0.01,0.965,False
0.7017296024583275,-0.6404253104110069,1.891913563613483,0.287,-0.25,0.01,0.965,False
0.287,-0.25,1.530353892550348,0.287,-0.25,0.01,0.97,False
0.4122002453995277,-0.3348215244517379,1.479421291191987,0.287,-0.25,0.01,0.97,False
0.5248323056696441,-0.4213187056088741,1.4542316219510782,0.287,-0.25,0.01,0.97,False
0.6263938622537287,-0.5074844844364947,1.4403962540873791,0.287,-0.25,0.01,0.97,False
0.7179619976407666,-0.5923408189800183,1.8896780865714253,0.287,-0.25,0.01,0.97,False
0.287,-0.25,1.5248662469815206,0.287,-0.25,0.01,0.975,False
0.4131576617403244,-0.3220885364897198,1.4796443421988914,0.287,-0.25,0.01,0.975,False
0.5291995445594053,-0.3964275355229249,1.4558305898024553,0.287,-0.25,0.01,0.975,False
0.6362630133541359,-0.471055408643302,1.4421242623991262,0.287,-0.25,0.01,0.975,False
0.7350810764743233,-0.5448564084807606,1.8988895576781586,0.287,-0.25,0.01,0.975,False
0.287,-0.25,1.5201378994191246,0.287,-0.25,0.01,0.98,False
0.4141226808234926,-0.3094715658437357,1.481045083330035,0.287,-0.25,0.01,0.98,False
0.5336614589017725,-0.3717684495901427,1.4588552358208569,0.287,-0.25,0.01,0.98,False
0.6465056471708724,-0.4350156003963231,1.4453271854684824,0.287,-0.25,0.01,0.98,False
0.7531410944836842,-0.4979837291427763,1.9225078229010548,0.287,-0.25,0.01,0.98,False
0.287,-0.25,1.516197932566121,0.287,-0.25,0.01,0.985,False
0.4150952139410086,-0.296968884114192,1.483867429977803,0.287,-0.25,0.01,0.985,False
0.5382194106684074,-0.3473386397500285,1.4637746995401313,0.287,-0.25,0.01,0.985,False
0.6571359114194737,-0.3993656145431123,1.4506303232336766,0.287,-0.25,0.01,0.985,False
0.7722005005768414,-0.4517367626174561,1.9651554926055852,0.287,-0.25,0.01,0.985,False
0.287,-0.25,1.5130890685945337,0.287,-0.25,0.01,0.99,False
0.4160751725583857,-0.2845787983408689,1.4884694379758991,0.287,-0.25,0.01,0.99,False
0.5428747759726085,-0.3231354151682289,1.4713327685065796,0.287,-0.25,0.01,0.99,False
0.6681686139873181,-0.3641066487121305,1.4590944136844912,0.287,-0.25,0.01,0.99,False
0.7923224260919831,-0.4061320102260777,2.0340664692905723,0.287,-0.25,0.01,0.99,False
0.287,-0.25,1.5118643455685568,0.287,-0.25,0.01,0.9925,False
0.4165679088148653,-0.2784254593568704,1.4915941132375752,0.287,-0.25,0.01,0.9925,False
0.5452394229081992,-0.3111179634694893,1.4764506337361845,0.287,-0.25,0.01,0.9925,False
0.6738407012359804,-0.3466243568280448,1.4650413215914908,0.287,-0.25,0.01,0.9925,False
0.8028029797869578,-0.3835763577967366,2.0817081618009134,0.287,-0.25,0.01,0.9925,False
0.287,-0.25,1.5108716898081809,0.287,-0.25,0.01,0.995,False
0.4170624683346082,-0.2722996501059161,1.4953793317638102,0.287,-0.25,0.01,0.995,False
0.5476289463164185,-0.2991562020509248,1.4827279453911955,0.287,-0.25,0.01,0.995,False
0.6796192787950326,-0.3292405780409997,1.4725590961136767,0.287,-0.25,0.01,0.995,False
0.8135752496662979,-0.3611886876647245,2.14063697824562,0.287,-0.25,0.01,0.995,False
0.287,-0.25,1.5101222754900452,0.287,-0.25,0.01,0.9975,False
0.4175588401083883,-0.2662011685402899,1.4999322168990428,0.287,-0.25,0.01,0.9975,False
0.5500435227624214,-0.2872498274639685,1.4904382651307442,0.287,-0.25,0.01,0.9975,False
0.6855064092855373,-0.3119556586426265,1.4821087217331619,0.287,-0.25,0.01,0.9975,False
0.8246487100822496,-0.3389718584071035,2.2133556205108422,0.287,-0.25,0.01,0.9975,False
0.287,-10.05,1.4142135623732377,0.287,-10.05,0.01,1.0,False
0.2869994431443636,-10.050000198111391,1.4142135623733472,0.287,-10.05,0.01,1.0,False
0.2869989111679271,-10.050000455726376,1.4142135623734806,0.287,-10.05,0.01,1.0,False
0.2869984103955814,-10.050000769773993,1.4142135623736314,0.287,-10.05,0.01,1.0,False
0.2869979467843616,-10.050001136522564,1.414213562378082,0.287,-10.05,0.01,1.0,False
0.287,-10.05,1.4162911468081103,0.287,-10.05,0.01,1.01,False
0.2869993961152227,-10.02799142498722,1.4163175769066365,0.287,-10.05,0.01,1.01,False
0.2869987918427964,-10.005843243943746,1.4163175723686228,0.287,-10.05,0.01,1.01,False
0.2869981947726965,-9.983695132711317,1.4163175675015274,0.287,-10.05,0.01,1.01,False
0.2869976127920279,-9.961547091630749,1.4474073068758908,0.287,-10.05,0.01,1.01,False
0.287,-10.05,1.422345441842438,0.287,-10.05,0.01,1.02,False
0.2869993495278201,-10.006411481940791,1.422447675217566,0.287,-10.05,0.01,1.02,False
0.2869986706989694,-9.962549138012706,1.4224476859780537,0.287,-10.05,0.01,1.02,False
0.2869979706244355,-9.91868687303588,1.4224476953519607,0.287,-10.05,0.01,1.02,False
0.2869972574653652,-9.874824692483022,1.5403101124411605,0.287,-10.05,0.01,1.02,False
0.287,-10.05,1.4320975010994457,0.287,-10.05,0.01,1.03,False
0.2869993033788571,-9.985247957014568,1.4323193980639577,0.287,-10.05,0.01,1.03,False
0.286998547755086,-9.920093077000878,1.4323194544547275,0.287,-10.05,0.01,1.03,False
0.2869977377931529,-9.854938280485316,1.4323195104618232,0.287,-10.05,0.01,1.03,False
0.2869968798869831,-9.78978357888328,1.6799054753848714,0.287,-10.05,0.01,1.03,False
0.287,-10.05,1.4452589864394545,0.287,-10.05,0.01,1.04,False
0.2869992576649969,-9.964488912654677,1.4456387403059565,0.287,-10.05,0.01,1.04,False
0.2869984230307708,-9.87845096088197,1.4456388831512046,0.287,-10.05,0.01,1.04,False
0.2869974961265621,-9.792413092205411,1.4456390325775368,0.287,-10.05,0.01,1.04,False
0.2869964791310166,-9.706375324514225,1.8529867214264801,0.287,-10.05,0.01,1.04,False
0.287,-10.05,1.4615386782449373,0.287,-10.05,0.01,1.05,False
0.2869992123828555,-9.94412286326082,1.4621088622810154,0.287,-10.05,0.01,1.05,False
0.286998296546556,-9.837599604918948,1.4621091426822252,0.287,-10.05,0.01,1.05,False
0.2869972454777969,-9.731076423967258,1.4621094475658054,0.287,-10.05,0.01,1.05,False
0.2869960542641562,-9.624553344988692,2.0487921420702433,0.287,-10.05,0.01,1.05,False
0.287,-10.05,1.4806482815846422,0.287,-10.05,0.01,1.06,False
0.2869991675290121,-9.924138753998967,1.4814360641319928,0.287,-10.05,0.01,1.06,False
0.2869981683238065,-9.7975166966213,1.4814365430970853,0.287,-10.05,0.01,1.06,False
0.2869969857054642,-9.670894705269594,1.4814370813676347,0.287,-10.05,0.01,1.06,False
0.28699560434667,-9.54427281109805,2.2594575167215787,0.287,-10.05,0.01,1.06,False
0.287,-10.05,1.502307300536445,0.287,-10.05,0.01,1.07,False
0.2869991231000141,-9.904525940794764,1.5033347880428498,0.287,-10.05,0.01,1.07,False
0.2869980383846688,-9.758180755108585,1.503335536014865,0.287,-10.05,0.01,1.07,False
0.2869967166737043,-9.611835618073007,1.5033364019582922,0.287,-10.05,0.01,1.07,False
0.2869951284334589,-9.46549056691762,2.479507358483868,0.287,-10.05,0.01,1.07,False
0.287,-10.05,1.526246879476441,0.287,-10.05,0.01,1.08,False
0.28699907909237,-9.88527417143206,1.5275315460264387,0.287,-10.05,0.01,1.08,False
0.2869979067519856,-9.71957109272511,1.5275326423599613,0.287,-10.05,0.01,1.08,False
0.2869964382521935,-9.55386803893138,1.5275339469521365,0.287,-10.05,0.01,1.08,False
0.2869946255750472,-9.388165052455731,2.705188695296663,0.287,-10.05,0.01,1.08,False
0.287,-10.05,1.552212615337641,0.287,-10.05,0.01,1.09,False
0.286999035502559,-9.866373567685022,1.553767780678846,0.287,-10.05,0.01,1.09,False
0.2869977734492493,-9.681667778760763,1.5537693131033357,0.287,-10.05,0.01,1.09,False
0.2869961503161871,-9.496961984301638,1.5537711842540993,0.287,-10.05,0.01,1.09,False
0.2869940948186201,-9.31225623055343,2.9339272975841175,0.287,-10.05,0.01,1.09,False
0.287,-10.05,1.5799664208225568,0.287,-10.05,0.01,1.1,False
0.2869989923270382,-9.847814608419467,1.5818017450449127,0.287,-10.05,0.01,1.1,False
0.2869976385005401,-9.64445160514537,1.5818038091422482,0.287,-10.05,0.01,1.1,False
0.2869958527465251,-9.441088558831916,1.581806391884981,0.287,-10.05,0.01,1.1,False
0.2869935352090212,-9.237725517767078,3.1639431978651618,0.287,-10.05,0.01,1.1,False
0.287,-10.05,1.6092875647749962,0.287,-10.05,0.01,1.11,False
0.2869989495622358,-9.829588113602252,1.6114095350736448,0.287,-10.05,0.01,1.11,False
0.2869975019304688,-9.607904053991913,1.6114122337893417,0.287,-10.05,0.01,1.11,False
0.2869955454296339,-9.386219906438614,1.611415690442123,0.287,-10.05,0.01,1.11,False
0.2869929457897436,-9.164535718980549,3.3939928064015747,0.287,-10.05,0.01,1.11,False
0.287,-10.05,1.6399730365665717,0.287,-10.05,0.01,1.12,False
0.2869989072045598,-9.811685229161943,1.642385428694996,0.287,-10.05,0.01,1.12,False
0.286997363764118,-9.5720072668731,1.6423888718919166,0.287,-10.05,0.01,1.12,False
0.286995228257507,-9.332329163999802,1.6423933822106722,0.287,-10.05,0.01,1.12,False
0.2869923256038959,-9.092650965516055,3.6231985977094694,0.287,-10.05,0.01,1.12,False
0.287,-10.05,1.6718373827966964,0.287,-10.05,0.01,1.13,False
0.2869988652503978,-9.794097412648972,1.674541686149848,0.287,-10.05,0.01,1.13,False
0.2869972240270033,-9.536744015725056,1.6745459902100155,0.287,-10.05,0.01,1.13,False
0.2869949011277114,-9.27939041750235,1.6745517515447441,0.287,-10.05,0.01,1.13,False
0.2869916736951773,-9.022036656526245,3.8509364282457543,0.287,-10.05,0.01,1.13,False
0.287,-10.05,1.704712153436307,0.287,-10.05,0.01,1.14,False
0.2869988236961267,-9.776816419646178,1.7077079538423108,0.287,-10.05,0.01,1.14,False
0.2869970827450179,-9.502097675277946,1.7077132413156244,0.287,-10.05,0.01,1.14,False
0.2869945639433431,-9.227378660493168,1.7077204687782075,0.287,-10.05,0.01,1.14,False
0.2869909891088014,-8.95265940346673,4.076760229364435,0.287,-10.05,0.01,1.14,False
0.287,-10.05,1.7384450764303438,0.287,-10.05,0.01,1.15,False
0.2869987825381041,-9.759834290884172,1.7417303946090965,0.287,-10.05,0.01,1.15,False
0.286996939944383,-9.46805219692083,2.4721704326781833,0.287,-10.05,0.01,1.15,False
0.287,-10.05,1.772899058990732,0.287,-10.05,0.01,1.16,False
0.2869987417726793,-9.743143340019545,1.7764706453684964,0.287,-10.05,0.01,1.16,False
0.2869967956516093,-9.434592083914682,2.568663896848328,0.287,-10.05,0.01,1.16,False
0.287,-10.05,1.807951093235935,0.287,-10.05,0.01,1.17,False
0.2869987013961934,-9.72673614203605,1.8118046815754243,0.287,-10.05,0.01,1.17,False
0.2869966498934568,-9.401702367872817,2.6650787947694097,0.287,-10.05,0.01,1.17,False
0.287,-10.05,1.8434911251456971,0.287,-10.05,0.01,1.18,False
0.2869986614049812,-9.710605522232736,1.8476216484794104,0.287,-10.05,0.01,1.18,False
0.2869965026968909,-9.369368586434426,2.761219196873266,0.287,-10.05,0.01,1.18,False
0.287,-10.05,1.8794209298154476,0.287,-10.05,0.01,1.19,False
0.2869986217953728,-9.694744545763896,1.8838227026502117,0.287,-10.05,0.01,1.19,False
0.2869963540890455,-9.337576762060268,2.856925982123269,0.287,-10.05,0.01,1.19,False
0.287,-10.05,1.9156530229156592,0.287,-10.05,0.01,1.2,False
0.2869985825636968,-9.679146507699183,1.920319893782214,0.287,-10.05,0.01,1.2,False
0.2869962040971909,-9.306313381885827,2.9520700869602146,0.287,-10.05,0.01,1.2,False
0.287,-0.25,1.6340548320467458,0.287,-0.25,0.01,0.905,True
0.4033737805926106,-0.4771477916095633,1.5409327010990241,0.287,-0.25,0.01,0.905,True
0.4842901118705465,-0.7176582387362287,1.500132172710191,0.287,-0.25,0.01,0.905,True
0.5397432544911311,-0.9560842977749736,1.4811746158649517,0.287,-0.25,0.01,0.905,True
0.5777445920371894,-1.1919438157092157,2.381423869807066,0.287,-0.25,0.01,0.905,True
0.287,-0.25,1.74271796031346,0.287,-0.25,0.015,0.905,True
0.3984158199038284,-0.5734246183367974,1.635068826246509,0.287,-0.25,0.015,0.905,True
0.4640229185295109,-0.9203382621523668,1.586178613181102,0.287,-0.25,0.015,0.905,True
0.5019718909154307,-1.2657083198731234,1.5644830746708445,0.287,-0.25,0.015,0.905,True
0.52423396483798,-1.6091542029820534,3.1071070370269824,0.287,-0.25,0.015,0.905,True
0.287,-0.25,1.8706923506792206,0.287,-0.25,0.02,0.905,True
0.3944029368939549,-0.6645485168634186,1.763441631217097,0.287,-0.25,0.02,0.905,True
0.4488169085015644,-1.114932573965008,1.7113837524134632,0.287,-0.25,0.02,0.905,True
0.4760019400425473,-1.5653511610059463,1.68969190763363,0.287,-0.25,0.02,0.905,True
0.4901296943422368,-2.0151238810043486,3.979654454643491,0.287,-0.25,0.02,0.905,True
0.287,-0.25,2.0124129393252446,0.287,-0.25,0.025,0.905,True
0.3911053484101965,-0.7514409062306493,1.9191749397837938,0.287,-0.25,0.025,0.905,True
0.4371518756693969,-1.3028137853266504,1.8687646230317805,0.287,-0.25,0.025,0.905,True
0.4574612837247492,-1.856606742250441,1.849585963787165,0.287,-0.25,0.025,0.905,True
0.4670868528604339,-2.411525917533442,4.922554489138529,0.287,-0.25,0.025,0.905,True
0.287,-0.25,2.163490384213726,0.287,-0.25,0.03,0.905,True
0.3883655661449507,-0.8347251691541717,2.0954906558347046,0.287,-0.25,0.03,0.905,True
0.428035148031869,-1.4849383227531765,2.0506347677099277,0.287,-0.25,0.03,0.905,True
0.443783862783862,-2.140656566629464,2.0359721435384888,0.287,-0.25,0.03,0.905,True
0.4507284995169442,-2.799693383820874,5.8969644235909975,0.287,-0.25,0.03,0.905,True
0.287,-0.25,2.3205973360597474,0.287,-0.25,0.035,0.905,True
0.3860697390709569,-0.9148578271480028,2.286651208003329,0.287,-0.25,0.035,0.905,True
0.4207926601601446,-1.662018924121082,2.250362472139115,0.287,-0.25,0.035,0.905,True
0.433398377612699,-2.4183987531862425,2.2418056928527754,0.287,-0.25,0.035,0.905,True
0.4386258883579699,-3.180645442717686,6.883470984081706,0.287,-0.25,0.035,0.905,True
0.287,-0.25,2.4812795966004844,0.287,-0.25,0.04,0.905,True
0.3841326756408004,-0.9921905384717924,2.4882049794458,0.287,-0.25,0.04,0.905,True
0.4149540013198139,-1.8346090707420672,2.462839250236581,0.287,-0.25,0.04,0.905,True
0.4253098795082443,-2.690529788167895,2.4616668063052733,0.287,-0.25,0.04,0.905,True
0.4293634463465372,-3.555162101912547,7.872073809250638,0.287,-0.25,0.04,0.905,True
0.287,-0.25,2.6437557557177467,0.287,-0.25,0.045,0.905,True
0.3824890389495797,-1.067003928074416,2.6968530015568684,0.287,-0.25,0.045,0.905,True
0.410183835001979,-2.0031510989514656,2.6843233565632825,0.287,-0.25,0.045,0.905,True
0.4188696837672561,-2.957600134468537,2.691561960075411,0.287,-0.25,0.045,0.905,True
0.4220776547707594,-3.923849963620856,8.857393251273605,0.287,-0.25,0.045,0.905,True
0.287,-0.25,2.806744896720836,0.287,-0.25,0.05,0.905,True
0.381087768818996,-1.1395278859793534,2.9102039249628775,0.287,-0.25,0.05,0.905,True
0.406238852237344,-2.168006317308317,2.912120923511842,0.287,-0.25,0.05,0.905,True
0.4136433540809279,-3.220052861442692,2.928583371818392,0.287,-0.25,0.05,0.905,True
0.4162187593262441,-4.287190802515726,9.836410739254093,0.287,-0.25,0.05,0.905,True
0.287,-0.25,4.35227892881602,0.287,-0.25,0.1,0.905,True
0.3743398178635527,-1.7705296568682125,5.082842159243046,0.287,-0.25,0.1,0.905,True
0.3878586473931446,-3.662665154989924,5.283184430946896,0.287,-0.25,0.1,0.905,True
0.3901788200793027,-5.6486658364351765,5.410610186055989,0.287,-0.25,0.1,0.905,True
0.3906999830173683,-7.689077355553989,19.10800603872459,0.287,-0.25,0.1,0.905,True
0.287,-0.25,6.826651574110174,0.287,-0.25,0.2,0.905,True
0.3725511472280162,-2.7251964254914998,9.048749563695424,0.287,-0.25,0.2,0.905,True
0.3800851951307314,-6.121757978489454,9.751486252259467,0.287,-0.25,0.2,0.905,True
0.3811853302018721,-9.799540967306434,10.137436419563661,0.287,-0.25,0.2,0.905,True
0.381726453773009,-13.631413329046795,35.091284377364644,0.287,-0.25,0.2,0.905,True
0.287,-0.25,8.731512098792276,0.287,-0.25,0.3,0.905,True
0.3730499190143259,-3.453996272079201,12.472072420689052,0.287,-0.25,0.3,0.905,True
0.3789588956306044,-8.149640164066843,13.728266995568333,0.287,-0.25,0.3,0.905,True
0.3803803173326636,-13.34378045221446,14.414932502770286,0.287,-0.25,0.3,0.905,True
0.3812296520116116,-18.81265213406864,48.71767271858809,0.287,-0.25,0.3,0.905,True
0.287,-0.25,10.282868645080804,0.287,-0.25,0.4,0.905,True
0.3736419837413767,-4.046733519910832,15.476531457345223,0.287,-0.25,0.4,0.905,True
0.3791958795879941,-9.890603918169765,17.315628240124493,0.287,-0.25,0.4,0.905,True
0.3810645296788421,-16.466888571389106,18.332668793190336,0.287,-0.25,0.4,0.905,True
0.3822189965600177,-23.453083844124173,60.72728449101456,0.287,-0.25,0.4,0.905,True
0.287,-0.25,11.592775044272608,0.287,-0.25,0.5,0.905,True
0.3740910203357463,-4.546409770930381,18.157318632729403,0.287,-0.25,0.5,0.905,True
0.3797552286384575,-11.420610734369442,20.594631247497464,0.287,-0.25,0.5,0.905,True
0.3820568973644384,-19.270312754620416,21.96146648592004,0.287,-0.25,0.5,0.905,True
0.3835020347027004,-27.67507916245608,71.53011611435012,0.287,-0.25,0.5,0.905,True
0.287,-0.25,12.726225855627263,0.287,-0.25,0.6,0.905,True
0.3743954505701961,-4.977829630659491,20.580760027205187,0.287,-0.25,0.6,0.905,True
0.3803440218928528,-12.786918459592105,23.621937101853337,0.287,-0.25,0.6,0.905,True
0.3830458191731717,-21.818924967785517,25.351282106457425,0.287,-0.25,0.6,0.905,True
0.3847644954319644,-31.557988121869208,81.38499981328441,0.287,-0.25,0.6,0.905,True
0.287,-0.25,13.724639087800378,0.287,-0.25,0.7,0.905,True
0.374583380707231,-5.35685004017254,22.794257232536083,0.287,-0.25,0.7,0.905,True
0.3808712936701366,-14.021631409578433,26.438705367094855,0.287,-0.25,0.7,0.905,True
0.3839382929089275,-24.15788176089853,28.538740534180942,0.287,-0.25,0.7,0.905,True
0.3859125348057404,-35.15778705170322,90.46940355753159,0.287,-0.25,0.7,0.905,True
0.287,-0.25,14.616206507335145,0.287,-0.25,0.8,0.905,True
0.3746811974803751,-5.69430878037832,24.832859577449817,0.287,-0.25,0.8,0.905,True
0.381311667407934,-15.147832464567289,29.07600976279861,0.287,-0.25,0.8,0.905,True
0.384710200177525,-26.32038120898545,31.551741424907167,0.287,-0.25,0.8,0.905,True
0.386922056339436,-38.51615438033965,98.9119082097466,0.287,-0.25,0.8,0.905,True
0.287,-0.25,15.421058088518217,0.287,-0.25,0.9,0.905,True
0.3747095660529855,-5.997974714966538,26.723269818768994,0.287,-0.25,0.9,0.905,True
0.381663026181052,-16.182801747759527,31.558040851176962,0.287,-0.25,0.9,0.905,True
0.3853615411217801,-28.331789258602196,34.41219900079366,0.287,-0.25,0.9,0.905,True
0.3877935387888717,-41.66532119462521,106.8094416674101,0.287,-0.25,0.9,0.905,True
0.287,-0.25,16.15410020111969,0.287,-0.25,1.0,0.905,True
0.3746841142175429,-6.273621116633819,28.48634421291101,0.287,-0.25,1.0,0.905,True
0.3819315345283552,-17.139876005621645,33.90409384333261,0.287,-0.25,1.0,0.905,True
0.385900813377837,-30.212055498335666,37.13774814115317,0.287,-0.25,1.0,0.905,True
0.3885361999025285,-44.630926241885774,114.23729961862739,0.287,-0.25,1.0,0.905,True
0.287,-0.25,2.372908687473228,0.287,-0.25,0.01,0.75,True
0.3836700937567771,-0.9380750913020616,2.249048017830868,0.287,-0.25,0.01,0.75,True
0.4168957974274661,-1.6586382708977263,2.195980707275034,0.287,-0.25,0.01,0.75,True
0.4292826591488474,-2.3775781251859325,2.1779170762037703,0.287,-0.25,0.01,0.75,True
0.4345684230122344,-3.0966100653903585,6.755158618384724,0.287,-0.25,0.01,0.75,True
0.287,-0.25,2.300967903108867,0.287,-0.25,0.01,0.76,True
0.3847433331569312,-0.9031058531335372,2.1742345638991423,0.287,-0.25,0.01,0.76,True
0.419941299423671,-1.5871400767273929,2.120066993024842,0.287,-0.25,0.01,0.76,True
0.4335018689549358,-2.269234921062127,2.1008895370383818,0.287,-0.25,0.01,0.76,True
0.4394162850989895,-2.9510390590503977,6.365731812606038,0.287,-0.25,0.01,0.76,True
0.287,-0.25,2.232647357758586,0.287,-0.25,0.01,0.77,True
0.3858469867605095,-0.8689827216848879,2.1037005916263167,0.287,-0.25,0.01,0.77,True
0.423140201976698,-1.5173973473032216,2.0486758989027147,0.287,-0.25,0.01,0.77,True
0.4380025320174968,-2.163603841047597,2.028525042334131,0.287,-0.25,0.01,0.77,True
0.4446299594947969,-2.809167009532451,5.990137447426593,0.287,-0.25,0.01,0.77,True
0.287,-0.25,2.1678918266367266,0.287,-0.25,0.01,0.78,True
0.3869803611440349,-0.8356735896669681,2.037409132760633,0.287,-0.25,0.01,0.78,True
0.4264982244735956,-1.449340621802697,1.981778896663363,0.287,-0.25,0.01,0.78,True
0.4428058907121739,-2.060575859615734,1.9607965551522388,0.287,-0.25,0.01,0.78,True
0.4502455873861454,-2.670845518969214,5.628333952140394,0.287,-0.25,0.01,0.78,True
0.287,-0.25,2.1066461415154634,0.287,-0.25,0.01,0.79,True
0.388142761976142,-0.8031479822762285,1.9753208142213894,0.287,-0.25,0.01,0.79,True
0.4300211493638518,-1.382904093388646,1.919345848926025,0.287,-0.25,0.01,0.79,True
0.4479347535656754,-1.9600476363263184,1.897675702493408,0.287,-0.25,0.01,0.79,True
0.45630360256582,-2.5359336819946443,5.280349615603705,0.287,-0.25,0.01,0.79,True
0.287,-0.25,2.0488543512655832,0.287,-0.25,0.01,0.8,True
0.3893334948168406,-0.7713769548440075,1.9173917173067445,0.287,-0.25,0.01,0.8,True
0.4337148096293549,-1.318025397013873,1.8613421168129791,0.287,-0.25,0.01,0.8,True
0.4534135544754069,-1.861921240428956,1.8391300206648191,0.287,-0.25,0.01,0.8,True
0.4628491768174022,-2.4042977529043528,4.946288877119581,0.287,-0.25,0.01,0.8,True
0.287,-0.25,1.9944588922768391,0.287,-0.25,0.01,0.81,True
0.3905518659019359,-0.7403329980591692,1.8635712374053113,0.287,-0.25,0.01,0.81,True
0.4375850767967292,-1.2546454136395775,1.807725468486949,0.287,-0.25,0.01,0.81,True
0.4592684112436522,-1.7661039079720957,1.7851198645639752,0.287,-0.25,0.01,0.81,True
0.4699326993298487,-2.275810873880432,4.626338853308344,0.287,-0.25,0.01,0.81,True
0.287,-0.25,1.9433997891033385,0.287,-0.25,0.01,0.82,True
0.3917971829069099,-0.7099899501210194,1.8138000265317187,0.287,-0.25,0.01,0.82,True
0.4416378495935083,-1.1927080895410629,1.758442905345744,0.287,-0.25,0.01,0.82,True
0.465527183908604,-1.6725078303573429,1.7355950554364405,0.287,-0.25,0.01,0.82,True
0.4776102925010213,-2.150352867007698,4.320775730811554,0.287,-0.25,0.01,0.82,True
0.287,-0.25,1.895613911241306,0.287,-0.25,0.01,0.83,True
0.3930687556855904,-0.680322915240893,1.7680081188383772,0.287,-0.25,0.01,0.83,True
0.4458790433477623,-1.1321602695050312,1.7134275625386266,0.287,-0.25,0.01,0.83,True
0.4722195335894,-1.5810499736218098,1.690491392465952,0.287,-0.25,0.01,0.83,True
0.4859443672922715,-2.027810094226228,4.029970446889169,0.287,-0.25,0.01,0.83,True
0.287,-0.25,1.8510343177876962,0.287,-0.25,0.01,0.84,True
0.394365896979967,-0.6513081879657494,1.7261133549958416,0.287,-0.25,0.01,0.84,True
0.4503145802290511,-1.0729515428399372,1.6725958767930105,0.287,-0.25,0.01,0.84,True
0.4793769828420944,-1.4916519280677092,1.6497272074767135,0.287,-0.25,0.01,0.84,True
0.4950042224656835,-1.9080753909708787,3.754392780591619,0.287,-0.25,0.01,0.84,True
0.287,-0.25,1.809589727847493,0.287,-0.25,0.01,0.85,True
0.3956879230983191,-0.6229231828462285,1.688020234227244,0.287,-0.25,0.01,0.85,True
0.4549503804268413,-1.0150341012250603,1.6358452431983483,0.287,-0.25,0.01,0.85,True
0.4870329788555014,-1.4042397881901851,1.6132001934638887,0.287,-0.25,0.01,0.85,True
0.5048666936958558,-1.7910480810797795,3.4946125667725476,0.287,-0.25,0.01,0.85,True
0.287,-0.25,1.7712041611252634,0.287,-0.25,0.01,0.86,True
0.3970341545595566,-0.5951463690157361,1.653619333420472,0.287,-0.25,0.01,0.86,True
0.4597923543609944,-0.958362607517558,1.6030524011875975,0.287,-0.25,0.01,0.86,True
0.4952229612090104,-1.3187440631852068,1.5807847808770557,0.287,-0.25,0.01,0.86,True
0.5156168608607818,-1.6766340826480743,3.251296229687177,0.287,-0.25,0.01,0.86,True
0.287,-0.25,1.7357968006274183,0.287,-0.25,0.01,0.87,True
0.3984039167023085,-0.5679572092866577,1.6227874441642423,0.287,-0.25,0.01,0.87,True
0.4648463960177659,-0.9028940747202628,1.5740728001713082,0.287,-0.25,0.01,0.87,True
0.5039844363797172,-1.2350996186493566,1.5523303673332234,0.287,-0.25,0.01,0.87,True
0.5273488249920494,-1.5647461168946153,3.025196289406338,0.287,-0.25,0.01,0.87,True
0.287,-0.25,1.7032821387833124,0.287,-0.25,0.01,0.88,True
0.3997965402577951,-0.5413361034054036,1.5953885977927011,0.287,-0.25,0.01,0.88,True
0.4701183775039181,-0.8485877543879429,1.548741206215779,0.287,-0.25,0.01,0.88,True
0.5133570617367178,-1.1532456504131965,1.5276607303162668,0.287,-0.25,0.01,0.88,True
0.5401665706768615,-1.455304034822443,2.8171311577437463,0.287,-0.25,0.01,0.88,True
0.287,-0.25,1.6735704812883985,0.287,-0.25,0.01,0.89,True
0.4012113618860331,-0.5152643351399473,1.5712761889187183,0.287,-0.25,0.01,0.89,True
0.4756141449113617,-0.7954050338167741,1.5268738441389216,0.287,-0.25,0.01,0.89,True
0.5233827424125769,-1.0731256917776033,1.5065749855937327,0.287,-0.25,0.01,0.89,True
0.5541849355112929,-1.3482352794939845,2.627952944252992,0.287,-0.25,0.01,0.89,True
0.287,-0.25,1.6465689024405155,0.287,-0.25,0.01,0.9,True
0.4026477246752341,-0.4897240229023587,1.5502964930614838,0.287,-0.25,0.01,0.9,True
0.481339515585107,-0.7433093414220154,1.508272466008293,0.287,-0.25,0.01,0.9,True
0.5341057452155623,-0.9946876557451252,1.4888505387474436,0.287,-0.25,0.01,0.9,True
0.5695307159720936,-1.2434755050806268,2.458503154257127,0.287,-0.25,0.01,0.9,True
0.287,-0.25,1.622182776253138,0.287,-0.25,0.01,0.91,True
0.4041049786046309,-0.4646980736348627,1.5322940450248281,0.287,-0.25,0.01,0.91,True
0.4873002768884311,-0.6922660597627015,1.4927309749427162,0.287,-0.25,0.01,0.91,True
0.5455728346657772,-0.917883914149014,1.4742487029876514,0.287,-0.25,0.01,0.91,True
0.5863439494149227,-1.1409693773929623,2.3095617534866433,0.287,-0.25,0.01,0.91,True
0.287,-0.25,1.6003180563926689,0.287,-0.25,0.01,0.92,True
0.4055824809712466,-0.4401701397114058,1.5171196754237888,0.287,-0.25,0.01,0.92,True
0.4935021865612674,-0.6422424457205556,1.4800457609229263,0.287,-0.25,0.01,0.92,True
0.5578334373336615,-0.8426714158726771,1.4625242102446734,0.287,-0.25,0.01,0.92,True
0.6047794256197732,-1.0406715841685723,2.181806501775296,0.287,-0.25,0.01,0.92,True
0.287,-0.25,1.580884556372753,0.287,-0.25,0.01,0.93,True
0.4070795967812647,-0.4161245786279399,1.5046426309640577,0.287,-0.25,0.01,0.93,True
0.4999509747706131,-0.5932075573835303,1.4700320233412323,0.287,-0.25,0.01,0.93,True
0.5709398419666761,-0.7690118466071381,1.4534411296961183,0.287,-0.25,0.01,0.93,True
0.6250084994363889,-0.9425480866474812,2.075819926863522,0.287,-0.25,0.01,0.93,True
0.287,-0.25,1.563800607621823,0.287,-0.25,0.01,0.94,True
0.4085956991069405,-0.3925464152738947,1.4947693997064229,0.287,-0.25,0.01,0.94,True
0.5066523479559527,-0.5451321872231185,1.4625507104335678,0.287,-0.25,0.01,0.94,True
0.584947444454817,-0.696871832795102,1.4468006626830712,0.287,-0.25,0.01,0.94,True
0.6472213000039524,-0.8465776463244262,1.9922157966606089,0.287,-0.25,0.01,0.94,True
0.287,-0.25,1.548999676631696,0.287,-0.25,0.01,0.95,True
0.4101301694100649,-0.3694213065946555,1.4874741804053961,0.287,-0.25,0.01,0.95,True
0.5136119945777526,-0.4979888011891487,1.45755578383701,0.287,-0.25,0.01,0.95,True
0.5999150485612631,-0.6262231925302433,1.4424932106067034,0.287,-0.25,0.01,0.95,True
0.6716294635152896,-0.7527536612893049,1.9320168974811114,0.287,-0.25,0.01,0.95,True
0.287,-0.25,1.5424409444739289,0.287,-0.25,0.01,0.955,True
0.4109041016262875,-0.3580243301876408,1.484815800258871,0.287,-0.25,0.01,0.955,True
0.5171904450229375,-0.4747584416943872,1.456022115089104,0.287,-0.25,0.01,0.955,True
0.6077782485520189,-0.5914508231438574,1.4412284924944416,0.287,-0.25,0.01,0.955,True
0.6847296487313,-0.7066490570660051,1.9113249715490062,0.287,-0.25,0.01,0.955,True
0.287,-0.25,1.5364398527346905,0.287,-0.25,0.01,0.96,True
0.4116823978331194,-0.3467355084706825,1.4828505706801072,0.287,-0.25,0.01,0.96,True
0.5208355928835277,-0.4517514833764856,1.4551829475671088,0.287,-0.25,0.01,0.96,True
0.6159052355986773,-0.557043236183847,1.440604121991779,0.287,-0.25,0.01,0.96,True
0.6984695578883038,-0.6610863437612482,1.8975338559124963,0.287,-0.25,0.01,0.96,True
0.287,-0.25,1.5309972678205959,0.287,-0.25,0.01,0.965,True
0.4124649831974011,-0.3355532119163831,1.4816238209620458,0.287,-0.25,0.01,0.965,True
0.5245481479695137,-0.4289649313671424,1.4551125173612498,0.287,-0.25,0.01,0.965,True
0.6243044971165066,-0.5229985115173779,1.4406987953460824,0.287,-0.25,0.01,0.965,True
0.7128833685188755,-0.616069842144297,1.891440494239655,0.287,-0.25,0.01,0.965,True
0.287,-0.25,1.5261176592929857,0.287,-0.25,0.01,0.97,True
0.4132517834593855,-0.3244758446532503,1.4812037091513555,0.287,-0.25,0.01,0.97,True
0.5283288208139801,-0.4063958859455616,1.4559282576924648,0.287,-0.25,0.01,0.97,True
0.6329848189450781,-0.4893151193702217,1.4416471304563345,0.287,-0.25,0.01,0.97,True
0.7280074219942825,-0.571605261975281,1.8942613619523856,0.287,-0.25,0.01,0.97,True
0.287,-0.25,1.5218099457603156,0.287,-0.25,0.01,0.975,True
0.4140427249392692,-0.3135018435972044,1.481689491279281,0.287,-0.25,0.01,0.975,True
0.5321783231090732,-0.3840415412403715,1.457810808110407,0.287,-0.25,0.01,0.975,True
0.6419553055769204,-0.455991934369684,1.443670341227777,0.287,-0.25,0.01,0.975,True
0.7438804306489959,-0.5276998014923245,1.9078407159777973,0.287,-0.25,0.01,0.975,True
0.287,-0.25,1.5180885400946695,0.287,-0.25,0.01,0.98,True
0.4148377345432699,-0.3026296776097812,1.483223261440323,0.287,-0.25,0.01,0.98,True
0.5360973681808305,-0.3618991840026492,1.4610349623812147,0.287,-0.25,0.01,0.98,True
0.6512254025648517,-0.423028250473597,1.447126690816312,0.287,-0.25,0.01,0.98,True
0.7605437131146127,-0.4843622519608564,1.9349634329160288,0.287,-0.25,0.01,0.98,True
0.287,-0.25,1.5149746481733994,0.287,-0.25,0.01,0.985,True
0.4156367397692957,-0.2918578466820918,1.4860068734345648,0.287,-0.25,0.01,0.985,True
0.5400866715041419,-0.3399661924482167,1.4660186460744322,0.287,-0.25,0.01,0.985,True
0.6608049213346566,-0.3904237967868698,1.4525968304084447,0.287,-0.25,0.01,0.985,True
0.7780414620330347,-0.4416031065697744,1.9798316930075537,0.287,-0.25,0.01,0.985,True
0.287,-0.25,1.512497891854572,0.287,-0.25,0.01,0.99,True
0.4164396687121979,-0.2811848811436172,1.490326728847832,0.287,-0.25,0.01,0.99,True
0.5441469512591095,-0.3182400351672172,1.473402412325345,0.287,-0.25,0.01,0.99,True
0.6707040666521014,-0.3581787542604541,1.4610327165375736,0.287,-0.25,0.01,0.99,True
0.7964210489166443,-0.3994346726281463,2.048803842839565,0.287,-0.25,0.01,0.99,True
0.287,-0.25,1.511510489228028,0.287,-0.25,0.01,0.9925,True
0.4168425822715469,-0.2758850217296599,1.4931841095836706,0.287,-0.25,0.01,0.9925,True
0.546203932615992,-0.3074537527718742,1.4782863491971296,0.287,-0.25,0.01,0.9925,True
0.6757768032246261,-0.3421911965872383,1.4668240213274648,0.287,-0.25,0.01,0.9925,True
0.8059572889504039,-0.3785763425887466,2.095180532816699,0.287,-0.25,0.01,0.9925,True
0.287,-0.25,1.5106983489258783,0.287,-0.25,0.01,0.995,True
0.4172464500686176,-0.2706093408949852,1.4965907281495299,0.287,-0.25,0.01,0.995,True
0.548278928930167,-0.2967182700992405,1.484182149300632,0.287,-0.25,0.01,0.995,True
0.6809334670180266,-0.3262937732601149,1.4740267453372518,0.287,-0.25,0.01,0.995,True
0.8157333716015572,-0.357871185597953,2.1515661218665727,0.287,-0.25,0.01,0.995,True
0.287,-0.25,1.51006853704501,0.287,-0.25,0.01,0.9975,True
0.417651263285257,-0.2653576631255851,1.5006257261862281,0.287,-0.25,0.01,0.9975,True
0.5503720310090318,-0.2860332956949278,1.491307034124125,0.287,-0.25,0.01,0.9975,True
0.6861754583189499,-0.3104866419424392,1.4830221349434454,0.287,-0.25,0.01,0.9975,True
0.8257562750773373,-0.3373213010541213,2.2200044767317557,0.287,-0.25,0.01,0.9975,True
0.287,-10.05,1.4142135623732377,0.287,-10.05,0.01,1.0,True
0.2869994431443636,-10.050000198111391,1.4142135623733472,0.287,-10.05,0.01,1.0,True
0.2869989111679271,-10.050000455726376,1.4142135623734806,0.287,-10.05,0.01,1.0,True
0.2869984103955814,-10.050000769773993,1.4142135623736314,0.287,-10.05,0.01,1.0,True
0.2869979467843616,-10.050001136522564,1.414213562378082,0.287,-10.05,0.01,1.0,True
0.287,-10.05,1.4157566808792594,0.287,-10.05,0.01,1.01,True
0.2869994022415618,-10.031034199632687,1.4160552416981507,0.287,-10.05,0.01,1.01,True
0.2869988036540067,-10.010313683208222,1.4161145258103556,0.287,-10.05,0.01,1.01,True
0.28699821287229,-9.98926213142004,1.416145645152883,0.287,-10.05,0.01,1.01,True
0.2869976377428115,-9.96803889430062,1.4427601010626496,0.287,-10.05,0.01,1.01,True
0.287,-10.05,1.420256789114851,0.287,-10.05,0.01,1.02,True
0.2869993617353616,-10.0124377911292,1.4214230033758901,0.287,-10.05,0.01,1.02,True
0.2869986947648419,-9.97140266255327,1.4216546253968692,0.287,-10.05,0.01,1.02,True
0.2869980083388515,-9.929711962461353,1.4217762142830912,0.287,-10.05,0.01,1.02,True
0.2869973106281182,-9.887681225590455,1.5231140647457178,0.287,-10.05,0.01,1.02,True
0.287,-10.05,1.4275156560957694,0.287,-10.05,0.01,1.03,True
0.2869993216218225,-9.99420027396713,1.4300731492044667,0.287,-10.05,0.01,1.03,True
0.2869985845216874,-9.9332448686064,1.4305810689450287,0.287,-10.05,0.01,1.03,True
0.2869977967020043,-9.871315717943594,1.4308476865336923,0.287,-10.05,0.01,1.03,True
0.2869969647744361,-9.808881465791869,1.6449440821803234,0.287,-10.05,0.01,1.03,True
0.287,-10.05,1.4373320489990273,0.287,-10.05,0.01,1.04,True
0.2869992818970019,-9.97631135848328,1.4417558946693787,0.287,-10.05,0.01,1.04,True
0.2869984729462846,-9.895818639916476,1.4426342496932338,0.287,-10.05,0.01,1.04,True
0.286997577873229,-9.81404017885187,1.44309526966196,0.287,-10.05,0.01,1.04,True
0.2869965995149207,-9.731594742306369,1.797458193846758,0.287,-10.05,0.01,1.04,True
0.287,-10.05,1.4495048939219517,0.287,-10.05,0.01,1.05,True
0.2869992425569682,-9.958761144628223,1.4562202322443112,0.287,-10.05,0.01,1.05,True
0.2869983600608204,-9.85910313773201,1.457552997739929,0.287,-10.05,0.01,1.05,True
0.2869973517687433,-9.757853389098676,1.4582524242680668,0.287,-10.05,0.01,1.05,True
0.2869962141825013,-9.655777889333873,1.9715013029588089,0.287,-10.05,0.01,1.05,True
0.287,-10.05,1.4638360907086965,0.287,-10.05,0.01,1.06,True
0.2869992035977913,-9.941540103699351,1.4732182627968917,0.287,-10.05,0.01,1.06,True
0.2869982458878677,-9.82307830731168,1.47507925714975,0.287,-10.05,0.01,1.06,True
0.286997118309475,-9.702724596071995,1.4760557281888644,0.287,-10.05,0.01,1.06,True
0.2869958081106198,-9.58138936748524,2.160111428597435,0.287,-10.05,0.01,1.06,True
0.287,-10.05,1.480132903280401,0.287,-10.05,0.01,1.07,True
0.2869991650155508,-9.92463906109179,1.4925088473937949,0.287,-10.05,0.01,1.07,True
0.2869981304503354,-9.787724841397416,1.4949620235461853,0.287,-10.05,0.01,1.07,True
0.286996877421025,-9.648624194510065,1.4962489685577112,0.287,-10.05,0.01,1.07,True
0.2869953806339579,-9.50838918789564,2.3582695606945907,0.287,-10.05,0.01,1.07,True
0.287,-10.05,1.4982098894030007,0.287,-10.05,0.01,1.08,True
0.2869991268063331,-9.908049180002244,1.5138605132061644,0.287,-10.05,0.01,1.08,True
0.2869980137714277,-9.75302414571101,1.5169604684444888,0.287,-10.05,0.01,1.08,True
0.2869966290336369,-9.59552367348841,1.5185863837066007,0.287,-10.05,0.01,1.08,True
0.286994931089149,-9.436738840548117,2.56243463591166,0.287,-10.05,0.01,1.08,True
0.287,-10.05,1.5178903697425445,0.287,-10.05,0.01,1.09,True
0.2869990889662396,-9.891761946027817,1.537053615316055,0.287,-10.05,0.01,1.09,True
0.2869978958745997,-9.718958306343929,1.540846252898147,0.287,-10.05,0.01,1.09,True
0.2869963730821579,-9.543395566318855,1.5428350579894061,0.287,-10.05,0.01,1.09,True
0.2869944588154823,-9.366401226536196,2.770119343470723,0.287,-10.05,0.01,1.09,True
0.287,-10.05,1.5390074632681892,0.287,-10.05,0.01,1.1,True
0.2869990514913838,-9.875769152636854,1.5618818064666984,0.287,-10.05,0.01,1.1,True
0.2869977767835186,-9.68551005892155,1.5664050889632528,0.287,-10.05,0.01,1.1,True
0.2869961095059842,-9.49221340317671,1.5687765317069997,0.287,-10.05,0.01,1.1,True
0.2869939631555659,-9.29734059401683,2.979569402743001,0.287,-10.05,0.01,1.1,True
0.287,-10.05,1.5614047338272958,0.287,-10.05,0.01,1.11,True
0.2869990143778886,-9.860062887789342,1.5881528990966365,0.287,-10.05,0.01,1.11,True
0.2869976565220157,-9.652662759428225,1.5934376425181507,0.287,-10.05,0.01,1.11,True
0.2869958382490006,-9.441951666282783,1.5962077251152476,0.287,-10.05,0.01,1.11,True
0.2869934434559778,-9.229522477619408,3.1895380900708323,0.287,-10.05,0.01,1.11,True
0.287,-10.05,1.584936497917295,0.287,-10.05,0.01,1.12,True
0.2869989776218994,-9.844635524918283,1.6156892248420922,0.287,-10.05,0.01,1.12,True
0.2869975351140616,-9.6204003565764,1.6217598877425368,0.287,-10.05,0.01,1.12,True
0.2869955592595332,-9.392585747482691,1.624941292892217,0.287,-10.05,0.01,1.12,True
0.2869928990679071,-9.16291364109715,3.3991320301348695,0.287,-10.05,0.01,1.12,True
0.287,-10.05,1.609467798603408,0.287,-10.05,0.01,1.13,True
0.2869989412195814,-9.829479749258622,1.6443276538568998,0.287,-10.05,0.01,1.13,True
0.2869974125837297,-9.588707364281827,1.651203023858183,0.287,-10.05,0.01,1.13,True
0.2869952724902854,-9.344091908104936,1.6548055280288259,0.287,-10.05,0.01,1.13,True
0.2869923293477668,-9.09748202301816,3.6077063883050573,0.287,-10.05,0.01,1.13,True
0.287,-10.05,1.634873581680925,0.287,-10.05,0.01,1.14,True
0.2869989051671711,-9.81458890616033,1.6739201355535542,0.287,-10.05,0.01,1.14,True
0.2869972889549378,-9.5575687220131,1.6816128041498752,0.287,-10.05,0.01,1.14,True
0.2869949778983557,-9.29644726429173,1.6856439793804014,0.287,-10.05,0.01,1.14,True
0.286991733657727,-9.033196680774603,3.8147933435430836,0.287,-10.05,0.01,1.14,True
0.287,-10.05,1.6610322521684797,0.287,-10.05,0.01,1.15,True
0.2869988694615473,-9.799960243204678,1.7043573783329113,0.287,-10.05,0.01,1.15,True
0.2869971642333193,-9.526960651814408,2.3068035110798557,0.287,-10.05,0.01,1.15,True
0.287,-10.05,1.6877695333801468,0.287,-10.05,0.01,1.16,True
0.2869988341061374,-9.78562347548564,1.7370194951903053,0.287,-10.05,0.01,1.16,True
0.2869970369541663,-9.496163615746566,2.3924857514168734,0.287,-10.05,0.01,1.16,True
0.287,-10.05,1.7143658099513035,0.287,-10.05,0.01,1.17,True
0.2869987991691786,-9.771884999858504,1.884133685980513,0.287,-10.05,0.01,1.17,True
0.2869967883941967,-9.414581580769427,2.627149345859078,0.287,-10.05,0.01,1.17,True
0.287,-10.05,1.7353579270174195,0.287,-10.05,0.01,1.18,True
0.2869987653449388,-9.761360434696352,13.75804766219431,0.287,-10.05,0.01,1.18,True
0.2871600322419216,-5.831518662280178,14.758237452770732,0.287,-10.05,0.01,1.18,True
0.287,-10.05,1.7073572719548886,0.287,-10.05,0.01,1.19,True
0.2869987404880937,-9.775459247865562,1.7073572719548886,0.287,-10.05,0.01,1.19,True
0.287,-10.05,1.4323655738076437,0.287,-10.05,0.01,1.2,True
0.2869989010719387,-9.98476149012083,1.4323655738076437,0.287,-10.05,0.01,1.2,True
