t,curve,curve_type,t_peaks,peaks
0.0,1.0,xdot,0.53,0.8973923926592501
0.005,0.9983827646458864,xdot,1.055,0.715255623037453
0.01,0.9935336090234603,xdot,1.585,0.5338057319735795
0.015,0.9854669034949591,xdot,2.11,0.38135096393541074
0.02,0.9742100233560523,xdot,2.64,0.263995827765828
0.025,0.9598019552902917,xdot,3.165,0.1784082212248873
0.03,0.9422933559128108,xdot,3.69,0.11816810386220207
0.035,0.9217461630178388,xdot,4.22,0.07697349722858127
0.04,0.8982333572448847,xdot,4.745,0.04948004957279489
0.045,0.8718386436025054,xdot,5.2700000000000005,0.03143073749101512
0.05,0.8426561225781524,xdot,5.795,0.019772288345924625
0.055,0.8107899244540302,xdot,6.325,0.012351351568372556
0.06,0.7763538128497921,xdot,6.8500000000000005,0.0076834027448527175
0.065,0.7394707558650467,xdot,7.375,0.004773382322182105
0.07,0.7002724661579255,xdot,7.9,0.002975128053656809
0.075,0.6588989110234346,xdot,8.43,0.0018727547079371194
0.08,0.615497793973694,xdot,8.955,0.0011996766142894446
0.085,0.5702240094835268,xdot,9.48,0.0007895750933263394
0.09,0.523239072741017,xdot,10.005,0.0005396451210832253
0.095,0.4747105263762784,xdot,10.535,0.0003867429524572072
0.1,0.42481132625804735,xdot,11.06,0.0002922135802668227
0.105,0.3737192085465586,xdot,11.585,0.00023272539030702005
0.11,0.3216160402758993,xdot,12.11,0.0001943084542816377
0.115,0.2686871558114284,xdot,12.635,0.0001686015490752821
0.12,0.21512068158837883,xdot,13.155000000000001,0.00015062530952198475
0.125,0.16110685158741084,xdot,13.68,0.00013742147875587743
0.13,0.10683731604167566,xdot,14.195,0.00012722967500140297
0.135,0.05250444589840021,xdot,14.71,0.00011900359159520478
0.14,-0.0016993644240195453,xdot,15.21,0.00011213006515518488
0.145,-0.0555823934346288,xdot,,
0.15,-0.10895428557781624,xdot,,
0.155,-0.16162673831653723,xdot,,
0.16,-0.21341418077927085,xdot,,
0.165,-0.26413444149131177,xdot,,
0.17,-0.3136094027528684,xdot,,
0.17500000000000002,-0.3616656392777183,xdot,,
0.18,-0.4081350387667,xdot,,
0.185,-0.4528554021598438,xdot,,
0.19,-0.49567102138900093,xdot,,
0.195,-0.5364332325394836,xdot,,
0.2,-0.5750009424234258,xdot,,
0.20500000000000002,-0.6112411266698524,xdot,,
0.21,-0.6450292975454398,xdot,,
0.215,-0.6762499398358573,xdot,,
0.22,-0.7047969132396814,xdot,,
0.225,-0.7305738198546463,xdot,,
0.23,-0.7534943354690038,xdot,,
0.23500000000000001,-0.7734825035084065,xdot,,
0.24,-0.7904729906304836,xdot,,
0.245,-0.8044113031045975,xdot,,
0.25,-0.8152539632624977,xdot,,
0.255,-0.8229686454561672,xdot,,
0.26,-0.8275342711116341,xdot,,
0.265,-0.8289410626209973,xdot,,
0.27,-0.8271905559690618,xdot,,
0.275,-0.8222955721451549,xdot,,
0.28,-0.8142801475440726,xdot,,
0.28500000000000003,-0.8031794237124497,xdot,,
0.29,-0.7890394969472655,xdot,,
0.295,-0.7719172284012876,xdot,,
0.3,-0.7518800154954755,xdot,,
0.305,-0.7290055255798393,xdot,,
0.31,-0.7033813929221083,xdot,,
0.315,-0.6751048802364273,xdot,,
0.32,-0.6442825060924904,xdot,,
0.325,-0.6110296396679737,xdot,,
0.33,-0.5754700644236758,xdot,,
0.335,-0.5377355123909374,xdot,,
0.34,-0.4979651708642931,xdot,,
0.34500000000000003,-0.456305163388382,xdot,,
0.35000000000000003,-0.41290800701696406,xdot,,
0.355,-0.3679320479025531,xdot,,
0.36,-0.32154087734800324,xdot,,
0.365,-0.27390273051578945,xdot,,
0.37,-0.225189870046406,xdot,,
0.375,-0.1755779568845979,xdot,,
0.38,-0.12524541065016787,xdot,,
0.385,-0.07437276191949924,xdot,,
0.39,-0.02314199880411901,xdot,,
0.395,0.028264089776194535,xdot,,
0.4,0.07966257172603994,xdot,,
0.405,0.1308710279199153,xdot,,
0.41000000000000003,0.18170820448341427,xdot,,
0.41500000000000004,0.23199465885737167,xdot,,
0.42,0.28155339732525,xdot,,
0.425,0.33021050172544253,xdot,,
0.43,0.37779574311983,xdot,,
0.435,0.4241431802473057,xdot,,
0.44,0.4690917406561437,xdot,,
0.445,0.5124857824813707,xdot,,
0.45,0.5541756349126937,xdot,,
0.455,0.5940181154843446,xdot,,
0.46,0.6318770224103065,xdot,,
0.465,0.6676236002862963,xdot,,
0.47000000000000003,0.7011369775830589,xdot,,
0.47500000000000003,0.7323045744638055,xdot,,
0.48,0.7610224795713094,xdot,,
0.485,0.7871957945470404,xdot,,
0.49,0.8107389451650459,xdot,,
0.495,0.8315759580871278,xdot,,
0.5,0.8496407023719886,xdot,,
0.505,0.8648770949999381,xdot,,
0.51,0.8772392698050844,xdot,,
0.515,0.8866917093390132,xdot,,
0.52,0.8932093393228397,xdot,,
0.525,0.896777585477922,xdot,,
0.53,0.8973923926592501,xdot,,
0.535,0.89506020634871,xdot,,
0.54,0.8897979166979822,xdot,,
0.545,0.8816327654424759,xdot,,
0.55,0.8706022161373409,xdot,,
0.555,0.8567537882948116,xdot,,
0.56,0.8401448561277084,xdot,,
0.5650000000000001,0.8208424127267961,xdot,,
0.5700000000000001,0.7989228006196585,xdot,,
0.5750000000000001,0.7744714097749357,xdot,,
0.58,0.7475823442282541,xdot,,
0.585,0.7183580586144459,xdot,,
0.59,0.6869089659942059,xdot,,
0.595,0.6533530184619034,xdot,,
0.6,0.6178152621146988,xdot,,
0.605,0.5804273680507679,xdot,,
0.61,0.5413271411460604,xdot,,
0.615,0.5006580084346552,xdot,,
0.62,0.45856848898644714,xdot,,
0.625,0.4152116472382358,xdot,,
0.63,0.37074453178907635,xdot,,
0.635,0.32532760171866143,xdot,,
0.64,0.27912414252761253,xdot,,
0.645,0.23229967383128913,xdot,,
0.65,0.18502135096341932,xdot,,
0.655,0.13745736266286335,xdot,,
0.66,0.08977632702566823,xdot,,
0.665,0.042146687905548166,xdot,,
0.67,-0.005263886061240491,xdot,,
0.675,-0.05228909764577213,xdot,,
0.68,-0.09876461029334171,xdot,,
0.685,-0.14452862836058095,xdot,,
0.6900000000000001,-0.18942246625474266,xdot,,
0.6950000000000001,-0.2332911044533928,xdot,,
0.7000000000000001,-0.2759837304364921,xdot,,
0.705,-0.3173542626236786,xdot,,
0.71,-0.35726185547754624,xdot,,
0.715,-0.3955713840080579,xdot,,
0.72,-0.43215390599426295,xdot,,
0.725,-0.4668871003263181,xdot,,
0.73,-0.49965567996340327,xdot,,
0.735,-0.5303517781011325,xdot,,
0.74,-0.5588753062447877,xdot,,
0.745,-0.5851342829920919,xdot,,
0.75,-0.6090451324407288,xdot,,
0.755,-0.6305329512507647,xdot,,
0.76,-0.6495317435105276,xdot,,
0.765,-0.6659846226753842,xdot,,
0.77,-0.6798439799721757,xdot,,
0.775,-0.6910716187870914,xdot,,
0.78,-0.6996388546810622,xdot,,
0.785,-0.7055265808038856,xdot,,
0.79,-0.7087252986059077,xdot,,
0.795,-0.7092351138731945,xdot,,
0.8,-0.7070656982390405,xdot,,
0.805,-0.7022362164500843,xdot,,
0.81,-0.6947752197894395,xdot,,
0.8150000000000001,-0.68472050618119,xdot,,
0.8200000000000001,-0.6721189476201257,xdot,,
0.8250000000000001,-0.6570262856871999,xdot,,
0.8300000000000001,-0.6395068960243835,xdot,,
0.835,-0.619633522752279,xdot,,
0.84,-0.5974869839189989,xdot,,
0.845,-0.5731558491698833,xdot,,
0.85,-0.5467360909234656,xdot,,
0.855,-0.518330710430013,xdot,,
0.86,-0.48804934017413126,xdot,,
0.865,-0.4560078241624757,xdot,,
0.87,-0.42232777771095864,xdot,,
0.875,-0.3871361284128836,xdot,,
0.88,-0.35056464003008747,xdot,,
0.885,-0.3127494211028519,xdot,,
0.89,-0.2738304201214019,xdot,,
0.895,-0.23395090914159455,xdot,,
0.9,-0.19325695776032337,xdot,,
0.905,-0.15189689939158668,xdot,,
0.91,-0.11002079180257995,xdot,,
0.915,-0.06777987388015563,xdot,,
0.92,-0.025326020601757062,xdot,,
0.925,0.01718880181859647,xdot,,
0.93,0.05961307864929448,xdot,,
0.935,0.10179628528296233,xdot,,
0.9400000000000001,0.14358941988368212,xdot,,
0.9450000000000001,0.18484552815373953,xdot,,
0.9500000000000001,0.2254202183723021,xdot,,
0.9550000000000001,0.26517216490306905,xdot,,
0.96,0.30396359841899107,xdot,,
0.965,0.34166078114906834,xdot,,
0.97,0.3781344655150372,xdot,,
0.975,0.4132603345940437,xdot,,
0.98,0.4469194229167423,xdot,,
0.985,0.47899851618876493,xdot,,
0.99,0.5093905286063207,xdot,,
0.995,0.5379948565238483,xdot,,
1.0,0.5647177073228342,xdot,,
1.0050000000000001,0.5894724024253338,xdot,,
1.01,0.612179653493684,xdot,,
1.0150000000000001,0.6327678109583598,xdot,,
1.02,0.6511730841191175,xdot,,
1.025,0.6673397321695256,xdot,,
1.03,0.6812202256018898,xdot,,
1.035,0.6927753775576792,xdot,,
1.04,0.7019744447975574,xdot,,
1.045,0.7087951980747186,xdot,,
1.05,0.7132239618050914,xdot,,
1.055,0.715255623037453,xdot,,
1.06,0.7148936098355274,xdot,,
1.065,0.7121498392923383,xdot,,
1.07,0.7070446355037439,xdot,,
1.075,0.6996066179333309,xdot,,
1.08,0.68987256070401,xdot,,
1.085,0.6778872234525255,xdot,,
1.09,0.6637031544811575,xdot,,
1.095,0.647380467036302,xdot,,
1.1,0.6289865896353263,xdot,,
1.105,0.6085959914515063,xdot,,
1.11,0.5862898838512226,xdot,,
1.115,0.562155899257821,xdot,,
1.12,0.5362877485923486,xdot,,
1.125,0.5087848586124423,xdot,,
1.1300000000000001,0.479751990536733,xdot,,
1.135,0.44929884140329995,xdot,,
1.1400000000000001,0.4175396296660322,xdot,,
1.145,0.384592666583119,xdot,,
1.1500000000000001,0.35057991499597874,xdot,,
1.155,0.3156265371355547,xdot,,
1.16,0.2798604331252123,xdot,,
1.165,0.24341177187599222,xdot,,
1.17,0.20641251608992922,xdot,,
1.175,0.16899594310114296,xdot,,
1.18,0.13129616329199828,xdot,,
1.185,0.09344763782283916,xdot,,
1.19,0.055584697408855466,xdot,,
1.195,0.01784106386628565,xdot,,
1.2,-0.0196506238672753,xdot,,
1.205,-0.0567592775573999,xdot,,
1.21,-0.09335581969069393,xdot,,
1.215,-0.12931363407014512,xdot,,
1.22,-0.1645090054132951,xdot,,
1.225,-0.1988215464255432,xdot,,
1.23,-0.23213461087302567,xdot,,
1.235,-0.26433569123700357,xdot,,
1.24,-0.29531679959398455,xdot,,
1.245,-0.324974830432806,xdot,,
1.25,-0.3532119041913658,xdot,,
1.2550000000000001,-0.37993569037120456,xdot,,
1.26,-0.4050597091674845,xdot,,
1.2650000000000001,-0.42850361063491055,xdot,,
1.27,-0.45019343049602045,xdot,,
1.2750000000000001,-0.4700618217873974,xdot,,
1.28,-0.4880482616306391,xdot,,
1.285,-0.5040992325086303,xdot,,
1.29,-0.5181683775229428,xdot,,
1.295,-0.5302166292051524,xdot,,
1.3,-0.5402123115526338,xdot,,
1.305,-0.5481312150581459,xdot,,
1.31,-0.553956644601313,xdot,,
1.315,-0.5576794401691982,xdot,,
1.32,-0.5592979704714891,xdot,,
1.325,-0.5588180996138146,xdot,,
1.33,-0.5562531270890918,xdot,,
1.335,-0.5516237014422644,xdot,,
1.34,-0.5449577080569337,xdot,,
1.345,-0.5362901316038216,xdot,,
1.35,-0.5256628937796285,xdot,,
1.355,-0.5131246670509588,xdot,,
1.36,-0.4987306652008669,xdot,,
1.365,-0.4825424115551149,xdot,,
1.37,-0.46462748584124847,xdot,,
1.375,-0.4450592507055147,xdot,,
1.3800000000000001,-0.42391655898063113,xdot,,
1.385,-0.4012834428609252,xdot,,
1.3900000000000001,-0.3772487862003003,xdot,,
1.395,-0.351905981202758,xdot,,
1.4000000000000001,-0.3253525708244338,xdot,,
1.405,-0.29768987825036997,xdot,,
1.41,-0.26902262484815304,xdot,,
1.415,-0.23945853803437914,xdot,,
1.42,-0.2091079505180176,xdot,,
1.425,-0.17808339240763077,xdot,,
1.43,-0.1464991776866827,xdot,,
1.435,-0.11447098657281084,xdot,,
1.44,-0.0821154452831651,xdot,,
1.445,-0.04954970472843262,xdot,,
1.45,-0.016891019653370466,xdot,,
1.455,0.015743670268841,xdot,,
1.46,0.0482381558967403,xdot,,
1.465,0.08047736916468642,xdot,,
1.47,0.11234778726653145,xdot,,
1.475,0.14373782906581659,xdot,,
1.48,0.1745382423555649,xdot,,
1.485,0.20464248063169033,xdot,,
1.49,0.23394706808948645,xdot,,
1.495,0.2623519516025132,xdot,,
1.5,0.28976083849708684,xdot,,
1.5050000000000001,0.3160815189936234,xdot,,
1.51,0.34122617224747354,xdot,,
1.5150000000000001,0.36511165498714904,xdot,,
1.52,0.38765977181579914,xdot,,
1.5250000000000001,0.4087975263131635,xdot,,
1.53,0.42845735214883923,xdot,,
1.5350000000000001,0.44657732349397194,xdot,,
1.54,0.4631013440965557,xdot,,
1.545,0.4779793144657518,xdot,,
1.55,0.49116727669187815,xdot,,
1.555,0.5026275365116696,xdot,,
1.56,0.5123287623118271,xdot,,
1.565,0.520246060848135,xdot,,
1.57,0.526361029541879,xdot,,
1.575,0.5306617852998107,xdot,,
1.58,0.5331429698880004,xdot,,
1.585,0.5338057319735795,xdot,,
1.59,0.5326576860309901,xdot,,
1.595,0.5297128483909465,xdot,,
1.6,0.5249915507903139,xdot,,
1.605,0.5185203318595105,xdot,,
1.61,0.510331807060349,xdot,,
1.615,0.5004645176613725,xdot,,
1.62,0.4889627594093681,xdot,,
1.625,0.4758763916245347,xdot,,
1.6300000000000001,0.46126062751280494,xdot,,
1.635,0.4451758065514868,xdot,,
1.6400000000000001,0.4276871498637341,xdot,,
1.645,0.40886449955314913,xdot,,
1.6500000000000001,0.38878204302174685,xdot,,
1.655,0.3675180233427072,xdot,,
1.6600000000000001,0.34515443680314795,xdot,,
1.665,0.3217767187720785,xdot,,
1.67,0.29747341908399394,xdot,,
1.675,0.2723358681595868,xdot,,
1.68,0.2464578351115185,xdot,,
1.685,0.21993517910485572,xdot,,
1.69,0.19286549525912047,xdot,,
1.695,0.16534775639111746,xdot,,
1.7,0.13748195190555795,xdot,,
1.705,0.10936872514329488,xdot,,
1.71,0.08110901049532838,xdot,,
1.715,0.05280367158414239,xdot,,
1.72,0.024553141802853604,xdot,,
1.725,-0.003542931513128955,xdot,,
1.73,-0.03138603802742711,xdot,,
1.735,-0.05887914922728385,xdot,,
1.74,-0.0859270559304835,xdot,,
1.745,-0.11243669730707027,xdot,,
1.75,-0.13831748028525662,xdot,,
1.7550000000000001,-0.1634815882522139,xdot,,
1.76,-0.187844278005044,xdot,,
1.7650000000000001,-0.21132416395561143,xdot,,
1.77,-0.23384348864456403,xdot,,
1.7750000000000001,-0.255328378674538,xdot,,
1.78,-0.27570908523030013,xdot,,
1.7850000000000001,-0.2949202084138816,xdot,,
1.79,-0.3129009046854924,xdot,,
1.795,-0.32959507676611,xdot,,
1.8,-0.3449515454244572,xdot,,
1.805,-0.35892420263978286,xdot,,
1.81,-0.3714721457019355,xdot,,
1.815,-0.38255979188140676,xdot,,
1.82,-0.3921569733742473,xdot,,
1.825,-0.40023901229949777,xdot,,
1.83,-0.4067867755999439,xdot,,
1.835,-0.4117867097702382,xdot,,
1.84,-0.415230855409569,xdot,,
1.845,-0.41711684166870083,xdot,,
1.85,-0.4174478607330845,xdot,,
1.855,-0.4162326225549023,xdot,,
1.86,-0.4134852901165695,xdot,,
1.865,-0.409225395576657,xdot,,
1.87,-0.403477737715824,xdot,,
1.875,-0.3962722611651249,xdot,,
1.8800000000000001,-0.38764391796160713,xdot,,
1.885,-0.377632512036405,xdot,,
1.8900000000000001,-0.3662825272981754,xdot,,
1.895,-0.353642940029648,xdot,,
1.9000000000000001,-0.33976701636707907,xdot,,
1.905,-0.3247120956812262,xdot,,
1.9100000000000001,-0.30853936072409094,xdot,,
1.915,-0.2913135954479148,xdot,,
1.92,-0.27310293144153275,xdot,,
1.925,-0.25397858396418954,xdot,,
1.93,-0.23401457858823213,xdot,,
1.935,-0.21328746948941874,xdot,,
1.94,-0.1918760504471156,xdot,,
1.945,-0.169861059636096,xdot,,
1.95,-0.14732487930719146,xdot,,
1.955,-0.12435123146536949,xdot,,
1.96,-0.1010248706612734,xdot,,
1.965,-0.07743127501540266,xdot,,
1.97,-0.05365633659345172,xdot,,
1.975,-0.02978605224644422,xdot,,
1.98,-0.005906216020585865,xdot,,
1.985,0.01789788577100876,xdot,,
1.99,0.0415417757390423,xdot,,
1.995,0.06494208181588211,xdot,,
2.0,0.08801682782915611,xdot,,
2.005,0.11068571724725892,xdot,,
2.0100000000000002,0.13287040912384498,xdot,,
2.015,0.15449478530267188,xdot,,
2.02,0.1754852079815074,xdot,,
2.025,0.19577076677420507,xdot,,
2.0300000000000002,0.21528351445326688,xdot,,
2.035,0.23395869060105898,xdot,,
2.04,0.25173493244616385,xdot,,
2.045,0.26855447221195466,xdot,,
2.05,0.28436332035716744,xdot,,
2.055,0.2991114341428042,xdot,,
2.06,0.3127528710159097,xdot,,
2.065,0.3252459263584832,xdot,,
2.07,0.33655325520865953,xdot,,
2.075,0.3466419776213346,xdot,,
2.08,0.3554837673960341,xdot,,
2.085,0.3630549239612503,xdot,,
2.09,0.3693364272661371,xdot,,
2.095,0.37431397559219287,xdot,,
2.1,0.377978006259422,xdot,,
2.105,0.38032369926274573,xdot,,
2.11,0.38135096393541074,xdot,,
2.115,0.3810644087962849,xdot,,
2.12,0.37947329479712233,xdot,,
2.125,0.3765914722438925,xdot,,
2.13,0.37243730172309536,xdot,,
2.1350000000000002,0.3670335594189454,xdot,,
2.14,0.3604073272608991,xdot,,
2.145,0.35258986839240875,xdot,,
2.15,0.34361648850120363,xdot,,
2.1550000000000002,0.33352638359861647,xdot,,
2.16,0.3223624748801767,xdot,,
2.165,0.3101712313419684,xdot,,
2.17,0.2970024808667223,xdot,,
2.1750000000000003,0.2829092105303712,xdot,,
2.18,0.26794735691359334,xdot,,
2.185,0.2521755872336111,xdot,,
2.19,0.23565507213920095,xdot,,
2.195,0.21844925103630777,xdot,,
2.2,0.20062359083284226,xdot,,
2.205,0.18224533900912795,xdot,,
2.21,0.1633832719348983,xdot,,
2.215,0.14410743936498085,xdot,,
2.22,0.12448890605329288,xdot,,
2.225,0.10459949142923847,xdot,,
2.23,0.08451150828128132,xdot,,
2.235,0.064297501389999,xdot,,
2.24,0.044029987046933464,xdot,,
2.245,0.023781194386375687,xdot,,
2.25,0.0036228094445969923,xdot,,
2.255,-0.01637427715461148,xdot,,
2.2600000000000002,-0.03614021800817655,xdot,,
2.265,-0.05560645137766658,xdot,,
2.27,-0.07470593743578177,xdot,,
2.275,-0.09337338750986487,xdot,,
2.2800000000000002,-0.11154548554741503,xdot,,
2.285,-0.12916110106146467,xdot,,
2.29,-0.14616149284930444,xdot,,
2.295,-0.16249050281563407,xdot,,
2.3000000000000003,-0.17809473927129052,xdot,,
2.305,-0.19292374912056656,xdot,,
2.31,-0.20693017839394498,xdot,,
2.315,-0.22006992062846942,xdot,,
2.32,-0.2323022526449391,xdot,,
2.325,-0.24358995731938063,xdot,,
2.33,-0.25389943299555623,xdot,,
2.335,-0.2632007892356318,xdot,,
2.34,-0.2714679286572408,xdot,,
2.345,-0.27867861465672206,xdot,,
2.35,-0.28481452487041753,xdot,,
2.355,-0.28986129027805696,xdot,,
2.36,-0.29380851990451473,xdot,,
2.365,-0.2966498111281666,xdot,,
2.37,-0.2983827456557144,xdot,,
2.375,-0.29900887127445447,xdot,,
2.38,-0.29853366954323324,xdot,,
2.3850000000000002,-0.2969665096327243,xdot,,
2.39,-0.2943205885740055,xdot,,
2.395,-0.2906128582214599,xdot,,
2.4,-0.28586393928156534,xdot,,
2.4050000000000002,-0.28009802280331003,xdot,,
2.41,-0.2733427595682031,xdot,,
2.415,-0.2656291378583039,xdot,,
2.42,-0.25699135011926555,xdot,,
2.4250000000000003,-0.24746664907154683,xdot,,
2.43,-0.23709519385722555,xdot,,
2.435,-0.22591988684146116,xdot,,
2.44,-0.21398620171703195,xdot,,
2.445,-0.20134200358712434,xdot,,
2.45,-0.1880373617257005,xdot,,
2.455,-0.17412435573630364,xdot,,
2.46,-0.15965687584875948,xdot,,
2.465,-0.14469041810937996,xdot,,
2.47,-0.12928187523321055,xdot,,
2.475,-0.1134893238972636,xdot,,
2.48,-0.09737180926098395,xdot,,
2.485,-0.08098912750477506,xdot,,
2.49,-0.06440160717904146,xdot,,
2.495,-0.04766989015497171,xdot,,
2.5,-0.030854712964242755,xdot,,
2.505,-0.014016689308034432,xdot,,
2.5100000000000002,0.0027839054939725345,xdot,,
2.515,0.019487347356108214,xdot,,
2.52,0.036034672837312196,xdot,,
2.525,0.05236788438377788,xdot,,
2.5300000000000002,0.06843015069768384,xdot,,
2.535,0.08416600154837775,xdot,,
2.54,0.09952151636712653,xdot,,
2.545,0.11444450599338168,xdot,,
2.5500000000000003,0.12888468696940605,xdot,,
2.555,0.14279384781120913,xdot,,
2.56,0.1561260067162714,xdot,,
2.565,0.1688375602031505,xdot,,
2.57,0.18088742221400916,xdot,,
2.575,0.19223715324867466,xdot,,
2.58,0.20285107913734493,xdot,,
2.585,0.2126963990992662,xdot,,
2.59,0.2217432827753144,xdot,,
2.595,0.22996495596415165,xdot,,
2.6,0.23733777483412,xdot,,
2.605,0.24384128842582362,xdot,,
2.61,0.24945828930356886,xdot,,
2.615,0.2541748522574469,xdot,,
2.62,0.2579803610011496,xdot,,
2.625,0.260867522854202,xdot,,
2.63,0.26283237144020866,xdot,,
2.6350000000000002,0.26387425747566967,xdot,,
2.64,0.263995827765828,xdot,,
2.645,0.2632029925656415,xdot,,
2.65,0.2615048815044718,xdot,,
2.6550000000000002,0.2589137883125285,xdot,,
2.66,0.25544510462585224,xdot,,
2.665,0.25111724318353595,xdot,,
2.67,0.24595155076676598,xdot,,
2.6750000000000003,0.23997221126363494,xdot,,
2.68,0.2332061392762476,xdot,,
2.685,0.22568286471767146,xdot,,
2.69,0.21743440887532256,xdot,,
2.695,0.2084951524447356,xdot,,
2.7,0.19890169606274596,xdot,,
2.705,0.188692713892331,xdot,,
2.71,0.1779088008323318,xdot,,
2.715,0.16659231394409757,xdot,,
2.72,0.15478720870362245,xdot,,
2.725,0.14253887070194812,xdot,,
2.73,0.12989394342857752,xdot,,
2.735,0.11690015278214025,xdot,,
2.74,0.10360612895972728,xdot,,
2.745,0.09006122638112289,xdot,,
2.75,0.0763153423065105,xdot,,
2.755,0.06241873480617945,xdot,,
2.7600000000000002,0.048421840738622525,xdot,,
2.765,0.0343750943883893,xdot,,
2.77,0.020328747408410883,xdot,,
2.775,0.006332690701920788,xdot,,
2.7800000000000002,-0.007563721132084597,xdot,,
2.785,-0.021311842179809512,xdot,,
2.79,-0.0348639038254974,xdot,,
2.795,-0.04817317901958844,xdot,,
2.8000000000000003,-0.06119414164508728,xdot,,
2.805,-0.07388262044683613,xdot,,
2.81,-0.08619594701149492,xdot,,
2.815,-0.09809309731122115,xdot,,
2.82,-0.10953482635041409,xdot,,
2.825,-0.12048379548316193,xdot,,
2.83,-0.13090469199813046,xdot,,
2.835,-0.14076434059851964,xdot,,
2.84,-0.15003180643628372,xdot,,
2.845,-0.1586784893925826,xdot,,
2.85,-0.1666782093301272,xdot,,
2.855,-0.17400728207724908,xdot,,
2.86,-0.18064458593871344,xdot,,
2.865,-0.18657161856351412,xdot,,
2.87,-0.19177254403591712,xdot,,
2.875,-0.19623423009181384,xdot,,
2.88,-0.19994627539875143,xdot,,
2.8850000000000002,-0.20290102687399267,xdot,,
2.89,-0.20509358705082154,xdot,,
2.895,-0.20652181153902902,xdot,,
2.9,-0.2071862966605962,xdot,,
2.9050000000000002,-0.20709035737625356,xdot,,
2.91,-0.20623999565264625,xdot,,
2.915,-0.20464385945285343,xdot,,
2.92,-0.20231319256544664,xdot,,
2.9250000000000003,-0.19926177551849553,xdot,,
2.93,-0.19550585785504374,xdot,,
2.935,-0.19106408207561723,xdot,,
2.94,-0.1859573995809136,xdot,,
2.945,-0.1802089789740347,xdot,,
2.95,-0.17384410710648313,xdot,,
2.955,-0.1668900832752328,xdot,,
2.96,-0.15937610699981772,xdot,,
2.965,-0.1513331598282318,xdot,,
2.97,-0.142793881638539,xdot,,
2.975,-0.1337924419194123,xdot,,
2.98,-0.12436440652719556,xdot,,
2.985,-0.11454660042980598,xdot,,
2.99,-0.10437696695816158,xdot,,
2.995,-0.09389442409481404,xdot,,
3.0,-0.08313871833585906,xdot,,
3.005,-0.07215027666723763,xdot,,
3.0100000000000002,-0.06097005719909208,xdot,,
3.015,-0.04963939900274615,xdot,,
3.02,-0.03819987169366333,xdot,,
3.025,-0.02669312530071396,xdot,,
3.0300000000000002,-0.015160740956893102,xdot,,
3.035,-0.003644082939929204,xdot,,
3.04,0.007815847417661054,xdot,,
3.045,0.0191785554400605,xdot,,
3.0500000000000003,0.030404193944350358,xdot,,
3.055,0.041453700718763205,xdot,,
3.06,0.05228893217572172,xdot,,
3.065,0.06287279272985208,xdot,,
3.0700000000000003,0.07316935946947328,xdot,,
3.075,0.08314400171048941,xdot,,
3.08,0.09276349504270119,xdot,,
3.085,0.10199612950142892,xdot,,
3.09,0.11081181152096922,xdot,,
3.095,0.11918215935124135,xdot,,
3.1,0.12708059164492574,xdot,,
3.105,0.13448240894881358,xdot,,
3.11,0.14136486786072938,xdot,,
3.115,0.1477072476413074,xdot,,
3.12,0.15349090909840474,xdot,,
3.125,0.15869934559141813,xdot,,
3.13,0.1633182260313943,xdot,,
3.1350000000000002,0.1673354297832401,xdot,,
3.14,0.17074107340551098,xdot,,
3.145,0.1735275291930972,xdot,,
3.15,0.17568943551789706,xdot,,
3.1550000000000002,0.17722369899175316,xdot,,
3.16,0.17812948850531035,xdot,,
3.165,0.1784082212248873,xdot,,
3.17,0.17806354065778385,xdot,,
3.1750000000000003,0.1771012869241197,xdot,,
3.18,0.17552945939991244,xdot,,
3.185,0.17335817192246347,xdot,,
3.19,0.17059960077418232,xdot,,
3.1950000000000003,0.16726792568529614,xdot,,
3.2,0.16337926411897893,xdot,,
3.205,0.15895159912468146,xdot,,
3.21,0.15400470106620445,xdot,,
3.215,0.14856004355065458,xdot,,
3.22,0.14264071390302252,xdot,,
3.225,0.1362713185475838,xdot,,
3.23,0.12947788367337607,xdot,,
3.235,0.122287751574576,xdot,,
3.24,0.11472947306955553,xdot,,
3.245,0.10683269641305873,xdot,,
3.25,0.09862805312560327,xdot,,
3.255,0.09014704117193377,xdot,,
3.2600000000000002,0.08142190592657318,xdot,,
3.265,0.07248551936932346,xdot,,
3.27,0.06337125795620102,xdot,,
3.275,0.05411287961305588,xdot,,
3.2800000000000002,0.044744400298569985,xdot,,
3.285,0.03529997058169481,xdot,,
3.29,0.025813752675051337,xdot,,
3.295,0.016319798360798027,xdot,,
3.3000000000000003,0.006851928239162069,xdot,,
3.305,-0.0025563872784806468,xdot,,
3.31,-0.01187214481922055,xdot,,
3.315,-0.02106292233930499,xdot,,
3.3200000000000003,-0.030096990466393674,xdot,,
3.325,-0.03894342051733313,xdot,,
3.33,-0.04757218883027197,xdot,,
3.335,-0.05595427706590541,xdot,,
3.34,-0.06406176814964729,xdot,,
3.345,-0.07186793754464645,xdot,,
3.35,-0.07934733956471203,xdot,,
3.355,-0.08647588845616572,xdot,,
3.36,-0.09323093399845957,xdot,,
3.365,-0.09959133139494536,xdot,,
3.37,-0.10553750524737675,xdot,,
3.375,-0.11105150743053786,xdot,,
3.38,-0.11611706870659066,xdot,,
3.3850000000000002,-0.12071964394239837,xdot,,
3.39,-0.12484645081715452,xdot,,
3.395,-0.12848650193164676,xdot,,
3.4,-0.1316306302549612,xdot,,
3.4050000000000002,-0.13427150786871275,xdot,,
3.41,-0.13640365799320425,xdot,,
3.415,-0.1380234603042323,xdot,,
3.42,-0.13912914957294217,xdot,,
3.4250000000000003,-0.13972080768510747,xdot,,
3.43,-0.13980034911935757,xdot,,
3.435,-0.13937149998664447,xdot,,
3.44,-0.13843977075559086,xdot,,
3.4450000000000003,-0.13701242281005627,xdot,,
3.45,-0.13509842900611144,xdot,,
3.455,-0.13270842841586247,xdot,,
3.46,-0.12985467546506888,xdot,,
3.465,-0.1265509836896182,xdot,,
3.47,-0.1228126643540339,xdot,,
3.475,-0.1186564601911417,xdot,,
3.48,-0.1141004745377721,xdot,,
3.485,-0.10916409615578429,xdot,,
3.49,-0.10386792004080816,xdot,,
3.495,-0.09823366453303857,xdot,,
3.5,-0.09228408505549662,xdot,,
3.505,-0.08604288481443692,xdot,,
3.5100000000000002,-0.07953462280508827,xdot,,
3.515,-0.07278461947272855,xdot,,
3.52,-0.06581886038484598,xdot,,
3.525,-0.05866389827464929,xdot,,
3.5300000000000002,-0.051346753818826404,xdot,,
3.535,-0.043894815514644664,xdot,,
3.54,-0.03633573902141593,xdot,,
3.545,-0.02869734633093346,xdot,,
3.5500000000000003,-0.02100752512859797,xdot,,
3.555,-0.013294128704111945,xdot,,
3.56,-0.005584876765433773,xdot,,
3.565,0.002092742496118462,xdot,,
3.5700000000000003,0.009711568749103634,xdot,,
3.575,0.01724486394112728,xdot,,
3.58,0.02466640447128486,xdot,,
3.585,0.031950570803549565,xdot,,
3.59,0.039072434220579697,xdot,,
3.595,0.04600784042991749,xdot,,
3.6,0.05273348974807778,xdot,,
3.605,0.05922701360241222,xdot,,
3.61,0.06546704710598328,xdot,,
3.615,0.07143329747645094,xdot,,
3.62,0.07710660808684662,xdot,,
3.625,0.08246901795331296,xdot,,
3.63,0.08750381648279972,xdot,,
3.6350000000000002,0.0921955933219907,xdot,,
3.64,0.09653028316767176,xdot,,
3.645,0.10049520541778732,xdot,,
3.65,0.10407909856177555,xdot,,
3.6550000000000002,0.1072721492286479,xdot,,
3.66,0.11006601583082233,xdot,,
3.665,0.11245384676167845,xdot,,
3.67,0.11443029312452278,xdot,,
3.6750000000000003,0.11599151599063809,xdot,,
3.68,0.11713518820341999,xdot,,
3.685,0.11786049076517997,xdot,,
3.69,0.11816810386220207,xdot,,
3.6950000000000003,0.1180601926025363,xdot,,
3.7,0.11754038755925743,xdot,,
3.705,0.11661376022964788,xdot,,
3.71,0.11528679353847618,xdot,,
3.715,0.11356734752985531,xdot,,
3.72,0.11146462040858916,xdot,,
3.725,0.10898910510698548,xdot,,
3.73,0.10615254156802881,xdot,,
3.735,0.10296786494951742,xdot,,
3.74,0.09944914996660771,xdot,,
3.745,0.0956115516026311,xdot,,
3.75,0.09147124242891831,xdot,,
3.755,0.08704534678477067,xdot,,
3.7600000000000002,0.08235187207799784,xdot,,
3.765,0.07740963747452563,xdot,,
3.77,0.07223820025292252,xdot,,
3.775,0.06685778010585193,xdot,,
3.7800000000000002,0.06128918167558645,xdot,,
3.785,0.055553715614568504,xdot,,
3.79,0.049673118465343016,xdot,,
3.795,0.043669471655668014,xdot,,
3.8000000000000003,0.037565119905819525,xdot,,
3.805,0.031382589344300375,xdot,,
3.81,0.025144505627606367,xdot,,
3.815,0.018873512356674005,xdot,,
3.8200000000000003,0.012592190079481161,xdot,,
3.825,0.00632297616498116,xdot,,
3.83,8.808582791165927e-05,xdot,,
3.835,-0.006090565421984137,xdot,,
3.84,-0.01219143764057377,xdot,,
3.845,-0.018193440361704866,xdot,,
3.85,-0.02407600431252332,xdot,,
3.855,-0.029819150692812862,xdot,,
3.86,-0.035403557790115836,xdot,,
3.865,-0.04081062471322742,xdot,,
3.87,-0.04602253203985,xdot,,
3.875,-0.05102229918546928,xdot,,
3.88,-0.055793838314879884,xdot,,
3.8850000000000002,-0.06032200463116877,xdot,,
3.89,-0.06459264289108131,xdot,,
3.895,-0.06859263001107745,xdot,,
3.9,-0.07230991364254657,xdot,,
3.9050000000000002,-0.07573354661080034,xdot,,
3.91,-0.07885371712789956,xdot,,
3.915,-0.0816617747049923,xdot,,
3.92,-0.08415025170621816,xdot,,
3.9250000000000003,-0.08631288050190934,xdot,,
3.93,-0.08814460619539068,xdot,,
3.935,-0.08964159491309924,xdot,,
3.94,-0.09080123766443783,xdot,,
3.9450000000000003,-0.091622149792936,xdot,,
3.95,-0.09210416605642649,xdot,,
3.955,-0.09224833138868879,xdot,,
3.96,-0.09205688741093478,xdot,,
3.9650000000000003,-0.09153325477518379,xdot,,
3.97,-0.09068201143652495,xdot,,
3.975,-0.08950886696476405,xdot,,
3.98,-0.08802063301945773,xdot,,
3.985,-0.08622519012465013,xdot,,
3.99,-0.08413145089226869,xdot,,
3.995,-0.08174931985445807,xdot,,
4.0,-0.07908965007568067,xdot,,
4.005,-0.07616419672610013,xdot,,
4.01,-0.07298556780676159,xdot,,
4.015,-0.06956717222585881,xdot,,
4.0200000000000005,-0.06592316543330082,xdot,,
4.025,-0.06206839282778271,xdot,,
4.03,-0.05801833115697841,xdot,,
4.035,-0.05378902813634357,xdot,,
4.04,-0.049397040517410215,xdot,,
4.045,-0.04485937083932588,xdot,,
4.05,-0.040193403100783995,xdot,,
4.055,-0.03541683759087778,xdot,,
4.0600000000000005,-0.0305476251191993,xdot,,
4.065,-0.025603900885038566,xdot,,
4.07,-0.020603918225111414,xdot,,
4.075,-0.015565982478046088,xdot,,
4.08,-0.010508385200842497,xdot,,
4.085,-0.005449338970087328,xdot,,
4.09,-0.00040691299605098014,xdot,,
4.095,0.004601030226400141,xdot,,
4.1,0.009556897012137897,xdot,,
4.105,0.014443423113485534,xdot,,
4.11,0.019243732676287942,xdot,,
4.115,0.023941395327209326,xdot,,
4.12,0.02852048120335016,xdot,,
4.125,0.03296561374408678,xdot,,
4.13,0.03726202007468921,xdot,,
4.135,0.04139557882093682,xdot,,
4.14,0.045352865205222394,xdot,,
4.1450000000000005,0.04912119328439108,xdot,,
4.15,0.05268865520221965,xdot,,
4.155,0.05604415734029984,xdot,,
4.16,0.0591774532632629,xdot,,
4.165,0.062079173367137364,xdot,,
4.17,0.06474085115144404,xdot,,
4.175,0.0671549460489069,xdot,,
4.18,0.06931486275930401,xdot,,
4.1850000000000005,0.07121496704689817,xdot,,
4.19,0.07285059797397461,xdot,,
4.195,0.07421807655606182,xdot,,
4.2,0.0753147108370397,xdot,,
4.205,0.07613879739568478,xdot,,
4.21,0.07668961930701154,xdot,,
4.215,0.07696744059555193,xdot,,
4.22,0.07697349722858127,xdot,,
4.225,0.07670998471033794,xdot,,
4.23,0.07618004234926382,xdot,,
4.235,0.07538773428228462,xdot,,
4.24,0.07433802735015971,xdot,,
4.245,0.07303676592940087,xdot,,
4.25,0.07149064383556149,xdot,,
4.255,0.06970717342259947,xdot,,
4.26,0.06769465201182216,xdot,,
4.265,0.06546212579270695,xdot,,
4.2700000000000005,0.06301935134517854,xdot,,
4.275,0.060376754940957296,xdot,,
4.28,0.05754538978752586,xdot,,
4.285,0.054536891384811194,xdot,,
4.29,0.051363431169757674,xdot,,
4.295,0.04803766862852375,xdot,,
4.3,0.04457270206068169,xdot,,
4.305,0.040982018181982244,xdot,,
4.3100000000000005,0.03727944075618773,xdot,,
4.315,0.03347907844709377,xdot,,
4.32,0.02959527208436585,xdot,,
4.325,0.02564254153570584,xdot,,
4.33,0.02163553237955645,xdot,,
4.335,0.017588962570216412,xdot,,
4.34,0.013517569285942686,xdot,,
4.345,0.009436056149235966,xdot,,
4.3500000000000005,0.005359041004306293,xdot,,
4.355,0.0013010044344452742,xdot,,
4.36,-0.002723760803291022,xdot,,
4.365,-0.006701199252417864,xdot,,
4.37,-0.010617540972692553,xdot,,
4.375,-0.014459348335200139,xdot,,
4.38,-0.018213561241264345,xdot,,
4.385,-0.02186754061641966,xdot,,
4.39,-0.025409110038586254,xdot,,
4.3950000000000005,-0.028826595366717018,xdot,,
4.4,-0.03210886224505877,xdot,,
4.405,-0.03524535136662569,xdot,,
4.41,-0.03822611138817827,xdot,,
4.415,-0.04104182939884668,xdot,,
4.42,-0.0436838588536545,xdot,,
4.425,-0.04614424489314407,xdot,,
4.43,-0.04841574698038142,xdot,,
4.4350000000000005,-0.050491858796959325,xdot,,
4.44,-0.05236682534931293,xdot,,
4.445,-0.054035657247663224,xdot,,
4.45,-0.05549414213027217,xdot,,
4.455,-0.05673885321568282,xdot,,
4.46,-0.05776715497648502,xdot,,
4.465,-0.05857720593843359,xdot,,
4.47,-0.05916795861879087,xdot,,
4.4750000000000005,-0.059539156628052675,xdot,,
4.48,-0.059691328969267286,xdot,,
4.485,-0.059625781578610086,xdot,,
4.49,-0.05934458616051151,xdot,,
4.495,-0.05885056638021425,xdot,,
4.5,-0.058147281484820824,xdot,,
4.505,-0.0572390074332756,xdot,,
4.51,-0.056130715623349293,xdot,,
4.515,-0.05482804931225789,xdot,,
4.5200000000000005,-0.053337297833912674,xdot,,
4.525,-0.05166536872417903,xdot,,
4.53,-0.04981975787080379,xdot,,
4.535,-0.047808517811600074,xdot,,
4.54,-0.045640224309821356,xdot,,
4.545,-0.043323941340531205,xdot,,
4.55,-0.04086918462661921,xdot,,
4.555,-0.038285883867002705,xdot,,
4.5600000000000005,-0.03558434380315318,xdot,,
4.565,-0.03277520427277284,xdot,,
4.57,-0.029869399402159102,xdot,,
4.575,-0.0268781160901864,xdot,,
4.58,-0.02381275193858143,xdot,,
4.585,-0.020684872783408643,xdot,,
4.59,-0.017506169982936505,xdot,,
4.595,-0.014288417616899795,xdot,,
4.6000000000000005,-0.011043429750715513,xdot,,
4.605,-0.0077830179169337335,xdot,,
4.61,-0.00451894896428465,xdot,,
4.615,-0.0012629034216374753,xdot,,
4.62,0.001973565477840849,xdot,,
4.625,0.005179071972759233,xdot,,
4.63,0.008342437011435394,xdot,,
4.635,0.011452726420167435,xdot,,
4.64,0.014499287874125336,xdot,,
4.6450000000000005,0.017471786549116554,xdot,,
4.65,0.020360239337133258,xdot,,
4.655,0.02315504751642647,xdot,,
4.66,0.025847027771539997,xdot,,
4.665,0.028427441466979706,xdot,,
4.67,0.030888022084261293,xdot,,
4.675,0.03322100073968961,xdot,,
4.68,0.03541912970817483,xdot,,
4.6850000000000005,0.03747570388599691,xdot,,
4.69,0.039384580132463834,xdot,,
4.695,0.041140194440082,xdot,,
4.7,0.04273757689000464,xdot,,
4.705,0.044172364357838285,xdot,,
4.71,0.04544081094364213,xdot,,
4.715,0.046539796108174936,xdot,,
4.72,0.04746683050575541,xdot,,
4.7250000000000005,0.0482200595123211,xdot,,
4.73,0.04879826445547115,xdot,,
4.735,0.04920086156243768,xdot,,
4.74,0.04942789864768976,xdot,,
4.745,0.04948004957279489,xdot,,
4.75,0.049358606516204453,xdot,,
4.755,0.04906547009968532,xdot,,
4.76,0.048603137424533704,xdot,,
4.765,0.04797468807888211,xdot,,
4.7700000000000005,0.04718376818268062,xdot,,
4.775,0.04623457254412241,xdot,,
4.78,0.04513182500803442,xdot,,
4.785,0.04388075708120401,xdot,,
4.79,0.042487084925995365,xdot,,
4.795,0.040956984818802715,xdot,,
4.8,0.03929706717323557,xdot,,
4.805,0.037514349234263555,xdot,,
4.8100000000000005,0.03561622655133542,xdot,,
4.815,0.033610443343712694,xdot,,
4.82,0.03150506187254091,xdot,,
4.825,0.029308430938508042,xdot,,
4.83,0.027029153624713906,xdot,,
4.835,0.024676054406213243,xdot,,
4.84,0.022258145750330947,xdot,,
4.845,0.0197845943302531,xdot,,
4.8500000000000005,0.01726468697682658,xdot,,
4.855,0.014707796492190357,xdot,,
4.86,0.01212334744861628,xdot,,
4.865,0.009520782095524871,xdot,,
4.87,0.0069095264946015065,xdot,,
4.875,0.004298957003030608,xdot,,
4.88,0.0016983672215885326,xdot,,
4.885,-0.000883064478842057,xdot,,
4.89,-0.003436306740341068,xdot,,
4.8950000000000005,-0.005952506203680407,xdot,,
4.9,-0.008423017591946658,xdot,,
4.905,-0.01083943279325282,xdot,,
4.91,-0.013193608845939984,xdot,,
4.915,-0.015477694736882763,xdot,,
4.92,-0.017684156926168964,xdot,,
4.925,-0.01980580351865458,xdot,,
4.93,-0.021835807007035385,xdot,,
4.9350000000000005,-0.0237677255179553,xdot,,
4.94,-0.02559552249721909,xdot,,
4.945,-0.027313584778196932,xdot,,
4.95,-0.028916738981936044,xdot,,
4.955,-0.030400266204868822,xdot,,
4.96,-0.03175991495643174,xdot,,
4.965,-0.032991912315678176,xdot,,
4.97,-0.03409297328153958,xdot,,
4.9750000000000005,-0.035060308299754615,xdot,,
4.98,-0.035891628954646745,xdot,,
4.985,-0.03658515182157719,xdot,,
4.99,-0.037139600481642804,xdot,,
4.995,-0.03755420570799116,xdot,,
5.0,-0.03782870383834924,xdot,,
5.005,-0.03796333335505073,xdot,,
5.01,-0.03795882970093415,xdot,,
5.015,-0.03781641836430378,xdot,,
5.0200000000000005,-0.03753780627259291,xdot,,
5.025,-0.037125171540592104,xdot,,
5.03,-0.03658115162354079,xdot,,
5.035,-0.03590882993157274,xdot,,
5.04,-0.03511172096661612,xdot,,
5.045,-0.03419375404736796,xdot,,
5.05,-0.03315925569331464,xdot,,
5.055,-0.032012930741470616,xdot,,
5.0600000000000005,-0.03075984227548947,xdot,,
5.065,-0.02940539044790907,xdot,,
5.07,-0.02795529028198011,xdot,,
5.075,-0.026415548540318478,xdot,,
5.08,-0.02479243975185606,xdot,,
5.085,-0.02309248148958003,xdot,,
5.09,-0.021322408994213993,xdot,,
5.095,-0.019489149240339308,xdot,,
5.1000000000000005,-0.01759979454194604,xdot,,
5.105,-0.01566157579663398,xdot,,
5.11,-0.01368183546614276,xdot,,
5.115,-0.011668000393444405,xdot,,
5.12,-0.009627554553538005,xdot,,
5.125,-0.00756801183719912,xdot,,
5.13,-0.005496888963805317,xdot,,
5.135,-0.0034216786194752016,xdot,,
5.14,-0.0013498229144401368,xdot,,
5.1450000000000005,0.0007113127485192546,xdot,,
5.15,0.002754465304093365,xdot,,
5.155,0.004772499066413078,xdot,,
5.16,0.006758430097851443,xdot,,
5.165,0.008705449823911476,xdot,,
5.17,0.010606947816065745,xdot,,
5.175,0.012456533668584749,xdot,,
5.18,0.014248057898581717,xdot,,
5.1850000000000005,0.015975631803672823,xdot,,
5.19,0.01763364621471584,xdot,,
5.195,0.019216789086768243,xdot,,
5.2,0.020720061875210995,xdot,,
5.205,0.022138794648992183,xdot,,
5.21,0.023468659898116296,xdot,,
5.215,0.024705684997713216,xdot,,
5.22,0.025846263294991477,xdot,,
5.2250000000000005,0.02688716379242764,xdot,,
5.23,0.027825539404250307,xdot,,
5.235,0.028658933769232547,xdot,,
5.24,0.0293852866081607,xdot,,
5.245,0.030002937619488804,xdot,,
5.25,0.030510628912000577,xdot,,
5.255,0.030907505978506382,xdot,,
5.26,0.031193117220053707,xdot,,
5.265,0.0313674120348355,xdot,,
5.2700000000000005,0.03143073749101512,xdot,,
5.275,0.03138383360835434,xdot,,
5.28,0.031227827277017773,xdot,,
5.285,0.030964224847359927,xdot,,
5.29,0.030594903429219247,xdot,,
5.295,0.030122100942914235,xdot,,
5.3,0.029548404967779173,xdot,,
5.305,0.02887674043998094,xdot,,
5.3100000000000005,0.028110356252336356,xdot,,
5.315,0.027252810814453864,xdot,,
5.32,0.026307956633843933,xdot,,
5.325,0.025279923981188484,xdot,,
5.33,0.024173103706921464,xdot,,
5.335,0.02299212927745606,xdot,,
5.34,0.021741858102393062,xdot,,
5.345,0.020427352225475977,xdot,,
5.3500000000000005,0.01905385845416746,xdot,,
5.355,0.017626788003393453,xdot,,
5.36,0.016151695731019634,xdot,,
5.365,0.014634259042566204,xdot,,
5.37,0.013080256543408861,xdot,,
5.375,0.011495546516909136,xdot,,
5.38,0.009886045307714841,xdot,,
5.385,0.008257705687149449,xdot,,
5.39,0.006616495278979223,xdot,,
5.3950000000000005,0.004968375122212204,xdot,,
5.4,0.0033192784455809035,xdot,,
5.405,0.001675089728677154,xdot,,
5.41,4.1624121378922626e-05,xdot,,
5.415,-0.001575392707581954,xdot,,
5.42,-0.0031703442251982744,xdot,,
5.425,-0.004737742125354087,xdot,,
5.43,-0.006272244793862606,xdot,,
5.4350000000000005,-0.007768675086379015,xdot,,
5.44,-0.009222037362564323,xdot,,
5.445,-0.010627533720788975,xdot,,
5.45,-0.011980579383950746,xdot,,
5.455,-0.013276817187531527,xdot,,
5.46,-0.014512131127275072,xdot,,
5.465,-0.015682658924996293,xdot,,
5.47,-0.016784803577729976,xdot,,
5.4750000000000005,-0.01781524385657369,xdot,,
5.48,-0.018770943728132837,xdot,,
5.485,-0.019649160673295436,xdot,,
5.49,-0.020447452884404506,xdot,,
5.495,-0.02116368532430866,xdot,,
5.5,-0.021796034635975122,xdot,,
5.505,-0.022342992895186684,xdot,,
5.51,-0.02280337020304875,xdot,,
5.515,-0.023176296119802875,xdot,,
5.5200000000000005,-0.023461219944217453,xdot,,
5.525,-0.023657909848729987,xdot,,
5.53,-0.02376645088285463,xdot,,
5.535,-0.023787241862132283,xdot,,
5.54,-0.023720991164122827,xdot,,
5.545,-0.023568711455310618,xdot,,
5.55,-0.023331713378214918,xdot,,
5.555,-0.02301159822944208,xdot,,
5.5600000000000005,-0.022610249664844952,xdot,,
5.565,-0.02212982446913497,xdot,,
5.57,-0.021572742431863797,xdot,,
5.575,-0.020941675373679514,xdot,,
5.58,-0.020239535369743662,xdot,,
5.585,-0.019469462219057442,xdot,,
5.59,-0.018634810211931547,xdot,,
5.595,-0.017739134248472985,xdot,,
5.6000000000000005,-0.01678617536407595,xdot,,
5.605,-0.01577984571817393,xdot,,
5.61,-0.01472421310542318,xdot,,
5.615,-0.013623485048218358,xdot,,
5.62,-0.012481992532029857,xdot,,
5.625,-0.01130417344395002,xdot,,
5.63,-0.010094555776810905,xdot,,
5.635,-0.008857740661085802,xdot,,
5.64,-0.00759838528577096,xdot,,
5.6450000000000005,-0.00632118577208675,xdot,,
5.65,-0.005030860059939993,xdot,,
5.655,-0.003732130869046427,xdot,,
5.66,-0.0024297087944766364,xdot,,
5.665,-0.0011282755968514435,xdot,,
5.67,0.00016753225625049757,xdot,,
5.675,0.001453139740085905,xdot,,
5.68,0.0027240490590095287,xdot,,
5.6850000000000005,0.003975855016053443,xdot,,
5.69,0.005204259914760544,xdot,,
5.695,0.006405087944128376,xdot,,
5.7,0.007574298999099403,xdot,,
5.705,0.00870800189374931,xdot,,
5.71,0.009802466924001349,xdot,,
5.715,0.01085413774143016,xdot,,
5.72,0.011859642501959426,xdot,,
5.7250000000000005,0.012815804255189252,xdot,,
5.73,0.013719650545400867,xdot,,
5.735,0.014568422195927782,xdot,,
5.74,0.015359581252707118,xdot,,
5.745,0.016090818067364406,xdot,,
5.75,0.016760057500714704,xdot,,
5.755,0.017365464233041965,xdot,,
5.76,0.017905447170704424,xdot,,
5.765,0.01837866294009096,xdot,,
5.7700000000000005,0.018784018466109876,xdot,,
5.775,0.01912067263277949,xdot,,
5.78,0.019388037029503504,xdot,,
5.785,0.01958577578726192,xdot,,
5.79,0.019713804514995062,xdot,,
5.795,0.019772288345924625,xdot,,
5.8,0.019761639111619468,xdot,,
5.805,0.01968251165867416,xdot,,
5.8100000000000005,0.019535799330837558,xdot,,
5.815,0.019322628639951347,xdot,,
5.82,0.019044353151653984,xdot,,
5.825,0.01870254661433508,xdot,,
5.83,0.018298995363961214,xdot,,
5.835,0.017835690037137857,xdot,,
5.84,0.017314816628938707,xdot,,
5.845,0.01673874693335634,xdot,,
5.8500000000000005,0.016110028405440315,xdot,,
5.855,0.015431373487442532,xdot,,
5.86,0.014705648441495854,xdot,,
5.865,0.013935861732778283,xdot,,
5.87,0.01312515200978001,xdot,,
5.875,0.012276775726827263,xdot,,
5.88,0.011394094457845212,xdot,,
5.885,0.010480561948552769,xdot,,
5.89,0.009539710955124814,xdot,,
5.8950000000000005,0.008575139920461135,xdot,,
5.9,0.007590499534693787,xdot,,
5.905,0.0065894792302446294,xdot,,
5.91,0.005575793660382202,xdot,,
5.915,0.004553169209597647,xdot,,
5.92,0.003525330582608701,xdot,,
5.925,0.0024959875219115074,xdot,,
5.93,0.0014688216969890296,xdot,,
5.9350000000000005,0.0004474738126278079,xdot,,
5.94,-0.0005644690199713537,xdot,,
5.945,-0.0015634856076083795,xdot,,
5.95,-0.002546132651317345,xdot,,
5.955,-0.003509056338089788,xdot,,
5.96,-0.004449003506622012,xdot,,
5.965,-0.005362832354432342,xdot,,
5.97,-0.006247522648709149,xdot,,
5.9750000000000005,-0.007100185412110525,xdot,,
5.98,-0.007918072051633853,xdot,,
5.985,-0.008698582903486742,xdot,,
5.99,-0.009439275168733286,xdot,,
5.995,-0.010137870217198643,xdot,,
6.0,-0.010792260238276471,xdot,,
6.005,-0.011400514222313075,xdot,,
6.01,-0.011960883255390882,xdot,,
6.015000000000001,-0.012471805116176782,xdot,,
6.0200000000000005,-0.012931908164333478,xdot,,
6.025,-0.013340014513092779,xdot,,
6.03,-0.013695142480362047,xdot,,
6.035,-0.013996508317375604,xdot,,
6.04,-0.014243527214565956,xdot,,
6.045,-0.014435813587235436,xdot,,
6.05,-0.01457318064739343,xdot,,
6.055,-0.014655639269466303,xdot,,
6.0600000000000005,-0.01468339615948489,xdot,,
6.065,-0.014656851342324745,xdot,,
6.07,-0.014576594979995616,xdot,,
6.075,-0.014443403540877907,xdot,,
6.08,-0.014258235336909819,xdot,,
6.085,-0.01402222545259157,xdot,,
6.09,-0.013736680088365207,xdot,,
6.095,-0.013403070343533257,xdot,,
6.1000000000000005,-0.013023025467203408,xdot,,
6.105,-0.012598325605310793,xdot,,
6.11,-0.012130894074416339,xdot,,
6.115,-0.011622789194425134,xdot,,
6.12,-0.011076195712891148,xdot,,
6.125,-0.010493415856235987,xdot,,
6.13,-0.009876860041834131,xdot,,
6.135,-0.009229037288792378,xdot,,
6.140000000000001,-0.008552545363234205,xdot,,
6.1450000000000005,-0.007850060696215851,xdot,,
6.15,-0.007124328112511696,xdot,,
6.155,-0.006378150408698874,xdot,,
6.16,-0.00561437781797648,xdot,,
6.165,-0.00483589740292144,xdot,,
6.17,-0.004045622412036661,xdot,,
6.175,-0.003246481640218378,xdot,,
6.18,-0.002441408830212116,xdot,,
6.1850000000000005,-0.0016333321533534412,xdot,,
6.19,-0.000825163805721424,xdot,,
6.195,-1.9789756172648026e-05,xdot,,
6.2,0.0007799403184634455,xdot,,
6.205,0.0015712228767776064,xdot,,
6.21,0.0023513101014912153,xdot,,
6.215,0.003117519202251351,xdot,,
6.22,0.0038672414005997777,xdot,,
6.2250000000000005,0.0045979505691630725,xdot,,
6.23,0.005307211496232229,xdot,,
6.235,0.005992687750596953,xdot,,
6.24,0.0066521491217903005,xdot,,
6.245,0.007283478612792559,xdot,,
6.25,0.007884678964019159,xdot,,
6.255,0.008453878691305382,xdot,,
6.26,0.008989337617970907,xdot,,
6.265000000000001,0.009489451888059131,xdot,,
6.2700000000000005,0.009952758447029923,xdot,,
6.275,0.01037793897809388,xdot,,
6.28,0.010763823285625659,xdot,,
6.285,0.011109392118451272,xdot,,
6.29,0.011413779428765938,xdot,,
6.295,0.01167627406224139,xdot,,
6.3,0.011896320879897967,xdot,,
6.305,0.012073521312268982,xdot,,
6.3100000000000005,0.012207633349312482,xdot,,
6.315,0.012298570971047822,xdot,,
6.32,0.012346403026296582,xdot,,
6.325,0.012351351568372556,xdot,,
6.33,0.01231378965882874,xdot,,
6.335,0.012234238651923508,xdot,,
6.34,0.012113364974104793,xdot,,
6.345,0.0119519764152164,xdot,,
6.3500000000000005,0.011751017948161373,xdot,,
6.355,0.01151156709694957,xdot,,
6.36,0.01123482887454288,xdot,,
6.365,0.01092213031043016,xdot,,
6.37,0.010574914593689509,xdot,,
6.375,0.010194734853891585,xdot,,
6.38,0.009783247607237604,xdot,,
6.385,0.009342205893087171,xdot,,
6.390000000000001,0.008873452128490715,xdot,,
6.3950000000000005,0.008378910709663576,xdot,,
6.4,0.007860580387823262,xdot,,
6.405,0.007320526450305,xdot,,
6.41,0.006760872734877352,xdot,,
6.415,0.0061837935091166585,xdot,,
6.42,0.0055915052438172096,xdot,,
6.425,0.004986258311329095,xdot,,
6.43,0.004370328639392155,xdot,,
6.4350000000000005,0.0037460093497016242,xdot,,
6.44,0.0031156024130367214,xdot,,
6.445,0.0024814103483499915,xdot,,
6.45,0.0018457279973879903,xdot,,
6.455,0.0012108344016403165,xdot,,
6.46,0.0005789848105668865,xdot,,
6.465,-4.759715106330241e-05,xdot,,
6.47,-0.0006667271315751394,xdot,,
6.4750000000000005,-0.0012762674893095883,xdot,,
6.48,-0.0018741344946366712,xdot,,
6.485,-0.002458305273088634,xdot,,
6.49,-0.0030268244669508595,xdot,,
6.495,-0.0035778105941714246,xdot,,
6.5,-0.00410946208523784,xdot,,
6.505,-0.004620062978449908,xdot,,
6.51,-0.005107988257169376,xdot,,
6.515000000000001,-0.005571708813120665,xdot,,
6.5200000000000005,-0.006009796020722723,xdot,,
6.525,-0.006420925911197007,xdot,,
6.53,-0.006803882933313741,xdot,,
6.535,-0.00715756329308048,xdot,,
6.54,-0.0074809778629052835,xdot,,
6.545,-0.007773254654383621,xdot,,
6.55,-0.008033640849604746,xdot,,
6.555,-0.008261504388637065,xdot,,
6.5600000000000005,-0.008456335110480846,xdot,,
6.565,-0.008617745448122762,xdot,,
6.57,-0.008745470679436167,xdot,,
6.575,-0.008839368736602547,xdot,,
6.58,-0.008899419579948114,xdot,,
6.585,-0.008925724140561609,xdot,,
6.59,-0.00891850284153958,xdot,,
6.595,-0.00887809370546689,xdot,,
6.6000000000000005,-0.008804950059722939,xdot,,
6.605,-0.008699637851036621,xdot,,
6.61,-0.008562832582474188,xdot,,
6.615,-0.008395315887517804,xdot,,
6.62,-0.008197971756827056,xdot,,
6.625,-0.007971782434167398,xdot,,
6.63,-0.007717823999681152,xdot,,
6.635,-0.007437261658471146,xdot,,
6.640000000000001,-0.007131344754500535,xdot,,
6.6450000000000005,-0.00680140153089329,xdot,,
6.65,-0.006448833655712564,xdot,,
6.655,-0.0060751105372968284,xdot,,
6.66,-0.005681763449719155,xdot,,
6.665,-0.005270379491893318,xdot,,
6.67,-0.004842595403210733,xdot,,
6.675,-0.00440009125953393,xdot,,
6.68,-0.0039445840723641755,xdot,,
6.6850000000000005,-0.003477821315858664,xdot,,
6.69,-0.003001574404979132,xdot,,
6.695,-0.002517632148505176,xdot,,
6.7,-0.0020277942010225917,xdot,,
6.705,-0.0015338645366604416,xdot,,
6.71,-0.0010376449680522552,xdot,,
6.715,-0.0005409287332937497,xdot,,
6.72,-4.5494173262076265e-05,xdot,,
6.7250000000000005,0.0004469014798053218,xdot,,
6.73,0.0009345281794531298,xdot,,
6.735,0.0014156889896649197,xdot,,
6.74,0.0018887258356679612,xdot,,
6.745,0.0023520250624007623,xdot,,
6.75,0.0028040227828194804,xdot,,
6.755,0.0032432099986025487,xdot,,
6.76,0.003668137477286786,xdot,,
6.765000000000001,0.0040774203702123035,xdot,,
6.7700000000000005,0.0044697425580759,xdot,,
6.775,0.0048438607099097345,xdot,,
6.78,0.005198608044739126,xdot,,
6.785,0.005532897784464466,xdot,,
6.79,0.005845726289379653,xdot,,
6.795,0.006136175866508693,xdot,,
6.8,0.006403417245999114,xdot,,
6.805,0.00664671171758288,xdot,,
6.8100000000000005,0.006865412924413227,xdot,,
6.815,0.007058968309625475,xdot,,
6.82,0.007226920214646926,xdot,,
6.825,0.007368906628823288,xdot,,
6.83,0.007484661589454221,xdot,,
6.835,0.0075740152359792924,xdot,,
6.84,0.007636893518928817,xdot,,
6.845,0.007673317571528184,xdot,,
6.8500000000000005,0.0076834027448527175,xdot,,
6.855,0.0076673573174544105,xdot,,
6.86,0.007625480883562884,xdot,,
6.865,0.007558162431113347,xdot,,
6.87,0.00746587811764851,xdot,,
6.875,0.00734918875683758,xdot,,
6.88,0.007208737024612738,xdot,,
6.885,0.007045244399669049,xdot,,
6.890000000000001,0.006859507851586991,xdot,,
6.8950000000000005,0.006652396289183228,xdot,,
6.9,0.006424846786225966,xdot,,
6.905,0.006177860597871976,xdot,,
6.91,0.005912498985538964,xdot,,
6.915,0.005629878867279952,xdot,,
6.92,0.005331168308357084,xdot,,
6.925,0.005017581872824724,xdot,,
6.93,0.004690375851524761,xdot,,
6.9350000000000005,0.004350843386334584,xdot,,
6.94,0.00400030950810608,xdot,,
6.945,0.0036401261072091557,xdot,,
6.95,0.0032716668550533358,xdot,,
6.955,0.00289632209540253,xdot,,
6.96,0.0025154937246524853,xdot,,
6.965,0.0021305900775694196,xdot,,
6.97,0.0017430208388368612,xdot,,
6.9750000000000005,0.0013541919972499586,xdot,,
6.98,0.00096550086050573,xdot,,
6.985,0.0005783311471873569,xdot,,
6.99,0.00019404817399047431,xdot,,
6.995,-0.00018600584652431478,xdot,,
7.0,-0.0005605163818517395,xdot,,
7.005,-0.0009282010129406496,xdot,,
7.01,-0.001287813712037194,xdot,,
7.015000000000001,-0.0016381489500854802,xdot,,
7.0200000000000005,-0.0019780456204213366,xdot,,
7.025,-0.0023063907681561855,xdot,,
7.03,-0.0026221231118682426,xdot,,
7.035,-0.0029242363469864545,xdot,,
7.04,-0.0032117822231660133,xdot,,
7.045,-0.0034838733846210856,xdot,,
7.05,-0.003739685965499249,xdot,,
7.055,-0.003978461936703376,xdot,,
7.0600000000000005,-0.004199511191931541,xdot,,
7.065,-0.004402213374190355,xdot,,
7.07,-0.004586019435424037,xdot,,
7.075,-0.004750452925363999,xdot,,
7.08,-0.004895111011185666,xdot,,
7.085,-0.005019665223335415,xdot,,
7.09,-0.005123861928031829,xdot,,
7.095,-0.00520752252935235,xdot,,
7.1000000000000005,-0.005270543401351447,xdot,,
7.105,-0.005312895552246807,xdot,,
7.11,-0.005334624024891821,xdot,,
7.115,-0.005335847039802537,xdot,,
7.12,-0.005316754884092873,xdot,,
7.125,-0.005277608553112947,xdot,,
7.13,-0.005218738152610365,xdot,,
7.135,-0.005140541069466447,xdot,,
7.140000000000001,-0.005043479919120127,xdot,,
7.1450000000000005,-0.004928080278735337,xdot,,
7.15,-0.004794928217565413,xdot,,
7.155,-0.004644667634616546,xdot,,
7.16,-0.004477997413643091,xdot,,
7.165,-0.0042956684104987,xdot,,
7.17,-0.004098480281279552,xdot,,
7.175,-0.003887278167270734,xdot,,
7.18,-0.0036629492485996083,xdot,,
7.1850000000000005,-0.0034264191795540483,xdot,,
7.19,-0.003178648420917957,xdot,,
7.195,-0.0029206284819852353,xdot,,
7.2,-0.0026533780877789834,xdot,,
7.205,-0.002377939283914447,xdot,,
7.21,-0.0020953734969683755,xdot,,
7.215,-0.0018067575610014558,xdot,,
7.22,-0.0015131797272815192,xdot,,
7.2250000000000005,-0.0012157356713111559,xdot,,
7.23,-0.0009155245098758446,xdot,,
7.235,-0.0006136448451292273,xdot,,
7.24,-0.00031119084620655706,xdot,,
7.245,-9.248384434973727e-06,xdot,,
7.25,0.00029110876471762494,xdot,,
7.255,0.0005888226414909607,xdot,,
7.26,0.0008828547299223863,xdot,,
7.265000000000001,0.0011721894812313175,xdot,,
7.2700000000000005,0.001455837723463351,xdot,,
7.275,0.0017328399431620206,xdot,,
7.28,0.0020022694307780435,xdot,,
7.285,0.0022632352788738005,xdot,,
7.29,0.0025148852245102248,xdot,,
7.295,0.0027564083263175864,xdot,,
7.3,0.0029870374684238545,xdot,,
7.305,0.003206051684930044,xdot,,
7.3100000000000005,0.0034127782963396924,xdot,,
7.315,0.003606594854949094,xdot,,
7.32,0.0037869308903002246,xdot,,
7.325,0.003953269454051196,xdot,,
7.33,0.004105148458735493,xdot,,
7.335,0.004242161807457933,xdot,,
7.34,0.004363960312913728,xdot,,
7.345,0.004470252404830915,xdot,,
7.3500000000000005,0.004560804624804831,xdot,,
7.355,0.004635441908162778,xdot,,
7.36,0.00469404765597071,xdot,,
7.365,0.004736563595928496,xdot,,
7.37,0.004762989437367707,xdot,,
7.375,0.004773382322182105,xdot,,
7.38,0.004767856075448585,xdot,,
7.385,0.004746580261346352,xdot,,
7.390000000000001,0.004709779048086981,xdot,,
7.3950000000000005,0.004657729888963057,xdot,,
7.4,0.004590762026745883,xdot,,
7.405,0.00450925482479923,xdot,,
7.41,0.0044136359370452825,xdot,,
7.415,0.0043043793226908945,xdot,,
7.42,0.0041820031131714255,xdot,,
7.425,0.004047067342720141,xdot,,
7.43,0.0039001715505528737,xdot,,
7.4350000000000005,0.0037419522643873425,xdot,,
7.44,0.003573080376336006,xdot,,
7.445,0.003394258420475955,xdot,,
7.45,0.003206217763535181,xdot,,
7.455,0.003009715719122977,xdot,,
7.46,0.0028055325972174464,xdot,,
7.465,0.002594468698888901,xdot,,
7.47,0.0023773412692882773,xdot,,
7.4750000000000005,0.002154981416962112,xdot,,
7.48,0.0019282310161268601,xdot,,
7.485,0.0016979395969334153,xdot,,
7.49,0.0014649612395247818,xdot,,
7.495,0.0012301514818090047,xdot,,
7.5,0.0009943642503284491,xdot,,
7.505,0.0007584488265316772,xdot,,
7.51,0.0005232468593159099,xdot,,
7.515000000000001,0.00028958943172414735,xdot,,
7.5200000000000005,5.829419505154124e-05,xdot,,
7.525,-0.00016983742354505476,xdot,,
7.53,-0.00039402292673139795,xdot,,
7.535,-0.0006135013613786741,xdot,,
7.54,-0.0008275358294524731,xdot,,
7.545,-0.0010354158906402387,xdot,,
7.55,-0.001236459845663435,xdot,,
7.555,-0.0014300168965848841,xdot,,
7.5600000000000005,-0.0016154691756249079,xdot,,
7.565,-0.0017922336370975846,xdot,,
7.57,-0.001959763806926411,xdot,,
7.575,-0.002117551384464741,xdot,,
7.58,-0.002265127693260404,xdot,,
7.585,-0.0024020649760177456,xdot,,
7.59,-0.0025279775310497626,xdot,,
7.595,-0.002642522688373313,xdot,,
7.6000000000000005,-0.002745401621382343,xdot,,
7.605,-0.0028363599954200265,xdot,,
7.61,-0.0029151884507308285,xdot,,
7.615,-0.0029817229201131883,xdot,,
7.62,-0.0030358447820453775,xdot,,
7.625,-0.003077480849195397,xdot,,
7.63,-0.0031066031961641373,xdot,,
7.635,-0.00312322882634587,xdot,,
7.640000000000001,-0.003127419180761934,xdot,,
7.6450000000000005,-0.00311927949445675,xdot,,
7.65,-0.0030989580018782096,xdot,,
7.655,-0.0030666449951596885,xdot,,
7.66,-0.003022571743829919,xdot,,
7.665,-0.0029670092753744286,xdot,,
7.67,-0.0029002670282590516,xdot,,
7.675,-0.002822691378250256,xdot,,
7.68,-0.002734664049116675,xdot,,
7.6850000000000005,-0.0026366004103922426,xdot,,
7.69,-0.002528947672125067,xdot,,
7.695,-0.0024121829838644002,xdot,,
7.7,-0.002286811443143763,xdot,,
7.705,-0.002153364024877656,xdot,,
7.71,-0.002012395437641667,xdot,,
7.715,-0.0018644819149538834,xdot,,
7.72,-0.0017102189519890873,xdot,,
7.7250000000000005,-0.0015502189947518596,xdot,,
7.73,-0.001385109090550184,xdot,,
7.735,-0.001215528508955622,xdot,,
7.74,-0.0010421263424595377,xdot,,
7.745,-0.0008655590945523207,xdot,,
7.75,-0.0006864882639788258,xdot,,
7.755,-0.0005055779355500545,xdot,,
7.76,-0.00032349238394093643,xdot,,
7.765000000000001,-0.00014089369957577205,xdot,,
7.7700000000000005,4.156055310537227e-05,xdot,,
7.775,0.0002232196415148398,xdot,,
7.78,0.0004034419224666523,xdot,,
7.785,0.0005815970454402563,xdot,,
7.79,0.0007570680950518391,xdot,,
7.795,0.0009292536649070998,xdot,,
7.8,0.001097569856125096,xdot,,
7.805000000000001,0.0012614521933894595,xdot,,
7.8100000000000005,0.0014203574544062502,xdot,,
7.815,0.0015737654051448187,xdot,,
7.82,0.001721180435792279,xdot,,
7.825,0.001862133095070612,xdot,,
7.83,0.0019961815133240127,xdot,,
7.835,0.0021229127158754,xdot,,
7.84,0.0022419438200213014,xdot,,
7.845,0.002352923111899838,xdot,,
7.8500000000000005,0.0024555310029996977,xdot,,
7.855,0.0025494808624836004,xdot,,
7.86,0.002634519722431348,xdot,,
7.865,0.002710428858176299,xdot,,
7.87,0.002777024239561858,xdot,,
7.875,0.002834156853440435,xdot,,
7.88,0.002881712899149471,xdot,,
7.885,0.002919613855675836,xdot,,
7.890000000000001,0.0029478164224578493,xdot,,
7.8950000000000005,0.002966312334271138,xdot,,
7.9,0.002975128053656809,xdot,,
7.905,0.0029743243418117052,xdot,,
7.91,0.0029639957112226425,xdot,,
7.915,0.002944269762675272,xdot,,
7.92,0.0029153064108481353,xdot,,
7.925,0.002877297002245124,xdot,,
7.930000000000001,0.002830463328135752,xdot,,
7.9350000000000005,0.002775056540062608,xdot,,
7.94,0.002711355969015669,xdot,,
7.945,0.002639667856987692,xdot,,
7.95,0.0025603240034218445,xdot,,
7.955,0.0024736803343932234,xdot,,
7.96,0.0023801153986702985,xdot,,
7.965,0.0022800287974218503,xdot,,
7.97,0.002173839555133814,xdot,,
7.9750000000000005,0.002061984435241237,xdot,,
7.98,0.0019449162094462812,xdot,,
7.985,0.0018231018865639075,xdot,,
7.99,0.0016970209075281692,xdot,,
7.995,0.0015671633138200276,xdot,,
8.0,0.001434027894442644,xdot,,
8.005,0.0012981203211095173,xdot,,
8.01,0.0011599512761355179,xdot,,
8.015,0.0010200345805906042,xdot,,
8.02,0.000878885328639189,xdot,,
8.025,0.0007370180368620158,xdot,,
8.03,0.0005949448120350514,xdot,,
8.035,0.00045317354682729614,xdot,,
8.040000000000001,0.00031220614572773477,xdot,,
8.045,0.00017253679157463124,xdot,,
8.05,3.46502560558799e-05,xdot,,
8.055,-0.00010097974126639024,xdot,,
8.06,-0.0002338921165065244,xdot,,
8.065,-0.0003636399463774072,xdot,,
8.07,-0.0004897919264751167,xdot,,
8.075,-0.0006119337600526489,xdot,,
8.08,-0.0007296694732105885,xdot,,
8.085,-0.0008426226512376028,xdot,,
8.09,-0.0009504375932035368,xdot,,
8.095,-0.0010527803812118877,xdot,,
8.1,-0.0011493398624666791,xdot,,
8.105,-0.001239828539175948,xdot,,
8.11,-0.001323983366665085,xdot,,
8.115,-0.0014015664547265049,xdot,,
8.120000000000001,-0.0014723656744213707,xdot,,
8.125,-0.001536195164882583,xdot,,
8.13,-0.0015928957433676482,xdot,,
8.135,-0.0016423352141616567,xdot,,
8.14,-0.0016844085798875955,xdot,,
8.145,-0.0017190381518914686,xdot,,
8.15,-0.0017461735635288117,xdot,,
8.155,-0.001765791684747897,xdot,,
8.16,-0.001777896440389708,xdot,,
8.165000000000001,-0.0017825185337249272,xdot,,
8.17,-0.001779715077524348,xdot,,
8.175,-0.001769569133624649,xdot,,
8.18,-0.0017521891641231516,xdot,,
8.185,-0.0017277083985663302,xdot,,
8.19,-0.0016962841166600479,xdot,,
8.195,-0.0016580968539865535,xdot,,
8.2,-0.001613349531440503,xdot,,
8.205,-0.0015622665130967525,xdot,,
8.21,-0.0015050925972762202,xdot,,
8.215,-0.0014420919434031533,xdot,,
8.22,-0.0013735469410920385,xdot,,
8.225,-0.0012997570247141599,xdot,,
8.23,-0.0012210374384263624,xdot,,
8.235,-0.0011377179573657898,xdot,,
8.24,-0.0010501415681858804,xdot,,
8.245000000000001,-0.0009586631164095755,xdot,,
8.25,-0.0008636479242313123,xdot,,
8.255,-0.0007654703837782355,xdot,,
8.26,-0.0006645125325403691,xdot,,
8.265,-0.0005611626144113828,xdot,,
8.27,-0.000455813633566225,xdot,,
8.275,-0.00034886190433304444,xdot,,
8.28,-0.00024070560443600076,xdot,,
8.285,-0.00013174333440793806,xdot,,
8.290000000000001,-2.2372690674204808e-05,xdot,,
8.295,8.701114373205214e-05,xdot,,
8.3,0.0001960167885860916,xdot,,
8.305,0.0003042580255716947,xdot,,
8.31,0.00041135512657389613,xdot,,
8.315,0.0005169361481162832,xdot,,
8.32,0.0006206381823129653,xdot,,
8.325,0.0007221085650534678,xdot,,
8.33,0.0008210060353843088,xdot,,
8.335,0.0009170018429075248,xdot,,
8.34,0.001009780800938973,xdot,,
8.345,0.0010990422774874986,xdot,,
8.35,0.0011845011288371464,xdot,,
8.355,0.001265888565745072,xdot,,
8.36,0.0013429529546413938,xdot,,
8.365,0.001415460547843373,xdot,,
8.370000000000001,0.0014831961448518085,xdot,,
8.375,0.0015459636781549827,xdot,,
8.38,0.001603586729180567,xdot,,
8.385,0.0016559089646548653,xdot,,
8.39,0.001702794499618253,xdot,,
8.395,0.001744128183347787,xdot,,
8.4,0.0017798158075794947,xdot,,
8.405,0.0018097842392060326,xdot,,
8.41,0.0018339814752092274,xdot,,
8.415000000000001,0.0018523766215331188,xdot,,
8.42,0.001864959799609467,xdot,,
8.425,0.0018717419731053072,xdot,,
8.43,0.0018727547079371194,xdot,,
8.435,0.001868049857608634,xdot,,
8.44,0.0018576991798877262,xdot,,
8.445,0.0018417938845450578,xdot,,
8.45,0.0018204441206384344,xdot,,
8.455,0.001793778395451781,xdot,,
8.46,0.001761942938124387,xdot,,
8.465,0.0017251010029718324,xdot,,
8.47,0.0016834321210866246,xdot,,
8.475,0.0016371312994618921,xdot,,
8.48,0.0015864081736669186,xdot,,
8.485,0.001531486116267996,xdot,,
8.49,0.0014726013049738526,xdot,,
8.495000000000001,0.0014100017537223284,xdot,,
8.5,0.0013439463116977246,xdot,,
8.505,0.001274703632509022,xdot,,
8.51,0.0012025511197828126,xdot,,
8.515,0.0011277738505256073,xdot,,
8.52,0.0010506634814502853,xdot,,
8.525,0.0009715171450380928,xdot,,
8.53,0.0008906363325695707,xdot,,
8.535,0.0008083257765572527,xdot,,
8.540000000000001,0.0007248923303077379,xdot,,
8.545,0.0006406438513257365,xdot,,
8.55,0.0005558880926267878,xdot,,
8.555,0.0004709316046464944,xdot,,
8.56,0.0003860786515401515,xdot,,
8.565,0.0003016301487377183,xdot,,
8.57,0.0002178826200002075,xdot,,
8.575000000000001,0.0001351271828025679,xdot,,
8.58,5.364856009223236e-05,xdot,,
8.585,-2.6275872111454425e-05,xdot,,
8.59,-0.0001043770039076817,xdot,,
8.595,-0.00018039487116696388,xdot,,
8.6,-0.000254079494651747,xdot,,
8.605,-0.00032519167411461885,xdot,,
8.61,-0.00039350373682527155,xdot,,
8.615,-0.0004588002380086849,xdot,,
8.620000000000001,-0.0005208786088735525,xdot,,
8.625,-0.0005795497553518937,xdot,,
8.63,-0.000634638599892371,xdot,,
8.635,-0.00068598456955077,xdot,,
8.64,-0.0007334420270799782,xdot,,
8.645,-0.0007768806440785533,xdot,,
8.65,-0.0008161857162037182,xdot,,
8.655,-0.0008512584195810465,xdot,,
8.66,-0.0008820160067618107,xdot,,
8.665000000000001,-0.0009083919463683998,xdot,,
8.67,-0.0009303359992731056,xdot,,
8.675,-0.0009478142390844768,xdot,,
8.68,-0.0009608090134629594,xdot,,
8.685,-0.0009693188455174361,xdot,,
8.69,-0.0009733582821179882,xdot,,
8.695,-0.0009729576835467043,xdot,,
8.700000000000001,-0.0009681629592336559,xdot,,
8.705,-0.0009590352519063062,xdot,,
8.71,-0.0009456505688605348,xdot,,
8.715,-0.0009280993650396362,xdot,,
8.72,-0.000906486078072723,xdot,,
8.725,-0.0008809286161377574,xdot,,
8.73,-0.0008515578066594785,xdot,,
8.735,-0.0008185168009387812,xdot,,
8.74,-0.0007819604421734954,xdot,,
8.745000000000001,-0.0007420545969123212,xdot,,
8.75,-0.0006989754550284844,xdot,,
8.755,-0.0006529087982546207,xdot,,
8.76,-0.0006040492434626782,xdot,,
8.765,-0.0005525994597446565,xdot,,
8.77,-0.0004987693654412741,xdot,,
8.775,-0.00044277530805387913,xdot,,
8.78,-0.00038483922816218554,xdot,,
8.785,-0.00032518781096643284,xdot,,
8.790000000000001,-0.0002640516313266324,xdot,,
8.795,-0.00020166429113997332,xdot,,
8.8,-0.00013826155603105105,xdot,,
8.805,-7.408049169864851e-05,xdot,,
8.81,-9.358605117192628e-06,xdot,,
8.815,5.5667008615657796e-05,xdot,,
8.82,0.00012076050817567357,xdot,,
8.825000000000001,0.0001856881362953932,xdot,,
8.83,0.0002502190335197392,xdot,,
8.835,0.0003141260341548636,xdot,,
8.84,0.0003771864412823501,xdot,,
8.845,0.0004391827776862468,xdot,,
8.85,0.0004999035105797514,xdot,,
8.855,0.0005591437491409162,xdot,,
8.86,0.0006167059100775265,xdot,,
8.865,0.0006724003507263304,xdot,,
8.870000000000001,0.0007260459689564839,xdot,,
8.875,0.0007774707642780504,xdot,,
8.88,0.0008265123632742396,xdot,,
8.885,0.0008730185037369538,xdot,,
8.89,0.0009168474793985323,xdot,,
8.895,0.0009578685402861768,xdot,,
8.9,0.0009959622532641585,xdot,,
8.905,0.0010310208147118701,xdot,,
8.91,0.0010629483223115281,xdot,,
8.915000000000001,0.0010916609994729336,xdot,,
8.92,0.0011170873737594619,xdot,,
8.925,0.0011391684120092146,xdot,,
8.93,0.0011578576081401973,xdot,,
8.935,0.0011731210234708338,xdot,,
8.94,0.001184937286657172,xdot,,
8.945,0.0011932975435132362,xdot,,
8.950000000000001,0.0011982053654351556,xdot,,
8.955,0.0011996766142894446,xdot,,
8.96,0.0011977392643740185,xdot,,
8.965,0.0011924331820924248,xdot,,
8.97,0.0011838098659279928,xdot,,
8.975,0.0011719321486148918,xdot,,
8.98,0.0011568738594141422,xdot,,
8.985,0.0011387194522716924,xdot,,
8.99,0.00111756359915132,xdot,,
8.995000000000001,0.0010935107509861142,xdot,,
9.0,0.001066674667572308,xdot,,
9.005,0.0010371779195002856,xdot,,
9.01,0.00100515136244638,xdot,,
9.015,0.0009707335896822998,xdot,,
9.02,0.0009340703593858054,xdot,,
9.025,0.0008953140020190589,xdot,,
9.03,0.0008546228142114151,xdot,,
9.035,0.0008121604319256758,xdot,,
9.040000000000001,0.0007680951937885088,xdot,,
9.045,0.000722599494606984,xdot,,
9.05,0.0006758491279470135,xdot,,
9.055,0.0006280226255878635,xdot,,
9.06,0.0005793005930565077,xdot,,
9.065,0.0005298650435446152,xdot,,
9.07,0.0004798987347618463,xdot,,
9.075000000000001,0.0004295845075806506,xdot,,
9.08,0.0003791046340927559,xdot,,
9.085,0.0003286401713901856,xdot,,
9.09,0.0002783703265927416,xdot,,
9.095,0.00022847183566760006,xdot,,
9.1,0.00017911835847498318,xdot,,
9.105,0.00013047988578257622,xdot,,
9.11,8.272217179569342e-05,xdot,,
9.115,3.600618261526985e-05,xdot,,
9.120000000000001,-9.51243107256397e-06,xdot,,
9.125,-5.368383597648618e-05,xdot,,
9.13,-9.636449467661525e-05,xdot,,
9.135,-0.0001374176148937733,xdot,,
9.14,-0.00017671357137914175,xdot,,
9.145,-0.00021413029732993138,xdot,,
9.15,-0.0002495536466643528,xdot,,
9.155,-0.0002828777204705493,xdot,,
9.16,-0.00031400516534880313,xdot,,
9.165000000000001,-0.00034284743594946513,xdot,,
9.17,-0.00036932502268392775,xdot,,
9.175,-0.0003933676459858876,xdot,,
9.18,-0.0004149144171569848,xdot,,
9.185,-0.00043391396013255567,xdot,,
9.19,-0.0004503245027326828,xdot,,
9.195,-0.00046411392883469036,xdot,,
9.200000000000001,-0.0004752597974605979,xdot,,
9.205,-0.0004837493268787048,xdot,,
9.21,-0.0004895793445790302,xdot,,
9.215,-0.000492756202492577,xdot,,
9.22,-0.0004932956596537256,xdot,,
9.225,-0.0004912227331664084,xdot,,
9.23,-0.0004865715153518846,xdot,,
9.235,-0.00047938496313054544,xdot,,
9.24,-0.0004697146562222301,xdot,,
9.245000000000001,-0.00045762052618622155,xdot,,
9.25,-0.00044317056058233847,xdot,,
9.255,-0.0004264404789156812,xdot,,
9.26,-0.00040751338622182137,xdot,,
9.265,-0.00038647940211109465,xdot,,
9.27,-0.0003634352698206599,xdot,,
9.275,-0.0003384839445784659,xdot,,
9.28,-0.0003117341631928245,xdot,,
9.285,-0.0002832999997510687,xdot,,
9.290000000000001,-0.00025330040391653317,xdot,,
9.295,-0.0002218587292871187,xdot,,
9.3,-0.00018910224548725218,xdot,,
9.305,-0.00015516164977250998,xdot,,
9.31,-0.00012017056077320894,xdot,,
9.315,-8.426501679406034e-05,xdot,,
9.32,-4.7582962905007986e-05,xdot,,
9.325000000000001,-1.0263741625531324e-05,xdot,,
9.33,2.755242090259885e-05,xdot,,
9.335,6.572492287078123e-05,xdot,,
9.34,0.00010411329296331365,xdot,,
9.345,0.00014257769084178624,xdot,,
9.35,0.0001809793999834769,xdot,,
9.355,0.00021918131271920848,xdot,,
9.36,0.0002570484022497336,xdot,,
9.365,0.00029444818551711827,xdot,,
9.370000000000001,0.0003312511695727549,xdot,,
9.375,0.00036733128606850974,xdot,,
9.38,0.0004025663046459464,xdot,,
9.385,0.00043683823395767365,xdot,,
9.39,0.00047003369803838145,xdot,,
9.395,0.000502044297681557,xdot,,
9.4,0.000532766945491749,xdot,,
9.405,0.0005621041827124011,xdot,,
9.41,0.0005899644703205931,xdot,,
9.415000000000001,0.0006162624569729027,xdot,,
9.42,0.0006409192217021184,xdot,,
9.425,0.0006638624924545637,xdot,,
9.43,0.0006850268363954521,xdot,,
9.435,0.0007043538261297395,xdot,,
9.44,0.0007217921778377436,xdot,,
9.445,0.0007372978647013605,xdot,,
9.450000000000001,0.0007508341986333885,xdot,,
9.455,0.0007623718910725566,xdot,,
9.46,0.0007718890814576795,xdot,,
9.465,0.0007793713420191036,xdot,,
9.47,0.0007848116545953734,xdot,,
9.475,0.0007882103622003802,xdot,,
9.48,0.0007895750933263394,xdot,,
9.485,0.0007889206630402689,xdot,,
9.49,0.0007862689470668999,xdot,,
9.495000000000001,0.0007816487342762198,xdot,,
9.5,0.0007750955528119384,xdot,,
9.505,0.000766651477974021,xdot,,
9.51,0.000756364915065017,xdot,,
9.515,0.0007442903641524641,xdot,,
9.52,0.0007304881634746393,xdot,,
9.525,0.000715024215956003,xdot,,
9.53,0.0006979696987388951,xdot,,
9.535,0.0006794007557398424,xdot,,
9.540000000000001,0.000659398175208638,xdot,,
9.545,0.0006380470571011685,xdot,,
9.55,0.000615436462496903,xdot,,
9.555,0.0005916590595424834,xdot,,
9.56,0.000566810754070471,xdot,,
9.565,0.0005409903157687606,xdot,,
9.57,0.0005142989954599404,xdot,,
9.575000000000001,0.00048684014086860746,xdot,,
9.58,0.00045871880462284534,xdot,,
9.585,0.00043004135258684496,xdot,,
9.59,0.00040091507114695015,xdot,,
9.595,0.0003714477748657847,xdot,,
9.6,0.00034174741614747796,xdot,,
9.605,0.00031192169739157623,xdot,,
9.61,0.0002820776908534322,xdot,,
9.615,0.0002523214604738596,xdot,,
9.620000000000001,0.00022275769491453243,xdot,,
9.625,0.00019348934613986138,xdot,,
9.63,0.00016461728012165768,xdot,,
9.635,0.00013623993751564494,xdot,,
9.64,0.0001084530058919573,xdot,,
9.645,8.134910596110185e-05,xdot,,
9.65,5.5017491901211365e-05,xdot,,
9.655,2.9543765836443535e-05,xdot,,
9.66,5.0096083274007335e-06,xdot,,
9.665000000000001,-1.8507471813788062e-05,xdot,,
9.67,-4.0934375112158686e-05,xdot,,
9.675,-6.220262612083224e-05,xdot,,
9.68,-8.224857354469342e-05,xdot,,
9.685,-0.00010101356693941011,xdot,,
9.69,-0.00011844411758539367,xdot,,
9.695,-0.00013449203723853146,xdot,,
9.700000000000001,-0.00014911455625522417,xdot,,
9.705,-0.00016227442292440826,xdot,,
9.71,-0.00017393998112766868,xdot,,
9.715,-0.00018408522542217464,xdot,,
9.72,-0.0001926898400897942,xdot,,
9.725,-0.00019973921195165568,xdot,,
9.73,-0.0002052244265555853,xdot,,
9.735,-0.00020914224180398593,xdot,,
9.74,-0.00021149504408692069,xdot,,
9.745000000000001,-0.00021229078149798486,xdot,,
9.75,-0.00021154288055393747,xdot,,
9.755,-0.00020927014281289937,xdot,,
9.76,-0.0002054966239016693,xdot,,
9.765,-0.00020025149527551795,xdot,,
9.77,-0.00019356888679747695,xdot,,
9.775,-0.00018548771735689675,xdot,,
9.78,-0.0001760515061564141,xdot,,
9.785,-0.00016530817130730888,xdot,,
9.790000000000001,-0.00015330981513284048,xdot,,
9.795,-0.00014011249474683545,xdot,,
9.8,-0.0001257759834251915,xdot,,
9.805,-0.00011036351905610269,xdot,,
9.81,-9.394154394043339e-05,xdot,,
9.815,-7.657943407220595e-05,xdot,,
9.82,-5.834922344603803e-05,xdot,,
9.825000000000001,-3.932531855322218e-05,xdot,,
9.83,-1.958421060388292e-05,xdot,,
9.835,7.958206059412393e-07,xdot,,
9.84,2.173500316474285e-05,xdot,,
9.845,4.315237239289324e-05,xdot,,
9.85,6.496607327846832e-05,xdot,,
9.855,8.709366109139197e-05,xdot,,
9.86,0.000109452402267869,xdot,,
9.865,0.0001319595713661255,xdot,,
9.870000000000001,0.00015453274779371316,xdot,,
9.875,0.00017709010710215226,xdot,,
9.88,0.0001995507057241231,xdot,,
9.885,0.00022183476334753033,xdot,,
9.89,0.00024386393401149012,xdot,,
9.895,0.00026556157236889283,xdot,,
9.9,0.00028685299051367427,xdot,,
9.905,0.00030766570417362364,xdot,,
9.91,0.0003279296706142842,xdot,,
9.915000000000001,0.00034757751253038647,xdot,,
9.92,0.00036654473303042293,xdot,,
9.925,0.00038476991637167383,xdot,,
9.93,0.0004021949164747944,xdot,,
9.935,0.0004187650311912463,xdot,,
9.94,0.0004344291632879638,xdot,,
9.945,0.0004491399662102833,xdot,,
9.950000000000001,0.0004628539758318031,xdot,,
9.955,0.00047553172580850603,xdot,,
9.96,0.00048713784898642,xdot,,
9.965,0.0004976411613367302,xdot,,
9.97,0.0005070147323416773,xdot,,
9.975,0.0005152359370387073,xdot,,
9.98,0.0005222864939073773,xdot,,
9.985,0.0005281524858654662,xdot,,
9.99,0.0005328243671197309,xdot,,
9.995000000000001,0.0005362969517848608,xdot,,
10.0,0.0005385693889068257,xdot,,
10.005,0.0005396451210832253,xdot,,
10.01,0.0005395318304054851,xdot,,
10.015,0.0005382413662689291,xdot,,
10.02,0.000535789662703402,xdot,,
10.025,0.000532196638546555,xdot,,
10.03,0.0005274860874438748,xdot,,
10.035,0.0005216855526160372,xdot,,
10.040000000000001,0.0005148261911704333,xdot,,
10.045,0.0005069426260368356,xdot,,
10.05,0.0004980727883776631,xdot,,
10.055,0.0004882577468279583,xdot,,
10.06,0.0004775415303859169,xdot,,
10.065,0.0004659709407859459,xdot,,
10.07,0.0004535953574791853,xdot,,
10.075000000000001,0.00044046653541664107,xdot,,
10.08,0.00042663839589949463,xdot,,
10.085,0.0004121668118031104,xdot,,
10.09,0.00039710938869192997,xdot,,
10.095,0.00038152524228224273,xdot,,
10.1,0.00036547477053879387,xdot,,
10.105,0.00034901942607408183,xdot,,
10.11,0.00033222148549479145,xdot,,
10.115,0.0003151438188936487,xdot,,
10.120000000000001,0.00029784965953595643,xdot,,
10.125,0.000280402374635815,xdot,,
10.13,0.00026286523498261625,xdot,,
10.135,0.0002453011956626863,xdot,,
10.14,0.00022777266733380134,xdot,,
10.145,0.00021034130492489822,xdot,,
10.15,0.00019306779226437178,xdot,,
10.155,0.00017601163435726778,xdot,,
10.16,0.00015923095972681793,xdot,,
10.165000000000001,0.00014278232345253411,xdot,,
10.17,0.00012672052512548865,xdot,,
10.175,0.0001110984254788403,xdot,,
10.18,9.596678250865678e-05,xdot,,
10.185,8.137408949826925e-05,xdot,,
10.19,6.736642265938513e-05,xdot,,
10.195,5.3987305209982474e-05,xdot,,
10.200000000000001,4.127757498169823e-05,xdot,,
10.205,2.9275265808639036e-05,xdot,,
10.21,1.8015502027623597e-05,xdot,,
10.215,7.530400168690208e-06,xdot,,
10.22,-2.1510123172251887e-06,xdot,,
10.225,-1.1002872814350011e-05,xdot,,
10.23,-1.9002541935474122e-05,xdot,,
10.235,-2.6130651169053678e-05,xdot,,
10.24,-3.237113932674237e-05,xdot,,
10.245000000000001,-3.77112777020693e-05,xdot,,
10.25,-4.214168013921466e-05,xdot,,
10.255,-4.565630353328982e-05,xdot,,
10.26,-4.825243397922193e-05,xdot,,
10.265,-4.993066527837241e-05,xdot,,
10.27,-5.069485918578312e-05,xdot,,
10.275,-5.05521035676253e-05,xdot,,
10.28,-4.951265009391258e-05,xdot,,
10.285,-4.758984892134257e-05,xdot,,
10.290000000000001,-4.480006609140338e-05,xdot,,
10.295,-4.116259693531129e-05,xdot,,
10.3,-3.66995658720578e-05,xdot,,
10.305,-3.1435821088927684e-05,xdot,,
10.31,-2.5398815024075427e-05,xdot,,
10.315,-1.861848197944334e-05,xdot,,
10.32,-1.1127105968374202e-05,xdot,,
10.325000000000001,-2.959179333393374e-06,xdot,,
10.33,5.848739334752439e-06,xdot,,
10.335,1.5258180260639567e-05,xdot,,
10.34,2.5228915695808346e-05,xdot,,
10.345,3.571912589669552e-05,xdot,,
10.35,4.668556148998597e-05,xdot,,
10.355,5.808371189923263e-05,xdot,,
10.36,6.986797943682861e-05,xdot,,
10.365,8.19918518158646e-05,xdot,,
10.370000000000001,9.440807730438824e-05,xdot,,
10.375,0.00010706884318684853,xdot,,
10.38,0.0001199259493185718,xdot,,
10.385,0.00013293098624802345,xdot,,
10.39,0.00014603550903390648,xdot,,
10.395,0.00015919121189348186,xdot,,
10.4,0.0001723500959135998,xdot,,
10.405,0.00018546464239414958,xdot,,
10.41,0.00019848797542392185,xdot,,
10.415000000000001,0.00021137402045512174,xdot,,
10.42,0.0002240776643871617,xdot,,
10.425,0.00023655490453190626,xdot,,
10.43,0.00024876299512993785,xdot,,
10.435,0.000260660587012918,xdot,,
10.44,0.0002722078623511386,xdot,,
10.445,0.00028336665854877715,xdot,,
10.450000000000001,0.0002941005913539188,xdot,,
10.455,0.0003043751622368187,xdot,,
10.46,0.00031415786599911733,xdot,,
10.465,0.0003234182859349536,xdot,,
10.47,0.00033212817996776227,xdot,,
10.475,0.00034026155998665515,xdot,,
10.48,0.0003477947620247168,xdot,,
10.485,0.0003547065057414049,xdot,,
10.49,0.0003609779487520713,xdot,,
10.495000000000001,0.00036659272573331123,xdot,,
10.5,0.0003715369846443026,xdot,,
10.505,0.0003757994097012211,xdot,,
10.51,0.0003793712338719721,xdot,,
10.515,0.00038224624579202165,xdot,,
10.52,0.00038442078861134,xdot,,
10.525,0.0003858937410845877,xdot,,
10.53,0.00038666650123556307,xdot,,
10.535,0.0003867429524572072,xdot,,
10.540000000000001,0.00038612942606852793,xdot,,
10.545,0.0003848346520128406,xdot,,
10.55,0.000382869704748515,xdot,,
10.555,0.00038024793871404324,xdot,,
10.56,0.0003769849178760715,xdot,,
10.565,0.00037309833746738464,xdot,,
10.57,0.0003686079392871283,xdot,,
10.575000000000001,0.00036353542130257064,xdot,,
10.58,0.0003579043376470101,xdot,,
10.585,0.0003517399962590705,xdot,,
10.59,0.00034506935323549916,xdot,,
10.595,0.0003379208955793459,xdot,,
10.6,0.00033032452892880603,xdot,,
10.605,0.00032231145062577057,xdot,,
10.61,0.0003139140294372398,xdot,,
10.615,0.0003051656758401812,xdot,,
10.620000000000001,0.0002961007133660465,xdot,,
10.625,0.00028675424517737646,xdot,,
10.63,0.00027716202061331576,xdot,,
10.635,0.0002673603040908973,xdot,,
10.64,0.00025738573646704176,xdot,,
10.645,0.00024727520221439663,xdot,,
10.65,0.00023706569566685654,xdot,,
10.655,0.00022679418593033184,xdot,,
10.66,0.00021649748795107843,xdot,,
10.665000000000001,0.00020621212767616,xdot,,
10.67,0.00019597422175569992,xdot,,
10.675,0.00018581934557217438,xdot,,
10.68,0.0001757824161872025,xdot,,
10.685,0.00016589757360079016,xdot,,
10.69,0.0001561980654768141,xdot,,
10.695,0.0001467161379229844,xdot,,
10.700000000000001,0.0001374829324417943,xdot,,
10.705,0.00012852838282117684,xdot,,
10.71,0.00011988112299750882,xdot,,
10.715,0.00011156839843885493,xdot,,
10.72,0.00010361597984496338,xdot,,
10.725,9.604808972879659e-05,xdot,,
10.73,8.888732940562901e-05,xdot,,
10.735,8.215461710665525e-05,xdot,,
10.74,7.586912902690364e-05,xdot,,
10.745000000000001,7.004824707852077e-05,xdot,,
10.75,6.470751831897281e-05,xdot,,
10.755,5.9860617741567005e-05,xdot,,
10.76,5.5519315668424175e-05,xdot,,
10.765,5.169345812937109e-05,xdot,,
10.77,4.8390950342696914e-05,xdot,,
10.775,4.5617749562766016e-05,xdot,,
10.78,4.337786072035484e-05,xdot,,
10.785,4.167334574720229e-05,xdot,,
10.790000000000001,4.050433401379196e-05,xdot,,
10.795,3.9869041882292414e-05,xdot,,
10.8,3.9763798639169424e-05,xdot,,
10.805,4.0183079191205817e-05,xdot,,
10.81,4.1119542885672124e-05,xdot,,
10.815,4.256407962418903e-05,xdot,,
10.82,4.450585664270577e-05,xdot,,
10.825000000000001,4.693237871419869e-05,xdot,,
10.83,4.982954897577612e-05,xdot,,
10.835,5.318173340720242e-05,xdot,,
10.84,5.697183630054366e-05,xdot,,
10.845,6.118137264855676e-05,xdot,,
10.85,6.579055081386161e-05,xdot,,
10.855,7.077835411858965e-05,xdot,,
10.86,7.612263194022438e-05,xdot,,
10.865,8.180018801386175e-05,xdot,,
10.870000000000001,8.778687362829653e-05,xdot,,
10.875,9.40576856217487e-05,xdot,,
10.88,0.00010058686321265076,xdot,,
10.885,0.0001073479885453352,xdot,,
10.89,0.00011431408513235236,xdot,,
10.895,0.00012145772415252805,xdot,,
10.9,0.00012875112308982655,xdot,,
10.905,0.00013616625219286323,xdot,,
10.91,0.00014367493502441298,xdot,,
10.915000000000001,0.00015124894919522135,xdot,,
10.92,0.00015886013083763243,xdot,,
10.925,0.00016648047225777308,xdot,,
10.93,0.00017408222157408763,xdot,,
10.935,0.00018163797921919668,xdot,,
10.94,0.00018912078982099583,xdot,,
10.945,0.00019650423868376583,xdot,,
10.950000000000001,0.00020376253506032855,xdot,,
10.955,0.00021087060267778408,xdot,,
10.96,0.000217804158270455,xdot,,
10.965,0.00022453979181216846,xdot,,
10.97,0.00023105504131574618,xdot,,
10.975,0.00023732846386753697,xdot,,
10.98,0.00024333969851144993,xdot,,
10.985,0.0002490695338322703,xdot,,
10.99,0.0002544999580679206,xdot,,
10.995000000000001,0.00025961421498467397,xdot,,
11.0,0.0002643968509900549,xdot,,
11.005,0.0002688337547094584,xdot,,
11.01,0.000272912195281361,xdot,,
11.015,0.0002766208542667404,xdot,,
11.02,0.0002799498488783866,xdot,,
11.025,0.00028289075424523923,xdot,,
11.03,0.00028543661977278845,xdot,,
11.035,0.00028758197622568815,xdot,,
11.040000000000001,0.0002893228417145793,xdot,,
11.045,0.00029065671879426833,xdot,,
11.05,0.0002915825925237402,xdot,,
11.055,0.0002921009118820393,xdot,,
11.06,0.0002922135802668227,xdot,,
11.065,0.000291923928215928,xdot,,
11.07,0.0002912366893104238,xdot,,
11.075000000000001,0.0002901579708221825,xdot,,
11.08,0.00028869521275951866,xdot,,
11.085,0.00028685715081001406,xdot,,
11.09,0.0002846537729930327,xdot,,
11.095,0.00028209626768766253,xdot,,
11.1,0.00027919697372312183,xdot,,
11.105,0.0002759693240114486,xdot,,
11.11,0.0002724277853627,xdot,,
11.115,0.00026858779738471873,xdot,,
11.120000000000001,0.0002644657068749864,xdot,,
11.125,0.00026007869927305435,xdot,,
11.13,0.0002554447310797964,xdot,,
11.135,0.00025058245556090357,xdot,,
11.14,0.00024551114833736503,xdot,,
11.145,0.00024025063418712413,xdot,,
11.15,0.00023482120972356758,xdot,,
11.155,0.00022924356686758097,xdot,,
11.16,0.00022353871195458108,xdot,,
11.165000000000001,0.0002177278912280717,xdot,,
11.17,0.00021183251016779238,xdot,,
11.175,0.00020587405637376047,xdot,,
11.18,0.00019987402077401223,xdot,,
11.185,0.00019385382300756898,xdot,,
11.19,0.00018783473420479094,xdot,,
11.195,0.00018183780084608908,xdot,,
11.200000000000001,0.0001758837765828612,xdot,,
11.205,0.00016999304575463848,xdot,,
11.21,0.00016418555879291986,xdot,,
11.215,0.00015848076319085973,xdot,,
11.22,0.0001528975379891811,xdot,,
11.225,0.00014745413615011087,xdot,,
11.23,0.00014216812270666126,xdot,,
11.235,0.00013705631973616686,xdot,,
11.24,0.00013213475390411912,xdot,,
11.245000000000001,0.00012741860906970235,xdot,,
11.25,0.000122922177111118,xdot,,
11.255,0.00011865882111318016,xdot,,
11.26,0.0001146409315768179,xdot,,
11.265,0.00011087989704877514,xdot,,
11.27,0.00010738607176150088,xdot,,
11.275,0.00010416874835016836,xdot,,
11.28,0.0001012361368608468,xdot,,
11.285,9.859534805866918e-05,xdot,,
11.290000000000001,9.62523760521368e-05,xdot,,
11.295,9.42120897284742e-05,xdot,,
11.3,9.247822947732155e-05,xdot,,
11.305,9.105340054058121e-05,xdot,,
11.31,8.993908080897959e-05,xdot,,
11.315,8.913562342635278e-05,xdot,,
11.32,8.8642267746625e-05,xdot,,
11.325000000000001,8.845715564233218e-05,xdot,,
11.33,8.857734847120768e-05,xdot,,
11.335,8.899884438837135e-05,xdot,,
11.34,8.971661242828844e-05,xdot,,
11.345,9.07246125630764e-05,xdot,,
11.35,9.201583392978023e-05,xdot,,
11.355,9.358232422250147e-05,xdot,,
11.36,9.541523362533438e-05,xdot,,
11.365,9.750485278920738e-05,xdot,,
11.370000000000001,9.984065498689681e-05,xdot,,
11.375,0.00010241134459171536,xdot,,
11.38,0.00010520490488168372,xdot,,
11.385,0.00010820864807417395,xdot,,
11.39,0.0001114092655058967,xdot,,
11.395,0.00011479288698251225,xdot,,
11.4,0.00011834512993213639,xdot,,
11.405,0.00012205116045283185,xdot,,
11.41,0.00012589574899943057,xdot,,
11.415000000000001,0.00012986332949211895,xdot,,
11.42,0.00013393805706606374,xdot,,
11.425,0.0001381038705121471,xdot,,
11.43,0.00014234454895979503,xdot,,
11.435,0.0001466437728821634,xdot,,
11.44,0.00015098518210698413,xdot,,
11.445,0.00015535243673752238,xdot,,
11.450000000000001,0.00015972927448425092,xdot,,
11.455,0.00016409956725332338,xdot,,
11.46,0.00016844737629929365,xdot,,
11.465,0.00017275701110050227,xdot,,
11.47,0.0001770130789278615,xdot,,
11.475,0.00018120053823654188,xdot,,
11.48,0.00018530474924871495,xdot,,
11.485,0.00018931152084729162,xdot,,
11.49,0.0001932071576445572,xdot,,
11.495000000000001,0.00019697850292813143,xdot,,
11.5,0.00020061298165229943,xdot,,
11.505,0.0002040986373669641,xdot,,
11.51,0.00020742416986513153,xdot,,
11.515,0.00021057896726249024,xdot,,
11.52,0.0002135531387344608,xdot,,
11.525,0.0002163375417757762,xdot,,
11.53,0.00021892380470350028,xdot,,
11.535,0.0002213043526614876,xdot,,
11.540000000000001,0.00022347242308485256,xdot,,
11.545,0.00022542208333531247,xdot,,
11.55,0.00022714824244758508,xdot,,
11.555,0.0002286466598504721,xdot,,
11.56,0.00022991395546115507,xdot,,
11.565,0.00023094760597460438,xdot,,
11.57,0.00023174595260623752,xdot,,
11.575000000000001,0.00023230819184197853,xdot,,
11.58,0.0002326343738144777,xdot,,
11.585,0.00023272539030702005,xdot,,
11.59,0.0002325829648380719,xdot,,
11.595,0.00023220963631436663,xdot,,
11.6,0.00023160874318240105,xdot,,
11.605,0.00023078440126223502,xdot,,
11.61,0.0002297414825735009,xdot,,
11.615,0.0002284855890218669,xdot,,
11.620000000000001,0.00022702302588279336,xdot,,
11.625,0.00022536077098257902,xdot,,
11.63,0.00022350644347836126,xdot,,
11.635,0.00022146827044062858,xdot,,
11.64,0.00021925504924605088,xdot,,
11.645,0.00021687611093743983,xdot,,
11.65,0.000214341284357516,xdot,,
11.655,0.00021166085089040798,xdot,,
11.66,0.0002088455061370354,xdot,,
11.665000000000001,0.00020590631688175467,xdot,,
11.67,0.0002028546782743496,xdot,,
11.675,0.00019970226834944098,xdot,,
11.68,0.00019646100421182334,xdot,,
11.685,0.00019314299662828068,xdot,,
11.69,0.000189760505933222,xdot,,
11.695,0.00018632589580088363,xdot,,
11.700000000000001,0.0001828515859937738,xdot,,
11.705,0.00017935001188378028,xdot,,
11.71,0.00017583357535610068,xdot,,
11.715,0.00017231460478149172,xdot,,
11.72,0.00016880530744549317,xdot,,
11.725,0.00016531773259358858,xdot,,
11.73,0.00016186372464135538,xdot,,
11.735,0.00015845488654418126,xdot,,
11.74,0.00015510253855423258,xdot,,
11.745000000000001,0.00015181768436123289,xdot,,
11.75,0.00014861096975471864,xdot,,
11.755,0.00014549265295975652,xdot,,
11.76,0.0001424725697312973,xdot,,
11.765,0.0001395601036691003,xdot,,
11.77,0.00013676415692674576,xdot,,
11.775,0.0001340931219287529,xdot,,
11.78,0.000131554860277981,xdot,,
11.785,0.0001291566755400351,xdot,,
11.790000000000001,0.00012690529793773524,xdot,,
11.795,0.00012480686226167388,xdot,,
11.8,0.00012286689435464496,xdot,,
11.805,0.00012109029705880963,xdot,,
11.81,0.00011948133880942743,xdot,,
11.815,0.0001180436456305166,xdot,,
11.82,0.00011678019458628378,xdot,,
11.825000000000001,0.00011569331023890471,xdot,,
11.83,0.0001147846631438563,xdot,,
11.835,0.00011405526896419135,xdot,,
11.84,0.00011350549461981599,xdot,,
11.845,0.00011313506203282836,xdot,,
11.85,0.00011294305434928304,xdot,,
11.855,0.00011292792981889421,xdot,,
11.86,0.00011308753060499467,xdot,,
11.865,0.00011341909759170964,xdot,,
11.870000000000001,0.00011391928636005316,xdot,,
11.875,0.00011458418643344465,xdot,,
11.88,0.00011540933954656875,xdot,,
11.885,0.00011638976207573325,xdot,,
11.89,0.00011751996858311303,xdot,,
11.895,0.00011879399672367553,xdot,,
11.9,0.00012020543263444367,xdot,,
11.905,0.00012174743920316728,xdot,,
11.91,0.00012341278392947696,xdot,,
11.915000000000001,0.00012519386993553637,xdot,,
11.92,0.0001270827684265277,xdot,,
11.925,0.00012907124532823047,xdot,,
11.93,0.00013115080033193868,xdot,,
11.935,0.00013331269518677565,xdot,,
11.94,0.0001355479899289875,xdot,,
11.945,0.00013784757462314762,xdot,,
11.950000000000001,0.00014020220736768316,xdot,,
11.955,0.00014260254475027004,xdot,,
11.96,0.00014503917924436606,xdot,,
11.965,0.00014750266989378637,xdot,,
11.97,0.00014998358202815122,xdot,,
11.975,0.00015247251476138398,xdot,,
11.98,0.00015496013871413953,xdot,,
11.985,0.00015743722566788606,xdot,,
11.99,0.00015989468279494333,xdot,,
11.995000000000001,0.00016232358271764974,xdot,,
12.0,0.00016471519222615124,xdot,,
12.005,0.00016706100476929607,xdot,,
12.01,0.0001693527644261197,xdot,,
12.015,0.0001715824962293779,xdot,,
12.02,0.0001737425299796529,xdot,,
12.025,0.00017582552430175837,xdot,,
12.030000000000001,0.0001778244903504868,xdot,,
12.035,0.0001797328140266365,xdot,,
12.040000000000001,0.00018154427193161135,xdot,,
12.045,0.00018325305277677468,xdot,,
12.05,0.00018485377415336724,xdot,,
12.055,0.00018634149517107707,xdot,,
12.06,0.00018771173025016347,xdot,,
12.065,0.0001889604616270787,xdot,,
12.07,0.0001900841460180091,xdot,,
12.075000000000001,0.00019107972606988727,xdot,,
12.08,0.00019194463300102092,xdot,,
12.085,0.00019267679137979231,xdot,,
12.09,0.00019327462315549358,xdot,,
12.095,0.0001937370469102493,xdot,,
12.1,0.00019406347564606373,xdot,,
12.105,0.00019425381337158615,xdot,,
12.11,0.0001943084542816377,xdot,,
12.115,0.00019422827167042732,xdot,,
12.120000000000001,0.0001940146112451398,xdot,,
12.125,0.00019366928277175926,xdot,,
12.13,0.00019319454613113768,xdot,,
12.135,0.00019259310164373956,xdot,,
12.14,0.00019186807301374475,xdot,,
12.145,0.0001910229944073345,xdot,,
12.15,0.0001900617905543249,xdot,,
12.155000000000001,0.00018898876060084938,xdot,,
12.16,0.00018780855921041262,xdot,,
12.165000000000001,0.00018652617478661287,xdot,,
12.17,0.0001851469090649547,xdot,,
12.175,0.0001836763537401848,xdot,,
12.18,0.00018212036931916718,xdot,,
12.185,0.00018048506099918477,xdot,,
12.19,0.00017877675269888172,xdot,,
12.195,0.00017700196282507963,xdot,,
12.200000000000001,0.00017516738051534647,xdot,,
12.205,0.0001732798383869404,xdot,,
12.21,0.000171346286993739,xdot,,
12.215,0.00016937376841893596,xdot,,
12.22,0.0001673693900750789,xdot,,
12.225,0.00016534030105400438,xdot,,
12.23,0.00016329366214784283,xdot,,
12.235,0.00016123662387306382,xdot,,
12.24,0.0001591762981399079,xdot,,
12.245000000000001,0.0001571197343816292,xdot,,
12.25,0.0001550738963440166,xdot,,
12.255,0.00015304563494768428,xdot,,
12.26,0.00015104166943306183,xdot,,
12.265,0.00014906855979802933,xdot,,
12.27,0.00014713269055713026,xdot,,
12.275,0.0001452402433077607,xdot,,
12.280000000000001,0.00014339718131223933,xdot,,
12.285,0.0001416092308067848,xdot,,
12.290000000000001,0.00013988185986424067,xdot,,
12.295,0.00013822026614121203,xdot,,
12.3,0.00013662935316033383,xdot,,
12.305,0.00013511372475553357,xdot,,
12.31,0.0001336776658498601,xdot,,
12.315,0.00013232513706167533,xdot,,
12.32,0.00013105975512450824,xdot,,
12.325000000000001,0.00012988478858148267,xdot,,
12.33,0.00012880314960951407,xdot,,
12.335,0.00012781738663081163,xdot,,
12.34,0.00012692968098110632,xdot,,
12.345,0.00012614184058093705,xdot,,
12.35,0.0001254552951025479,xdot,,
12.355,0.00012487110304484062,xdot,,
12.36,0.0001243899444668675,xdot,,
12.365,0.00012401212134847004,xdot,,
12.370000000000001,0.00012373756753241048,xdot,,
12.375,0.00012356584946582381,xdot,,
12.38,0.00012349616839295964,xdot,,
12.385,0.00012352737214716824,xdot,,
12.39,0.00012365795933522123,xdot,,
12.395,0.00012388609167728932,xdot,,
12.4,0.00012420959967743842,xdot,,
12.405000000000001,0.00012462599980432042,xdot,,
12.41,0.00012513249825229302,xdot,,
12.415000000000001,0.0001257260126543664,xdot,,
12.42,0.00012640318230121113,xdot,,
12.425,0.0001271603828639185,xdot,,
12.43,0.00012799374257308965,xdot,,
12.435,0.00012889915849425155,xdot,,
12.44,0.00012987231479054243,xdot,,
12.445,0.0001309086967384272,xdot,,
12.450000000000001,0.0001320036152165189,xdot,,
12.455,0.00013315221964683532,xdot,,
12.46,0.0001343495180680238,xdot,,
12.465,0.0001355904006001287,xdot,,
12.47,0.00013686965240925644,xdot,,
12.475,0.0001381819764276967,xdot,,
12.48,0.00013952201467553092,xdot,,
12.485,0.0001408843709548692,xdot,,
12.49,0.00014226361913949494,xdot,,
12.495000000000001,0.0001436543346466208,xdot,,
12.5,0.00014505110693271362,xdot,,
12.505,0.000146448565803973,xdot,,
12.51,0.0001478413873198557,xdot,,
12.515,0.0001492243288570303,xdot,,
12.52,0.00015059223017645945,xdot,,
12.525,0.0001519400475336818,xdot,,
12.530000000000001,0.0001532628564993495,xdot,,
12.535,0.00015455587671193242,xdot,,
12.540000000000001,0.00015581448411570878,xdot,,
12.545,0.0001570342270030698,xdot,,
12.55,0.00015821083743298346,xdot,,
12.555,0.00015934024973222083,xdot,,
12.56,0.00016041860589187818,xdot,,
12.565,0.00016144227655019857,xdot,,
12.57,0.00016240786219495635,xdot,,
12.575000000000001,0.000163312207005331,xdot,,
12.58,0.00016415240996688567,xdot,,
12.585,0.00016492582655956036,xdot,,
12.59,0.0001656300827830316,xdot,,
12.595,0.0001662630724582432,xdot,,
12.6,0.00016682297101653815,xdot,,
12.605,0.00016730822947473993,xdot,,
12.61,0.00016771758501177332,xdot,,
12.615,0.00016805006125972146,xdot,,
12.620000000000001,0.0001683049631812547,xdot,,
12.625,0.000168481882059609,xdot,,
12.63,0.0001685806926765918,xdot,,
12.635,0.0001686015490752821,xdot,,
12.64,0.00016854488475955614,xdot,,
12.645,0.00016841140445679774,xdot,,
12.65,0.00016820207903970002,xdot,,
12.655000000000001,0.0001679181421680857,xdot,,
12.66,0.00016756108050040023,xdot,,
12.665000000000001,0.00016713262526376572,xdot,,
12.67,0.00016663474755738777,xdot,,
12.675,0.00016606964229358155,xdot,,
12.68,0.00016543972487378776,xdot,,
12.685,0.0001647476160986237,xdot,,
12.69,0.00016399613141380678,xdot,,
12.695,0.00016318826659336558,xdot,,
12.700000000000001,0.00016232719277722114,xdot,,
12.705,0.0001614162329748254,xdot,,
12.71,0.0001604588576720861,xdot,,
12.715,0.0001594586613249805,xdot,,
12.72,0.00015841936084675027,xdot,,
12.725,0.00015734476796032922,xdot,,
12.73,0.00015623878466082802,xdot,,
12.735,0.00015510538133992706,xdot,,
12.74,0.00015394858657559636,xdot,,
12.745000000000001,0.0001527724696757959,xdot,,
12.75,0.0001515811265437153,xdot,,
12.755,0.00015037866412770165,xdot,,
12.76,0.00014916918563783645,xdot,,
12.765,0.00014795677870993088,xdot,,
12.77,0.000146745496563549,xdot,,
12.775,0.00014553934616442124,xdot,,
12.780000000000001,0.000144342275251116,xdot,,
12.785,0.00014315815465944318,xdot,,
12.790000000000001,0.00014199077431705125,xdot,,
12.795,0.00014084381830207796,xdot,,
12.8,0.00013972086397566336,xdot,,
12.805,0.00013862536125803905,xdot,,
12.81,0.0001375606298371226,xdot,,
12.815,0.00013652984212512775,xdot,,
12.82,0.00013553601879385694,xdot,,
12.825000000000001,0.0001345820138214093,xdot,,
12.83,0.0001336705121890515,xdot,,
12.835,0.0001328040169126894,xdot,,
12.84,0.00013198484715593923,xdot,,
12.845,0.0001312151225147663,xdot,,
12.85,0.0001304967709211701,xdot,,
12.855,0.00012983151397862294,xdot,,
12.86,0.0001292208650424572,xdot,,
12.865,0.0001286661276546453,xdot,,
12.870000000000001,0.0001281683915672605,xdot,,
12.875,0.00012772853276449072,xdot,,
12.88,0.0001273472094985598,xdot,,
12.885,0.0001270248673818167,xdot,,
12.89,0.00012676173586802448,xdot,,
12.895,0.000126557827660268,xdot,,
12.9,0.0001264129504425886,xdot,,
12.905000000000001,0.0001263266970141996,xdot,,
12.91,0.00012629845950542357,xdot,,
12.915000000000001,0.0001263274275831343,xdot,,
12.92,0.00012641259588252129,xdot,,
12.925,0.00012655277039985002,xdot,,
12.93,0.00012674657213941889,xdot,,
12.935,0.00012699244598858957,xdot,,
12.94,0.00012728866825505408,xdot,,
12.945,0.00012763335243338935,xdot,,
12.950000000000001,0.0001280244595163492,xdot,,
12.955,0.00012845980841948601,xdot,,
12.96,0.00012893708117078144,xdot,,
12.965,0.00012945383561155957,xdot,,
12.97,0.0001300075150722235,xdot,,
12.975,0.00013059545704452127,xdot,,
12.98,0.0001312149089339047,xdot,,
12.985,0.00013186302825463498,xdot,,
12.99,0.00013253690611934546,xdot,,
12.995000000000001,0.0001332335723865125,xdot,,
13.0,0.0001339500038582209,xdot,,
13.005,0.00013468314240727477,xdot,,
13.01,0.00013542990014010317,xdot,,
13.015,0.00013618717585777614,xdot,,
13.02,0.0001369518627105677,xdot,,
13.025,0.00013772085902400075,xdot,,
13.030000000000001,0.00013849108324525138,xdot,,
13.035,0.0001392594815666935,xdot,,
13.040000000000001,0.0001400230400524254,xdot,,
13.045,0.00014077879303244872,xdot,,
13.05,0.0001415238337381883,xdot,,
13.055,0.0001422553276676603,xdot,,
13.06,0.000142970514730552,xdot,,
13.065,0.0001436667250109382,xdot,,
13.07,0.00014434138610671694,xdot,,
13.075000000000001,0.00014499202826533054,xdot,,
13.08,0.0001456162942031227,xdot,,
13.085,0.00014621194537871556,xdot,,
13.09,0.00014677687137860482,xdot,,
13.095,0.0001473090939890666,xdot,,
13.1,0.0001478067710269556,xdot,,
13.105,0.00014826820391022685,xdot,,
13.11,0.00014869184258421554,xdot,,
13.115,0.00014907629032533798,xdot,,
13.120000000000001,0.00014942030095292688,xdot,,
13.125,0.0001497227909146433,xdot,,
13.13,0.0001499828348400564,xdot,,
13.135,0.00015019966761117978,xdot,,
13.14,0.00015037268874099524,xdot,,
13.145,0.00015050145900004098,xdot,,
13.15,0.00015058570407943777,xdot,,
13.155000000000001,0.00015062530952198475,xdot,,
13.16,0.00015062032542984623,xdot,,
13.165000000000001,0.00015057095902673524,xdot,,
13.17,0.0001504775703196576,xdot,,
13.175,0.00015034067909285473,xdot,,
13.18,0.00015016095366724038,xdot,,
13.185,0.00014993920440032062,xdot,,
13.19,0.0001496763890147536,xdot,,
13.195,0.00014937359958575272,xdot,,
13.200000000000001,0.00014903205929739767,xdot,,
13.205,0.0001486531159237586,xdot,,
13.21,0.00014823823864479755,xdot,,
13.215,0.00014778901052005694,xdot,,
13.22,0.00014730711943945868,xdot,,
13.225,0.00014679435060538633,xdot,,
13.23,0.00014625258509752694,xdot,,
13.235,0.000145683782756118,xdot,,
13.24,0.0001450899835626447,xdot,,
13.245000000000001,0.00014447329324558891,xdot,,
13.25,0.00014383587712902057,xdot,,
13.255,0.0001431799560066295,xdot,,
13.26,0.0001425077873401722,xdot,,
13.265,0.00014182166571310225,xdot,,
13.27,0.0001411239133432447,xdot,,
13.275,0.00014041686721112974,xdot,,
13.280000000000001,0.00013970287259156523,xdot,,
13.285,0.0001389842762284508,xdot,,
13.290000000000001,0.0001382634170620777,xdot,,
13.295,0.0001375426163301762,xdot,,
13.3,0.00013682417060039372,xdot,,
13.305,0.00013611034445356807,xdot,,
13.31,0.0001354033628027734,xdot,,
13.315,0.00013470540108279062,xdot,,
13.32,0.0001340185818105666,xdot,,
13.325000000000001,0.00013334496389687896,xdot,,
13.33,0.00013268653779266784,xdot,,
13.335,0.0001320452190446487,xdot,,
13.34,0.00013142284211723387,xdot,,
13.345,0.00013082115386233107,xdot,,
13.35,0.00013024181122383045,xdot,,
13.355,0.00012968636871493492,xdot,,
13.36,0.00012915628678981513,xdot,,
13.365,0.00012865291411118796,xdot,,
13.370000000000001,0.00012817749129764467,xdot,,
13.375,0.00012773114730413836,xdot,,
13.38,0.00012731489500704808,xdot,,
13.385,0.00012692962903414784,xdot,,
13.39,0.00012657612332361682,xdot,,
13.395,0.00012625503183133062,xdot,,
13.4,0.00012596688597560864,xdot,,
13.405000000000001,0.00012571209401188594,xdot,,
13.41,0.00012549094105028733,xdot,,
13.415000000000001,0.00012530358714411098,xdot,,
13.42,0.00012515007464668784,xdot,,
13.425,0.0001250303183395048,xdot,,
13.43,0.00012494412112829263,xdot,,
13.435,0.00012489116193186963,xdot,,
13.44,0.00012487100902562327,xdot,,
13.445,0.00012488311606802474,xdot,,
13.450000000000001,0.00012492682945987427,xdot,,
13.455,0.00012500138768440798,xdot,,
13.46,0.0001251059264155454,xdot,,
13.465,0.0001252394893843347,xdot,,
13.47,0.00012540102148911775,xdot,,
13.475,0.00012558938190022543,xdot,,
13.48,0.00012580334548810862,xdot,,
13.485,0.00012604160854452363,xdot,,
13.49,0.000126302797118647,xdot,,
13.495000000000001,0.00012658546617271875,xdot,,
13.5,0.00012688811317601367,xdot,,
13.505,0.0001272091787382125,xdot,,
13.51,0.0001275470550016707,xdot,,
13.515,0.00012790009100374286,xdot,,
13.52,0.00012826660059587952,xdot,,
13.525,0.00012864486620574358,xdot,,
13.530000000000001,0.00012903314696237862,xdot,,
13.535,0.00012942968606209816,xdot,,
13.540000000000001,0.0001298327163972784,xdot,,
13.545,0.00013024046549593425,xdot,,
13.55,0.00013065116236896964,xdot,,
13.555,0.00013106304811507836,xdot,,
13.56,0.00013147437557873898,xdot,,
13.565,0.0001318834184248615,xdot,,
13.57,0.00013228847852985568,xdot,,
13.575000000000001,0.00013268788907255653,xdot,,
13.58,0.0001330800226041184,xdot,,
13.585,0.0001334632935585718,xdot,,
13.59,0.00013383616663201935,xdot,,
13.595,0.00013419716156344339,xdot,,
13.6,0.0001345448528897574,xdot,,
13.605,0.00013487787978422867,xdot,,
13.61,0.0001351949491553551,xdot,,
13.615,0.00013549483968507725,xdot,,
13.620000000000001,0.000135776402319181,xdot,,
13.625,0.00013603856730050654,xdot,,
13.63,0.00013628034539783315,xdot,,
13.635,0.00013650083153277722,xdot,,
13.64,0.00013669920544284343,xdot,,
13.645,0.00013687473684674867,xdot,,
13.65,0.000137026783217016,xdot,,
13.655000000000001,0.0001371547935016093,xdot,,
13.66,0.00013725830844006393,xdot,,
13.665000000000001,0.0001373369610177585,xdot,,
13.67,0.0001373904785465075,xdot,,
13.675,0.00013741868014973587,xdot,,
13.68,0.00013742147875587743,xdot,,
13.685,0.00013739887679096926,xdot,,
13.69,0.0001373509713069517,xdot,,
13.695,0.00013727794568833213,xdot,,
13.700000000000001,0.00013718007119500677,xdot,,
13.705,0.00013705770898872195,xdot,,
13.71,0.00013691129940100416,xdot,,
13.715,0.00013674136606801844,xdot,,
13.72,0.00013654851193703032,xdot,,
13.725,0.00013633341512639337,xdot,,
13.73,0.00013609682731958558,xdot,,
13.735,0.0001358395660066709,xdot,,
13.74,0.00013556251750189132,xdot,,
13.745000000000001,0.00013526662629287858,xdot,,
13.75,0.00013495289948513338,xdot,,
13.755,0.00013462239115811706,xdot,,
13.76,0.00013427620738724606,xdot,,
13.765,0.00013391550073567595,xdot,,
13.77,0.00013354146007864975,xdot,,
13.775,0.00013315531091834308,xdot,,
13.780000000000001,0.0001327583105240517,xdot,,
13.785,0.0001323517378008606,xdot,,
13.790000000000001,0.00013193689564257403,xdot,,
13.795,0.00013151510361965741,xdot,,
13.8,0.00013108768721638227,xdot,,
13.805,0.0001306559839178294,xdot,,
13.81,0.00013022132950762894,xdot,,
13.815,0.00012978505605440663,xdot,,
13.82,0.00012934848948797145,xdot,,
13.825000000000001,0.00012891293937185747,xdot,,
13.83,0.0001284797039015225,xdot,,
13.835,0.00012805005062770734,xdot,,
13.84,0.00012762522933041514,xdot,,
13.845,0.00012720645388784594,xdot,,
13.85,0.0001267949080855567,xdot,,
13.855,0.0001263917347075055,xdot,,
13.86,0.00012599803409247233,xdot,,
13.865,0.00012561486314974365,xdot,,
13.870000000000001,0.00012524322832707275,xdot,,
13.875,0.0001248840866401836,xdot,,
13.88,0.0001245383398270118,xdot,,
13.885,0.00012420682981124394,xdot,,
13.89,0.00012389034142127177,xdot,,
13.895,0.00012358959802158257,xdot,,
13.9,0.00012330525873239113,xdot,,
13.905000000000001,0.00012303791573120755,xdot,,
13.91,0.00012278809485039935,xdot,,
13.915000000000001,0.00012255625566109972,xdot,,
13.92,0.0001223427854689522,xdot,,
13.925,0.00012214800688772366,xdot,,
13.93,0.00012197216819894219,xdot,,
13.935,0.00012181544989084726,xdot,,
13.94,0.00012167796223865506,xdot,,
13.945,0.00012155974593891038,xdot,,
13.950000000000001,0.00012146077299223609,xdot,,
13.955,0.00012138094550698844,xdot,,
13.96,0.00012132009912994477,xdot,,
13.965,0.00012127800330354052,xdot,,
13.97,0.00012125436539841587,xdot,,
13.975,0.00012124882652523636,xdot,,
13.98,0.00012126097044137446,xdot,,
13.985,0.00012129032101318885,xdot,,
13.99,0.00012133634660277744,xdot,,
13.995000000000001,0.00012139846148970122,xdot,,
14.0,0.00012147602931275058,xdot,,
14.005,0.00012156836519805734,xdot,,
14.01,0.00012167473986089508,xdot,,
14.015,0.00012179437998772208,xdot,,
14.02,0.00012192647596810316,xdot,,
14.025,0.0001220701805133654,xdot,,
14.030000000000001,0.00012222461489746808,xdot,,
14.035,0.0001223888717217671,xdot,,
14.040000000000001,0.00012256201767712796,xdot,,
14.045,0.00012274309934464796,xdot,,
14.05,0.00012293114554601372,xdot,,
14.055,0.0001231251676037302,xdot,,
14.06,0.00012332417086454825,xdot,,
14.065,0.00012352715112143626,xdot,,
14.07,0.0001237331004446398,xdot,,
14.075000000000001,0.00012394101270318402,xdot,,
14.08,0.00012414988651472767,xdot,,
14.085,0.00012435872478039751,xdot,,
14.09,0.00012456654487124345,xdot,,
14.095,0.0001247723757892875,xdot,,
14.1,0.00012497526660529856,xdot,,
14.105,0.00012517428441286482,xdot,,
14.11,0.00012536852405489445,xdot,,
14.115,0.00012555710442017047,xdot,,
14.120000000000001,0.00012573917638158502,xdot,,
14.125,0.00012591392171248808,xdot,,
14.13,0.00012608055692923712,xdot,,
14.135,0.00012623833830810232,xdot,,
14.14,0.00012638656003888978,xdot,,
14.145,0.00012652455975132736,xdot,,
14.15,0.0001266517178899831,xdot,,
14.155000000000001,0.0001267674582427194,xdot,,
14.16,0.0001268712586307409,xdot,,
14.165000000000001,0.00012696263790808456,xdot,,
14.17,0.00012704116783323672,xdot,,
14.175,0.00012710647056043647,xdot,,
14.18,0.00012715822131196218,xdot,,
14.185,0.00012719614403362907,xdot,,
14.19,0.00012722001839067417,xdot,,
14.195,0.00012722967500140297,xdot,,
14.200000000000001,0.00012722499813259697,xdot,,
14.205,0.00012720592570100462,xdot,,
14.21,0.00012717244303343564,xdot,,
14.215,0.00012712459418970368,xdot,,
14.22,0.00012706246973111902,xdot,,
14.225,0.0001269862115172882,xdot,,
14.23,0.00012689601034433185,xdot,,
14.235,0.00012679210677742021,xdot,,
14.24,0.00012667478532670513,xdot,,
14.245000000000001,0.0001265443779210476,xdot,,
14.25,0.00012640125780227903,xdot,,
14.255,0.00012624584135201682,xdot,,
14.26,0.00012607858304087077,xdot,,
14.265,0.00012589997739505758,xdot,,
14.27,0.00012571055197726458,xdot,,
14.275,0.00012551086893847834,xdot,,
14.280000000000001,0.00012530152010789008,xdot,,
14.285,0.0001250831278254477,xdot,,
14.290000000000001,0.00012485633627277995,xdot,,
14.295,0.0001246218187207242,xdot,,
14.3,0.00012438026206844073,xdot,,
14.305,0.0001241323785009156,xdot,,
14.31,0.00012387888978241014,xdot,,
14.315,0.00012362053285483465,xdot,,
14.32,0.00012335805261187938,xdot,,
14.325000000000001,0.0001230922033220413,xdot,,
14.33,0.00012282373967580437,xdot,,
14.335,0.00012255342136835928,xdot,,
14.34,0.00012228200377487183,xdot,,
14.345,0.00012201024304968187,xdot,,
14.35,0.00012173888346026274,xdot,,
14.355,0.00012146866240546732,xdot,,
14.36,0.00012120030539503728,xdot,,
14.365,0.00012093452326993909,xdot,,
14.370000000000001,0.00012067200987189382,xdot,,
14.375,0.00012041344106075023,xdot,,
14.38,0.00012015947121825314,xdot,,
14.385,0.00011991073203706598,xdot,,
14.39,0.00011966782895848843,xdot,,
14.395,0.00011943134009344931,xdot,,
14.4,0.00011920181576253356,xdot,,
14.405000000000001,0.00011897977623111454,xdot,,
14.41,0.00011876570658316644,xdot,,
14.415000000000001,0.00011856006113999076,xdot,,
14.42,0.00011836325776879832,xdot,,
14.425,0.00011817568020777844,xdot,,
14.43,0.00011799767357413844,xdot,,
14.435,0.00011782954675205167,xdot,,
14.44,0.00011767157103912673,xdot,,
14.445,0.00011752397526023113,xdot,,
14.450000000000001,0.00011738695145932163,xdot,,
14.455,0.00011726065094667349,xdot,,
14.46,0.00011714518815939538,xdot,,
14.465,0.00011704063373351628,xdot,,
14.47,0.00011694701994211651,xdot,,
14.475,0.00011686434274108692,xdot,,
14.48,0.00011679255455577869,xdot,,
14.485,0.0001167315734096803,xdot,,
14.49,0.00011668127731550388,xdot,,
14.495000000000001,0.00011664150857097815,xdot,,
14.5,0.00011661207490539378,xdot,,
14.505,0.00011659274790064919,xdot,,
14.51,0.00011658326698801884,xdot,,
14.515,0.00011658333856289443,xdot,,
14.52,0.0001165926369333282,xdot,,
14.525,0.00011661081043598461,xdot,,
14.530000000000001,0.00011663747578107132,xdot,,
14.535,0.00011667222744717901,xdot,,
14.540000000000001,0.00011671463246466299,xdot,,
14.545,0.00011676423610340151,xdot,,
14.55,0.00011682056684893476,xdot,,
14.555,0.00011688312824352136,xdot,,
14.56,0.00011695141149949272,xdot,,
14.565,0.00011702489039626011,xdot,,
14.57,0.00011710302765121067,xdot,,
14.575000000000001,0.00011718527629525084,xdot,,
14.58,0.00011727107790831028,xdot,,
14.585,0.00011735986947949591,xdot,,
14.59,0.000117451082029368,xdot,,
14.595,0.00011754414826982025,xdot,,
14.6,0.00011763849549830164,xdot,,
14.605,0.00011773355514350433,xdot,,
14.61,0.00011782876146943679,xdot,,
14.615,0.0001179235577638704,xdot,,
14.620000000000001,0.0001180173902253856,xdot,,
14.625,0.00011810971763720762,xdot,,
14.63,0.00011820001030195056,xdot,,
14.635,0.00011828774891864051,xdot,,
14.64,0.00011837243282425064,xdot,,
14.645,0.00011845357541637523,xdot,,
14.65,0.00011853070731032891,xdot,,
14.655000000000001,0.000118603381498636,xdot,,
14.66,0.0001186711704129745,xdot,,
14.665000000000001,0.00011873366846319982,xdot,,
14.67,0.00011879049396409389,xdot,,
14.675,0.00011884128988350804,xdot,,
14.68,0.00011888572343279141,xdot,,
14.685,0.00011892349171975694,xdot,,
14.69,0.0001189543139982911,xdot,,
14.695,0.00011897794141318044,xdot,,
14.700000000000001,0.00011899415322508042,xdot,,
14.705,0.00011900275720795714,xdot,,
14.71,0.00011900359159520478,xdot,,
14.715,0.00011899652201984976,xdot,,
14.72,0.00011898144502315455,xdot,,
14.725,0.00011895828954263098,xdot,,
14.73,0.00011892700963803247,xdot,,
14.735,0.00011888759337053488,xdot,,
14.74,0.00011884005539585662,xdot,,
14.745000000000001,0.00011878443926575236,xdot,,
14.75,0.00011872081890910977,xdot,,
14.755,0.0001186492958352381,xdot,,
14.76,0.00011856999827168202,xdot,,
14.765,0.00011848308021854388,xdot,,
14.77,0.00011838872357378852,xdot,,
14.775,0.00011828713476641049,xdot,,
14.780000000000001,0.0001181785419433968,xdot,,
14.785,0.00011806319653544151,xdot,,
14.790000000000001,0.00011794137366922431,xdot,,
14.795,0.00011781336631746683,xdot,,
14.8,0.00011767948846849621,xdot,,
14.805,0.00011754007014469221,xdot,,
14.81,0.0001173954597701031,xdot,,
14.815,0.00011724601805641703,xdot,,
14.82,0.00011709212189398823,xdot,,
14.825000000000001,0.00011693415990098541,xdot,,
14.83,0.0001167725295400955,xdot,,
14.835,0.00011660763756384577,xdot,,
14.84,0.00011643990019974113,xdot,,
14.845,0.00011626973658792033,xdot,,
14.85,0.0001160975736705815,xdot,,
14.855,0.00011592383710313595,xdot,,
14.86,0.00011574895686937234,xdot,,
14.865,0.00011557336042461722,xdot,,
14.870000000000001,0.00011539747566835078,xdot,,
14.875,0.00011522172423855148,xdot,,
14.88,0.00011504652593991972,xdot,,
14.885,0.00011487229266355604,xdot,,
14.89,0.00011469942761502017,xdot,,
14.895,0.00011452832560566011,xdot,,
14.9,0.00011435937264074901,xdot,,
14.905000000000001,0.00011419294036006023,xdot,,
14.91,0.000114029392105279,xdot,,
14.915000000000001,0.0001138690721484733,xdot,,
14.92,0.00011371231029314052,xdot,,
14.925,0.00011355942372388782,xdot,,
14.93,0.00011341070903101814,xdot,,
14.935,0.00011326644773685876,xdot,,
14.94,0.00011312690031595883,xdot,,
14.945,0.0001129923070899047,xdot,,
14.950000000000001,0.00011286289171066804,xdot,,
14.955,0.00011273885545523308,xdot,,
14.96,0.00011262037583593485,xdot,,
14.965,0.0001125076112786575,xdot,,
14.97,0.00011240069886153064,xdot,,
14.975,0.00011229975232868576,xdot,,
14.98,0.0001122048615255016,xdot,,
14.985,0.00011211609662871086,xdot,,
14.99,0.00011203350628475783,xdot,,
14.995000000000001,0.0001119571132126302,xdot,,
15.0,0.00011188691654933353,xdot,,
15.005,0.00011182290042704822,xdot,,
15.01,0.0001117650200472019,xdot,,
15.015,0.00011171321423452245,xdot,,
15.02,0.00011166740082051813,xdot,,
15.025,0.00011162747526742121,xdot,,
15.030000000000001,0.0001115933093569501,xdot,,
15.035,0.00011156476690827562,xdot,,
15.040000000000001,0.00011154168093020315,xdot,,
15.045,0.00011152387698864866,xdot,,
15.05,0.00011151115661659796,xdot,,
15.055,0.0001115033091734274,xdot,,
15.06,0.00011150010731585977,xdot,,
15.065,0.00011150130984456643,xdot,,
15.07,0.00011150666320245602,xdot,,
15.075000000000001,0.00011151590256387376,xdot,,
15.08,0.0001115287568391868,xdot,,
15.085,0.00011154493260902683,xdot,,
15.09,0.00011156413715318432,xdot,,
15.095,0.00011158606962223849,xdot,,
15.1,0.00011161042109075055,xdot,,
15.105,0.00011163687887494305,xdot,,
15.11,0.00011166512663684363,xdot,,
15.115,0.00011169484256305026,xdot,,
15.120000000000001,0.00011172570766130251,xdot,,
15.125,0.00011175739364476622,xdot,,
15.13,0.00011178958352854677,xdot,,
15.135,0.00011182195491215849,xdot,,
15.14,0.0001118541947391282,xdot,,
15.145,0.0001118859865962013,xdot,,
15.15,0.00011191702489463519,xdot,,
15.155000000000001,0.000111947007587571,xdot,,
15.16,0.00011197564217108443,xdot,,
15.165000000000001,0.00011200264318061252,xdot,,
15.17,0.00011202773061084755,xdot,,
15.175,0.00011205064032439529,xdot,,
15.18,0.00011207111737313106,xdot,,
15.185,0.00011208891339093865,xdot,,
15.19,0.00011210379828437356,xdot,,
15.195,0.0001121155564780521,xdot,,
15.200000000000001,0.00011212397607855134,xdot,,
15.205,0.00011212887152448156,xdot,,
15.21,0.00011213006515518488,xdot,,
15.215,0.00011212739709023142,xdot,,
15.22,0.00011212071939267213,xdot,,
15.225,0.00011210990584365748,xdot,,
15.23,0.00011209484297880976,xdot,,
15.235,0.00011207543463747355,xdot,,
15.24,0.00011205159922709661,xdot,,
15.245000000000001,0.0001120232797914794,xdot,,
15.25,0.00011199042806733859,xdot,,
15.255,0.00011195301162603335,xdot,,
15.26,0.00011191102294604158,xdot,,
15.265,0.00011186446504227282,xdot,,
15.27,0.00011181336041226948,xdot,,
15.275,0.00011175774109542721,xdot,,
15.280000000000001,0.00011169766490182556,xdot,,
15.285,0.00011163319873200583,xdot,,
15.290000000000001,0.0001115644294607031,xdot,,
15.295,0.00011149145183495085,xdot,,
15.3,0.00011141438047757057,xdot,,
15.305,0.00011133333930161624,xdot,,
15.31,0.00011124846666689374,xdot,,
15.315,0.00011115991683248815,xdot,,
15.32,0.00011106785104628157,xdot,,
15.325000000000001,0.0001109724402719459,xdot,,
15.33,0.00011087387108652227,xdot,,
15.335,0.00011077233796175689,xdot,,
15.34,0.00011066804065642821,xdot,,
15.345,0.00011056119410246681,xdot,,
15.35,0.00011045201100200628,xdot,,
15.355,0.00011034071402890817,xdot,,
15.36,0.00011022753676444302,xdot,,
15.365,0.00011011270876245013,xdot,,
15.370000000000001,0.00010999646801489952,xdot,,
15.375,0.00010987905052812146,xdot,,
15.38,0.00010976069987851355,xdot,,
15.385,0.00010964165701531623,xdot,,
15.39,0.00010952216383532497,xdot,,
15.395,0.00010940246016311477,xdot,,
15.4,0.00010928278787018652,xdot,,
15.405000000000001,0.0001091633795926185,xdot,,
15.41,0.00010904447256306853,xdot,,
15.415000000000001,0.00010892629227081075,xdot,,
15.42,0.00010880906534767192,xdot,,
15.425,0.00010869301028641936,xdot,,
15.43,0.00010857833833315021,xdot,,
15.435,0.00010846525322416436,xdot,,
15.44,0.00010835395404561783,xdot,,
15.445,0.00010824463014524558,xdot,,
15.450000000000001,0.00010813745827024877,xdot,,
15.455,0.0001080326120631885,xdot,,
15.46,0.00010793024724624297,xdot,,
15.465,0.00010783051926177929,xdot,,
15.47,0.00010773356284597037,xdot,,
15.475,0.0001076395110765858,xdot,,
15.48,0.00010754847393077031,xdot,,
15.485000000000001,0.00010746056019013296,xdot,,
15.49,0.00010737586406417119,xdot,,
15.495000000000001,0.00010729446104159824,xdot,,
15.5,0.00010721642131700607,xdot,,
15.505,0.00010714179576922026,xdot,,
15.51,0.00010707062757680938,xdot,,
15.515,0.00010700295085762483,xdot,,
15.52,0.00010693878005759497,xdot,,
15.525,0.0001068781160829443,xdot,,
15.530000000000001,0.00010682095452547767,xdot,,
15.535,0.0001067672714660235,xdot,,
15.540000000000001,0.00010671703871294072,xdot,,
15.545,0.00010667020717143128,xdot,,
15.55,0.00010662672569195305,xdot,,
15.555,0.00010658652617280343,xdot,,
15.56,0.00010654952755768414,xdot,,
15.565,0.00010651564555007197,xdot,,
15.57,0.000106484776062789,xdot,,
15.575000000000001,0.00010645681566509738,xdot,,
15.58,0.00010643164629796961,xdot,,
15.585,0.00010640914326915947,xdot,,
15.59,0.0001063891736542001,xdot,,
15.595,0.0001063715934571802,xdot,,
15.6,0.00010635625718939105,xdot,,
15.605,0.00010634300934799232,xdot,,
15.610000000000001,0.00010633169259702125,xdot,,
15.615,0.00010632213613383577,xdot,,
15.620000000000001,0.00010631417574291116,xdot,,
15.625,0.00010630763976963271,xdot,,
15.63,0.00010630234760586849,xdot,,
15.635,0.00010629812312115038,xdot,,
15.64,0.00010629478785906694,xdot,,
15.645,0.00010629215687282066,xdot,,
15.65,0.00010629005325441352,xdot,,
15.655000000000001,0.00010628829046295068,xdot,,
15.66,0.00010628669167055395,xdot,,
15.665000000000001,0.00010628508020746649,xdot,,
15.67,0.00010628327530784298,xdot,,
15.675,0.00010628110317754841,xdot,,
15.68,0.00010627839497903124,xdot,,
15.685,0.00010627498486215649,xdot,,
15.69,0.00010627070802818396,xdot,,
15.695,0.00010626541343047075,xdot,,
15.700000000000001,0.00010625894293287987,xdot,,
15.705,0.00010625115216892894,xdot,,
15.71,0.00010624190410424244,xdot,,
15.715,0.00010623106237820637,xdot,,
15.72,0.00010621850786262682,xdot,,
15.725,0.00010620412166227249,xdot,,
15.73,0.00010618779181529238,xdot,,
15.735000000000001,0.0001061694188339356,xdot,,
15.74,0.00010614891171321943,xdot,,
15.745000000000001,0.00010612618393430928,xdot,,
15.75,0.00010610115873119837,xdot,,
15.755,0.00010607377338445291,xdot,,
15.76,0.00010604397335288541,xdot,,
15.765,0.00010601170827981833,xdot,,
15.77,0.0001059769394912574,xdot,,
15.775,0.00010593964556391393,xdot,,
15.780000000000001,0.0001058998011553363,xdot,,
15.785,0.00010585739780341987,xdot,,
15.790000000000001,0.00010581243614716963,xdot,,
0.055,0.8878241617087396,envelope,,
0.06,0.8693153267578957,envelope,,
0.065,0.8750559532317199,envelope,,
0.07,0.8568952834914464,envelope,,
0.075,0.86491567360319,envelope,,
0.08,0.8472146841908084,envelope,,
0.085,0.8566165670309166,envelope,,
0.09,0.8394844522226359,envelope,,
0.095,0.8496668502205579,envelope,,
0.1,0.8332087742682528,envelope,,
0.105,0.8437513378949701,envelope,,
0.11,0.8280670429917977,envelope,,
0.115,0.8386659872572714,envelope,,
0.12,0.8238485562826031,envelope,,
0.125,0.8342792913838398,envelope,,
0.13,0.8204139978791432,envelope,,
0.135,0.8305082384901442,envelope,,
0.14,0.8176714632749172,envelope,,
0.145,0.827302618115988,envelope,,
0.15,0.8155608369394688,envelope,,
0.155,0.824634338244666,envelope,,
0.16,0.8140431987051572,envelope,,
0.165,0.8224898783263312,envelope,,
0.17,0.8130933916846785,envelope,,
0.17500000000000002,0.8208647840413316,envelope,,
0.18,0.8126946606073239,envelope,,
0.185,0.8197595460595665,envelope,,
0.19,0.8128347025153047,envelope,,
0.195,0.8191764580817573,envelope,,
0.2,0.8135027219600003,envelope,,
0.20500000000000002,0.8191172003660973,envelope,,
0.21,0.8146872313518609,envelope,,
0.215,0.8195809866364387,envelope,,
0.22,0.8163744268869387,envelope,,
0.225,0.8205631683259909,envelope,,
0.23,0.8185470251986292,envelope,,
0.23500000000000001,0.8220542240597082,envelope,,
0.24,0.8211834791995647,envelope,,
0.245,0.8240390822287859,envelope,,
0.25,0.8242575116521546,envelope,,
0.255,0.826496735562385,envelope,,
0.26,0.8277379169217621,envelope,,
0.265,0.8294001121188306,envelope,,
0.27,0.8315885883897391,envelope,,
0.275,0.8327161694060681,envelope,,
0.28,0.8357687332718863,envelope,,
0.28500000000000003,0.8364061790061025,envelope,,
0.29,0.8402332394940425,envelope,,
0.295,0.8404261692265365,envelope,,
0.3,0.8449331616974066,envelope,,
0.305,0.8447274936521094,envelope,,
0.31,0.8498162958899117,envelope,,
0.315,0.8492574944302195,envelope,,
0.32,0.8548278149682145,envelope,,
0.325,0.8539602308610342,envelope,,
0.33,0.8599109403663708,envelope,,
0.335,0.858777246358787,envelope,,
0.34,0.8650076283825423,envelope,,
0.34500000000000003,0.8636483499658579,envelope,,
0.35000000000000003,0.8700592531700018,envelope,,
0.355,0.8685123921277503,envelope,,
0.36,0.8750072718070746,envelope,,
0.365,0.8733080181456313,envelope,,
0.37,0.8797938601417706,envelope,,
0.375,0.8779743863969942,envelope,,
0.38,0.8843625111251784,envelope,,
0.385,0.8824518418745274,envelope,,
0.39,0.8886585900214052,envelope,,
0.395,0.886682538705722,envelope,,
0.4,0.8926298431639211,envelope,,
0.405,0.8906110079987667,envelope,,
0.41000000000000003,0.8962268588038028,envelope,,
0.41500000000000004,0.8941846695772089,envelope,,
0.42,0.8994034800751552,envelope,,
0.425,0.897354287917037,envelope,,
0.43,0.9021171712161062,envelope,,
0.435,0.9000743739131656,envelope,,
0.44,0.9043293389707263,envelope,,
0.445,0.9023035350231984,envelope,,
0.45,0.9060056116037286,envelope,,
0.455,0.9040047769190117,envelope,,
0.46,0.9071160782323917,envelope,,
0.465,0.9051457600780678,envelope,,
0.47000000000000003,0.9076354912619982,envelope,,
0.47500000000000003,0.9056990148201578,envelope,,
0.48,0.9075434346410424,envelope,,
0.485,0.9056421181901239,envelope,,
0.49,0.9068244604629021,envelope,,
0.495,0.9049578358441812,envelope,,
0.5,0.9054681961579213,envelope,,
0.505,0.9036342317499692,envelope,,
0.51,0.9034694241644569,envelope,,
0.515,0.9016647480844281,envelope,,
0.52,0.9008281355539787,envelope,,
0.525,0.8990482572280141,envelope,,
0.53,0.8975495586249651,envelope,,
0.535,0.8957890872220761,envelope,,
0.54,0.8936441629794263,envelope,,
0.545,0.8918970214868213,envelope,,
0.55,0.8891276390591901,envelope,,
0.555,0.8873872729956485,envelope,,
0.56,0.8840208525497801,envelope,,
0.5650000000000001,0.8822804324708546,envelope,,
0.5700000000000001,0.8783497724597128,envelope,,
0.5750000000000001,0.8766023895079131,envelope,,
0.58,0.8721453710570093,envelope,,
0.585,0.8703842248542505,envelope,,
0.59,0.8654434931982556,envelope,,
0.595,0.8636620713687345,envelope,,
0.6,0.8582846919299761,envelope,,
0.605,0.8564769404813319,envelope,,
0.61,0.8507140265945268,envelope,,
0.615,0.8488745102746552,envelope,,
0.62,0.8427808190604367,envelope,,
0.625,0.840904870649024,envelope,,
0.63,0.8345383631578394,envelope,,
0.635,0.8326222204487206,envelope,,
0.64,0.8260435819865449,envelope,,
0.645,0.8240845109755891,envelope,,
0.65,0.8173566275459239,envelope,,
0.655,0.8153530300687184,envelope,,
0.66,0.8085404171975004,envelope,,
0.665,0.806491920977316,envelope,,
0.67,0.7996601019143185,envelope,,
0.675,0.7975676307053375,envelope,,
0.68,0.7907824622069417,envelope,,
0.685,0.7886482834807429,envelope,,
0.6900000000000001,0.781975229158532,envelope,,
0.6950000000000001,0.7798029766216069,envelope,,
0.7000000000000001,0.773306330252193,envelope,,
0.705,0.7711009984448577,envelope,,
0.71,0.76484306270293,envelope,,
0.715,0.7626109710665201,envelope,,
0.72,0.756651200828491,envelope,,
0.725,0.7543999249898856,envelope,,
0.73,0.748794048539255,envelope,,
0.735,0.7465323171946572,envelope,,
0.74,0.7413314531205318,envelope,,
0.745,0.7390690098335658,envelope,,
0.75,0.7343188018186737,envelope,,
0.755,0.7320662322842959,envelope,,
0.76,0.7278060278945337,envelope,,
0.765,0.725574554727517,envelope,,
0.77,0.7218366572363527,envelope,,
0.775,0.7196379060449682,envelope,,
0.78,0.7164469297317102,envelope,,
0.785,0.7142926720136636,envelope,,
0.79,0.7116650308033511,envelope,,
0.795,0.7095669108934899,envelope,,
0.8,0.7075104673459509,envelope,,
0.805,0.7054797220744395,envelope,,
0.81,0.7039936184993236,envelope,,
0.8150000000000001,0.7020407992059812,envelope,,
0.8200000000000001,0.7011154852871135,envelope,,
0.8250000000000001,0.6992501922357024,envelope,,
0.8300000000000001,0.6988676544999406,envelope,,
0.835,0.6970982934551114,envelope,,
0.84,0.6972324819829753,envelope,,
0.845,0.6955660517408513,envelope,,
0.85,0.6961834896147852,envelope,,
0.855,0.6946254076887308,envelope,,
0.86,0.6956859597598318,envelope,,
0.865,0.6942399313653602,envelope,,
0.87,0.6956977018237419,envelope,,
0.875,0.6943656349843148,envelope,,
0.88,0.696169958532389,envelope,,
0.885,0.6949519257663909,envelope,,
0.89,0.6970484151923558,envelope,,
0.895,0.6959426600544123,envelope,,
0.9,0.6982742736281915,envelope,,
0.905,0.6972772585372956,envelope,,
0.91,0.6997853535573013,envelope,,
0.915,0.6988918439628227,envelope,,
0.92,0.7015171874214564,envelope,,
0.925,0.7007203664822192,envelope,,
0.93,0.7034040795448255,envelope,,
0.935,0.7026956871123692,envelope,,
0.9400000000000001,0.7053801062751797,envelope,,
0.9450000000000001,0.7047505960187679,envelope,,
0.9500000000000001,0.7073800398654645,envelope,,
0.9550000000000001,0.7068187487631742,envelope,,
0.96,0.7093401847471034,envelope,,
0.965,0.7088355097921923,envelope,,
0.97,0.7111991201519625,envelope,,
0.975,0.7107386978873246,envelope,,
0.98,0.712898347519541,envelope,,
0.985,0.7124692328290995,envelope,,
0.99,0.7143828446739393,envelope,,
0.995,0.7139716860603079,envelope,,
1.0,0.7156015313709376,envelope,,
1.0050000000000001,0.7151947406856416,envelope,,
1.01,0.7165076525725922,envelope,,
1.0150000000000001,0.7160915678094021,envelope,,
1.02,0.7170590868230643,envelope,,
1.025,0.7166201271223478,envelope,,
1.03,0.7172185875123105,envelope,,
1.035,0.7167433999528409,envelope,,
1.04,0.7169539647615326,envelope,,
1.045,0.7164295628417785,envelope,,
1.05,0.7162382152727196,envelope,,
1.055,0.7156521092163788,envelope,,
1.06,0.7150496068614255,envelope,,
1.065,0.7143899260352311,envelope,,
1.07,0.7133717236245511,envelope,,
1.075,0.7126273314423822,envelope,,
1.08,0.7111934768487385,envelope,,
1.085,0.7103540785669007,envelope,,
1.09,0.7085090858866772,envelope,,
1.095,0.7075653296811634,envelope,,
1.1,0.7053180323496687,envelope,,
1.105,0.7042616040145185,envelope,,
1.11,0.7016249901025566,envelope,,
1.115,0.7004487016253241,envelope,,
1.12,0.697439732710381,envelope,,
1.125,0.6961376048691352,envelope,,
1.1300000000000001,0.6927770191768946,envelope,,
1.135,0.6913443581650561,envelope,,
1.1400000000000001,0.687656458031343,envelope,,
1.145,0.686089925951621,envelope,,
1.1500000000000001,0.6821023490589275,envelope,,
1.155,0.6804000279349056,envelope,,
1.16,0.6761435012304903,envelope,,
1.165,0.674304949962462,envelope,,
1.17,0.6698130246706311,envelope,,
1.175,0.6678393281096122,envelope,,
1.18,0.6631480938195528,envelope,,
1.185,0.6610419028503693,envelope,,
1.19,0.6561896783102478,envelope,,
1.195,0.6539552395233511,envelope,,
1.2,0.6489822375294113,envelope,,
1.205,0.6466254107277247,envelope,,
1.21,0.6415733744012934,envelope,,
1.215,0.6391016358445916,envelope,,
1.22,0.6340134436893686,envelope,,
1.225,0.6314358726427274,envelope,,
1.23,0.6263551101279746,envelope,,
1.235,0.6236823559798539,envelope,,
1.24,0.6186528520676944,envelope,,
1.245,0.6158970790540772,envelope,,
1.25,0.6109624071477576,envelope,,
1.2550000000000001,0.6081372136082146,envelope,,
1.26,0.6033401579017862,envelope,,
1.2650000000000001,0.600460467057098,envelope,,
1.27,0.5958424572541811,envelope,,
1.2750000000000001,0.59292437679425,envelope,,
1.28,0.5885248966363746,envelope,,
1.285,0.5855855450017222,envelope,,
1.29,0.5814415229531973,envelope,,
1.295,0.5784988211337951,envelope,,
1.3,0.5746440147856133,envelope,,
1.305,0.5717164437749009,envelope,,
1.31,0.5681808328466915,envelope,,
1.315,0.5652871585687441,envelope,,
1.32,0.5620963645093998,envelope,,
1.325,0.5592553340263415,envelope,,
1.33,0.5564300867716893,envelope,,
1.335,0.5536601017619535,envelope,,
1.34,0.5512157757917981,envelope,,
1.345,0.5485345514936307,envelope,,
1.35,0.5464807935439003,envelope,,
1.355,0.5439050133601752,envelope,,
1.36,0.5422454826737374,envelope,,
1.365,0.5397904601855188,envelope,,
1.37,0.5385226988680087,envelope,,
1.375,0.536202059867558,envelope,,
1.3800000000000001,0.5353175058092229,envelope,,
1.385,0.5331429029519992,envelope,,
1.3900000000000001,0.5326270511876493,envelope,,
1.395,0.5306079228824117,envelope,,
1.4000000000000001,0.5304406337280048,envelope,,
1.405,0.5285840169588951,envelope,,
1.41,0.5287399614960293,envelope,,
1.415,0.5270503655513502,envelope,,
1.42,0.527499591810236,envelope,,
1.425,0.5259789366393066,envelope,,
1.43,0.5266875338835183,envelope,,
1.435,0.5253351533455448,envelope,,
1.44,0.5262659877451055,envelope,,
1.445,0.5250786946989747,envelope,,
1.45,0.5261921876991192,envelope,,
1.455,0.5251643950196072,envelope,,
1.46,0.5264193158945624,envelope,,
1.465,0.5255432053168999,envelope,,
1.47,0.5268974515061031,envelope,,
1.475,0.5261631808188953,envelope,,
1.48,0.5275745232474439,envelope,,
1.485,0.5269704617869531,envelope,,
1.49,0.5283972369388334,envelope,,
1.495,0.5279102195056611,envelope,,
1.5,0.5293119549998798,envelope,,
1.5050000000000001,0.5289275450775077,envelope,,
1.51,0.5302655104074865,envelope,,
1.5150000000000001,0.5299682647341808,envelope,,
1.52,0.5312059432939213,envelope,,
1.5250000000000001,0.530979671245586,envelope,,
1.53,0.5320831535358291,envelope,,
1.5350000000000001,0.531911166257956,envelope,,
1.54,0.5328494671221904,envelope,,
1.545,0.5327148127777629,envelope,,
1.55,0.5334601176461106,envelope,,
1.555,0.5333458004349457,envelope,,
1.56,0.5338736469160333,envelope,,
1.565,0.5337628286179168,envelope,,
1.57,0.5340522304836994,envelope,,
1.575,0.5339284141618705,envelope,,
1.58,0.533961934948307,envelope,,
1.585,0.5338091311236247,envelope,,
1.59,0.5335729143535075,envelope,,
1.595,0.5333757904402604,envelope,,
1.6,0.5328595529837123,envelope,,
1.605,0.5326035670919438,envelope,,
1.61,0.5318005615171937,envelope,,
1.615,0.5314720819024441,envelope,,
1.62,0.5303790329147284,envelope,,
1.625,0.5299654444231738,envelope,,
1.6300000000000001,0.5285824637028107,envelope,,
1.635,0.5280722625433949,envelope,,
1.6400000000000001,0.5264027455156922,envelope,,
1.645,0.5257856236125872,envelope,,
1.6500000000000001,0.5238361309384303,envelope,,
1.655,0.523103050993564,envelope,,
1.6600000000000001,0.5208831768732806,envelope,,
1.665,0.520026439112085,envelope,,
1.67,0.5175486678523592,envelope,,
1.675,0.5165619692441568,envelope,,
1.68,0.5138415209472773,envelope,,
1.685,0.5127200074892344,envelope,,
1.69,0.5097746731829783,envelope,,
1.695,0.5085149856149349,envelope,,
1.7,0.505364951645151,envelope,,
1.705,0.5039652647210323,envelope,,
1.71,0.5006329257747949,envelope,,
1.715,0.49909298095287985,envelope,,
1.72,0.4956027406672192,envelope,,
1.725,0.49392387179378466,envelope,,
1.73,0.49030192953791374,envelope,,
1.735,0.4884870807846585,envelope,,
1.74,0.4847612028921568,envelope,,
1.745,0.4828149378673116,envelope,,
1.75,0.4790142113565369,envelope,,
1.7550000000000001,0.4769427119456051,envelope,,
1.76,0.4730972786278612,envelope,,
1.7650000000000001,0.4709083317404547,envelope,,
1.77,0.4670491006116339,envelope,,
1.7750000000000001,0.46475207063061635,envelope,,
1.78,0.4609104066181487,envelope,,
1.7850000000000001,0.4585161909896934,envelope,,
1.79,0.45472357853527035,envelope,,
1.795,0.4522445436375149,envelope,,
1.8,0.4485322242943405,envelope,,
1.805,0.44598211852354147,envelope,,
1.81,0.44238070279009895,envelope,,
1.815,0.4397745437633441,envelope,,
1.82,0.4363135988074375,envelope,,
1.825,0.4336675317658158,envelope,,
1.83,0.4303751485327843,envelope,,
1.835,0.42770627350756046,envelope,,
1.84,0.42460861893443863,envelope,,
1.845,0.4219347850743491,envelope,,
1.85,0.41905564767061676,envelope,,
1.855,0.4163952143665463,envelope,,
1.86,0.41375555412376885,envelope,,
1.865,0.41112712021749487,envelope,,
1.87,0.4087446364486507,envelope,,
1.875,0.40616674083532894,envelope,,
1.8800000000000001,0.4040554738201623,envelope,,
1.885,0.4015462730444622,envelope,,
1.8900000000000001,0.39971625692006896,envelope,,
1.895,0.39729318774761707,envelope,,
1.9000000000000001,0.39575017257517847,envelope,,
1.905,0.39342960975484337,envelope,,
1.9100000000000001,0.39217486980777483,envelope,,
1.915,0.38997179104574087,envelope,,
1.92,0.3890020339156696,envelope,,
1.925,0.38692970517633407,envelope,,
1.93,0.38623709227947123,envelope,,
1.935,0.38430678667603785,envelope,,
1.94,0.38387907038381913,envelope,,
1.945,0.382099832986548,envelope,,
1.95,0.38192060934392785,envelope,,
1.955,0.38029907821764336,envelope,,
1.96,0.38034814766544134,envelope,,
1.965,0.37888843850445747,envelope,,
1.97,0.3791422608868465,envelope,,
1.975,0.377845919036524,envelope,,
1.98,0.3782781441150361,envelope,,
1.985,0.3771441639379495,envelope,,
1.99,0.3777262151666339,envelope,,
1.995,0.3767511230386268,envelope,,
2.0,0.3774528107684349,envelope,,
2.005,0.3766308048438165,envelope,,
2.0100000000000002,0.3774209454413881,envelope,,
2.015,0.3767440829778014,envelope,,
2.02,0.37759110234355187,envelope,,
2.025,0.3770495239652197,envelope,,
2.0300000000000002,0.3779220272163677,envelope,,
2.035,0.37750420702543647,envelope,,
2.04,0.3783715001761028,envelope,,
2.045,0.37806451098852434,envelope,,
2.05,0.3788970648107724,envelope,,
2.055,0.3786868488122162,envelope,,
2.06,0.37945669926487663,envelope,,
2.065,0.3793283358361207,envelope,,
2.07,0.38000941917821957,envelope,,
2.075,0.3799473833130513,envelope,,
2.08,0.38051580707725946,envelope,,
2.085,0.3805042135242473,envelope,,
2.09,0.3809384668317319,envelope,,
2.095,0.38096129669323664,envelope,,
2.1,0.3812424049579669,envelope,,
2.105,0.3812837128836054,envelope,,
2.11,0.3813953428595212,envelope,,
2.115,0.381439444128878,envelope,,
2.12,0.3813679656117117,envelope,,
2.125,0.38139960330047923,envelope,,
2.13,0.3811341137341849,envelope,,
2.1350000000000002,0.38113860681220263,envelope,,
2.14,0.3806709246893484,envelope,,
2.145,0.3806342983372259,envelope,,
2.15,0.3799589307297568,envelope,,
2.1550000000000002,0.37986803041878286,envelope,,
2.16,0.3789821193162156,envelope,,
2.165,0.37882471031148834,envelope,,
2.17,0.3777279617422693,envelope,,
2.1750000000000003,0.37749281569629173,envelope,,
2.18,0.37618741491005636,envelope,,
2.185,0.3758643851428822,envelope,,
2.19,0.37435490046503606,envelope,,
2.195,0.3739349874013685,envelope,,
2.2,0.3722282647523848,envelope,,
2.205,0.37170367282351346,envelope,,
2.21,0.3698087223296692,envelope,,
2.215,0.3691729094610621,envelope,,
2.22,0.3671007850703272,envelope,,
2.225,0.36634850567133775,envelope,,
2.23,0.36411217822369,envelope,,
2.235,0.3632395203776151,envelope,,
2.24,0.3608537441568982,envelope,,
2.245,0.3598581614777475,envelope,,
2.25,0.35733933388638384,envelope,,
2.255,0.35621967226072715,envelope,,
2.2600000000000002,0.3535856859049305,envelope,,
2.265,0.35234220506981906,envelope,,
2.27,0.34961229121991877,envelope,,
2.275,0.34824668083651794,envelope,,
2.2800000000000002,0.34544124293798284,envelope,,
2.285,0.3439566325016174,envelope,,
2.29,0.34109706816599195,envelope,,
2.295,0.3394980297447599,envelope,,
2.3000000000000003,0.33660653946244384,envelope,,
2.305,0.33489908187972367,envelope,,
2.31,0.33199846259236493,envelope,,
2.315,0.3301900152702739,envelope,,
2.32,0.3273034369534043,envelope,,
2.325,0.3254028212284114,envelope,,
2.33,0.32255358480734764,envelope,,
2.335,0.3205709701405614,envelope,,
2.34,0.3177822454450516,envelope,,
2.345,0.3157290876140658,envelope,,
2.35,0.31302363072473105,envelope,,
2.355,0.3109125888521182,envelope,,
2.36,0.30831243915672474,envelope,,
2.365,0.30615726836611523,envelope,,
2.37,0.30368342696771566,envelope,,
2.375,0.3014988436373237,envelope,,
2.38,0.2991709364540292,envelope,,
2.3850000000000002,0.29697245353957047,envelope,,
2.39,0.2948083844815564,envelope,,
2.395,0.2926121152792907,envelope,,
2.4,0.2906277171963796,envelope,,
2.4050000000000002,0.28845014726386287,envelope,,
2.41,0.2866588407683265,envelope,,
2.415,0.2845165695235117,envelope,,
2.42,0.28292904206951225,envelope,,
2.4250000000000003,0.2808384977936659,envelope,,
2.43,0.2794624172295217,envelope,,
2.435,0.2774395516714345,envelope,,
2.44,0.2762793295256844,envelope,,
2.445,0.2743393008243175,envelope,,
2.45,0.27339592050386624,envelope,,
2.455,0.27155277542198203,envelope,,
2.46,0.270823699031628,envelope,,
2.465,0.26909006719351836,envelope,,
2.47,0.2685692317231304,envelope,,
2.475,0.2669560453590931,envelope,,
2.48,0.2666339546297518,envelope,,
2.485,0.2651502070132682,envelope,,
2.49,0.26501412036217337,envelope,,
2.495,0.2636666745864267,envelope,,
2.5,0.2637008873448442,envelope,,
2.505,0.2624943444068221,envelope,,
2.5100000000000002,0.2626805494568943,envelope,,
2.515,0.2616171810626224,envelope,,
2.52,0.2619348958310083,envelope,,
2.525,0.2610146433094675,envelope,,
2.5300000000000002,0.26144168303753884,envelope,,
2.535,0.2606622197262629,envelope,,
2.54,0.2611751960996652,envelope,,
2.545,0.2605320469968581,envelope,,
2.5500000000000003,0.26110687130247356,envelope,,
2.555,0.26059358102499747,envelope,,
2.56,0.2612059527475125,envelope,,
2.565,0.26081429109911075,envelope,,
2.57,0.26144015588742553,envelope,,
2.575,0.2611603496689131,envelope,,
2.58,0.26177631439884463,envelope,,
2.585,0.26159729438032336,envelope,,
2.59,0.2621809911068797,envelope,,
2.595,0.26209064412756816,envelope,,
2.6,0.26262103861849984,envelope,,
2.605,0.26260645633034296,envelope,,
2.61,0.26306410027979393,envelope,,
2.615,0.2631118178551998,envelope,,
2.62,0.2634790466039103,envelope,,
2.625,0.2635752665673616,envelope,,
2.63,0.2638363461382506,envelope,,
2.6350000000000002,0.2639671441938852,envelope,,
2.64,0.2641083727189947,envelope,,
2.645,0.2642598839272083,envelope,,
2.65,0.2642696531879452,envelope,,
2.6550000000000002,0.2644282380436444,envelope,,
2.66,0.2642970609956055,envelope,,
2.665,0.26444945186999896,envelope,,
2.67,0.26416996180805186,envelope,,
2.6750000000000003,0.2643033908564498,envelope,,
2.68,0.26387031741701344,envelope,,
2.685,0.26397262746299693,envelope,,
2.69,0.26338275406015327,envelope,,
2.695,0.26344249418704846,envelope,,
2.7,0.2626946008156497,envelope,,
2.705,0.2627011084724328,envelope,,
2.71,0.261795903141447,envelope,,
2.715,0.2617393745422263,envelope,,
2.72,0.2606794159606365,envelope,,
2.725,0.2605509664571848,envelope,,
2.73,0.259340580004266,envelope,,
2.735,0.2591322959655432,envelope,,
2.74,0.2577774844449049,envelope,,
2.745,0.25748246800426006,envelope,,
2.75,0.25599081820769415,envelope,,
2.755,0.25560322605013464,envelope,,
2.7600000000000002,0.25398381173792045,envelope,,
2.765,0.25349888890273853,envelope,,
2.77,0.251762170433284,envelope,,
2.775,0.25117627990433494,envelope,,
2.7800000000000002,0.24933400040985437,envelope,,
2.785,0.24864464905551492,envelope,,
2.79,0.24670972675270328,envelope,,
2.795,0.24591558795658305,envelope,,
2.8000000000000003,0.24390200389573632,envelope,,
2.805,0.24300293698180467,envelope,,
2.81,0.24092561727026504,envelope,,
2.815,0.23992268356560575,envelope,,
2.82,0.2377973748522414,envelope,,
2.825,0.23669284994019935,envelope,,
2.83,0.23453598672194634,envelope,,
2.835,0.23333336811205777,envelope,,
2.84,0.23116193023332193,envelope,,
2.845,0.22986593930833896,envelope,,
2.85,0.22769729788957102,envelope,,
2.855,0.2263138745850233,envelope,,
2.86,0.22416562456715883,envelope,,
2.865,0.2227019128028158,envelope,,
2.87,0.22059169036937815,envelope,,
2.875,0.21905601180244602,envelope,,
2.88,0.2170012951904398,envelope,,
2.8850000000000002,0.21540310842812957,envelope,,
2.89,0.21342100111959628,envelope,,
2.895,0.21177084316170414,envelope,,
2.9,0.20987783921983194,envelope,,
2.9050000000000002,0.20818724566571142,envelope,,
2.91,0.20639897809619268,envelope,,
2.915,0.2046803786295587,envelope,,
2.92,0.20301135314284763,envelope,,
2.9250000000000003,0.2012779390993065,envelope,,
2.93,0.19974125751758096,envelope,,
2.935,0.1980068190439714,envelope,,
2.94,0.19661389877493468,envelope,,
2.945,0.1948926302912128,envelope,,
2.95,0.1936529286372661,envelope,,
2.955,0.19195920305552136,envelope,,
2.96,0.1908799574099649,envelope,,
2.965,0.18922807182677556,envelope,,
2.97,0.18831406871179196,envelope,,
2.975,0.18671796694896425,envelope,,
2.98,0.18597135399897075,envelope,,
2.985,0.18444433419247566,envelope,,
2.99,0.18386448920548842,envelope,,
2.995,0.18241890729732466,envelope,,
3.0,0.1820023770699236,envelope,,
3.005,0.18064935914033622,envelope,,
3.0100000000000002,0.18038987783907054,envelope,,
3.015,0.1791390553250431,envelope,,
3.02,0.1790276477410779,envelope,,
3.025,0.17788692940796333,envelope,,
3.0300000000000002,0.17791209897530416,envelope,,
3.035,0.17688749190191605,envelope,,
3.04,0.17703548745308884,envelope,,
3.045,0.17613097634718675,envelope,,
3.0500000000000003,0.17638612598878842,envelope,,
3.055,0.175603616195593,envelope,,
3.06,0.1759487121533996,envelope,,
3.065,0.17528803726041076,envelope,,
3.0700000000000003,0.1757047526470108,envelope,,
3.075,0.17516374320908246,envelope,,
3.08,0.17563306070231904,envelope,,
3.085,0.17520766685560588,envelope,,
3.09,0.17571030021580372,envelope,,
3.095,0.17539475821802714,envelope,,
3.1,0.17591155009741924,envelope,,
3.105,0.17569858132093225,envelope,,
3.11,0.1762108644199734,envelope,,
3.115,0.1760918950213683,envelope,,
3.12,0.1765818077432589,envelope,,
3.125,0.17654719795614027,envelope,,
3.13,0.17699794976700198,envelope,,
3.1350000000000002,0.17703722322960735,envelope,,
3.14,0.1774333085352306,envelope,,
3.145,0.17753537395615107,envelope,,
3.15,0.17786273620383783,envelope,,
3.1550000000000002,0.17801609569833804,envelope,,
3.16,0.17826224550221023,envelope,,
3.165,0.17845518587208228,envelope,,
3.17,0.1786092782676895,envelope,,
3.1750000000000003,0.17883004319867954,envelope,,
3.18,0.17888291976003592,envelope,,
3.185,0.17911986229462645,envelope,,
3.19,0.17906406394026636,envelope,,
3.1950000000000003,0.17930577962989755,envelope,,
3.2,0.1791355356563125,envelope,,
3.205,0.17937097752785708,envelope,,
3.21,0.17908217587840314,envelope,,
3.215,0.1793007528079824,envelope,,
3.22,0.17889089592712415,envelope,,
3.225,0.1790825562553937,envelope,,
3.23,0.178550706177461,envelope,,
3.235,0.17870600847844245,envelope,,
3.24,0.1780527241150234,envelope,,
3.245,0.17816289699345977,envelope,,
3.25,0.1773901659497199,envelope,,
3.255,0.17744715863075114,envelope,,
3.2600000000000002,0.1765583253155424,envelope,,
3.265,0.17655485063509552,envelope,,
3.27,0.175554541937507,envelope,,
3.275,0.17548411316505852,envelope,,
3.2800000000000002,0.17437816254795685,envelope,,
3.285,0.1742351252890004,envelope,,
3.29,0.17303049578841972,envelope,,
3.295,0.1728100560307437,envelope,,
3.3000000000000003,0.17151476233865354,envelope,,
3.305,0.17121301152708582,envelope,,
3.31,0.16983604106090822,envelope,,
3.315,0.16944997890895133,envelope,,
3.3200000000000003,0.1680012115237181,envelope,,
3.325,0.16752876709364994,envelope,,
3.33,0.16601889286088103,envelope,,
3.335,0.16545894425929938,envelope,,
3.34,0.16389937851303493,envelope,,
3.345,0.16325177134960747,envelope,,
3.35,0.16165456597926892,envelope,,
3.355,0.16092013051085857,envelope,,
3.36,0.15929788026174035,envelope,,
3.365,0.15847844688355286,envelope,,
3.37,0.15684418921305282,envelope,,
3.375,0.15594260165101045,envelope,,
3.38,0.1543097084929924,envelope,,
3.3850000000000002,0.15332983368899739,envelope,,
3.39,0.1517118933196716,envelope,,
3.395,0.15065862657807486,envelope,,
3.4,0.14906931368539755,envelope,,
3.4050000000000002,0.14794857716638427,envelope,,
3.41,0.1464015092432968,envelope,,
3.415,0.14522024135884165,envelope,,
3.42,0.1437288197258798,envelope,,
3.4250000000000003,0.14249495244463636,envelope,,
3.43,0.14107218662615922,envelope,,
3.435,0.13979460717371103,envelope,,
3.44,0.1384529220804466,envelope,,
3.4450000000000003,0.13714141510709707,envelope,,
3.45,0.13589244158580216,envelope,,
3.455,0.13455760766873046,envelope,,
3.46,0.13341195852035034,envelope,,
3.465,0.1320651050000542,envelope,,
3.47,0.13103214054683654,envelope,,
3.475,0.12968514131221393,envelope,,
3.48,0.12877273094730993,envelope,,
3.485,0.12743785301259938,envelope,,
3.49,0.12665214172461964,envelope,,
3.495,0.1253418383696229,envelope,,
3.5,0.12468702971427123,envelope,,
3.505,0.12341370258279923,envelope,,
3.5100000000000002,0.12289187157138858,envelope,,
3.515,0.12166760729801647,envelope,,
3.52,0.12127855771687919,envelope,,
3.525,0.12011484807232047,envelope,,
3.5300000000000002,0.11985602837425265,envelope,,
3.535,0.11876348612197045,envelope,,
3.54,0.11862997591156206,envelope,,
3.545,0.11761806099206923,envelope,,
3.5500000000000003,0.11760263618530713,envelope,,
3.555,0.11667940794479094,envelope,,
3.56,0.11677268719559519,envelope,,
3.565,0.11594459775822921,envelope,,
3.5700000000000003,0.11613526634196307,envelope,,
3.575,0.11540700778296466,envelope,,
3.58,0.11568210870995643,envelope,,
3.585,0.11505652265648006,envelope,,
3.59,0.11540179933117894,envelope,,
3.595,0.1148798525650539,envelope,,
3.6,0.1152801236364879,envelope,,
3.605,0.11486094795898133,envelope,,
3.61,0.11530049360498096,envelope,,
3.615,0.11498148343345958,envelope,,
3.62,0.11544442322607108,envelope,,
3.625,0.11522138075402949,envelope,,
3.63,0.11569202609385715,envelope,,
3.6350000000000002,0.11555934171101952,envelope,,
3.64,0.11602250994245179,envelope,,
3.645,0.11597336502348564,envelope,,
3.65,0.116414646999992,envelope,,
3.6550000000000002,0.11644122691344412,envelope,,
3.66,0.11684720429036866,envelope,,
3.665,0.11694091117763783,envelope,,
3.67,0.11729932357104539,envelope,,
3.6750000000000003,0.11745098067355303,envelope,,
3.68,0.1177508457604328,envelope,,
3.685,0.11795088744682586,envelope,,
3.69,0.11818257902640911,envelope,,
3.6950000000000003,0.11842122289715573,envelope,,
3.7,0.11857651296655118,envelope,,
3.705,0.11884391231020504,envelope,,
3.71,0.11891598350331521,envelope,,
3.715,0.11920235986302273,envelope,,
3.72,0.11918579436097199,envelope,,
3.725,0.11948155103824488,envelope,,
3.73,0.11937230147853678,envelope,,
3.735,0.11966811949514229,envelope,,
3.74,0.11946346664605284,envelope,,
3.745,0.11975038507405142,envelope,,
3.75,0.11944888622327109,envelope,,
3.755,0.11971836895014447,envelope,,
3.7600000000000002,0.11931980016316081,envelope,,
3.765,0.11956379115405387,envelope,,
3.77,0.11906908583724217,envelope,,
3.775,0.11928005484725411,envelope,,
3.7800000000000002,0.11869124042525324,envelope,,
3.785,0.1188622209462265,envelope,,
3.79,0.11818235493872957,envelope,,
3.795,0.11830697597066434,envelope,,
3.8000000000000003,0.11754008232274661,envelope,,
3.805,0.11761259536113952,envelope,,
3.81,0.11676360153289853,envelope,,
3.815,0.1167789039730142,envelope,,
3.8200000000000003,0.11585357901083014,envelope,,
3.825,0.11580723499608145,envelope,,
3.83,0.11481212857637679,envelope,,
3.835,0.11470038816034706,envelope,,
3.84,0.11364277039811947,envelope,,
3.845,0.11346258774828395,envelope,,
3.85,0.11235038938630136,envelope,,
3.855,0.11209944062540042,envelope,,
3.86,0.11094119305039565,envelope,,
3.865,0.11061789420342288,envelope,,
3.87,0.10942266856454273,envelope,,
3.875,0.10902619394424966,envelope,,
3.88,0.10780353846714483,envelope,,
3.8850000000000002,0.10733383967831467,envelope,,
3.89,0.1060937140693089,envelope,,
3.895,0.10555153962900053,envelope,,
3.9,0.10430424524895034,envelope,,
3.9050000000000002,0.10369116058984802,envelope,,
3.91,0.10244726484683647,envelope,,
3.915,0.10176567217751843,envelope,,
3.92,0.10053592535654352,envelope,,
3.9250000000000003,0.0997890824799309,envelope,,
3.93,0.09858432501500675,envelope,,
3.935,0.09777636173853994,envelope,,
3.94,0.09660741977693647,envelope,,
3.9450000000000003,0.09574334997720202,envelope,,
3.95,0.09462091703862062,envelope,,
3.955,0.09370664377310686,envelope,,
3.96,0.09264114644267651,envelope,,
3.9650000000000003,0.09168345675494609,envelope,,
3.97,0.09068490276254575,envelope,,
3.975,0.08969144806109001,envelope,,
3.98,0.08876925589634294,envelope,,
3.985,0.08774851309626525,envelope,,
3.99,0.08691132360053319,envelope,,
3.995,0.08587253174933653,envelope,,
4.0,0.08512800399243954,envelope,,
4.005,0.08408107105312591,envelope,,
4.01,0.08343566726402502,envelope,,
4.015,0.08239104233050551,envelope,,
4.0200000000000005,0.08184980960936392,envelope,,
4.025,0.08081831731052057,envelope,,
4.03,0.08038467704366864,envelope,,
4.035,0.07937731340992582,envelope,,
4.04,0.07905287228652377,envelope,,
4.045,0.07808056490915107,envelope,,
4.05,0.07786496356783644,envelope,,
4.055,0.07693830323812481,envelope,,
4.0600000000000005,0.07682911914637623,envelope,,
4.065,0.07595807478715459,envelope,,
4.07,0.07595079434962783,envelope,,
4.075,0.07514442715800976,envelope,,
4.08,0.07523249795392548,envelope,,
4.085,0.07449869334934822,envelope,,
4.09,0.07467366100856601,envelope,,
4.095,0.0740188974326844,envelope,,
4.1,0.07427062376673642,envelope,,
4.105,0.07369979519648007,envelope,,
4.11,0.0740167460809624,envelope,,
4.115,0.073533050448367,envelope,,
4.12,0.07390263506771494,envelope,,
4.125,0.07350753437334223,envelope,,
4.13,0.07391647304001611,envelope,,
4.135,0.07360972395019112,envelope,,
4.14,0.07404442048019556,envelope,,
4.1450000000000005,0.07382416784967746,envelope,,
4.15,0.07427106437814453,envelope,,
4.155,0.07413398542942541,envelope,,
4.16,0.07457988189420195,envelope,,
4.165,0.07452136623587029,envelope,,
4.17,0.07495369247456259,envelope,,
4.175,0.07496804275765713,envelope,,
4.18,0.07537507713039707,envelope,,
4.1850000000000005,0.07545571651940586,envelope,,
4.19,0.07582675027399799,envelope,,
4.195,0.07596642542816998,envelope,,
4.2,0.07629187611352085,envelope,,
4.205,0.07648284739169779,envelope,,
4.21,0.076754327308393,envelope,,
4.215,0.07698854089686938,envelope,,
4.22,0.07719888794134347,envelope,,
4.225,0.07746812721021122,envelope,,
4.23,0.07761140578193534,envelope,,
4.235,0.07790742122446034,envelope,,
4.24,0.07797890043799574,envelope,,
4.245,0.0782935190084777,envelope,,
4.25,0.07828963458720181,envelope,,
4.255,0.07861485017893897,envelope,,
4.26,0.07853315534550245,envelope,,
4.265,0.07886120264616224,envelope,,
4.2700000000000005,0.0787003122381319,envelope,,
4.275,0.07902372637612225,envelope,,
4.28,0.07878325741108809,envelope,,
4.285,0.07909492176785957,envelope,,
4.29,0.07877543281419278,envelope,,
4.295,0.0790686172095362,envelope,,
4.3,0.07867154820534415,envelope,,
4.305,0.07893993942836626,envelope,,
4.3100000000000005,0.0784675530269113,envelope,,
4.315,0.07870527943026404,envelope,,
4.32,0.07816060451732429,envelope,,
4.325,0.07836225614370461,envelope,,
4.33,0.0777490338493502,envelope,,
4.335,0.07790967933401369,envelope,,
4.34,0.07723231162127144,envelope,,
4.345,0.07734751292128857,envelope,,
4.3500000000000005,0.07661101365905246,envelope,,
4.355,0.07667683949806904,envelope,,
4.36,0.07588678779056014,envelope,,
4.365,0.07589982657983212,envelope,,
4.37,0.07506232201632057,envelope,,
4.375,0.07501969490956288,envelope,,
4.38,0.07414131429898968,envelope,,
4.385,0.07404068895853581,envelope,,
4.39,0.07312844401166449,envelope,,
4.3950000000000005,0.07296804959533493,envelope,,
4.4,0.07202934490116317,envelope,,
4.405,0.07180798871673301,envelope,,
4.41,0.07085057921934086,envelope,,
4.415,0.07056766542395859,envelope,,
4.42,0.06959961243244599,envelope,,
4.425,0.069255163063726,envelope,,
4.43,0.06828478761496794,envelope,,
4.4350000000000005,0.06787946611138258,envelope,,
4.44,0.06691529824964661,envelope,,
4.445,0.06645043542906495,envelope,,
4.45,0.06550115766856333,envelope,,
4.455,0.06497877985650956,envelope,,
4.46,0.06405316276759661,envelope,,
4.465,0.06347602137252364,envelope,,
4.47,0.06258284889994153,envelope,,
4.4750000000000005,0.06195445018692351,envelope,,
4.48,0.061102432020581174,envelope,,
4.485,0.06042706510761861,envelope,,
4.49,0.059624733255280116,envelope,,
4.495,0.058907493430908175,envelope,,
4.5,0.05816308020037784,envelope,,
4.505,0.057409883547962295,envelope,,
4.51,0.05673117858660509,envelope,,
4.515,0.05594876265863221,envelope,,
4.5200000000000005,0.05534294770483123,envelope,,
4.525,0.05453885175967424,envelope,,
4.53,0.054012313530480416,envelope,,
4.535,0.053194830860322596,envelope,,
4.54,0.05275295518761896,envelope,,
4.545,0.051931049686403864,envelope,,
4.55,0.0515780036524386,envelope,,
4.555,0.05076118344067866,envelope,,
4.5600000000000005,0.05049969665268213,envelope,,
4.565,0.049697839747875776,envelope,,
4.57,0.04952900049641562,envelope,,
4.575,0.048752131512415274,envelope,,
4.58,0.04867521745824726,envelope,,
4.585,0.04793324010062493,envelope,,
4.59,0.04794560511874844,envelope,,
4.595,0.04724800224187859,envelope,,
4.6000000000000005,0.0473450398895268,envelope,,
4.605,0.04670055989484267,envelope,,
4.61,0.0468757588652015,envelope,,
4.615,0.046292112596783556,envelope,,
4.62,0.046537210580195894,envelope,,
4.625,0.046020804950506984,envelope,,
4.63,0.04632603583532148,envelope,,
4.635,0.04588176813364986,envelope,,
4.64,0.046236185711685904,envelope,,
4.6450000000000005,0.045867315962836046,envelope,,
4.65,0.04625916790090127,envelope,,
4.655,0.04596727704632882,envelope,,
4.66,0.04638439793168276,envelope,,
4.665,0.0461694291406091,envelope,,
4.67,0.0465996217619309,envelope,,
4.675,0.046459993106466674,envelope,,
4.68,0.04689137217355631,envelope,,
4.6850000000000005,0.04682414286696475,envelope,,
4.69,0.04724542340902731,envelope,,
4.695,0.04724649343490974,envelope,,
4.7,0.047647215049275105,envelope,,
4.705,0.04771153893191772,envelope,,
4.71,0.04808222509283027,envelope,,
4.715,0.04820402377431468,envelope,,
4.72,0.04853628143679554,envelope,,
4.7250000000000005,0.04870924054725898,envelope,,
4.73,0.04899580894964745,envelope,,
4.735,0.049213256161363045,envelope,,
4.74,0.04944801525516091,envelope,,
4.745,0.04970307323032095,envelope,,
4.75,0.04988102208040446,envelope,,
4.755,0.05016673643411472,envelope,,
4.76,0.050283950834474,envelope,,
4.765,0.05059339449854649,envelope,,
4.7700000000000005,0.05064697145659977,envelope,,
4.775,0.05097332797095096,envelope,,
4.78,0.05096132301421463,envelope,,
4.785,0.05129795177779888,envelope,,
4.79,0.05121931345655686,envelope,,
4.795,0.05155980004562819,envelope,,
4.8,0.05141430466783082,envelope,,
4.805,0.05175249913653735,envelope,,
4.8100000000000005,0.05154068770748559,envelope,,
4.815,0.05187073345642981,envelope,,
4.82,0.05159385199534748,envelope,,
4.825,0.05191020741659236,envelope,,
4.83,0.051570151246126364,envelope,,
4.835,0.05186760597928216,envelope,,
4.84,0.05146686818953121,envelope,,
4.845,0.05174055548668671,envelope,,
4.8500000000000005,0.05128217951642525,envelope,,
4.855,0.051527585928873645,envelope,,
4.86,0.051015122047592704,envelope,,
4.865,0.05122809541287894,envelope,,
4.87,0.05066556079425012,envelope,,
4.875,0.05084231732463031,envelope,,
4.88,0.050234159353172755,envelope,,
4.885,0.05037129049199447,envelope,,
4.89,0.049722352917320356,envelope,,
4.8950000000000005,0.04981683254141536,envelope,,
4.9,0.049132324076404374,envelope,,
4.905,0.04918151656497581,envelope,,
4.91,0.04846698150172632,envelope,,
4.915,0.048468651166737556,envelope,,
4.92,0.04772994154601473,envelope,,
4.925,0.04768226391497924,envelope,,
4.93,0.04692551272230913,envelope,,
4.9350000000000005,0.0468270881768218,envelope,,
4.94,0.0460586829403481,envelope,,
4.945,0.045908553233549004,envelope,,
4.95,0.04513510925348157,envelope,,
4.955,0.044932777447877006,envelope,,
4.96,0.04416110968395811,envelope,,
4.965,0.04390656404837842,envelope,,
4.97,0.04314365641874335,envelope,,
4.9750000000000005,0.042837398784304745,envelope,,
4.98,0.04209036927204729,envelope,,
4.985,0.04173344823331951,envelope,,
4.99,0.0410095077553241,envelope,,
4.995,0.04060355687556049,envelope,,
5.0,0.03990995934090682,envelope,,
5.005,0.03945724012122429,envelope,,
5.01,0.03880122052431946,envelope,,
5.015,0.03830466924778263,envelope,,
5.0200000000000005,0.03769336606249206,envelope,,
5.025,0.0371566426487668,envelope,,
5.03,0.03659700033165967,envelope,,
5.035,0.03602453595036424,envelope,,
5.04,0.035523183222264,envelope,,
5.045,0.03492022157240423,envelope,,
5.05,0.03448332161536372,envelope,,
5.055,0.03385594652373005,envelope,,
5.0600000000000005,0.033489016695222966,envelope,,
5.065,0.03284415622349161,envelope,,
5.07,0.03255185778515911,envelope,,
5.075,0.03189725282078589,envelope,,
5.08,0.03168315586043753,envelope,,
5.085,0.031027279970672336,envelope,,
5.09,0.03089361521466051,envelope,,
5.095,0.030245533423560948,envelope,,
5.1000000000000005,0.030192950429348137,envelope,,
5.105,0.029562108654514266,envelope,,
5.11,0.02958946748617194,envelope,,
5.115,0.028985412352697013,envelope,,
5.12,0.029089640902215556,envelope,,
5.125,0.02852168119236127,envelope,,
5.13,0.028697730013895868,envelope,,
5.135,0.02817456417283223,envelope,,
5.14,0.028415482898153592,envelope,,
5.1450000000000005,0.027944828330980533,envelope,,
5.15,0.028241972328525676,envelope,,
5.155,0.027830237675885043,envelope,,
5.16,0.02817359340672117,envelope,,
5.165,0.027825631756702007,envelope,,
5.17,0.028204229528233427,envelope,,
5.175,0.027923198585866643,envelope,,
5.18,0.02832556786411703,envelope,,
5.1850000000000005,0.02811290560823659,envelope,,
5.19,0.02852752447274046,envelope,,
5.195,0.028383030853871002,envelope,,
5.2,0.028798727734359732,envelope,,
5.205,0.028720729276572595,envelope,,
5.21,0.029127008643385445,envelope,,
5.215,0.02911257604677404,envelope,,
5.22,0.029499855545421273,envelope,,
5.2250000000000005,0.029545044518342566,envelope,,
5.23,0.029904804959183705,envelope,,
5.235,0.030004895573895664,envelope,,
5.24,0.030329754813556518,envelope,,
5.245,0.030479472051717048,envelope,,
5.25,0.030763198651230617,envelope,,
5.255,0.030956904245938763,envelope,,
5.26,0.03119438770969808,envelope,,
5.265,0.03142623952455309,envelope,,
5.2700000000000005,0.031613432286723336,envelope,,
5.275,0.03187751178761208,envelope,,
5.28,0.03201135523199678,envelope,,
5.285,0.03230176618071019,envelope,,
5.29,0.03238010982356963,envelope,,
5.295,0.03269105251962071,envelope,,
5.3,0.03271257262007656,envelope,,
5.305,0.03303839828088353,envelope,,
5.3100000000000005,0.03300251982090614,envelope,,
5.315,0.0333377693948331,envelope,,
5.32,0.033244593640353946,envelope,,
5.325,0.03358402478390486,envelope,,
5.33,0.03343426343161161,envelope,,
5.335,0.03377286873213193,envelope,,
5.34,0.03356778486157151,envelope,,
5.345,0.0339008037606113,envelope,,
5.3500000000000005,0.033642159339765706,envelope,,
5.355,0.03396508566103314,envelope,,
5.36,0.033655095098574894,envelope,,
5.365,0.03396368162919514,envelope,,
5.37,0.033604970757757424,envelope,,
5.375,0.0338952319735984,envelope,,
5.38,0.03349080182900487,envelope,,
5.385,0.033759015579203376,envelope,,
5.39,0.03331221037279039,envelope,,
5.3950000000000005,0.033554919142755775,envelope,,
5.4,0.033069397881976104,envelope,,
5.405,0.03328341011471223,envelope,,
5.41,0.03276312139501049,envelope,,
5.415,0.032945513264572714,envelope,,
5.42,0.03239467281936348,envelope,,
5.425,0.032542790806803626,envelope,,
5.43,0.031965861456251875,envelope,,
5.4350000000000005,0.03207732606708027,envelope,,
5.44,0.03147899974325419,envelope,,
5.445,0.03155171072952474,envelope,,
5.45,0.030936892269268337,envelope,,
5.455,0.03096903576733178,envelope,,
5.46,0.030342828148711594,envelope,,
5.465,0.030332886221738634,envelope,,
5.47,0.029700576863710543,envelope,,
5.4750000000000005,0.029647340037841204,envelope,,
5.48,0.02901438767714411,envelope,,
5.485,0.028916971184351513,envelope,,
5.49,0.028288992667596935,envelope,,
5.495,0.02814685724815702,envelope,,
5.5,0.027529613313301175,envelope,,
5.505,0.02734259157666491,envelope,,
5.51,0.02674197031306207,envelope,,
5.515,0.026510299783584795,envelope,,
5.5200000000000005,0.02593229592824649,envelope,,
5.525,0.025656659975776493,envelope,,
5.53,0.025107347486354854,envelope,,
5.535,0.024788925288394117,envelope,,
5.54,0.02427441971054263,envelope,,
5.545,0.023914946108330972,envelope,,
5.55,0.023441352131716758,envelope,,
5.555,0.023043187565361424,envelope,,
5.5600000000000005,0.022616525906350583,envelope,,
5.565,0.022182735316905653,envelope,,
5.57,0.021808841868981143,envelope,,
5.575,0.021343279266029143,envelope,,
5.58,0.021027668709485938,envelope,,
5.585,0.020535060749044206,envelope,,
5.59,0.020282747182639865,envelope,,
5.595,0.019768764446848688,envelope,,
5.6000000000000005,0.019584034091377007,envelope,,
5.605,0.019055333077965513,envelope,,
5.61,0.01894146992448815,envelope,,
5.615,0.01840568305338983,envelope,,
5.62,0.018364658504260358,envelope,,
5.625,0.01783030586582658,envelope,,
5.63,0.01786245793812902,envelope,,
5.635,0.01733875626364431,envelope,,
5.64,0.01744250056106501,envelope,,
5.6450000000000005,0.016939055426316522,envelope,,
5.65,0.01711068355535074,envelope,,
5.655,0.016637071721734883,envelope,,
5.66,0.01687069546261619,envelope,,
5.665,0.01643597259481547,envelope,,
5.67,0.01672365710960954,envelope,,
5.675,0.01633585322051608,envelope,,
5.68,0.016667949039113752,envelope,,
5.6850000000000005,0.016333628037561398,envelope,,
5.69,0.016699268065214642,envelope,,
5.695,0.016423220050728545,envelope,,
5.7,0.01681091021727703,envelope,,
5.705,0.016596016449952795,envelope,,
5.71,0.016994231707001452,envelope,,
5.715,0.016841503399894483,envelope,,
5.72,0.017239209785557718,envelope,,
5.7250000000000005,0.017147967854414487,envelope,,
5.73,0.017535019544714568,envelope,,
5.735,0.017503163703632058,envelope,,
5.74,0.017870558040258666,envelope,,
5.745,0.017894872046707932,envelope,,
5.75,0.01823487354783226,envelope,,
5.755,0.018311323973853287,envelope,,
5.76,0.01861748458047342,envelope,,
5.765,0.018741485921894337,envelope,,
5.7700000000000005,0.019008593587906034,envelope,,
5.775,0.019175227041675992,envelope,,
5.78,0.01939921190182726,envelope,,
5.785,0.019603395836405014,envelope,,
5.79,0.019781216689429074,envelope,,
5.795,0.020017833221650603,envelope,,
5.8,0.02014735995460173,envelope,,
5.805,0.020411344942234722,envelope,,
5.8100000000000005,0.020491246417741204,envelope,,
5.815,0.02077765076543911,envelope,,
5.82,0.020807293143231292,envelope,,
5.825,0.021111322648145768,envelope,,
5.83,0.021090680071793207,envelope,,
5.835,0.021407719826238923,envelope,,
5.84,0.02133729755400068,envelope,,
5.845,0.021662925625384164,envelope,,
5.8500000000000005,0.021543694688664246,envelope,,
5.855,0.02187368861649112,envelope,,
5.86,0.02170703064276124,envelope,,
5.865,0.02203736932046262,envelope,,
5.87,0.0218250300461124,envelope,,
5.875,0.02215189279884765,envelope,,
5.88,0.021895942865250456,envelope,,
5.885,0.02221570696885597,envelope,,
5.89,0.02191850875453118,envelope,,
5.8950000000000005,0.022227746234069062,envelope,,
5.9,0.021891925663192317,envelope,,
5.905,0.022187399922018153,envelope,,
5.91,0.021815822383632336,envelope,,
5.915,0.022094485020880177,envelope,,
5.92,0.021690234704780466,envelope,,
5.925,0.021949222755832973,envelope,,
5.93,0.021515584867965686,envelope,,
5.9350000000000005,0.02175221862718895,envelope,,
5.94,0.021292664080444324,envelope,,
5.945,0.021504445632163725,envelope,,
5.95,0.02102261791400361,envelope,,
5.955,0.02120723049395979,envelope,,
5.96,0.02070693450420761,envelope,,
5.965,0.02086224283912055,envelope,,
5.97,0.020347435556999152,envelope,,
5.9750000000000005,0.02047148737573251,envelope,,
5.98,0.01994627026168474,envelope,,
5.985,0.020037299251772552,envelope,,
5.99,0.019505912311368556,envelope,,
5.995,0.019562342897623028,envelope,,
6.0,0.019029160325991182,envelope,,
6.005,0.019049614796982983,envelope,,
6.01,0.018519142070202853,envelope,,
6.015000000000001,0.01850245076712208,envelope,,
6.0200000000000005,0.017979322933337545,envelope,,
6.025,0.017924538466738783,envelope,,
6.03,0.017413519190519016,envelope,,
6.035,0.01731993596637699,envelope,,
6.04,0.016825916540155472,envelope,,
6.045,0.016693097273708667,envelope,,
6.05,0.016221094283988394,envelope,,
6.055,0.016048905646965712,envelope,,
6.0600000000000005,0.015604055171060092,envelope,,
6.065,0.015392715238519566,envelope,,
6.07,0.014980260245225242,envelope,,
6.075,0.01473040089622735,envelope,,
6.08,0.014355666807827992,envelope,,
6.085,0.014068414525746895,envelope,,
6.09,0.013736765555496085,envelope,,
6.095,0.01341384383113229,envelope,,
6.1000000000000005,0.013130609742599822,envelope,,
6.105,0.012774464922150357,envelope,,
6.11,0.012544824535157173,envelope,,
6.115,0.012158773566492097,envelope,,
6.12,0.011987578521317889,envelope,,
6.125,0.01157597040608221,envelope,,
6.13,0.011467492262744653,envelope,,
6.135,0.011035863951964531,envelope,,
6.140000000000001,0.01099345289998394,envelope,,
6.1450000000000005,0.010548644723701523,envelope,,
6.15,0.01057430340391397,envelope,,
6.155,0.010124481675633788,envelope,,
6.16,0.01021838651091477,envelope,,
6.165,0.009772909607971916,envelope,,
6.17,0.00993295301964352,envelope,,
6.175,0.009502025294280032,envelope,,
6.18,0.00972349253273469,envelope,,
6.1850000000000005,0.009317590749894489,envelope,,
6.19,0.009593099356803638,envelope,,
6.195,0.00922222826513315,envelope,,
6.2,0.009542019781308354,envelope,,
6.205,0.009214930622001346,envelope,,
6.21,0.009567509761774536,envelope,,
6.215,0.009291053321671069,envelope,,
6.22,0.00966405673726512,envelope,,
6.2250000000000005,0.00944280991482095,envelope,,
6.23,0.00982391539170394,envelope,,
6.235,0.009660130097560692,envelope,,
6.24,0.01003782540994056,envelope,,
6.245,0.009931650930594681,envelope,,
6.25,0.010295755422779104,envelope,,
6.255,0.010245627209045783,envelope,,
6.26,0.010587549683597054,envelope,,
6.265000000000001,0.01059063210215746,envelope,,
6.2700000000000005,0.010903413226914738,envelope,,
6.275,0.010956013577713305,envelope,,
6.28,0.011234226146239286,envelope,,
6.285,0.011332136483705818,envelope,,
6.29,0.011571712041529732,envelope,,
6.295,0.011710467000968224,envelope,,
6.3,0.011908498957796719,envelope,,
6.305,0.01208355660780346,envelope,,
6.3100000000000005,0.012238110203245051,envelope,,
6.315,0.012444970872611932,envelope,,
6.32,0.012554914959442599,envelope,,
6.325,0.012789194118725688,envelope,,
6.33,0.012854059750392692,envelope,,
6.335,0.013111528917876567,envelope,,
6.34,0.013131394194869472,envelope,,
6.345,0.013408000720001178,envelope,,
6.3500000000000005,0.013383398796016464,envelope,,
6.355,0.01367527237694902,envelope,,
6.36,0.013607118713636308,envelope,,
6.365,0.013910570055081659,envelope,,
6.37,0.013800105104998602,envelope,,
6.375,0.014111620290732506,envelope,,
6.38,0.01396036426081387,envelope,,
6.385,0.014276597114275718,envelope,,
6.390000000000001,0.014086314057577844,envelope,,
6.3950000000000005,0.014404077881162835,envelope,,
6.4,0.014176746932620594,envelope,,
6.405,0.014493006428808011,envelope,,
6.41,0.014230798500615493,envelope,,
6.415,0.014542662304361305,envelope,,
6.42,0.014247920965862613,envelope,,
6.425,0.014552634981415302,envelope,,
6.43,0.014227860577940463,envelope,,
6.4350000000000005,0.014522802173480133,envelope,,
6.44,0.014170638496115908,envelope,,
6.445,0.014453311528253245,envelope,,
6.45,0.014076534549089614,envelope,,
6.455,0.014344565151135497,envelope,,
6.46,0.01394607349830655,envelope,,
6.465,0.014197206552623017,envelope,,
6.47,0.013780013523778958,envelope,,
6.4750000000000005,0.014012109742764026,envelope,,
6.48,0.013579336758991898,envelope,,
6.485,0.013790370320171729,envelope,,
6.49,0.013345241805820774,envelope,,
6.495,0.013533298517868726,envelope,,
6.5,0.013079138261261386,envelope,,
6.505,0.013242414285472324,envelope,,
6.51,0.012782643398552639,envelope,,
6.515000000000001,0.012919444615002568,envelope,,
6.5200000000000005,0.012457581258748645,envelope,,
6.525,0.012566323458100041,envelope,,
6.53,0.012105984539659833,envelope,,
6.535,0.012185194750817072,envelope,,
6.54,0.011730099818125865,envelope,,
6.545,0.011778419265257783,envelope,,
6.55,0.011332396809308113,envelope,,
6.555,0.011348586253730529,envelope,,
6.5600000000000005,0.010915582556897264,envelope,,
6.565,0.010898531162310925,envelope,,
6.57,0.010482621648875265,envelope,,
6.575,0.01043136105044961,envelope,,
6.58,0.010036763734465761,envelope,,
6.585,0.009950489777332048,envelope,,
6.59,0.009581579725037011,envelope,,
6.595,0.009459685432506963,envelope,,
6.6000000000000005,0.00912100795775085,envelope,,
6.605,0.008963132794863486,envelope,,
6.61,0.008659411062557383,envelope,,
6.615,0.008465513504651493,envelope,,
6.62,0.008201642859643572,envelope,,
6.625,0.007972105555614764,envelope,,
6.63,0.007753121638180654,envelope,,
6.635,0.007488900554556342,envelope,,
6.640000000000001,0.0073199005621193405,envelope,,
6.6450000000000005,0.007022730009337111,envelope,,
6.65,0.00690871640671565,envelope,,
6.655,0.006581377761511581,envelope,,
6.66,0.0065269833954395935,envelope,,
6.665,0.0061736311883918435,envelope,,
6.67,0.006182680683040787,envelope,,
6.675,0.005809188112954603,envelope,,
6.68,0.005884066570598222,envelope,,
6.6850000000000005,0.005498298780677728,envelope,,
6.69,0.005639155761126956,envelope,,
6.695,0.005251014454921327,envelope,,
6.7,0.005454942092064843,envelope,,
6.705,0.0050759938243004525,envelope,,
6.71,0.005336454109425926,envelope,,
6.715,0.004979030638253227,envelope,,
6.72,0.005285867560146496,envelope,,
6.7250000000000005,0.004961746160325151,envelope,,
6.73,0.005301977779150547,envelope,,
6.735,0.005021010544647508,envelope,,
6.74,0.005380257609097431,envelope,,
6.745,0.0051494064182132674,envelope,,
6.75,0.005513499414459947,envelope,,
6.755,0.005336540455607874,envelope,,
6.76,0.005692807640069975,envelope,,
6.765000000000001,0.0055706472442793465,envelope,,
6.7700000000000005,0.005908624015565107,envelope,,
6.775,0.0058399582177441935,envelope,,
6.78,0.006151548903775738,envelope,,
6.785,0.006133588771940962,envelope,,
6.79,0.006412869968917804,envelope,,
6.795,0.0064419604329464045,envelope,,
6.8,0.006684824448019027,envelope,,
6.805,0.006756896873156674,envelope,,
6.8100000000000005,0.006960671244573484,envelope,,
6.815,0.007071539199390953,envelope,,
6.82,0.007234650613190966,envelope,,
6.825,0.007380185036155345,envelope,,
6.83,0.007501889919153916,envelope,,
6.835,0.0076781119508568625,envelope,,
6.84,0.007758292181322208,envelope,,
6.845,0.007961414315966024,envelope,,
6.8500000000000005,0.008000427257798034,envelope,,
6.855,0.008226864313945946,envelope,,
6.86,0.00822543469166967,envelope,,
6.865,0.008471798499276076,envelope,,
6.87,0.008430941064774843,envelope,,
6.875,0.008694027344016952,envelope,,
6.88,0.008614991596911138,envelope,,
6.885,0.008891763942566572,envelope,,
6.890000000000001,0.008775994384769188,envelope,,
6.8950000000000005,0.009063568041686919,envelope,,
6.9,0.008912675267873099,envelope,,
6.905,0.009208302056475017,envelope,,
6.91,0.009024041359383669,envelope,,
6.915,0.00932509633220171,envelope,,
6.92,0.009109351509112771,envelope,,
6.925,0.009413321494195676,envelope,,
6.93,0.009168092260010348,envelope,,
6.9350000000000005,0.009472566212997585,envelope,,
6.94,0.00919995813093961,envelope,,
6.945,0.009502619112041625,envelope,,
6.95,0.009204835311923027,envelope,,
6.955,0.009503453855550537,envelope,,
6.96,0.009182788058766152,envelope,,
6.965,0.00947521669382413,envelope,,
6.97,0.009134047249483381,envelope,,
6.9750000000000005,0.009418215938491742,envelope,,
6.98,0.009059000701244156,envelope,,
6.985,0.009332912981158514,envelope,,
6.99,0.008958184967074194,envelope,,
6.995,0.009219914594592092,envelope,,
7.0,0.008832278425202565,envelope,,
7.005,0.00907996634987765,envelope,,
7.01,0.008682095565025624,envelope,,
7.015000000000001,0.008913947071955553,envelope,,
7.0200000000000005,0.008508582453160204,envelope,,
7.025,0.008722864338115335,envelope,,
7.03,0.008312813447001077,envelope,,
7.035,0.008507851109645881,envelope,,
7.04,0.008095989307181266,envelope,,
7.045,0.00827016367511867,envelope,,
7.05,0.007859436966947627,envelope,,
7.055,0.008011181204872729,envelope,,
7.0600000000000005,0.007604611334879852,envelope,,
7.065,0.007732407355227406,envelope,,
7.07,0.0073330996603627446,envelope,,
7.075,0.007435474554287521,envelope,,
7.08,0.007046629193922851,envelope,,
7.085,0.007122151865010925,envelope,,
7.09,0.006747079124235824,envelope,,
7.095,0.006794357684732633,envelope,,
7.1000000000000005,0.006436498097256875,envelope,,
7.105,0.006454179057111769,envelope,,
7.11,0.006117129043762852,envelope,,
7.115,0.006103900083046476,envelope,,
7.12,0.005791443502322315,envelope,,
7.125,0.005746042923768071,envelope,,
7.13,0.005462188141438653,envelope,,
7.135,0.005383426216402161,envelope,,
7.140000000000001,0.0051324465107384434,envelope,,
7.1450000000000005,0.005019247418870266,envelope,,
7.15,0.004805718839222199,envelope,,
7.155,0.004657197391189516,envelope,,
7.16,0.0044860209953094645,envelope,,
7.165,0.004301616578891067,envelope,,
7.17,0.004177998773253392,envelope,,
7.175,0.003957699980514381,envelope,,
7.18,0.0038870422951093777,envelope,,
7.1850000000000005,0.0036317466807844253,envelope,,
7.19,0.0036193630436910694,envelope,,
7.195,0.003331416628035526,envelope,,
7.2,0.0033819594603388815,envelope,,
7.205,0.003065882497277126,envelope,,
7.21,0.0031823524903559623,envelope,,
7.215,0.002845634286611473,envelope,,
7.22,0.0030279533463003694,envelope,,
7.2250000000000005,0.0026815600414952386,envelope,,
7.23,0.002925003773233984,envelope,,
7.235,0.0025830062785852127,envelope,,
7.24,0.0028772668082155516,envelope,,
7.245,0.0025551387410421584,envelope,,
7.25,0.0028849559548769456,envelope,,
7.255,0.002596901100046204,envelope,,
7.26,0.0029444678914842346,envelope,,
7.265000000000001,0.0027010295516666388,envelope,,
7.2700000000000005,0.0030491071882254197,envelope,,
7.275,0.0028561858734931214,envelope,,
7.28,0.0031904288878701463,envelope,,
7.285,0.0030497679008867004,envelope,,
7.29,0.0033595881617651153,envelope,,
7.295,0.0032699912016123287,envelope,,
7.3,0.003548289874632024,envelope,,
7.305,0.003506850870471385,envelope,,
7.3100000000000005,0.0037492640978107616,envelope,,
7.315,0.0037522777478852954,envelope,,
7.32,0.0039563902416476894,envelope,,
7.325,0.003999913270894624,envelope,,
7.33,0.00416462733129893,envelope,,
7.335,0.00424477862214286,envelope,,
7.34,0.004369866332309897,envelope,,
7.345,0.004482963806431832,envelope,,
7.3500000000000005,0.004568769423158998,envelope,,
7.355,0.004711375889210071,envelope,,
7.36,0.0047586251777859395,envelope,,
7.365,0.004927548157877942,envelope,,
7.37,0.004937228744092187,envelope,,
7.375,0.0051294997705494,envelope,,
7.38,0.005102786913859525,envelope,,
7.385,0.0053156337551151,envelope,,
7.390000000000001,0.005253844555875298,envelope,,
7.3950000000000005,0.005484662991429287,envelope,,
7.4,0.005389228154534962,envelope,,
7.405,0.005635556241384254,envelope,,
7.41,0.005508002567314063,envelope,,
7.415,0.005767498442922216,envelope,,
7.42,0.005609437793764042,envelope,,
7.425,0.005879861143658887,envelope,,
7.43,0.005692983262328467,envelope,,
7.4350000000000005,0.005972180158156711,envelope,,
7.44,0.005758247731295921,envelope,,
7.445,0.006044138396579655,envelope,,
7.45,0.005804983384783796,envelope,,
7.455,0.006095552411730994,envelope,,
7.46,0.005833073067621605,envelope,,
7.465,0.006126361634471958,envelope,,
7.47,0.005842519882190066,envelope,,
7.4750000000000005,0.0061366195695411645,envelope,,
7.48,0.0058334385779477554,envelope,,
7.485,0.006126486427635065,envelope,,
7.49,0.005806048316046116,envelope,,
7.495,0.006096222827240733,envelope,,
7.5,0.005760666512870934,envelope,,
7.505,0.006046184305381792,envelope,,
7.51,0.005697703560205782,envelope,,
7.515000000000001,0.005976816464002621,envelope,,
7.5200000000000005,0.005617658286227289,envelope,,
7.525,0.005888650640244254,envelope,,
7.53,0.005521114087744231,envelope,,
7.535,0.005782300040498272,envelope,,
7.54,0.005408735717098172,envelope,,
7.545,0.005658456332202246,envelope,,
7.55,0.005281266763194704,envelope,,
7.555,0.005517886724499216,envelope,,
7.5600000000000005,0.005139527916061419,envelope,,
7.565,0.005361431627489252,envelope,,
7.57,0.0049844161798931275,envelope,,
7.575,0.005190003034909412,envelope,,
7.58,0.004816905268600971,envelope,,
7.585,0.005004583854256256,envelope,,
7.59,0.0046380475307277996,envelope,,
7.595,0.004806228516825168,envelope,,
7.6000000000000005,0.0044489778836462315,envelope,,
7.605,0.004596065347246381,envelope,,
7.61,0.004250920422139255,envelope,,
7.615,0.004375301395350786,envelope,,
7.62,0.004045198626330955,envelope,,
7.625,0.004145230760432768,envelope,,
7.63,0.0038332504305901125,envelope,,
7.635,0.003907247936981105,envelope,,
7.640000000000001,0.003616649881789578,envelope,,
7.6450000000000005,0.003662868473332954,envelope,,
7.65,0.00339713768731246,envelope,,
7.655,0.00341376041907418,envelope,,
7.66,0.0031766636384539635,envelope,,
7.665,0.003161791861815626,envelope,,
7.67,0.0029574444871343633,envelope,,
7.675,0.002909102650772021,envelope,,
7.68,0.00274204090115605,envelope,,
7.6850000000000005,0.0026582124996390407,envelope,,
7.69,0.0025334554195317266,envelope,,
7.695,0.002412183076561574,envelope,,
7.7,0.0023352472435836063,envelope,,
7.705,0.0021748567907578296,envelope,,
7.71,0.002151644262573147,envelope,,
7.715,0.0019511924690724651,envelope,,
7.72,0.001987600696601522,envelope,,
7.7250000000000005,0.0017476847290721087,envelope,,
7.73,0.001848696411719128,envelope,,
7.735,0.001572732441950957,envelope,,
7.74,0.0017407213479612971,envelope,,
7.745,0.0014365280317674657,envelope,,
7.75,0.0016688128928962166,envelope,,
7.755,0.001349646315068793,envelope,,
7.76,0.0016362348318130948,envelope,,
7.765000000000001,0.0013197502762694916,envelope,,
7.7700000000000005,0.0016432807263761734,envelope,,
7.775,0.001347776907033713,envelope,,
7.78,0.0016869698280865216,envelope,,
7.785,0.0014269423681193625,envelope,,
7.79,0.0017617825175706553,envelope,,
7.795,0.0015457358270908053,envelope,,
7.8,0.0018609800328247895,envelope,,
7.805000000000001,0.0016920240662345383,envelope,,
7.8100000000000005,0.0019778142230631813,envelope,,
7.815,0.0018554920123526359,envelope,,
7.82,0.002106255682388693,envelope,,
7.825,0.0020282320640621584,envelope,,
7.83,0.002241260251166093,envelope,,
7.835,0.002204428402894814,envelope,,
7.84,0.0023787543251293426,envelope,,
7.845,0.002379834550235518,envelope,,
7.8500000000000005,0.002515500775896082,envelope,,
7.855,0.00255131839477045,envelope,,
7.86,0.0026489395372865663,envelope,,
7.865,0.0027165292870459734,envelope,,
7.87,0.002777043774205886,envelope,,
7.875,0.002873669861304329,envelope,,
7.88,0.002898203608652204,envelope,,
7.885,0.0030213430939061915,envelope,,
7.890000000000001,0.003011136868300028,envelope,,
7.8950000000000005,0.0031584500241073478,envelope,,
7.9,0.0031148222350831354,envelope,,
7.905,0.003284120810820153,envelope,,
7.91,0.003208449644184057,envelope,,
7.915,0.003397667641686998,envelope,,
7.92,0.0032913835065595935,envelope,,
7.925,0.0034985520309676705,envelope,,
7.930000000000001,0.003363135298279625,envelope,,
7.9350000000000005,0.0035863616826999835,envelope,,
7.94,0.0034233429456307224,envelope,,
7.945,0.0036607937766548427,envelope,,
7.95,0.0034717551317723925,envelope,,
7.955,0.00372164261501952,envelope,,
7.96,0.0035082191762542307,envelope,,
7.965,0.00376879026097652,envelope,,
7.97,0.0035326715195242147,envelope,,
7.9750000000000005,0.0038021992455754077,envelope,,
7.98,0.0035451301212284614,envelope,,
7.985,0.003821906722567489,envelope,,
7.99,0.003545688275851313,envelope,,
7.995,0.003828019637495165,envelope,,
8.0,0.0035345094963074013,envelope,,
8.005,0.0038207106239671602,envelope,,
8.01,0.0035118232167696724,envelope,,
8.015,0.0038002144197431522,envelope,,
8.02,0.003477921147411421,envelope,,
8.025,0.00376682467433242,envelope,,
8.03,0.003433154169036444,envelope,,
8.035,0.0037208910538462717,envelope,,
8.040000000000001,0.0033779297086265875,envelope,,
8.045,0.0036628166022703887,envelope,,
8.05,0.0033127095748532735,envelope,,
8.055,0.0035930553325279964,envelope,,
8.06,0.003238008269947973,envelope,,
8.065,0.0035121100638882026,envelope,,
8.07,0.003154391833108153,envelope,,
8.075,0.0034205305379755796,envelope,,
8.08,0.003062477311118297,envelope,,
8.085,0.0033189118873285157,envelope,,
8.09,0.0029629330015415335,envelope,,
8.095,0.003207893561171495,envelope,,
8.1,0.0028564796649938043,envelope,,
8.105,0.003088158872342226,envelope,,
8.11,0.0027438929853409746,envelope,,
8.115,0.00296043539458203,envelope,,
8.120000000000001,0.0026260076350280107,envelope,,
8.125,0.0028254965462491664,envelope,,
8.13,0.002503723425641478,envelope,,
8.135,0.0026841648486120987,envelope,,
8.14,0.002378014148880566,envelope,,
8.145,0.0025373175709884187,envelope,,
8.15,0.0022499398588566714,envelope,,
8.155,0.0023858958223837226,envelope,,
8.16,0.0021206634673843635,envelope,,
8.165000000000001,0.0022309186783965574,envelope,,
8.17,0.0019914725372223554,envelope,,
8.175,0.0020735047530765576,envelope,,
8.18,0.0018638068915975755,envelope,,
8.185,0.0019149048766719963,envelope,,
8.19,0.0017392917216117183,envelope,,
8.195,0.001756551436111221,envelope,,
8.2,0.0016197736219940254,envelope,,
8.205,0.0016001326155280593,envelope,,
8.21,0.0015073523057070111,envelope,,
8.215,0.0014477030233822025,envelope,,
8.22,0.0014043923484964797,envelope,,
8.225,0.0013018442274726303,envelope,,
8.23,0.001313486864820593,envelope,,
8.235,0.0011658828682254646,envelope,,
8.24,0.0012373323880791665,envelope,,
8.245000000000001,0.0010441409659240207,envelope,,
8.25,0.0011784746727054693,envelope,,
8.255,0.0009420913234319053,envelope,,
8.26,0.0011389215769241083,envelope,,
8.265,0.0008660817501546678,envelope,,
8.27,0.0011197035394730295,envelope,,
8.275,0.0008221127384811219,envelope,,
8.28,0.0011205529200824383,envelope,,
8.285,0.000813590602128441,envelope,,
8.290000000000001,0.001139873312190896,envelope,,
8.295,0.0008393803301960466,envelope,,
8.3,0.001175032002669381,envelope,,
8.305,0.0008940525013981882,envelope,,
8.31,0.0012228358380979166,envelope,,
8.315,0.0009701544783405608,envelope,,
8.32,0.0012799922082993717,envelope,,
8.325,0.0010604794353917606,envelope,,
8.33,0.001343429905154969,envelope,,
8.335,0.0011591481981751532,envelope,,
8.34,0.0014104602233268185,envelope,,
8.345,0.0012617340359066223,envelope,,
8.35,0.0014788196083686089,envelope,,
8.355,0.0013650003879979848,envelope,,
8.36,0.0015466459178563976,envelope,,
8.365,0.0014665856403785235,envelope,,
8.370000000000001,0.00161242709651906,envelope,,
8.375,0.0015647473988084485,envelope,,
8.38,0.001674944518115365,envelope,,
8.385,0.001658179942502228,envelope,,
8.39,0.0017332212877658086,envelope,,
8.395,0.0017458900884232517,envelope,,
8.4,0.0017864789683977094,envelope,,
8.405,0.001827114012335224,envelope,,
8.41,0.0018341029394839115,envelope,,
8.415000000000001,0.0019012614258600137,envelope,,
8.42,0.00187561529699625,envelope,,
8.425,0.001967877735946519,envelope,,
8.43,0.0019106538860804026,envelope,,
8.435,0.0020266180121581642,envelope,,
8.44,0.0019389561295094673,envelope,,
8.445,0.002077228764298058,envelope,,
8.45,0.0019603465366817663,envelope,,
8.455,0.002119534920951257,envelope,,
8.46,0.001974727018378598,envelope,,
8.465,0.002153430333977681,envelope,,
8.47,0.001982069333893685,envelope,,
8.475,0.002178870682102148,envelope,,
8.48,0.0019824091720956802,envelope,,
8.485,0.002195868037269926,envelope,,
8.49,0.00197584150111098,envelope,,
8.495000000000001,0.002204486598089575,envelope,,
8.5,0.0019625169285780834,envelope,,
8.505,0.002204839255437961,envelope,,
8.51,0.0019426388898855429,envelope,,
8.515,0.0021970847661088788,envelope,,
8.52,0.0019164615533889852,envelope,,
8.525,0.002181425388817364,envelope,,
8.53,0.0018842883748384674,envelope,,
8.535,0.002158104888612757,envelope,,
8.540000000000001,0.001846471283721886,envelope,,
8.545,0.0021274068566281504,envelope,,
8.55,0.0018034105147108378,envelope,,
8.555,0.00208965333166355,envelope,,
8.56,0.0017555551337385179,envelope,,
8.565,0.002045203732739997,envelope,,
8.57,0.0017034043263989384,envelope,,
8.575000000000001,0.001994454140684714,envelope,,
8.58,0.0016475095439977862,envelope,,
8.585,0.001937837006434961,envelope,,
8.59,0.0015884775871725801,envelope,,
8.595,0.0018758213810472705,envelope,,
8.6,0.0015269746860473985,envelope,,
8.605,0.0018089138237675651,envelope,,
8.61,0.0014637315416145631,envelope,,
8.615,0.0017376601799798592,envelope,,
8.620000000000001,0.0013995491142100855,envelope,,
8.625,0.0016626484997806215,envelope,,
8.63,0.0013353046042111443,envelope,,
8.635,0.0015845134420741308,envelope,,
8.64,0.001271956488327803,envelope,,
8.645,0.0015039426001798718,envelope,,
8.65,0.0012105465721797598,envelope,,
8.655,0.001421685288933361,envelope,,
8.66,0.0011521957381642565,envelope,,
8.665000000000001,0.0013385644007415493,envelope,,
8.67,0.0010980885366699716,envelope,,
8.675,0.0012554919092401082,envelope,,
8.68,0.0010494404712293956,envelope,,
8.685,0.0011734883099492454,envelope,,
8.69,0.0010074419030861744,envelope,,
8.695,0.0010937054334569118,envelope,,
8.700000000000001,0.0009731756319939727,envelope,,
8.705,0.001017450076574746,envelope,,
8.71,0.0009475128928665823,envelope,,
8.715,0.0009462019212699553,envelope,,
8.72,0.0009310040375434518,envelope,,
8.725,0.0008816123974703322,envelope,,
8.73,0.0009237905975246904,envelope,,
8.735,0.0008254618597622415,envelope,,
8.74,0.0009255668162135481,envelope,,
8.745000000000001,0.0007795452740398713,envelope,,
8.75,0.0009356061189399454,envelope,,
8.755,0.000745463705569648,envelope,,
8.76,0.0009528460421643552,envelope,,
8.765,0.0007243367313518856,envelope,,
8.77,0.0009760064009357401,envelope,,
8.775,0.0007165177648682875,envelope,,
8.78,0.0010037099947356994,envelope,,
8.785,0.0007214424521088429,envelope,,
8.790000000000001,0.001034582849509818,envelope,,
8.795,0.0007377015633299193,envelope,,
8.8,0.0010673240422056165,envelope,,
8.805,0.000763309567793408,envelope,,
8.81,0.0011007460379333688,envelope,,
8.815,0.0007960416842187709,envelope,,
8.82,0.0011337920953772517,envelope,,
8.825000000000001,0.0008337144796336172,envelope,,
8.83,0.0011655384773480303,envelope,,
8.835,0.0008743557889427486,envelope,,
8.84,0.0011951879954039768,envelope,,
8.845,0.0009162740113175861,envelope,,
8.85,0.0012220594913090433,envelope,,
8.855,0.0009580624133267679,envelope,,
8.86,0.001245576112275488,envelope,,
8.865,0.0009985715626783806,envelope,,
8.870000000000001,0.001265253951167133,envelope,,
8.875,0.0010368713361895178,envelope,,
8.88,0.0012806917968817303,envelope,,
8.885,0.0010722135258650208,envelope,,
8.89,0.0012915622489459474,envelope,,
8.895,0.0011039994861788242,envelope,,
8.9,0.0012976041914748346,envelope,,
8.905,0.001131753854356313,envelope,,
8.91,0.001298616504597368,envelope,,
8.915000000000001,0.0011551039029500194,envelope,,
8.92,0.0012944528482532185,envelope,,
8.925,0.001173763591644103,envelope,,
8.93,0.0012850173487285795,envelope,,
8.935,0.0011875213479313098,envelope,,
8.94,0.0012702610435628716,envelope,,
8.945,0.0011962307255068154,envelope,,
8.950000000000001,0.0012501789685263956,envelope,,
8.955,0.001199803272965649,envelope,,
8.96,0.0012248078016862888,envelope,,
8.965,0.0011982031014768856,envelope,,
8.97,0.001194224027775993,envelope,,
8.975,0.0011914427730575735,envelope,,
8.98,0.0011585426162801795,envelope,,
8.985,0.0011795802586578728,envelope,,
8.99,0.0011179162749383345,envelope,,
8.995000000000001,0.001162716795937033,envelope,,
9.0,0.0010725354101292497,envelope,,
9.005,0.0011409955710049375,envelope,,
9.01,0.001022629035217768,envelope,,
9.015,0.0011146012120535067,envelope,,
9.02,0.0009684670520489152,envelope,,
9.025,0.0010837601796962045,envelope,,
9.03,0.00091036462002158,envelope,,
9.035,0.0010487422057589035,envelope,,
9.040000000000001,0.0008486898436966837,envelope,,
9.045,0.0010098630722599003,envelope,,
9.05,0.0007838769291123118,envelope,,
9.055,0.000967489150665274,envelope,,
9.06,0.0007164486965102171,envelope,,
9.065,0.0009220443316267007,envelope,,
9.07,0.0006470556655005307,envelope,,
9.075000000000001,0.0008740202482445464,envelope,,
9.08,0.0005765455423063273,envelope,,
9.085,0.0008239910325158618,envelope,,
9.09,0.0005060901569694364,envelope,,
9.095,0.0007726342554358488,envelope,,
9.1,0.00043742219678818045,envelope,,
9.105,0.0007207599886087132,envelope,,
9.11,0.0003732729029239131,envelope,,
9.115,0.0006693497383130845,envelope,,
9.120000000000001,0.0003181004337011531,envelope,,
9.125,0.0006196051876477492,envelope,,
9.13,0.0002788257954600408,envelope,,
9.135,0.0005730009607803668,envelope,,
9.14,0.000263795779393722,envelope,,
9.145,0.0005313219519719977,envelope,,
9.15,0.0002775717770082129,envelope,,
9.155,0.000496640666373375,envelope,,
9.16,0.0003165027782273202,envelope,,
9.165000000000001,0.000471161313052522,envelope,,
9.17,0.0003725036720773619,envelope,,
9.175,0.00045686535479144024,envelope,,
9.18,0.00043854555004514976,envelope,,
9.185,0.00045500431736626224,envelope,,
9.19,0.0005100267663439755,envelope,,
9.195,0.00046567893196768095,envelope,,
9.200000000000001,0.0005841174512798556,envelope,,
9.205,0.0004877954787459783,envelope,,
9.21,0.000659022771575827,envelope,,
9.215,0.0005194351219027476,envelope,,
9.22,0.0007335291272132189,envelope,,
9.225,0.000558373226137965,envelope,,
9.23,0.0008067569626596591,envelope,,
9.235,0.0006024766240937359,envelope,,
9.24,0.0008780279451308654,envelope,,
9.245000000000001,0.0006498958989335947,envelope,,
9.25,0.0009467921401187793,envelope,,
9.255,0.0006991065809541296,envelope,,
9.26,0.0010125868938930405,envelope,,
9.265,0.000748877050817152,envelope,,
9.27,0.001075012943069104,envelope,,
9.275,0.0007982145243036751,envelope,,
9.28,0.0011337201935835352,envelope,,
9.285,0.0008463128953367356,envelope,,
9.290000000000001,0.0011883991006894144,envelope,,
9.295,0.0008925101688099823,envelope,,
9.3,0.0012387754006817474,envelope,,
9.305,0.0009362561948731183,envelope,,
9.31,0.0012846068914187374,envelope,,
9.315,0.000977089047682086,envelope,,
9.32,0.001325681502310485,envelope,,
9.325000000000001,0.0010146180123747394,envelope,,
9.33,0.0013618161896821871,envelope,,
9.335,0.0010485114096646898,envelope,,
9.34,0.0013928563701461542,envelope,,
9.345,0.0010784878798330304,envelope,,
9.35,0.001418675712513725,envelope,,
9.355,0.0011043101373102212,envelope,,
9.36,0.0014391761796104835,envelope,,
9.365,0.001125780472660313,envelope,,
9.370000000000001,0.0014542882478824912,envelope,,
9.375,0.0011427375065475559,envelope,,
9.38,0.0014639712746530632,envelope,,
9.385,0.0011550538392536781,envelope,,
9.39,0.0014682139943675186,envelope,,
9.395,0.0011626343550766383,envelope,,
9.4,0.0014670351537985757,envelope,,
9.405,0.0011654150114630425,envelope,,
9.41,0.001460484307550535,envelope,,
9.415000000000001,0.001163362005101326,envelope,,
9.42,0.0014486428180243423,envelope,,
9.425,0.001156471244909088,envelope,,
9.43,0.0014316251236058707,envelope,,
9.435,0.0011447681030151901,envelope,,
9.44,0.0014095803638512101,envelope,,
9.445,0.0011283074470670297,envelope,,
9.450000000000001,0.0013826944923240189,envelope,,
9.455,0.0011071739862970424,envelope,,
9.46,0.0013511930334158624,envelope,,
9.465,0.0010814830098309174,envelope,,
9.47,0.0013153447152236394,envelope,,
9.475,0.0010513816424587534,envelope,,
9.48,0.0012754662738717615,envelope,,
9.485,0.0010170508206548425,envelope,,
9.49,0.001231928818419538,envelope,,
9.495000000000001,0.000978708291296707,envelope,,
9.5,0.0011851662609874431,envelope,,
9.505,0.0009366130942910476,envelope,,
9.51,0.0011356864458109365,envelope,,
9.515,0.0008910722454179254,envelope,,
9.52,0.0010840857234674175,envelope,,
9.525,0.0008424507016687602,envelope,,
9.53,0.0010310677415266162,envelope,,
9.535,0.0007911863117462953,envelope,,
9.540000000000001,0.0009774670246472312,envelope,,
9.545,0.0007378123857044842,envelope,,
9.55,0.0009242771343704869,envelope,,
9.555,0.000682991966393822,envelope,,
9.56,0.0008726812940409302,envelope,,
9.565,0.0006275699139192503,envelope,,
9.57,0.0008240793899238556,envelope,,
9.575000000000001,0.0005726511893922155,envelope,,
9.58,0.0007800982941665817,envelope,,
9.585,0.0005197142185284425,envelope,,
9.59,0.0007425627405209598,envelope,,
9.595,0.00047075953349496745,envelope,,
9.6,0.0007133960312899491,envelope,,
9.605,0.0004284565232972071,envelope,,
9.61,0.0006944257984252784,envelope,,
9.615,0.000396152477956905,envelope,,
9.620000000000001,0.0006871061169799764,envelope,,
9.625,0.0003774632676237675,envelope,,
9.63,0.0006922316273799608,envelope,,
9.635,0.0003752223587834047,envelope,,
9.64,0.000709766127837043,envelope,,
9.645,0.00039021970949996255,envelope,,
9.65,0.0007388740209877333,envelope,,
9.655,0.000420842600329822,envelope,,
9.66,0.0007781344255227975,envelope,,
9.665000000000001,0.0004639906230357151,envelope,,
9.67,0.000825828284109809,envelope,,
9.675,0.0005163189309990978,envelope,,
9.68,0.000880187677050667,envelope,,
9.685,0.0005749576291955614,envelope,,
9.69,0.0009395558319044695,envelope,,
9.695,0.0006376814544552091,envelope,,
9.700000000000001,0.0010024618389082524,envelope,,
9.705,0.0007028226723251592,envelope,,
9.71,0.0010676377432487754,envelope,,
9.715,0.0007691286751113446,envelope,,
9.72,0.0011340053498985468,envelope,,
9.725,0.0008356395239244508,envelope,,
9.73,0.0012006512400902067,envelope,,
9.735,0.0009015992745664995,envelope,,
9.74,0.0012668000449135744,envelope,,
9.745000000000001,0.0009663957803428971,envelope,,
9.75,0.0013317904371481584,envelope,,
9.755,0.0010295207837850641,envelope,,
9.76,0.0013950552630231819,envelope,,
9.765,0.0010905435993787838,envelope,,
9.77,0.0014561058218525442,envelope,,
9.775,0.0011490937278054285,envelope,,
9.78,0.0015145197471805798,envelope,,
9.785,0.001204849315622146,envelope,,
9.790000000000001,0.001569931820872177,envelope,,
9.795,0.0012575294751660847,envelope,,
9.8,0.0016220270878639451,envelope,,
9.805,0.0013068891735560847,envelope,,
9.81,0.0016705357457422998,envelope,,
9.815,0.0013527158598848393,envelope,,
9.82,0.0017152293937479515,envelope,,
9.825000000000001,0.0013948272774940308,envelope,,
9.83,0.001755918308998049,envelope,,
9.835,0.0014330701009547808,envelope,,
9.84,0.0017924495142001148,envelope,,
9.845,0.001467319155767034,envelope,,
9.85,0.0018247054438125026,envelope,,
9.855,0.001497477056411463,envelope,,
9.86,0.001852603079988277,envelope,,
9.865,0.0015234741506055414,envelope,,
9.870000000000001,0.0018760934440029357,envelope,,
9.875,0.001545268699924741,envelope,,
9.88,0.001895161382063306,envelope,,
9.885,0.0015628472456775695,envelope,,
9.89,0.0019098255773085406,envelope,,
9.895,0.0015762251297988992,envelope,,
9.9,0.001920138752636845,envelope,,
9.905,0.0015854471554090314,envelope,,
9.91,0.001926188034539018,envelope,,
9.915000000000001,0.0015905883750780777,envelope,,
9.92,0.0019280954459437124,envelope,,
9.925,0.0015917550045495546,envelope,,
9.93,0.0019260185115817618,envelope,,
9.935,0.001589085464032618,envelope,,
9.94,0.0019201509458373052,envelope,,
9.945,0.001582751544284884,envelope,,
9.950000000000001,0.0019107233967806162,envelope,,
9.955,0.0015729596961627187,envelope,,
9.96,0.001898004201813796,envelope,,
9.965,0.0015599524280374359,envelope,,
9.97,0.0018823000968377524,envelope,,
9.975,0.0015440097840629875,envelope,,
9.98,0.0018639567946737727,envelope,,
9.985,0.0015254508468622988,envelope,,
9.99,0.001843359317923791,envelope,,
9.995000000000001,0.0015046351799441846,envelope,,
10.0,0.0018209319244669923,envelope,,
10.005,0.001481964054658557,envelope,,
10.01,0.0017971374144747164,envelope,,
10.015,0.0014578812604842948,envelope,,
10.02,0.0017724755526320188,envelope,,
10.025,0.0014328731802756344,envelope,,
10.03,0.001747480270171655,envelope,,
10.035,0.0014074677218194084,envelope,,
10.040000000000001,0.0017227152719610217,envelope,,
10.045,0.001382231571808949,envelope,,
10.05,0.001698767643558338,envelope,,
10.055,0.0013577651346676851,envelope,,
10.06,0.0016762390710827893,envelope,,
10.065,0.0013346944518467946,envelope,,
10.07,0.0016557343981759589,envelope,,
10.075000000000001,0.0013136594582434165,envelope,,
10.08,0.0016378474342161834,envelope,,
10.085,0.0012952981183363575,envelope,,
10.09,0.0016231442438939395,envelope,,
10.095,0.001280226432772767,envelope,,
10.1,0.0016121445734925085,envelope,,
10.105,0.0012690149665535654,envelope,,
10.11,0.0016053025151071263,envelope,,
10.115,0.0012621634034674254,envelope,,
10.120000000000001,0.0016029879505116116,envelope,,
10.125,0.001260075476720467,envelope,,
10.13,0.001605470542602266,envelope,,
10.135,0.0012630371957408474,envelope,,
10.14,0.0016129080274145753,envelope,,
10.145,0.0012712013305034547,envelope,,
10.15,0.0016253401745072826,envelope,,
10.155,0.0012845804294212033,envelope,,
10.16,0.00164268912661973,envelope,,
10.165000000000001,0.0013030493688760503,envelope,,
10.17,0.0016647660088775205,envelope,,
10.175,0.0013263568819256084,envelope,,
10.18,0.0016912828934592169,envelope,,
10.185,0.0013541441378632372,envelope,,
10.19,0.0017218686561830487,envelope,,
10.195,0.0013859676120747814,envelope,,
10.200000000000001,0.0017560869750317513,envelope,,
10.205,0.001421323362164723,envelope,,
10.21,0.0017934547973939982,envelope,,
10.215,0.0014596702481245007,envelope,,
10.22,0.00183345990491708,envelope,,
10.225,0.0015004504106461106,envelope,,
10.23,0.0018755766085657229,envelope,,
10.235,0.0015431061341037943,envelope,,
10.24,0.0019192790704430122,envelope,,
10.245000000000001,0.0015870929075158995,envelope,,
10.25,0.001964052077436274,envelope,,
10.255,0.0016318889580171577,envelope,,
10.26,0.0020093994053098697,envelope,,
10.265,0.001677001796623811,envelope,,
10.27,0.0020548500278302247,envelope,,
10.275,0.0017219723826097043,envelope,,
10.28,0.002099962527273125,envelope,,
10.285,0.001766377506660055,envelope,,
10.290000000000001,0.00214432807668482,envelope,,
10.295,0.001809830914021377,envelope,,
10.3,0.002187572317238501,envelope,,
10.305,0.001851983560956284,envelope,,
10.31,0.0022293564168796346,envelope,,
10.315,0.0018925233376341879,envelope,,
10.32,0.0022693775547902016,envelope,,
10.325000000000001,0.0019311744719998462,envelope,,
10.33,0.0023073690026260488,envelope,,
10.335,0.0019676967760886067,envelope,,
10.34,0.002343099941019967,envelope,,
10.345,0.002001884841050966,envelope,,
10.35,0.0023763751171031727,envelope,,
10.355,0.0020335672378476157,envelope,,
10.36,0.0024070343927958954,envelope,,
10.365,0.0020626057681226656,envelope,,
10.370000000000001,0.0024349522551575017,envelope,,
10.375,0.0020888947798592735,envelope,,
10.38,0.002460037291840473,envelope,,
10.385,0.002112360544693765,envelope,,
10.39,0.0024822316486987207,envelope,,
10.395,0.0021329606959998846,envelope,,
10.4,0.002501510477489545,envelope,,
10.405,0.0021506837133813787,envelope,,
10.41,0.0025178813706642003,envelope,,
10.415000000000001,0.002165548440353581,envelope,,
10.42,0.0025313837485667896,envelope,,
10.425,0.0021776035992306228,envelope,,
10.43,0.0025420882085497257,envelope,,
10.435,0.002186927293589705,envelope,,
10.44,0.0025500957929613394,envelope,,
10.445,0.0021936264624261275,envelope,,
10.450000000000001,0.0025555371537360097,envelope,,
10.455,0.0021978362485142776,envelope,,
10.46,0.002558571580059106,envelope,,
10.465,0.0021997192521063867,envelope,,
10.47,0.0025593858575257383,envelope,,
10.475,0.002199464617625364,envelope,,
10.48,0.002558192900141604,envelope,,
10.485,0.0021972869102005344,envelope,,
10.49,0.0025552301301143966,envelope,,
10.495000000000001,0.002193424730391022,envelope,,
10.5,0.002550757544932211,envelope,,
10.505,0.0021881390049188166,envelope,,
10.51,0.002545055425550224,envelope,,
10.515,0.002181710889935613,envelope,,
10.52,0.002538421641030429,envelope,,
10.525,0.0021744392447324095,envelope,,
10.53,0.002531168506256065,envelope,,
10.535,0.0021666375921747328,envelope,,
10.540000000000001,0.00252361916541528,envelope,,
10.545,0.002158630542303439,envelope,,
10.55,0.002516103478572056,envelope,,
10.555,0.0021507496403759445,envelope,,
10.56,0.0025089534305365938,envelope,,
10.565,0.0021433286416000733,envelope,,
10.57,0.0025024980925439713,envelope,,
10.575000000000001,0.00213669824447179,envelope,,
10.58,0.002497058206565315,envelope,,
10.585,0.0021311803471404183,envelope,,
10.59,0.002492940501940787,envelope,,
10.595,0.002127081976163892,envelope,,
10.6,0.0024904319065130365,envelope,,
10.605,0.0021246890408779776,envelope,,
10.61,0.0024897938175288486,envelope,,
10.615,0.0021242601485489676,envelope,,
10.620000000000001,0.0024912566671267903,envelope,,
10.625,0.0021260207450576967,envelope,,
10.63,0.0024950149964639294,envelope,,
10.635,0.002130157858882449,envelope,,
10.64,0.002501223286805749,envelope,,
10.645,0.0021368157297830892,envelope,,
10.65,0.0025099927309642973,envelope,,
10.655,0.002146092564174214,envelope,,
10.66,0.002521389131076382,envelope,,
10.665000000000001,0.002158038606677874,envelope,,
10.67,0.0025354320205027967,envelope,,
10.675,0.00217265564406686,envelope,,
10.68,0.0025520950540135067,envelope,,
10.685,0.002189897946413855,envelope,,
10.69,0.002571307629964462,envelope,,
10.695,0.0022096745779062216,envelope,,
10.700000000000001,0.002592957637697628,envelope,,
10.705,0.002231852917901298,envelope,,
10.71,0.0026168951776100982,envelope,,
10.715,0.002256263164054852,envelope,,
10.72,0.00264293704846556,envelope,,
10.725,0.0022827035573453596,envelope,,
10.73,0.0026708717777406054,envelope,,
10.735,0.002310946064749782,envelope,,
10.74,0.0027004649776736405,envelope,,
10.745000000000001,0.002340742238918119,envelope,,
10.75,0.00273146480247848,envelope,,
10.755,0.0023718290453643574,envelope,,
10.76,0.0027636073448685343,envelope,,
10.765,0.0024039344478651425,envelope,,
10.77,0.0027966217985364522,envelope,,
10.775,0.0024367826336548918,envelope,,
10.78,0.0028302352924776484,envelope,,
10.785,0.0024700987597884054,envelope,,
10.790000000000001,0.002864177310039046,envelope,,
10.795,0.002503613190015485,envelope,,
10.8,0.00289818365036613,envelope,,
10.805,0.0025370651899603983,envelope,,
10.81,0.0029319999228916748,envelope,,
10.815,0.0025702061036151067,envelope,,
10.82,0.002965384567434702,envelope,,
10.825000000000001,0.0026028020195662687,envelope,,
10.83,0.00299811142588367,envelope,,
10.835,0.002634635991006428,envelope,,
10.84,0.0030299718931464724,envelope,,
10.845,0.0026655098330308573,envelope,,
10.85,0.003060776681172678,envelope,,
10.855,0.0026952455524837946,envelope,,
10.86,0.0030903572327134945,envelope,,
10.865,0.002723686462031157,envelope,,
10.870000000000001,0.00311856682012303,envelope,,
10.875,0.0027506980002207854,envelope,,
10.88,0.0031452813608466015,envelope,,
10.885,0.0027761683127951074,envelope,,
10.89,0.00317039997494524,envelope,,
10.895,0.002800008605594311,envelope,,
10.9,0.0031938453196980188,envelope,,
10.905,0.002822153313513851,envelope,,
10.91,0.00321556371104979,envelope,,
10.915000000000001,0.0028425600802788934,envelope,,
10.92,0.0032355250442130776,envelope,,
10.925,0.0028612095809167548,envelope,,
10.93,0.0032537225435594424,envelope,,
10.935,0.0028781051857264804,envelope,,
10.94,0.0032701723246687238,envelope,,
10.945,0.002893272468691063,envelope,,
10.950000000000001,0.0032849127904827397,envelope,,
10.955,0.002906758565773803,envelope,,
10.96,0.0032980038502354735,envelope,,
10.965,0.002918631374174091,envelope,,
10.97,0.0033095259686187505,envelope,,
10.975,0.002928978596951911,envelope,,
10.98,0.0033195790395870034,envelope,,
10.985,0.00293790661376037,envelope,,
10.99,0.0033282810779423307,envelope,,
10.995000000000001,0.0029455391792603046,envelope,,
11.0,0.0033357667256450484,envelope,,
11.005,0.0029520159453324656,envelope,,
11.01,0.0033421855770762866,envelope,,
11.015,0.0029574907905664826,envelope,,
11.02,0.003347700314732374,envelope,,
11.025,0.00296212995931601,envelope,,
11.03,0.0033524846591865822,envelope,,
11.035,0.002966110017941424,envelope,,
11.040000000000001,0.003356721143033761,envelope,,
11.045,0.002969615613829518,envelope,,
11.05,0.003360598718671053,envelope,,
11.055,0.002972837070418873,envelope,,
11.06,0.00336431021430199,envelope,,
11.065,0.002975967816105143,envelope,,
11.07,0.003368049670201754,envelope,,
11.075000000000001,0.002979201687979359,envelope,,
11.08,0.0033720095834809984,envelope,,
11.085,0.00298273013117619,envelope,,
11.09,0.0033763780966674277,envelope,,
11.095,0.0029867393554067227,envelope,,
11.1,0.00338133618857952,envelope,,
11.105,0.0029914074778815652,envelope,,
11.11,0.003387054913286455,envelope,,
11.115,0.0029969017317446403,envelope,,
11.120000000000001,0.0033936927489788206,envelope,,
11.125,0.003003375796039574,envelope,,
11.13,0.003401393119747265,envelope,,
11.135,0.0030109673166250554,envelope,,
11.14,0.0034102821473176465,envelope,,
11.145,0.003019795678820825,envelope,,
11.15,0.003420466702429788,envelope,,
11.155,0.0030299601179816288,envelope,,
11.16,0.0034320328008129114,envelope,,
11.165000000000001,0.0030415381947378694,envelope,,
11.17,0.0034450443950084634,envelope,,
11.175,0.003054584710505209,envelope,,
11.18,0.003459542592363175,envelope,,
11.185,0.003069131074032704,envelope,,
11.19,0.003475545324159294,envelope,,
11.195,0.003085185146260039,envelope,,
11.200000000000001,0.0034930474624226358,envelope,,
11.205,0.0031027315636828036,envelope,,
11.21,0.0035120213888241453,envelope,,
11.215,0.0031217325173496856,envelope,,
11.22,0.0035324179782948153,envelope,,
11.225,0.003142128958893867,envelope,,
11.23,0.0035541679732931444,envelope,,
11.235,0.0031638421903198337,envelope,,
11.24,0.003577183685237062,envelope,,
11.245000000000001,0.003186775772197191,envelope,,
11.25,0.0036013609869377057,envelope,,
11.255,0.003210817695317826,envelope,,
11.26,0.003626581520598989,envelope,,
11.265,0.0032358427453159718,envelope,,
11.27,0.0036527150686428526,envelope,,
11.275,0.0032617149953205076,envelope,,
11.28,0.0036796220181150416,envelope,,
11.285,0.0032882903595281305,envelope,,
11.290000000000001,0.0037071558731893465,envelope,,
11.295,0.0033154191484303388,envelope,,
11.3,0.0037351657463590153,envelope,,
11.305,0.0033429485839688673,envelope,,
11.31,0.0037634987991046545,envelope,,
11.315,0.003370725216866391,envelope,,
11.32,0.003792002580535758,envelope,,
11.325000000000001,0.003398597217707827,envelope,,
11.33,0.0038205272392290227,envelope,,
11.335,0.0034264165127170076,envelope,,
11.34,0.0038489275719337194,envelope,,
11.345,0.0034540407496728887,envelope,,
11.35,0.003877064911745842,envelope,,
11.355,0.003481335065397192,envelope,,
11.36,0.003904808819453908,envelope,,
11.365,0.0035081736688975917,envelope,,
11.370000000000001,0.003932038586703375,envelope,,
11.375,0.0035344412090289575,envelope,,
11.38,0.003958644536920581,envelope,,
11.385,0.003560033957649022,envelope,,
11.39,0.003984529129795248,envelope,,
11.395,0.003584860783731432,envelope,,
11.4,0.0040096078734669265,envelope,,
11.405,0.0036088439415635034,envelope,,
11.41,0.004033810035827901,envelope,,
11.415000000000001,0.0036319196688039414,envelope,,
11.42,0.004057079171778188,envelope,,
11.425,0.0036540386029721285,envelope,,
11.43,0.0040793734697892855,envelope,,
11.435,0.003675166024214377,envelope,,
11.44,0.004100665912615749,envelope,,
11.445,0.003695281928256716,envelope,,
11.450000000000001,0.004120944278066509,envelope,,
11.455,0.0037143809391455935,envelope,,
11.46,0.0041402109597986686,envelope,,
11.465,0.0037324720586477435,envelope,,
11.47,0.004158482642166279,envelope,,
11.475,0.003749578271304287,envelope,,
11.48,0.0041757898084078164,envelope,,
11.485,0.0037657359980414564,envelope,,
11.49,0.004192176108326193,envelope,,
11.495000000000001,0.003780994410174935,envelope,,
11.5,0.004207697582401333,envelope,,
11.505,0.0037954146093138073,envelope,,
11.51,0.004222421747183383,envelope,,
11.515,0.0038090686718538318,envelope,,
11.52,0.00423642655573437,envelope,,
11.525,0.003822038579471812,envelope,,
11.53,0.00424979923946104,envelope,,
11.535,0.0038344150265780174,envelope,,
11.540000000000001,0.004262635041501863,envelope,,
11.545,0.003846296131990588,envelope,,
11.55,0.0042750358515903294,envelope,,
11.555,0.003857786050390274,envelope,,
11.56,0.0042871087601771786,envelope,,
11.565,0.003868993508661792,envelope,,
11.57,0.004298964540219258,envelope,,
11.575000000000001,0.0038800302754634936,envelope,,
11.58,0.0043107160853406495,envelope,,
11.585,0.0038910095871573414,envelope,,
11.59,0.004322476812757062,envelope,,
11.595,0.0039020445474293422,envelope,,
11.6,0.00433435905924971,envelope,,
11.605,0.003913246523660088,envelope,,
11.61,0.004346472490076743,envelope,,
11.615,0.003924723563368763,envelope,,
11.620000000000001,0.0043589225492954515,envelope,,
11.625,0.003936578858680461,envelope,,
11.63,0.004371808971538891,envelope,,
11.635,0.003948909280330235,envelope,,
11.64,0.004385224381732335,envelope,,
11.645,0.003961804006332688,envelope,,
11.65,0.004399253010765903,envelope,,
11.655,0.003975343284385415,envelope,,
11.66,0.004413969546229483,envelope,,
11.665000000000001,0.00398959732917501,envelope,,
11.67,0.004429438147591092,envelope,,
11.675,0.004004625399259044,envelope,,
11.68,0.004445711629389393,envelope,,
11.685,0.004020475050582414,envelope,,
11.69,0.004462830844062965,envelope,,
11.695,0.004037181598949255,envelope,,
11.700000000000001,0.00448082426081092,envelope,,
11.705,0.0040547677831281725,envelope,,
11.71,0.004499707760157198,envelope,,
11.715,0.004073243653576161,envelope,,
11.72,0.004519484634272429,envelope,,
11.725,0.004092606667975755,envelope,,
11.73,0.004540145798491272,envelope,,
11.735,0.004112841996655369,envelope,,
11.74,0.004561670196974639,envelope,,
11.745000000000001,0.004133923030273299,envelope,,
11.75,0.004584025402892192,envelope,,
11.755,0.004155812064315112,envelope,,
11.76,0.0046071683827388285,envelope,,
11.765,0.004178461156810569,envelope,,
11.77,0.004631046416132819,envelope,,
11.775,0.004201813119508072,envelope,,
11.78,0.004655598141457855,envelope,,
11.785,0.004225802637712441,envelope,,
11.790000000000001,0.004680754713975814,envelope,,
11.795,0.00425035748228106,envelope,,
11.8,0.004706441041588952,envelope,,
11.805,0.004275399788121013,envelope,,
11.81,0.004732577077585751,envelope,,
11.815,0.004300847379198198,envelope,,
11.82,0.0047590791476809025,envelope,,
11.825000000000001,0.004326615113839517,envelope,,
11.83,0.004785861286077933,envelope,,
11.835,0.004352616221497267,envelope,,
11.84,0.004812836555954479,envelope,,
11.845,0.004378763620473192,envelope,,
11.85,0.004839918342194983,envelope,,
11.855,0.004404971186275769,envelope,,
11.86,0.004867021593148551,envelope,,
11.865,0.004431154963626924,envelope,,
11.870000000000001,0.00489406398905042,envelope,,
11.875,0.004457234299318413,envelope,,
11.88,0.004920967042049322,envelope,,
11.885,0.00448313289170814,envelope,,
11.89,0.004947657097902548,envelope,,
11.895,0.004508779742859334,envelope,,
11.9,0.004974066240086822,envelope,,
11.905,0.00453410999989468,envelope,,
11.91,0.005000133081449579,envelope,,
11.915000000000001,0.004559065691248043,envelope,,
11.92,0.0050258034529584335,envelope,,
11.925,0.004583596348861725,envelope,,
11.93,0.005051030964709468,envelope,,
11.935,0.00460765950906147,envelope,,
11.94,0.005075777456704848,envelope,,
11.945,0.0046312210944359665,envelope,,
11.950000000000001,0.005100013324961515,envelope,,
11.955,0.004654255683808867,envelope,,
11.96,0.0051237177300442515,envelope,,
11.965,0.004676746654346097,envelope,,
11.97,0.005146878687033896,envelope,,
11.975,0.004698686219317952,envelope,,
11.98,0.00516949303992265,envelope,,
11.985,0.004720075342551824,envelope,,
11.99,0.005191566324023001,envelope,,
11.995000000000001,0.004740923552171228,envelope,,
12.0,0.0052131125178525315,envelope,,
12.005,0.00476124864169036,envelope,,
12.01,0.00523415369262494,envelope,,
12.015,0.0047810762770650085,envelope,,
12.02,0.005254719564761249,envelope,,
12.025,0.004800439508991389,envelope,,
12.030000000000001,0.005274846956257605,envelope,,
12.035,0.004819378198407532,envelope,,
12.040000000000001,0.005294579171806505,envelope,,
12.045,0.004837938355717172,envelope,,
12.05,0.005313965299229524,envelope,,
12.055,0.004856171422239991,envelope,,
12.06,0.005333059443513543,envelope,,
12.065,0.004874133473953264,envelope,,
12.07,0.005351919903927216,envelope,,
12.075000000000001,0.004891884383205641,envelope,,
12.08,0.005370608306009516,envelope,,
12.085,0.004909486934401258,envelope,,
12.09,0.005389188696292285,envelope,,
12.095,0.0049270059142049625,envelope,,
12.1,0.005407726616936143,envelope,,
12.105,0.0049445071723921916,envelope,,
12.11,0.005426288166704902,envelope,,
12.115,0.004962056694295805,envelope,,
12.120000000000001,0.005444939067061633,envelope,,
12.125,0.004979719662695153,envelope,,
12.13,0.005463743742717277,envelope,,
12.135,0.004997559554599995,envelope,,
12.14,0.005482764432646768,envelope,,
12.145,0.005015637266172778,envelope,,
12.15,0.005502060339763445,envelope,,
12.155000000000001,0.005034010282038712,envelope,,
12.16,0.005521686837676406,envelope,,
12.165000000000001,0.0050527319116997465,envelope,,
12.17,0.005541694742331548,envelope,,
12.175,0.005071850587447717,envelope,,
12.18,0.005562129661147619,envelope,,
12.185,0.0050914092550772925,envelope,,
12.19,0.005583031430470528,envelope,,
12.195,0.005111444842612285,envelope,,
12.200000000000001,0.005604433642777865,envelope,,
12.205,0.005131987841043948,envelope,,
12.21,0.005626363282131363,envelope,,
12.215,0.005153061977372941,envelope,,
12.22,0.005648840459026136,envelope,,
12.225,0.00517468400679825,envelope,,
12.23,0.00567187826294456,envelope,,
12.235,0.005196863608112052,envelope,,
12.24,0.005695482714041185,envelope,,
12.245000000000001,0.005219603391053579,envelope,,
12.25,0.0057196528311723215,envelope,,
12.255,0.005242899016033289,envelope,,
12.26,0.005744380804283346,envelope,,
12.265,0.0052667394144686125,envelope,,
12.27,0.005769652265529502,envelope,,
12.275,0.00529110710549475,envelope,,
12.280000000000001,0.005795446650401908,envelope,,
12.285,0.005315978608469034,envelope,,
12.290000000000001,0.005821737657624953,envelope,,
12.295,0.005341324934662177,envelope,,
12.3,0.005848493764812541,envelope,,
12.305,0.005367112143486604,envelope,,
12.31,0.0058756788297894495,envelope,,
12.315,0.0053933019814842486,envelope,,
12.32,0.00590325273643638,envelope,,
12.325000000000001,0.005419852534855741,envelope,,
12.33,0.0059311720748549835,envelope,,
12.335,0.005446718952877796,envelope,,
12.34,0.005959390876342204,envelope,,
12.345,0.005473854178083511,envelope,,
12.35,0.00598786133828724,envelope,,
12.355,0.005501209686217358,envelope,,
12.36,0.006016534579487898,envelope,,
12.365,0.00552873623254134,envelope,,
12.370000000000001,0.006045361367131215,envelope,,
12.375,0.0055563845949483815,envelope,,
12.38,0.006074292856843036,envelope,,
12.385,0.005584106278017599,envelope,,
12.39,0.006103281282737269,envelope,,
12.395,0.005611854205368075,envelope,,
12.4,0.006132280625852701,envelope,,
12.405000000000001,0.005639583358620972,envelope,,
12.41,0.0061612472324372725,envelope,,
12.415000000000001,0.005667251374318487,envelope,,
12.42,0.006190140392665873,envelope,,
12.425,0.005694819096485096,envelope,,
12.43,0.0062189228508412655,envelope,,
12.435,0.005722251051910171,envelope,,
12.44,0.006247561261910314,envelope,,
12.445,0.005749515875852601,envelope,,
12.450000000000001,0.006276026580699192,envelope,,
12.455,0.005776586668938681,envelope,,
12.46,0.006304294380792609,envelope,,
12.465,0.0058034412756644855,envelope,,
12.47,0.006332345104310057,envelope,,
12.475,0.005830062496334896,envelope,,
12.48,0.0063601642374561595,envelope,,
12.485,0.0058564382421614925,envelope,,
12.49,0.006387742420468949,envelope,,
12.495000000000001,0.005882561581000761,envelope,,
12.5,0.006415075470555083,envelope,,
12.505,0.0059084307543002075,envelope,,
12.51,0.006442164347907737,envelope,,
12.515,0.005934049088350117,envelope,,
12.52,0.006469015046250668,envelope,,
12.525,0.005959424866016096,envelope,,
12.530000000000001,0.006495638422927943,envelope,,
12.535,0.005984571116995105,envelope,,
12.540000000000001,0.006522049956063636,envelope,,
12.545,0.006009505354730928,envelope,,
12.55,0.006548269452048255,envelope,,
12.555,0.00603424925450038,envelope,,
12.56,0.006574320700990128,envelope,,
12.565,0.006058828289329911,envelope,,
12.57,0.006600231082284555,envelope,,
12.575000000000001,0.0060832713073431036,envelope,,
12.58,0.006626031120404319,envelope,,
12.585,0.006107610083026019,envelope,,
12.59,0.006651754016939248,envelope,,
12.595,0.006131878825924103,envelope,,
12.6,0.006677435146130603,envelope,,
12.605,0.006156113669853325,envelope,,
12.61,0.006703111532868648,envelope,,
12.615,0.0061803521484224255,envelope,,
12.620000000000001,0.006728821319075012,envelope,,
12.625,0.0062046326428405576,envelope,,
12.63,0.006754603212165835,envelope,,
12.635,0.0062289938484321235,envelope,,
12.64,0.006780495949441185,envelope,,
12.645,0.006253474231145899,envelope,,
12.65,0.0068065377573482515,envelope,,
12.655000000000001,0.0062781114955971235,envelope,,
12.66,0.006832765838285511,envelope,,
12.665000000000001,0.006302942082044651,envelope,,
12.67,0.006859215873596999,envelope,,
12.675,0.0063280006845697285,envelope,,
12.68,0.006885921560993571,envelope,,
12.685,0.006353319803888651,envelope,,
12.69,0.006912914186831573,envelope,,
12.695,0.006378929331746898,envelope,,
12.700000000000001,0.00694022223997433,envelope,,
12.705,0.006404856197870126,envelope,,
12.71,0.006967871073878337,envelope,,
12.715,0.006431124044078904,envelope,,
12.72,0.006995882622243568,envelope,,
12.725,0.00645775297533454,envelope,,
12.73,0.007024275168202553,envelope,,
12.735,0.006484759347216587,envelope,,
12.74,0.007053063170971745,envelope,,
12.745000000000001,0.006512155625827128,envelope,,
12.75,0.0070822571537998225,envelope,,
12.755,0.00653995030093331,envelope,,
12.76,0.007111863649408472,envelope,,
12.765,0.0065681478658205774,envelope,,
12.77,0.007141885211451082,envelope,,
12.775,0.0065967488476764554,envelope,,
12.780000000000001,0.007172320473188482,envelope,,
12.785,0.0066257499036763675,envelope,,
12.790000000000001,0.00720316427655501,envelope,,
12.795,0.006655143972301163,envelope,,
12.8,0.007234407841614624,envelope,,
12.805,0.006684920467609174,envelope,,
12.81,0.007266038996486163,envelope,,
12.815,0.006715065535018235,envelope,,
12.82,0.007298042447194439,envelope,,
12.825000000000001,0.006745562336300565,envelope,,
12.83,0.007330400083019245,envelope,,
12.835,0.006776391379409405,envelope,,
12.84,0.007363091322959293,envelope,,
12.845,0.0068075308719748725,envelope,,
12.85,0.007396093484056189,envelope,,
12.855,0.006838957117278985,envelope,,
12.86,0.007429382181453798,envelope,,
12.865,0.006870644903172708,envelope,,
12.870000000000001,0.007462931732379003,envelope,,
12.875,0.006902567928330356,envelope,,
12.88,0.007496715578461935,envelope,,
12.885,0.006934699221270762,envelope,,
12.89,0.007530706709066436,envelope,,
12.895,0.0069670115579178364,envelope,,
12.9,0.007564878073811144,envelope,,
12.905000000000001,0.006999477881665275,envelope,,
12.91,0.00759920299416718,envelope,,
12.915000000000001,0.007032071700495045,envelope,,
12.92,0.0076336555598892145,envelope,,
12.925,0.007064767476320884,envelope,,
12.93,0.0076682110015947515,envelope,,
12.935,0.007097540983761177,envelope,,
12.94,0.007702846038204363,envelope,,
12.945,0.007130369646805607,envelope,,
12.950000000000001,0.007737539197134518,envelope,,
12.955,0.007163232844738835,envelope,,
12.96,0.007772271106188514,envelope,,
12.965,0.007196112178236594,envelope,,
12.97,0.007807024739339793,envelope,,
12.975,0.007228991706023714,envelope,,
12.98,0.00784178563495088,envelope,,
12.985,0.0072618581340216405,envelope,,
12.99,0.007876542061934437,envelope,,
12.995000000000001,0.00729470097400374,envelope,,
13.0,0.007911285158821793,envelope,,
13.005,0.00732751264252493,envelope,,
13.01,0.007946009014607748,envelope,,
13.015,0.007360288537437222,envelope,,
13.02,0.007980710718392557,envelope,,
13.025,0.0073930270566407805,envelope,,
13.030000000000001,0.0080153903603683,envelope,,
13.035,0.0074257295882500995,envelope,,
13.040000000000001,0.008050050998822698,envelope,,
13.045,0.0074584004437951105,envelope,,
13.05,0.008084698571714436,envelope,,
13.055,0.007491046764288761,envelope,,
13.06,0.008119341787974702,envelope,,
13.065,0.0075236783849040164,envelope,,
13.07,0.008153991975464573,envelope,,
13.075000000000001,0.0075563076724808826,envelope,,
13.08,0.008188662889333698,envelope,,
13.085,0.007588949314573522,envelope,,
13.09,0.008223370503342542,envelope,,
13.095,0.0076216201024858,envelope,,
13.1,0.008258132763162868,envelope,,
13.105,0.00765433866507534,envelope,,
13.11,0.0082929693246738,envelope,,
13.115,0.007687125210894535,envelope,,
13.120000000000001,0.008327901272231937,envelope,,
13.125,0.007720001225548165,envelope,,
13.13,0.008362950821991224,envelope,,
13.135,0.00775298917511007,envelope,,
13.14,0.008398141009280569,envelope,,
13.145,0.007786112195870091,envelope,,
13.15,0.00843349538554174,envelope,,
13.155000000000001,0.00781939378356669,envelope,,
13.16,0.008469037704265069,envelope,,
13.165000000000001,0.00785285748160447,envelope,,
13.17,0.008504791603079426,envelope,,
13.175,0.0078865265694426,envelope,,
13.18,0.008540780318115376,envelope,,
13.185,0.007920423773351332,envelope,,
13.19,0.008577026378083448,envelope,,
13.195,0.00795457098433345,envelope,,
13.200000000000001,0.008613551341389506,envelope,,
13.205,0.007988988983599387,envelope,,
13.21,0.008650375538577816,envelope,,
13.215,0.00802369721615449,envelope,,
13.22,0.008687517846687438,envelope,,
13.225,0.008058713556017965,envelope,,
13.23,0.00872499547665073,envelope,,
13.235,0.008094054125021188,envelope,,
13.24,0.008762823802067641,envelope,,
13.245000000000001,0.00812973312784758,envelope,,
13.25,0.008801016214772655,envelope,,
13.255,0.008165762723781354,envelope,,
13.26,0.008839584007969583,envelope,,
13.265,0.008202152918844536,envelope,,
13.27,0.008878536295579576,envelope,,
13.275,0.008238911515151687,envelope,,
13.280000000000001,0.008917879962228845,envelope,,
13.285,0.008276044067501162,envelope,,
13.290000000000001,0.008957619657341098,envelope,,
13.295,0.008313553894883047,envelope,,
13.3,0.008997757806240896,envelope,,
13.305,0.00835144211076675,envelope,,
13.31,0.009038294669992375,envelope,,
13.315,0.008389707694459535,envelope,,
13.32,0.009079228423337615,envelope,,
13.325000000000001,0.008428347586143602,envelope,,
13.33,0.009120555266832545,envelope,,
13.335,0.008467356810704287,envelope,,
13.34,0.009162269566720116,envelope,,
13.345,0.008506728630627769,envelope,,
13.35,0.009204364016087405,envelope,,
13.355,0.008546454716400984,envelope,,
13.36,0.009246829818732321,envelope,,
13.365,0.008586525344853966,envelope,,
13.370000000000001,0.00928965688818811,envelope,,
13.375,0.00862692960057552,envelope,,
13.38,0.009332834071045116,envelope,,
13.385,0.008667655605360518,envelope,,
13.39,0.009376349366292752,envelope,,
13.395,0.00870869074722557,envelope,,
13.4,0.009420190169089472,envelope,,
13.405000000000001,0.008750021920596188,envelope,,
13.41,0.009464343501793716,envelope,,
13.415000000000001,0.008791635759124122,envelope,,
13.42,0.00950879625690633,envelope,,
13.425,0.008833518881886352,envelope,,
13.43,0.009553535435853367,envelope,,
13.435,0.008875658127604574,envelope,,
13.44,0.009598548379219361,envelope,,
13.445,0.008918040778598492,envelope,,
13.450000000000001,0.009643822989312678,envelope,,
13.455,0.008960654775560913,envelope,,
13.46,0.009689347934104862,envelope,,
13.465,0.009003488926321822,envelope,,
13.47,0.009735112854642144,envelope,,
13.475,0.009046533085031947,envelope,,
13.48,0.00978110852775143,envelope,,
13.485,0.009089778324477544,envelope,,
13.49,0.009827327033974135,envelope,,
13.495000000000001,0.009133217082425107,envelope,,
13.5,0.009873761889518915,envelope,,
13.505,0.009176843289340021,envelope,,
13.51,0.009920408165720693,envelope,,
13.515,0.00922065246929009,envelope,,
13.52,0.009967262577805485,envelope,,
13.525,0.009264641821021883,envelope,,
13.530000000000001,0.01001432355048034,envelope,,
13.535,0.009308810272840504,envelope,,
13.540000000000001,0.010061591266606362,envelope,,
13.545,0.00935315851193303,envelope,,
13.55,0.010109067675103073,envelope,,
13.555,0.00939768899036767,envelope,,
13.56,0.010156756494520039,envelope,,
13.565,0.009442405903321436,envelope,,
13.57,0.010204663173142822,envelope,,
13.575000000000001,0.009487315152828123,envelope,,
13.58,0.010252794843564129,envelope,,
13.585,0.00953242428001692,envelope,,
13.59,0.010301160245171588,envelope,,
13.595,0.009577742384579825,envelope,,
13.6,0.010349769628756474,envelope,,
13.605,0.009623280011089289,envelope,,
13.61,0.01039863464495851,envelope,,
13.615,0.00966904904248547,envelope,,
13.620000000000001,0.010447768214954732,envelope,,
13.625,0.009715062548842843,envelope,,
13.63,0.010497184385637893,envelope,,
13.635,0.009761334648351893,envelope,,
13.64,0.010546898177201553,envelope,,
13.645,0.00980788034343866,envelope,,
13.65,0.010596925417587114,envelope,,
13.655000000000001,0.00985471535027262,envelope,,
13.66,0.010647282568422156,envelope,,
13.665000000000001,0.009901855928265242,envelope,,
13.67,0.010697986555329712,envelope,,
13.675,0.009949318704920235,envelope,,
13.68,0.010749054587231353,envelope,,
13.685,0.009997120492951034,envelope,,
13.69,0.010800503979464342,envelope,,
13.695,0.010045278118745235,envelope,,
13.700000000000001,0.01085235197876661,envelope,,
13.705,0.010093808250358719,envelope,,
13.71,0.010904615602430895,envelope,,
13.715,0.010142727231867748,envelope,,
13.72,0.010957311474374768,envelope,,
13.725,0.010192050937503768,envelope,,
13.73,0.0110104556801659,envelope,,
13.735,0.010241794617516382,envelope,,
13.74,0.011064063624811929,envelope,,
13.745000000000001,0.010291972775628214,envelope,,
13.75,0.011118149919061165,envelope,,
13.755,0.01034259905072245,envelope,,
13.76,0.011172728261680958,envelope,,
13.765,0.010393686119745301,envelope,,
13.77,0.011227811360751351,envelope,,
13.775,0.010445245610062376,envelope,,
13.780000000000001,0.0112834108505136,envelope,,
13.785,0.010497288039523742,envelope,,
13.790000000000001,0.011339537240488704,envelope,,
13.795,0.010549822774337352,envelope,,
13.8,0.011396199883964534,envelope,,
13.805,0.010602857996777779,envelope,,
13.81,0.011453406962700776,envelope,,
13.815,0.010656400704607688,envelope,,
13.82,0.011511165483990672,envelope,,
13.825000000000001,0.010710456719621422,envelope,,
13.83,0.011569481307682719,envelope,,
13.835,0.010765030716702312,envelope,,
13.84,0.011628359180162725,envelope,,
13.845,0.010820126276112662,envelope,,
13.85,0.011687802799003569,envelope,,
13.855,0.01087574594242949,envelope,,
13.86,0.01174781487435214,envelope,,
13.865,0.010931891303506799,envelope,,
13.870000000000001,0.011808397225838268,envelope,,
13.875,0.01098856309125032,envelope,,
13.88,0.011869550879441615,envelope,,
13.885,0.01104576127739554,envelope,,
13.89,0.011931276172904607,envelope,,
13.895,0.011103485198474166,envelope,,
13.9,0.011993572886943913,envelope,,
13.905000000000001,0.01116173367034485,envelope,,
13.91,0.012056440361130223,envelope,,
13.915000000000001,0.01122050512750781,envelope,,
13.92,0.012119877640892915,envelope,,
13.925,0.011279797758791971,envelope,,
13.93,0.012183883611093441,envelope,,
13.935,0.011339609642532184,envelope,,
13.94,0.012248457133477851,envelope,,
13.945,0.011399938889768771,envelope,,
13.950000000000001,0.012313597186963813,envelope,,
13.955,0.011460783775176937,envelope,,
13.96,0.012379303001015899,envelope,,
13.965,0.011522142878466311,envelope,,
13.97,0.012445574199655786,envelope,,
13.975,0.011584015216324189,envelope,,
13.98,0.012512410921164202,envelope,,
13.985,0.011646400364934029,envelope,,
13.99,0.012579813943604792,envelope,,
13.995000000000001,0.011709298573527403,envelope,,
14.0,0.012647784791764574,envelope,,
14.005,0.01177271087145273,envelope,,
14.01,0.012716325840424886,envelope,,
14.015,0.011836639163024961,envelope,,
14.02,0.01278544040444747,envelope,,
14.025,0.01190108631379118,envelope,,
14.030000000000001,0.012855132817190739,envelope,,
14.035,0.011966056219237731,envelope,,
14.040000000000001,0.012925408496981816,envelope,,
14.045,0.012031553866602653,envelope,,
14.05,0.012996274000420114,envelope,,
14.055,0.012097585374984845,envelope,,
14.06,0.013067737055561699,envelope,,
14.065,0.012164158031186931,envelope,,
14.07,0.013139806589207707,envelope,,
14.075000000000001,0.012231280299779853,envelope,,
14.08,0.013212492739644536,envelope,,
14.085,0.012298961830738411,envelope,,
14.09,0.01328580684660069,envelope,,
14.095,0.012367213447638374,envelope,,
14.1,0.01335976144154341,envelope,,
14.105,0.01243604712400692,envelope,,
14.11,0.013434370217125551,envelope,,
14.115,0.012505475950541033,envelope,,
14.120000000000001,0.013509647985207816,envelope,,
14.125,0.01257551408219723,envelope,,
14.13,0.013585610623022267,envelope,,
14.135,0.012646176685393438,envelope,,
14.14,0.013662275019001755,envelope,,
14.145,0.012717479871669764,envelope,,
14.15,0.013739658995858795,envelope,,
14.155000000000001,0.012789440619218601,envelope,,
14.16,0.013817781239610201,envelope,,
14.165000000000001,0.012862076699659681,envelope,,
14.17,0.013896661208207924,envelope,,
14.175,0.012935406582993272,envelope,,
14.18,0.01397631905736294,envelope,,
14.185,0.013009449354558347,envelope,,
14.19,0.014056775538400422,envelope,,
14.195,0.01308422462079304,envelope,,
14.200000000000001,0.014138051914410378,envelope,,
14.205,0.013159752415923707,envelope,,
14.21,0.014220169862332379,envelope,,
14.215,0.01323605310956636,envelope,,
14.22,0.01430315139282481,envelope,,
14.225,0.013313147318934347,envelope,,
14.23,0.01438701875255071,envelope,,
14.235,0.01339105582388457,envelope,,
14.24,0.014471794349939626,envelope,,
14.245000000000001,0.013469799480967938,envelope,,
14.25,0.014557500672644956,envelope,,
14.255,0.013549399151082586,envelope,,
14.26,0.014644160220100457,envelope,,
14.265,0.013629875633520357,envelope,,
14.27,0.014731795442226555,envelope,,
14.275,0.013711249602814926,envelope,,
14.280000000000001,0.014820428683036624,envelope,,
14.285,0.013793541561841507,envelope,,
14.290000000000001,0.014910082138821456,envelope,,
14.295,0.0138767717995517,envelope,,
14.3,0.015000777825151806,envelope,,
14.305,0.013960960362130901,envelope,,
14.31,0.015092537553948541,envelope,,
14.315,0.0140461270316412,envelope,,
14.32,0.01518538291778081,envelope,,
14.325000000000001,0.0141322913218017,envelope,,
14.33,0.015279335294696123,envelope,,
14.335,0.01421947247882585,envelope,,
14.34,0.015374415860156589,envelope,,
14.345,0.014307689502783239,envelope,,
14.35,0.015470645607256047,envelope,,
14.355,0.01439696116182222,envelope,,
14.36,0.015568045377494592,envelope,,
14.365,0.014487306039704016,envelope,,
14.370000000000001,0.015666635909151575,envelope,,
14.375,0.014578742578934052,envelope,,
14.38,0.015766437893281096,envelope,,
14.385,0.014671289139719167,envelope,,
14.39,0.015867472032617843,envelope,,
14.395,0.014764964060978778,envelope,,
14.4,0.015969759116857524,envelope,,
14.405000000000001,0.014859785741692935,envelope,,
14.41,0.016073320101354774,envelope,,
14.415000000000001,0.014955772713661651,envelope,,
14.42,0.016178176197367694,envelope,,
14.425,0.015052943739982736,envelope,,
14.43,0.016284348965814262,envelope,,
14.435,0.015151317902870328,envelope,,
14.44,0.016391860415238397,envelope,,
14.445,0.015250914699395103,envelope,,
14.450000000000001,0.016500733097726983,envelope,,
14.455,0.01535175414658324,envelope,,
14.46,0.01661099022755054,envelope,,
14.465,0.015453856883124745,envelope,,
14.47,0.016722655773439885,envelope,,
14.475,0.015557244273652673,envelope,,
14.48,0.0168357545786995,envelope,,
14.485,0.01566193851164797,envelope,,
14.49,0.016950312461971786,envelope,,
14.495000000000001,0.015767962727319406,envelope,,
14.5,0.017066356328603396,envelope,,
14.505,0.015875341089111625,envelope,,
14.51,0.017183914271128593,envelope,,
14.515,0.015984098897682333,envelope,,
14.52,0.017303015669437205,envelope,,
14.525,0.01609426268528204,envelope,,
14.530000000000001,0.017423691294626713,envelope,,
14.535,0.01620586030833061,envelope,,
14.540000000000001,0.017545973399015345,envelope,,
14.545,0.016318921033496313,envelope,,
14.55,0.01766989580938841,envelope,,
14.555,0.01643347562178974,envelope,,
14.56,0.01779549400221115,envelope,,
14.565,0.016549556400541485,envelope,,
14.57,0.017922805193667797,envelope,,
14.575000000000001,0.016667197341758574,envelope,,
14.58,0.018051868407250544,envelope,,
14.585,0.01678643411826122,envelope,,
14.59,0.018182724541981596,envelope,,
14.595,0.016907304174482107,envelope,,
14.6,0.018315416437525836,envelope,,
14.605,0.01702984676754849,envelope,,
14.61,0.018449988928039306,envelope,,
14.615,0.01715410303098914,envelope,,
14.620000000000001,0.018586488900195243,envelope,,
14.625,0.017280116005256602,envelope,,
14.63,0.018724965337776643,envelope,,
14.635,0.01740793068575073,envelope,,
14.64,0.01886546936706576,envelope,,
14.645,0.017537594056917367,envelope,,
14.65,0.019008054298703236,envelope,,
14.655000000000001,0.017669155123696174,envelope,,
14.66,0.019152775672945144,envelope,,
14.665000000000001,0.017802664944870532,envelope,,
14.67,0.019299691289472332,envelope,,
14.675,0.01793817666072527,envelope,,
14.68,0.019448861250957492,envelope,,
14.685,0.018075745524039684,envelope,,
14.69,0.019600348000360136,envelope,,
14.695,0.018215428926987187,envelope,,
14.700000000000001,0.01975421636474704,envelope,,
14.705,0.018357286440168534,envelope,,
14.71,0.019910533593200053,envelope,,
14.715,0.018501379835799636,envelope,,
14.72,0.020069369403666267,envelope,,
14.725,0.018647773136064083,envelope,,
14.73,0.020230796041657836,envelope,,
14.735,0.01879653265002938,envelope,,
14.74,0.020394888334456247,envelope,,
14.745000000000001,0.018947727027989,envelope,,
14.75,0.020561723761051583,envelope,,
14.755,0.01910142732450045,envelope,,
14.76,0.02073138252942635,envelope,,
14.765,0.01925770705569318,envelope,,
14.77,0.020903947660805576,envelope,,
14.775,0.019416642286134277,envelope,,
14.780000000000001,0.021079505086560882,envelope,,
14.785,0.01957831170523616,envelope,,
14.790000000000001,0.021258143761442676,envelope,,
14.795,0.019742796741171777,envelope,,
14.8,0.021439955786716116,envelope,,
14.805,0.019910181665895386,envelope,,
14.81,0.0216250365502299,envelope,,
14.815,0.020080553726990906,envelope,,
14.82,0.021813484882337728,envelope,,
14.825000000000001,0.020254003294567162,envelope,,
14.83,0.02200540322846403,envelope,,
14.835,0.02043062401430332,envelope,,
14.84,0.02220089784131536,envelope,,
14.845,0.020610512995980292,envelope,,
14.85,0.022400078992096815,envelope,,
14.855,0.020793771003649573,envelope,,
14.86,0.02260306120040487,envelope,,
14.865,0.02098050267588529,envelope,,
14.870000000000001,0.022809963492298233,envelope,,
14.875,0.021170816762835512,envelope,,
14.88,0.023020909672916662,envelope,,
14.885,0.02136482638549254,envelope,,
14.89,0.02323602862542352,envelope,,
14.895,0.021562649313325716,envelope,,
14.9,0.02345545464211855,envelope,,
14.905000000000001,0.021764408278318242,envelope,,
14.91,0.023679327772889648,envelope,,
14.915000000000001,0.021970231295768795,envelope,,
14.92,0.02390779419674131,envelope,,
14.925,0.022180252023002025,envelope,,
14.93,0.024141006645690223,envelope,,
14.935,0.022394610144487532,envelope,,
14.94,0.024379124829552047,envelope,,
14.945,0.022613451777123546,envelope,,
14.950000000000001,0.02462231591372752,envelope,,
14.955,0.022836929921019627,envelope,,
14.96,0.024870755019034137,envelope,,
14.965,0.023065204918910454,envelope,,
14.97,0.02512462577055997,envelope,,
14.975,0.023298444976968456,envelope,,
14.98,0.025384120867665838,envelope,,
14.985,0.023536826696862544,envelope,,
14.99,0.025649442715721213,envelope,,
14.995000000000001,0.023780535658800117,envelope,,
15.0,0.025920804071264222,envelope,,
15.005,0.024029767042505198,envelope,,
15.01,0.026198428777864022,envelope,,
15.015,0.024284726293932028,envelope,,
15.02,0.026482552513536796,envelope,,
15.025,0.024545629833487095,envelope,,
15.030000000000001,0.02677342360026134,envelope,,
15.035,0.02481270582123622,envelope,,
15.040000000000001,0.02707130390366064,envelope,,
15.045,0.025086194975964128,envelope,,
15.05,0.027376469757807997,envelope,,
15.055,0.02536635145574201,envelope,,
15.06,0.02768921298532952,envelope,,
15.065,0.025653443807561353,envelope,,
15.07,0.02800984199428714,envelope,,
15.075000000000001,0.02594775599220437,envelope,,
15.08,0.028338682958082232,envelope,,
15.085,0.026249588467651686,envelope,,
15.09,0.028676081065028326,envelope,,
15.095,0.026559259397391462,envelope,,
15.1,0.02902240193185678,envelope,,
15.105,0.026877105926945775,envelope,,
15.11,0.029378033068202594,envelope,,
15.115,0.027203485577278638,envelope,,
15.120000000000001,0.02974338550004768,envelope,,
15.125,0.027538777758367,envelope,,
15.13,0.030118895535640587,envelope,,
15.135,0.02788338543151858,envelope,,
15.14,0.030505026687657366,envelope,,
15.145,0.028237736886669453,envelope,,
15.15,0.030902271750504442,envelope,,
15.155000000000001,0.028602287711705032,envelope,,
15.16,0.031311155099242816,envelope,,
15.165000000000001,0.028977522930677097,envelope,,
15.17,0.03173223517572112,envelope,,
15.175,0.029363959348864578,envelope,,
15.18,0.03216610724796662,envelope,,
15.185,0.02976214812956714,envelope,,
15.19,0.032613406406447026,envelope,,
15.195,0.030172677631900686,envelope,,
15.200000000000001,0.03307481088824243,envelope,,
15.205,0.030596176509531423,envelope,,
15.21,0.033551045730485715,envelope,,
15.215,0.031033317160277487,envelope,,
15.22,0.034042886786109866,envelope,,
15.225,0.03148481951510447,envelope,,
15.23,0.034551165199969675,envelope,,
15.235,0.03195145523887334,envelope,,
15.24,0.03507677232986586,envelope,,
15.245000000000001,0.03243405239068517,envelope,,
15.25,0.03562066523492626,envelope,,
15.255,0.03293350057430718,envelope,,
15.26,0.03618387275331316,envelope,,
15.265,0.03345075671758321,envelope,,
15.27,0.036767502289244365,envelope,,
15.275,0.03398685144886058,envelope,,
15.280000000000001,0.03737274737278578,envelope,,
15.285,0.03454289627938848,envelope,,
15.290000000000001,0.03800089611448188,envelope,,
15.295,0.03512009157542491,envelope,,
15.3,0.03865334065605182,envelope,,
15.305,0.035719735537716006,envelope,,
15.31,0.039331587803279215,envelope,,
15.315,0.036343234272339243,envelope,,
15.32,0.04003727096272365,envelope,,
15.325000000000001,0.03699211310273833,envelope,,
15.33,0.04077216358810534,envelope,,
15.335,0.03766802936469891,envelope,,
15.34,0.0415381943764115,envelope,,
15.345,0.03837278681759004,envelope,,
15.35,0.04233746445166054,envelope,,
15.355,0.039108351996161896,envelope,,
15.36,0.043172266880133287,envelope,,
15.365,0.03987687278886491,envelope,,
15.370000000000001,0.044045108841634664,envelope,,
15.375,0.04068069954653447,envelope,,
15.38,0.04495873694568667,envelope,,
15.385,0.04152240921985843,envelope,,
15.39,0.04591616615504191,envelope,,
15.395,0.04240483294184376,envelope,,
15.4,0.0469207129639919,envelope,,
15.405000000000001,0.043331087710450474,envelope,,
15.41,0.04797603355746511,envelope,,
15.415000000000001,0.044304612851572694,envelope,,
15.42,0.049086167847463044,envelope,,
15.425,0.04532921212774279,envelope,,
15.43,0.05025559044515967,envelope,,
15.435,0.04640910252017493,envelope,,
15.44,0.051489269882715655,envelope,,
15.445,0.047548970968728614,envelope,,
15.450000000000001,0.05279273765323101,envelope,,
15.455,0.04875404055560879,envelope,,
15.46,0.05417216903294899,envelope,,
15.465,0.0500301480679265,envelope,,
15.47,0.05563447805585202,envelope,,
15.475,0.05138383520746872,envelope,,
15.48,0.05718742960072883,envelope,,
15.485000000000001,0.05282245635189071,envelope,,
15.49,0.05883977231485469,envelope,,
15.495000000000001,0.054354306438634016,envelope,,
15.5,0.060601396936053126,envelope,,
15.505,0.05598877346598,envelope,,
15.51,0.06248352593756038,envelope,,
15.515,0.05773652129884136,envelope,,
15.52,0.06449894182555867,envelope,,
15.525,0.059609709935743084,envelope,,
15.530000000000001,0.06666226362532729,envelope,,
15.535,0.06162226260060949,envelope,,
15.540000000000001,0.06899028383877329,envelope,,
15.545,0.06379019147992664,envelope,,
15.55,0.07150238177890877,envelope,,
15.555,0.06613199775743404,envelope,,
15.56,0.07422103428898415,envelope,,
15.565,0.06866916637677725,envelope,,
15.57,0.07717245168482259,envelope,,
15.575000000000001,0.07142678275945148,envelope,,
15.58,0.0803873762404494,envelope,,
15.585,0.07443430795714957,envelope,,
15.59,0.08390209390322427,envelope,,
0.055,1.0468615478486736,decay,,
0.06,1.0440792958244285,decay,,
0.065,1.0413044016153479,decay,,
0.07,1.0385368457632937,decay,,
0.075,1.0357766088615865,decay,,
0.08,1.0330236715548677,decay,,
0.085,1.030278014538966,decay,,
0.09,1.0275396185607606,decay,,
0.095,1.0248084644180466,decay,,
0.1,1.0220845329594006,decay,,
0.105,1.0193678050840456,decay,,
0.11,1.0166582617417184,decay,,
0.115,1.0139558839325347,decay,,
0.12,1.0112606527068568,decay,,
0.125,1.00857254916516,decay,,
0.13,1.0058915544579003,decay,,
0.135,1.003217649785383,decay,,
0.14,1.0005508163976295,decay,,
0.145,0.9978910355942469,decay,,
0.15,0.9952382887242964,decay,,
0.155,0.9925925571861626,decay,,
0.16,0.989953822427423,decay,,
0.165,0.9873220659447182,decay,,
0.17,0.9846972692836217,decay,,
0.17500000000000002,0.9820794140385108,decay,,
0.18,0.9794684818524375,decay,,
0.185,0.9768644544169998,decay,,
0.19,0.974267313472213,decay,,
0.195,0.9716770408063822,decay,,
0.2,0.9690936182559742,decay,,
0.20500000000000002,0.9665170277054902,decay,,
0.21,0.9639472510873387,decay,,
0.215,0.9613842703817093,decay,,
0.22,0.9588280676164453,decay,,
0.225,0.9562786248669192,decay,,
0.23,0.9537359242559055,decay,,
0.23500000000000001,0.9511999479534562,decay,,
0.24,0.9486706781767756,decay,,
0.245,0.9461480971900952,decay,,
0.25,0.9436321873045503,decay,,
0.255,0.9411229308780551,decay,,
0.26,0.9386203103151788,decay,,
0.265,0.9361243080670233,decay,,
0.27,0.9336349066310992,decay,,
0.275,0.9311520885512035,decay,,
0.28,0.9286758364172968,decay,,
0.28500000000000003,0.9262061328653819,decay,,
0.29,0.9237429605773813,decay,,
0.295,0.9212863022810163,decay,,
0.3,0.9188361407496853,decay,,
0.305,0.916392458802344,decay,,
0.31,0.9139552393033836,decay,,
0.315,0.9115244651625118,decay,,
0.32,0.9091001193346325,decay,,
0.325,0.9066821848197261,decay,,
0.33,0.9042706446627303,decay,,
0.335,0.9018654819534219,decay,,
0.34,0.899466679826297,decay,,
0.34500000000000003,0.8970742214604543,decay,,
0.35000000000000003,0.8946880900794754,decay,,
0.355,0.8923082689513085,decay,,
0.36,0.8899347413881505,decay,,
0.365,0.8875674907463305,decay,,
0.37,0.8852065004261919,decay,,
0.375,0.8828517538719773,decay,,
0.38,0.880503234571712,decay,,
0.385,0.8781609260570877,decay,,
0.39,0.8758248119033477,decay,,
0.395,0.8734948757291714,decay,,
0.4,0.8711711011965594,decay,,
0.405,0.868853472010719,decay,,
0.41000000000000003,0.8665419719199503,decay,,
0.41500000000000004,0.8642365847155316,decay,,
0.42,0.8619372942316058,decay,,
0.425,0.8596440843450677,decay,,
0.43,0.8573569389754504,decay,,
0.435,0.8550758420848127,decay,,
0.44,0.8528007776776262,decay,,
0.445,0.8505317298006644,decay,,
0.45,0.848268682542889,decay,,
0.455,0.8460116200353399,decay,,
0.46,0.843760526451023,decay,,
0.465,0.8415153860047999,decay,,
0.47000000000000003,0.8392761829532764,decay,,
0.47500000000000003,0.837042901594693,decay,,
0.48,0.834815526268814,decay,,
0.485,0.8325940413568181,decay,,
0.49,0.830378431281189,decay,,
0.495,0.8281686805056059,decay,,
0.5,0.8259647735348344,decay,,
0.505,0.8237666949146185,decay,,
0.51,0.8215744292315714,decay,,
0.515,0.8193879611130682,decay,,
0.52,0.8172072752271374,decay,,
0.525,0.8150323562823539,decay,,
0.53,0.8128631890277317,decay,,
0.535,0.8106997582526166,decay,,
0.54,0.80854204878658,decay,,
0.545,0.806390045499312,decay,,
0.55,0.8042437333005161,decay,,
0.555,0.8021030971398027,decay,,
0.56,0.7999681220065834,decay,,
0.5650000000000001,0.7978387929299667,decay,,
0.5700000000000001,0.7957150949786521,decay,,
0.5750000000000001,0.7935970132608258,decay,,
0.58,0.7914845329240562,decay,,
0.585,0.7893776391551895,decay,,
0.59,0.7872763171802466,decay,,
0.595,0.7851805522643186,decay,,
0.6,0.783090329711464,decay,,
0.605,0.7810056348646053,decay,,
0.61,0.7789264531054269,decay,,
0.615,0.7768527698542715,decay,,
0.62,0.7747845705700391,decay,,
0.625,0.772721840750084,decay,,
0.63,0.7706645659301137,decay,,
0.635,0.768612731684087,decay,,
0.64,0.7665663236241138,decay,,
0.645,0.764525327400353,decay,,
0.65,0.7624897287009124,decay,,
0.655,0.7604595132517489,decay,,
0.66,0.7584346668165671,decay,,
0.665,0.756415175196721,decay,,
0.67,0.7544010242311133,decay,,
0.675,0.7523921997960964,decay,,
0.68,0.7503886878053736,decay,,
0.685,0.7483904742099002,decay,,
0.6900000000000001,0.7463975449977851,decay,,
0.6950000000000001,0.7444098861941919,decay,,
0.7000000000000001,0.7424274838612417,decay,,
0.705,0.7404503240979154,decay,,
0.71,0.7384783930399553,decay,,
0.715,0.7365116768597689,decay,,
0.72,0.7345501617663314,decay,,
0.725,0.7325938340050888,decay,,
0.73,0.7306426798578624,decay,,
0.735,0.7286966856427513,decay,,
0.74,0.7267558377140375,decay,,
0.745,0.7248201224620898,decay,,
0.75,0.7228895263132683,decay,,
0.755,0.7209640357298295,decay,,
0.76,0.7190436372098308,decay,,
0.765,0.7171283172870367,decay,,
0.77,0.7152180625308235,decay,,
0.775,0.7133128595460859,decay,,
0.78,0.7114126949731423,decay,,
0.785,0.7095175554876416,decay,,
0.79,0.7076274278004698,decay,,
0.795,0.7057422986576565,decay,,
0.8,0.7038621548402823,decay,,
0.805,0.7019869831643857,decay,,
0.81,0.7001167704808713,decay,,
0.8150000000000001,0.6982515036754167,decay,,
0.8200000000000001,0.6963911696683814,decay,,
0.8250000000000001,0.6945357554147148,decay,,
0.8300000000000001,0.6926852479038641,decay,,
0.835,0.6908396341596842,decay,,
0.84,0.6889989012403456,decay,,
0.845,0.6871630362382445,decay,,
0.85,0.685332026279912,decay,,
0.855,0.6835058585259235,decay,,
0.86,0.6816845201708092,decay,,
0.865,0.6798679984429639,decay,,
0.87,0.6780562806045576,decay,,
0.875,0.6762493539514463,decay,,
0.88,0.6744472058130826,decay,,
0.885,0.6726498235524275,decay,,
0.89,0.6708571945658607,decay,,
0.895,0.6690693062830931,decay,,
0.9,0.6672861461670787,decay,,
0.905,0.6655077017139259,decay,,
0.91,0.6637339604528107,decay,,
0.915,0.6619649099458887,decay,,
0.92,0.6602005377882081,decay,,
0.925,0.6584408316076225,decay,,
0.93,0.6566857790647045,decay,,
0.935,0.6549353678526589,decay,,
0.9400000000000001,0.6531895856972366,decay,,
0.9450000000000001,0.6514484203566484,decay,,
0.9500000000000001,0.6497118596214789,decay,,
0.9550000000000001,0.6479798913146012,decay,,
0.96,0.6462525032910921,decay,,
0.965,0.6445296834381452,decay,,
0.97,0.6428114196749882,decay,,
0.975,0.6410976999527962,decay,,
0.98,0.6393885122546086,decay,,
0.985,0.6376838445952439,decay,,
0.99,0.6359836850212165,decay,,
0.995,0.6342880216106518,decay,,
1.0,0.6325968424732041,decay,,
1.0050000000000001,0.6309101357499716,decay,,
1.01,0.6292278896134144,decay,,
1.0150000000000001,0.6275500922672709,decay,,
1.02,0.6258767319464758,decay,,
1.025,0.6242077969170763,decay,,
1.03,0.6225432754761518,decay,,
1.035,0.6208831559517299,decay,,
1.04,0.6192274267027056,decay,,
1.045,0.6175760761187595,decay,,
1.05,0.615929092620276,decay,,
1.055,0.6142864646582629,decay,,
1.06,0.6126481807142693,decay,,
1.065,0.6110142293003062,decay,,
1.07,0.6093845989587647,decay,,
1.075,0.6077592782623366,decay,,
1.08,0.6061382558139329,decay,,
1.085,0.604521520246606,decay,,
1.09,0.602909060223468,decay,,
1.095,0.6013008644376124,decay,,
1.1,0.5996969216120341,decay,,
1.105,0.5980972204995512,decay,,
1.11,0.5965017498827249,decay,,
1.115,0.5949104985737819,decay,,
1.12,0.5933234554145354,decay,,
1.125,0.5917406092763072,decay,,
1.1300000000000001,0.5901619490598496,decay,,
1.135,0.5885874636952672,decay,,
1.1400000000000001,0.5870171421419393,decay,,
1.145,0.5854509733884434,decay,,
1.1500000000000001,0.5838889464524768,decay,,
1.155,0.5823310503807801,decay,,
1.16,0.5807772742490608,decay,,
1.165,0.5792276071619156,decay,,
1.17,0.5776820382527552,decay,,
1.175,0.5761405566837273,decay,,
1.18,0.5746031516456415,decay,,
1.185,0.5730698123578918,decay,,
1.19,0.5715405280683832,decay,,
1.195,0.5700152880534542,decay,,
1.2,0.5684940816178036,decay,,
1.205,0.5669768980944137,decay,,
1.21,0.5654637268444765,decay,,
1.215,0.5639545572573192,decay,,
1.22,0.5624493787503293,decay,,
1.225,0.5609481807688803,decay,,
1.23,0.5594509527862586,decay,,
1.235,0.5579576843035884,decay,,
1.24,0.5564683648497594,decay,,
1.245,0.554982983981352,decay,,
1.25,0.5535015312825654,decay,,
1.2550000000000001,0.5520239963651437,decay,,
1.26,0.5505503688683031,decay,,
1.2650000000000001,0.5490806384586598,decay,,
1.27,0.5476147948301572,decay,,
1.2750000000000001,0.5461528277039931,decay,,
1.28,0.5446947268285488,decay,,
1.285,0.5432404819793163,decay,,
1.29,0.5417900829588265,decay,,
1.295,0.5403435195965787,decay,,
1.3,0.5389007817489679,decay,,
1.305,0.5374618592992155,decay,,
1.31,0.536026742157296,decay,,
1.315,0.5345954202598684,decay,,
1.32,0.5331678835702043,decay,,
1.325,0.5317441220781184,decay,,
1.33,0.5303241257998971,decay,,
1.335,0.5289078847782303,decay,,
1.34,0.5274953890821396,decay,,
1.345,0.5260866288069103,decay,,
1.35,0.5246815940740208,decay,,
1.355,0.523280275031074,decay,,
1.36,0.5218826618517279,decay,,
1.365,0.520488744735627,decay,,
1.37,0.519098513908333,decay,,
1.375,0.5177119596212568,decay,,
1.3800000000000001,0.5163290721515902,decay,,
1.385,0.5149498418022371,decay,,
1.3900000000000001,0.5135742589017461,decay,,
1.395,0.5122023138042425,decay,,
1.4000000000000001,0.5108339968893607,decay,,
1.405,0.5094692985621764,decay,,
1.41,0.5081082092531397,decay,,
1.415,0.5067507194180081,decay,,
1.42,0.5053968195377792,decay,,
1.425,0.5040465001186238,decay,,
1.43,0.5026997516918205,decay,,
1.435,0.5013565648136874,decay,,
1.44,0.5000169300655178,decay,,
1.445,0.49868083805351276,decay,,
1.45,0.4973482794087158,decay,,
1.455,0.4960192447869474,decay,,
1.46,0.4946937248687389,decay,,
1.465,0.4933717103592678,decay,,
1.47,0.492053191988292,decay,,
1.475,0.4907381605100852,decay,,
1.48,0.4894266067033718,decay,,
1.485,0.4881185213712626,decay,,
1.49,0.48681389534118974,decay,,
1.495,0.4855127194648429,decay,,
1.5,0.484214984618105,decay,,
1.5050000000000001,0.4829206817009881,decay,,
1.51,0.48162980163756974,decay,,
1.5150000000000001,0.48034233537592896,decay,,
1.52,0.47905827388808353,decay,,
1.5250000000000001,0.4777776081699257,decay,,
1.53,0.47650032924116015,decay,,
1.5350000000000001,0.47522642814523985,decay,,
1.54,0.4739558959493043,decay,,
1.545,0.47268872374411613,decay,,
1.55,0.47142490264399906,decay,,
1.555,0.4701644237867755,decay,,
1.56,0.4689072783337042,decay,,
1.565,0.46765345746941867,decay,,
1.57,0.46640295240186486,decay,,
1.575,0.46515575436224,decay,,
1.58,0.4639118546049308,decay,,
1.585,0.4626712444074523,decay,,
1.59,0.46143391507038634,decay,,
1.595,0.4601998579173213,decay,,
1.6,0.45896906429479034,decay,,
1.605,0.4577415255722116,decay,,
1.61,0.45651723314182685,decay,,
1.615,0.4552961784186418,decay,,
1.62,0.4540783528403655,decay,,
1.625,0.4528637478673507,decay,,
1.6300000000000001,0.45165235498253326,decay,,
1.635,0.4504441656913734,decay,,
1.6400000000000001,0.44923917152179504,decay,,
1.645,0.4480373640241275,decay,,
1.6500000000000001,0.4468387347710454,decay,,
1.655,0.44564327535750997,decay,,
1.6600000000000001,0.44445097740070977,decay,,
1.665,0.44326183254000273,decay,,
1.67,0.4420758324368564,decay,,
1.675,0.4408929687747901,decay,,
1.68,0.43971323325931694,decay,,
1.685,0.43853661761788465,decay,,
1.69,0.4373631135998188,decay,,
1.695,0.43619271297626366,decay,,
1.7,0.4350254075401258,decay,,
1.705,0.4338611891060153,decay,,
1.71,0.4327000495101894,decay,,
1.715,0.43154198061049454,decay,,
1.72,0.4303869742863097,decay,,
1.725,0.42923502243848893,decay,,
1.73,0.4280861169893054,decay,,
1.735,0.4269402498823938,decay,,
1.74,0.4257974130826948,decay,,
1.745,0.4246575985763977,decay,,
1.75,0.4235207983708851,decay,,
1.7550000000000001,0.4223870044946764,decay,,
1.76,0.421256208997372,decay,,
1.7650000000000001,0.4201284039495976,decay,,
1.77,0.4190035814429486,decay,,
1.7750000000000001,0.4178817335899343,decay,,
1.78,0.4167628525239233,decay,,
1.7850000000000001,0.41564693039908784,decay,,
1.79,0.41453395939034854,decay,,
1.795,0.4134239316933203,decay,,
1.8,0.4123168395242569,decay,,
1.805,0.4112126751199967,decay,,
1.81,0.4101114307379081,decay,,
1.815,0.40901309865583546,decay,,
1.82,0.4079176711720447,decay,,
1.825,0.4068251406051694,decay,,
1.83,0.4057354992941568,decay,,
1.835,0.40464873959821446,decay,,
1.84,0.4035648538967562,decay,,
1.845,0.40248383458934917,decay,,
1.85,0.40140567409565986,decay,,
1.855,0.4003303648554017,decay,,
1.86,0.39925789932828154,decay,,
1.865,0.39818826999394713,decay,,
1.87,0.3971214693519339,decay,,
1.875,0.3960574899216128,decay,,
1.8800000000000001,0.3949963242421379,decay,,
1.885,0.3939379648723936,decay,,
1.8900000000000001,0.3928824043909428,decay,,
1.895,0.39182963539597493,decay,,
1.9000000000000001,0.39077965050525376,decay,,
1.905,0.38973244235606574,decay,,
1.9100000000000001,0.38868800360516864,decay,,
1.915,0.38764632692873957,decay,,
1.92,0.38660740502232405,decay,,
1.925,0.3855712306007846,decay,,
1.93,0.3845377963982496,decay,,
1.935,0.3835070951680624,decay,,
1.94,0.38247911968273074,decay,,
1.945,0.3814538627338756,decay,,
1.95,0.3804313171321811,decay,,
1.955,0.3794114757073437,decay,,
1.96,0.3783943313080222,decay,,
1.965,0.3773798768017877,decay,,
1.97,0.376368105075073,decay,,
1.975,0.37535900903312347,decay,,
1.98,0.3743525815999467,decay,,
1.985,0.37334881571826334,decay,,
1.99,0.3723477043494572,decay,,
1.995,0.3713492404735261,decay,,
2.0,0.37035341708903274,decay,,
2.005,0.3693602272130555,decay,,
2.0100000000000002,0.36836966388113923,decay,,
2.015,0.36738172014724724,decay,,
2.02,0.36639638908371136,decay,,
2.025,0.36541366378118423,decay,,
2.0300000000000002,0.3644335373485907,decay,,
2.035,0.3634560029130796,decay,,
2.04,0.362481053619975,decay,,
2.045,0.3615086826327287,decay,,
2.05,0.3605388831328723,decay,,
2.055,0.3595716483199689,decay,,
2.06,0.358606971411566,decay,,
2.065,0.3576448456431474,decay,,
2.07,0.3566852642680863,decay,,
2.075,0.3557282205575974,decay,,
2.08,0.3547737078006904,decay,,
2.085,0.35382171930412226,decay,,
2.09,0.35287224839235076,decay,,
2.095,0.3519252884074874,decay,,
2.1,0.3509808327092511,decay,,
2.105,0.35003887467492084,decay,,
2.11,0.34909940769929015,decay,,
2.115,0.3481624251946203,decay,,
2.12,0.3472279205905943,decay,,
2.125,0.3462958873342704,decay,,
2.13,0.3453663188900367,decay,,
2.1350000000000002,0.3444392087395649,decay,,
2.14,0.3435145503817652,decay,,
2.145,0.34259233733273975,decay,,
2.15,0.34167256312573796,decay,,
2.1550000000000002,0.34075522131111075,decay,,
2.16,0.3398403054562659,decay,,
2.165,0.33892780914562215,decay,,
2.17,0.33801772598056457,decay,,
2.1750000000000003,0.3371100495793999,decay,,
2.18,0.33620477357731154,decay,,
2.185,0.3353018916263152,decay,,
2.19,0.3344013973952136,decay,,
2.195,0.3335032845695532,decay,,
2.2,0.33260754685157906,decay,,
2.205,0.3317141779601914,decay,,
2.21,0.33082317163090075,decay,,
2.215,0.3299345216157844,decay,,
2.22,0.3290482216834428,decay,,
2.225,0.32816426561895573,decay,,
2.23,0.3272826472238385,decay,,
2.235,0.3264033603159986,decay,,
2.24,0.3255263987296924,decay,,
2.245,0.32465175631548243,decay,,
2.25,0.3237794269401929,decay,,
2.255,0.3229094044868681,decay,,
2.2600000000000002,0.3220416828547288,decay,,
2.265,0.3211762559591294,decay,,
2.27,0.32031311773151605,decay,,
2.275,0.31945226211938277,decay,,
2.2800000000000002,0.31859368308623015,decay,,
2.285,0.31773737461152274,decay,,
2.29,0.3168833306906466,decay,,
2.295,0.31603154533486716,decay,,
2.3000000000000003,0.3151820125712875,decay,,
2.305,0.3143347264428064,decay,,
2.31,0.3134896810080766,decay,,
2.315,0.31264687034146277,decay,,
2.32,0.3118062885330004,decay,,
2.325,0.3109679296883541,decay,,
2.33,0.3101317879287769,decay,,
2.335,0.3092978573910675,decay,,
2.34,0.308466132227531,decay,,
2.345,0.30763660660593667,decay,,
2.35,0.3068092747094776,decay,,
2.355,0.30598413073672964,decay,,
2.36,0.3051611689016107,decay,,
2.365,0.3043403834333404,decay,,
2.37,0.30352176857639973,decay,,
2.375,0.3027053185904901,decay,,
2.38,0.30189102775049365,decay,,
2.3850000000000002,0.3010788903464327,decay,,
2.39,0.30026890068343026,decay,,
2.395,0.2994610530816696,decay,,
2.4,0.2986553418763543,decay,,
2.4050000000000002,0.297851761417669,decay,,
2.41,0.29705030607073984,decay,,
2.415,0.2962509702155944,decay,,
2.42,0.29545374824712245,decay,,
2.4250000000000003,0.29465863457503705,decay,,
2.43,0.29386562362383506,decay,,
2.435,0.29307470983275785,decay,,
2.44,0.29228588765575275,decay,,
2.445,0.2914991515614338,decay,,
2.45,0.29071449603304295,decay,,
2.455,0.28993191556841186,decay,,
2.46,0.2891514046799228,decay,,
2.465,0.2883729578944701,decay,,
2.47,0.2875965697534223,decay,,
2.475,0.2868222348125836,decay,,
2.48,0.2860499476421557,decay,,
2.485,0.28527970282669934,decay,,
2.49,0.2845114949650969,decay,,
2.495,0.28374531867051456,decay,,
2.5,0.282981168570364,decay,,
2.505,0.2822190393062648,decay,,
2.5100000000000002,0.28145892553400736,decay,,
2.515,0.28070082192351525,decay,,
2.52,0.2799447231588075,decay,,
2.525,0.2791906239379615,decay,,
2.5300000000000002,0.27843851897307587,decay,,
2.535,0.2776884029902335,decay,,
2.54,0.2769402707294644,decay,,
2.545,0.27619411694470886,decay,,
2.5500000000000003,0.2754499364037804,decay,,
2.555,0.2747077238883298,decay,,
2.56,0.27396747419380774,decay,,
2.565,0.27322918212942865,decay,,
2.57,0.27249284251813427,decay,,
2.575,0.2717584501965573,decay,,
2.58,0.2710260000149855,decay,,
2.585,0.27029548683732507,decay,,
2.59,0.26956690554106494,decay,,
2.595,0.26884025101724074,decay,,
2.6,0.2681155181703992,decay,,
2.605,0.26739270191856207,decay,,
2.61,0.2666717971931909,decay,,
2.615,0.26595279893915097,decay,,
2.62,0.2652357021146763,decay,,
2.625,0.26452050169133406,decay,,
2.63,0.26380719265398966,decay,,
2.6350000000000002,0.2630957700007707,decay,,
2.64,0.26238622874303313,decay,,
2.645,0.2616785639053254,decay,,
2.65,0.26097277052535367,decay,,
2.6550000000000002,0.26026884365394726,decay,,
2.66,0.25956677835502395,decay,,
2.665,0.25886656970555505,decay,,
2.67,0.2581682127955313,decay,,
2.6750000000000003,0.2574717027279281,decay,,
2.68,0.2567770346186712,decay,,
2.685,0.25608420359660267,decay,,
2.69,0.2553932048034467,decay,,
2.695,0.2547040333937754,decay,,
2.7,0.2540166845349746,decay,,
2.705,0.2533311534072107,decay,,
2.71,0.252647435203396,decay,,
2.715,0.2519655251291558,decay,,
2.72,0.2512854184027939,decay,,
2.725,0.25060711025526,decay,,
2.73,0.24993059593011555,decay,,
2.735,0.24925587068350083,decay,,
2.74,0.2485829297841012,decay,,
2.745,0.24791176851311467,decay,,
2.75,0.2472423821642181,decay,,
2.755,0.24657476604353443,decay,,
2.7600000000000002,0.24590891546960006,decay,,
2.765,0.24524482577333154,decay,,
2.77,0.24458249229799311,decay,,
2.775,0.24392191039916414,decay,,
2.7800000000000002,0.2432630754447062,decay,,
2.785,0.24260598281473103,decay,,
2.79,0.2419506279015677,decay,,
2.795,0.2412970061097307,decay,,
2.8000000000000003,0.24064511285588736,decay,,
2.805,0.23999494356882597,decay,,
2.81,0.23934649368942365,decay,,
2.815,0.23869975867061438,decay,,
2.82,0.23805473397735702,decay,,
2.825,0.23741141508660354,decay,,
2.83,0.2367697974872676,decay,,
2.835,0.23612987668019242,decay,,
2.84,0.23549164817811966,decay,,
2.845,0.2348551075056576,decay,,
2.85,0.23422025019925008,decay,,
2.855,0.233587071807145,decay,,
2.86,0.23295556788936314,decay,,
2.865,0.2323257340176671,decay,,
2.87,0.2316975657755301,decay,,
2.875,0.23107105875810524,decay,,
2.88,0.2304462085721943,decay,,
2.8850000000000002,0.22982301083621728,decay,,
2.89,0.22920146118018142,decay,,
2.895,0.2285815552456506,decay,,
2.9,0.2279632886857149,decay,,
2.9050000000000002,0.22734665716496003,decay,,
2.91,0.22673165635943685,decay,,
2.915,0.2261182819566312,decay,,
2.92,0.22550652965543366,decay,,
2.9250000000000003,0.22489639516610915,decay,,
2.93,0.2242878742102673,decay,,
2.935,0.22368096252083183,decay,,
2.94,0.22307565584201128,decay,,
2.945,0.2224719499292686,decay,,
2.95,0.22186984054929187,decay,,
2.955,0.2212693234799643,decay,,
2.96,0.22067039451033468,decay,,
2.965,0.22007304944058792,decay,,
2.97,0.21947728408201556,decay,,
2.975,0.2188830942569864,decay,,
2.98,0.21829047579891725,decay,,
2.985,0.21769942455224367,decay,,
2.99,0.2171099363723907,decay,,
2.995,0.21652200712574415,decay,,
3.0,0.21593563268962127,decay,,
3.005,0.21535080895224187,decay,,
3.0100000000000002,0.2147675318126998,decay,,
3.015,0.21418579718093392,decay,,
3.02,0.21360560097769934,decay,,
3.025,0.21302693913453902,decay,,
3.0300000000000002,0.2124498075937552,decay,,
3.035,0.21187420230838105,decay,,
3.04,0.21130011924215186,decay,,
3.045,0.21072755436947727,decay,,
3.0500000000000003,0.2101565036754127,decay,,
3.055,0.2095869631556315,decay,,
3.06,0.20901892881639636,decay,,
3.065,0.20845239667453186,decay,,
3.0700000000000003,0.2078873627573962,decay,,
3.075,0.20732382310285358,decay,,
3.08,0.2067617737592461,decay,,
3.085,0.2062012107853663,decay,,
3.09,0.2056421302504295,decay,,
3.095,0.20508452823404608,decay,,
3.1,0.2045284008261944,decay,,
3.105,0.2039737441271926,decay,,
3.11,0.2034205542476722,decay,,
3.115,0.20286882730854994,decay,,
3.12,0.20231855944100152,decay,,
3.125,0.20176974678643347,decay,,
3.13,0.2012223854964568,decay,,
3.1350000000000002,0.20067647173285977,decay,,
3.14,0.20013200166758108,decay,,
3.145,0.19958897148268273,decay,,
3.15,0.19904737737032363,decay,,
3.1550000000000002,0.19850721553273265,decay,,
3.16,0.19796848218218227,decay,,
3.165,0.19743117354096146,decay,,
3.17,0.19689528584134988,decay,,
3.1750000000000003,0.19636081532559088,decay,,
3.18,0.19582775824586562,decay,,
3.185,0.19529611086426646,decay,,
3.19,0.19476586945277083,decay,,
3.1950000000000003,0.1942370302932151,decay,,
3.2,0.19370958967726865,decay,,
3.205,0.19318354390640768,decay,,
3.21,0.19265888929188923,decay,,
3.215,0.19213562215472557,decay,,
3.22,0.19161373882565813,decay,,
3.225,0.19109323564513206,decay,,
3.23,0.19057410896327018,decay,,
3.235,0.19005635513984778,decay,,
3.24,0.1895399705442668,decay,,
3.245,0.18902495155553062,decay,,
3.25,0.1885112945622184,decay,,
3.255,0.18799899596246003,decay,,
3.2600000000000002,0.18748805216391057,decay,,
3.265,0.18697845958372547,decay,,
3.27,0.186470214648535,decay,,
3.275,0.1859633137944195,decay,,
3.2800000000000002,0.18545775346688412,decay,,
3.285,0.18495353012083438,decay,,
3.29,0.18445064022055077,decay,,
3.295,0.18394908023966414,decay,,
3.3000000000000003,0.18344884666113112,decay,,
3.305,0.18294993597720935,decay,,
3.31,0.18245234468943292,decay,,
3.315,0.18195606930858763,decay,,
3.3200000000000003,0.1814611063546868,decay,,
3.325,0.18096745235694686,decay,,
3.33,0.18047510385376284,decay,,
3.335,0.179984057392684,decay,,
3.34,0.17949430953039006,decay,,
3.345,0.17900585683266657,decay,,
3.35,0.17851869587438127,decay,,
3.355,0.17803282323945968,decay,,
3.36,0.1775482355208613,decay,,
3.365,0.17706492932055576,decay,,
3.37,0.1765829012494991,decay,,
3.375,0.17610214792760973,decay,,
3.38,0.17562266598374482,decay,,
3.3850000000000002,0.1751444520556768,decay,,
3.39,0.17466750279006973,decay,,
3.395,0.17419181484245574,decay,,
3.4,0.1737173848772114,decay,,
3.4050000000000002,0.17324420956753464,decay,,
3.41,0.1727722855954215,decay,,
3.415,0.17230160965164235,decay,,
3.42,0.17183217843571907,decay,,
3.4250000000000003,0.17136398865590194,decay,,
3.43,0.1708970370291464,decay,,
3.435,0.17043132028109,decay,,
3.44,0.16996683514602973,decay,,
3.4450000000000003,0.16950357836689856,decay,,
3.45,0.16904154669524327,decay,,
3.455,0.16858073689120123,decay,,
3.46,0.1681211457234778,decay,,
3.465,0.16766276996932364,decay,,
3.47,0.1672056064145121,decay,,
3.475,0.16674965185331697,decay,,
3.48,0.16629490308848952,decay,,
3.485,0.1658413569312363,decay,,
3.49,0.16538901020119692,decay,,
3.495,0.16493785972642167,decay,,
3.5,0.16448790234334906,decay,,
3.505,0.16403913489678396,decay,,
3.5100000000000002,0.16359155423987518,decay,,
3.515,0.16314515723409365,decay,,
3.52,0.1626999407492103,decay,,
3.525,0.1622559016632741,decay,,
3.5300000000000002,0.16181303686259013,decay,,
3.535,0.16137134324169797,decay,,
3.54,0.16093081770334958,decay,,
3.545,0.1604914571584879,decay,,
3.5500000000000003,0.16005325852622485,decay,,
3.555,0.15961621873382015,decay,,
3.56,0.1591803347166594,decay,,
3.565,0.15874560341823288,decay,,
3.5700000000000003,0.15831202179011372,decay,,
3.575,0.15787958679193706,decay,,
3.58,0.1574482953913783,decay,,
3.585,0.15701814456413202,decay,,
3.59,0.15658913129389074,decay,,
3.595,0.1561612525723237,decay,,
3.6,0.15573450539905592,decay,,
3.605,0.1553088867816471,decay,,
3.61,0.1548843937355705,decay,,
3.615,0.15446102328419217,decay,,
3.62,0.15403877245875008,decay,,
3.625,0.15361763829833314,decay,,
3.63,0.1531976178498607,decay,,
3.6350000000000002,0.1527787081680615,decay,,
3.64,0.1523609063154534,decay,,
3.645,0.15194420936232245,decay,,
3.65,0.1515286143867026,decay,,
3.6550000000000002,0.15111411847435494,decay,,
3.66,0.15070071871874757,decay,,
3.665,0.15028841222103503,decay,,
3.67,0.149877196090038,decay,,
3.6750000000000003,0.14946706744222302,decay,,
3.68,0.1490580234016823,decay,,
3.685,0.14865006110011358,decay,,
3.69,0.14824317767679993,decay,,
3.6950000000000003,0.14783737027858976,decay,,
3.7,0.14743263605987678,decay,,
3.705,0.14702897218258013,decay,,
3.71,0.14662637581612425,decay,,
3.715,0.14622484413741943,decay,,
3.72,0.14582437433084147,decay,,
3.725,0.1454249635882125,decay,,
3.73,0.14502660910878093,decay,,
3.735,0.1446293080992019,decay,,
3.74,0.14423305777351764,decay,,
3.745,0.14383785535313817,decay,,
3.75,0.14344369806682145,decay,,
3.755,0.14305058315065425,decay,,
3.7600000000000002,0.14265850784803263,decay,,
3.765,0.1422674694096427,decay,,
3.77,0.14187746509344107,decay,,
3.775,0.14148849216463608,decay,,
3.7800000000000002,0.14110054789566828,decay,,
3.785,0.14071362956619135,decay,,
3.79,0.14032773446305313,decay,,
3.795,0.13994285988027652,decay,,
3.8000000000000003,0.1395590031190405,decay,,
3.805,0.13917616148766118,decay,,
3.81,0.1387943323015732,decay,,
3.815,0.1384135128833104,decay,,
3.8200000000000003,0.13803370056248745,decay,,
3.825,0.13765489267578102,decay,,
3.83,0.1372770865669111,decay,,
3.835,0.13690027958662218,decay,,
3.84,0.13652446909266502,decay,,
3.845,0.13614965244977795,decay,,
3.85,0.13577582702966834,decay,,
3.855,0.1354029902109942,decay,,
3.86,0.13503113937934577,decay,,
3.865,0.13466027192722746,decay,,
3.87,0.13429038525403914,decay,,
3.875,0.13392147676605817,decay,,
3.88,0.13355354387642107,decay,,
3.8850000000000002,0.13318658400510558,decay,,
3.89,0.13282059457891246,decay,,
3.895,0.1324555730314473,decay,,
3.9,0.13209151680310274,decay,,
3.9050000000000002,0.13172842334104046,decay,,
3.91,0.13136629009917322,decay,,
3.915,0.13100511453814706,decay,,
3.92,0.1306448941253234,decay,,
3.9250000000000003,0.1302856263347615,decay,,
3.93,0.1299273086472006,decay,,
3.935,0.12956993855004204,decay,,
3.94,0.12921351353733215,decay,,
3.9450000000000003,0.1288580311097442,decay,,
3.95,0.12850348877456116,decay,,
3.955,0.12814988404565802,decay,,
3.96,0.12779721444348463,decay,,
3.9650000000000003,0.12744547749504792,decay,,
3.97,0.12709467073389505,decay,,
3.975,0.12674479170009556,decay,,
3.98,0.1263958379402247,decay,,
3.985,0.12604780700734566,decay,,
3.99,0.12570069646099283,decay,,
3.995,0.12535450386715455,decay,,
4.0,0.12500922679825605,decay,,
4.005,0.12466486283314235,decay,,
4.01,0.12432140955706128,decay,,
4.015,0.1239788645616468,decay,,
4.0200000000000005,0.12363722544490169,decay,,
4.025,0.12329648981118127,decay,,
4.03,0.122956655271176,decay,,
4.035,0.12261771944189498,decay,,
4.04,0.12227967994664943,decay,,
4.045,0.12194253441503577,decay,,
4.05,0.12160628048291902,decay,,
4.055,0.12127091579241642,decay,,
4.0600000000000005,0.12093643799188053,decay,,
4.065,0.12060284473588334,decay,,
4.07,0.12027013368519912,decay,,
4.075,0.11993830250678839,decay,,
4.08,0.11960734887378172,decay,,
4.085,0.11927727046546295,decay,,
4.09,0.11894806496725341,decay,,
4.095,0.1186197300706953,decay,,
4.1,0.11829226347343567,decay,,
4.105,0.11796566287921037,decay,,
4.11,0.11763992599782783,decay,,
4.115,0.11731505054515284,decay,,
4.12,0.11699103424309097,decay,,
4.125,0.1166678748195721,decay,,
4.13,0.11634557000853489,decay,,
4.135,0.11602411754991065,decay,,
4.14,0.11570351518960749,decay,,
4.1450000000000005,0.1153837606794947,decay,,
4.15,0.11506485177738691,decay,,
4.155,0.11474678624702817,decay,,
4.16,0.11442956185807658,decay,,
4.165,0.11411317638608837,decay,,
4.17,0.11379762761250256,decay,,
4.175,0.1134829133246252,decay,,
4.18,0.11316903131561384,decay,,
4.1850000000000005,0.11285597938446235,decay,,
4.19,0.11254375533598511,decay,,
4.195,0.11223235698080195,decay,,
4.2,0.11192178213532245,decay,,
4.205,0.11161202862173085,decay,,
4.21,0.11130309426797089,decay,,
4.215,0.11099497690773025,decay,,
4.22,0.11068767438042561,decay,,
4.225,0.1103811845311875,decay,,
4.23,0.1100755052108449,decay,,
4.235,0.10977063427591074,decay,,
4.24,0.10946656958856624,decay,,
4.245,0.1091633090166462,decay,,
4.25,0.1088608504336242,decay,,
4.255,0.10855919171859739,decay,,
4.26,0.10825833075627192,decay,,
4.265,0.10795826543694777,decay,,
4.2700000000000005,0.10765899365650415,decay,,
4.275,0.10736051331638498,decay,,
4.28,0.10706282232358365,decay,,
4.285,0.10676591859062863,decay,,
4.29,0.10646980003556905,decay,,
4.295,0.1061744645819596,decay,,
4.3,0.10587991015884646,decay,,
4.305,0.10558613470075243,decay,,
4.3100000000000005,0.10529313614766249,decay,,
4.315,0.10500091244500975,decay,,
4.32,0.10470946154366047,decay,,
4.325,0.10441878139989996,decay,,
4.33,0.1041288699754184,decay,,
4.335,0.10383972523729622,decay,,
4.34,0.10355134515799018,decay,,
4.345,0.10326372771531887,decay,,
4.3500000000000005,0.10297687089244856,decay,,
4.355,0.10269077267787947,decay,,
4.36,0.10240543106543099,decay,,
4.365,0.1021208440542282,decay,,
4.37,0.10183700964868743,decay,,
4.375,0.10155392585850251,decay,,
4.38,0.10127159069863084,decay,,
4.385,0.10099000218927923,decay,,
4.39,0.10070915835589014,decay,,
4.3950000000000005,0.100429057229128,decay,,
4.4,0.10014969684486515,decay,,
4.405,0.09987107524416826,decay,,
4.41,0.0995931904732844,decay,,
4.415,0.09931604058362742,decay,,
4.42,0.0990396236317645,decay,,
4.425,0.0987639376794021,decay,,
4.43,0.0984889807933728,decay,,
4.4350000000000005,0.0982147510456214,decay,,
4.44,0.09794124651319161,decay,,
4.445,0.09766846527821256,decay,,
4.45,0.09739640542788518,decay,,
4.455,0.09712506505446888,decay,,
4.46,0.0968544422552684,decay,,
4.465,0.09658453513261998,decay,,
4.47,0.09631534179387861,decay,,
4.4750000000000005,0.09604686035140422,decay,,
4.48,0.09577908892254888,decay,,
4.485,0.09551202562964345,decay,,
4.49,0.09524566859998422,decay,,
4.495,0.09498001596582004,decay,,
4.5,0.09471506586433918,decay,,
4.505,0.0944508164376561,decay,,
4.51,0.09418726583279868,decay,,
4.515,0.09392441220169497,decay,,
4.5200000000000005,0.09366225370116026,decay,,
4.525,0.09340078849288458,decay,,
4.53,0.09314001474341907,decay,,
4.535,0.09287993062416385,decay,,
4.54,0.09262053431135463,decay,,
4.545,0.09236182398605026,decay,,
4.55,0.09210379783411994,decay,,
4.555,0.09184645404623035,decay,,
4.5600000000000005,0.09158979081783296,decay,,
4.565,0.09133380634915175,decay,,
4.57,0.09107849884517003,decay,,
4.575,0.0908238665156183,decay,,
4.58,0.09056990757496142,decay,,
4.585,0.09031662024238618,decay,,
4.59,0.09006400274178895,decay,,
4.595,0.08981205330176296,decay,,
4.6000000000000005,0.08956077015558614,decay,,
4.605,0.08931015154120857,decay,,
4.61,0.08906019570124009,decay,,
4.615,0.08881090088293819,decay,,
4.62,0.08856226533819549,decay,,
4.625,0.08831428732352752,decay,,
4.63,0.08806696510006072,decay,,
4.635,0.08782029693351992,decay,,
4.64,0.08757428109421643,decay,,
4.6450000000000005,0.08732891585703571,decay,,
4.65,0.0870841995014255,decay,,
4.655,0.08684013031138359,decay,,
4.66,0.0865967065754458,decay,,
4.665,0.08635392658667396,decay,,
4.67,0.08611178864264415,decay,,
4.675,0.08587029104543445,decay,,
4.68,0.08562943210161329,decay,,
4.6850000000000005,0.08538921012222736,decay,,
4.69,0.08514962342278998,decay,,
4.695,0.08491067032326918,decay,,
4.7,0.08467234914807582,decay,,
4.705,0.0844346582260521,decay,,
4.71,0.08419759589045955,decay,,
4.715,0.08396116047896753,decay,,
4.72,0.08372535033364155,decay,,
4.7250000000000005,0.08349016380093158,decay,,
4.73,0.0832555992316605,decay,,
4.735,0.08302165498101259,decay,,
4.74,0.08278832940852178,decay,,
4.745,0.08255562087806052,decay,,
4.75,0.08232352775782788,decay,,
4.755,0.08209204842033838,decay,,
4.76,0.08186118124241062,decay,,
4.765,0.08163092460515564,decay,,
4.7700000000000005,0.08140127689396577,decay,,
4.775,0.08117223649850336,decay,,
4.78,0.08094380181268919,decay,,
4.785,0.08071597123469161,decay,,
4.79,0.08048874316691493,decay,,
4.795,0.08026211601598844,decay,,
4.8,0.08003608819275523,decay,,
4.805,0.07981065811226097,decay,,
4.8100000000000005,0.07958582419374283,decay,,
4.815,0.07936158486061841,decay,,
4.82,0.07913793854047459,decay,,
4.825,0.07891488366505671,decay,,
4.83,0.07869241867025734,decay,,
4.835,0.0784705419961054,decay,,
4.84,0.07824925208675539,decay,,
4.845,0.07802854739047609,decay,,
4.8500000000000005,0.07780842635964015,decay,,
4.855,0.0775888874507129,decay,,
4.86,0.07736992912424158,decay,,
4.865,0.07715154984484472,decay,,
4.87,0.0769337480812011,decay,,
4.875,0.07671652230603931,decay,,
4.88,0.0764998709961268,decay,,
4.885,0.07628379263225926,decay,,
4.89,0.07606828569925013,decay,,
4.8950000000000005,0.07585334868591968,decay,,
4.9,0.07563898008508471,decay,,
4.905,0.07542517839354781,decay,,
4.91,0.0752119421120868,decay,,
4.915,0.07499926974544435,decay,,
4.92,0.07478715980231737,decay,,
4.925,0.07457561079534658,decay,,
4.93,0.07436462124110618,decay,,
4.9350000000000005,0.07415418966009327,decay,,
4.94,0.07394431457671773,decay,,
4.945,0.07373499451929155,decay,,
4.95,0.07352622802001875,decay,,
4.955,0.07331801361498502,decay,,
4.96,0.07311034984414745,decay,,
4.965,0.07290323525132425,decay,,
4.97,0.07269666838418466,decay,,
4.9750000000000005,0.07249064779423857,decay,,
4.98,0.07228517203682666,decay,,
4.985,0.07208023967110994,decay,,
4.99,0.07187584926005977,decay,,
4.995,0.07167199937044796,decay,,
5.0,0.07146868857283646,decay,,
5.005,0.07126591544156743,decay,,
5.01,0.07106367855475337,decay,,
5.015,0.07086197649426691,decay,,
5.0200000000000005,0.07066080784573107,decay,,
5.025,0.07046017119850928,decay,,
5.03,0.0702600651456954,decay,,
5.035,0.07006048828410404,decay,,
5.04,0.06986143921426044,decay,,
5.045,0.069662916540391,decay,,
5.05,0.06946491887041326,decay,,
5.055,0.06926744481592609,decay,,
5.0600000000000005,0.06907049299220021,decay,,
5.065,0.06887406201816833,decay,,
5.07,0.06867815051641532,decay,,
5.075,0.06848275711316887,decay,,
5.08,0.06828788043828952,decay,,
5.085,0.0680935191252614,decay,,
5.09,0.06789967181118232,decay,,
5.095,0.06770633713675436,decay,,
5.1000000000000005,0.06751351374627443,decay,,
5.105,0.06732120028762463,decay,,
5.11,0.0671293954122628,decay,,
5.115,0.06693809777521308,decay,,
5.12,0.06674730603505641,decay,,
5.125,0.06655701885392129,decay,,
5.13,0.06636723489747424,decay,,
5.135,0.06617795283491046,decay,,
5.14,0.06598917133894464,decay,,
5.1450000000000005,0.06580088908580135,decay,,
5.15,0.06561310475520626,decay,,
5.155,0.0654258170303763,decay,,
5.16,0.06523902459801081,decay,,
5.165,0.06505272614828227,decay,,
5.17,0.06486692037482694,decay,,
5.175,0.06468160597473599,decay,,
5.18,0.0644967816485461,decay,,
5.1850000000000005,0.06431244610023039,decay,,
5.19,0.06412859803718961,decay,,
5.195,0.06394523617024266,decay,,
5.2,0.06376235921361777,decay,,
5.205,0.06357996588494358,decay,,
5.21,0.06339805490523989,decay,,
5.215,0.06321662499890897,decay,,
5.22,0.06303567489372634,decay,,
5.2250000000000005,0.06285520332083203,decay,,
5.23,0.06267520901472175,decay,,
5.235,0.062495690713237774,decay,,
5.24,0.06231664715756021,decay,,
5.245,0.0621380770921983,decay,,
5.25,0.06195997926498136,decay,,
5.255,0.061782352427050276,decay,,
5.26,0.06160519533284852,decay,,
5.265,0.061428506740113485,decay,,
5.2700000000000005,0.06125228540986787,decay,,
5.275,0.06107653010641089,decay,,
5.28,0.06090123959730966,decay,,
5.285,0.06072641265339045,decay,,
5.29,0.06055204804873019,decay,,
5.295,0.06037814456064789,decay,,
5.3,0.060204700969695914,decay,,
5.305,0.060031716059651526,decay,,
5.3100000000000005,0.059859188617508434,decay,,
5.315,0.059687117433468155,decay,,
5.32,0.059515501300931604,decay,,
5.325,0.05934433901649059,decay,,
5.33,0.05917362937991936,decay,,
5.335,0.05900337119416633,decay,,
5.34,0.05883356326534548,decay,,
5.345,0.058664204402728175,decay,,
5.3500000000000005,0.05849529341873461,decay,,
5.355,0.058326829128925735,decay,,
5.36,0.05815881035199474,decay,,
5.365,0.05799123590975883,decay,,
5.37,0.057824104627150964,decay,,
5.375,0.05765741533221174,decay,,
5.38,0.05749116685608092,decay,,
5.385,0.057325358032989514,decay,,
5.39,0.057159987700251366,decay,,
5.3950000000000005,0.056995054698255096,decay,,
5.4,0.056830557870456135,decay,,
5.405,0.056666496063368293,decay,,
5.41,0.05650286812655589,decay,,
5.415,0.05633967291262566,decay,,
5.42,0.05617690927721864,decay,,
5.425,0.05601457607900224,decay,,
5.43,0.05585267217966213,decay,,
5.4350000000000005,0.05569119644389428,decay,,
5.44,0.0555301477393972,decay,,
5.445,0.05536952493686363,decay,,
5.45,0.05520932690997299,decay,,
5.455,0.05504955253538318,decay,,
5.46,0.05489020069272289,decay,,
5.465,0.05473127026458375,decay,,
5.47,0.05457276013651237,decay,,
5.4750000000000005,0.05441466919700253,decay,,
5.48,0.05425699633748766,decay,,
5.485,0.05409974045233262,decay,,
5.49,0.053942900438826345,decay,,
5.495,0.05378647519717387,decay,,
5.5,0.05363046363048866,decay,,
5.505,0.05347486464478508,decay,,
5.51,0.05331967714897047,decay,,
5.515,0.05316490005483774,decay,,
5.5200000000000005,0.053010532277057494,decay,,
5.525,0.052856572733170654,decay,,
5.53,0.05270302034358074,decay,,
5.535,0.052549874031546304,decay,,
5.54,0.05239713272317336,decay,,
5.545,0.05224479534740799,decay,,
5.55,0.05209286083602863,decay,,
5.555,0.0519413281236388,decay,,
5.5600000000000005,0.05179019614765939,decay,,
5.565,0.05163946384832144,decay,,
5.57,0.05148913016865858,decay,,
5.575,0.05133919405449961,decay,,
5.58,0.05118965445446116,decay,,
5.585,0.05104051031994033,decay,,
5.59,0.05089176060510724,decay,,
5.595,0.05074340426689787,decay,,
5.6000000000000005,0.050595440265006515,decay,,
5.605,0.0504478675618787,decay,,
5.61,0.0503006851227038,decay,,
5.615,0.050153891915407776,decay,,
5.62,0.05000748691064602,decay,,
5.625,0.04986146908179602,decay,,
5.63,0.04971583740495021,decay,,
5.635,0.04957059085890891,decay,,
5.64,0.04942572842517295,decay,,
5.6450000000000005,0.04928124908793662,decay,,
5.65,0.04913715183408073,decay,,
5.655,0.048993435653165135,decay,,
5.66,0.048850099537422004,decay,,
5.665,0.048707142481748504,decay,,
5.67,0.04856456348369987,decay,,
5.675,0.04842236154348242,decay,,
5.68,0.04828053566394639,decay,,
5.6850000000000005,0.04813908485057909,decay,,
5.69,0.047998008111497896,decay,,
5.695,0.04785730445744318,decay,,
5.7,0.04771697290177155,decay,,
5.705,0.047577012460448806,decay,,
5.71,0.04743742215204306,decay,,
5.715,0.04729820099771794,decay,,
5.72,0.04715934802122558,decay,,
5.7250000000000005,0.04702086224889992,decay,,
5.73,0.04688274270964979,decay,,
5.735,0.04674498843495209,decay,,
5.74,0.0466075984588451,decay,,
5.745,0.046470571817921566,decay,,
5.75,0.04633390755132204,decay,,
5.755,0.046197604700728166,decay,,
5.76,0.04606166231035583,decay,,
5.765,0.04592607942694861,decay,,
5.7700000000000005,0.04579085509977098,decay,,
5.775,0.0456559883806017,decay,,
5.78,0.04552147832372718,decay,,
5.785,0.04538732398593475,decay,,
5.79,0.045253524426506216,decay,,
5.795,0.04512007870721106,decay,,
5.8,0.044986985892300005,decay,,
5.805,0.04485424504849847,decay,,
5.8100000000000005,0.04472185524499987,decay,,
5.815,0.044589815553459256,decay,,
5.82,0.04445812504798675,decay,,
5.825,0.04432678280514095,decay,,
5.83,0.04419578790392266,decay,,
5.835,0.04406513942576823,decay,,
5.84,0.04393483645454322,decay,,
5.845,0.04380487807653599,decay,,
5.8500000000000005,0.04367526338045118,decay,,
5.855,0.04354599145740356,decay,,
5.86,0.04341706140091132,decay,,
5.865,0.04328847230688996,decay,,
5.87,0.043160223273645916,decay,,
5.875,0.04303231340187015,decay,,
5.88,0.042904741794631884,decay,,
5.885,0.0427775075573724,decay,,
5.89,0.042650609797898587,decay,,
5.8950000000000005,0.04252404762637687,decay,,
5.9,0.04239782015532687,decay,,
5.905,0.04227192649961514,decay,,
5.91,0.04214636577644911,decay,,
5.915,0.04202113710537072,decay,,
5.92,0.041896239608250334,decay,,
5.925,0.041771672409280654,decay,,
5.93,0.04164743463497041,decay,,
5.9350000000000005,0.041523525414138375,decay,,
5.94,0.041399943877907235,decay,,
5.945,0.04127668915969738,decay,,
5.95,0.04115376039522102,decay,,
5.955,0.04103115672247593,decay,,
5.96,0.040908877281739565,decay,,
5.965,0.04078692121556294,decay,,
5.97,0.04066528766876458,decay,,
5.9750000000000005,0.040543975788424676,decay,,
5.98,0.040422984723878994,decay,,
5.985,0.040302313626712855,decay,,
5.99,0.04018196165075536,decay,,
5.995,0.040061927952073265,decay,,
6.0,0.03994221168896523,decay,,
6.005,0.03982281202195577,decay,,
6.01,0.039703728113789465,decay,,
6.015000000000001,0.03958495912942508,decay,,
6.0200000000000005,0.03946650423602967,decay,,
6.025,0.0393483626029728,decay,,
6.03,0.03923053340182062,decay,,
6.035,0.03911301580633014,decay,,
6.04,0.038995808992443474,decay,,
6.045,0.03887891213828191,decay,,
6.05,0.03876232442414025,decay,,
6.055,0.038646045032481154,decay,,
6.0600000000000005,0.03853007314792914,decay,,
6.065,0.03841440795726521,decay,,
6.07,0.03829904864942084,decay,,
6.075,0.038183994415472426,decay,,
6.08,0.03806924444863568,decay,,
6.085,0.03795479794425983,decay,,
6.09,0.03784065409982209,decay,,
6.095,0.037726812114921966,decay,,
6.1000000000000005,0.03761327119127563,decay,,
6.105,0.03750003053271048,decay,,
6.11,0.037387089345159295,decay,,
6.115,0.03727444683665487,decay,,
6.12,0.03716210221732443,decay,,
6.125,0.03705005469938398,decay,,
6.13,0.03693830349713296,decay,,
6.135,0.036826847826948554,decay,,
6.140000000000001,0.03671568690728028,decay,,
6.1450000000000005,0.03660481995864464,decay,,
6.15,0.03649424620361935,decay,,
6.155,0.03638396486683813,decay,,
6.16,0.03627397517498524,decay,,
6.165,0.03616427635678993,decay,,
6.17,0.03605486764302122,decay,,
6.175,0.0359457482664823,decay,,
6.18,0.03583691746200531,decay,,
6.1850000000000005,0.035728374466445896,decay,,
6.19,0.03562011851867791,decay,,
6.195,0.03551214885958805,decay,,
6.2,0.03540446473207046,decay,,
6.205,0.03529706538102154,decay,,
6.21,0.035189950053334626,decay,,
6.215,0.03508311799789463,decay,,
6.22,0.03497656846557286,decay,,
6.2250000000000005,0.03487030070922172,decay,,
6.23,0.03476431398366951,decay,,
6.235,0.03465860754571519,decay,,
6.24,0.034553180654123085,decay,,
6.245,0.0344480325696178,decay,,
6.25,0.03434316255487903,decay,,
6.255,0.03423856987453627,decay,,
6.26,0.03413425379516384,decay,,
6.265000000000001,0.03403021358527555,decay,,
6.2700000000000005,0.03392644851531972,decay,,
6.275,0.03382295785767403,decay,,
6.28,0.03371974088664032,decay,,
6.285,0.033616796878439624,decay,,
6.29,0.03351412511120707,decay,,
6.295,0.03341172486498673,decay,,
6.3,0.03330959542172672,decay,,
6.305,0.03320773606527404,decay,,
6.3100000000000005,0.03310614608136954,decay,,
6.315,0.033004824757643096,decay,,
6.32,0.032903771383608386,decay,,
6.325,0.03280298525065802,decay,,
6.33,0.03270246565205861,decay,,
6.335,0.03260221188294567,decay,,
6.34,0.03250222324031887,decay,,
6.345,0.03240249902303695,decay,,
6.3500000000000005,0.0323030385318128,decay,,
6.355,0.03220384106920875,decay,,
6.36,0.032104905939631403,decay,,
6.365,0.032006232449327016,decay,,
6.37,0.031907819906376415,decay,,
6.375,0.03180966762069028,decay,,
6.38,0.03171177490400429,decay,,
6.385,0.03161414106987425,decay,,
6.390000000000001,0.031516765433671295,decay,,
6.3950000000000005,0.03141964731257717,decay,,
6.4,0.03132278602557925,decay,,
6.405,0.031226180893466016,decay,,
6.41,0.03112983123882205,decay,,
6.415,0.031033736386023428,decay,,
6.42,0.030937895661233006,decay,,
6.425,0.03084230839239556,decay,,
6.43,0.0307469739092332,decay,,
6.4350000000000005,0.0306518915432406,decay,,
6.44,0.030557060627680342,decay,,
6.445,0.03046248049757825,decay,,
6.45,0.030368150489718672,decay,,
6.455,0.030274069942639863,decay,,
6.46,0.0301802381966294,decay,,
6.465,0.030086654593719446,decay,,
6.47,0.029993318477682232,decay,,
6.4750000000000005,0.029900229194025407,decay,,
6.48,0.02980738608998746,decay,,
6.485,0.029714788514533158,decay,,
6.49,0.02962243581834894,decay,,
6.495,0.02953032735383839,decay,,
6.5,0.029438462475117735,decay,,
6.505,0.029346840538011218,decay,,
6.51,0.0292554609000467,decay,,
6.515000000000001,0.029164322920451034,decay,,
6.5200000000000005,0.029073425960145678,decay,,
6.525,0.028982769381742164,decay,,
6.53,0.028892352549537592,decay,,
6.535,0.028802174829510266,decay,,
6.54,0.02871223558931517,decay,,
6.545,0.02862253419827953,decay,,
6.55,0.028533070027398466,decay,,
6.555,0.02844384244933052,decay,,
6.5600000000000005,0.028354850838393238,decay,,
6.565,0.028266094570558897,decay,,
6.57,0.02817757302344996,decay,,
6.575,0.028089285576334874,decay,,
6.58,0.028001231610123592,decay,,
6.585,0.027913410507363283,decay,,
6.59,0.027825821652234066,decay,,
6.595,0.027738464430544542,decay,,
6.6000000000000005,0.027651338229727637,decay,,
6.605,0.027564442438836247,decay,,
6.61,0.027477776448538882,decay,,
6.615,0.02739133965111555,decay,,
6.62,0.02730513144045335,decay,,
6.625,0.027219151212042277,decay,,
6.63,0.027133398362971024,decay,,
6.635,0.027047872291922674,decay,,
6.640000000000001,0.026962572399170562,decay,,
6.6450000000000005,0.02687749808657402,decay,,
6.65,0.02679264875757416,decay,,
6.655,0.0267080238171898,decay,,
6.66,0.02662362267201314,decay,,
6.665,0.026539444730205718,decay,,
6.67,0.026455489401494232,decay,,
6.675,0.026371756097166348,decay,,
6.68,0.02628824423006667,decay,,
6.6850000000000005,0.0262049532145925,decay,,
6.69,0.026121882466689846,decay,,
6.695,0.026039031403849285,decay,,
6.7,0.025956399445101815,decay,,
6.705,0.025873986011014913,decay,,
6.71,0.025791790523688345,decay,,
6.715,0.025709812406750146,decay,,
6.72,0.02562805108535267,decay,,
6.7250000000000005,0.025546505986168415,decay,,
6.73,0.02546517653738612,decay,,
6.735,0.025384062168706707,decay,,
6.74,0.02530316231133925,decay,,
6.745,0.025222476397997066,decay,,
6.75,0.025142003862893655,decay,,
6.755,0.025061744141738777,decay,,
6.76,0.02498169667173452,decay,,
6.765000000000001,0.024901860891571252,decay,,
6.7700000000000005,0.024822236241423865,decay,,
6.775,0.024742822162947632,decay,,
6.78,0.024663618099274434,decay,,
6.785,0.024584623495008853,decay,,
6.79,0.0245058377962242,decay,,
6.795,0.024427260450458677,decay,,
6.8,0.02434889090671155,decay,,
6.805,0.024270728615439163,decay,,
6.8100000000000005,0.024192773028551225,decay,,
6.815,0.02411502359940687,decay,,
6.82,0.02403747978281083,decay,,
6.825,0.023960141035009687,decay,,
6.83,0.02388300681368797,decay,,
6.835,0.023806076577964387,decay,,
6.84,0.023729349788388067,decay,,
6.845,0.02365282590693471,decay,,
6.8500000000000005,0.02357650439700288,decay,,
6.855,0.023500384723410213,decay,,
6.86,0.02342446635238963,decay,,
6.865,0.023348748751585664,decay,,
6.87,0.023273231390050657,decay,,
6.875,0.023197913738241115,decay,,
6.88,0.023122795268013904,decay,,
6.885,0.023047875452622615,decay,,
6.890000000000001,0.02297315376671385,decay,,
6.8950000000000005,0.022898629686323543,decay,,
6.9,0.022824302688873255,decay,,
6.905,0.022750172253166563,decay,,
6.91,0.022676237859385343,decay,,
6.915,0.022602498989086187,decay,,
6.92,0.02252895512519673,decay,,
6.925,0.02245560575201201,decay,,
6.93,0.02238245035519093,decay,,
6.9350000000000005,0.022309488421752517,decay,,
6.94,0.022236719440072487,decay,,
6.945,0.022164142899879523,decay,,
6.95,0.022091758292251733,decay,,
6.955,0.022019565109613157,decay,,
6.96,0.021947562845730108,decay,,
6.965,0.021875750995707634,decay,,
6.97,0.02180412905598607,decay,,
6.9750000000000005,0.021732696524337375,decay,,
6.98,0.021661452899861752,decay,,
6.985,0.021590397682983993,decay,,
6.99,0.02151953037545007,decay,,
6.995,0.021448850480323627,decay,,
7.0,0.021378357501982442,decay,,
7.005,0.021308050946115056,decay,,
7.01,0.021237930319717185,decay,,
7.015000000000001,0.02116799513108833,decay,,
7.0200000000000005,0.021098244889828366,decay,,
7.025,0.021028679106834015,decay,,
7.03,0.020959297294295458,decay,,
7.035,0.020890098965692945,decay,,
7.04,0.02082108363579331,decay,,
7.045,0.020752250820646675,decay,,
7.05,0.020683600037582926,decay,,
7.055,0.02061513080520843,decay,,
7.0600000000000005,0.020546842643402626,decay,,
7.065,0.020478735073314665,decay,,
7.07,0.020410807617360006,decay,,
7.075,0.02034305979921717,decay,,
7.08,0.020275491143824265,decay,,
7.085,0.02020810117737578,decay,,
7.09,0.02014088942731919,decay,,
7.095,0.020073855422351634,decay,,
7.1000000000000005,0.020006998692416678,decay,,
7.105,0.019940318768700963,decay,,
7.11,0.019873815183630933,decay,,
7.115,0.01980748747086955,decay,,
7.12,0.01974133516531302,decay,,
7.125,0.019675357803087566,decay,,
7.13,0.019609554921546132,decay,,
7.135,0.01954392605926516,decay,,
7.140000000000001,0.019478470756041345,decay,,
7.1450000000000005,0.01941318855288844,decay,,
7.15,0.019348078992034,decay,,
7.155,0.01928314161691616,decay,,
7.16,0.019218375972180478,decay,,
7.165,0.01915378160367673,decay,,
7.17,0.019089358058455692,decay,,
7.175,0.01902510488476602,decay,,
7.18,0.018961021632051024,decay,,
7.1850000000000005,0.01889710785094552,decay,,
7.19,0.018833363093272763,decay,,
7.195,0.01876978691204117,decay,,
7.2,0.018706378861441268,decay,,
7.205,0.01864313849684257,decay,,
7.21,0.018580065374790407,decay,,
7.215,0.018517159053002885,decay,,
7.22,0.01845441909036772,decay,,
7.2250000000000005,0.018391845046939165,decay,,
7.23,0.018329436483934994,decay,,
7.235,0.018267192963733303,decay,,
7.24,0.0182051140498695,decay,,
7.245,0.0181431993070333,decay,,
7.25,0.01808144830106557,decay,,
7.255,0.018019860598955356,decay,,
7.26,0.01795843576883683,decay,,
7.265000000000001,0.01789717337998621,decay,,
7.2700000000000005,0.017836073002818878,decay,,
7.275,0.017775134208886184,decay,,
7.28,0.0177143565708726,decay,,
7.285,0.0176537396625926,decay,,
7.29,0.01759328305898776,decay,,
7.295,0.01753298633612376,decay,,
7.3,0.017472849071187367,decay,,
7.305,0.017412870842483504,decay,,
7.3100000000000005,0.0173530512294323,decay,,
7.315,0.017293389812566146,decay,,
7.32,0.01723388617352671,decay,,
7.325,0.01717453989506204,decay,,
7.33,0.017115350561023625,decay,,
7.335,0.017056317756363494,decay,,
7.34,0.016997441067131275,decay,,
7.345,0.01693872008047133,decay,,
7.3500000000000005,0.016880154384619823,decay,,
7.355,0.01682174356890185,decay,,
7.36,0.016763487223728592,decay,,
7.365,0.016705384940594363,decay,,
7.37,0.016647436312073806,decay,,
7.375,0.01658964093181904,decay,,
7.38,0.016531998394556775,decay,,
7.385,0.016474508296085502,decay,,
7.390000000000001,0.016417170233272625,decay,,
7.3950000000000005,0.016359983804051674,decay,,
7.4,0.016302948607419467,decay,,
7.405,0.01624606424343327,decay,,
7.41,0.016189330313208038,decay,,
7.415,0.01613274641891361,decay,,
7.42,0.016076312163771873,decay,,
7.425,0.016020027152054056,decay,,
7.43,0.01596389098907789,decay,,
7.4350000000000005,0.015907903281204852,decay,,
7.44,0.015852063635837466,decay,,
7.445,0.015796371661416453,decay,,
7.45,0.015740826967418055,decay,,
7.455,0.01568542916435127,decay,,
7.46,0.01563017786375511,decay,,
7.465,0.015575072678195941,decay,,
7.47,0.015520113221264667,decay,,
7.4750000000000005,0.015465299107574075,decay,,
7.48,0.01541062995275618,decay,,
7.485,0.01535610537345942,decay,,
7.49,0.01530172498734607,decay,,
7.495,0.015247488413089491,decay,,
7.5,0.015193395270371479,decay,,
7.505,0.015139445179879632,decay,,
7.51,0.015085637763304622,decay,,
7.515000000000001,0.015031972643337608,decay,,
7.5200000000000005,0.014978449443667571,decay,,
7.525,0.01492506778897862,decay,,
7.53,0.014871827304947469,decay,,
7.535,0.014818727618240704,decay,,
7.54,0.014765768356512209,decay,,
7.545,0.014712949148400606,decay,,
7.55,0.014660269623526541,decay,,
7.555,0.014607729412490196,decay,,
7.5600000000000005,0.014555328146868619,decay,,
7.565,0.014503065459213193,decay,,
7.57,0.014450940983047033,decay,,
7.575,0.014398954352862434,decay,,
7.58,0.014347105204118247,decay,,
7.585,0.014295393173237423,decay,,
7.59,0.014243817897604412,decay,,
7.595,0.014192379015562572,decay,,
7.6000000000000005,0.014141076166411729,decay,,
7.605,0.014089908990405587,decay,,
7.61,0.01403887712874921,decay,,
7.615,0.013987980223596543,decay,,
7.62,0.013937217918047811,decay,,
7.625,0.013886589856147139,decay,,
7.63,0.013836095682879994,decay,,
7.635,0.013785735044170652,decay,,
7.640000000000001,0.013735507586879808,decay,,
7.6450000000000005,0.013685412958802023,decay,,
7.65,0.013635450808663309,decay,,
7.655,0.013585620786118647,decay,,
7.66,0.013535922541749462,decay,,
7.665,0.013486355727061304,decay,,
7.67,0.013436919994481324,decay,,
7.675,0.013387614997355803,decay,,
7.68,0.013338440389947812,decay,,
7.6850000000000005,0.013289395827434733,decay,,
7.69,0.013240480965905839,decay,,
7.695,0.01319169546235992,decay,,
7.7,0.013143038974702795,decay,,
7.705,0.013094511161745025,decay,,
7.71,0.013046111683199453,decay,,
7.715,0.0129978401996788,decay,,
7.72,0.012949696372693347,decay,,
7.7250000000000005,0.012901679864648513,decay,,
7.73,0.012853790338842522,decay,,
7.735,0.012806027459464018,decay,,
7.74,0.012758390891589684,decay,,
7.745,0.012710880301181964,decay,,
7.75,0.012663495355086684,decay,,
7.755,0.012616235721030671,decay,,
7.76,0.012569101067619512,decay,,
7.765000000000001,0.012522091064335166,decay,,
7.7700000000000005,0.01247520538153367,decay,,
7.775,0.012428443690442827,decay,,
7.78,0.012381805663159868,decay,,
7.785,0.012335290972649201,decay,,
7.79,0.012288899292740118,decay,,
7.795,0.012242630298124437,decay,,
7.8,0.01219648366435431,decay,,
7.805000000000001,0.012150459067839901,decay,,
7.8100000000000005,0.012104556185847123,decay,,
7.815,0.012058774696495385,decay,,
7.82,0.012013114278755293,decay,,
7.825,0.011967574612446465,decay,,
7.83,0.011922155378235265,decay,,
7.835,0.011876856257632492,decay,,
7.84,0.011831676932991276,decay,,
7.845,0.01178661708750474,decay,,
7.8500000000000005,0.011741676405203837,decay,,
7.855,0.011696854570955125,decay,,
7.86,0.011652151270458504,decay,,
7.865,0.011607566190245106,decay,,
7.87,0.011563099017675034,decay,,
7.875,0.011518749440935195,decay,,
7.88,0.011474517149037055,decay,,
7.885,0.01143040183181456,decay,,
7.890000000000001,0.011386403179921888,decay,,
7.8950000000000005,0.011342520884831309,decay,,
7.9,0.011298754638830974,decay,,
7.905,0.01125510413502283,decay,,
7.91,0.011211569067320426,decay,,
7.915,0.011168149130446782,decay,,
7.92,0.011124844019932202,decay,,
7.925,0.011081653432112216,decay,,
7.930000000000001,0.011038577064125392,decay,,
7.9350000000000005,0.01099561461391124,decay,,
7.94,0.010952765780208098,decay,,
7.945,0.010910030262550956,decay,,
7.95,0.010867407761269448,decay,,
7.955,0.010824897977485709,decay,,
7.96,0.010782500613112216,decay,,
7.965,0.010740215370849812,decay,,
7.97,0.010698041954185547,decay,,
7.9750000000000005,0.010655980067390576,decay,,
7.98,0.010614029415518216,decay,,
7.985,0.01057218970440168,decay,,
7.99,0.010530460640652188,decay,,
7.995,0.010488841931656842,decay,,
8.0,0.010447333285576529,decay,,
8.005,0.01040593441134396,decay,,
8.01,0.010364645018661592,decay,,
8.015,0.010323464817999535,decay,,
8.02,0.010282393520593671,decay,,
8.025,0.010241430838443442,decay,,
8.03,0.010200576484309986,decay,,
8.035,0.010159830171714002,decay,,
8.040000000000001,0.010119191614933841,decay,,
8.045,0.010078660529003485,decay,,
8.05,0.01003823662971045,decay,,
8.055,0.009997919633593937,decay,,
8.06,0.009957709257942714,decay,,
8.065,0.009917605220793251,decay,,
8.07,0.009877607240927622,decay,,
8.075,0.009837715037871685,decay,,
8.08,0.009797928331892938,decay,,
8.085,0.009758246843998694,decay,,
8.09,0.009718670295934085,decay,,
8.095,0.009679198410180044,decay,,
8.1,0.009639830909951512,decay,,
8.105,0.009600567519195313,decay,,
8.11,0.009561407962588373,decay,,
8.115,0.009522351965535669,decay,,
8.120000000000001,0.009483399254168391,decay,,
8.125,0.009444549555342024,decay,,
8.13,0.009405802596634325,decay,,
8.135,0.009367158106343546,decay,,
8.14,0.009328615813486419,decay,,
8.145,0.009290175447796352,decay,,
8.15,0.009251836739721457,decay,,
8.155,0.009213599420422726,decay,,
8.16,0.00917546322177205,decay,,
8.165000000000001,0.009137427876350458,decay,,
8.17,0.009099493117446148,decay,,
8.175,0.009061658679052672,decay,,
8.18,0.009023924295867052,decay,,
8.185,0.008986289703287883,decay,,
8.19,0.00894875463741356,decay,,
8.195,0.008911318835040335,decay,,
8.2,0.00887398203366055,decay,,
8.205,0.008836743971460755,decay,,
8.21,0.008799604387319873,decay,,
8.215,0.00876256302080739,decay,,
8.22,0.008725619612181481,decay,,
8.225,0.008688773902387259,decay,,
8.23,0.008652025633054904,decay,,
8.235,0.008615374546497887,decay,,
8.24,0.008578820385711105,decay,,
8.245000000000001,0.008542362894369153,decay,,
8.25,0.008506001816824486,decay,,
8.255,0.008469736898105634,decay,,
8.26,0.008433567883915413,decay,,
8.265,0.008397494520629118,decay,,
8.27,0.008361516555292811,decay,,
8.275,0.008325633735621443,decay,,
8.28,0.008289845809997235,decay,,
8.285,0.008254152527467735,decay,,
8.290000000000001,0.008218553637744203,decay,,
8.295,0.008183048891199793,decay,,
8.3,0.00814763803886778,decay,,
8.305,0.008112320832439882,decay,,
8.31,0.008077097024264464,decay,,
8.315,0.008041966367344838,decay,,
8.32,0.008006928615337472,decay,,
8.325,0.007971983522550347,decay,,
8.33,0.00793713084394114,decay,,
8.335,0.007902370335115616,decay,,
8.34,0.007867701752325826,decay,,
8.345,0.007833124852468398,decay,,
8.35,0.007798639393082911,decay,,
8.355,0.00776424513235008,decay,,
8.36,0.0077299418290902085,decay,,
8.365,0.00769572924276133,decay,,
8.370000000000001,0.0076616071334576555,decay,,
8.375,0.00762757526190783,decay,,
8.38,0.007593633389473227,decay,,
8.385,0.007559781278146389,decay,,
8.39,0.007526018690549205,decay,,
8.395,0.007492345389931376,decay,,
8.4,0.007458761140168661,decay,,
8.405,0.007425265705761304,decay,,
8.41,0.007391858851832285,decay,,
8.415000000000001,0.007358540344125799,decay,,
8.42,0.0073253099490055065,decay,,
8.425,0.007292167433452909,decay,,
8.43,0.007259112565065786,decay,,
8.435,0.007226145112056458,decay,,
8.44,0.0071932648432503025,decay,,
8.445,0.007160471528083967,decay,,
8.45,0.007127764936603899,decay,,
8.455,0.007095144839464617,decay,,
8.46,0.007062611007927188,decay,,
8.465,0.007030163213857616,decay,,
8.47,0.006997801229725159,decay,,
8.475,0.0069655248286008414,decay,,
8.48,0.006933333784155775,decay,,
8.485,0.006901227870659636,decay,,
8.49,0.006869206862979052,decay,,
8.495000000000001,0.006837270536576023,decay,,
8.5,0.006805418667506372,decay,,
8.505,0.0067736510324181085,decay,,
8.51,0.0067419674085499506,decay,,
8.515,0.006710367573729708,decay,,
8.52,0.006678851306372744,decay,,
8.525,0.006647418385480388,decay,,
8.53,0.006616068590638447,decay,,
8.535,0.0065848017020155875,decay,,
8.540000000000001,0.006553617500361859,decay,,
8.545,0.006522515767007147,decay,,
8.55,0.006491496283859572,decay,,
8.555,0.006460558833404054,decay,,
8.56,0.006429703198700705,decay,,
8.565,0.006398929163383381,decay,,
8.57,0.006368236511658108,decay,,
8.575000000000001,0.006337625028301604,decay,,
8.58,0.0063070944986597585,decay,,
8.585,0.0062766447086461,decay,,
8.59,0.006246275444740344,decay,,
8.595,0.00621598649398687,decay,,
8.6,0.006185777643993235,decay,,
8.605,0.006155648682928649,decay,,
8.61,0.0061255993995225615,decay,,
8.615,0.006095629583063087,decay,,
8.620000000000001,0.00606573902339564,decay,,
8.625,0.006035927510921373,decay,,
8.63,0.006006194836595705,decay,,
8.635,0.005976540791926936,decay,,
8.64,0.005946965168974685,decay,,
8.645,0.005917467760348516,decay,,
8.65,0.005888048359206432,decay,,
8.655,0.005858706759253459,decay,,
8.66,0.0058294427547401426,decay,,
8.665000000000001,0.005800256140461181,decay,,
8.67,0.005771146711753933,decay,,
8.675,0.005742114264497004,decay,,
8.68,0.005713158595108816,decay,,
8.685,0.005684279500546145,decay,,
8.69,0.005655476778302762,decay,,
8.695,0.005626750226407937,decay,,
8.700000000000001,0.005598099643425107,decay,,
8.705,0.005569524828450401,decay,,
8.71,0.005541025581111227,decay,,
8.715,0.005512601701564923,decay,,
8.72,0.005484252990497278,decay,,
8.725,0.005455979249121248,decay,,
8.73,0.005427780279175417,decay,,
8.735,0.005399655882922736,decay,,
8.74,0.005371605863149043,decay,,
8.745000000000001,0.005343630023161737,decay,,
8.75,0.00531572816678841,decay,,
8.755,0.005287900098375386,decay,,
8.76,0.005260145622786455,decay,,
8.765,0.005232464545401414,decay,,
8.77,0.005204856672114781,decay,,
8.775,0.005177321809334355,decay,,
8.78,0.005149859763979961,decay,,
8.785,0.005122470343481966,decay,,
8.790000000000001,0.005095153355780044,decay,,
8.795,0.005067908609321775,decay,,
8.8,0.00504073591306128,decay,,
8.805,0.005013635076457967,decay,,
8.81,0.00498660590947508,decay,,
8.815,0.0049596482225784735,decay,,
8.82,0.0049327618267351915,decay,,
8.825000000000001,0.00490594653341221,decay,,
8.83,0.004879202154575114,decay,,
8.835,0.0048525285026867065,decay,,
8.84,0.004825925390705782,decay,,
8.845,0.004799392632085743,decay,,
8.85,0.004772930040773348,decay,,
8.855,0.004746537431207383,decay,,
8.86,0.004720214618317356,decay,,
8.865,0.00469396141752219,decay,,
8.870000000000001,0.004667777644728961,decay,,
8.875,0.004641663116331594,decay,,
8.88,0.004615617649209532,decay,,
8.885,0.004589641060726547,decay,,
8.89,0.004563733168729352,decay,,
8.895,0.004537893791546411,decay,,
8.9,0.004512122747986591,decay,,
8.905,0.004486419857337963,decay,,
8.91,0.004460784939366481,decay,,
8.915000000000001,0.004435217814314746,decay,,
8.92,0.004409718302900743,decay,,
8.925,0.004384286226316552,decay,,
8.93,0.004358921406227147,decay,,
8.935,0.004333623664769108,decay,,
8.94,0.004308392824549395,decay,,
8.945,0.004283228708644065,decay,,
8.950000000000001,0.00425813114059709,decay,,
8.955,0.0042330999444190765,decay,,
8.96,0.004208134944586045,decay,,
8.965,0.004183235966038213,decay,,
8.97,0.004158402834178718,decay,,
8.975,0.0041336353748724665,decay,,
8.98,0.004108933414444847,decay,,
8.985,0.004084296779680556,decay,,
8.99,0.004059725297822361,decay,,
8.995000000000001,0.004035218796569899,decay,,
9.0,0.004010777104078468,decay,,
9.005,0.003986400048957797,decay,,
9.01,0.003962087460270892,decay,,
9.015,0.003937839167532797,decay,,
9.02,0.003913655000709429,decay,,
9.025,0.003889534790216335,decay,,
9.03,0.0038654783669175782,decay,,
9.035,0.003841485562124467,decay,,
9.040000000000001,0.003817556207594464,decay,,
9.045,0.003793690135529935,decay,,
9.05,0.003769887178576979,decay,,
9.055,0.003746147169824304,decay,,
9.06,0.003722469942801983,decay,,
9.065,0.0036988553314803857,decay,,
9.07,0.0036753031702688992,decay,,
9.075000000000001,0.0036518132940148527,decay,,
9.08,0.003628385538002335,decay,,
9.085,0.0036050197379510016,decay,,
9.09,0.003581715730015013,decay,,
9.095,0.0035584733507817694,decay,,
9.1,0.0035352924372708677,decay,,
9.105,0.0035121728269328824,decay,,
9.11,0.003489114357648289,decay,,
9.115,0.0034661168677262624,decay,,
9.120000000000001,0.0034431801959036185,decay,,
9.125,0.0034203041813436214,decay,,
9.13,0.0033974886636348595,decay,,
9.135,0.0033747334827901737,decay,,
9.14,0.0033520384792454574,decay,,
9.145,0.0033294034938586327,decay,,
9.15,0.003306828367908427,decay,,
9.155,0.0032843129430933597,decay,,
9.16,0.0032618570615305497,decay,,
9.165000000000001,0.0032394605657546614,decay,,
9.17,0.0032171232987168105,decay,,
9.175,0.00319484510378339,decay,,
9.18,0.0031726258247350547,decay,,
9.185,0.0031504653057655638,decay,,
9.19,0.0031283633914807353,decay,,
9.195,0.0031063199268973277,decay,,
9.200000000000001,0.003084334757441961,decay,,
9.205,0.003062407728950037,decay,,
9.21,0.0030405386876646394,decay,,
9.215,0.0030187274802354943,decay,,
9.22,0.002996973953717832,decay,,
9.225,0.002975277955571414,decay,,
9.23,0.0029536393336593407,decay,,
9.235,0.0029320579362470903,decay,,
9.24,0.0029105336120013783,decay,,
9.245000000000001,0.0028890662099891468,decay,,
9.25,0.0028676555796765084,decay,,
9.255,0.002846301570927627,decay,,
9.26,0.002825004034003745,decay,,
9.265,0.002803762819562069,decay,,
9.27,0.0027825777786547722,decay,,
9.275,0.0027614487627279204,decay,,
9.28,0.002740375623620445,decay,,
9.285,0.0027193582135630803,decay,,
9.290000000000001,0.0026983963851773575,decay,,
9.295,0.0026774899914745586,decay,,
9.3,0.002656638885854679,decay,,
9.305,0.002635842922105421,decay,,
9.31,0.0026151019544011205,decay,,
9.315,0.0025944158373017983,decay,,
9.32,0.0025737844257520603,decay,,
9.325000000000001,0.00255320757508014,decay,,
9.33,0.002532685140996879,decay,,
9.335,0.0025122169795946617,decay,,
9.34,0.002491802947346477,decay,,
9.345,0.0024714429011048512,decay,,
9.35,0.002451136698100892,decay,,
9.355,0.0024308841959432602,decay,,
9.36,0.002410685252617187,decay,,
9.365,0.0023905397264834434,decay,,
9.370000000000001,0.0023704474762774016,decay,,
9.375,0.002350408361108003,decay,,
9.38,0.0023304222404567834,decay,,
9.385,0.0023104889741768966,decay,,
9.39,0.002290608422492099,decay,,
9.395,0.0022707804459958228,decay,,
9.4,0.002251004905650132,decay,,
9.405,0.002231281662784834,decay,,
9.41,0.0022116105790964055,decay,,
9.415000000000001,0.002191991516647106,decay,,
9.42,0.0021724243378639747,decay,,
9.425,0.0021529089055378463,decay,,
9.43,0.0021334450828224584,decay,,
9.435,0.0021140327332333977,decay,,
9.44,0.002094671720647226,decay,,
9.445,0.0020753619093004634,decay,,
9.450000000000001,0.002056103163788685,decay,,
9.455,0.0020368953490655433,decay,,
9.46,0.0020177383304418265,decay,,
9.465,0.0019986319735845236,decay,,
9.47,0.0019795761445158544,decay,,
9.475,0.0019605707096123776,decay,,
9.48,0.0019416155356039924,decay,,
9.485,0.0019227104895730828,decay,,
9.49,0.0019038554389534954,decay,,
9.495000000000001,0.0018850502515296835,decay,,
9.5,0.0018662947954357486,decay,,
9.505,0.0018475889391544936,decay,,
9.51,0.0018289325515165721,decay,,
9.515,0.0018103255016994751,decay,,
9.52,0.0017917676592266955,decay,,
9.525,0.0017732588939667494,decay,,
9.53,0.0017547990761323127,decay,,
9.535,0.0017363880762792886,decay,,
9.540000000000001,0.0017180257653058957,decay,,
9.545,0.00169971201445178,decay,,
9.55,0.0016814466952970808,decay,,
9.555,0.0016632296797615747,decay,,
9.56,0.0016450608401037247,decay,,
9.565,0.0016269400489198555,decay,,
9.57,0.0016088671791431733,decay,,
9.575000000000001,0.0015908421040429456,decay,,
9.58,0.0015728646972235838,decay,,
9.585,0.0015549348326237365,decay,,
9.59,0.001537052384515472,decay,,
9.595,0.0015192172275033085,decay,,
9.6,0.0015014292365234097,decay,,
9.605,0.0014836882868426533,decay,,
9.61,0.0014659942540578008,decay,,
9.615,0.0014483470140945944,decay,,
9.620000000000001,0.0014307464432069018,decay,,
9.625,0.0014131924179758473,decay,,
9.63,0.0013956848153089257,decay,,
9.635,0.001378223512439174,decay,,
9.64,0.0013608083869242884,decay,,
9.645,0.0013434393166457748,decay,,
9.65,0.0013261161798080725,decay,,
9.655,0.0013088388549377366,decay,,
9.66,0.0012916072208825425,decay,,
9.665000000000001,0.0012744211568106716,decay,,
9.67,0.0012572805422098703,decay,,
9.675,0.001240185256886548,decay,,
9.68,0.0012231351809650027,decay,,
9.685,0.0012061301948865302,decay,,
9.69,0.0011891701794086188,decay,,
9.695,0.0011722550156040967,decay,,
9.700000000000001,0.0011553845848602988,decay,,
9.705,0.0011385587688782462,decay,,
9.71,0.0011217774496717903,decay,,
9.715,0.0011050405095668183,decay,,
9.72,0.0010883478312004105,decay,,
9.725,0.0010716992975200222,decay,,
9.73,0.0010550947917826459,decay,,
9.735,0.0010385341975540285,decay,,
9.74,0.0010220173987078056,decay,,
9.745000000000001,0.0010055442794247487,decay,,
9.75,0.0009891147241919036,decay,,
9.755,0.0009727286178017845,decay,,
9.76,0.0009563858453516,decay,,
9.765,0.0009400862922423984,decay,,
9.77,0.0009238298441783298,decay,,
9.775,0.0009076163871657656,decay,,
9.78,0.0008914458075125684,decay,,
9.785,0.0008753179918272441,decay,,
9.790000000000001,0.0008592328270181845,decay,,
9.795,0.0008431902002928515,decay,,
9.8,0.0008271899991569957,decay,,
9.805,0.000811232111413868,decay,,
9.81,0.0007953164251634131,decay,,
9.815,0.0007794428288015248,decay,,
9.82,0.0007636112110192125,decay,,
9.825000000000001,0.0007478214608018802,decay,,
9.83,0.0007320734674284993,decay,,
9.835,0.000716367120470838,decay,,
9.84,0.000700702309792722,decay,,
9.845,0.000685078925549208,decay,,
9.85,0.0006694968581858812,decay,,
9.855,0.0006539559984380158,decay,,
9.86,0.000638456237329864,decay,,
9.865,0.0006229974661738523,decay,,
9.870000000000001,0.0006075795765698479,decay,,
9.875,0.0005922024604044012,decay,,
9.88,0.000576866009849946,decay,,
9.885,0.000561570117364095,decay,,
9.89,0.0005463146756888452,decay,,
9.895,0.0005310995778498601,decay,,
9.9,0.0005159247171556813,decay,,
9.905,0.0005007899871970322,decay,,
9.91,0.0004856952818460096,decay,,
9.915000000000001,0.000470640495255391,decay,,
9.92,0.00045562552185787145,decay,,
9.925,0.0004406502563653039,decay,,
9.93,0.0004257145937680189,decay,,
9.935,0.0004108184293340131,decay,,
9.94,0.0003959616586082801,decay,,
9.945,0.00038114417741202684,decay,,
9.950000000000001,0.0003663658818419801,decay,,
9.955,0.0003516266682696582,decay,,
9.96,0.00033692643334059993,decay,,
9.965,0.0003222650739736965,decay,,
9.97,0.0003076424873604232,decay,,
9.975,0.00029305857096415065,decay,,
9.98,0.0002785132225194102,decay,,
9.985,0.00026400634003118355,decay,,
9.99,0.0002495378217741689,decay,,
9.995000000000001,0.00023510756629209918,decay,,
10.0,0.00022071547239701193,decay,,
10.005,0.00020636143916852139,decay,,
10.01,0.00019204536595316887,decay,,
10.015,0.00017776715236364048,decay,,
10.02,0.00016352669827812867,decay,,
10.025,0.00014932390383958546,decay,,
10.03,0.00013515866945505196,decay,,
10.035,0.0001210308957949463,decay,,
10.040000000000001,0.00010694048379236449,decay,,
10.045,9.288733464240043e-05,decay,,
10.05,7.887134980142426e-05,decay,,
10.055,6.489243098642839e-05,decay,,
10.06,5.095048017431016e-05,decay,,
10.065,3.7045399601203996e-05,decay,,
10.07,2.3177091761768416e-05,decay,,
10.075000000000001,9.3454594085364e-06,decay,,
10.08,-4.449594448788924e-06,decay,,
10.085,-1.8208166544007344e-05,decay,,
10.09,-3.1930353355097245e-05,decay,,
10.095,-4.5616251104909494e-05,decay,,
10.1,-5.926595576181016e-05,decay,,
10.105,-7.287956304039434e-05,decay,,
10.11,-8.645716840210114e-05,decay,,
10.115,-9.999886705595266e-05,decay,,
10.120000000000001,-0.00011350475395916285,decay,,
10.125,-0.0001269749238178297,decay,,
10.13,-0.00014040947108760835,decay,,
10.135,-0.00015380848997434762,decay,,
10.14,-0.00016717207443476493,decay,,
10.145,-0.0001805003181771063,decay,,
10.15,-0.00019379331466180903,decay,,
10.155,-0.00020705115710213315,decay,,
10.16,-0.00022027393846485444,decay,,
10.165000000000001,-0.00023346175147086635,decay,,
10.17,-0.00024661468859586786,decay,,
10.175,-0.0002597328420710105,decay,,
10.18,-0.0002728163038835229,decay,,
10.185,-0.00028586516577738287,decay,,
10.19,-0.00029887951925392127,decay,,
10.195,-0.00031185945557251574,decay,,
10.200000000000001,-0.0003248050657511893,decay,,
10.205,-0.00033771644056726155,decay,,
10.21,-0.0003505936705580012,decay,,
10.215,-0.00036343684602122093,decay,,
10.22,-0.0003762460570159642,decay,,
10.225,-0.0003890213933630841,decay,,
10.23,-0.00040176294464592047,decay,,
10.235,-0.00041447080021088205,decay,,
10.24,-0.00042714504916812213,decay,,
10.245000000000001,-0.00043978578039211014,decay,,
10.25,-0.0004523930825222934,decay,,
10.255,-0.0004649670439637191,decay,,
10.26,-0.00047750775288762405,decay,,
10.265,-0.0004900152972320904,decay,,
10.27,-0.0005024897647026173,decay,,
10.275,-0.0005149312427727912,decay,,
10.28,-0.0005273398186848464,decay,,
10.285,-0.0005397155794503181,decay,,
10.290000000000001,-0.0005520586118506286,decay,,
10.295,-0.0005643690024376849,decay,,
10.3,-0.000576646837534534,decay,,
10.305,-0.0005888922032359122,decay,,
10.31,-0.0006011051854088907,decay,,
10.315,-0.0006132858696934473,decay,,
10.32,-0.0006254343415030865,decay,,
10.325000000000001,-0.0006375506860254315,decay,,
10.33,-0.0006496349882228174,decay,,
10.335,-0.0006616873328329055,decay,,
10.34,-0.00067370780436925,decay,,
10.345,-0.0006856964871219092,decay,,
10.35,-0.0006976534651580279,decay,,
10.355,-0.0007095788223224425,decay,,
10.36,-0.0007214726422382417,decay,,
10.365,-0.0007333350083073842,decay,,
10.370000000000001,-0.0007451660037112598,decay,,
10.375,-0.0007569657114112676,decay,,
10.38,-0.0007687342141494379,decay,,
10.385,-0.000780471594448961,decay,,
10.39,-0.000792177934614809,decay,,
10.395,-0.0008038533167342822,decay,,
10.4,-0.0008154978226775989,decay,,
10.405,-0.0008271115340984635,decay,,
10.41,-0.0008386945324346572,decay,,
10.415000000000001,-0.0008502468989085785,decay,,
10.42,-0.0008617687145278368,decay,,
10.425,-0.0008732600600858112,decay,,
10.43,-0.0008847210161622137,decay,,
10.435,-0.0008961516631236701,decay,,
10.44,-0.0009075520811242591,decay,,
10.445,-0.0009189223501061047,decay,,
10.450000000000001,-0.0009302625497998977,decay,,
10.455,-0.000941572759725489,decay,,
10.46,-0.0009528530591924409,decay,,
10.465,-0.0009641035273005626,decay,,
10.47,-0.0009753242429404955,decay,,
10.475,-0.000986515284794238,decay,,
10.48,-0.0009976767313357154,decay,,
10.485,-0.0010088086608313184,decay,,
10.49,-0.0010199111513404706,decay,,
10.495000000000001,-0.0010309842807161513,decay,,
10.5,-0.0010420281266054592,decay,,
10.505,-0.0010530427664501478,decay,,
10.51,-0.0010640282774871702,decay,,
10.515,-0.001074984736749233,decay,,
10.52,-0.0010859122210653115,decay,,
10.525,-0.0010968108070612183,decay,,
10.53,-0.0011076805711601025,decay,,
10.535,-0.0011185215895830325,decay,,
10.540000000000001,-0.0011293339383494907,decay,,
10.545,-0.0011401176932779224,decay,,
10.55,-0.0011508729299862814,decay,,
10.555,-0.0011615997238925216,decay,,
10.56,-0.0011722981502151732,decay,,
10.565,-0.00118296828397383,decay,,
10.57,-0.0011936101999897074,decay,,
10.575000000000001,-0.001204223972886144,decay,,
10.58,-0.0012148096770891225,decay,,
10.585,-0.0012253673868278239,decay,,
10.59,-0.001235897176135107,decay,,
10.595,-0.0012463991188480638,decay,,
10.6,-0.001256873288608502,decay,,
10.605,-0.001267319758863501,decay,,
10.61,-0.0012777386028658775,decay,,
10.615,-0.0012881298936747547,decay,,
10.620000000000001,-0.0012984937041560307,decay,,
10.625,-0.0013088301069829082,decay,,
10.63,-0.0013191391746364125,decay,,
10.635,-0.0013294209794058676,decay,,
10.64,-0.0013396755933894472,decay,,
10.645,-0.00134990308849464,decay,,
10.65,-0.0013601035364387867,decay,,
10.655,-0.0013702770087495558,decay,,
10.66,-0.001380423576765461,decay,,
10.665000000000001,-0.001390543311636358,decay,,
10.67,-0.0014006362843239388,decay,,
10.675,-0.0014107025656022432,decay,,
10.68,-0.0014207422260581362,decay,,
10.685,-0.001430755336091815,decay,,
10.69,-0.0014407419659172968,decay,,
10.695,-0.0014507021855629221,decay,,
10.700000000000001,-0.00146063606487183,decay,,
10.705,-0.0014705436735024543,decay,,
10.71,-0.0014804250809290274,decay,,
10.715,-0.00149028035644203,decay,,
10.72,-0.0015001095691487224,decay,,
10.725,-0.0015099127879735926,decay,,
10.73,-0.0015196900816588656,decay,,
10.735,-0.0015294415187649645,decay,,
10.74,-0.001539167167671004,decay,,
10.745000000000001,-0.001548867096575267,decay,,
10.75,-0.0015585413734956785,decay,,
10.755,-0.0015681900662702962,decay,,
10.76,-0.0015778132425577668,decay,,
10.765,-0.0015874109698378138,decay,,
10.77,-0.0015969833154117026,decay,,
10.775,-0.0016065303464027274,decay,,
10.78,-0.0016160521297566587,decay,,
10.785,-0.00162554873224224,decay,,
10.790000000000001,-0.0016350202204516232,decay,,
10.795,-0.0016444666608008626,decay,,
10.8,-0.0016538881195303783,decay,,
10.805,-0.0016632846627054015,decay,,
10.81,-0.0016726563562164632,decay,,
10.815,-0.0016820032657798327,decay,,
10.82,-0.0016913254569379936,decay,,
10.825000000000001,-0.0017006229950600983,decay,,
10.83,-0.0017098959453424236,decay,,
10.835,-0.0017191443728088412,decay,,
10.84,-0.001728368342311254,decay,,
10.845,-0.0017375679185300634,decay,,
10.85,-0.0017467431659746176,decay,,
10.855,-0.001755894148983674,decay,,
10.86,-0.0017650209317258332,decay,,
10.865,-0.0017741235782000112,decay,,
10.870000000000001,-0.0017832021522358583,decay,,
10.875,-0.0017922567174942327,decay,,
10.88,-0.0018012873374676445,decay,,
10.885,-0.0018102940754806808,decay,,
10.89,-0.0018192769946904818,decay,,
10.895,-0.0018282361580871402,decay,,
10.9,-0.0018371716284941923,decay,,
10.905,-0.0018460834685690166,decay,,
10.91,-0.0018549717408033054,decay,,
10.915000000000001,-0.0018638365075234796,decay,,
10.92,-0.0018726778308911273,decay,,
10.925,-0.0018814957729034647,decay,,
10.93,-0.0018902903953937383,decay,,
10.935,-0.001899061760031684,decay,,
10.94,-0.0019078099283239376,decay,,
10.945,-0.0019165349616144926,decay,,
10.950000000000001,-0.001925236921085097,decay,,
10.955,-0.001933915867755708,decay,,
10.96,-0.0019425718624849209,decay,,
10.965,-0.001951204965970372,decay,,
10.97,-0.0019598152387491964,decay,,
10.975,-0.0019684027411984144,decay,,
10.98,-0.0019769675335353965,decay,,
10.985,-0.00198550967581825,decay,,
10.99,-0.0019940292279462682,decay,,
10.995000000000001,-0.002002526249660331,decay,,
11.0,-0.002011000800543321,decay,,
11.005,-0.002019452940020569,decay,,
11.01,-0.0020278827273602367,decay,,
11.015,-0.0020362902216737606,decay,,
11.02,-0.0020446754819162458,decay,,
11.025,-0.002053038566886888,decay,,
11.03,-0.0020613795352293846,decay,,
11.035,-0.002069698445432354,decay,,
11.040000000000001,-0.00207799535582973,decay,,
11.045,-0.0020862703246011796,decay,,
11.05,-0.0020945234097725215,decay,,
11.055,-0.0021027546692161015,decay,,
11.06,-0.00211096416065124,decay,,
11.065,-0.0021191519416446014,decay,,
11.07,-0.002127318069610621,decay,,
11.075000000000001,-0.002135462601811896,decay,,
11.08,-0.0021435855953595793,decay,,
11.085,-0.0021516871072138075,decay,,
11.09,-0.002159767194184069,decay,,
11.095,-0.0021678259129296277,decay,,
11.1,-0.0021758633199599003,decay,,
11.105,-0.0021838794716348654,decay,,
11.11,-0.0021918744241654505,decay,,
11.115,-0.002199848233613938,decay,,
11.120000000000001,-0.002207800955894345,decay,,
11.125,-0.0022157326467728204,decay,,
11.13,-0.0022236433618680385,decay,,
11.135,-0.002231533156651585,decay,,
11.14,-0.0022394020864483534,decay,,
11.145,-0.0022472502064369198,decay,,
11.15,-0.002255077571649946,decay,,
11.155,-0.002262884236974551,decay,,
11.16,-0.0022706702571527017,decay,,
11.165000000000001,-0.0022784356867816,decay,,
11.17,-0.0022861805803140573,decay,,
11.175,-0.0022939049920588923,decay,,
11.18,-0.002301608976181291,decay,,
11.185,-0.002309292586703199,decay,,
11.19,-0.0023169558775036976,decay,,
11.195,-0.0023245989023193882,decay,,
11.200000000000001,-0.0023322217147447553,decay,,
11.205,-0.002339824368232552,decay,,
11.21,-0.002347406916094174,decay,,
11.215,-0.0023549694115000282,decay,,
11.22,-0.002362511907479918,decay,,
11.225,-0.0023700344569233967,decay,,
11.23,-0.002377537112580161,decay,,
11.235,-0.002385019927060388,decay,,
11.24,-0.002392482952835146,decay,,
11.245000000000001,-0.0023999262422367286,decay,,
11.25,-0.002407349847459033,decay,,
11.255,-0.0024147538205579384,decay,,
11.26,-0.0024221382134516412,decay,,
11.265,-0.0024295030779210554,decay,,
11.27,-0.0024368484656101443,decay,,
11.275,-0.0024441744280263066,decay,,
11.28,-0.002451481016540716,decay,,
11.285,-0.002458768282388706,decay,,
11.290000000000001,-0.0024660362766701,decay,,
11.295,-0.0024732850503495925,decay,,
11.3,-0.0024805146542571047,decay,,
11.305,-0.002487725139088125,decay,,
11.31,-0.0024949165554040862,decay,,
11.315,-0.002502088953632694,decay,,
11.32,-0.0025092423840683098,decay,,
11.325000000000001,-0.00251637689687228,decay,,
11.33,-0.0025234925420732977,decay,,
11.335,-0.002530589369567761,decay,,
11.34,-0.002537667429120097,decay,,
11.345,-0.002544726770363147,decay,,
11.35,-0.0025517674427984805,decay,,
11.355,-0.00255878949579677,decay,,
11.36,-0.002565792978598115,decay,,
11.365,-0.0025727779403124018,decay,,
11.370000000000001,-0.00257974442991964,decay,,
11.375,-0.0025866924962703094,decay,,
11.38,-0.002593622188085707,decay,,
11.385,-0.002600533553958276,decay,,
11.39,-0.002607426642351964,decay,,
11.395,-0.0026143015016025393,decay,,
11.4,-0.0026211581799179574,decay,,
11.405,-0.002627996725378676,decay,,
11.41,-0.0026348171859380087,decay,,
11.415000000000001,-0.0026416196094224504,decay,,
11.42,-0.0026484040435320088,decay,,
11.425,-0.002655170535840561,decay,,
11.43,-0.0026619191337961604,decay,,
11.435,-0.0026686498847213903,decay,,
11.44,-0.002675362835813681,decay,,
11.445,-0.002682058034145648,decay,,
11.450000000000001,-0.0026887355266654207,decay,,
11.455,-0.0026953953601969705,decay,,
11.46,-0.002702037581440446,decay,,
11.465,-0.002708662236972488,decay,,
11.47,-0.0027152693732465667,decay,,
11.475,-0.0027218590365932984,decay,,
11.48,-0.0027284312732207845,decay,,
11.485,-0.002734986129214918,decay,,
11.49,-0.002741523650539722,decay,,
11.495000000000001,-0.0027480438830376638,decay,,
11.5,-0.0027545468724299678,decay,,
11.505,-0.0027610326643169626,decay,,
11.51,-0.0027675013041783708,decay,,
11.515,-0.002773952837373652,decay,,
11.52,-0.002780387309142302,decay,,
11.525,-0.0027868047646041824,decay,,
11.53,-0.0027932052487598296,decay,,
11.535,-0.0027995888064907795,decay,,
11.540000000000001,-0.002805955482559872,decay,,
11.545,-0.002812305321611569,decay,,
11.55,-0.002818638368172269,decay,,
11.555,-0.002824954666650617,decay,,
11.56,-0.002831254261337821,decay,,
11.565,-0.0028375371964079505,decay,,
11.57,-0.0028438035159182667,decay,,
11.575000000000001,-0.002850053263809504,decay,,
11.58,-0.0028562864839062024,decay,,
11.585,-0.002862503219917006,decay,,
11.59,-0.002868703515434964,decay,,
11.595,-0.0028748874139378493,decay,,
11.6,-0.0028810549587884433,decay,,
11.605,-0.0028872061932348645,decay,,
11.61,-0.002893341160410851,decay,,
11.615,-0.0028994599033360783,decay,,
11.620000000000001,-0.002905562464916448,decay,,
11.625,-0.0029116488879443983,decay,,
11.63,-0.002917719215099198,decay,,
11.635,-0.0029237734889472483,decay,,
11.64,-0.002929811751942387,decay,,
11.645,-0.002935834046426171,decay,,
11.65,-0.0029418404146281944,decay,,
11.655,-0.0029478308986663577,decay,,
11.66,-0.0029538055405471937,decay,,
11.665000000000001,-0.002959764382166136,decay,,
11.67,-0.002965707465307827,decay,,
11.675,-0.002971634831646413,decay,,
11.68,-0.0029775465227458177,decay,,
11.685,-0.0029834425800600592,decay,,
11.69,-0.002989323044933521,decay,,
11.695,-0.002995187958601255,decay,,
11.700000000000001,-0.0030010373621892615,decay,,
11.705,-0.003006871296714774,decay,,
11.71,-0.003012689803086568,decay,,
11.715,-0.0030184929221052214,decay,,
11.72,-0.00302428069446342,decay,,
11.725,-0.003030053160746232,decay,,
11.73,-0.0030358103614314003,decay,,
11.735,-0.0030415523368896124,decay,,
11.74,-0.0030472791273848067,decay,,
11.745000000000001,-0.003052990773074432,decay,,
11.75,-0.0030586873140097397,decay,,
11.755,-0.003064368790136071,decay,,
11.76,-0.003070035241293117,decay,,
11.765,-0.0030756867072152215,decay,,
11.77,-0.003081323227531641,decay,,
11.775,-0.003086944841766839,decay,,
11.78,-0.0030925515893407457,decay,,
11.785,-0.003098143509569048,decay,,
11.790000000000001,-0.0031037206416634575,decay,,
11.795,-0.00310928302473199,decay,,
11.8,-0.0031148306977792396,decay,,
11.805,-0.003120363699706649,decay,,
11.81,-0.003125882069312783,decay,,
11.815,-0.0031313858452936003,decay,,
11.82,-0.0031368750662427326,decay,,
11.825000000000001,-0.003142349770651742,decay,,
11.83,-0.003147809996910398,decay,,
11.835,-0.0031532557833069542,decay,,
11.84,-0.003158687168028395,decay,,
11.845,-0.00316410418916073,decay,,
11.85,-0.0031695068846892406,decay,,
11.855,-0.00317489529249876,decay,,
11.86,-0.0031802694503739286,decay,,
11.865,-0.0031856293959994634,decay,,
11.870000000000001,-0.0031909751669604238,decay,,
11.875,-0.0031963068007424713,decay,,
11.88,-0.0032016243347321393,decay,,
11.885,-0.0032069278062170858,decay,,
11.89,-0.0032122172523863604,decay,,
11.895,-0.0032174927103306643,decay,,
11.9,-0.003222754217042614,decay,,
11.905,-0.0032280018094169903,decay,,
11.91,-0.003233235524251013,decay,,
11.915000000000001,-0.0032384553982445787,decay,,
11.92,-0.003243661468000535,decay,,
11.925,-0.0032488537700249348,decay,,
11.93,-0.00325403234072728,decay,,
11.935,-0.0032591972164207972,decay,,
11.94,-0.003264348433322666,decay,,
11.945,-0.003269486027554302,decay,,
11.950000000000001,-0.0032746100351415874,decay,,
11.955,-0.0032797204920151325,decay,,
11.96,-0.0032848174340105317,decay,,
11.965,-0.0032899008968686064,decay,,
11.97,-0.0032949709162356598,decay,,
11.975,-0.0033000275276637257,decay,,
11.98,-0.0033050707666108237,decay,,
11.985,-0.0033101006684411955,decay,,
11.99,-0.003315117268425569,decay,,
11.995000000000001,-0.003320120601741387,decay,,
12.0,-0.003325110703473067,decay,,
12.005,-0.00333008760861225,decay,,
12.01,-0.0033350513520580306,decay,,
12.015,-0.0033400019686172203,decay,,
12.02,-0.0033449394930045702,decay,,
12.025,-0.003349863959843038,decay,,
12.030000000000001,-0.003354775403664013,decay,,
12.035,-0.0033596738589075636,decay,,
12.040000000000001,-0.0033645593599226867,decay,,
12.045,-0.0033694319409675296,decay,,
12.05,-0.0033742916362096533,decay,,
12.055,-0.003379138479726254,decay,,
12.06,-0.0033839725055044142,decay,,
12.065,-0.003388793747441329,decay,,
12.07,-0.0033936022393445597,decay,,
12.075000000000001,-0.003398398014932252,decay,,
12.08,-0.0034031811078333854,decay,,
12.085,-0.0034079515515880107,decay,,
12.09,-0.003412709379647473,decay,,
12.095,-0.003417454625374662,decay,,
12.1,-0.0034221873220442256,decay,,
12.105,-0.0034269075028428263,decay,,
12.11,-0.0034316152008693557,decay,,
12.115,-0.003436310449135179,decay,,
12.120000000000001,-0.003440993280564358,decay,,
12.125,-0.003445663727993881,decay,,
12.13,-0.003450321824173906,decay,,
12.135,-0.003454967601767973,decay,,
12.14,-0.0034596010933532493,decay,,
12.145,-0.003464222331420744,decay,,
12.15,-0.003468831348375544,decay,,
12.155000000000001,-0.0034734281765370404,decay,,
12.16,-0.00347801284813915,decay,,
12.165000000000001,-0.003482585395330552,decay,,
12.17,-0.0034871458501749006,decay,,
12.175,-0.003491694244651059,decay,,
12.18,-0.0034962306106533173,decay,,
12.185,-0.003500754979991626,decay,,
12.19,-0.0035052673843918043,decay,,
12.195,-0.0035097678554957784,decay,,
12.200000000000001,-0.003514256424861792,decay,,
12.205,-0.0035187331239646268,decay,,
12.21,-0.0035231979841958373,decay,,
12.215,-0.0035276510368639526,decay,,
12.22,-0.003532092313194712,decay,,
12.225,-0.0035365218443312724,decay,,
12.23,-0.003540939661334431,decay,,
12.235,-0.003545345795182843,decay,,
12.24,-0.0035497402767732415,decay,,
12.245000000000001,-0.003554123136920649,decay,,
12.25,-0.0035584944063585967,decay,,
12.255,-0.0035628541157393394,decay,,
12.26,-0.0035672022956340687,decay,,
12.265,-0.003571538976533134,decay,,
12.27,-0.003575864188846244,decay,,
12.275,-0.0035801779629026963,decay,,
12.280000000000001,-0.003584480328951572,decay,,
12.285,-0.00358877131716196,decay,,
12.290000000000001,-0.0035930509576231704,decay,,
12.295,-0.003597319280344933,decay,,
12.3,-0.003601576315257621,decay,,
12.305,-0.003605822092212452,decay,,
12.31,-0.003610056640981701,decay,,
12.315,-0.003614279991258907,decay,,
12.32,-0.0036184921726590885,decay,,
12.325000000000001,-0.0036226932147189403,decay,,
12.33,-0.0036268831468970458,decay,,
12.335,-0.003631061998574086,decay,,
12.34,-0.003635229799053041,decay,,
12.345,-0.0036393865775594006,decay,,
12.35,-0.0036435323632413624,decay,,
12.355,-0.0036476671851700454,decay,,
12.36,-0.00365179107233968,decay,,
12.365,-0.0036559040536678286,decay,,
12.370000000000001,-0.0036600061579955745,decay,,
12.375,-0.0036640974140877284,decay,,
12.38,-0.0036681778506330387,decay,,
12.385,-0.003672247496244372,decay,,
12.39,-0.003676306379458939,decay,,
12.395,-0.0036803545287384734,decay,,
12.4,-0.003684391972469447,decay,,
12.405000000000001,-0.0036884187389632592,decay,,
12.41,-0.003692434856456433,decay,,
12.415000000000001,-0.0036964403531108293,decay,,
12.42,-0.0037004352570138236,decay,,
12.425,-0.00370441959617852,decay,,
12.43,-0.0037083933985439348,decay,,
12.435,-0.003712356691975204,decay,,
12.44,-0.0037163095042637645,decay,,
12.445,-0.003720251863127566,decay,,
12.450000000000001,-0.0037241837962112513,decay,,
12.455,-0.003728105331086356,decay,,
12.46,-0.003732016495251505,decay,,
12.465,-0.003735917316132594,decay,,
12.47,-0.003739807821082999,decay,,
12.475,-0.003743688037383749,decay,,
12.48,-0.0037475579922437363,decay,,
12.485,-0.0037514177127998902,decay,,
12.49,-0.003755267226117379,decay,,
12.495000000000001,-0.0037591065591897938,decay,,
12.5,-0.0037629357389393396,decay,,
12.505,-0.003766754792217027,decay,,
12.51,-0.003770563745802854,decay,,
12.515,-0.0037743626264060007,decay,,
12.52,-0.0037781514606650083,decay,,
12.525,-0.003781930275147979,decay,,
12.530000000000001,-0.003785699096352747,decay,,
12.535,-0.0037894579507070734,decay,,
12.540000000000001,-0.003793206864568834,decay,,
12.545,-0.003796945864226191,decay,,
12.55,-0.003800674975897796,decay,,
12.555,-0.0038043942257329553,decay,,
12.56,-0.0038081036398118296,decay,,
12.565,-0.0038118032441456042,decay,,
12.57,-0.0038154930646766777,decay,,
12.575000000000001,-0.0038191731272788423,decay,,
12.58,-0.003822843457757465,decay,,
12.585,-0.0038265040818496725,decay,,
12.59,-0.0038301550252245247,decay,,
12.595,-0.0038337963134832,decay,,
12.6,-0.003837427972159171,decay,,
12.605,-0.003841050026718389,decay,,
12.61,-0.003844662502559456,decay,,
12.615,-0.00384826542501381,decay,,
12.620000000000001,-0.003851858819345894,decay,,
12.625,-0.003855442710753339,decay,,
12.63,-0.0038590171243671435,decay,,
12.635,-0.0038625820852518393,decay,,
12.64,-0.0038661376184056804,decay,,
12.645,-0.003869683748760806,decay,,
12.65,-0.0038732205011834243,decay,,
12.655000000000001,-0.003876747900473982,decay,,
12.66,-0.003880265971367339,decay,,
12.665000000000001,-0.0038837747385329453,decay,,
12.67,-0.003887274226575009,decay,,
12.675,-0.0038907644600326714,decay,,
12.68,-0.0038942454633801773,decay,,
12.685,-0.003897717261027052,decay,,
12.69,-0.0039011798773182643,decay,,
12.695,-0.0039046333365344065,decay,,
12.700000000000001,-0.003908077662891852,decay,,
12.705,-0.003911512880542938,decay,,
12.71,-0.003914939013576131,decay,,
12.715,-0.003918356086016188,decay,,
12.72,-0.00392176412182434,decay,,
12.725,-0.00392516314489844,decay,,
12.73,-0.0039285531790731534,decay,,
12.735,-0.003931934248120105,decay,,
12.74,-0.00393530637574806,decay,,
12.745000000000001,-0.003938669585603082,decay,,
12.75,-0.003942023901268697,decay,,
12.755,-0.003945369346266072,decay,,
12.76,-0.003948705944054164,decay,,
12.765,-0.003952033718029896,decay,,
12.77,-0.003955352691528311,decay,,
12.775,-0.00395866288782275,decay,,
12.780000000000001,-0.003961964330124998,decay,,
12.785,-0.003965257041585455,decay,,
12.790000000000001,-0.003968541045293308,decay,,
12.795,-0.003971816364276674,decay,,
12.8,-0.003975083021502776,decay,,
12.805,-0.003978341039878094,decay,,
12.81,-0.0039815904422485365,decay,,
12.815,-0.00398483125139959,decay,,
12.82,-0.003988063490056487,decay,,
12.825000000000001,-0.003991287180884361,decay,,
12.83,-0.003994502346488402,decay,,
12.835,-0.003997709009414027,decay,,
12.84,-0.004000907192147024,decay,,
12.845,-0.00400409691711372,decay,,
12.85,-0.004007278206681134,decay,,
12.855,-0.004010451083157132,decay,,
12.86,-0.004013615568790586,decay,,
12.865,-0.004016771685771532,decay,,
12.870000000000001,-0.004019919456231321,decay,,
12.875,-0.0040230589022427765,decay,,
12.88,-0.004026190045820353,decay,,
12.885,-0.00402931290892028,decay,,
12.89,-0.004032427513440728,decay,,
12.895,-0.004035533881221954,decay,,
12.9,-0.004038632034046459,decay,,
12.905000000000001,-0.004041721993639139,decay,,
12.91,-0.004044803781667432,decay,,
12.915000000000001,-0.004047877419741484,decay,,
12.92,-0.004050942929414284,decay,,
12.925,-0.004054000332181831,decay,,
12.93,-0.0040570496494832685,decay,,
12.935,-0.004060090902701047,decay,,
12.94,-0.00406312411316107,decay,,
12.945,-0.004066149302132844,decay,,
12.950000000000001,-0.004069166490829625,decay,,
12.955,-0.004072175700408572,decay,,
12.96,-0.00407517695197089,decay,,
12.965,-0.004078170266561982,decay,,
12.97,-0.004081155665171596,decay,,
12.975,-0.004084133168733971,decay,,
12.98,-0.004087102798127984,decay,,
12.985,-0.004090064574177299,decay,,
12.99,-0.004093018517650504,decay,,
12.995000000000001,-0.004095964649261272,decay,,
13.0,-0.004098902989668491,decay,,
13.005,-0.004101833559476419,decay,,
13.01,-0.004104756379234825,decay,,
13.015,-0.00410767146943913,decay,,
13.02,-0.004110578850530556,decay,,
13.025,-0.004113478542896268,decay,,
13.030000000000001,-0.004116370566869514,decay,,
13.035,-0.00411925494272977,decay,,
13.040000000000001,-0.004122131690702883,decay,,
13.045,-0.00412500083096121,decay,,
13.05,-0.0041278623836237625,decay,,
13.055,-0.004130716368756346,decay,,
13.06,-0.004133562806371702,decay,,
13.065,-0.004136401716429643,decay,,
13.07,-0.004139233118837201,decay,,
13.075000000000001,-0.004142057033448762,decay,,
13.08,-0.004144873480066204,decay,,
13.085,-0.004147682478439042,decay,,
13.09,-0.004150484048264555,decay,,
13.095,-0.00415327820918794,decay,,
13.1,-0.004156064980802435,decay,,
13.105,-0.004158844382649466,decay,,
13.11,-0.004161616434218779,decay,,
13.115,-0.004164381154948581,decay,,
13.120000000000001,-0.004167138564225669,decay,,
13.125,-0.004169888681385571,decay,,
13.13,-0.004172631525712689,decay,,
13.135,-0.004175367116440416,decay,,
13.14,-0.004178095472751289,decay,,
13.145,-0.004180816613777109,decay,,
13.15,-0.004183530558599089,decay,,
13.155000000000001,-0.0041862373262479755,decay,,
13.16,-0.0041889369357041885,decay,,
13.165000000000001,-0.004191629405897955,decay,,
13.17,-0.004194314755709437,decay,,
13.175,-0.00419699300396887,decay,,
13.18,-0.004199664169456689,decay,,
13.185,-0.004202328270903666,decay,,
13.19,-0.004204985326991036,decay,,
13.195,-0.0042076353563506325,decay,,
13.200000000000001,-0.004210278377565015,decay,,
13.205,-0.004212914409167599,decay,,
13.21,-0.004215543469642791,decay,,
13.215,-0.0042181655774261115,decay,,
13.22,-0.004220780750904329,decay,,
13.225,-0.004223389008415584,decay,,
13.23,-0.004225990368249527,decay,,
13.235,-0.004228584848647432,decay,,
13.24,-0.004231172467802343,decay,,
13.245000000000001,-0.004233753243859184,decay,,
13.25,-0.004236327194914894,decay,,
13.255,-0.004238894339018557,decay,,
13.26,-0.0042414546941715245,decay,,
13.265,-0.004244008278327542,decay,,
13.27,-0.004246555109392876,decay,,
13.275,-0.004249095205226435,decay,,
13.280000000000001,-0.004251628583639905,decay,,
13.285,-0.004254155262397863,decay,,
13.290000000000001,-0.004256675259217909,decay,,
13.295,-0.0042591885917707874,decay,,
13.3,-0.004261695277680512,decay,,
13.305,-0.0042641953345244855,decay,,
13.31,-0.004266688779833632,decay,,
13.315,-0.004269175631092509,decay,,
13.32,-0.004271655905739439,decay,,
13.325000000000001,-0.004274129621166626,decay,,
13.33,-0.004276596794720277,decay,,
13.335,-0.004279057443700731,decay,,
13.34,-0.004281511585362571,decay,,
13.345,-0.004283959236914754,decay,,
13.35,-0.004286400415520721,decay,,
13.355,-0.004288835138298529,decay,,
13.36,-0.00429126342232096,decay,,
13.365,-0.0042936852846156524,decay,,
13.370000000000001,-0.004296100742165209,decay,,
13.375,-0.004298509811907323,decay,,
13.38,-0.004300912510734895,decay,,
13.385,-0.004303308855496149,decay,,
13.39,-0.00430569886299476,decay,,
13.395,-0.004308082549989955,decay,,
13.4,-0.00431045993319665,decay,,
13.405000000000001,-0.004312831029285549,decay,,
13.41,-0.004315195854883275,decay,,
13.415000000000001,-0.00431755442657248,decay,,
13.42,-0.004319906760891959,decay,,
13.425,-0.004322252874336774,decay,,
13.43,-0.004324592783358362,decay,,
13.435,-0.004326926504364655,decay,,
13.44,-0.00432925405372019,decay,,
13.445,-0.004331575447746232,decay,,
13.450000000000001,-0.004333890702720881,decay,,
13.455,-0.0043361998348791855,decay,,
13.46,-0.004338502860413266,decay,,
13.465,-0.004340799795472417,decay,,
13.47,-0.004343090656163229,decay,,
13.475,-0.004345375458549693,decay,,
13.48,-0.004347654218653325,decay,,
13.485,-0.004349926952453263,decay,,
13.49,-0.004352193675886393,decay,,
13.495000000000001,-0.004354454404847453,decay,,
13.5,-0.004356709155189147,decay,,
13.505,-0.004358957942722257,decay,,
13.51,-0.004361200783215748,decay,,
13.515,-0.004363437692396889,decay,,
13.52,-0.0043656686859513535,decay,,
13.525,-0.004367893779523334,decay,,
13.530000000000001,-0.004370112988715654,decay,,
13.535,-0.004372326329089869,decay,,
13.540000000000001,-0.004374533816166386,decay,,
13.545,-0.004376735465424565,decay,,
13.55,-0.004378931292302831,decay,,
13.555,-0.004381121312198781,decay,,
13.56,-0.004383305540469292,decay,,
13.565,-0.004385483992430629,decay,,
13.57,-0.004387656683358552,decay,,
13.575000000000001,-0.004389823628488425,decay,,
13.58,-0.004391984843015319,decay,,
13.585,-0.0043941403420941225,decay,,
13.59,-0.004396290140839644,decay,,
13.595,-0.004398434254326724,decay,,
13.6,-0.004400572697590332,decay,,
13.605,-0.004402705485625681,decay,,
13.61,-0.004404832633388325,decay,,
13.615,-0.004406954155794269,decay,,
13.620000000000001,-0.004409070067720073,decay,,
13.625,-0.00441118038400295,decay,,
13.63,-0.004413285119440882,decay,,
13.635,-0.0044153842887927125,decay,,
13.64,-0.004417477906778255,decay,,
13.645,-0.004419565988078397,decay,,
13.65,-0.004421648547335203,decay,,
13.655000000000001,-0.00442372559915201,decay,,
13.66,-0.00442579715809354,decay,,
13.665000000000001,-0.004427863238686,decay,,
13.67,-0.004429923855417177,decay,,
13.675,-0.004431979022736545,decay,,
13.68,-0.0044340287550553685,decay,,
13.685,-0.004436073066746799,decay,,
13.69,-0.0044381119721459755,decay,,
13.695,-0.004440145485550131,decay,,
13.700000000000001,-0.004442173621218684,decay,,
13.705,-0.004444196393373347,decay,,
13.71,-0.004446213816198221,decay,,
13.715,-0.004448225903839896,decay,,
13.72,-0.004450232670407552,decay,,
13.725,-0.004452234129973053,decay,,
13.73,-0.004454230296571056,decay,,
13.735,-0.004456221184199093,decay,,
13.74,-0.00445820680681769,decay,,
13.745000000000001,-0.004460187178350444,decay,,
13.75,-0.0044621623126841325,decay,,
13.755,-0.004464132223668814,decay,,
13.76,-0.004466096925117914,decay,,
13.765,-0.004468056430808331,decay,,
13.77,-0.004470010754480525,decay,,
13.775,-0.004471959909838626,decay,,
13.780000000000001,-0.0044739039105505165,decay,,
13.785,-0.004475842770247936,decay,,
13.790000000000001,-0.004477776502526574,decay,,
13.795,-0.004479705120946166,decay,,
13.8,-0.004481628639030587,decay,,
13.805,-0.004483547070267946,decay,,
13.81,-0.004485460428110687,decay,,
13.815,-0.004487368725975671,decay,,
13.82,-0.004489271977244287,decay,,
13.825000000000001,-0.004491170195262525,decay,,
13.83,-0.004493063393341089,decay,,
13.835,-0.004494951584755479,decay,,
13.84,-0.004496834782746088,decay,,
13.845,-0.004498713000518295,decay,,
13.85,-0.004500586251242554,decay,,
13.855,-0.00450245454805449,decay,,
13.86,-0.004504317904054991,decay,,
13.865,-0.0045061763323103006,decay,,
13.870000000000001,-0.004508029845852105,decay,,
13.875,-0.004509878457677627,decay,,
13.88,-0.004511722180749721,decay,,
13.885,-0.0045135610279969565,decay,,
13.89,-0.004515395012313716,decay,,
13.895,-0.004517224146560281,decay,,
13.9,-0.004519048443562924,decay,,
13.905000000000001,-0.004520867916113993,decay,,
13.91,-0.004522682576972014,decay,,
13.915000000000001,-0.004524492438861765,decay,,
13.92,-0.0045262975144743775,decay,,
13.925,-0.00452809781646742,decay,,
13.93,-0.004529893357464982,decay,,
13.935,-0.004531684150057776,decay,,
13.94,-0.004533470206803213,decay,,
13.945,-0.004535251540225497,decay,,
13.950000000000001,-0.004537028162815708,decay,,
13.955,-0.004538800087031896,decay,,
13.96,-0.004540567325299165,decay,,
13.965,-0.004542329890009756,decay,,
13.97,-0.004544087793523144,decay,,
13.975,-0.004545841048166115,decay,,
13.98,-0.0045475896662328565,decay,,
13.985,-0.004549333659985044,decay,,
13.99,-0.004551073041651926,decay,,
13.995000000000001,-0.0045528078234304105,decay,,
14.0,-0.00455453801748515,decay,,
14.005,-0.004556263635948626,decay,,
14.01,-0.004557984690921236,decay,,
14.015,-0.004559701194471378,decay,,
14.02,-0.004561413158635531,decay,,
14.025,-0.0045631205954183495,decay,,
14.030000000000001,-0.0045648235167927344,decay,,
14.035,-0.0045665219346999264,decay,,
14.040000000000001,-0.004568215861049587,decay,,
14.045,-0.004569905307719882,decay,,
14.05,-0.0045715902865575645,decay,,
14.055,-0.0045732708093780584,decay,,
14.06,-0.0045749468879655395,decay,,
14.065,-0.004576618534073023,decay,,
14.07,-0.0045782857594224395,decay,,
14.075000000000001,-0.004579948575704722,decay,,
14.08,-0.004581606994579886,decay,,
14.085,-0.0045832610276771105,decay,,
14.09,-0.004584910686594821,decay,,
14.095,-0.004586555982900772,decay,,
14.1,-0.004588196928132124,decay,,
14.105,-0.004589833533795528,decay,,
14.11,-0.004591465811367205,decay,,
14.115,-0.004593093772293026,decay,,
14.120000000000001,-0.004594717427988594,decay,,
14.125,-0.004596336789839321,decay,,
14.13,-0.004597951869200512,decay,,
14.135,-0.00459956267739744,decay,,
14.14,-0.004601169225725429,decay,,
14.145,-0.004602771525449931,decay,,
14.15,-0.004604369587806608,decay,,
14.155000000000001,-0.004605963424001405,decay,,
14.16,-0.004607553045210637,decay,,
14.165000000000001,-0.004609138462581058,decay,,
14.17,-0.004610719687229946,decay,,
14.175,-0.00461229673024518,decay,,
14.18,-0.0046138696026853145,decay,,
14.185,-0.004615438315579661,decay,,
14.19,-0.004617002879928359,decay,,
14.195,-0.004618563306702463,decay,,
14.200000000000001,-0.0046201196068440115,decay,,
14.205,-0.0046216717912661055,decay,,
14.21,-0.004623219870852988,decay,,
14.215,-0.004624763856460115,decay,,
14.22,-0.004626303758914237,decay,,
14.225,-0.00462783958901347,decay,,
14.23,-0.0046293713575273785,decay,,
14.235,-0.004630899075197042,decay,,
14.24,-0.004632422752735136,decay,,
14.245000000000001,-0.004633942400826006,decay,,
14.25,-0.004635458030125742,decay,,
14.255,-0.004636969651262253,decay,,
14.26,-0.004638477274835342,decay,,
14.265,-0.0046399809114167825,decay,,
14.27,-0.004641480571550386,decay,,
14.275,-0.004642976265752084,decay,,
14.280000000000001,-0.004644468004509996,decay,,
14.285,-0.004645955798284506,decay,,
14.290000000000001,-0.004647439657508337,decay,,
14.295,-0.0046489195925866166,decay,,
14.3,-0.004650395613896961,decay,,
14.305,-0.004651867731789539,decay,,
14.31,-0.00465333595658715,decay,,
14.315,-0.004654800298585293,decay,,
14.32,-0.00465626076805224,decay,,
14.325000000000001,-0.004657717375229106,decay,,
14.33,-0.004659170130329927,decay,,
14.335,-0.004660619043541725,decay,,
14.34,-0.004662064125024583,decay,,
14.345,-0.004663505384911713,decay,,
14.35,-0.004664942833309531,decay,,
14.355,-0.004666376480297725,decay,,
14.36,-0.004667806335929328,decay,,
14.365,-0.0046692324102307866,decay,,
14.370000000000001,-0.004670654713202032,decay,,
14.375,-0.004672073254816549,decay,,
14.38,-0.0046734880450214475,decay,,
14.385,-0.004674899093737532,decay,,
14.39,-0.004676306410859373,decay,,
14.395,-0.004677710006255371,decay,,
14.4,-0.00467910988976783,decay,,
14.405000000000001,-0.004680506071213026,decay,,
14.41,-0.004681898560381274,decay,,
14.415000000000001,-0.004683287367037001,decay,,
14.42,-0.004684672500918808,decay,,
14.425,-0.004686053971739544,decay,,
14.43,-0.00468743178918637,decay,,
14.435,-0.0046888059629208315,decay,,
14.44,-0.00469017650257892,decay,,
14.445,-0.004691543417771148,decay,,
14.450000000000001,-0.004692906718082609,decay,,
14.455,-0.00469426641307305,decay,,
14.46,-0.004695622512276936,decay,,
14.465,-0.004696975025203519,decay,,
14.47,-0.004698323961336902,decay,,
14.475,-0.004699669330136107,decay,,
14.48,-0.004701011141035141,decay,,
14.485,-0.004702349403443062,decay,,
14.49,-0.0047036841267440455,decay,,
14.495000000000001,-0.004705015320297452,decay,,
14.5,-0.004706342993437887,decay,,
14.505,-0.004707667155475273,decay,,
14.51,-0.00470898781569491,decay,,
14.515,-0.004710304983357544,decay,,
14.52,-0.00471161866769943,decay,,
14.525,-0.004712928877932398,decay,,
14.530000000000001,-0.004714235623243914,decay,,
14.535,-0.00471553891279715,decay,,
14.540000000000001,-0.0047168387557310456,decay,,
14.545,-0.004718135161160369,decay,,
14.55,-0.004719428138175789,decay,,
14.555,-0.004720717695843928,decay,,
14.56,-0.004722003843207434,decay,,
14.565,-0.004723286589285043,decay,,
14.57,-0.004724565943071637,decay,,
14.575000000000001,-0.004725841913538313,decay,,
14.58,-0.004727114509632441,decay,,
14.585,-0.004728383740277732,decay,,
14.59,-0.004729649614374297,decay,,
14.595,-0.004730912140798709,decay,,
14.6,-0.004732171328404066,decay,,
14.605,-0.004733427186020057,decay,,
14.61,-0.004734679722453016,decay,,
14.615,-0.004735928946485991,decay,,
14.620000000000001,-0.004737174866878802,decay,,
14.625,-0.004738417492368103,decay,,
14.63,-0.004739656831667444,decay,,
14.635,-0.0047408928934673305,decay,,
14.64,-0.004742125686435287,decay,,
14.645,-0.004743355219215914,decay,,
14.65,-0.004744581500430953,decay,,
14.655000000000001,-0.004745804538679346,decay,,
14.66,-0.004747024342537289,decay,,
14.665000000000001,-0.004748240920558305,decay,,
14.67,-0.004749454281273291,decay,,
14.675,-0.0047506644331905875,decay,,
14.68,-0.004751871384796031,decay,,
14.685,-0.00475307514455302,decay,,
14.69,-0.004754275720902569,decay,,
14.695,-0.00475547312226337,decay,,
14.700000000000001,-0.004756667357031851,decay,,
14.705,-0.004757858433582237,decay,,
14.71,-0.004759046360266605,decay,,
14.715,-0.004760231145414945,decay,,
14.72,-0.004761412797335217,decay,,
14.725,-0.004762591324313414,decay,,
14.73,-0.004763766734613611,decay,,
14.735,-0.004764939036478032,decay,,
14.74,-0.004766108238127102,decay,,
14.745000000000001,-0.004767274347759507,decay,,
14.75,-0.004768437373552252,decay,,
14.755,-0.004769597323660717,decay,,
14.76,-0.004770754206218713,decay,,
14.765,-0.0047719080293385455,decay,,
14.77,-0.00477305880111106,decay,,
14.775,-0.0047742065296057104,decay,,
14.780000000000001,-0.004775351222870608,decay,,
14.785,-0.004776492888932582,decay,,
14.790000000000001,-0.004777631535797233,decay,,
14.795,-0.00477876717144899,decay,,
14.8,-0.004779899803851169,decay,,
14.805,-0.004781029440946024,decay,,
14.81,-0.004782156090654806,decay,,
14.815,-0.004783279760877819,decay,,
14.82,-0.004784400459494474,decay,,
14.825000000000001,-0.004785518194363342,decay,,
14.83,-0.004786632973322215,decay,,
14.835,-0.004787744804188156,decay,,
14.84,-0.0047888536947575545,decay,,
14.845,-0.004789959652806184,decay,,
14.85,-0.004791062686089252,decay,,
14.855,-0.00479216280234146,decay,,
14.86,-0.004793260009277051,decay,,
14.865,-0.004794354314589872,decay,,
14.870000000000001,-0.004795445725953419,decay,,
14.875,-0.004796534251020895,decay,,
14.88,-0.004797619897425268,decay,,
14.885,-0.004798702672779316,decay,,
14.89,-0.004799782584675687,decay,,
14.895,-0.004800859640686948,decay,,
14.9,-0.004801933848365641,decay,,
14.905000000000001,-0.0048030052152443345,decay,,
14.91,-0.004804073748835677,decay,,
14.915000000000001,-0.0048051394566324505,decay,,
14.92,-0.004806202346107619,decay,,
14.925,-0.0048072624247143874,decay,,
14.93,-0.004808319699886246,decay,,
14.935,-0.004809374179037032,decay,,
14.94,-0.004810425869560971,decay,,
14.945,-0.004811474778832739,decay,,
14.950000000000001,-0.004812520914207506,decay,,
14.955,-0.004813564283020991,decay,,
14.96,-0.004814604892589516,decay,,
14.965,-0.0048156427502100505,decay,,
14.97,-0.004816677863160272,decay,,
14.975,-0.004817710238698605,decay,,
14.98,-0.004818739884064286,decay,,
14.985,-0.004819766806477402,decay,,
14.99,-0.004820791013138947,decay,,
14.995000000000001,-0.004821812511230873,decay,,
15.0,-0.0048228313079161375,decay,,
15.005,-0.004823847410338756,decay,,
15.01,-0.004824860825623851,decay,,
15.015,-0.004825871560877703,decay,,
15.02,-0.0048268796231877974,decay,,
15.025,-0.004827885019622879,decay,,
15.030000000000001,-0.004828887757232997,decay,,
15.035,-0.004829887843049557,decay,,
15.040000000000001,-0.004830885284085371,decay,,
15.045,-0.004831880087334701,decay,,
15.05,-0.004832872259773319,decay,,
15.055,-0.004833861808358543,decay,,
15.06,-0.004834848740029296,decay,,
15.065,-0.0048358330617061475,decay,,
15.07,-0.004836814780291367,decay,,
15.075000000000001,-0.0048377939026689725,decay,,
15.08,-0.004838770435704772,decay,,
15.085,-0.00483974438624642,decay,,
15.09,-0.004840715761123463,decay,,
15.095,-0.004841684567147382,decay,,
15.1,-0.004842650811111649,decay,,
15.105,-0.004843614499791768,decay,,
15.11,-0.004844575639945325,decay,,
15.115,-0.004845534238312037,decay,,
15.120000000000001,-0.004846490301613795,decay,,
15.125,-0.004847443836554715,decay,,
15.13,-0.004848394849821183,decay,,
15.135,-0.004849343348081902,decay,,
15.14,-0.004850289337987941,decay,,
15.145,-0.004851232826172779,decay,,
15.15,-0.004852173819252352,decay,,
15.155000000000001,-0.004853112323825101,decay,,
15.16,-0.004854048346472015,decay,,
15.165000000000001,-0.00485498189375668,decay,,
15.17,-0.004855912972225326,decay,,
15.175,-0.004856841588406869,decay,,
15.18,-0.004857767748812959,decay,,
15.185,-0.004858691459938029,decay,,
15.19,-0.0048596127282593314,decay,,
15.195,-0.004860531560236994,decay,,
15.200000000000001,-0.004861447962314058,decay,,
15.205,-0.004862361940916526,decay,,
15.21,-0.004863273502453408,decay,,
15.215,-0.004864182653316762,decay,,
15.22,-0.004865089399881746,decay,,
15.225,-0.004865993748506655,decay,,
15.23,-0.004866895705532972,decay,,
15.235,-0.004867795277285406,decay,,
15.24,-0.004868692470071944,decay,,
15.245000000000001,-0.004869587290183888,decay,,
15.25,-0.004870479743895905,decay,,
15.255,-0.004871369837466066,decay,,
15.26,-0.004872257577135892,decay,,
15.265,-0.004873142969130401,decay,,
15.27,-0.004874026019658147,decay,,
15.275,-0.004874906734911262,decay,,
15.280000000000001,-0.004875785121065509,decay,,
15.285,-0.004876661184280312,decay,,
15.290000000000001,-0.0048775349306988125,decay,,
15.295,-0.0048784063664479,decay,,
15.3,-0.004879275497638265,decay,,
15.305,-0.004880142330364439,decay,,
15.31,-0.0048810068707048305,decay,,
15.315,-0.004881869124721781,decay,,
15.32,-0.004882729098461593,decay,,
15.325000000000001,-0.004883586797954583,decay,,
15.33,-0.00488444222921512,decay,,
15.335,-0.004885295398241665,decay,,
15.34,-0.004886146311016818,decay,,
15.345,-0.0048869949735073585,decay,,
15.35,-0.004887841391664285,decay,,
15.355,-0.004888685571422856,decay,,
15.36,-0.004889527518702639,decay,,
15.365,-0.004890367239407544,decay,,
15.370000000000001,-0.004891204739425867,decay,,
15.375,-0.004892040024630334,decay,,
15.38,-0.004892873100878138,decay,,
15.385,-0.004893703974010985,decay,,
15.39,-0.0048945326498551316,decay,,
15.395,-0.004895359134221425,decay,,
15.4,-0.004896183432905346,decay,,
15.405000000000001,-0.00489700555168705,decay,,
15.41,-0.004897825496331405,decay,,
15.415000000000001,-0.004898643272588035,decay,,
15.42,-0.004899458886191357,decay,,
15.425,-0.004900272342860626,decay,,
15.43,-0.004901083648299967,decay,,
15.435,-0.004901892808198426,decay,,
15.44,-0.00490269982823,decay,,
15.445,-0.004903504714053683,decay,,
15.450000000000001,-0.004904307471313501,decay,,
15.455,-0.004905108105638558,decay,,
15.46,-0.004905906622643067,decay,,
15.465,-0.0049067030279263965,decay,,
15.47,-0.0049074973270731076,decay,,
15.475,-0.004908289525652992,decay,,
15.48,-0.004909079629221111,decay,,
15.485000000000001,-0.004909867643317836,decay,,
15.49,-0.004910653573468887,decay,,
15.495000000000001,-0.00491143742518537,decay,,
15.5,-0.004912219203963816,decay,,
15.505,-0.0049129989152862244,decay,,
15.51,-0.00491377656462009,decay,,
15.515,-0.004914552157418455,decay,,
15.52,-0.004915325699119937,decay,,
15.525,-0.004916097195148773,decay,,
15.530000000000001,-0.004916866650914855,decay,,
15.535,-0.004917634071813765,decay,,
15.540000000000001,-0.00491839946322682,decay,,
15.545,-0.004919162830521105,decay,,
15.55,-0.004919924179049511,decay,,
15.555,-0.0049206835141507735,decay,,
15.56,-0.004921440841149507,decay,,
15.565,-0.004922196165356248,decay,,
15.57,-0.004922949492067488,decay,,
15.575000000000001,-0.0049237008265657104,decay,,
15.58,-0.004924450174119429,decay,,
15.585,-0.004925197539983228,decay,,
15.59,-0.0049259429293977905,decay,,
0.0,1.2816185159358473,fitted,,
0.005,1.277816212768779,fitted,,
0.01,1.2740251222827212,fitted,,
0.015,1.2702452114123945,fitted,,
0.02,1.2664764471900267,fitted,,
0.025,1.2627187967450648,fitted,,
0.03,1.2589722273038881,fitted,,
0.035,1.2552367061895233,fitted,,
0.04,1.2515122008213582,fitted,,
0.045,1.247798678714858,fitted,,
0.05,1.244096107481283,fitted,,
0.055,1.2404044548274045,fitted,,
0.06,1.2367236885552242,fitted,,
0.065,1.2330537765616931,fitted,,
0.07,1.229394686838431,fitted,,
0.075,1.225746387471448,fitted,,
0.08,1.2221088466408667,fitted,,
0.085,1.218482032620643,fitted,,
0.09,1.2148659137782905,fitted,,
0.095,1.2112604585746047,fitted,,
0.1,1.2076656355633872,fitted,,
0.105,1.2040814133911726,fitted,,
0.11,1.2005077607969534,fitted,,
0.115,1.196944646611909,fitted,,
0.12,1.1933920397591324,fitted,,
0.125,1.1898499092533608,fitted,,
0.13,1.186318224200703,fitted,,
0.135,1.1827969537983731,fitted,,
0.14,1.179286067334419,fitted,,
0.145,1.1757855341874552,fitted,,
0.15,1.1722953238263976,fitted,,
0.155,1.1688154058101947,fitted,,
0.16,1.1653457497875632,fitted,,
0.165,1.1618863254967238,fitted,,
0.17,1.1584371027651361,fitted,,
0.17500000000000002,1.1549980515092366,fitted,,
0.18,1.1515691417341756,fitted,,
0.185,1.1481503435335554,fitted,,
0.19,1.1447416270891702,fitted,,
0.195,1.1413429626707456,fitted,,
0.2,1.1379543206356795,fitted,,
0.20500000000000002,1.134575671428783,fitted,,
0.21,1.131206985582023,fitted,,
0.215,1.127848233714266,fitted,,
0.22,1.1244993865310198,fitted,,
0.225,1.1211604148241807,fitted,,
0.23,1.1178312894717763,fitted,,
0.23500000000000001,1.114511981437713,fitted,,
0.24,1.1112024617715217,fitted,,
0.245,1.1079027016081064,fitted,,
0.25,1.1046126721674918,fitted,,
0.255,1.1013323447545724,fitted,,
0.26,1.098061690758862,fitted,,
0.265,1.0948006816542446,fitted,,
0.27,1.0915492889987253,fitted,,
0.275,1.0883074844341825,fitted,,
0.28,1.0850752396861196,fitted,,
0.28500000000000003,1.081852526563421,fitted,,
0.29,1.078639316958102,fitted,,
0.295,1.0754355828450677,fitted,,
0.3,1.0722412962818666,fitted,,
0.305,1.0690564294084468,fitted,,
0.31,1.0658809544469139,fitted,,
0.315,1.0627148437012877,fitted,,
0.32,1.059558069557262,fitted,,
0.325,1.0564106044819617,fitted,,
0.33,1.053272421023705,fitted,,
0.335,1.0501434918117627,fitted,,
0.34,1.0470237895561192,fitted,,
0.34500000000000003,1.043913287047235,fitted,,
0.35000000000000003,1.0408119571558097,fitted,,
0.355,1.0377197728325447,fitted,,
0.36,1.0346367071079072,fitted,,
0.365,1.0315627330918964,fitted,,
0.37,1.0284978239738067,fitted,,
0.375,1.025441953021996,fitted,,
0.38,1.0223950935836512,fitted,,
0.385,1.0193572190845561,fitted,,
0.39,1.01632830302886,fitted,,
0.395,1.0133083189988459,fitted,,
0.4,1.0102972406547008,fitted,,
0.405,1.0072950417342856,fitted,,
0.41000000000000003,1.0043016960529063,fitted,,
0.41500000000000004,1.0013171775030847,fitted,,
0.42,0.9983414600543324,fitted,,
0.425,0.9953745177529217,fitted,,
0.43,0.9924163247216614,fitted,,
0.435,0.989466855159669,fitted,,
0.44,0.9865260833421479,fitted,,
0.445,0.9835939836201606,fitted,,
0.45,0.980670530420407,fitted,,
0.455,0.9777556982450002,fitted,,
0.46,0.9748494616712446,fitted,,
0.465,0.9719517953514142,fitted,,
0.47000000000000003,0.969062674012531,fitted,,
0.47500000000000003,0.9661820724561453,fitted,,
0.48,0.9633099655581153,fitted,,
0.485,0.9604463282683888,fitted,,
0.49,0.9575911356107832,fitted,,
0.495,0.9547443626827695,fitted,,
0.5,0.9519059846552538,fitted,,
0.505,0.949075976772361,fitted,,
0.51,0.9462543143512195,fitted,,
0.515,0.9434409727817454,fitted,,
0.52,0.9406359275264274,fitted,,
0.525,0.9378391541201141,fitted,,
0.53,0.935050628169799,fitted,,
0.535,0.9322703253544093,fitted,,
0.54,0.9294982214245928,fitted,,
0.545,0.9267342922025064,fitted,,
0.55,0.9239785135816059,fitted,,
0.555,0.9212308615264349,fitted,,
0.56,0.918491312072416,fitted,,
0.5650000000000001,0.9157598413256411,fitted,,
0.5700000000000001,0.9130364254626636,fitted,,
0.5750000000000001,0.9103210407302896,fitted,,
0.58,0.9076136634453725,fitted,,
0.585,0.9049142699946042,fitted,,
0.59,0.9022228368343113,fitted,,
0.595,0.8995393404902482,fitted,,
0.6,0.8968637575573929,fitted,,
0.605,0.8941960646997432,fitted,,
0.61,0.8915362386501129,fitted,,
0.615,0.8888842562099283,fitted,,
0.62,0.886240094249027,fitted,,
0.625,0.8836037297054553,fitted,,
0.63,0.8809751395852673,fitted,,
0.635,0.8783543009623245,fitted,,
0.64,0.8757411909780953,fitted,,
0.645,0.8731357868414564,fitted,,
0.65,0.8705380658284939,fitted,,
0.655,0.8679480052823043,fitted,,
0.66,0.8653655826127978,fitted,,
0.665,0.862790775296501,fitted,,
0.67,0.8602235608763599,fitted,,
0.675,0.857663916961545,fitted,,
0.68,0.8551118212272552,fitted,,
0.685,0.8525672514145238,fitted,,
0.6900000000000001,0.8500301853300238,fitted,,
0.6950000000000001,0.8475006008458743,fitted,,
0.7000000000000001,0.8449784758994479,fitted,,
0.705,0.8424637884931779,fitted,,
0.71,0.839956516694367,fitted,,
0.715,0.8374566386349953,fitted,,
0.72,0.83496413251153,fitted,,
0.725,0.8324789765847351,fitted,,
0.73,0.8300011491794819,fitted,,
0.735,0.8275306286845601,fitted,,
0.74,0.8250673935524884,fitted,,
0.745,0.8226114222993279,fitted,,
0.75,0.8201626935044939,fitted,,
0.755,0.8177211858105693,fitted,,
0.76,0.8152868779231179,fitted,,
0.765,0.8128597486104997,fitted,,
0.77,0.8104397767036846,fitted,,
0.775,0.8080269410960684,fitted,,
0.78,0.8056212207432886,fitted,,
0.785,0.8032225946630404,fitted,,
0.79,0.8008310419348946,fitted,,
0.795,0.7984465417001146,fitted,,
0.8,0.7960690731614741,fitted,,
0.805,0.7936986155830767,fitted,,
0.81,0.7913351482901737,fitted,,
0.8150000000000001,0.7889786506689853,fitted,,
0.8200000000000001,0.7866291021665198,fitted,,
0.8250000000000001,0.7842864822903942,fitted,,
0.8300000000000001,0.7819507706086566,fitted,,
0.835,0.7796219467496065,fitted,,
0.84,0.7772999904016183,fitted,,
0.845,0.7749848813129638,fitted,,
0.85,0.7726765992916351,fitted,,
0.855,0.7703751242051693,fitted,,
0.86,0.7680804359804722,fitted,,
0.865,0.7657925146036436,fitted,,
0.87,0.7635113401198027,fitted,,
0.875,0.761236892632914,fitted,,
0.88,0.7589691523056138,fitted,,
0.885,0.7567080993590369,fitted,,
0.89,0.7544537140726448,fitted,,
0.895,0.7522059767840531,fitted,,
0.9,0.7499648678888599,fitted,,
0.905,0.7477303678404752,fitted,,
0.91,0.7455024571499507,fitted,,
0.915,0.7432811163858086,fitted,,
0.92,0.7410663261738741,fitted,,
0.925,0.7388580671971039,fitted,,
0.93,0.7366563201954202,fitted,,
0.935,0.7344610659655407,fitted,,
0.9400000000000001,0.7322722853608131,fitted,,
0.9450000000000001,0.7300899592910458,fitted,,
0.9500000000000001,0.7279140687223433,fitted,,
0.9550000000000001,0.7257445946769396,fitted,,
0.96,0.7235815182330325,fitted,,
0.965,0.721424820524618,fitted,,
0.97,0.7192744827413273,fitted,,
0.975,0.7171304861282611,fitted,,
0.98,0.7149928119858276,fitted,,
0.985,0.7128614416695779,fitted,,
0.99,0.710736356590044,fitted,,
0.995,0.7086175382125771,fitted,,
1.0,0.7065049680571854,fitted,,
1.0050000000000001,0.7043986276983734,fitted,,
1.01,0.7022984987649802,fitted,,
1.0150000000000001,0.7002045629400205,fitted,,
1.02,0.6981168019605242,fitted,,
1.025,0.696035197617377,fitted,,
1.03,0.6939597317551618,fitted,,
1.035,0.6918903862720008,fitted,,
1.04,0.6898271431193966,fitted,,
1.045,0.6877699843020756,fitted,,
1.05,0.6857188918778306,fitted,,
1.055,0.6836738479573651,fitted,,
1.06,0.6816348347041357,fitted,,
1.065,0.6796018343341984,fitted,,
1.07,0.6775748291160519,fitted,,
1.075,0.6755538013704844,fitted,,
1.08,0.6735387334704178,fitted,,
1.085,0.6715296078407555,fitted,,
1.09,0.669526406958228,fitted,,
1.095,0.6675291133512408,fitted,,
1.1,0.6655377095997214,fitted,,
1.105,0.6635521783349679,fitted,,
1.11,0.6615725022394973,fitted,,
1.115,0.6595986640468942,fitted,,
1.12,0.6576306465416604,fitted,,
1.125,0.6556684325590653,fitted,,
1.1300000000000001,0.6537120049849953,fitted,,
1.135,0.651761346755805,fitted,,
1.1400000000000001,0.6498164408581681,fitted,,
1.145,0.6478772703289295,fitted,,
1.1500000000000001,0.6459438182549572,fitted,,
1.155,0.6440160677729939,fitted,,
1.16,0.6420940020695115,fitted,,
1.165,0.6401776043805633,fitted,,
1.17,0.638266857991638,fitted,,
1.175,0.6363617462375138,fitted,,
1.18,0.6344622525021142,fitted,,
1.185,0.632568360218361,fitted,,
1.19,0.6306800528680319,fitted,,
1.195,0.6287973139816146,fitted,,
1.2,0.626920127138165,fitted,,
1.205,0.6250484759651624,fitted,,
1.21,0.6231823441383674,fitted,,
1.215,0.6213217153816795,fitted,,
1.22,0.6194665734669952,fitted,,
1.225,0.6176169022140661,fitted,,
1.23,0.6157726854903585,fitted,,
1.235,0.6139339072109116,fitted,,
1.24,0.6121005513381982,fitted,,
1.245,0.6102726018819844,fitted,,
1.25,0.6084500428991904,fitted,,
1.2550000000000001,0.6066328584937507,fitted,,
1.26,0.6048210328164766,fitted,,
1.2650000000000001,0.6030145500649169,fitted,,
1.27,0.6012133944832209,fitted,,
1.2750000000000001,0.5994175503620001,fitted,,
1.28,0.5976270020381924,fitted,,
1.285,0.5958417338949243,fitted,,
1.29,0.5940617303613753,fitted,,
1.295,0.592286975912642,fitted,,
1.3,0.5905174550696027,fitted,,
1.305,0.5887531523987821,fitted,,
1.31,0.5869940525122175,fitted,,
1.315,0.5852401400673234,fitted,,
1.32,0.5834913997667588,fitted,,
1.325,0.5817478163582932,fitted,,
1.33,0.5800093746346736,fitted,,
1.335,0.5782760594334919,fitted,,
1.34,0.5765478556370529,fitted,,
1.345,0.5748247481722423,fitted,,
1.35,0.5731067220103945,fitted,,
1.355,0.571393762167163,fitted,,
1.36,0.5696858537023887,fitted,,
1.365,0.5679829817199696,fitted,,
1.37,0.5662851313677313,fitted,,
1.375,0.5645922878372973,fitted,,
1.3800000000000001,0.5629044363639594,fitted,,
1.385,0.5612215622265496,fitted,,
1.3900000000000001,0.5595436507473116,fitted,,
1.395,0.5578706872917724,fitted,,
1.4000000000000001,0.5562026572686144,fitted,,
1.405,0.5545395461295496,fitted,,
1.41,0.5528813393691909,fitted,,
1.415,0.5512280225249269,fitted,,
1.42,0.5495795811767948,fitted,,
1.425,0.5479360009473554,fitted,,
1.43,0.5462972675015674,fitted,,
1.435,0.544663366546662,fitted,,
1.44,0.5430342838320193,fitted,,
1.445,0.5414100051490427,fitted,,
1.45,0.5397905163310356,fitted,,
1.455,0.5381758032530783,fitted,,
1.46,0.536565851831904,fitted,,
1.465,0.5349606480257761,fitted,,
1.47,0.5333601778343667,fitted,,
1.475,0.5317644272986326,fitted,,
1.48,0.5301733825006957,fitted,,
1.485,0.52858702956372,fitted,,
1.49,0.5270053546517914,fitted,,
1.495,0.5254283439697967,fitted,,
1.5,0.5238559837633031,fitted,,
1.5050000000000001,0.5222882603184391,fitted,,
1.51,0.5207251599617738,fitted,,
1.5150000000000001,0.5191666690601984,fitted,,
1.52,0.5176127740208067,fitted,,
1.5250000000000001,0.5160634612907772,fitted,,
1.53,0.5145187173572544,fitted,,
1.5350000000000001,0.5129785287472309,fitted,,
1.54,0.5114428820274308,fitted,,
1.545,0.5099117638041909,fitted,,
1.55,0.5083851607233455,fitted,,
1.555,0.506863059470109,fitted,,
1.56,0.50534544676896,fitted,,
1.565,0.5038323093835256,fitted,,
1.57,0.5023236341164659,fitted,,
1.575,0.5008194078093585,fitted,,
1.58,0.4993196173425848,fitted,,
1.585,0.49782424963521443,fitted,,
1.59,0.4963332916448915,fitted,,
1.595,0.4948467303677213,fitted,,
1.6,0.4933645528381564,fitted,,
1.605,0.4918867461288837,fitted,,
1.61,0.4904132973507117,fitted,,
1.615,0.48894419365245795,fitted,,
1.62,0.48747942222083734,fitted,,
1.625,0.48601897028034985,fitted,,
1.6300000000000001,0.48456282509316956,fitted,,
1.635,0.4831109739590332,fitted,,
1.6400000000000001,0.48166340421512954,fitted,,
1.645,0.4802201032359892,fitted,,
1.6500000000000001,0.4787810584333738,fitted,,
1.655,0.47734625725616714,fitted,,
1.6600000000000001,0.47591568719026495,fitted,,
1.665,0.47448933575846614,fitted,,
1.67,0.4730671905203638,fitted,,
1.675,0.4716492390722366,fitted,,
1.68,0.4702354690469414,fitted,,
1.685,0.46882586811380383,fitted,,
1.69,0.46742042397851247,fitted,,
1.695,0.4660191243830103,fitted,,
1.7,0.4646219571053886,fitted,,
1.705,0.46322890995978006,fitted,,
1.71,0.4618399707962522,fitted,,
1.715,0.460455127500702,fitted,,
1.72,0.45907436799475,fitted,,
1.725,0.45769768023563434,fitted,,
1.73,0.4563250522161069,fitted,,
1.735,0.45495647196432787,fitted,,
1.74,0.45359192754376104,fitted,,
1.745,0.4522314070530704,fitted,,
1.75,0.4508748986260159,fitted,,
1.7550000000000001,0.4495223904313499,fitted,,
1.76,0.4481738706727145,fitted,,
1.7650000000000001,0.4468293275885381,fitted,,
1.77,0.44548874945193306,fitted,,
1.7750000000000001,0.44415212457059305,fitted,,
1.78,0.442819441286692,fitted,,
1.7850000000000001,0.44149068797678115,fitted,,
1.79,0.44016585305168904,fitted,,
1.795,0.4388449249564192,fitted,,
1.8,0.43752789217004984,fitted,,
1.805,0.436214743205634,fitted,,
1.81,0.43490546661009827,fitted,,
1.815,0.4336000509641436,fitted,,
1.82,0.43229848488214556,fitted,,
1.825,0.4310007570120548,fitted,,
1.83,0.42970685603529846,fitted,,
1.835,0.4284167706666813,fitted,,
1.84,0.4271304896542867,fitted,,
1.845,0.4258480017793796,fitted,,
1.85,0.42456929585630776,fitted,,
1.855,0.42329436073240456,fitted,,
1.86,0.42202318528789173,fitted,,
1.865,0.4207557584357823,fitted,,
1.87,0.41949206912178383,fitted,,
1.875,0.4182321063242022,fitted,,
1.8800000000000001,0.4169758590538455,fitted,,
1.885,0.4157233163539277,fitted,,
1.8900000000000001,0.41447446729997356,fitted,,
1.895,0.4132293009997234,fitted,,
1.9000000000000001,0.4119878065930377,fitted,,
1.905,0.41074997325180274,fitted,,
1.9100000000000001,0.4095157901798361,fitted,,
1.915,0.4082852466127921,fitted,,
1.92,0.4070583318180686,fitted,,
1.925,0.40583503509471275,fitted,,
1.93,0.4046153457733281,fitted,,
1.935,0.4033992532159813,fitted,,
1.94,0.40218674681610944,fitted,,
1.945,0.40097781599842736,fitted,,
1.95,0.3997724502188359,fitted,,
1.955,0.39857063896432915,fitted,,
1.96,0.3973723717529035,fitted,,
1.965,0.3961776381334658,fitted,,
1.97,0.39498642768574227,fitted,,
1.975,0.39379873002018767,fitted,,
1.98,0.392614534777895,fitted,,
1.985,0.3914338316305042,fitted,,
1.99,0.3902566102801133,fitted,,
1.995,0.38908286045918766,fitted,,
2.0,0.38791257193047096,fitted,,
2.005,0.3867457344868955,fitted,,
2.0100000000000002,0.38558233795149344,fitted,,
2.015,0.38442237217730824,fitted,,
2.02,0.38326582704730555,fitted,,
2.025,0.3821126924742857,fitted,,
2.0300000000000002,0.3809629584007948,fitted,,
2.035,0.37981661479903817,fitted,,
2.04,0.3786736516707919,fitted,,
2.045,0.3775340590473162,fitted,,
2.05,0.37639782698926805,fitted,,
2.055,0.37526494558661494,fitted,,
2.06,0.3741354049585484,fitted,,
2.065,0.3730091952533973,fitted,,
2.07,0.3718863066485425,fitted,,
2.075,0.3707667293503307,fitted,,
2.08,0.3696504535939897,fitted,,
2.085,0.3685374696435425,fitted,,
2.09,0.3674277677917227,fitted,,
2.095,0.36632133835989,fitted,,
2.1,0.3652181716979457,fitted,,
2.105,0.3641182581842481,fitted,,
2.11,0.36302158822552916,fitted,,
2.115,0.3619281522568105,fitted,,
2.12,0.3608379407413204,fitted,,
2.125,0.3597509441704099,fitted,,
2.13,0.3586671530634704,fitted,,
2.1350000000000002,0.3575865579678507,fitted,,
2.14,0.3565091494587752,fitted,,
2.145,0.35543491813926065,fitted,,
2.15,0.3543638546400349,fitted,,
2.1550000000000002,0.3532959496194551,fitted,,
2.16,0.35223119376342604,fitted,,
2.165,0.35116957778531915,fitted,,
2.17,0.35011109242589133,fitted,,
2.1750000000000003,0.349055728453204,fitted,,
2.18,0.348003476662543,fitted,,
2.185,0.3469543278763383,fitted,,
2.19,0.34590827294408344,fitted,,
2.195,0.34486530274225624,fitted,,
2.2,0.34382540817423884,fitted,,
2.205,0.34278858017023905,fitted,,
2.21,0.3417548096872102,fitted,,
2.215,0.34072408770877327,fitted,,
2.22,0.3396964052451372,fitted,,
2.225,0.3386717533330218,fitted,,
2.23,0.3376501230355784,fitted,,
2.235,0.3366315054423125,fitted,,
2.24,0.33561589166900596,fitted,,
2.245,0.3346032728576395,fitted,,
2.25,0.3335936401763153,fitted,,
2.255,0.3325869848191801,fitted,,
2.2600000000000002,0.3315832980063483,fitted,,
2.265,0.3305825709838258,fitted,,
2.27,0.329584795023433,fitted,,
2.275,0.328589961422729,fitted,,
2.2800000000000002,0.3275980615049358,fitted,,
2.285,0.32660908661886257,fitted,,
2.29,0.32562302813883,fitted,,
2.295,0.32463987746459516,fitted,,
2.3000000000000003,0.32365962602127657,fitted,,
2.305,0.3226822652592796,fitted,,
2.31,0.32170778665422145,fitted,,
2.315,0.320736181706857,fitted,,
2.32,0.3197674419430047,fitted,,
2.325,0.3188015589134729,fitted,,
2.33,0.31783852419398567,fitted,,
2.335,0.31687832938510974,fitted,,
2.34,0.31592096611218096,fitted,,
2.345,0.31496642602523145,fitted,,
2.35,0.3140147007989168,fitted,,
2.355,0.3130657821324431,fitted,,
2.36,0.31211966174949524,fitted,,
2.365,0.3111763313981636,fitted,,
2.37,0.31023578285087344,fitted,,
2.375,0.3092980079043121,fitted,,
2.38,0.308362998379358,fitted,,
2.3850000000000002,0.30743074612100885,fitted,,
2.39,0.30650124299831116,fitted,,
2.395,0.3055744809042887,fitted,,
2.4,0.30465045175587213,fitted,,
2.4050000000000002,0.3037291474938284,fitted,,
2.41,0.3028105600826906,fitted,,
2.415,0.30189468151068743,fitted,,
2.42,0.3009815037896741,fitted,,
2.4250000000000003,0.3000710189550617,fitted,,
2.43,0.29916321906574883,fitted,,
2.435,0.29825809620405125,fitted,,
2.44,0.2973556424756335,fitted,,
2.445,0.2964558500094399,fitted,,
2.45,0.2955587109576258,fitted,,
2.455,0.2946642174954895,fitted,,
2.46,0.2937723618214031,fitted,,
2.465,0.2928831361567455,fitted,,
2.47,0.2919965327458341,fitted,,
2.475,0.2911125438558571,fitted,,
2.48,0.2902311617768062,fitted,,
2.485,0.2893523788214091,fitted,,
2.49,0.2884761873250627,fitted,,
2.495,0.2876025796457664,fitted,,
2.5,0.286731548164055,fitted,,
2.505,0.28586308528293264,fitted,,
2.5100000000000002,0.2849971834278061,fitted,,
2.515,0.2841338350464194,fitted,,
2.52,0.2832730326087873,fitted,,
2.525,0.2824147686071299,fitted,,
2.5300000000000002,0.2815590355558071,fitted,,
2.535,0.2807058259912535,fitted,,
2.54,0.27985513247191307,fitted,,
2.545,0.2790069475781741,fitted,,
2.5500000000000003,0.2781612639123051,fitted,,
2.555,0.27731807409838966,fitted,,
2.56,0.27647737078226226,fitted,,
2.565,0.27563914663144434,fitted,,
2.57,0.2748033943350803,fitted,,
2.575,0.27397010660387333,fitted,,
2.58,0.2731392761700227,fitted,,
2.585,0.2723108957871593,fitted,,
2.59,0.2714849582302832,fitted,,
2.595,0.2706614562957004,fitted,,
2.6,0.26984038280096007,fitted,,
2.605,0.26902173058479173,fitted,,
2.61,0.26820549250704284,fitted,,
2.615,0.2673916614486167,fitted,,
2.62,0.26658023031141037,fitted,,
2.625,0.26577119201825233,fitted,,
2.63,0.2649645395128413,fitted,,
2.6350000000000002,0.26416026575968427,fitted,,
2.64,0.2633583637440356,fitted,,
2.645,0.26255882647183526,fitted,,
2.65,0.26176164696964827,fitted,,
2.6550000000000002,0.2609668182846037,fitted,,
2.66,0.26017433348433416,fitted,,
2.665,0.2593841856569151,fitted,,
2.67,0.25859636791080487,fitted,,
2.6750000000000003,0.2578108733747842,fitted,,
2.68,0.2570276951978966,fitted,,
2.685,0.25624682654938846,fitted,,
2.69,0.2554682606186496,fitted,,
2.695,0.25469199061515346,fitted,,
2.7,0.25391800976839857,fitted,,
2.705,0.253146311327849,fitted,,
2.71,0.2523768885628754,fitted,,
2.715,0.2516097347626967,fitted,,
2.72,0.2508448432363214,fitted,,
2.725,0.25008220731248904,fitted,,
2.73,0.24932182033961225,fitted,,
2.735,0.24856367568571863,fitted,,
2.74,0.24780776673839283,fitted,,
2.745,0.2470540869047193,fitted,,
2.75,0.246302629611224,fitted,,
2.755,0.2455533883038178,fitted,,
2.7600000000000002,0.24480635644773896,fitted,,
2.765,0.24406152752749632,fitted,,
2.77,0.24331889504681237,fitted,,
2.775,0.24257845252856636,fitted,,
2.7800000000000002,0.24184019351473818,fitted,,
2.785,0.2411041115663521,fitted,,
2.79,0.2403702002634201,fitted,,
2.795,0.23963845320488636,fitted,,
2.8000000000000003,0.23890886400857103,fitted,,
2.805,0.2381814263111151,fitted,,
2.81,0.2374561337679244,fitted,,
2.815,0.23673298005311444,fitted,,
2.82,0.23601195885945525,fitted,,
2.825,0.23529306389831645,fitted,,
2.83,0.23457628889961224,fitted,,
2.835,0.23386162761174695,fitted,,
2.84,0.23314907380155997,fitted,,
2.845,0.23243862125427217,fitted,,
2.85,0.23173026377343114,fitted,,
2.855,0.23102399518085726,fitted,,
2.86,0.2303198093165899,fitted,,
2.865,0.2296177000388337,fitted,,
2.87,0.2289176612239049,fitted,,
2.875,0.228219686766178,fitted,,
2.88,0.2275237705780324,fitted,,
2.8850000000000002,0.22682990658979946,fitted,,
2.89,0.22613808874970964,fitted,,
2.895,0.2254483110238394,fitted,,
2.9,0.2247605673960587,fitted,,
2.9050000000000002,0.22407485186797865,fitted,,
2.91,0.22339115845889929,fitted,,
2.915,0.22270948120575695,fitted,,
2.92,0.22202981416307283,fitted,,
2.9250000000000003,0.2213521514029006,fitted,,
2.93,0.2206764870147751,fitted,,
2.935,0.22000281510566072,fitted,,
2.94,0.21933112979989977,fitted,,
2.945,0.2186614252391615,fitted,,
2.95,0.21799369558239068,fitted,,
2.955,0.21732793500575737,fitted,,
2.96,0.21666413770260512,fitted,,
2.965,0.21600229788340108,fitted,,
2.97,0.21534240977568514,fitted,,
2.975,0.21468446762401994,fitted,,
2.98,0.21402846568994016,fitted,,
2.985,0.2133743982519028,fitted,,
2.99,0.21272225960523727,fitted,,
2.995,0.21207204406209573,fitted,,
3.0,0.21142374595140312,fitted,,
3.005,0.2107773596188079,fitted,,
3.0100000000000002,0.210132879426633,fitted,,
3.015,0.20949029975382616,fitted,,
3.02,0.20884961499591126,fitted,,
3.025,0.2082108195649393,fitted,,
3.0300000000000002,0.20757390788943958,fitted,,
3.035,0.20693887441437137,fitted,,
3.04,0.2063057136010753,fitted,,
3.045,0.20567441992722485,fitted,,
3.0500000000000003,0.2050449878867786,fitted,,
3.055,0.20441741198993196,fitted,,
3.06,0.2037916867630692,fitted,,
3.065,0.20316780674871604,fitted,,
3.0700000000000003,0.2025457665054916,fitted,,
3.075,0.20192556060806144,fitted,,
3.08,0.20130718364708977,fitted,,
3.085,0.2006906302291926,fitted,,
3.09,0.20007589497689054,fitted,,
3.095,0.19946297252856204,fitted,,
3.1,0.19885185753839646,fitted,,
3.105,0.1982425446763475,fitted,,
3.11,0.1976350286280868,fitted,,
3.115,0.1970293040949574,fitted,,
3.12,0.19642536579392778,fitted,,
3.125,0.1958232084575457,fitted,,
3.13,0.19522282683389186,fitted,,
3.1350000000000002,0.19462421568653482,fitted,,
3.14,0.19402736979448476,fitted,,
3.145,0.1934322839521483,fitted,,
3.15,0.19283895296928266,fitted,,
3.1550000000000002,0.1922473716709508,fitted,,
3.16,0.19165753489747633,fitted,,
3.165,0.19106943750439798,fitted,,
3.17,0.19048307436242534,fitted,,
3.1750000000000003,0.18989844035739362,fitted,,
3.18,0.1893155303902196,fitted,,
3.185,0.18873433937685657,fitted,,
3.19,0.1881548622482504,fitted,,
3.1950000000000003,0.18757709395029504,fitted,,
3.2,0.18700102944378882,fitted,,
3.205,0.18642666370439004,fitted,,
3.21,0.18585399172257344,fitted,,
3.215,0.18528300850358664,fitted,,
3.22,0.18471370906740586,fitted,,
3.225,0.18414608844869368,fitted,,
3.23,0.18358014169675452,fitted,,
3.235,0.18301586387549224,fitted,,
3.24,0.18245325006336677,fitted,,
3.245,0.18189229535335127,fitted,,
3.25,0.1813329948528894,fitted,,
3.255,0.1807753436838525,fitted,,
3.2600000000000002,0.18021933698249704,fitted,,
3.265,0.17966496989942243,fitted,,
3.27,0.17911223759952838,fitted,,
3.275,0.17856113526197315,fitted,,
3.2800000000000002,0.17801165808013092,fitted,,
3.285,0.17746380126155065,fitted,,
3.29,0.17691756002791353,fitted,,
3.295,0.1763729296149918,fitted,,
3.3000000000000003,0.17582990527260672,fitted,,
3.305,0.17528848226458787,fitted,,
3.31,0.17474865586873117,fitted,,
3.315,0.17421042137675796,fitted,,
3.3200000000000003,0.1736737740942737,fitted,,
3.325,0.17313870934072773,fitted,,
3.33,0.17260522244937143,fitted,,
3.335,0.1720733087672185,fitted,,
3.34,0.17154296365500343,fitted,,
3.345,0.17101418248714195,fitted,,
3.35,0.17048696065169006,fitted,,
3.355,0.16996129355030404,fitted,,
3.36,0.1694371765982004,fitted,,
3.365,0.1689146052241155,fitted,,
3.37,0.1683935748702663,fitted,,
3.375,0.16787408099231022,fitted,,
3.38,0.16735611905930547,fitted,,
3.3850000000000002,0.1668396845536717,fitted,,
3.39,0.16632477297115061,fitted,,
3.395,0.1658113798207665,fitted,,
3.4,0.16529950062478715,fitted,,
3.4050000000000002,0.1647891309186849,fitted,,
3.41,0.16428026625109754,fitted,,
3.415,0.16377290218378965,fitted,,
3.42,0.16326703429161377,fitted,,
3.4250000000000003,0.1627626581624717,fitted,,
3.43,0.16225976939727643,fitted,,
3.435,0.16175836360991336,fitted,,
3.44,0.16125843642720206,fitted,,
3.4450000000000003,0.16075998348885834,fitted,,
3.45,0.16026300044745617,fitted,,
3.455,0.15976748296838988,fitted,,
3.46,0.15927342672983585,fitted,,
3.465,0.15878082742271543,fitted,,
3.47,0.15828968075065686,fitted,,
3.475,0.15779998242995835,fitted,,
3.48,0.15731172818955008,fitted,,
3.485,0.15682491377095753,fitted,,
3.49,0.1563395349282638,fitted,,
3.495,0.15585558742807304,fitted,,
3.5,0.15537306704947335,fitted,,
3.505,0.1548919695839998,fitted,,
3.5100000000000002,0.154412290835598,fitted,,
3.515,0.15393402662058753,fitted,,
3.52,0.15345717276762488,fitted,,
3.525,0.152981725117668,fitted,,
3.5300000000000002,0.1525076795239389,fitted,,
3.535,0.1520350318518887,fitted,,
3.54,0.15156377797916076,fitted,,
3.545,0.15109391379555476,fitted,,
3.5500000000000003,0.1506254352029912,fitted,,
3.555,0.15015833811547546,fitted,,
3.56,0.14969261845906212,fitted,,
3.565,0.14922827217181955,fitted,,
3.5700000000000003,0.1487652952037944,fitted,,
3.575,0.14830368351697637,fitted,,
3.58,0.14784343308526282,fitted,,
3.585,0.14738453989442368,fitted,,
3.59,0.14692699994206687,fitted,,
3.595,0.14647080923760253,fitted,,
3.6,0.14601596380220921,fitted,,
3.605,0.14556245966879844,fitted,,
3.61,0.1451102928819803,fitted,,
3.615,0.1446594594980291,fitted,,
3.62,0.1442099555848489,fitted,,
3.625,0.14376177722193917,fitted,,
3.63,0.1433149205003605,fitted,,
3.6350000000000002,0.1428693815227008,fitted,,
3.64,0.14242515640304104,fitted,,
3.645,0.14198224126692138,fitted,,
3.65,0.14154063225130759,fitted,,
3.6550000000000002,0.14110032550455703,fitted,,
3.66,0.14066131718638547,fitted,,
3.665,0.14022360346783325,fitted,,
3.67,0.139787180531232,fitted,,
3.6750000000000003,0.13935204457017114,fitted,,
3.68,0.1389181917894653,fitted,,
3.685,0.13848561840512047,fitted,,
3.69,0.13805432064430145,fitted,,
3.6950000000000003,0.1376242947452988,fitted,,
3.7,0.13719553695749614,fitted,,
3.705,0.13676804354133715,fitted,,
3.71,0.13634181076829338,fitted,,
3.715,0.13591683492083134,fitted,,
3.72,0.1354931122923803,fitted,,
3.725,0.1350706391873,fitted,,
3.73,0.13464941192084817,fitted,,
3.735,0.13422942681914857,fitted,,
3.74,0.13381068021915898,fitted,,
3.745,0.1333931684686392,fitted,,
3.75,0.13297688792611911,fitted,,
3.755,0.1325618349608671,fitted,,
3.7600000000000002,0.13214800595285814,fitted,,
3.765,0.13173539729274253,fitted,,
3.77,0.13132400538181405,fitted,,
3.775,0.13091382663197898,fitted,,
3.7800000000000002,0.13050485746572443,fitted,,
3.785,0.13009709431608735,fitted,,
3.79,0.12969053362662347,fitted,,
3.795,0.129285171851376,fitted,,
3.8000000000000003,0.128881005454845,fitted,,
3.805,0.12847803091195653,fitted,,
3.81,0.12807624470803158,fitted,,
3.815,0.12767564333875586,fitted,,
3.8200000000000003,0.1272762233101487,fitted,,
3.825,0.12687798113853332,fitted,,
3.83,0.1264809133505057,fitted,,
3.835,0.12608501648290477,fitted,,
3.84,0.1256902870827819,fitted,,
3.845,0.12529672170737105,fitted,,
3.85,0.1249043169240585,fitted,,
3.855,0.12451306931035315,fitted,,
3.86,0.12412297545385644,fitted,,
3.865,0.12373403195223277,fitted,,
3.87,0.1233462354131797,fitted,,
3.875,0.12295958245439843,fitted,,
3.88,0.12257406970356434,fitted,,
3.8850000000000002,0.12218969379829732,fitted,,
3.89,0.12180645138613296,fitted,,
3.895,0.12142433912449273,fitted,,
3.9,0.1210433536806552,fitted,,
3.9050000000000002,0.12066349173172682,fitted,,
3.91,0.12028474996461307,fitted,,
3.915,0.11990712507598932,fitted,,
3.92,0.11953061377227232,fitted,,
3.9250000000000003,0.11915521276959125,fitted,,
3.93,0.1187809187937592,fitted,,
3.935,0.11840772858024452,fitted,,
3.94,0.11803563887414247,fitted,,
3.9450000000000003,0.11766464643014658,fitted,,
3.95,0.11729474801252084,fitted,,
3.955,0.11692594039507094,fitted,,
3.96,0.11655822036111628,fitted,,
3.9650000000000003,0.11619158470346211,fitted,,
3.97,0.11582603022437152,fitted,,
3.975,0.11546155373553733,fitted,,
3.98,0.11509815205805442,fitted,,
3.985,0.11473582202239206,fitted,,
3.99,0.11437456046836618,fitted,,
3.995,0.11401436424511184,fitted,,
4.0,0.11365523021105572,fitted,,
4.005,0.11329715523388878,fitted,,
4.01,0.11294013619053889,fitted,,
4.015,0.11258416996714357,fitted,,
4.0200000000000005,0.11222925345902286,fitted,,
4.025,0.1118753835706524,fitted,,
4.03,0.1115225572156361,fitted,,
4.035,0.11117077131667943,fitted,,
4.04,0.11082002280556262,fitted,,
4.045,0.11047030862311377,fitted,,
4.05,0.11012162571918233,fitted,,
4.055,0.10977397105261213,fitted,,
4.0600000000000005,0.10942734159121538,fitted,,
4.065,0.10908173431174596,fitted,,
4.07,0.10873714619987293,fitted,,
4.075,0.1083935742501544,fitted,,
4.08,0.10805101546601134,fitted,,
4.085,0.10770946685970131,fitted,,
4.09,0.10736892545229253,fitted,,
4.095,0.10702938827363781,fitted,,
4.1,0.10669085236234872,fitted,,
4.105,0.10635331476576965,fitted,,
4.11,0.10601677253995226,fitted,,
4.115,0.10568122274962959,fitted,,
4.12,0.1053466624681905,fitted,,
4.125,0.10501308877765426,fitted,,
4.13,0.104680498768645,fitted,,
4.135,0.10434888954036635,fitted,,
4.14,0.10401825820057624,fitted,,
4.1450000000000005,0.10368860186556128,fitted,,
4.15,0.10335991766011245,fitted,,
4.155,0.103032202717499,fitted,,
4.16,0.10270545417944414,fitted,,
4.165,0.10237966919609988,fitted,,
4.17,0.10205484492602222,fitted,,
4.175,0.1017309785361463,fitted,,
4.18,0.10140806720176176,fitted,,
4.1850000000000005,0.10108610810648808,fitted,,
4.19,0.10076509844225003,fitted,,
4.195,0.10044503540925316,fitted,,
4.2,0.10012591621595937,fitted,,
4.205,0.09980773807906254,fitted,,
4.21,0.09949049822346438,fitted,,
4.215,0.09917419388225009,fitted,,
4.22,0.09885882229666425,fitted,,
4.225,0.09854438071608682,fitted,,
4.23,0.09823086639800908,fitted,,
4.235,0.09791827660800982,fitted,,
4.24,0.09760660861973137,fitted,,
4.245,0.09729585971485585,fitted,,
4.25,0.09698602718308143,fitted,,
4.255,0.09667710832209883,fitted,,
4.26,0.09636910043756763,fitted,,
4.265,0.0960620008430928,fitted,,
4.2700000000000005,0.09575580686020119,fitted,,
4.275,0.09545051581831841,fitted,,
4.28,0.09514612505474528,fitted,,
4.285,0.09484263191463467,fitted,,
4.29,0.09454003375096844,fitted,,
4.295,0.09423832792453424,fitted,,
4.3,0.09393751180390258,fitted,,
4.305,0.09363758276540383,fitted,,
4.3100000000000005,0.0933385381931053,fitted,,
4.315,0.09304037547878859,fitted,,
4.32,0.09274309202192661,fitted,,
4.325,0.09244668522966107,fitted,,
4.33,0.09215115251677974,fitted,,
4.335,0.09185649130569411,fitted,,
4.34,0.09156269902641655,fitted,,
4.345,0.0912697731165383,fitted,,
4.3500000000000005,0.09097771102120683,fitted,,
4.355,0.09068651019310377,fitted,,
4.36,0.09039616809242249,fitted,,
4.365,0.09010668218684606,fitted,,
4.37,0.08981804995152515,fitted,,
4.375,0.08953026886905599,fitted,,
4.38,0.08924333642945849,fitted,,
4.385,0.08895725013015421,fitted,,
4.39,0.08867200747594464,fitted,,
4.3950000000000005,0.08838760597898937,fitted,,
4.4,0.08810404315878455,fitted,,
4.405,0.087821316542141,fitted,,
4.41,0.08753942366316281,fitted,,
4.415,0.08725836206322582,fitted,,
4.42,0.08697812929095614,fitted,,
4.425,0.08669872290220876,fitted,,
4.43,0.08642014046004633,fitted,,
4.4350000000000005,0.0861423795347176,fitted,,
4.44,0.08586543770363686,fitted,,
4.445,0.08558931255136203,fitted,,
4.45,0.08531400166957413,fitted,,
4.455,0.08503950265705615,fitted,,
4.46,0.08476581311967198,fitted,,
4.465,0.08449293067034569,fitted,,
4.47,0.0842208529290406,fitted,,
4.4750000000000005,0.08394957752273853,fitted,,
4.48,0.08367910208541932,fitted,,
4.485,0.08340942425803978,fitted,,
4.49,0.08314054168851347,fitted,,
4.495,0.08287245203169002,fitted,,
4.5,0.08260515294933476,fitted,,
4.505,0.08233864211010823,fitted,,
4.51,0.08207291718954592,fitted,,
4.515,0.08180797587003798,fitted,,
4.5200000000000005,0.08154381584080894,fitted,,
4.525,0.0812804347978978,fitted,,
4.53,0.0810178304441376,fitted,,
4.535,0.08075600048913549,fitted,,
4.54,0.08049494264925294,fitted,,
4.545,0.08023465464758557,fitted,,
4.55,0.07997513421394352,fitted,,
4.555,0.07971637908483142,fitted,,
4.5600000000000005,0.07945838700342883,fitted,,
4.565,0.07920115571957048,fitted,,
4.57,0.07894468298972665,fitted,,
4.575,0.07868896657698361,fitted,,
4.58,0.07843400425102406,fitted,,
4.585,0.0781797937881078,fitted,,
4.59,0.07792633297105218,fitted,,
4.595,0.07767361958921291,fitted,,
4.6000000000000005,0.07742165143846462,fitted,,
4.605,0.07717042632118187,fitted,,
4.61,0.0769199420462197,fitted,,
4.615,0.07667019642889471,fitted,,
4.62,0.07642118729096595,fitted,,
4.625,0.07617291246061599,fitted,,
4.63,0.07592536977243172,fitted,,
4.635,0.07567855706738588,fitted,,
4.64,0.07543247219281786,fitted,,
4.6450000000000005,0.0751871130024151,fitted,,
4.65,0.07494247735619443,fitted,,
4.655,0.0746985631204832,fitted,,
4.66,0.07445536816790083,fitted,,
4.665,0.07421289037734023,fitted,,
4.67,0.07397112763394924,fitted,,
4.675,0.07373007782911224,fitted,,
4.68,0.07348973886043178,fitted,,
4.6850000000000005,0.07325010863171014,fitted,,
4.69,0.07301118505293121,fitted,,
4.695,0.07277296604024208,fitted,,
4.7,0.07253544951593502,fitted,,
4.705,0.07229863340842921,fitted,,
4.71,0.07206251565225281,fitted,,
4.715,0.07182709418802492,fitted,,
4.72,0.07159236696243747,fitted,,
4.7250000000000005,0.0713583319282375,fitted,,
4.73,0.07112498704420928,fitted,,
4.735,0.0708923302751564,fitted,,
4.74,0.07066035959188406,fitted,,
4.745,0.07042907297118144,fitted,,
4.75,0.07019846839580396,fitted,,
4.755,0.06996854385445575,fitted,,
4.76,0.06973929734177209,fitted,,
4.765,0.06951072685830192,fitted,,
4.7700000000000005,0.06928283041049033,fitted,,
4.775,0.0690556060106614,fitted,,
4.78,0.06882905167700053,fitted,,
4.785,0.06860316543353744,fitted,,
4.79,0.06837794531012875,fitted,,
4.795,0.06815338934244093,fitted,,
4.8,0.0679294955719331,fitted,,
4.805,0.06770626204583996,fitted,,
4.8100000000000005,0.0674836868171546,fitted,,
4.815,0.06726176794461199,fitted,,
4.82,0.06704050349267152,fitted,,
4.825,0.0668198915315003,fitted,,
4.83,0.06659993013695646,fitted,,
4.835,0.06638061739057222,fitted,,
4.84,0.06616195137953723,fitted,,
4.845,0.06594393019668186,fitted,,
4.8500000000000005,0.0657265519404605,fitted,,
4.855,0.06550981471493517,fitted,,
4.86,0.06529371662975876,fitted,,
4.865,0.06507825580015864,fitted,,
4.87,0.06486343034692027,fitted,,
4.875,0.06464923839637071,fitted,,
4.88,0.06443567808036238,fitted,,
4.885,0.06422274753625666,fitted,,
4.89,0.06401044490690774,fitted,,
4.8950000000000005,0.06379876834064632,fitted,,
4.9,0.06358771599126364,fitted,,
4.905,0.06337728601799515,fitted,,
4.91,0.06316747658550463,fitted,,
4.915,0.06295828586386804,fitted,,
4.92,0.06274971202855771,fitted,,
4.925,0.0625417532604263,fitted,,
4.93,0.06233440774569102,fitted,,
4.9350000000000005,0.06212767367591776,fitted,,
4.94,0.061921549248005386,fitted,,
4.945,0.06171603266416989,fitted,,
4.95,0.061511122131928817,fitted,,
4.955,0.061306815864085595,fitted,,
4.96,0.06110311207871394,fitted,,
4.965,0.0609000089991423,fitted,,
4.97,0.06069750485393846,fitted,,
4.9750000000000005,0.060495597876893875,fitted,,
4.98,0.0602942863070086,fitted,,
4.985,0.060093568388475585,fitted,,
4.99,0.05989344237066553,fitted,,
4.995,0.05969390650811164,fitted,,
5.0,0.059494959060494346,fitted,,
5.005,0.05929659829262615,fitted,,
5.01,0.05909882247443639,fitted,,
5.015,0.058901629880956374,fitted,,
5.0200000000000005,0.05870501879230408,fitted,,
5.025,0.05850898749366944,fitted,,
5.03,0.058313534275299034,fitted,,
5.035,0.058118657432481485,fitted,,
5.04,0.057924355265532426,fitted,,
5.045,0.057730626079779745,fitted,,
5.05,0.05753746818554874,fitted,,
5.055,0.05734487989814746,fitted,,
5.0600000000000005,0.05715285953785193,fitted,,
5.065,0.056961405429891615,fitted,,
5.07,0.05677051590443469,fitted,,
5.075,0.056580189296573505,fitted,,
5.08,0.056390423946310164,fitted,,
5.085,0.056201218198541875,fitted,,
5.09,0.05601257040304669,fitted,,
5.095,0.055824478914469,fitted,,
5.1000000000000005,0.0556369420923051,fitted,,
5.105,0.05544995830088929,fitted,,
5.11,0.055263525909379024,fitted,,
5.115,0.0550776432917411,fitted,,
5.12,0.054892308826737346,fitted,,
5.125,0.054707520897910464,fitted,,
5.13,0.054523277893570005,fitted,,
5.135,0.05433957820677822,fitted,,
5.14,0.0541564202353361,fitted,,
5.1450000000000005,0.05397380238176937,fitted,,
5.15,0.05379172305331464,fitted,,
5.155,0.053610180661905385,fitted,,
5.16,0.053429173624158194,fitted,,
5.165,0.05324870036135888,fitted,,
5.17,0.05306875929944881,fitted,,
5.175,0.05288934886901109,fitted,,
5.18,0.05271046750525691,fitted,,
5.1850000000000005,0.052532113648011865,fitted,,
5.19,0.05235428574170248,fitted,,
5.195,0.05217698223534242,fitted,,
5.2,0.05200020158251918,fitted,,
5.205,0.051823942241380386,fitted,,
5.21,0.05164820267462055,fitted,,
5.215,0.05147298134946754,fitted,,
5.22,0.051298276737669256,fitted,,
5.2250000000000005,0.05112408731548026,fitted,,
5.23,0.05095041156364858,fitted,,
5.235,0.050777247967402336,fitted,,
5.24,0.0506045950164366,fitted,,
5.245,0.0504324512049002,fitted,,
5.25,0.050260815031382605,fitted,,
5.255,0.05008968499890084,fitted,,
5.26,0.04991905961488637,fitted,,
5.265,0.04974893739117217,fitted,,
5.2700000000000005,0.04957931684397964,fitted,,
5.275,0.04941019649390579,fitted,,
5.28,0.04924157486591022,fitted,,
5.285,0.04907345048930232,fitted,,
5.29,0.048905821897728435,fitted,,
5.295,0.048738687629159026,fitted,,
5.3,0.048572046225876,fitted,,
5.305,0.04840589623445994,fitted,,
5.3100000000000005,0.04824023620577743,fitted,,
5.315,0.04807506469496849,fitted,,
5.32,0.04791038026143386,fitted,,
5.325,0.04774618146882249,fitted,,
5.33,0.04758246688501903,fitted,,
5.335,0.04741923508213131,fitted,,
5.34,0.047256484636477906,fitted,,
5.345,0.0470942141285757,fitted,,
5.3500000000000005,0.04693242214312751,fitted,,
5.355,0.0467711072690098,fitted,,
5.36,0.04661026809926026,fitted,,
5.365,0.04644990323106563,fitted,,
5.37,0.046290011265749414,fitted,,
5.375,0.046130590808759725,fitted,,
5.38,0.045971640469657064,fitted,,
5.385,0.04581315886210223,fitted,,
5.39,0.04565514460384423,fitted,,
5.3950000000000005,0.045497596316708216,fitted,,
5.4,0.045340512626583486,fitted,,
5.405,0.045183892163411454,fitted,,
5.41,0.04502773356117371,fitted,,
5.415,0.04487203545788017,fitted,,
5.42,0.04471679649555708,fitted,,
5.425,0.0445620153202353,fitted,,
5.43,0.04440769058193841,fitted,,
5.4350000000000005,0.044253820934670916,fitted,,
5.44,0.04410040503640667,fitted,,
5.445,0.04394744154907694,fitted,,
5.45,0.04379492913855889,fitted,,
5.455,0.043642866474663915,fitted,,
5.46,0.04349125223112598,fitted,,
5.465,0.043340085085590174,fitted,,
5.47,0.04318936371960103,fitted,,
5.4750000000000005,0.04303908681859112,fitted,,
5.48,0.04288925307186963,fitted,,
5.485,0.04273986117261079,fitted,,
5.49,0.042590909817842554,fitted,,
5.495,0.042442397708435275,fitted,,
5.5,0.0422943235490903,fitted,,
5.505,0.04214668604832874,fitted,,
5.51,0.04199948391848013,fitted,,
5.515,0.04185271587567126,fitted,,
5.5200000000000005,0.041706380639814966,fitted,,
5.525,0.04156047693459897,fitted,,
5.53,0.04141500348747469,fitted,,
5.535,0.04126995902964622,fitted,,
5.54,0.0411253422960592,fitted,,
5.545,0.04098115202538984,fitted,,
5.55,0.0408373869600339,fitted,,
5.555,0.040694045846095664,fitted,,
5.5600000000000005,0.04055112743337708,fitted,,
5.565,0.040408630475366844,fitted,,
5.57,0.0402665537292295,fitted,,
5.575,0.040124895955794625,fitted,,
5.58,0.039983655919545946,fitted,,
5.585,0.03984283238861069,fitted,,
5.59,0.03970242413474876,fitted,,
5.595,0.03956242993334203,fitted,,
5.6000000000000005,0.039422848563383676,fitted,,
5.605,0.039283678807467554,fitted,,
5.61,0.039144919451777505,fitted,,
5.615,0.039006569286076834,fitted,,
5.62,0.03886862710369774,fitted,,
5.625,0.03873109170153077,fitted,,
5.63,0.03859396188001436,fitted,,
5.635,0.03845723644312435,fitted,,
5.64,0.03832091419836355,fitted,,
5.6450000000000005,0.03818499395675133,fitted,,
5.65,0.03804947453281334,fitted,,
5.655,0.03791435474457101,fitted,,
5.66,0.03777963341353139,fitted,,
5.665,0.03764530936467675,fitted,,
5.67,0.037511381426454465,fitted,,
5.675,0.03737784843076664,fitted,,
5.68,0.03724470921296006,fitted,,
5.6850000000000005,0.03711196261181594,fitted,,
5.69,0.03697960746953993,fitted,,
5.695,0.03684764263175179,fitted,,
5.7,0.03671606694747554,fitted,,
5.705,0.03658487926912928,fitted,,
5.71,0.03645407845251529,fitted,,
5.715,0.036323663356809956,fitted,,
5.72,0.03619363284455386,fitted,,
5.7250000000000005,0.036063985781641855,fitted,,
5.73,0.03593472103731324,fitted,,
5.735,0.03580583748414176,fitted,,
5.74,0.035677333998025876,fitted,,
5.745,0.035549209458178924,fitted,,
5.75,0.03542146274711936,fitted,,
5.755,0.035294092750661,fitted,,
5.76,0.03516709835790332,fitted,,
5.765,0.03504047846122168,fitted,,
5.7700000000000005,0.03491423195625778,fitted,,
5.775,0.03478835774191008,fitted,,
5.78,0.03466285472032392,fitted,,
5.785,0.03453772179688225,fitted,,
5.79,0.03441295788019589,fitted,,
5.795,0.03428856188209413,fitted,,
5.8,0.034164532717615145,fitted,,
5.805,0.03404086930499659,fitted,,
5.8100000000000005,0.03391757056566612,fitted,,
5.815,0.0337946354242321,fitted,,
5.82,0.03367206280847403,fitted,,
5.825,0.03354985164933336,fitted,,
5.83,0.03342800088090409,fitted,,
5.835,0.0333065094404235,fitted,,
5.84,0.03318537626826286,fitted,,
5.845,0.03306460030791819,fitted,,
5.8500000000000005,0.03294418050600105,fitted,,
5.855,0.03282411581222942,fitted,,
5.86,0.03270440517941838,fitted,,
5.865,0.03258504756347118,fitted,,
5.87,0.03246604192336989,fitted,,
5.875,0.03234738722116657,fitted,,
5.88,0.032229082421974066,fitted,,
5.885,0.03211112649395702,fitted,,
5.89,0.03199351840832286,fitted,,
5.8950000000000005,0.03187625713931286,fitted,,
5.9,0.03175934166419317,fitted,,
5.905,0.0316427709632459,fitted,,
5.91,0.03152654401976021,fitted,,
5.915,0.03141065982002346,fitted,,
5.92,0.031295117353312384,fitted,,
5.925,0.031179915611884226,fitted,,
5.93,0.03106505359096802,fitted,,
5.9350000000000005,0.030950530288755725,fitted,,
5.94,0.030836344706393633,fitted,,
5.945,0.030722495847973527,fitted,,
5.95,0.030608982720524022,fitted,,
5.955,0.030495804334001987,fitted,,
5.96,0.030382959701283768,fitted,,
5.965,0.030270447838156717,fitted,,
5.97,0.03015826776331052,fitted,,
5.9750000000000005,0.030046418498328675,fitted,,
5.98,0.029934899067679974,fitted,,
5.985,0.029823708498709946,fitted,,
5.99,0.02971284582163239,fitted,,
5.995,0.02960231006952093,fitted,,
6.0,0.029492100278300605,fitted,,
6.005,0.029382215486739395,fitted,,
6.01,0.02927265473643989,fitted,,
6.015000000000001,0.029163417071830913,fitted,,
6.0200000000000005,0.029054501540159212,fitted,,
6.025,0.028945907191481088,fitted,,
6.03,0.028837633078654175,fitted,,
6.035,0.028729678257329132,fitted,,
6.04,0.028622041785941445,fitted,,
6.045,0.02851472272570319,fitted,,
6.05,0.028407720140594866,fitted,,
6.055,0.028301033097357174,fitted,,
6.0600000000000005,0.028194660665482943,fitted,,
6.065,0.028088601917209036,fitted,,
6.07,0.027982855927508155,fitted,,
6.075,0.027877421774080847,fitted,,
6.08,0.02777229853734746,fitted,,
6.085,0.027667485300440088,fitted,,
6.09,0.02756298114919461,fitted,,
6.095,0.02745878517214268,fitted,,
6.1000000000000005,0.027354896460503812,fitted,,
6.105,0.02725131410817746,fitted,,
6.11,0.027148037211735046,fitted,,
6.115,0.027045064870412167,fitted,,
6.12,0.026942396186100684,fitted,,
6.125,0.02684003026334092,fitted,,
6.13,0.026737966209313804,fitted,,
6.135,0.02663620313383315,fitted,,
6.140000000000001,0.026534740149337828,fitted,,
6.1450000000000005,0.0264335763708841,fitted,,
6.15,0.02633271091613782,fitted,,
6.155,0.02623214290536676,fitted,,
6.16,0.02613187146143297,fitted,,
6.165,0.026031895709785105,fitted,,
6.17,0.025932214778450813,fitted,,
6.175,0.025832827798029097,fitted,,
6.18,0.025733733901682765,fitted,,
6.1850000000000005,0.025634932225130837,fitted,,
6.19,0.02553642190664107,fitted,,
6.195,0.02543820208702237,fitted,,
6.2,0.025340271909617303,fitted,,
6.205,0.025242630520294698,fitted,,
6.21,0.025145277067442115,fitted,,
6.215,0.02504821070195845,fitted,,
6.22,0.024951430577246553,fitted,,
6.2250000000000005,0.02485493584920577,fitted,,
6.23,0.024758725676224703,fitted,,
6.235,0.02466279921917374,fitted,,
6.24,0.02456715564139781,fitted,,
6.245,0.02447179410870908,fitted,,
6.25,0.024376713789379646,fitted,,
6.255,0.024281913854134314,fitted,,
6.26,0.024187393476143362,fitted,,
6.265000000000001,0.024093151831015305,fitted,,
6.2700000000000005,0.023999188096789748,fitted,,
6.275,0.02390550145393016,fitted,,
6.28,0.023812091085316782,fitted,,
6.285,0.023718956176239453,fitted,,
6.29,0.02362609591439053,fitted,,
6.295,0.0235335094898578,fitted,,
6.3,0.023441196095117425,fitted,,
6.305,0.023349154925026882,fitted,,
6.3100000000000005,0.023257385176817937,fitted,,
6.315,0.02316588605008968,fitted,,
6.32,0.023074656746801488,fitted,,
6.325,0.022983696471266114,fitted,,
6.33,0.02289300443014272,fitted,,
6.335,0.022802579832429986,fitted,,
6.34,0.02271242188945913,fitted,,
6.345,0.022622529814887153,fitted,,
6.3500000000000005,0.022532902824689883,fitted,,
6.355,0.022443540137155202,fitted,,
6.36,0.022354440972876175,fitted,,
6.365,0.02226560455474427,fitted,,
6.37,0.022177030107942593,fitted,,
6.375,0.02208871685993912,fitted,,
6.38,0.022000664040479966,fitted,,
6.385,0.021912870881582655,fitted,,
6.390000000000001,0.02182533661752941,fitted,,
6.3950000000000005,0.021738060484860548,fitted,,
6.4,0.021651041722367717,fitted,,
6.405,0.02156427957108732,fitted,,
6.41,0.02147777327429388,fitted,,
6.415,0.02139152207749345,fitted,,
6.42,0.021305525228417013,fitted,,
6.425,0.021219781977013935,fitted,,
6.43,0.02113429157544544,fitted,,
6.4350000000000005,0.021049053278077993,fitted,,
6.44,0.020964066341477006,fitted,,
6.445,0.02087933002440009,fitted,,
6.45,0.020794843587790785,fitted,,
6.455,0.020710606294772022,fitted,,
6.46,0.02062661741063974,fitted,,
6.465,0.020542876202856455,fitted,,
6.47,0.020459381941044862,fitted,,
6.4750000000000005,0.020376133896981494,fitted,,
6.48,0.020293131344590373,fitted,,
6.485,0.020210373559936618,fitted,,
6.49,0.020127859821220194,fitted,,
6.495,0.020045589408769604,fitted,,
6.5,0.019963561605035592,fitted,,
6.505,0.019881775694584894,fitted,,
6.51,0.019800230964094005,fitted,,
6.515000000000001,0.019718926702342942,fitted,,
6.5200000000000005,0.019637862200209084,fitted,,
6.525,0.01955703675066092,fitted,,
6.53,0.019476449648751948,fitted,,
6.535,0.019396100191614443,fitted,,
6.54,0.019315987678453432,fitted,,
6.545,0.01923611141054051,fitted,,
6.55,0.01915647069120776,fitted,,
6.555,0.019077064825841695,fitted,,
6.5600000000000005,0.018997893121877156,fitted,,
6.565,0.01891895488879136,fitted,,
6.57,0.018840249438097763,fitted,,
6.575,0.018761776083340138,fitted,,
6.58,0.018683534140086548,fitted,,
6.585,0.018605522925923407,fitted,,
6.59,0.018527741760449492,fitted,,
6.595,0.018450189965270043,fitted,,
6.6000000000000005,0.0183728668639908,fitted,,
6.605,0.018295771782212204,fitted,,
6.61,0.018218904047523365,fitted,,
6.615,0.018142262989496328,fitted,,
6.62,0.018065847939680156,fitted,,
6.625,0.01798965823159513,fitted,,
6.63,0.017913693200726895,fitted,,
6.635,0.017837952184520733,fitted,,
6.640000000000001,0.017762434522375716,fitted,,
6.6450000000000005,0.01768713955563901,fitted,,
6.65,0.01761206662760007,fitted,,
6.655,0.017537215083484926,fitted,,
6.66,0.0174625842704505,fitted,,
6.665,0.017388173537578898,fitted,,
6.67,0.017313982235871713,fitted,,
6.675,0.017240009718244395,fitted,,
6.68,0.01716625533952059,fitted,,
6.6850000000000005,0.0170927184564265,fitted,,
6.69,0.017019398427585333,fitted,,
6.695,0.01694629461351162,fitted,,
6.7,0.0168734063766057,fitted,,
6.705,0.016800733081148135,fitted,,
6.71,0.016728274093294183,fitted,,
6.715,0.016656028781068262,fitted,,
6.72,0.016583996514358396,fitted,,
6.7250000000000005,0.01651217666491079,fitted,,
6.73,0.01644056860632433,fitted,,
6.735,0.016369171714045085,fitted,,
6.74,0.01629798536536089,fitted,,
6.745,0.016227008939395896,fitted,,
6.75,0.016156241817105187,fitted,,
6.755,0.016085683381269346,fitted,,
6.76,0.016015333016489088,fitted,,
6.765000000000001,0.01594519010917987,fitted,,
6.7700000000000005,0.015875254047566612,fitted,,
6.775,0.015805524221678267,fitted,,
6.78,0.01573600002334255,fitted,,
6.785,0.015666680846180628,fitted,,
6.79,0.015597566085601821,fitted,,
6.795,0.015528655138798364,fitted,,
6.8,0.015459947404740094,fitted,,
6.805,0.015391442284169249,fitted,,
6.8100000000000005,0.015323139179595237,fitted,,
6.815,0.015255037495289395,fitted,,
6.82,0.015187136637279837,fitted,,
6.825,0.015119436013346248,fitted,,
6.83,0.015051935033014704,fitted,,
6.835,0.014984633107552558,fitted,,
6.84,0.01491752964996329,fitted,,
6.845,0.014850624074981372,fitted,,
6.8500000000000005,0.014783915799067158,fitted,,
6.855,0.014717404240401886,fitted,,
6.86,0.014651088818882451,fitted,,
6.865,0.014584968956116478,fitted,,
6.87,0.01451904407541716,fitted,,
6.875,0.014453313601798353,fitted,,
6.88,0.014387776961969481,fitted,,
6.885,0.014322433584330545,fitted,,
6.890000000000001,0.014257282898967147,fitted,,
6.8950000000000005,0.014192324337645557,fitted,,
6.9,0.014127557333807678,fitted,,
6.905,0.01406298132256616,fitted,,
6.91,0.01399859574069946,fitted,,
6.915,0.013934400026646927,fitted,,
6.92,0.013870393620503907,fitted,,
6.925,0.013806575964016864,fitted,,
6.93,0.013742946500578501,fitted,,
6.9350000000000005,0.013679504675222907,fitted,,
6.94,0.013616249934620732,fitted,,
6.945,0.013553181727074336,fitted,,
6.95,0.013490299502513,fitted,,
6.955,0.013427602712488117,fitted,,
6.96,0.0133650908101684,fitted,,
6.965,0.01330276325033513,fitted,,
6.97,0.013240619489377402,fitted,,
6.9750000000000005,0.013178658985287365,fitted,,
6.98,0.0131168811976555,fitted,,
6.985,0.013055285587665923,fitted,,
6.99,0.012993871618091669,fitted,,
6.995,0.012932638753290013,fitted,,
7.0,0.012871586459197788,fitted,,
7.005,0.012810714203326749,fitted,,
7.01,0.012750021454758911,fitted,,
7.015000000000001,0.012689507684141895,fitted,,
7.0200000000000005,0.012629172363684403,fitted,,
7.025,0.012569014967151501,fitted,,
7.03,0.012509034969860076,fitted,,
7.035,0.012449231848674289,fitted,,
7.04,0.01238960508200097,fitted,,
7.045,0.012330154149785083,fitted,,
7.05,0.012270878533505215,fitted,,
7.055,0.012211777716168978,fitted,,
7.0600000000000005,0.012152851182308588,fitted,,
7.065,0.012094098417976363,fitted,,
7.07,0.012035518910740162,fitted,,
7.075,0.011977112149678983,fitted,,
7.08,0.011918877625378483,fitted,,
7.085,0.011860814829926548,fitted,,
7.09,0.011802923256908848,fitted,,
7.095,0.01174520240140443,fitted,,
7.1000000000000005,0.011687651759981314,fitted,,
7.105,0.0116302708306921,fitted,,
7.11,0.011573059113069582,fitted,,
7.115,0.0115160161081224,fitted,,
7.12,0.011459141318330677,fitted,,
7.125,0.011402434247641674,fitted,,
7.13,0.011345894401465481,fitted,,
7.135,0.011289521286670687,fitted,,
7.140000000000001,0.01123331441158007,fitted,,
7.1450000000000005,0.011177273285966377,fitted,,
7.15,0.011121397421047955,fitted,,
7.155,0.011065686329484504,fitted,,
7.16,0.011010139525372886,fitted,,
7.165,0.010954756524242854,fitted,,
7.17,0.01089953684305281,fitted,,
7.175,0.010844480000185609,fitted,,
7.18,0.010789585515444362,fitted,,
7.1850000000000005,0.010734852910048213,fitted,,
7.19,0.01068028170662826,fitted,,
7.195,0.01062587142922325,fitted,,
7.2,0.01057162160327553,fitted,,
7.205,0.01051753175562688,fitted,,
7.21,0.010463601414514384,fitted,,
7.215,0.010409830109566313,fitted,,
7.22,0.010356217371798027,fitted,,
7.2250000000000005,0.010302762733607886,fitted,,
7.23,0.010249465728773163,fitted,,
7.235,0.010196325892445984,fitted,,
7.24,0.010143342761149286,fitted,,
7.245,0.010090515872772748,fitted,,
7.25,0.010037844766568778,fitted,,
7.255,0.009985328983148495,fitted,,
7.26,0.009932968064477712,fitted,,
7.265000000000001,0.009880761553872953,fitted,,
7.2700000000000005,0.00982870899599746,fitted,,
7.275,0.009776809936857228,fitted,,
7.28,0.009725063923797048,fitted,,
7.285,0.009673470505496544,fitted,,
7.29,0.009622029231966249,fitted,,
7.295,0.009570739654543688,fitted,,
7.3,0.009519601325889446,fitted,,
7.305,0.009468613799983278,fitted,,
7.3100000000000005,0.009417776632120196,fitted,,
7.315,0.009367089378906669,fitted,,
7.32,0.009316551598256631,fitted,,
7.325,0.009266162849387732,fitted,,
7.33,0.009215922692817433,fitted,,
7.335,0.009165830690359214,fitted,,
7.34,0.009115886405118692,fitted,,
7.345,0.009066089401489893,fitted,,
7.3500000000000005,0.009016439245151369,fitted,,
7.355,0.008966935503062504,fitted,,
7.36,0.008917577743459644,fitted,,
7.365,0.008868365535852376,fitted,,
7.37,0.008819298451019766,fitted,,
7.375,0.00877037606100663,fitted,,
7.38,0.00872159793911978,fitted,,
7.385,0.008672963659924308,fitted,,
7.390000000000001,0.008624472799239887,fitted,,
7.3950000000000005,0.00857612493413706,fitted,,
7.4,0.008527919642933552,fitted,,
7.405,0.008479856505190602,fitted,,
7.41,0.008431935101709274,fitted,,
7.415,0.008384155014526832,fitted,,
7.42,0.008336515826913065,fitted,,
7.425,0.008289017123366677,fitted,,
7.43,0.008241658489611638,fitted,,
7.4350000000000005,0.00819443951259358,fitted,,
7.44,0.008147359780476253,fitted,,
7.445,0.00810041888263779,fitted,,
7.45,0.008053616409667275,fitted,,
7.455,0.008006951953361097,fitted,,
7.46,0.007960425106719404,fitted,,
7.465,0.007914035463942544,fitted,,
7.47,0.00786778262042755,fitted,,
7.4750000000000005,0.007821666172764573,fitted,,
7.48,0.007775685718733431,fitted,,
7.485,0.007729840857300014,fitted,,
7.49,0.007684131188612839,fitted,,
7.495,0.007638556313999565,fitted,,
7.5,0.007593115835963485,fitted,,
7.505,0.007547809358180092,fitted,,
7.51,0.0075026364854936,fitted,,
7.515000000000001,0.007457596823913507,fitted,,
7.5200000000000005,0.00741268998061116,fitted,,
7.525,0.007367915563916321,fitted,,
7.53,0.007323273183313753,fitted,,
7.535,0.007278762449439825,fitted,,
7.54,0.007234382974079101,fitted,,
7.545,0.007190134370160962,fitted,,
7.55,0.007146016251756232,fitted,,
7.555,0.0071020282340738036,fitted,,
7.5600000000000005,0.0070581699334572885,fitted,,
7.565,0.007014440967381673,fitted,,
7.57,0.006970840954449973,fitted,,
7.575,0.006927369514389917,fitted,,
7.58,0.006884026268050621,fitted,,
7.585,0.0068408108373992915,fitted,,
7.59,0.006797722845517919,fitted,,
7.595,0.006754761916599995,fitted,,
7.6000000000000005,0.006711927675947223,fitted,,
7.605,0.006669219749966298,fitted,,
7.61,0.00662663776616557,fitted,,
7.615,0.006584181353151851,fitted,,
7.62,0.006541850140627166,fitted,,
7.625,0.006499643759385526,fitted,,
7.63,0.00645756184130966,fitted,,
7.635,0.006415604019367888,fitted,,
7.640000000000001,0.006373769927610849,fitted,,
7.6450000000000005,0.006332059201168375,fitted,,
7.65,0.0062904714762462306,fitted,,
7.655,0.006249006390122998,fitted,,
7.66,0.0062076635811468845,fitted,,
7.665,0.006166442688732591,fitted,,
7.67,0.006125343353358145,fitted,,
7.675,0.006084365216561784,fitted,,
7.68,0.006043507920938813,fitted,,
7.6850000000000005,0.006002771110138494,fitted,,
7.69,0.0059621544288609475,fitted,,
7.695,0.005921657522854031,fitted,,
7.7,0.005881280038910272,fitted,,
7.705,0.005841021624863775,fitted,,
7.71,0.005800881929587153,fitted,,
7.715,0.005760860602988463,fitted,,
7.72,0.005720957296008156,fitted,,
7.7250000000000005,0.005681171660616035,fitted,,
7.73,0.005641503349808209,fitted,,
7.735,0.00560195201760408,fitted,,
7.74,0.005562517319043309,fitted,,
7.745,0.005523198910182825,fitted,,
7.75,0.0054839964480938135,fitted,,
7.755,0.005444909590858733,fitted,,
7.76,0.005405937997568324,fitted,,
7.765000000000001,0.0053670813283186285,fitted,,
7.7700000000000005,0.005328339244208079,fitted,,
7.775,0.005289711407334455,fitted,,
7.78,0.005251197480792008,fitted,,
7.785,0.005212797128668482,fitted,,
7.79,0.005174510016042211,fitted,,
7.795,0.005136335808979179,fitted,,
7.8,0.005098274174530116,fitted,,
7.805000000000001,0.005060324780727593,fitted,,
7.8100000000000005,0.005022487296583122,fitted,,
7.815,0.004984761392084277,fitted,,
7.82,0.004947146738191811,fitted,,
7.825,0.004909643006836785,fitted,,
7.83,0.00487224987091771,fitted,,
7.835,0.00483496700429769,fitted,,
7.84,0.004797794081801586,fitted,,
7.845,0.004760730779213169,fitted,,
7.8500000000000005,0.004723776773272298,fitted,,
7.855,0.004686931741672097,fitted,,
7.86,0.004650195363056152,fitted,,
7.865,0.004613567317015703,fitted,,
7.87,0.00457704728408684,fitted,,
7.875,0.004540634945747737,fitted,,
7.88,0.0045043299844158575,fitted,,
7.885,0.004468132083445191,fitted,,
7.890000000000001,0.004432040927123479,fitted,,
7.8950000000000005,0.0043960562006695025,fitted,,
7.9,0.004360177590230281,fitted,,
7.905,0.004324404782878363,fitted,,
7.91,0.004288737466609113,fitted,,
7.915,0.0042531753303379355,fitted,,
7.92,0.004217718063897627,fitted,,
7.925,0.00418236535803564,fitted,,
7.930000000000001,0.004147116904411366,fitted,,
7.9350000000000005,0.0041119723955935095,fitted,,
7.94,0.004076931525057326,fitted,,
7.945,0.0040419939871820035,fitted,,
7.95,0.004007159477247975,fitted,,
7.955,0.003972427691434268,fitted,,
7.96,0.003937798326815857,fitted,,
7.965,0.0039032710813610167,fitted,,
7.97,0.0038688456539286813,fitted,,
7.9750000000000005,0.0038345217442658387,fitted,,
7.98,0.0038002990530048852,fitted,,
7.985,0.0037661772816610355,fitted,,
7.99,0.0037321561326297097,fitted,,
7.995,0.0036982353091839365,fitted,,
8.0,0.003664414515471776,fitted,,
8.005,0.0036306934565137096,fitted,,
8.01,0.0035970718382001415,fitted,,
8.015,0.003563549367288711,fitted,,
8.02,0.0035301257514018525,fitted,,
8.025,0.0034968006990241836,fitted,,
8.03,0.003463573919499979,fitted,,
8.035,0.0034304451230306315,fitted,,
8.040000000000001,0.00339741402067212,fitted,,
8.045,0.0033644803243325274,fitted,,
8.05,0.0033316437467694367,fitted,,
8.055,0.0032989040015875618,fitted,,
8.06,0.0032662608032360853,fitted,,
8.065,0.0032337138670063444,fitted,,
8.07,0.003201262909029178,fitted,,
8.075,0.0031689076462726104,fitted,,
8.08,0.0031366477965392246,fitted,,
8.085,0.0031044830784638447,fitted,,
8.09,0.003072413211510989,fitted,,
8.095,0.003040437915972454,fitted,,
8.1,0.0030085569129648833,fitted,,
8.105,0.002976769924427289,fitted,,
8.11,0.0029450766731187253,fitted,,
8.115,0.002913476882615739,fitted,,
8.120000000000001,0.002881970277310082,fitted,,
8.125,0.002850556582406223,fitted,,
8.13,0.002819235523918988,fitted,,
8.135,0.0027880068286711586,fitted,,
8.14,0.002756870224291103,fitted,,
8.145,0.0027258254392103793,fitted,,
8.15,0.002694872202661387,fitted,,
8.155,0.002664010244674997,fitted,,
8.16,0.0026332392960781922,fitted,,
8.165000000000001,0.0026025590884917165,fitted,,
8.17,0.002571969354327786,fitted,,
8.175,0.002541469826787636,fitted,,
8.18,0.002511060239859352,fitted,,
8.185,0.0024807403283153874,fitted,,
8.19,0.002450509827710409,fitted,,
8.195,0.002420368474378834,fitted,,
8.2,0.0023903160054326803,fitted,,
8.205,0.002360352158759139,fitted,,
8.21,0.002330476673018382,fitted,,
8.215,0.0023006892876412666,fitted,,
8.22,0.002270989742826997,fitted,,
8.225,0.0022413777795409692,fitted,,
8.23,0.0022118531395123892,fitted,,
8.235,0.0021824155652321493,fitted,,
8.24,0.0021530647999504406,fitted,,
8.245000000000001,0.0021238005876746575,fitted,,
8.25,0.002094622673167056,fitted,,
8.255,0.002065530801942576,fitted,,
8.26,0.0020365247202666133,fitted,,
8.265,0.0020076041751528086,fitted,,
8.27,0.001978768914360836,fitted,,
8.275,0.0019500186863942084,fitted,,
8.28,0.0019213532404980856,fitted,,
8.285,0.0018927723266570547,fitted,,
8.290000000000001,0.0018642756955930123,fitted,,
8.295,0.0018358630987629632,fitted,,
8.3,0.0018075342883567998,fitted,,
8.305,0.001779289017295219,fitted,,
8.31,0.0017511270392275308,fitted,,
8.315,0.0017230481085295062,fitted,,
8.32,0.001695051980301246,fitted,,
8.325,0.0016671384103650391,fitted,,
8.33,0.0016393071552632376,fitted,,
8.335,0.001611557972256119,fitted,,
8.34,0.0015838906193198152,fitted,,
8.345,0.001556304855144108,fitted,,
8.35,0.0015288004391304476,fitted,,
8.355,0.0015013771313897271,fitted,,
8.36,0.0014740346927403173,fitted,,
8.365,0.0014467728847058475,fitted,,
8.370000000000001,0.0014195914695132577,fitted,,
8.375,0.0013924902100906234,fitted,,
8.38,0.0013654688700651379,fitted,,
8.385,0.0013385272137610427,fitted,,
8.39,0.0013116650061975373,fitted,,
8.395,0.0012848820130868174,fitted,,
8.4,0.0012581780008319079,fitted,,
8.405,0.00123155273652476,fitted,,
8.41,0.0012050059879440845,fitted,,
8.415000000000001,0.0011785375235534492,fitted,,
8.42,0.0011521471124991758,fitted,,
8.425,0.0011258345246083594,fitted,,
8.43,0.0010995995303868557,fitted,,
8.435,0.0010734419010172812,fitted,,
8.44,0.0010473614083570167,fitted,,
8.445,0.001021357824936217,fitted,,
8.45,0.0009954309239558253,fitted,,
8.455,0.0009695804792855985,fitted,,
8.46,0.0009438062654621212,fitted,,
8.465,0.0009181080576868891,fitted,,
8.47,0.0008924856318242493,fitted,,
8.475,0.0008669387643995725,fitted,,
8.48,0.0008414672325971762,fitted,,
8.485,0.000816070814258503,fitted,,
8.49,0.0007907492878800691,fitted,,
8.495000000000001,0.0007655024326116092,fitted,,
8.5,0.0007403300282541533,fitted,,
8.505,0.0007152318552580226,fitted,,
8.51,0.0006902076947210341,fitted,,
8.515,0.0006652573283864732,fitted,,
8.52,0.0006403805386412994,fitted,,
8.525,0.0006155771085141447,fitted,,
8.53,0.0005908468216735199,fitted,,
8.535,0.0005661894624258302,fitted,,
8.540000000000001,0.0005416048157135898,fitted,,
8.545,0.0005170926671134741,fitted,,
8.55,0.0004926528028344809,fitted,,
8.555,0.0004682850097160584,fitted,,
8.56,0.0004439890752262494,fitted,,
8.565,0.0004197647874598469,fitted,,
8.57,0.0003956119351364983,fitted,,
8.575000000000001,0.00037153030759894123,fitted,,
8.58,0.00034751969481112456,fitted,,
8.585,0.00032357988735632996,fitted,,
8.59,0.00029971067643545096,fitted,,
8.595,0.0002759118538650622,fitted,,
8.6,0.0002521832120756847,fitted,,
8.605,0.00022852454410993497,fitted,,
8.61,0.0002049356436207312,fitted,,
8.615,0.00018141630486949098,fitted,,
8.620000000000001,0.00015796632272433407,fitted,,
8.625,0.0001345854926583217,fitted,,
8.63,0.00011127361074760207,fitted,,
8.635,8.8030473669733e-05,fitted,,
8.64,6.485587870179964e-05,fitted,,
8.645,4.1749623718750906e-05,fitted,,
8.65,1.871150719153728e-05,fitted,,
8.655,-4.258671814549343e-06,fitted,,
8.66,-2.716111364172661e-05,fitted,,
8.665000000000001,-4.999601804137402e-05,fitted,,
8.67,-7.276358417584311e-05,fitted,,
8.675,-9.546401062018525e-05,fitted,,
8.68,-0.00011809749536383259,fitted,,
8.685,-0.00014066423581240908,fitted,,
8.69,-0.00016316442878935335,fitted,,
8.695,-0.0001855982705377436,fitted,,
8.700000000000001,-0.00020796595672190662,fitted,,
8.705,-0.00023026768242919403,fitted,,
8.71,-0.00025250364217165814,fitted,,
8.715,-0.00027467402988774845,fitted,,
8.72,-0.00029677903894400823,fitted,,
8.725,-0.0003188188621367563,fitted,,
8.73,-0.0003407936916937724,fitted,,
8.735,-0.0003627037192759719,fitted,,
8.74,-0.00038454913597907574,fitted,,
8.745000000000001,-0.0004063301323352919,fitted,,
8.75,-0.0004280468983149299,fitted,,
8.755,-0.00044969962332814476,fitted,,
8.76,-0.00047128849622648204,fitted,,
8.765,-0.0004928137053046297,fitted,,
8.77,-0.0005142754383019605,fitted,,
8.775,-0.0005356738824042629,fitted,,
8.78,-0.000557009224245307,fitted,,
8.785,-0.0005782816499084993,fitted,,
8.790000000000001,-0.0005994913449285065,fitted,,
8.795,-0.000620638494292846,fitted,,
8.8,-0.0006417232824435636,fitted,,
8.805,-0.0006627458932787541,fitted,,
8.81,-0.00068370651015426,fitted,,
8.815,-0.0007046053158851701,fitted,,
8.82,-0.0007254424927475205,fitted,,
8.825000000000001,-0.0007462182224797845,fitted,,
8.83,-0.000766932686284528,fitted,,
8.835,-0.0007875860648299598,fitted,,
8.84,-0.0008081785382515125,fitted,,
8.845,-0.0008287102861534159,fitted,,
8.85,-0.0008491814876102587,fitted,,
8.855,-0.0008695923211685533,fitted,,
8.86,-0.000889942964848291,fitted,,
8.865,-0.0009102335961445173,fitted,,
8.870000000000001,-0.0009304643920288302,fitted,,
8.875,-0.0009506355289509508,fitted,,
8.88,-0.0009707471828403012,fitted,,
8.885,-0.0009907995291074684,fitted,,
8.89,-0.0010107927426457807,fitted,,
8.895,-0.0010307269978328199,fitted,,
8.9,-0.0010506024685319392,fitted,,
8.905,-0.0010704193280937852,fitted,,
8.91,-0.001090177749357808,fitted,,
8.915000000000001,-0.0011098779046537733,fitted,,
8.92,-0.0011295199658032358,fitted,,
8.925,-0.0011491041041211073,fitted,,
8.93,-0.0011686304904170554,fitted,,
8.935,-0.0011880992949970907,fitted,,
8.94,-0.0012075106876649616,fitted,,
8.945,-0.0012268648377237231,fitted,,
8.950000000000001,-0.001246161913977131,fitted,,
8.955,-0.001265402084731168,fitted,,
8.96,-0.0012845855177955117,fitted,,
8.965,-0.0013037123804849494,fitted,,
8.97,-0.0013227828396209082,fitted,,
8.975,-0.0013417970615328331,fitted,,
8.98,-0.0013607552120597187,fitted,,
8.985,-0.0013796574565514714,fitted,,
8.99,-0.0013985039598704372,fitted,,
8.995000000000001,-0.001417294886392759,fitted,,
9.0,-0.0014360304000098686,fitted,,
9.005,-0.0014547106641298923,fitted,,
9.01,-0.0014733358416790755,fitted,,
9.015,-0.0014919060951032112,fitted,,
9.02,-0.001510421586369051,fitted,,
9.025,-0.0015288824769657192,fitted,,
9.03,-0.0015472889279061234,fitted,,
9.035,-0.0015656410997283562,fitted,,
9.040000000000001,-0.0015839391524971047,fitted,,
9.045,-0.0016021832458050127,fitted,,
9.05,-0.0016203735387741369,fitted,,
9.055,-0.0016385101900572557,fitted,,
9.06,-0.001656593357839329,fitted,,
9.065,-0.00167462319983882,fitted,,
9.07,-0.0016925998733091007,fitted,,
9.075000000000001,-0.0017105235350398191,fitted,,
9.08,-0.001728394341358244,fitted,,
9.085,-0.0017462124481306823,fitted,,
9.09,-0.0017639780107637643,fitted,,
9.095,-0.00178169118420588,fitted,,
9.1,-0.0017993521229484454,fitted,,
9.105,-0.0018169609810273404,fitted,,
9.11,-0.0018345179120241584,fitted,,
9.115,-0.0018520230690676383,fitted,,
9.120000000000001,-0.0018694766048349193,fitted,,
9.125,-0.001886878671552926,fitted,,
9.13,-0.0019042294209996747,fitted,,
9.135,-0.0019215290045055998,fitted,,
9.14,-0.001938777572954878,fitted,,
9.145,-0.001955975276786731,fitted,,
9.15,-0.0019731222659967705,fitted,,
9.155,-0.001990218690138248,fitted,,
9.16,-0.0020072646983234346,fitted,,
9.165000000000001,-0.002024260439224845,fitted,,
9.17,-0.0020412060610765937,fitted,,
9.175,-0.002058101711675658,fitted,,
9.18,-0.0020749475383831737,fitted,,
9.185,-0.002091743688125723,fitted,,
9.19,-0.00210849030739661,fitted,,
9.195,-0.002125187542257146,fitted,,
9.200000000000001,-0.00214183553833792,fitted,,
9.205,-0.0021584344408400536,fitted,,
9.21,-0.0021749843945365124,fitted,,
9.215,-0.0021914855437733007,fitted,,
9.22,-0.002207938032470798,fitted,,
9.225,-0.0022243420041249346,fitted,,
9.23,-0.0022406976018085212,fitted,,
9.235,-0.0022570049681724224,fitted,,
9.24,-0.0022732642454468717,fitted,,
9.245000000000001,-0.0022894755754426484,fitted,,
9.25,-0.0023056390995523533,fitted,,
9.255,-0.002321754958751648,fitted,,
9.26,-0.0023378232936004384,fitted,,
9.265,-0.0023538442442441604,fitted,,
9.27,-0.0023698179504149444,fitted,,
9.275,-0.002385744551432893,fitted,,
9.28,-0.002401624186207229,fitted,,
9.285,-0.0024174569932375843,fitted,,
9.290000000000001,-0.0024332431106151306,fitted,,
9.295,-0.0024489826760238373,fitted,,
9.3,-0.0024646758267416555,fitted,,
9.305,-0.002480322699641711,fitted,,
9.31,-0.0024959234311935016,fitted,,
9.315,-0.0025114781574640905,fitted,,
9.32,-0.002526987014119288,fitted,,
9.325000000000001,-0.0025424501364248427,fitted,,
9.33,-0.002557867659247596,fitted,,
9.335,-0.0025732397170567124,fitted,,
9.34,-0.0025885664439247785,fitted,,
9.345,-0.00260384797352905,fitted,,
9.35,-0.0026190844391525414,fitted,,
9.355,-0.002634275973685262,fitted,,
9.36,-0.002649422709625317,fitted,,
9.365,-0.002664524779080091,fitted,,
9.370000000000001,-0.0026795823137674016,fitted,,
9.375,-0.002694595445016619,fitted,,
9.38,-0.0027095643037698697,fitted,,
9.385,-0.0027244890205831065,fitted,,
9.39,-0.0027393697256273145,fitted,,
9.395,-0.0027542065486895837,fitted,,
9.4,-0.0027689996191743076,fitted,,
9.405,-0.0027837490661042396,fitted,,
9.41,-0.0027984550181216926,fitted,,
9.415000000000001,-0.002813117603489593,fitted,,
9.42,-0.002827736950092647,fitted,,
9.425,-0.0028423131854384345,fitted,,
9.43,-0.0028568464366585224,fitted,,
9.435,-0.0028713368305095955,fitted,,
9.44,-0.0028857844933745103,fitted,,
9.445,-0.002900189551263468,fitted,,
9.450000000000001,-0.002914552129815045,fitted,,
9.455,-0.0029288723542973353,fitted,,
9.46,-0.002943150349609026,fitted,,
9.465,-0.002957386240280486,fitted,,
9.47,-0.0029715801504748545,fitted,,
9.475,-0.0029857322039891264,fitted,,
9.48,-0.002999842524255226,fitted,,
9.485,-0.0030139112343410893,fitted,,
9.49,-0.0030279384569517334,fitted,,
9.495000000000001,-0.003041924314430332,fitted,,
9.5,-0.0030558689287592663,fitted,,
9.505,-0.0030697724215612253,fitted,,
9.51,-0.0030836349141002122,fitted,,
9.515,-0.0030974565272826665,fitted,,
9.52,-0.003111237381658448,fitted,,
9.525,-0.003124977597421961,fitted,,
9.53,-0.003138677294413133,fitted,,
9.535,-0.0031523365921185204,fitted,,
9.540000000000001,-0.0031659556096723133,fitted,,
9.545,-0.0031795344658573704,fitted,,
9.55,-0.003193073279106301,fitted,,
9.555,-0.00320657216750243,fitted,,
9.56,-0.0032200312487808995,fitted,,
9.565,-0.0032334506403296267,fitted,,
9.57,-0.003246830459190396,fitted,,
9.575000000000001,-0.0032601708220598123,fitted,,
9.58,-0.0032734718452903716,fitted,,
9.585,-0.003286733644891452,fitted,,
9.59,-0.0032999563365303268,fitted,,
9.595,-0.003313140035533179,fitted,,
9.6,-0.003326284856886101,fitted,,
9.605,-0.0033393909152361033,fitted,,
9.61,-0.0033524583248921063,fitted,,
9.615,-0.003365487199825959,fitted,,
9.620000000000001,-0.003378477653673398,fitted,,
9.625,-0.0033914297997350556,fitted,,
9.63,-0.0034043437509774736,fitted,,
9.635,-0.0034172196200340345,fitted,,
9.64,-0.0034300575192060005,fitted,,
9.645,-0.0034428575604634522,fitted,,
9.65,-0.0034556198554462824,fitted,,
9.655,-0.003468344515465168,fitted,,
9.66,-0.0034810316515025376,fitted,,
9.665000000000001,-0.0034936813742135475,fitted,,
9.67,-0.0035062937939270263,fitted,,
9.675,-0.0035188690206464767,fitted,,
9.68,-0.0035314071640509806,fitted,,
9.685,-0.003543908333496216,fitted,,
9.69,-0.0035563726380153484,fitted,,
9.695,-0.003568800186320045,fitted,,
9.700000000000001,-0.003581191086801363,fitted,,
9.705,-0.0035935454475307417,fitted,,
9.71,-0.003605863376260919,fitted,,
9.715,-0.003618144980426877,fitted,,
9.72,-0.0036303903671467954,fitted,,
9.725,-0.0036425996432229452,fitted,,
9.73,-0.0036547729151426766,fitted,,
9.735,-0.0036669102890792846,fitted,,
9.74,-0.003679011870893003,fitted,,
9.745000000000001,-0.0036910777661318603,fitted,,
9.75,-0.0037031080800326516,fitted,,
9.755,-0.0037151029175218325,fitted,,
9.76,-0.0037270623832164392,fitted,,
9.765,-0.003738986581424999,fitted,,
9.77,-0.0037508756161484455,fitted,,
9.775,-0.0037627295910810177,fitted,,
9.78,-0.0037745486096111723,fitted,,
9.785,-0.0037863327748224804,fitted,,
9.790000000000001,-0.0037980821894945307,fitted,,
9.795,-0.0038097969561038123,fitted,,
9.8,-0.003821477176824641,fitted,,
9.805,-0.003833122953530002,fitted,,
9.81,-0.0038447343877924933,fitted,,
9.815,-0.0038563115808851562,fitted,,
9.82,-0.0038678546337824094,fitted,,
9.825000000000001,-0.003879363647160897,fitted,,
9.83,-0.0038908387214003646,fitted,,
9.835,-0.0039022799565845714,fitted,,
9.84,-0.003913687452502109,fitted,,
9.845,-0.003925061308647328,fitted,,
9.85,-0.003936401624221153,fitted,,
9.855,-0.003947708498131999,fitted,,
9.86,-0.003958982028996579,fitted,,
9.865,-0.003970222315140824,fitted,,
9.870000000000001,-0.003981429454600685,fitted,,
9.875,-0.003992603545123026,fitted,,
9.88,-0.00400374468416646,fitted,,
9.885,-0.004014852968902204,fitted,,
9.89,-0.004025928496214921,fitted,,
9.895,-0.004036971362703575,fitted,,
9.9,-0.004047981664682263,fitted,,
9.905,-0.004058959498181058,fitted,,
9.91,-0.004069904958946862,fitted,,
9.915000000000001,-0.004080818142444208,fitted,,
9.92,-0.004091699143856116,fitted,,
9.925,-0.004102548058084932,fitted,,
9.93,-0.004113364979753131,fitted,,
9.935,-0.0041241500032041575,fitted,,
9.94,-0.004134903222503245,fitted,,
9.945,-0.004145624731438235,fitted,,
9.950000000000001,-0.004156314623520402,fitted,,
9.955,-0.004166972991985248,fitted,,
9.96,-0.004177599929793355,fitted,,
9.965,-0.004188195529631145,fitted,,
9.97,-0.004198759883911744,fitted,,
9.975,-0.004209293084775728,fitted,,
9.98,-0.004219795224091991,fitted,,
9.985,-0.00423026639345848,fitted,,
9.99,-0.004240706684203059,fitted,,
9.995000000000001,-0.004251116187384248,fitted,,
10.0,-0.004261494993792055,fitted,,
10.005,-0.0042718431939487555,fitted,,
10.01,-0.004282160878109675,fitted,,
10.015,-0.004292448136263999,fitted,,
10.02,-0.004302705058135521,fitted,,
10.025,-0.0043129317331834695,fitted,,
10.03,-0.0043231282506032385,fitted,,
10.035,-0.0043332946993272226,fitted,,
10.040000000000001,-0.004343431168025533,fitted,,
10.045,-0.004353537745106819,fitted,,
10.05,-0.004363614518719012,fitted,,
10.055,-0.004373661576750106,fitted,,
10.06,-0.004383679006828917,fitted,,
10.065,-0.0043936668963258565,fitted,,
10.07,-0.004403625332353679,fitted,,
10.075000000000001,-0.004413554401768263,fitted,,
10.08,-0.004423454191169337,fitted,,
10.085,-0.004433324786901278,fitted,,
10.09,-0.0044431662750538175,fitted,,
10.095,-0.004452978741462837,fitted,,
10.1,-0.004462762271711073,fitted,,
10.105,-0.004472516951128906,fitted,,
10.11,-0.00448224286479507,fitted,,
10.115,-0.0044919400975374155,fitted,,
10.120000000000001,-0.004501608733933642,fitted,,
10.125,-0.004511248858312028,fitted,,
10.13,-0.004520860554752193,fitted,,
10.135,-0.004530443907085789,fitted,,
10.14,-0.004539998998897279,fitted,,
10.145,-0.004549525913524621,fitted,,
10.15,-0.004559024734060036,fitted,,
10.155,-0.004568495543350693,fitted,,
10.16,-0.004577938423999472,fitted,,
10.165000000000001,-0.004587353458365645,fitted,,
10.17,-0.004596740728565625,fitted,,
10.175,-0.004606100316473665,fitted,,
10.18,-0.004615432303722582,fitted,,
10.185,-0.004624736771704461,fitted,,
10.19,-0.004634013801571366,fitted,,
10.195,-0.0046432634742360635,fitted,,
10.200000000000001,-0.004652485870372697,fitted,,
10.205,-0.004661681070417513,fitted,,
10.21,-0.00467084915456957,fitted,,
10.215,-0.004679990202791414,fitted,,
10.22,-0.004689104294809791,fitted,,
10.225,-0.004698191510116342,fitted,,
10.23,-0.00470725192796829,fitted,,
10.235,-0.004716285627389138,fitted,,
10.24,-0.004725292687169352,fitted,,
10.245000000000001,-0.004734273185867057,fitted,,
10.25,-0.0047432272018087035,fitted,,
10.255,-0.0047521548130897845,fitted,,
10.26,-0.004761056097575473,fitted,,
10.265,-0.004769931132901348,fitted,,
10.27,-0.00477877999647402,fitted,,
10.275,-0.004787602765471861,fitted,,
10.28,-0.004796399516845627,fitted,,
10.285,-0.0048051703273191745,fitted,,
10.290000000000001,-0.004813915273390087,fitted,,
10.295,-0.004822634431330372,fitted,,
10.3,-0.004831327877187125,fitted,,
10.305,-0.004839995686783168,fitted,,
10.31,-0.0048486379357177475,fitted,,
10.315,-0.004857254699367151,fitted,,
10.32,-0.004865846052885411,fitted,,
10.325000000000001,-0.004874412071204919,fitted,,
10.33,-0.004882952829037105,fitted,,
10.335,-0.004891468400873081,fitted,,
10.34,-0.004899958860984287,fitted,,
10.345,-0.004908424283423148,fitted,,
10.35,-0.00491686474202371,fitted,,
10.355,-0.00492528031040229,fitted,,
10.36,-0.004933671061958118,fitted,,
10.365,-0.004942037069873973,fitted,,
10.370000000000001,-0.004950378407116829,fitted,,
10.375,-0.004958695146438474,fitted,,
10.38,-0.004966987360376176,fitted,,
10.385,-0.004975255121253276,fitted,,
10.39,-0.00498349850117986,fitted,,
10.395,-0.004991717572053345,fitted,,
10.4,-0.004999912405559149,fitted,,
10.405,-0.005008083073171285,fitted,,
10.41,-0.0050162296461529945,fitted,,
10.415000000000001,-0.005024352195557376,fitted,,
10.42,-0.005032450792227985,fitted,,
10.425,-0.005040525506799485,fitted,,
10.43,-0.005048576409698222,fitted,,
10.435,-0.005056603571142882,fitted,,
10.44,-0.00506460706114506,fitted,,
10.445,-0.005072586949509915,fitted,,
10.450000000000001,-0.005080543305836736,fitted,,
10.455,-0.005088476199519581,fitted,,
10.46,-0.005096385699747869,fitted,,
10.465,-0.005104271875506982,fitted,,
10.47,-0.005112134795578873,fitted,,
10.475,-0.005119974528542659,fitted,,
10.48,-0.0051277911427752305,fitted,,
10.485,-0.005135584706451827,fitted,,
10.49,-0.0051433552875466615,fitted,,
10.495000000000001,-0.005151102953833484,fitted,,
10.5,-0.005158827772886182,fitted,,
10.505,-0.005166529812079388,fitted,,
10.51,-0.005174209138589042,fitted,,
10.515,-0.00518186581939299,fitted,,
10.52,-0.005189499921271566,fitted,,
10.525,-0.0051971115108081735,fitted,,
10.53,-0.005204700654389867,fitted,,
10.535,-0.005212267418207933,fitted,,
10.540000000000001,-0.005219811868258465,fitted,,
10.545,-0.005227334070342931,fitted,,
10.55,-0.005234834090068773,fitted,,
10.555,-0.0052423119928499415,fitted,,
10.56,-0.005249767843907508,fitted,,
10.565,-0.005257201708270191,fitted,,
10.57,-0.0052646136507749665,fitted,,
10.575000000000001,-0.005272003736067591,fitted,,
10.58,-0.005279372028603196,fitted,,
10.585,-0.005286718592646847,fitted,,
10.59,-0.005294043492274079,fitted,,
10.595,-0.005301346791371494,fitted,,
10.6,-0.005308628553637278,fitted,,
10.605,-0.005315888842581794,fitted,,
10.61,-0.005323127721528102,fitted,,
10.615,-0.005330345253612544,fitted,,
10.620000000000001,-0.005337541501785263,fitted,,
10.625,-0.005344716528810776,fitted,,
10.63,-0.005351870397268508,fitted,,
10.635,-0.005359003169553348,fitted,,
10.64,-0.005366114907876183,fitted,,
10.645,-0.005373205674264445,fitted,,
10.65,-0.005380275530562655,fitted,,
10.655,-0.005387324538432955,fitted,,
10.66,-0.0053943527593556615,fitted,,
10.665000000000001,-0.0054013602546297765,fitted,,
10.67,-0.005408347085373539,fitted,,
10.675,-0.0054153133125249674,fitted,,
10.68,-0.0054222589968423605,fitted,,
10.685,-0.005429184198904863,fitted,,
10.69,-0.005436088979112966,fitted,,
10.695,-0.005442973397689049,fitted,,
10.700000000000001,-0.0054498375146779,fitted,,
10.705,-0.005456681389947232,fitted,,
10.71,-0.005463505083188231,fitted,,
10.715,-0.005470308653916038,fitted,,
10.72,-0.005477092161470307,fitted,,
10.725,-0.005483855665015686,fitted,,
10.73,-0.005490599223542371,fitted,,
10.735,-0.005497322895866581,fitted,,
10.74,-0.00550402674063111,fitted,,
10.745000000000001,-0.005510710816305802,fitted,,
10.75,-0.0055173751811880885,fitted,,
10.755,-0.005524019893403483,fitted,,
10.76,-0.005530645010906093,fitted,,
10.765,-0.0055372505914791275,fitted,,
10.77,-0.005543836692735386,fitted,,
10.775,-0.0055504033721177895,fitted,,
10.78,-0.005556950686899846,fitted,,
10.785,-0.005563478694186186,fitted,,
10.790000000000001,-0.005569987450913029,fitted,,
10.795,-0.005576477013848703,fitted,,
10.8,-0.005582947439594128,fitted,,
10.805,-0.005589398784583311,fitted,,
10.81,-0.005595831105083843,fitted,,
10.815,-0.005602244457197386,fitted,,
10.82,-0.005608638896860158,fitted,,
10.825000000000001,-0.005615014479843435,fitted,,
10.83,-0.005621371261754014,fitted,,
10.835,-0.005627709298034729,fitted,,
10.84,-0.005634028643964901,fitted,,
10.845,-0.005640329354660853,fitted,,
10.85,-0.005646611485076359,fitted,,
10.855,-0.005652875090003152,fitted,,
10.86,-0.005659120224071378,fitted,,
10.865,-0.005665346941750093,fitted,,
10.870000000000001,-0.005671555297347721,fitted,,
10.875,-0.005677745345012534,fitted,,
10.88,-0.0056839171387331345,fitted,,
10.885,-0.005690070732338902,fitted,,
10.89,-0.005696206179500497,fitted,,
10.895,-0.00570232353373029,fitted,,
10.9,-0.005708422848382863,fitted,,
10.905,-0.0057145041766554485,fitted,,
10.91,-0.005720567571588416,fitted,,
10.915000000000001,-0.005726613086065711,fitted,,
10.92,-0.0057326407728153376,fitted,,
10.925,-0.005738650684409806,fitted,,
10.93,-0.005744642873266594,fitted,,
10.935,-0.005750617391648606,fitted,,
10.94,-0.005756574291664627,fitted,,
10.945,-0.005762513625269777,fitted,,
10.950000000000001,-0.005768435444265966,fitted,,
10.955,-0.005774339800302338,fitted,,
10.96,-0.00578022674487574,fitted,,
10.965,-0.005786096329331145,fitted,,
10.97,-0.005791948604862126,fitted,,
10.975,-0.005797783622511285,fitted,,
10.98,-0.005803601433170702,fitted,,
10.985,-0.005809402087582382,fitted,,
10.99,-0.0058151856363386975,fitted,,
10.995000000000001,-0.005820952129882829,fitted,,
11.0,-0.005826701618509195,fitted,,
11.005,-0.005832434152363916,fitted,,
11.01,-0.0058381497814452175,fitted,,
11.015,-0.005843848555603903,fitted,,
11.02,-0.005849530524543751,fitted,,
11.025,-0.005855195737821986,fitted,,
11.03,-0.005860844244849676,fitted,,
11.035,-0.005866476094892194,fitted,,
11.040000000000001,-0.005872091337069622,fitted,,
11.045,-0.0058776900203571965,fitted,,
11.05,-0.00588327219358573,fitted,,
11.055,-0.005888837905442034,fitted,,
11.06,-0.005894387204469354,fitted,,
11.065,-0.005899920139067773,fitted,,
11.07,-0.00590543675749466,fitted,,
11.075000000000001,-0.005910937107865066,fitted,,
11.08,-0.005916421238152158,fitted,,
11.085,-0.005921889196187639,fitted,,
11.09,-0.005927341029662152,fitted,,
11.095,-0.00593277678612571,fitted,,
11.1,-0.005938196512988105,fitted,,
11.105,-0.005943600257519316,fitted,,
11.11,-0.005948988066849933,fitted,,
11.115,-0.005954359987971558,fitted,,
11.120000000000001,-0.005959716067737222,fitted,,
11.125,-0.005965056352861782,fitted,,
11.13,-0.00597038088992235,fitted,,
11.135,-0.005975689725358672,fitted,,
11.14,-0.005980982905473558,fitted,,
11.145,-0.005986260476433267,fitted,,
11.15,-0.005991522484267924,fitted,,
11.155,-0.00599676897487191,fitted,,
11.16,-0.006001999994004269,fitted,,
11.165000000000001,-0.006007215587289107,fitted,,
11.17,-0.006012415800215982,fitted,,
11.175,-0.006017600678140317,fitted,,
11.18,-0.006022770266283775,fitted,,
11.185,-0.006027924609734675,fitted,,
11.19,-0.006033063753448361,fitted,,
11.195,-0.006038187742247621,fitted,,
11.200000000000001,-0.006043296620823056,fitted,,
11.205,-0.006048390433733479,fitted,,
11.21,-0.0060534692254063036,fitted,,
11.215,-0.0060585330401379325,fitted,,
11.22,-0.006063581922094138,fitted,,
11.225,-0.006068615915310455,fitted,,
11.23,-0.00607363506369256,fitted,,
11.235,-0.0060786394110166515,fitted,,
11.24,-0.006083629000929844,fitted,,
11.245000000000001,-0.006088603876950533,fitted,,
11.25,-0.006093564082468779,fitted,,
11.255,-0.006098509660746701,fitted,,
11.26,-0.006103440654918829,fitted,,
11.265,-0.006108357107992501,fitted,,
11.27,-0.006113259062848226,fitted,,
11.275,-0.006118146562240062,fitted,,
11.28,-0.006123019648795991,fitted,,
11.285,-0.006127878365018286,fitted,,
11.290000000000001,-0.006132722753283888,fitted,,
11.295,-0.006137552855844762,fitted,,
11.3,-0.0061423687148282925,fitted,,
11.305,-0.006147170372237615,fitted,,
11.31,-0.006151957869952018,fitted,,
11.315,-0.0061567312497272765,fitted,,
11.32,-0.006161490553196044,fitted,,
11.325000000000001,-0.006166235821868193,fitted,,
11.33,-0.006170967097131193,fitted,,
11.335,-0.006175684420250461,fitted,,
11.34,-0.006180387832369728,fitted,,
11.345,-0.006185077374511397,fitted,,
11.35,-0.006189753087576895,fitted,,
11.355,-0.006194415012347038,fitted,,
11.36,-0.006199063189482379,fitted,,
11.365,-0.006203697659523573,fitted,,
11.370000000000001,-0.0062083184628917145,fitted,,
11.375,-0.0062129256398887065,fitted,,
11.38,-0.006217519230697603,fitted,,
11.385,-0.00622209927538296,fitted,,
11.39,-0.00622666581389119,fitted,,
11.395,-0.006231218886050902,fitted,,
11.4,-0.006235758531573258,fitted,,
11.405,-0.006240284790052313,fitted,,
11.41,-0.006244797700965362,fitted,,
11.415000000000001,-0.006249297303673287,fitted,,
11.42,-0.006253783637420893,fitted,,
11.425,-0.006258256741337263,fitted,,
11.43,-0.0062627166544360815,fitted,,
11.435,-0.006267163415615997,fitted,,
11.44,-0.006271597063660936,fitted,,
11.445,-0.006276017637240465,fitted,,
11.450000000000001,-0.006280425174910115,fitted,,
11.455,-0.006284819715111711,fitted,,
11.46,-0.00628920129617373,fitted,,
11.465,-0.006293569956311609,fitted,,
11.47,-0.0062979257336281,fitted,,
11.475,-0.006302268666113588,fitted,,
11.48,-0.006306598791646431,fitted,,
11.485,-0.006310916147993281,fitted,,
11.49,-0.0063152207728094266,fitted,,
11.495000000000001,-0.006319512703639108,fitted,,
11.5,-0.006323791977915854,fitted,,
11.505,-0.006328058632962803,fitted,,
11.51,-0.006332312705993033,fitted,,
11.515,-0.00633655423410988,fitted,,
11.52,-0.006340783254307268,fitted,,
11.525,-0.0063449998034700306,fitted,,
11.53,-0.006349203918374225,fitted,,
11.535,-0.0063533956356874675,fitted,,
11.540000000000001,-0.006357574991969237,fitted,,
11.545,-0.0063617420236712005,fitted,,
11.55,-0.006365896767137541,fitted,,
11.555,-0.006370039258605259,fitted,,
11.56,-0.006374169534204495,fitted,,
11.565,-0.006378287629958846,fitted,,
11.57,-0.006382393581785679,fitted,,
11.575000000000001,-0.006386487425496444,fitted,,
11.58,-0.006390569196796981,fitted,,
11.585,-0.006394638931287845,fitted,,
11.59,-0.0063986966644645985,fitted,,
11.595,-0.00640274243171814,fitted,,
11.6,-0.0064067762683349926,fitted,,
11.605,-0.006410798209497633,fitted,,
11.61,-0.00641480829028478,fitted,,
11.615,-0.006418806545671713,fitted,,
11.620000000000001,-0.006422793010530566,fitted,,
11.625,-0.006426767719630644,fitted,,
11.63,-0.00643073070763872,fitted,,
11.635,-0.006434682009119332,fitted,,
11.64,-0.0064386216585350965,fitted,,
11.645,-0.006442549690246996,fitted,,
11.65,-0.006446466138514694,fitted,,
11.655,-0.0064503710374968146,fitted,,
11.66,-0.006454264421251261,fitted,,
11.665000000000001,-0.006458146323735494,fitted,,
11.67,-0.006462016778806842,fitted,,
11.675,-0.006465875820222788,fitted,,
11.68,-0.00646972348164127,fitted,,
11.685,-0.006473559796620968,fitted,,
11.69,-0.006477384798621603,fitted,,
11.695,-0.006481198521004224,fitted,,
11.700000000000001,-0.006485000997031503,fitted,,
11.705,-0.006488792259868019,fitted,,
11.71,-0.006492572342580559,fitted,,
11.715,-0.006496341278138388,fitted,,
11.72,-0.00650009909941356,fitted,,
11.725,-0.0065038458391811806,fitted,,
11.73,-0.006507581530119711,fitted,,
11.735,-0.006511306204811245,fitted,,
11.74,-0.006515019895741792,fitted,,
11.745000000000001,-0.006518722635301568,fitted,,
11.75,-0.0065224144557852635,fitted,,
11.755,-0.006526095389392347,fitted,,
11.76,-0.006529765468227323,fitted,,
11.765,-0.006533424724300031,fitted,,
11.77,-0.006537073189525905,fitted,,
11.775,-0.006540710895726276,fitted,,
11.78,-0.0065443378746286255,fitted,,
11.785,-0.006547954157866883,fitted,,
11.790000000000001,-0.006551559776981681,fitted,,
11.795,-0.00655515476342065,fitted,,
11.8,-0.006558739148538682,fitted,,
11.805,-0.006562312963598204,fitted,,
11.81,-0.006565876239769456,fitted,,
11.815,-0.006569429008130753,fitted,,
11.82,-0.006572971299668773,fitted,,
11.825000000000001,-0.006576503145278807,fitted,,
11.83,-0.006580024575765042,fitted,,
11.835,-0.006583535621840828,fitted,,
11.84,-0.00658703631412894,fitted,,
11.845,-0.006590526683161852,fitted,,
11.85,-0.0065940067593819995,fitted,,
11.855,-0.006597476573142045,fitted,,
11.86,-0.006600936154705143,fitted,,
11.865,-0.006604385534245207,fitted,,
11.870000000000001,-0.006607824741847168,fitted,,
11.875,-0.006611253807507237,fitted,,
11.88,-0.006614672761133175,fitted,,
11.885,-0.006618081632544539,fitted,,
11.89,-0.0066214804514729605,fitted,,
11.895,-0.006624869247562384,fitted,,
11.9,-0.006628248050369346,fitted,,
11.905,-0.006631616889363215,fitted,,
11.91,-0.006634975793926464,fitted,,
11.915000000000001,-0.006638324793354916,fitted,,
11.92,-0.006641663916858001,fitted,,
11.925,-0.006644993193559018,fitted,,
11.93,-0.006648312652495378,fitted,,
11.935,-0.006651622322618869,fitted,,
11.94,-0.006654922232795896,fitted,,
11.945,-0.006658212411807746,fitted,,
11.950000000000001,-0.006661492888350827,fitted,,
11.955,-0.006664763691036926,fitted,,
11.96,-0.006668024848393457,fitted,,
11.965,-0.006671276388863706,fitted,,
11.97,-0.006674518340807086,fitted,,
11.975,-0.006677750732499377,fitted,,
11.98,-0.006680973592132978,fitted,,
11.985,-0.006684186947817149,fitted,,
11.99,-0.0066873908275782625,fitted,,
11.995000000000001,-0.006690585259360039,fitted,,
12.0,-0.0066937702710237945,fitted,,
12.005,-0.006696945890348691,fitted,,
12.01,-0.0067001121450319615,fitted,,
12.015,-0.006703269062689174,fitted,,
12.02,-0.006706416670854451,fitted,,
12.025,-0.006709554996980724,fitted,,
12.030000000000001,-0.006712684068439967,fitted,,
12.035,-0.006715803912523435,fitted,,
12.040000000000001,-0.006718914556441906,fitted,,
12.045,-0.0067220160273259106,fitted,,
12.05,-0.0067251083522259815,fitted,,
12.055,-0.006728191558112873,fitted,,
12.06,-0.006731265671877814,fitted,,
12.065,-0.006734330720332723,fitted,,
12.07,-0.006737386730210462,fitted,,
12.075000000000001,-0.006740433728165053,fitted,,
12.08,-0.006743471740771921,fitted,,
12.085,-0.006746500794528123,fitted,,
12.09,-0.006749520915852574,fitted,,
12.095,-0.006752532131086285,fitted,,
12.1,-0.006755534466492591,fitted,,
12.105,-0.0067585279482573766,fitted,,
12.11,-0.006761512602489303,fitted,,
12.115,-0.006764488455220047,fitted,,
12.120000000000001,-0.006767455532404513,fitted,,
12.125,-0.00677041385992107,fitted,,
12.13,-0.006773363463571772,fitted,,
12.135,-0.006776304369082588,fitted,,
12.14,-0.006779236602103618,fitted,,
12.145,-0.006782160188209326,fitted,,
12.15,-0.006785075152898759,fitted,,
12.155000000000001,-0.0067879815215957685,fitted,,
12.16,-0.006790879319649231,fitted,,
12.165000000000001,-0.006793768572333276,fitted,,
12.17,-0.006796649304847495,fitted,,
12.175,-0.006799521542317177,fitted,,
12.18,-0.006802385309793508,fitted,,
12.185,-0.006805240632253811,fitted,,
12.19,-0.006808087534601741,fitted,,
12.195,-0.006810926041667528,fitted,,
12.200000000000001,-0.006813756178208167,fitted,,
12.205,-0.006816577968907653,fitted,,
12.21,-0.006819391438377191,fitted,,
12.215,-0.006822196611155404,fitted,,
12.22,-0.00682499351170856,fitted,,
12.225,-0.0068277821644307695,fitted,,
12.23,-0.0068305625936442155,fitted,,
12.235,-0.00683333482359935,fitted,,
12.24,-0.006836098878475117,fitted,,
12.245000000000001,-0.006838854782379155,fitted,,
12.25,-0.006841602559348014,fitted,,
12.255,-0.00684434223334736,fitted,,
12.26,-0.006847073828272189,fitted,,
12.265,-0.006849797367947029,fitted,,
12.27,-0.006852512876126154,fitted,,
12.275,-0.006855220376493789,fitted,,
12.280000000000001,-0.0068579198926643145,fitted,,
12.285,-0.006860611448182472,fitted,,
12.290000000000001,-0.0068632950665235785,fitted,,
12.295,-0.0068659707710937165,fitted,,
12.3,-0.006868638585229951,fitted,,
12.305,-0.0068712985322005255,fitted,,
12.31,-0.006873950635205068,fitted,,
12.315,-0.006876594917374793,fitted,,
12.32,-0.006879231401772702,fitted,,
12.325000000000001,-0.006881860111393788,fitted,,
12.33,-0.0068844810691652296,fitted,,
12.335,-0.0068870942979465995,fitted,,
12.34,-0.006889699820530054,fitted,,
12.345,-0.006892297659640544,fitted,,
12.35,-0.006894887837935999,fitted,,
12.355,-0.0068974703780075395,fitted,,
12.36,-0.006900045302379661,fitted,,
12.365,-0.006902612633510439,fitted,,
12.370000000000001,-0.006905172393791721,fitted,,
12.375,-0.006907724605549322,fitted,,
12.38,-0.006910269291043221,fitted,,
12.385,-0.006912806472467755,fitted,,
12.39,-0.00691533617195181,fitted,,
12.395,-0.006917858411559016,fitted,,
12.4,-0.006920373213287942,fitted,,
12.405000000000001,-0.006922880599072279,fitted,,
12.41,-0.006925380590781044,fitted,,
12.415000000000001,-0.006927873210218758,fitted,,
12.42,-0.006930358479125649,fitted,,
12.425,-0.006932836419177829,fitted,,
12.43,-0.006935307051987491,fitted,,
12.435,-0.006937770399103095,fitted,,
12.44,-0.006940226482009558,fitted,,
12.445,-0.006942675322128438,fitted,,
12.450000000000001,-0.006945116940818124,fitted,,
12.455,-0.006947551359374018,fitted,,
12.46,-0.006949978599028728,fitted,,
12.465,-0.006952398680952244,fitted,,
12.47,-0.006954811626252132,fitted,,
12.475,-0.006957217455973708,fitted,,
12.48,-0.006959616191100235,fitted,,
12.485,-0.006962007852553089,fitted,,
12.49,-0.0069643924611919586,fitted,,
12.495000000000001,-0.006966770037815014,fitted,,
12.5,-0.0069691406031590925,fitted,,
12.505,-0.006971504177899886,fitted,,
12.51,-0.006973860782652108,fitted,,
12.515,-0.006976210437969689,fitted,,
12.52,-0.006978553164345939,fitted,,
12.525,-0.006980888982213743,fitted,,
12.530000000000001,-0.006983217911945724,fitted,,
12.535,-0.006985539973854432,fitted,,
12.540000000000001,-0.006987855188192517,fitted,,
12.545,-0.006990163575152904,fitted,,
12.55,-0.0069924651548689725,fitted,,
12.555,-0.006994759947414727,fitted,,
12.56,-0.006997047972804979,fitted,,
12.565,-0.0069993292509955155,fitted,,
12.57,-0.007001603801883279,fitted,,
12.575000000000001,-0.007003871645306532,fitted,,
12.58,-0.00700613280104504,fitted,,
12.585,-0.00700838728882024,fitted,,
12.59,-0.007010635128295406,fitted,,
12.595,-0.007012876339075835,fitted,,
12.6,-0.0070151109407090035,fitted,,
12.605,-0.007017338952684748,fitted,,
12.61,-0.007019560394435426,fitted,,
12.615,-0.007021775285336098,fitted,,
12.620000000000001,-0.007023983644704682,fitted,,
12.625,-0.007026185491802131,fitted,,
12.63,-0.0070283808458326035,fitted,,
12.635,-0.007030569725943618,fitted,,
12.64,-0.007032752151226239,fitted,,
12.645,-0.007034928140715222,fitted,,
12.65,-0.0070370977133892,fitted,,
12.655000000000001,-0.007039260888170833,fitted,,
12.66,-0.007041417683926984,fitted,,
12.665000000000001,-0.007043568119468877,fitted,,
12.67,-0.007045712213552262,fitted,,
12.675,-0.007047849984877583,fitted,,
12.68,-0.007049981452090136,fitted,,
12.685,-0.007052106633780234,fitted,,
12.69,-0.007054225548483367,fitted,,
12.695,-0.00705633821468037,fitted,,
12.700000000000001,-0.007058444650797574,fitted,,
12.705,-0.007060544875206975,fitted,,
12.71,-0.007062638906226392,fitted,,
12.715,-0.007064726762119625,fitted,,
12.72,-0.007066808461096616,fitted,,
12.725,-0.007068884021313607,fitted,,
12.73,-0.0070709534608733,fitted,,
12.735,-0.007073016797825012,fitted,,
12.74,-0.007075074050164835,fitted,,
12.745000000000001,-0.007077125235835792,fitted,,
12.75,-0.007079170372727992,fitted,,
12.755,-0.00708120947867879,fitted,,
12.76,-0.0070832425714729376,fitted,,
12.765,-0.007085269668842744,fitted,,
12.77,-0.007087290788468223,fitted,,
12.775,-0.0070893059479772555,fitted,,
12.780000000000001,-0.007091315164945737,fitted,,
12.785,-0.007093318456897731,fitted,,
12.790000000000001,-0.007095315841305631,fitted,,
12.795,-0.007097307335590296,fitted,,
12.8,-0.007099292957121222,fitted,,
12.805,-0.007101272723216676,fitted,,
12.81,-0.007103246651143862,fitted,,
12.815,-0.007105214758119056,fitted,,
12.82,-0.007107177061307774,fitted,,
12.825000000000001,-0.007109133577824904,fitted,,
12.83,-0.007111084324734869,fitted,,
12.835,-0.007113029319051769,fitted,,
12.84,-0.007114968577739529,fitted,,
12.845,-0.00711690211771205,fitted,,
12.85,-0.007118829955833357,fitted,,
12.855,-0.007120752108917741,fitted,,
12.86,-0.007122668593729912,fitted,,
12.865,-0.0071245794269851415,fitted,,
12.870000000000001,-0.007126484625349408,fitted,,
12.875,-0.007128384205439544,fitted,,
12.88,-0.00713027818382338,fitted,,
12.885,-0.007132166577019889,fitted,,
12.89,-0.007134049401499334,fitted,,
12.895,-0.007135926673683403,fitted,,
12.9,-0.007137798409945364,fitted,,
12.905000000000001,-0.007139664626610197,fitted,,
12.91,-0.0071415253399547424,fitted,,
12.915000000000001,-0.007143380566207841,fitted,,
12.92,-0.007145230321550477,fitted,,
12.925,-0.007147074622115919,fitted,,
12.93,-0.007148913483989857,fitted,,
12.935,-0.007150746923210549,fitted,,
12.94,-0.007152574955768954,fitted,,
12.945,-0.007154397597608879,fitted,,
12.950000000000001,-0.00715621486462711,fitted,,
12.955,-0.007158026772673556,fitted,,
12.96,-0.007159833337551389,fitted,,
12.965,-0.007161634575017174,fitted,,
12.97,-0.007163430500781015,fitted,,
12.975,-0.007165221130506684,fitted,,
12.98,-0.007167006479811768,fitted,,
12.985,-0.007168786564267791,fitted,,
12.99,-0.007170561399400367,fitted,,
12.995000000000001,-0.007172331000689318,fitted,,
13.0,-0.007174095383568822,fitted,,
13.005,-0.0071758545634275405,fitted,,
13.01,-0.007177608555608757,fitted,,
13.015,-0.007179357375410509,fitted,,
13.02,-0.007181101038085719,fitted,,
13.025,-0.0071828395588423325,fitted,,
13.030000000000001,-0.007184572952843446,fitted,,
13.035,-0.007186301235207441,fitted,,
13.040000000000001,-0.00718802442100812,fitted,,
13.045,-0.0071897425252748295,fitted,,
13.05,-0.007191455562992598,fitted,,
13.055,-0.0071931635491022635,fitted,,
13.06,-0.007194866498500605,fitted,,
13.065,-0.007196564426040473,fitted,,
13.07,-0.007198257346530916,fitted,,
13.075000000000001,-0.0071999452747373155,fitted,,
13.08,-0.007201628225381506,fitted,,
13.085,-0.0072033062131419134,fitted,,
13.09,-0.007204979252653674,fitted,,
13.095,-0.007206647358508771,fitted,,
13.1,-0.007208310545256152,fitted,,
13.105,-0.007209968827401865,fitted,,
13.11,-0.007211622219409176,fitted,,
13.115,-0.007213270735698708,fitted,,
13.120000000000001,-0.007214914390648549,fitted,,
13.125,-0.007216553198594396,fitted,,
13.13,-0.007218187173829664,fitted,,
13.135,-0.007219816330605624,fitted,,
13.14,-0.0072214406831315175,fitted,,
13.145,-0.007223060245574683,fitted,,
13.15,-0.0072246750320606856,fitted,,
13.155000000000001,-0.007226285056673431,fitted,,
13.16,-0.007227890333455293,fitted,,
13.165000000000001,-0.0072294908764072375,fitted,,
13.17,-0.007231086699488942,fitted,,
13.175,-0.0072326778166189164,fitted,,
13.18,-0.00723426424167463,fitted,,
13.185,-0.007235845988492622,fitted,,
13.19,-0.007237423070868637,fitted,,
13.195,-0.00723899550255773,fitted,,
13.200000000000001,-0.007240563297274398,fitted,,
13.205,-0.007242126468692691,fitted,,
13.21,-0.007243685030446341,fitted,,
13.215,-0.007245238996128869,fitted,,
13.22,-0.007246788379293715,fitted,,
13.225,-0.007248333193454346,fitted,,
13.23,-0.007249873452084386,fitted,,
13.235,-0.007251409168617717,fitted,,
13.24,-0.007252940356448616,fitted,,
13.245000000000001,-0.007254467028931851,fitted,,
13.25,-0.007255989199382816,fitted,,
13.255,-0.007257506881077636,fitted,,
13.26,-0.007259020087253282,fitted,,
13.265,-0.0072605288311077,fitted,,
13.27,-0.0072620331257999046,fitted,,
13.275,-0.007263532984450115,fitted,,
13.280000000000001,-0.007265028420139854,fitted,,
13.285,-0.007266519445912071,fitted,,
13.290000000000001,-0.007268006074771252,fitted,,
13.295,-0.007269488319683534,fitted,,
13.3,-0.007270966193576818,fitted,,
13.305,-0.007272439709340881,fitted,,
13.31,-0.0072739088798274894,fitted,,
13.315,-0.007275373717850512,fitted,,
13.32,-0.007276834236186028,fitted,,
13.325000000000001,-0.007278290447572444,fitted,,
13.33,-0.007279742364710599,fitted,,
13.335,-0.0072811900002638826,fitted,,
13.34,-0.007282633366858335,fitted,,
13.345,-0.007284072477082768,fitted,,
13.35,-0.007285507343488869,fitted,,
13.355,-0.0072869379785913116,fitted,,
13.36,-0.007288364394867863,fitted,,
13.365,-0.0072897866047594954,fitted,,
13.370000000000001,-0.007291204620670496,fitted,,
13.375,-0.007292618454968568,fitted,,
13.38,-0.0072940281199849475,fitted,,
13.385,-0.007295433628014504,fitted,,
13.39,-0.0072968349913158535,fitted,,
13.395,-0.007298232222111458,fitted,,
13.4,-0.007299625332587741,fitted,,
13.405000000000001,-0.007301014334895185,fitted,,
13.41,-0.007302399241148446,fitted,,
13.415000000000001,-0.007303780063426452,fitted,,
13.42,-0.007305156813772511,fitted,,
13.425,-0.007306529504194419,fitted,,
13.43,-0.007307898146664557,fitted,,
13.435,-0.007309262753120009,fitted,,
13.44,-0.007310623335462647,fitted,,
13.445,-0.007311979905559254,fitted,,
13.450000000000001,-0.007313332475241612,fitted,,
13.455,-0.007314681056306619,fitted,,
13.46,-0.007316025660516379,fitted,,
13.465,-0.007317366299598313,fitted,,
13.47,-0.007318702985245259,fitted,,
13.475,-0.007320035729115574,fitted,,
13.48,-0.007321364542833234,fitted,,
13.485,-0.007322689437987938,fitted,,
13.49,-0.007324010426135208,fitted,,
13.495000000000001,-0.007325327518796488,fitted,,
13.5,-0.007326640727459248,fitted,,
13.505,-0.0073279500635770834,fitted,,
13.51,-0.007329255538569811,fitted,,
13.515,-0.007330557163823573,fitted,,
13.52,-0.007331854950690935,fitted,,
13.525,-0.007333148910490985,fitted,,
13.530000000000001,-0.007334439054509431,fitted,,
13.535,-0.0073357253939986995,fitted,,
13.540000000000001,-0.007337007940178037,fitted,,
13.545,-0.007338286704233606,fitted,,
13.55,-0.0073395616973185775,fitted,,
13.555,-0.007340832930553235,fitted,,
13.56,-0.007342100415025072,fitted,,
13.565,-0.0073433641617888816,fitted,,
13.57,-0.00734462418186686,fitted,,
13.575000000000001,-0.007345880486248699,fitted,,
13.58,-0.0073471330858916805,fitted,,
13.585,-0.0073483819917207795,fitted,,
13.59,-0.007349627214628748,fitted,,
13.595,-0.007350868765476221,fitted,,
13.6,-0.0073521066550918035,fitted,,
13.605,-0.00735334089427217,fitted,,
13.61,-0.007354571493782154,fitted,,
13.615,-0.0073557984643548464,fitted,,
13.620000000000001,-0.0073570218166916865,fitted,,
13.625,-0.007358241561462556,fitted,,
13.63,-0.007359457709305872,fitted,,
13.635,-0.007360670270828679,fitted,,
13.64,-0.007361879256606743,fitted,,
13.645,-0.007363084677184642,fitted,,
13.65,-0.007364286543075862,fitted,,
13.655000000000001,-0.007365484864762882,fitted,,
13.66,-0.007366679652697269,fitted,,
13.665000000000001,-0.007367870917299771,fitted,,
13.67,-0.0073690586689604065,fitted,,
13.675,-0.007370242918038554,fitted,,
13.68,-0.007371423674863041,fitted,,
13.685,-0.007372600949732239,fitted,,
13.69,-0.007373774752914149,fitted,,
13.695,-0.007374945094646493,fitted,,
13.700000000000001,-0.007376111985136803,fitted,,
13.705,-0.007377275434562508,fitted,,
13.71,-0.007378435453071029,fitted,,
13.715,-0.007379592050779856,fitted,,
13.72,-0.007380745237776651,fitted,,
13.725,-0.007381895024119323,fitted,,
13.73,-0.007383041419836122,fitted,,
13.735,-0.00738418443492573,fitted,,
13.74,-0.007385324079357336,fitted,,
13.745000000000001,-0.007386460363070738,fitted,,
13.75,-0.007387593295976416,fitted,,
13.755,-0.00738872288795563,fitted,,
13.76,-0.007389849148860497,fitted,,
13.765,-0.007390972088514086,fitted,,
13.77,-0.007392091716710492,fitted,,
13.775,-0.0073932080432149334,fitted,,
13.780000000000001,-0.007394321077763829,fitted,,
13.785,-0.007395430830064886,fitted,,
13.790000000000001,-0.007396537309797185,fitted,,
13.795,-0.007397640526611265,fitted,,
13.8,-0.007398740490129202,fitted,,
13.805,-0.0073998372099447025,fitted,,
13.81,-0.00740093069562318,fitted,,
13.815,-0.007402020956701838,fitted,,
13.82,-0.007403108002689759,fitted,,
13.825000000000001,-0.007404191843067983,fitted,,
13.83,-0.007405272487289589,fitted,,
13.835,-0.007406349944779782,fitted,,
13.84,-0.007407424224935974,fitted,,
13.845,-0.0074084953371278605,fitted,,
13.85,-0.007409563290697512,fitted,,
13.855,-0.007410628094959445,fitted,,
13.86,-0.00741168975920071,fitted,,
13.865,-0.007412748292680972,fitted,,
13.870000000000001,-0.00741380370463259,fitted,,
13.875,-0.007414856004260694,fitted,,
13.88,-0.007415905200743275,fitted,,
13.885,-0.007416951303231252,fitted,,
13.89,-0.0074179943208485645,fitted,,
13.895,-0.007419034262692242,fitted,,
13.9,-0.0074200711378324905,fitted,,
13.905000000000001,-0.007421104955312767,fitted,,
13.91,-0.00742213572414986,fitted,,
13.915000000000001,-0.00742316345333397,fitted,,
13.92,-0.007424188151828785,fitted,,
13.925,-0.007425209828571559,fitted,,
13.93,-0.0074262284924731916,fitted,,
13.935,-0.007427244152418306,fitted,,
13.94,-0.0074282568172653225,fitted,,
13.945,-0.007429266495846543,fitted,,
13.950000000000001,-0.007430273196968218,fitted,,
13.955,-0.007431276929410634,fitted,,
13.96,-0.007432277701928182,fitted,,
13.965,-0.007433275523249442,fitted,,
13.97,-0.0074342704020772445,fitted,,
13.975,-0.007435262347088767,fitted,,
13.98,-0.007436251366935591,fitted,,
13.985,-0.007437237470243789,fitted,,
13.99,-0.007438220665613995,fitted,,
13.995000000000001,-0.00743920096162148,fitted,,
14.0,-0.007440178366816227,fitted,,
14.005,-0.0074411528897230066,fitted,,
14.01,-0.00744212453884145,fitted,,
14.015,-0.0074430933226461255,fitted,,
14.02,-0.007444059249586607,fitted,,
14.025,-0.0074450223280875544,fitted,,
14.030000000000001,-0.007445982566548782,fitted,,
14.035,-0.007446939973345335,fitted,,
14.040000000000001,-0.007447894556827562,fitted,,
14.045,-0.007448846325321185,fitted,,
14.05,-0.007449795287127375,fitted,,
14.055,-0.007450741450522823,fitted,,
14.06,-0.007451684823759816,fitted,,
14.065,-0.0074526254150663,fitted,,
14.07,-0.007453563232645962,fitted,,
14.075000000000001,-0.007454498284678295,fitted,,
14.08,-0.007455430579318673,fitted,,
14.085,-0.007456360124698418,fitted,,
14.09,-0.007457286928924875,fitted,,
14.095,-0.007458211000081481,fitted,,
14.1,-0.007459132346227836,fitted,,
14.105,-0.0074600509753997716,fitted,,
14.11,-0.007460966895609422,fitted,,
14.115,-0.007461880114845298,fitted,,
14.120000000000001,-0.007462790641072349,fitted,,
14.125,-0.007463698482232038,fitted,,
14.13,-0.007464603646242408,fitted,,
14.135,-0.0074655061409981535,fitted,,
14.14,-0.00746640597437069,fitted,,
14.145,-0.007467303154208216,fitted,,
14.15,-0.007468197688335792,fitted,,
14.155000000000001,-0.007469089584555399,fitted,,
14.16,-0.007469978850646011,fitted,,
14.165000000000001,-0.007470865494363664,fitted,,
14.17,-0.007471749523441521,fitted,,
14.175,-0.0074726309455899415,fitted,,
14.18,-0.007473509768496547,fitted,,
14.185,-0.0074743859998262895,fitted,,
14.19,-0.007475259647221516,fitted,,
14.195,-0.007476130718302038,fitted,,
14.200000000000001,-0.007476999220665198,fitted,,
14.205,-0.007477865161885932,fitted,,
14.21,-0.007478728549516841,fitted,,
14.215,-0.007479589391088251,fitted,,
14.22,-0.007480447694108285,fitted,,
14.225,-0.007481303466062922,fitted,,
14.23,-0.007482156714416067,fitted,,
14.235,-0.007483007446609615,fitted,,
14.24,-0.0074838556700635136,fitted,,
14.245000000000001,-0.0074847013921758325,fitted,,
14.25,-0.007485544620322821,fitted,,
14.255,-0.007486385361858982,fitted,,
14.26,-0.007487223624117125,fitted,,
14.265,-0.007488059414408438,fitted,,
14.27,-0.007488892740022551,fitted,,
14.275,-0.0074897236082275935,fitted,,
14.280000000000001,-0.007490552026270266,fitted,,
14.285,-0.007491378001375893,fitted,,
14.290000000000001,-0.0074922015407485,fitted,,
14.295,-0.007493022651570863,fitted,,
14.3,-0.007493841341004577,fitted,,
14.305,-0.007494657616190121,fitted,,
14.31,-0.0074954714842469135,fitted,,
14.315,-0.007496282952273382,fitted,,
14.32,-0.007497092027347018,fitted,,
14.325000000000001,-0.007497898716524445,fitted,,
14.33,-0.007498703026841475,fitted,,
14.335,-0.007499504965313173,fitted,,
14.34,-0.007500304538933916,fitted,,
14.345,-0.007501101754677457,fitted,,
14.35,-0.007501896619496983,fitted,,
14.355,-0.007502689140325177,fitted,,
14.36,-0.007503479324074276,fitted,,
14.365,-0.007504267177636137,fitted,,
14.370000000000001,-0.00750505270788229,fitted,,
14.375,-0.007505835921664004,fitted,,
14.38,-0.007506616825812343,fitted,,
14.385,-0.007507395427138226,fitted,,
14.39,-0.00750817173243249,fitted,,
14.395,-0.0075089457484659415,fitted,,
14.4,-0.007509717481989427,fitted,,
14.405000000000001,-0.007510486939733878,fitted,,
14.41,-0.007511254128410383,fitted,,
14.415000000000001,-0.007512019054710238,fitted,,
14.42,-0.007512781725305005,fitted,,
14.425,-0.007513542146846575,fitted,,
14.43,-0.007514300325967222,fitted,,
14.435,-0.007515056269279661,fitted,,
14.44,-0.007515809983377108,fitted,,
14.445,-0.007516561474833336,fitted,,
14.450000000000001,-0.007517310750202731,fitted,,
14.455,-0.007518057816020353,fitted,,
14.46,-0.007518802678801989,fitted,,
14.465,-0.007519545345044212,fitted,,
14.47,-0.007520285821224437,fitted,,
14.475,-0.007521024113800978,fitted,,
14.48,-0.007521760229213102,fitted,,
14.485,-0.007522494173881091,fitted,,
14.49,-0.007523225954206292,fitted,,
14.495000000000001,-0.0075239555765711725,fitted,,
14.5,-0.007524683047339382,fitted,,
14.505,-0.007525408372855804,fitted,,
14.51,-0.00752613155944661,fitted,,
14.515,-0.007526852613419317,fitted,,
14.52,-0.00752757154106284,fitted,,
14.525,-0.00752828834864755,fitted,,
14.530000000000001,-0.007529003042425329,fitted,,
14.535,-0.007529715628629619,fitted,,
14.540000000000001,-0.007530426113475482,fitted,,
14.545,-0.007531134503159654,fitted,,
14.55,-0.007531840803860592,fitted,,
14.555,-0.00753254502173854,fitted,,
14.56,-0.007533247162935569,fitted,,
14.565,-0.007533947233575645,fitted,,
14.57,-0.0075346452397646695,fitted,,
14.575000000000001,-0.007535341187590539,fitted,,
14.58,-0.007536035083123198,fitted,,
14.585,-0.007536726932414694,fitted,,
14.59,-0.007537416741499221,fitted,,
14.595,-0.0075381045163931855,fitted,,
14.6,-0.007538790263095247,fitted,,
14.605,-0.007539473987586379,fitted,,
14.61,-0.007540155695829915,fitted,,
14.615,-0.007540835393771605,fitted,,
14.620000000000001,-0.007541513087339665,fitted,,
14.625,-0.007542188782444828,fitted,,
14.63,-0.007542862484980397,fitted,,
14.635,-0.007543534200822298,fitted,,
14.64,-0.007544203935829129,fitted,,
14.645,-0.0075448716958422075,fitted,,
14.65,-0.007545537486685632,fitted,,
14.655000000000001,-0.0075462013141663195,fitted,,
14.66,-0.0075468631840740685,fitted,,
14.665000000000001,-0.007547523102181601,fitted,,
14.67,-0.007548181074244615,fitted,,
14.675,-0.0075488371060018385,fitted,,
14.68,-0.007549491203175073,fitted,,
14.685,-0.007550143371469249,fitted,,
14.69,-0.007550793616572473,fitted,,
14.695,-0.007551441944156078,fitted,,
14.700000000000001,-0.007552088359874673,fitted,,
14.705,-0.00755273286936619,fitted,,
14.71,-0.007553375478251937,fitted,,
14.715,-0.007554016192136646,fitted,,
14.72,-0.00755465501660852,fitted,,
14.725,-0.007555291957239281,fitted,,
14.73,-0.007555927019584225,fitted,,
14.735,-0.007556560209182262,fitted,,
14.74,-0.00755719153155597,fitted,,
14.745000000000001,-0.00755782099221164,fitted,,
14.75,-0.007558448596639325,fitted,,
14.755,-0.007559074350312893,fitted,,
14.76,-0.007559698258690063,fitted,,
14.765,-0.007560320327212465,fitted,,
14.77,-0.00756094056130568,fitted,,
14.775,-0.007561558966379289,fitted,,
14.780000000000001,-0.007562175547826923,fitted,,
14.785,-0.007562790311026303,fitted,,
14.790000000000001,-0.007563403261339296,fitted,,
14.795,-0.007564014404111956,fitted,,
14.8,-0.007564623744674571,fitted,,
14.805,-0.00756523128834171,fitted,,
14.81,-0.007565837040412273,fitted,,
14.815,-0.00756644100616953,fitted,,
14.82,-0.0075670431908811744,fitted,,
14.825000000000001,-0.007567643599799363,fitted,,
14.83,-0.007568242238160764,fitted,,
14.835,-0.007568839111186607,fitted,,
14.84,-0.007569434224082721,fitted,,
14.845,-0.007570027582039585,fitted,,
14.85,-0.0075706191902323704,fitted,,
14.855,-0.007571209053820989,fitted,,
14.86,-0.007571797177950136,fitted,,
14.865,-0.007572383567749335,fitted,,
14.870000000000001,-0.007572968228332983,fitted,,
14.875,-0.007573551164800395,fitted,,
14.88,-0.007574132382235849,fitted,,
14.885,-0.00757471188570863,fitted,,
14.89,-0.007575289680273073,fitted,,
14.895,-0.0075758657709686095,fitted,,
14.9,-0.007576440162819808,fitted,,
14.905000000000001,-0.007577012860836424,fitted,,
14.91,-0.007577583870013435,fitted,,
14.915000000000001,-0.007578153195331093,fitted,,
14.92,-0.007578720841754959,fitted,,
14.925,-0.007579286814235955,fitted,,
14.93,-0.007579851117710401,fitted,,
14.935,-0.007580413757100062,fitted,,
14.94,-0.007580974737312186,fitted,,
14.945,-0.0075815340632395525,fitted,,
14.950000000000001,-0.007582091739760513,fitted,,
14.955,-0.007582647771739031,fitted,,
14.96,-0.007583202164024728,fitted,,
14.965,-0.007583754921452923,fitted,,
14.97,-0.00758430604884468,fitted,,
14.975,-0.007584855551006839,fitted,,
14.98,-0.0075854034327320725,fitted,,
14.985,-0.007585949698798914,fitted,,
14.99,-0.00758649435397181,fitted,,
14.995000000000001,-0.007587037403001154,fitted,,
15.0,-0.0075875788506233315,fitted,,
15.005,-0.007588118701560762,fitted,,
15.01,-0.007588656960521939,fitted,,
15.015,-0.0075891936322014675,fitted,,
15.02,-0.007589728721280114,fitted,,
15.025,-0.007590262232424838,fitted,,
15.030000000000001,-0.007590794170288837,fitted,,
15.035,-0.007591324539511588,fitted,,
15.040000000000001,-0.007591853344718885,fitted,,
15.045,-0.007592380590522883,fitted,,
15.05,-0.007592906281522134,fitted,,
15.055,-0.0075934304223016285,fitted,,
15.06,-0.00759395301743284,fitted,,
15.065,-0.007594474071473758,fitted,,
15.07,-0.007594993588968931,fitted,,
15.075000000000001,-0.007595511574449509,fitted,,
15.08,-0.007596028032433274,fitted,,
15.085,-0.007596542967424693,fitted,,
15.09,-0.007597056383914944,fitted,,
15.095,-0.007597568286381962,fitted,,
15.1,-0.007598078679290478,fitted,,
15.105,-0.007598587567092059,fitted,,
15.11,-0.007599094954225139,fitted,,
15.115,-0.007599600845115068,fitted,,
15.120000000000001,-0.007600105244174145,fitted,,
15.125,-0.007600608155801656,fitted,,
15.13,-0.007601109584383916,fitted,,
15.135,-0.007601609534294305,fitted,,
15.14,-0.007602108009893303,fitted,,
15.145,-0.007602605015528535,fitted,,
15.15,-0.007603100555534805,fitted,,
15.155000000000001,-0.007603594634234131,fitted,,
15.16,-0.007604087255935789,fitted,,
15.165000000000001,-0.007604578424936345,fitted,,
15.17,-0.007605068145519696,fitted,,
15.175,-0.007605556421957106,fitted,,
15.18,-0.007606043258507243,fitted,,
15.185,-0.007606528659416218,fitted,,
15.19,-0.0076070126289176174,fitted,,
15.195,-0.007607495171232546,fitted,,
15.200000000000001,-0.007607976290569661,fitted,,
15.205,-0.007608455991125205,fitted,,
15.21,-0.007608934277083051,fitted,,
15.215,-0.007609411152614732,fitted,,
15.22,-0.007609886621879478,fitted,,
15.225,-0.007610360689024255,fitted,,
15.23,-0.007610833358183802,fitted,,
15.235,-0.007611304633480661,fitted,,
15.24,-0.007611774519025221,fitted,,
15.245000000000001,-0.007612243018915747,fitted,,
15.25,-0.0076127101372384185,fitted,,
15.255,-0.007613175878067367,fitted,,
15.26,-0.007613640245464708,fitted,,
15.265,-0.007614103243480581,fitted,,
15.27,-0.007614564876153178,fitted,,
15.275,-0.007615025147508785,fitted,,
15.280000000000001,-0.007615484061561814,fitted,,
15.285,-0.0076159416223148405,fitted,,
15.290000000000001,-0.0076163978337586355,fitted,,
15.295,-0.0076168526998722005,fitted,,
15.3,-0.007617306224622805,fitted,,
15.305,-0.007617758411966017,fitted,,
15.31,-0.007618209265845745,fitted,,
15.315,-0.00761865879019426,fitted,,
15.32,-0.007619106988932243,fitted,,
15.325000000000001,-0.007619553865968811,fitted,,
15.33,-0.0076199994252015525,fitted,,
15.335,-0.0076204436705165635,fitted,,
15.34,-0.00762088660578848,fitted,,
15.345,-0.007621328234880511,fitted,,
15.35,-0.007621768561644476,fitted,,
15.355,-0.0076222075899208324,fitted,,
15.36,-0.007622645323538714,fitted,,
15.365,-0.007623081766315964,fitted,,
15.370000000000001,-0.007623516922059165,fitted,,
15.375,-0.007623950794563674,fitted,,
15.38,-0.00762438338761366,fitted,,
15.385,-0.007624814704982126,fitted,,
15.39,-0.007625244750430956,fitted,,
15.395,-0.007625673527710934,fitted,,
15.4,-0.007626101040561788,fitted,,
15.405000000000001,-0.007626527292712216,fitted,,
15.41,-0.007626952287879919,fitted,,
15.415000000000001,-0.0076273760297716365,fitted,,
15.42,-0.007627798522083179,fitted,,
15.425,-0.007628219768499454,fitted,,
15.43,-0.007628639772694505,fitted,,
15.435,-0.007629058538331543,fitted,,
15.44,-0.00762947606906297,fitted,,
15.445,-0.007629892368530426,fitted,,
15.450000000000001,-0.007630307440364806,fitted,,
15.455,-0.007630721288186299,fitted,,
15.46,-0.007631133915604419,fitted,,
15.465,-0.007631545326218035,fitted,,
15.47,-0.007631955523615406,fitted,,
15.475,-0.007632364511374207,fitted,,
15.48,-0.0076327722930615615,fitted,,
15.485000000000001,-0.0076331788722340775,fitted,,
15.49,-0.0076335842524378715,fitted,,
15.495000000000001,-0.007633988437208605,fitted,,
15.5,-0.007634391430071512,fitted,,
15.505,-0.007634793234541431,fitted,,
15.51,-0.007635193854122836,fitted,,
15.515,-0.007635593292309866,fitted,,
15.52,-0.007635991552586357,fitted,,
15.525,-0.00763638863842587,fitted,,
15.530000000000001,-0.007636784553291725,fitted,,
15.535,-0.007637179300637026,fitted,,
15.540000000000001,-0.0076375728839046956,fitted,,
15.545,-0.007637965306527504,fitted,,
15.55,-0.007638356571928099,fitted,,
15.555,-0.007638746683519032,fitted,,
15.56,-0.0076391356447027955,fitted,,
15.565,-0.0076395234588718455,fitted,,
15.57,-0.007639910129408634,fitted,,
15.575000000000001,-0.007640295659685639,fitted,,
15.58,-0.007640680053065393,fitted,,
15.585,-0.0076410633129005145,fitted,,
15.59,-0.007641445442533732,fitted,,
15.595,-0.00764182644529792,fitted,,
15.6,-0.007642206324516123,fitted,,
15.605,-0.007642585083501585,fitted,,
15.610000000000001,-0.007642962725557782,fitted,,
15.615,-0.007643339253978447,fitted,,
15.620000000000001,-0.007643714672047598,fitted,,
15.625,-0.007644088983039574,fitted,,
15.63,-0.007644462190219053,fitted,,
15.635,-0.007644834296841087,fitted,,
15.64,-0.007645205306151132,fitted,,
15.645,-0.00764557522138507,fitted,,
15.65,-0.007645944045769243,fitted,,
15.655000000000001,-0.007646311782520477,fitted,,
15.66,-0.007646678434846111,fitted,,
15.665000000000001,-0.00764704400594403,fitted,,
15.67,-0.007647408499002685,fitted,,
15.675,-0.007647771917201126,fitted,,
15.68,-0.007648134263709028,fitted,,
15.685,-0.007648495541686717,fitted,,
15.69,-0.007648855754285202,fitted,,
15.695,-0.007649214904646201,fitted,,
15.700000000000001,-0.007649572995902163,fitted,,
15.705,-0.007649930031176304,fitted,,
15.71,-0.007650286013582626,fitted,,
15.715,-0.007650640946225953,fitted,,
15.72,-0.0076509948322019475,fitted,,
15.725,-0.007651347674597146,fitted,,
15.73,-0.007651699476488984,fitted,,
15.735000000000001,-0.007652050240945821,fitted,,
15.74,-0.007652399971026967,fitted,,
15.745000000000001,-0.007652748669782712,fitted,,
15.75,-0.00765309634025435,fitted,,
15.755,-0.0076534429854742065,fitted,,
15.76,-0.007653788608465665,fitted,,
15.765,-0.007654133212243194,fitted,,
15.77,-0.007654476799812372,fitted,,
15.775,-0.007654819374169914,fitted,,
15.780000000000001,-0.007655160938303698,fitted,,
15.785,-0.007655501495192792,fitted,,
15.790000000000001,-0.007655841047807477,fitted,,
