z_bar,u_bar,St,beta,history
0.0,1.0505805504015475,0.01,0.99,True
-0.033444816053511704,0.9826487254705955,0.01,0.99,True
-0.06688963210702341,0.9191304356128527,0.01,0.99,True
-0.1003344481605351,0.8597389331682609,0.01,0.99,True
-0.13377926421404682,0.80420610049084,0.01,0.99,True
-0.16722408026755853,0.7522812395554646,0.01,0.99,True
-0.2006688963210702,0.7037299402039674,0.01,0.99,True
-0.23411371237458192,0.6583330219213657,0.01,0.99,True
-0.26755852842809363,0.6158855443649558,0.01,0.99,True
-0.3010033444816053,0.5761958821793961,0.01,0.99,True
-0.33444816053511706,0.5390848599211141,0.01,0.99,True
-0.36789297658862874,0.5043849431867315,0.01,0.99,True
-0.4013377926421404,0.471939482293927,0.01,0.99,True
-0.43478260869565216,0.4416020051004031,0.01,0.99,True
-0.46822742474916385,0.4132355557684507,0.01,0.99,True
-0.5016722408026756,0.3867120764900225,0.01,0.99,True
-0.5351170568561873,0.3619118293811683,0.01,0.99,True
-0.568561872909699,0.33872285593602675,0.01,0.99,True
-0.6020066889632106,0.31704047160012644,0.01,0.99,True
-0.6354515050167224,0.2967667931812918,0.01,0.99,True
-0.6688963210702341,0.2778102969646936,0.01,0.99,True
-0.7023411371237458,0.2600854055371933,0.01,0.99,True
-0.7357859531772575,0.2435121014557361,0.01,0.99,True
-0.7692307692307692,0.2280155660157341,0.01,0.99,True
-0.8026755852842808,0.21352584148869083,0.01,0.99,True
-0.8361204013377926,0.19997751530426885,0.01,0.99,True
-0.8695652173913043,0.18730942475107001,0.01,0.99,True
-0.903010033444816,0.1754643808630235,0.01,0.99,True
-0.9364548494983277,0.1643889102448948,0.01,0.99,True
-0.9698996655518394,0.15403301367140712,0.01,0.99,True
-1.0033444816053512,0.1443499403701938,0.01,0.99,True
-1.0367892976588629,0.13529597696960233,0.01,0.99,True
-1.0702341137123745,0.12683025015857213,0.01,0.99,True
-1.1036789297658862,0.11891454216771451,0.01,0.99,True
-1.137123745819398,0.11151311823859737,0.01,0.99,True
-1.1705685618729096,0.10459256530236251,0.01,0.99,True
-1.2040133779264213,0.09812164113940319,0.01,0.99,True
-1.237458193979933,0.0920711333391476,0.01,0.99,True
-1.2709030100334449,0.0864137274232341,0.01,0.99,True
-1.3043478260869565,0.08112388353673243,0.01,0.99,True
-1.3377926421404682,0.07617772115074403,0.01,0.99,True
-1.37123745819398,0.0715529112558824,0.01,0.99,True
-1.4046822742474916,0.06722857555994956,0.01,0.99,True
-1.4381270903010033,0.0631851922347462,0.01,0.99,True
-1.471571906354515,0.05940450778651771,0.01,0.99,True
-1.5050167224080266,0.055869454652183015,0.01,0.99,True
-1.5384615384615383,0.052564074149341763,0.01,0.99,True
-1.57190635451505,0.04947344443222462,0.01,0.99,True
-1.6053511705685617,0.046583613128349924,0.01,0.99,True
-1.6387959866220736,0.04388153435178141,0.01,0.99,True
-1.6722408026755853,0.041355009808638585,0.01,0.99,True
-1.705685618729097,0.038992633728985746,0.01,0.99,True
-1.7391304347826086,0.03678374137649988,0.01,0.99,True
-1.7725752508361203,0.03471836090346889,0.01,0.99,True
-1.806020066889632,0.03278716833377348,0.01,0.99,True
-1.8394648829431437,0.030981445470627776,0.01,0.99,True
-1.8729096989966554,0.029293040539056698,0.01,0.99,True
-1.906354515050167,0.027714331385434218,0.01,0.99,True
-1.9397993311036787,0.0262381910679499,0.01,0.99,True
-1.9732441471571907,0.024857955682665148,0.01,0.99,True
-2.0066889632107023,0.02356739427991259,0.01,0.99,True
-2.040133779264214,0.022360680735229056,0.01,0.99,True
-2.0735785953177257,0.02123236744783568,0.01,0.99,True
-2.1070234113712374,0.02017736074792969,0.01,0.99,True
-2.140468227424749,0.019190897901765876,0.01,0.99,True
-2.1739130434782608,0.01826852561071944,0.01,0.99,True
-2.2073578595317724,0.017406079907266205,0.01,0.99,True
-2.240802675585284,0.016599667357122157,0.01,0.99,True
-2.274247491638796,0.01584564748268136,0.01,0.99,True
-2.3076923076923075,0.015140616328404117,0.01,0.99,True
-2.341137123745819,0.014481391093962974,0.01,0.99,True
-2.374581939799331,0.013864995765774284,0.01,0.99,True
-2.4080267558528425,0.01328864768205,0.01,0.99,True
-2.441471571906354,0.012749744970718992,0.01,0.99,True
-2.474916387959866,0.012245854803507393,0.01,0.99,True
-2.508361204013378,0.01177470241315213,0.01,0.99,True
-2.5418060200668897,0.011334160824166821,0.01,0.99,True
-2.5752508361204014,0.010922241250800418,0.01,0.99,True
-2.608695652173913,0.010537084118841139,0.01,0.99,True
-2.6421404682274248,0.01017695067073441,0.01,0.99,True
-2.6755852842809364,0.009840215116116786,0.01,0.99,True
-2.709030100334448,0.009525357292330214,0.01,0.99,True
-2.74247491638796,0.009230955801783163,0.01,0.99,True
-2.7759197324414715,0.008955681595177848,0.01,0.99,True
-2.809364548494983,0.008698291971635585,0.01,0.99,True
-2.842809364548495,0.008457624968634414,0.01,0.99,True
-2.8762541806020065,0.008232594116432804,0.01,0.99,True
-2.9096989966555182,0.008022183533298827,0.01,0.99,True
-2.94314381270903,0.007825443339402592,0.01,0.99,True
-2.9765886287625416,0.007641485368668382,0.01,0.99,True
-3.0100334448160533,0.007469479159228044,0.01,0.99,True
-3.043478260869565,0.007308648204374881,0.01,0.99,True
-3.0769230769230766,0.007158266447093307,0.01,0.99,True
-3.1103678929765883,0.007017655002339151,0.01,0.99,True
-3.1438127090301,0.0068861790922736,0.01,0.99,True
-3.1772575250836117,0.006763245180615221,0.01,0.99,True
-3.2107023411371234,0.006648298293173291,0.01,0.99,True
-3.2441471571906355,0.006540819512466264,0.01,0.99,True
-3.277591973244147,0.006440323635115042,0.01,0.99,True
-3.311036789297659,0.006346356981435543,0.01,0.99,True
-3.3444816053511706,0.006258495347342198,0.01,0.99,True
-3.3779264214046822,0.006176342089316398,0.01,0.99,True
-3.411371237458194,0.006099526333794672,0.01,0.99,True
-3.4448160535117056,0.006027701302893031,0.01,0.99,True
-3.4782608695652173,0.005960542748909108,0.01,0.99,True
-3.511705685618729,0.005897747490534795,0.01,0.99,True
-3.5451505016722407,0.005839032044171244,0.01,0.99,True
-3.5785953177257523,0.0057841313441674164,0.01,0.99,True
-3.612040133779264,0.005732797546204817,0.01,0.99,True
-3.6454849498327757,0.005684798908426407,0.01,0.99,True
-3.6789297658862874,0.005639918745258632,0.01,0.99,True
-3.712374581939799,0.005597954449203711,0.01,0.99,True
-3.7458193979933108,0.00555871657618614,0.01,0.99,True
-3.7792642140468224,0.00552202799032429,0.01,0.99,True
-3.812709030100334,0.0054877230642662546,0.01,0.99,True
-3.846153846153846,0.0054556469314799285,0.01,0.99,True
-3.8795986622073575,0.005425654787121843,0.01,0.99,True
-3.913043478260869,0.005397611234328605,0.01,0.99,True
-3.9464882943143813,0.005371389672979821,0.01,0.99,True
-3.979933110367893,0.005346871728173134,0.01,0.99,True
-4.013377926421405,0.005323946715831271,0.01,0.99,True
-4.046822742474916,0.005302511143028645,0.01,0.99,True
-4.080267558528428,0.005282468240781753,0.01,0.99,True
-4.113712374581939,0.005263727527194235,0.01,0.99,True
-4.147157190635451,0.005246204398984402,0.01,0.99,True
-4.180602006688963,0.00522981974955127,0.01,0.99,True
-4.214046822742475,0.005214499611854852,0.01,0.99,True
-4.247491638795986,0.005200174824498548,0.01,0.99,True
-4.280936454849498,0.00518678071950618,0.01,0.99,True
-4.31438127090301,0.005174256830384181,0.01,0.99,True
-4.3478260869565215,0.005162546619150995,0.01,0.99,True
-4.381270903010034,0.0051515972211013915,0.01,0.99,True
-4.414715719063545,0.005141359206153473,0.01,0.99,True
-4.448160535117057,0.005131786355700967,0.01,0.99,True
-4.481605351170568,0.005122835453963451,0.01,0.99,True
-4.51505016722408,0.00511446609289256,0.01,0.99,True
-4.548494983277592,0.005106640489753451,0.01,0.99,True
-4.581939799331104,0.00509932331655802,0.01,0.99,True
-4.615384615384615,0.005092481540579837,0.01,0.99,True
-4.648829431438127,0.005086084275230853,0.01,0.99,True
-4.682274247491638,0.005080102640626651,0.01,0.99,True
-4.7157190635451505,0.005074509633210774,0.01,0.99,True
-4.749163879598662,0.0050692800038495845,0.01,0.99,True
-4.782608695652174,0.005064390143847291,0.01,0.99,True
-4.816053511705685,0.0050598179783666025,0.01,0.99,True
-4.849498327759197,0.005055542866773839,0.01,0.99,True
-4.882943143812708,0.005051545509458628,0.01,0.99,True
-4.916387959866221,0.005047807860707537,0.01,0.99,True
-4.949832775919732,0.005044313047238304,0.01,0.99,True
-4.983277591973244,0.005041045292026912,0.01,0.99,True
-5.016722408026756,0.005037989843083618,0.01,0.99,True
-5.050167224080267,0.005035132906856408,0.01,0.99,True
-5.083612040133779,0.00503246158596124,0.01,0.99,True
-5.117056856187291,0.005029963820957947,0.01,0.99,True
-5.150501672240803,0.0050276283359089735,0.01,0.99,True
-5.183946488294314,0.005025444587475159,0.01,0.99,True
-5.217391304347826,0.005023402717318773,0.01,0.99,True
-5.250836120401337,0.005021493507598924,0.01,0.99,True
-5.2842809364548495,0.0050197083393584445,0.01,0.99,True
-5.317725752508361,0.0050180391536143705,0.01,0.99,True
-5.351170568561873,0.005016478414976387,0.01,0.99,True
-5.384615384615384,0.005015019077628974,0.01,0.99,True
-5.418060200668896,0.005013654553523706,0.01,0.99,True
-5.4515050167224075,0.005012378682638088,0.01,0.99,True
-5.48494983277592,0.005011185705166687,0.01,0.99,True
-5.518394648829431,0.005010070235519005,0.01,0.99,True
-5.551839464882943,0.005009027238006703,0.01,0.99,True
-5.585284280936454,0.005008052004110447,0.01,0.99,True
-5.618729096989966,0.005007140131223704,0.01,0.99,True
-5.652173913043478,0.005006287502777575,0.01,0.99,True
-5.68561872909699,0.00500549026965691,0.01,0.99,True
-5.719063545150502,0.00500474483282382,0.01,0.99,True
-5.752508361204013,0.005004047827070139,0.01,0.99,True
-5.785953177257525,0.005003396105825498,0.01,0.99,True
-5.8193979933110365,0.005002786726952404,0.01,0.99,True
-5.852842809364549,0.005002216939464232,0.01,0.99,True
-5.88628762541806,0.0050016841711061355,0.01,0.99,True
-5.919732441471572,0.0050011860167428306,0.01,0.99,True
-5.953177257525083,0.005000720227500829,0.01,0.99,True
-5.986622073578595,0.005000284700616101,0.01,0.99,True
-6.020066889632107,0.004999877469941332,0.01,0.99,True
-6.053511705685619,0.0049994966970699235,0.01,0.99,True
-6.08695652173913,0.004999140663036675,0.01,0.99,True
-6.120401337792642,0.004998807760557666,0.01,0.99,True
-6.153846153846153,0.004998496486774318,0.01,0.99,True
-6.187290969899665,0.004998205436468869,0.01,0.99,True
-6.220735785953177,0.004997933295720649,0.01,0.99,True
-6.254180602006689,0.004997678835974497,0.01,0.99,True
-6.2876254180602,0.004997440908494562,0.01,0.99,True
-6.321070234113712,0.004997218439178435,0.01,0.99,True
-6.354515050167223,0.004997010423708211,0.01,0.99,True
-6.3879598662207355,0.004996815923016583,0.01,0.99,True
-6.421404682274247,0.004996634059047511,0.01,0.99,True
-6.454849498327759,0.004996464010792307,0.01,0.99,True
-6.488294314381271,0.004996305010583278,0.01,0.99,True
-6.521739130434782,0.0049961563406281445,0.01,0.99,True
-6.555183946488294,0.004996017329769642,0.01,0.99,True
-6.588628762541806,0.004995887350455636,0.01,0.99,True
-6.622073578595318,0.004995765815906094,0.01,0.99,True
-6.655518394648829,0.00499565217746412,0.01,0.99,True
-6.688963210702341,0.004995545922119095,0.01,0.99,True
-6.722408026755852,0.00499544657019073,0.01,0.99,True
-6.7558528428093645,0.004995353673163597,0.01,0.99,True
-6.789297658862876,0.004995266811662343,0.01,0.99,True
-6.822742474916388,0.004995185593558462,0.01,0.99,True
-6.856187290969899,0.00499510965220006,0.01,0.99,True
-6.889632107023411,0.00499503864475664,0.01,0.99,True
-6.9230769230769225,0.004994972250671426,0.01,0.99,True
-6.956521739130435,0.004994910170214236,0.01,0.99,True
-6.989966555183946,0.004994852123128377,0.01,0.99,True
-7.023411371237458,0.004994797847365453,0.01,0.99,True
-7.056856187290969,0.0049947470979023675,0.01,0.99,True
-7.090301003344481,0.004994699645635191,0.01,0.99,True
-7.123745819397993,0.004994655276344892,0.01,0.99,True
-7.157190635451505,0.004994613789730262,0.01,0.99,True
-7.190635451505017,0.004994574998503676,0.01,0.99,True
-7.224080267558528,0.004994538727545599,0.01,0.99,True
-7.25752508361204,0.004994504813114021,0.01,0.99,True
-7.290969899665551,0.004994473102105264,0.01,0.99,True
-7.3244147157190636,0.004994443451362802,0.01,0.99,True
-7.357859531772575,0.004994415727031002,0.01,0.99,True
-7.391304347826087,0.0049943898039508374,0.01,0.99,True
-7.424749163879598,0.004994365565094873,0.01,0.99,True
-7.45819397993311,0.004994342901038954,0.01,0.99,True
-7.4916387959866215,0.004994321709468218,0.01,0.99,True
-7.525083612040134,0.004994301894715208,0.01,0.99,True
-7.558528428093645,0.004994283367327986,0.01,0.99,True
-7.591973244147157,0.004994266043666315,0.01,0.99,True
-7.625418060200668,0.004994249845524066,0.01,0.99,True
-7.65886287625418,0.0049942346997761695,0.01,0.99,True
-7.692307692307692,0.004994220538048497,0.01,0.99,True
-7.725752508361204,0.00499420729640919,0.01,0.99,True
-7.759197324414715,0.004994194915080048,0.01,0.99,True
-7.792642140468227,0.004994183338166664,0.01,0.99,True
-7.826086956521738,0.0049941725134060935,0.01,0.99,True
-7.8595317725752505,0.004994162391930919,0.01,0.99,True
-7.892976588628763,0.004994152928048644,0.01,0.99,True
-7.926421404682274,0.0049941440790354135,0.01,0.99,True
-7.959866220735786,0.004994135804943148,0.01,0.99,True
-7.993311036789297,0.004994128068419193,0.01,0.99,True
-8.02675585284281,0.004994120834537701,0.01,0.99,True
-8.060200668896321,0.004994114070641959,0.01,0.99,True
-8.093645484949832,0.004994107746196963,0.01,0.99,True
-8.127090301003344,0.004994101832651568,0.01,0.99,True
-8.160535117056856,0.004994096303309601,0.01,0.99,True
-8.193979933110368,0.004994091133209341,0.01,0.99,True
-8.227424749163879,0.00499408629901083,0.01,0.99,True
-8.26086956521739,0.004994081778890509,0.01,0.99,True
-8.294314381270903,0.0049940775524427,0.01,0.99,True
-8.327759197324415,0.004994073600587479,0.01,0.99,True
-8.361204013377925,0.004994069905484548,0.01,0.99,True
-8.394648829431437,0.0049940664504526935,0.01,0.99,True
-8.42809364548495,0.004994063219894483,0.01,0.99,True
-8.461538461538462,0.004994060199225849,0.01,0.99,True
-8.494983277591972,0.004994057374810253,0.01,0.99,True
-8.528428093645484,0.0049940547338971205,0.01,0.99,True
-8.561872909698996,0.004994052264564286,0.01,0.99,True
-8.595317725752508,0.004994049955664166,0.01,0.99,True
-8.62876254180602,0.004994047796773437,0.01,0.99,True
-8.66220735785953,0.004994045778145978,0.01,0.99,True
-8.695652173913043,0.004994043890668876,0.01,0.99,True
-8.729096989966555,0.004994042125821285,0.01,0.99,True
-8.762541806020067,0.004994040475635955,0.01,0.99,True
-8.795986622073578,0.004994038932663273,0.01,0.99,True
-8.82943143812709,0.004994037489937627,0.01,0.99,True
-8.862876254180602,0.004994036140945959,0.01,0.99,True
-8.896321070234114,0.004994034879598369,0.01,0.99,True
-8.929765886287624,0.004994033700200612,0.01,0.99,True
-8.963210702341136,0.004994032597428404,0.01,0.99,True
-8.996655518394649,0.004994031566303379,0.01,0.99,True
-9.03010033444816,0.004994030602170612,0.01,0.99,True
-9.063545150501671,0.0049940297006776145,0.01,0.99,True
-9.096989966555183,0.004994028857754676,0.01,0.99,True
-9.130434782608695,0.0049940280695964945,0.01,0.99,True
-9.163879598662207,0.004994027332645002,0.01,0.99,True
-9.197324414715718,0.004994026643573295,0.01,0.99,True
-9.23076923076923,0.004994025999270622,0.01,0.99,True
-9.264214046822742,0.004994025396828335,0.01,0.99,True
-9.297658862876254,0.004994024833526763,0.01,0.99,True
-9.331103678929766,0.0049940243068229305,0.01,0.99,True
-9.364548494983277,0.004994023814339081,0.01,0.99,True
-9.397993311036789,0.0049940233538519375,0.01,0.99,True
-9.431438127090301,0.004994022923282675,0.01,0.99,True
-9.464882943143813,0.004994022520687525,0.01,0.99,True
-9.498327759197323,0.004994022144249008,0.01,0.99,True
-9.531772575250836,0.004994021792267726,0.01,0.99,True
-9.565217391304348,0.0049940214631546895,0.01,0.99,True
-9.59866220735786,0.00499402115542415,0.01,0.99,True
-9.63210702341137,0.0049940208676868825,0.01,0.99,True
-9.665551839464882,0.004994020598643924,0.01,0.99,True
-9.698996655518394,0.0049940203470807045,0.01,0.99,True
-9.732441471571907,0.0049940201118615635,0.01,0.99,True
-9.765886287625417,0.004994019891924626,0.01,0.99,True
-9.799331103678929,0.0049940196862770046,0.01,0.99,True
-9.832775919732441,0.004994019493990323,0.01,0.99,True
-9.866220735785953,0.004994019314196519,0.01,0.99,True
-9.899665551839464,0.004994019146083931,0.01,0.99,True
-9.933110367892976,0.004994018988893629,0.01,0.99,True
-9.966555183946488,0.00499401884191599,0.01,0.99,True
-10.0,0.004994018704487498,0.01,0.99,True
0.0,1.0551104995448388,0.01,0.99,False
-0.033444816053511704,0.9865717011047214,0.01,0.99,False
-0.06688963210702341,0.9225160156141711,0.01,0.99,False
-0.1003344481605351,0.8626502032998623,0.01,0.99,False
-0.13377926421404682,0.806700205159873,0.01,0.99,False
-0.16722408026755853,0.7544098883521847,0.01,0.99,False
-0.2006688963210702,0.7055398736471417,0.01,0.99,False
-0.23411371237458192,0.6598664395760753,0.01,0.99,False
-0.26755852842809363,0.6171804982594098,0.01,0.99,False
-0.3010033444816053,0.5772866382257041,0.01,0.99,False
-0.33444816053511706,0.5400022298397623,0.01,0.99,False
-0.36789297658862874,0.5051565892445633,0.01,0.99,False
-0.4013377926421404,0.47259019698962773,0.01,0.99,False
-0.43478260869565216,0.4421539677687924,0.01,0.99,False
-0.46822742474916385,0.4137085679243305,0.01,0.99,False
-0.5016722408026756,0.38712377759302974,0.01,0.99,False
-0.5351170568561873,0.3622778945742041,0.01,0.99,False
-0.568561872909699,0.33905717719061274,0.01,0.99,False
-0.6020066889632106,0.3173553235917662,0.01,0.99,False
-0.6354515050167224,0.2970729851159284,0.01,0.99,False
-0.6688963210702341,0.2781173114830405,0.01,0.99,False
-0.7023411371237458,0.26040152573650954,0.01,0.99,False
-0.7357859531772575,0.24384452698799444,0.01,0.99,False
-0.7692307692307692,0.22837051914659717,0.01,0.99,False
-0.8026755852842808,0.21390866393282557,0.01,0.99,False
-0.8361204013377926,0.20039275658886183,0.01,0.99,False
-0.8695652173913043,0.18776092280057646,0.01,0.99,False
-0.903010033444816,0.175955335443829,0.01,0.99,False
-0.9364548494983277,0.16492194985835298,0.01,0.99,False
-0.9698996655518394,0.15461025643733817,0.01,0.99,False
-1.0033444816053512,0.14497304940009187,0.01,0.99,False
-1.0367892976588629,0.1359662106892481,0.01,0.99,False
-1.0702341137123745,0.12754850800322867,0.01,0.99,False
-1.1036789297658862,0.11968140603937201,0.01,0.99,False
-1.137123745819398,0.1123288900836221,0.01,0.99,False
-1.1705685618729096,0.10545730113919002,0.01,0.99,False
-1.2040133779264213,0.09903518183942643,0.01,0.99,False
-1.237458193979933,0.09303313243951075,0.01,0.99,False
-1.2709030100334449,0.08742367622770311,0.01,0.99,False
-1.3043478260869565,0.08218113374002735,0.01,0.99,False
-1.3377926421404682,0.0772815052025529,0.01,0.99,False
-1.37123745819398,0.07270236066311077,0.01,0.99,False
-1.4046822742474916,0.06842273730947773,0.01,0.99,False
-1.4381270903010033,0.06442304350396341,0.01,0.99,False
-1.471571906354515,0.06068496909508136,0.01,0.99,False
-1.5050167224080266,0.05719140159572072,0.01,0.99,False
-1.5384615384615383,0.05392634784409166,0.01,0.99,False
-1.57190635451505,0.05087486078881707,0.01,0.99,False
-1.6053511705685617,0.0480229710630009,0.01,0.99,False
-1.6387959866220736,0.04535762303402692,0.01,0.99,False
-1.6722408026755853,0.0428666150363308,0.01,0.99,False
-1.705685618729097,0.040538543513538076,0.01,0.99,False
-1.7391304347826086,0.03836275081425681,0.01,0.99,False
-1.7725752508361203,0.03632927640253998,0.01,0.99,False
-1.806020066889632,0.034428811259664446,0.01,0.99,False
-1.8394648829431437,0.03265265526848303,0.01,0.99,False
-1.8729096989966554,0.03099267738526005,0.01,0.99,False
-1.906354515050167,0.029441278416661228,0.01,0.99,False
-1.9397993311036787,0.027991356231495474,0.01,0.99,False
-1.9732441471571907,0.026636273247951554,0.01,0.99,False
-2.0066889632107023,0.02536982604749,0.01,0.99,False
-2.040133779264214,0.02418621697628588,0.01,0.99,False
-2.0735785953177257,0.023080027604217238,0.01,0.99,False
-2.1070234113712374,0.022046193919897143,0.01,0.99,False
-2.140468227424749,0.021079983148195282,0.01,0.99,False
-2.1739130434782608,0.020176972084121964,0.01,0.99,False
-2.2073578595317724,0.019333026843889815,0.01,0.99,False
-2.240802675585284,0.01854428394045551,0.01,0.99,False
-2.274247491638796,0.017807132596907603,0.01,0.99,False
-2.3076923076923075,0.017118198216733195,0.01,0.99,False
-2.341137123745819,0.01647432693529198,0.01,0.99,False
-2.374581939799331,0.01587257118177625,0.01,0.99,False
-2.4080267558528425,0.015310176185560916,0.01,0.99,False
-2.441471571906354,0.014784567365171353,0.01,0.99,False
-2.474916387959866,0.014293338542136914,0.01,0.99,False
-2.508361204013378,0.01383424092577471,0.01,0.99,False
-2.5418060200668897,0.013405172818477036,0.01,0.99,False
-2.5752508361204014,0.013004169994374436,0.01,0.99,False
-2.608695652173913,0.012629396707329134,0.01,0.99,False
-2.6421404682274248,0.012279137287094209,0.01,0.99,False
-2.6755852842809364,0.011951788285166883,0.01,0.99,False
-2.709030100334448,0.01164585113438034,0.01,0.99,False
-2.74247491638796,0.011359925288630654,0.01,0.99,False
-2.7759197324414715,0.011092701811333146,0.01,0.99,False
-2.809364548494983,0.010842957383256894,0.01,0.99,False
-2.842809364548495,0.010609548702305962,0.01,0.99,False
-2.8762541806020065,0.010391407249610083,0.01,0.99,False
-2.9096989966555182,0.010187534397964642,0.01,0.99,False
-2.94314381270903,0.009996996840226858,0.01,0.99,False
-2.9765886287625416,0.009818922316739953,0.01,0.99,False
-3.0100334448160533,0.009652495622225855,0.01,0.99,False
-3.043478260869565,0.009496954873866497,0.01,0.99,False
-3.0769230769230766,0.009351588023489382,0.01,0.99,False
-3.1103678929765883,0.009215729597890573,0.01,0.99,False
-3.1438127090301,0.009088757652372707,0.01,0.99,False
-3.1772575250836117,0.008970090923551633,0.01,0.99,False
-3.2107023411371234,0.008859186168397565,0.01,0.99,False
-3.2441471571906355,0.008755535677329177,0.01,0.99,False
-3.277591973244147,0.008658664949975841,0.01,0.99,False
-3.311036789297659,0.008568130522967942,0.01,0.99,False
-3.3444816053511706,0.008483517939811088,0.01,0.99,False
-3.3779264214046822,0.008404439853550591,0.01,0.99,False
-3.411371237458194,0.00833053425354036,0.01,0.99,False
-3.4448160535117056,0.008261462808198611,0.01,0.99,False
-3.4782608695652173,0.008196909316163669,0.01,0.99,False
-3.511705685618729,0.008136578258759446,0.01,0.99,False
-3.5451505016722407,0.008080193447143969,0.01,0.99,False
-3.5785953177257523,0.008027496757947694,0.01,0.99,False
-3.612040133779264,0.007978246951613565,0.01,0.99,False
-3.6454849498327757,0.007932218568029252,0.01,0.99,False
-3.6789297658862874,0.007889200894395957,0.01,0.99,False
-3.712374581939799,0.007848997000608747,0.01,0.99,False
-3.7458193979933108,0.007811422837732534,0.01,0.99,False
-3.7792642140468224,0.007776306395446602,0.01,0.99,False
-3.812709030100334,0.007743486914600581,0.01,0.99,False
-3.846153846153846,0.0077128141512770075,0.01,0.99,False
-3.8795986622073575,0.007684147688991452,0.01,0.99,False
-3.913043478260869,0.007657356295881539,0.01,0.99,False
-3.9464882943143813,0.007632317323942138,0.01,0.99,False
-3.979933110367893,0.0076089161475565,0.01,0.99,False
-4.013377926421405,0.007587045638752979,0.01,0.99,False
-4.046822742474916,0.007566605676785151,0.01,0.99,False
-4.080267558528428,0.007547502689790216,0.01,0.99,False
-4.113712374581939,0.007529649226427465,0.01,0.99,False
-4.147157190635451,0.007512963555535807,0.01,0.99,False
-4.180602006688963,0.0074973692919776454,0.01,0.99,False
-4.214046822742475,0.00748279504695625,0.01,0.99,False
-4.247491638795986,0.0074691741012058175,0.01,0.99,False
-4.280936454849498,0.007456444099558124,0.01,0.99,False
-4.31438127090301,0.007444546765487535,0.01,0.99,False
-4.3478260869565215,0.007433427634327577,0.01,0.99,False
-4.381270903010034,0.007423035803937775,0.01,0.99,False
-4.414715719063545,0.007413323701679346,0.01,0.99,False
-4.448160535117057,0.007404246866632967,0.01,0.99,False
-4.481605351170568,0.007395763746061654,0.01,0.99,False
-4.51505016722408,0.007387835505186972,0.01,0.99,False
-4.548494983277592,0.007380425849407762,0.01,0.99,False
-4.581939799331104,0.007373500858147506,0.01,0.99,False
-4.615384615384615,0.007367028829569716,0.01,0.99,False
-4.648829431438127,0.0073609801354504725,0.01,0.99,False
-4.682274247491638,0.007355327085543721,0.01,0.99,False
-4.7157190635451505,0.007350043800818417,0.01,0.99,False
-4.749163879598662,0.00734510609498722,0.01,0.99,False
-4.782608695652174,0.007340491363784361,0.01,0.99,False
-4.816053511705685,0.007336178481485849,0.01,0.99,False
-4.849498327759197,0.007332147704198256,0.01,0.99,False
-4.882943143812708,0.007328380579473388,0.01,0.99,False
-4.916387959866221,0.007324859861835033,0.01,0.99,False
-4.949832775919732,0.007321569433831097,0.01,0.99,False
-4.983277591973244,0.007318494232249709,0.01,0.99,False
-5.016722408026756,0.0073156201791615225,0.01,0.99,False
-5.050167224080267,0.007312934117472524,0.01,0.99,False
-5.083612040133779,0.007310423750692327,0.01,0.99,False
-5.117056856187291,0.007308077586642212,0.01,0.99,False
-5.150501672240803,0.007305884884845219,0.01,0.99,False
-5.183946488294314,0.00730383560735744,0.01,0.99,False
-5.217391304347826,0.007301920372815436,0.01,0.99,False
-5.250836120401337,0.007300130413489397,0.01,0.99,False
-5.2842809364548495,0.0072984575351454665,0.01,0.99,False
-5.317725752508361,0.007296894079533439,0.01,0.99,False
-5.351170568561873,0.007295432889328157,0.01,0.99,False
-5.384615384615384,0.007294067275364073,0.01,0.99,False
-5.418060200668896,0.007292790986012994,0.01,0.99,False
-5.4515050167224075,0.0072915981785648286,0.01,0.99,False
-5.48494983277592,0.0072904833924803125,0.01,0.99,False
-5.518394648829431,0.007289441524393271,0.01,0.99,False
-5.551839464882943,0.007288467804747973,0.01,0.99,False
-5.585284280936454,0.007287557775964647,0.01,0.99,False
-5.618729096989966,0.0072867072720331685,0.01,0.99,False
-5.652173913043478,0.007285912399441539,0.01,0.99,False
-5.68561872909699,0.0072851695193518196,0.01,0.99,False
-5.719063545150502,0.007284475230941937,0.01,0.99,False
-5.752508361204013,0.0072838263558371,0.01,0.99,False
-5.785953177257525,0.007283219923559558,0.01,0.99,False
-5.8193979933110365,0.0072826531579300805,0.01,0.99,False
-5.852842809364549,0.007282123464358922,0.01,0.99,False
-5.88628762541806,0.007281628417968079,0.01,0.99,False
-5.919732441471572,0.007281165752490468,0.01,0.99,False
-5.953177257525083,0.0072807333498952145,0.01,0.99,False
-5.986622073578595,0.007280329230691533,0.01,0.99,False
-6.020066889632107,0.007279951544866849,0.01,0.99,False
-6.053511705685619,0.007279598563417644,0.01,0.99,False
-6.08695652173913,0.00727926867043427,0.01,0.99,False
-6.120401337792642,0.007278960355703497,0.01,0.99,False
-6.153846153846153,0.007278672207794926,0.01,0.99,False
-6.187290969899665,0.007278402907599617,0.01,0.99,False
-6.220735785953177,0.0072781512222913555,0.01,0.99,False
-6.254180602006689,0.007277915999682913,0.01,0.99,False
-6.2876254180602,0.0072776961629514615,0.01,0.99,False
-6.321070234113712,0.007277490705709001,0.01,0.99,False
-6.354515050167223,0.007277298687395223,0.01,0.99,False
-6.3879598662207355,0.007277119228971735,0.01,0.99,False
-6.421404682274247,0.007276951508897921,0.01,0.99,False
-6.454849498327759,0.007276794759370015,0.01,0.99,False
-6.488294314381271,0.0072766482628061875,0.01,0.99,False
-6.521739130434782,0.007276511348561533,0.01,0.99,False
-6.555183946488294,0.007276383389857932,0.01,0.99,False
-6.588628762541806,0.007276263800914732,0.01,0.99,False
-6.622073578595318,0.007276152034267109,0.01,0.99,False
-6.655518394648829,0.007276047578259834,0.01,0.99,False
-6.688963210702341,0.007275949954704973,0.01,0.99,False
-6.722408026755852,0.007275858716692798,0.01,0.99,False
-6.7558528428093645,0.007275773446545877,0.01,0.99,False
-6.789297658862876,0.007275693753907004,0.01,0.99,False
-6.822742474916388,0.007275619273952179,0.01,0.99,False
-6.856187290969899,0.007275549665720489,0.01,0.99,False
-6.889632107023411,0.007275484610553223,0.01,0.99,False
-6.9230769230769225,0.007275423810635093,0.01,0.99,False
-6.956521739130435,0.007275366987630864,0.01,0.99,False
-6.989966555183946,0.00727531388141117,0.01,0.99,False
-7.023411371237458,0.00727526424886167,0.01,0.99,False
-7.056856187290969,0.007275217862770095,0.01,0.99,False
-7.090301003344481,0.007275174510786098,0.01,0.99,False
-7.123745819397993,0.007275133994449141,0.01,0.99,False
-7.157190635451505,0.007275096128279957,0.01,0.99,False
-7.190635451505017,0.007275060738931455,0.01,0.99,False
-7.224080267558528,0.007275027664395148,0.01,0.99,False
-7.25752508361204,0.007274996753259506,0.01,0.99,False
-7.290969899665551,0.007274967864016799,0.01,0.99,False
-7.3244147157190636,0.007274940864415305,0.01,0.99,False
-7.357859531772575,0.007274915630853861,0.01,0.99,False
-7.391304347826087,0.007274892047816043,0.01,0.99,False
-7.424749163879598,0.007274870007341336,0.01,0.99,False
-7.45819397993311,0.00727484940853091,0.01,0.99,False
-7.4916387959866215,0.007274830157085713,0.01,0.99,False
-7.525083612040134,0.007274812164874777,0.01,0.99,False
-7.558528428093645,0.007274795349531771,0.01,0.99,False
-7.591973244147157,0.007274779634077933,0.01,0.99,False
-7.625418060200668,0.00727476494656967,0.01,0.99,False
-7.65886287625418,0.007274751219769212,0.01,0.99,False
-7.692307692307692,0.007274738390836796,0.01,0.99,False
-7.725752508361204,0.007274726401043006,0.01,0.99,False
-7.759197324414715,0.007274715195499902,0.01,0.99,False
-7.792642140468227,0.007274704722909762,0.01,0.99,False
-7.826086956521738,0.007274694935330237,0.01,0.99,False
-7.8595317725752505,0.0072746857879548805,0.01,0.99,False
-7.892976588628763,0.007274677238908032,0.01,0.99,False
-7.926421404682274,0.007274669249053106,0.01,0.99,False
-7.959866220735786,0.007274661781813444,0.01,0.99,False
-7.993311036789297,0.007274654803004854,0.01,0.99,False
-8.02675585284281,0.00727464828067913,0.01,0.99,False
-8.060200668896321,0.007274642184977793,0.01,0.99,False
-8.093645484949832,0.007274636487995405,0.01,0.99,False
-8.127090301003344,0.0072746311636518145,0.01,0.99,False
-8.160535117056856,0.0072746261875727735,0.01,0.99,False
-8.193979933110368,0.0072746215369783465,0.01,0.99,False
-8.227424749163879,0.0072746171905786325,0.01,0.99,False
-8.26086956521739,0.007274613128476298,0.01,0.99,False
-8.294314381270903,0.007274609332075494,0.01,0.99,False
-8.327759197324415,0.007274605783996721,0.01,0.99,False
-8.361204013377925,0.007274602467997269,0.01,0.99,False
-8.394648829431437,0.007274599368896865,0.01,0.99,False
-8.42809364548495,0.007274596472508173,0.01,0.99,False
-8.461538461538462,0.007274593765571848,0.01,0.99,False
-8.494983277591972,0.007274591235695839,0.01,0.99,False
-8.528428093645484,0.007274588871298657,0.01,0.99,False
-8.561872909698996,0.0072745866615563535,0.01,0.99,False
-8.595317725752508,0.007274584596352976,0.01,0.99,False
-8.62876254180602,0.007274582666234255,0.01,0.99,False
-8.66220735785953,0.007274580862364322,0.01,0.99,False
-8.695652173913043,0.007274579176485262,0.01,0.99,False
-8.729096989966555,0.007274577600879309,0.01,0.99,False
-8.762541806020067,0.0072745761283335144,0.01,0.99,False
-8.795986622073578,0.007274574752106729,0.01,0.99,False
-8.82943143812709,0.007274573465898739,0.01,0.99,False
-8.862876254180602,0.007274572263821429,0.01,0.99,False
-8.896321070234114,0.007274571140371823,0.01,0.99,False
-8.929765886287624,0.007274570090406894,0.01,0.99,False
-8.963210702341136,0.00727456910912002,0.01,0.99,False
-8.996655518394649,0.00727456819201898,0.01,0.99,False
-9.03010033444816,0.007274567334905386,0.01,0.99,False
-9.063545150501671,0.00727456653385547,0.01,0.99,False
-9.096989966555183,0.007274565785202114,0.01,0.99,False
-9.130434782608695,0.007274565085518065,0.01,0.99,False
-9.163879598662207,0.00727456443160025,0.01,0.99,False
-9.197324414715718,0.007274563820455105,0.01,0.99,False
-9.23076923076923,0.007274563249284876,0.01,0.99,False
-9.264214046822742,0.00727456271547481,0.01,0.99,False
-9.297658862876254,0.007274562216581183,0.01,0.99,False
-9.331103678929766,0.0072745617503201165,0.01,0.99,False
-9.364548494983277,0.00727456131455712,0.01,0.99,False
-9.397993311036789,0.007274560907297317,0.01,0.99,False
-9.431438127090301,0.00727456052667632,0.01,0.99,False
-9.464882943143813,0.007274560170951688,0.01,0.99,False
-9.498327759197323,0.007274559838494953,0.01,0.99,False
-9.531772575250836,0.007274559527784164,0.01,0.99,False
-9.565217391304348,0.007274559237396925,0.01,0.99,False
-9.59866220735786,0.007274558966003872,0.01,0.99,False
-9.63210702341137,0.0072745587123626,0.01,0.99,False
-9.665551839464882,0.007274558475311967,0.01,0.99,False
-9.698996655518394,0.007274558253766782,0.01,0.99,False
-9.732441471571907,0.007274558046712836,0.01,0.99,False
-9.765886287625417,0.007274557853202259,0.01,0.99,False
-9.799331103678929,0.00727455767234918,0.01,0.99,False
-9.832775919732441,0.0072745575033256755,0.01,0.99,False
-9.866220735785953,0.007274557345357974,0.01,0.99,False
-9.899665551839464,0.007274557197722917,0.01,0.99,False
-9.933110367892976,0.0072745570597446485,0.01,0.99,False
-9.966555183946488,0.007274556930791518,0.01,0.99,False
-10.0,0.007274556810273194,0.01,0.99,False
0.0,1.0207957651407225,0.01,1.01,True
-0.033444816053511704,0.952199171529158,0.01,1.01,True
-0.06688963210702341,0.8882100498423798,0.01,1.01,True
-0.1003344481605351,0.8285189270231993,0.01,1.01,True
-0.13377926421404682,0.7728371165921193,0.01,1.01,True
-0.16722408026755853,0.7208953224617789,0.01,1.01,True
-0.2006688963210702,0.6724423365299004,0.01,1.01,True
-0.23411371237458192,0.6272438237518542,0.01,1.01,True
-0.26755852842809363,0.5850811888170456,0.01,1.01,True
-0.3010033444816053,0.5457505189479835,0.01,1.01,True
-0.33444816053511706,0.5090615977090485,0.01,1.01,True
-0.36789297658862874,0.47483698505541017,0.01,1.01,True
-0.4013377926421404,0.4429111591728943,0.01,1.01,True
-0.43478260869565216,0.41312971595844866,0.01,1.01,True
-0.46822742474916385,0.385348622269625,0.01,1.01,True
-0.5016722408026756,0.35943351933153644,0.01,1.01,True
-0.5351170568561873,0.33525907293233254,0.01,1.01,True
-0.568561872909699,0.31270836726451684,0.01,1.01,True
-0.6020066889632106,0.29167233948051763,0.01,1.01,True
-0.6354515050167224,0.2720492522278315,0.01,1.01,True
-0.6688963210702341,0.25374420161274225,0.01,1.01,True
-0.7023411371237458,0.23666865821295877,0.01,1.01,True
-0.7357859531772575,0.22074003891935573,0.01,1.01,True
-0.7692307692307692,0.20588130753609807,0.01,1.01,True
-0.8026755852842808,0.1920206022075155,0.01,1.01,True
-0.8361204013377926,0.17909088786983846,0.01,1.01,True
-0.8695652173913043,0.16702963204693397,0.01,1.01,True
-0.903010033444816,0.15577850242207916,0.01,1.01,True
-0.9364548494983277,0.14528308472312837,0.01,1.01,True
-0.9698996655518394,0.13549261955666989,0.01,1.01,True
-1.0033444816053512,0.12635975691841408,0.01,1.01,True
-1.0367892976588629,0.11784032719254123,0.01,1.01,True
-1.0702341137123745,0.10989312753248512,0.01,1.01,True
-1.1036789297658862,0.10247972259001689,0.01,1.01,True
-1.137123745819398,0.09556425862888829,0.01,1.01,True
-1.1705685618729096,0.08911329012402383,0.01,1.01,True
-1.2040133779264213,0.0830956180076382,0.01,1.01,True
-1.237458193979933,0.07748213877998145,0.01,1.01,True
-1.2709030100334449,0.07224570375496037,0.01,1.01,True
-1.3043478260869565,0.06736098775990124,0.01,1.01,True
-1.3377926421404682,0.06280436665444017,0.01,1.01,True
-1.37123745819398,0.05855380307618202,0.01,1.01,True
-1.4046822742474916,0.05458873986055475,0.01,1.01,True
-1.4381270903010033,0.050890000619401424,0.01,1.01,True
-1.471571906354515,0.04743969699747459,0.01,1.01,True
-1.5050167224080266,0.04422114215829398,0.01,1.01,True
-1.5384615384615383,0.04121877008095548,0.01,1.01,True
-1.57190635451505,0.038418060277584,0.01,1.01,True
-1.6053511705685617,0.035805467567337865,0.01,1.01,True
-1.6387959866220736,0.03336835656732827,0.01,1.01,True
-1.6722408026755853,0.031094940583629802,0.01,1.01,True
-1.705685618729097,0.028974224606837885,0.01,1.01,True
-1.7391304347826086,0.026995952136480757,0.01,1.01,True
-1.7725752508361203,0.025150555577110732,0.01,1.01,True
-1.806020066889632,0.023429109966173225,0.01,1.01,True
-1.8394648829431437,0.021823289809866236,0.01,1.01,True
-1.8729096989966554,0.020325328818233464,0.01,1.01,True
-1.906354515050167,0.01892798234475672,0.01,1.01,True
-1.9397993311036787,0.017624492348792552,0.01,1.01,True
-1.9732441471571907,0.016408554711399622,0.01,1.01,True
-2.0066889632107023,0.015274288746485107,0.01,1.01,True
-2.040133779264214,0.01421620875981576,0.01,1.01,True
-2.0735785953177257,0.013229197518343352,0.01,1.01,True
-2.1070234113712374,0.012308481501533028,0.01,1.01,True
-2.140468227424749,0.011449607815001907,0.01,1.01,True
-2.1739130434782608,0.01064842265481421,0.01,1.01,True
-2.2073578595317724,0.009901051218279068,0.01,1.01,True
-2.240802675585284,0.009203878964092872,0.01,1.01,True
-2.274247491638796,0.00855353413119369,0.01,1.01,True
-2.3076923076923075,0.007946871431783239,0.01,1.01,True
-2.341137123745819,0.007380956839650198,0.01,1.01,True
-2.374581939799331,0.0068530534002260515,0.01,1.01,True
-2.4080267558528425,0.006360607993746202,0.01,1.01,True
-2.441471571906354,0.0059012389874983215,0.01,1.01,True
-2.474916387959866,0.005472724717440245,0.01,1.01,True
-2.508361204013378,0.005072992743480465,0.01,1.01,True
-2.5418060200668897,0.0047001098264562,0.01,1.01,True
-2.5752508361204014,0.004352272578334244,0.01,1.01,True
-2.608695652173913,0.004027798740415894,0.01,1.01,True
-2.6421404682274248,0.0037251190473643007,0.01,1.01,True
-2.6755852842809364,0.003442769637706007,0.01,1.01,True
-2.709030100334448,0.0031793849741012436,0.01,1.01,True
-2.74247491638796,0.0029336912391430218,0.01,1.01,True
-2.7759197324414715,0.002704500174744891,0.01,1.01,True
-2.809364548494983,0.0024907033353225062,0.01,1.01,True
-2.842809364548495,0.002291266726975511,0.01,1.01,True
-2.8762541806020065,0.0021052258067429533,0.01,1.01,True
-2.9096989966555182,0.0019316808177469624,0.01,1.01,True
-2.94314381270903,0.0017697924376638614,0.01,1.01,True
-2.9765886287625416,0.0016187777194772348,0.01,1.01,True
-3.0100334448160533,0.001477906304881081,0.01,1.01,True
-3.043478260869565,0.001346496892019767,0.01,1.01,True
-3.0769230769230766,0.0012239139404815842,0.01,1.01,True
-3.1103678929765883,0.0011095645976101514,0.01,1.01,True
-3.1438127090301,0.001002895831268237,0.01,1.01,True
-3.1772575250836117,0.0009033917551871094,0.01,1.01,True
-3.2107023411371234,0.0008105711339658789,0.01,1.01,True
-3.2441471571906355,0.0007239850556541648,0.01,1.01,True
-3.277591973244147,0.0006432147606619204,0.01,1.01,True
-3.311036789297659,0.0005678696164962732,0.01,1.01,True
-3.3444816053511706,0.0004975852285305323,0.01,1.01,True
-3.3779264214046822,0.00043202167766840445,0.01,1.01,True
-3.411371237458194,0.0003708618763801566,0.01,1.01,True
-3.4448160535117056,0.00031381003515996606,0.01,1.01,True
-3.4782608695652173,0.00026059023198772774,0.01,1.01,True
-3.511705685618729,0.00021094507787674242,0.01,1.01,True
-3.5451505016722407,0.00016463447205343604,0.01,1.01,True
-3.5785953177257523,0.00012143444074872725,0.01,1.01,True
-3.612040133779264,8.113605398504928e-05,0.01,1.01,True
-3.6454849498327757,4.354441512024283e-05,0.01,1.01,True
-3.6789297658862874,8.477718261406468e-06,0.01,1.01,True
-3.712374581939799,-2.423363100995373e-05,0.01,1.01,True
-3.7458193979933108,-5.474783585395198e-05,0.01,1.01,True
-3.7792642140468224,-8.321247329636753e-05,0.01,1.01,True
-3.812709030100334,-0.00010976520796110548,0.01,1.01,True
-3.846153846153846,-0.00013453445786292873,0.01,1.01,True
-3.8795986622073575,-0.0001576400154804546,0.01,1.01,True
-3.913043478260869,-0.00017919362711313824,0.01,1.01,True
-3.9464882943143813,-0.000199299533324214,0.01,1.01,True
-3.979933110367893,-0.0002180549730833477,0.01,1.01,True
-4.013377926421405,-0.00023555065404721827,0.01,1.01,True
-4.046822742474916,-0.0002518711912524572,0.01,1.01,True
-4.080267558528428,-0.000267095516342611,0.01,1.01,True
-4.113712374581939,-0.0002812972593082947,0.01,1.01,True
-4.147157190635451,-0.00029454510458675615,0.01,1.01,True
-4.180602006688963,-0.00030690312324306666,0.01,1.01,True
-4.214046822742475,-0.00031843108283948645,0.01,1.01,True
-4.247491638795986,-0.00032918473649162924,0.01,1.01,True
-4.280936454849498,-0.00033921609250940735,0.01,1.01,True
-4.31438127090301,-0.0003485736659268253,0.01,1.01,True
-4.3478260869565215,-0.00035730271313711066,0.01,1.01,True
-4.381270903010034,-0.00036544545076795464,0.01,1.01,True
-4.414715719063545,-0.0003730412598554155,0.01,1.01,True
-4.448160535117057,-0.0003801268763039432,0.01,1.01,True
-4.481605351170568,-0.0003867365685536503,0.01,1.01,True
-4.51505016722408,-0.00039290230331409133,0.01,1.01,True
-4.548494983277592,-0.0003986539001660921,0.01,1.01,True
-4.581939799331104,-0.00040401917577933963,0.01,1.01,True
-4.615384615384615,-0.00040902407844321353,0.01,1.01,True
-4.648829431438127,-0.00041369281356149964,0.01,1.01,True
-4.682274247491638,-0.0004180479607179173,0.01,1.01,True
-4.7157190635451505,-0.00042211058287863133,0.01,1.01,True
-4.749163879598662,-0.00042590032825988753,0.01,1.01,True
-4.782608695652174,-0.00042943552535343863,0.01,1.01,True
-4.816053511705685,-0.0004327332715693359,0.01,1.01,True
-4.849498327759197,-0.0004358095159247931,0.01,1.01,True
-4.882943143812708,-0.0004386791361790331,0.01,1.01,True
-4.916387959866221,-0.0004413560107871689,0.01,1.01,True
-4.949832775919732,-0.00044385308602111126,0.01,1.01,True
-4.983277591973244,-0.00044618243858212303,0.01,1.01,True
-5.016722408026756,-0.000448355334007835,0.01,1.01,True
-5.050167224080267,-0.00045038228115620014,0.01,1.01,True
-5.083612040133779,-0.00045227308302988884,0.01,1.01,True
-5.117056856187291,-0.0004540368841869285,0.01,1.01,True
-5.150501672240803,-0.00045568221496688225,0.01,1.01,True
-5.183946488294314,-0.00045721703274645946,0.01,1.01,True
-5.217391304347826,-0.00045864876042408343,0.01,1.01,True
-5.250836120401337,-0.0004599843223195412,0.01,1.01,True
-5.2842809364548495,-0.00046123017766233864,0.01,1.01,True
-5.317725752508361,-0.0004623923518307211,0.01,1.01,True
-5.351170568561873,-0.00046347646549244254,0.01,1.01,True
-5.384615384615384,-0.0004644877617882181,0.01,1.01,True
-5.418060200668896,-0.0004654311316893273,0.01,1.01,True
-5.4515050167224075,-0.0004663111376520074,0.01,1.01,True
-5.48494983277592,-0.0004671320356830363,0.01,1.01,True
-5.518394648829431,-0.00046789779592322256,0.01,1.01,True
-5.551839464882943,-0.00046861212184835,0.01,1.01,True
-5.585284280936454,-0.000469278468180441,0.01,1.01,True
-5.618729096989966,-0.00046990005759596146,0.01,1.01,True
-5.652173913043478,-0.00047047989631177555,0.01,1.01,True
-5.68561872909699,-0.00047102078862422826,0.01,1.01,True
-5.719063545150502,-0.0004715253504716717,0.01,1.01,True
-5.752508361204013,-0.00047199602208602894,0.01,1.01,True
-5.785953177257525,-0.0004724350797945817,0.01,1.01,True
-5.8193979933110365,-0.0004728446470290597,0.01,1.01,True
-5.852842809364549,-0.00047322670459527556,0.01,1.01,True
-5.88628762541806,-0.0004735831002529721,0.01,1.01,True
-5.919732441471572,-0.0004739155576522145,0.01,1.01,True
-5.953177257525083,-0.000474225684669545,0.01,1.01,True
-5.986622073578595,-0.0004745149811842188,0.01,1.01,True
-6.020066889632107,-0.0004747848463321276,0.01,1.01,True
-6.053511705685619,-0.00047503658527249456,0.01,1.01,True
-6.08695652173913,-0.00047527141550006614,0.01,1.01,True
-6.120401337792642,-0.00047549047273332906,0.01,1.01,True
-6.153846153846153,-0.0004756948164072294,0.01,1.01,True
-6.187290969899665,-0.0004758854347969583,0.01,1.01,True
-6.220735785953177,-0.00047606324979758614,0.01,1.01,True
-6.254180602006689,-0.00047622912138265837,0.01,1.01,True
-6.2876254180602,-0.00047638385176331936,0.01,1.01,True
-6.321070234113712,-0.0004765281892680769,0.01,1.01,True
-6.354515050167223,-0.00047666283196197206,0.01,1.01,True
-6.3879598662207355,-0.0004767884310226584,0.01,1.01,True
-6.421404682274247,-0.0004769055938897173,0.01,1.01,True
-6.454849498327759,-0.00047701488720244145,0.01,1.01,True
-6.488294314381271,-0.0004771168395402946,0.01,1.01,True
-6.521739130434782,-0.00047721194397930034,0.01,1.01,True
-6.555183946488294,-0.0004773006604767252,0.01,1.01,True
-6.588628762541806,-0.00047738341809558724,0.01,1.01,True
-6.622073578595318,-0.0004774606170797505,0.01,1.01,True
-6.655518394648829,-0.0004775326307896395,0.01,1.01,True
-6.688963210702341,-0.0004775998075079369,0.01,1.01,True
-6.722408026755852,-0.0004776624721239963,0.01,1.01,True
-6.7558528428093645,-0.00047772092770511726,0.01,1.01,True
-6.789297658862876,-0.0004777754569622812,0.01,1.01,True
-6.822742474916388,-0.0004778263236174378,0.01,1.01,True
-6.856187290969899,-0.0004778737736789532,0.01,1.01,True
-6.889632107023411,-0.00047791803663138995,0.01,1.01,True
-6.9230769230769225,-0.0004779593265453721,0.01,1.01,True
-6.956521739130435,-0.0004779978431129032,0.01,1.01,True
-6.989966555183946,-0.00047803377261314425,0.01,1.01,True
-7.023411371237458,-0.0004780672888133231,0.01,1.01,True
-7.056856187290969,-0.0004780985538091313,0.01,1.01,True
-7.090301003344481,-0.00047812771880867394,0.01,1.01,True
-7.123745819397993,-0.0004781549248637631,0.01,1.01,True
-7.157190635451505,-0.0004781803035520924,0.01,1.01,True
-7.190635451505017,-0.00047820397761359106,0.01,1.01,True
-7.224080267558528,-0.00047822606154403565,0.01,1.01,True
-7.25752508361204,-0.0004782466621487908,0.01,1.01,True
-7.290969899665551,-0.0004782658790593558,0.01,1.01,True
-7.3244147157190636,-0.00047828380521521647,0.01,1.01,True
-7.357859531772575,-0.0004783005273133317,0.01,1.01,True
-7.391304347826087,-0.00047831612622742956,0.01,1.01,True
-7.424749163879598,-0.00047833067739913994,0.01,1.01,True
-7.45819397993311,-0.00047834425120285584,0.01,1.01,True
-7.4916387959866215,-0.00047835691328608764,0.01,1.01,True
-7.525083612040134,-0.00047836872488695684,0.01,1.01,True
-7.558528428093645,-0.00047837974313036434,0.01,1.01,True
-7.591973244147157,-0.0004783900213042656,0.01,1.01,True
-7.625418060200668,-0.00047839960911738957,0.01,1.01,True
-7.65886287625418,-0.0004784085529396466,0.01,1.01,True
-7.692307692307692,-0.0004784168960263892,0.01,1.01,True
-7.725752508361204,-0.0004784246787276096,0.01,1.01,True
-7.759197324414715,-0.00047843193868308593,0.01,1.01,True
-7.792642140468227,-0.00047843871100442073,0.01,1.01,True
-7.826086956521738,-0.000478445028444853,0.01,1.01,True
-7.8595317725752505,-0.0004784509215576635,0.01,1.01,True
-7.892976588628763,-0.000478456418843941,0.01,1.01,True
-7.926421404682274,-0.00047846154689042315,0.01,1.01,True
-7.959866220735786,-0.000478466330498079,0.01,1.01,True
-7.993311036789297,-0.00047847079280205463,0.01,1.01,True
-8.02675585284281,-0.00047847495538356295,0.01,1.01,True
-8.060200668896321,-0.00047847883837425745,0.01,1.01,True
-8.093645484949832,-0.00047848246055359577,0.01,1.01,True
-8.127090301003344,-0.00047848583943966357,0.01,1.01,True
-8.160535117056856,-0.0004784889913738978,0.01,1.01,True
-8.193979933110368,-0.0004784919316001196,0.01,1.01,True
-8.227424749163879,-0.00047849467433825845,0.01,1.01,True
-8.26086956521739,-0.00047849723285312457,0.01,1.01,True
-8.294314381270903,-0.00047849961951856217,0.01,1.01,True
-8.327759197324415,-0.0004785018458772932,0.01,1.01,True
-8.361204013377925,-0.00047850392269674244,0.01,1.01,True
-8.394648829431437,-0.0004785058600211118,0.01,1.01,True
-8.42809364548495,-0.0004785076672199578,0.01,1.01,True
-8.461538461538462,-0.000478509353033506,0.01,1.01,True
-8.494983277591972,-0.00047851092561492143,0.01,1.01,True
-8.528428093645484,-0.0004785123925697403,0.01,1.01,True
-8.561872909698996,-0.0004785137609926527,0.01,1.01,True
-8.595317725752508,-0.00047851503750181523,0.01,1.01,True
-8.62876254180602,-0.00047851622827085834,0.01,1.01,True
-8.66220735785953,-0.00047851733905874427,0.01,1.01,True
-8.695652173913043,-0.0004785183752376193,0.01,1.01,True
-8.729096989966555,-0.00047851934181879533,0.01,1.01,True
-8.762541806020067,-0.00047852024347698615,0.01,1.01,True
-8.795986622073578,-0.0004785210845729161,0.01,1.01,True
-8.82943143812709,-0.0004785218691744098,0.01,1.01,True
-8.862876254180602,-0.0004785226010760657,0.01,1.01,True
-8.896321070234114,-0.0004785232838176081,0.01,1.01,True
-8.929765886287624,-0.00047852392070100617,0.01,1.01,True
-8.963210702341136,-0.0004785245148064437,0.01,1.01,True
-8.996655518394649,-0.0004785250690072157,0.01,1.01,True
-9.03010033444816,-0.00047852558598362473,0.01,1.01,True
-9.063545150501671,-0.00047852606823594376,0.01,1.01,True
-9.096989966555183,-0.0004785265180965083,0.01,1.01,True
-9.130434782608695,-0.00047852693774099635,0.01,1.01,True
-9.163879598662207,-0.00047852732919895067,0.01,1.01,True
-9.197324414715718,-0.00047852769436359453,0.01,1.01,True
-9.23076923076923,-0.0004785280350009877,0.01,1.01,True
-9.264214046822742,-0.00047852835275856805,0.01,1.01,True
-9.297658862876254,-0.0004785286491731187,0.01,1.01,True
-9.331103678929766,-0.0004785289256782009,0.01,1.01,True
-9.364548494983277,-0.0004785291836110868,0.01,1.01,True
-9.397993311036789,-0.0004785294242192271,0.01,1.01,True
-9.431438127090301,-0.00047852964866628426,0.01,1.01,True
-9.464882943143813,-0.0004785298580377603,0.01,1.01,True
-9.498327759197323,-0.0004785300533462465,0.01,1.01,True
-9.531772575250836,-0.0004785302355363209,0.01,1.01,True
-9.565217391304348,-0.00047853040548911626,0.01,1.01,True
-9.59866220735786,-0.0004785305640265819,0.01,1.01,True
-9.63210702341137,-0.00047853071191545873,0.01,1.01,True
-9.665551839464882,-0.00047853084987098735,0.01,1.01,True
-9.698996655518394,-0.00047853097856036746,0.01,1.01,True
-9.732441471571907,-0.00047853109860598446,0.01,1.01,True
-9.765886287625417,-0.00047853121058841956,0.01,1.01,True
-9.799331103678929,-0.0004785313150492578,0.01,1.01,True
-9.832775919732441,-0.0004785314124937071,0.01,1.01,True
-9.866220735785953,-0.00047853150339304185,0.01,1.01,True
-9.899665551839464,-0.00047853158818688193,0.01,1.01,True
-9.933110367892976,-0.00047853166728531915,0.01,1.01,True
-9.966555183946488,-0.0004785317410709003,0.01,1.01,True
-10.0,-0.00047853180990047744,0.01,1.01,True
0.0,0.9980766628973838,0.01,1.01,False
-0.033444816053511704,0.9316364686508557,0.01,1.01,False
-0.06688963210702341,0.8696143981978423,0.01,1.01,False
-0.1003344481605351,0.8117166562224782,0.01,1.01,False
-0.13377926421404682,0.7576689841379846,0.01,1.01,False
-0.16722408026755853,0.7072153609380345,0.01,1.01,False
-0.2006688963210702,0.6601167904385871,0.01,1.01,False
-0.23411371237458192,0.6161501691654171,0.01,1.01,False
-0.26755852842809363,0.5751072295245838,0.01,1.01,False
-0.3010033444816053,0.53679355324969,0.01,1.01,False
-0.33444816053511706,0.5010276504526858,0.01,1.01,False
-0.36789297658862874,0.4676400999157254,0.01,1.01,False
-0.4013377926421404,0.43647274655168694,0.01,1.01,False
-0.43478260869565216,0.40737795223176565,0.01,1.01,False
-0.46822742474916385,0.380217896431351,0.01,1.01,False
-0.5016722408026756,0.35486392338138345,0.01,1.01,False
-0.5351170568561873,0.33119593263267993,0.01,1.01,False
-0.568561872909699,0.3091018101463649,0.01,1.01,False
-0.6020066889632106,0.28847689721550995,0.01,1.01,False
-0.6354515050167224,0.26922349470229257,0.01,1.01,False
-0.6688963210702341,0.25125040024227163,0.01,1.01,False
-0.7023411371237458,0.23447247622353914,0.01,1.01,False
-0.7357859531772575,0.21881024649428887,0.01,1.01,False
-0.7692307692307692,0.2041895198884271,0.01,1.01,False
-0.8026755852842808,0.19054103878588444,0.01,1.01,False
-0.8361204013377926,0.17780015104287847,0.01,1.01,False
-0.8695652173913043,0.16590650373807792,0.01,1.01,False
-0.903010033444816,0.15480375728395862,0.01,1.01,False
-0.9364548494983277,0.14443931854911385,0.01,1.01,False
-0.9698996655518394,0.13476409172733086,0.01,1.01,False
-1.0033444816053512,0.12573224577331535,0.01,1.01,False
-1.0367892976588629,0.11730099730341813,0.01,1.01,False
-1.0702341137123745,0.10943040793297615,0.01,1.01,False
-1.1036789297658862,0.10208319509026535,0.01,1.01,False
-1.137123745819398,0.09522455541090132,0.01,1.01,False
-1.1705685618729096,0.08882199987611557,0.01,1.01,False
-1.2040133779264213,0.08284519991396676,0.01,1.01,False
-1.237458193979933,0.07726584373447554,0.01,1.01,False
-1.2709030100334449,0.07205750221815097,0.01,1.01,False
-1.3043478260869565,0.06719550372262857,0.01,1.01,False
-1.3377926421404682,0.062656817214386,0.01,1.01,False
-1.37123745819398,0.05841994317193734,0.01,1.01,False
-1.4046822742474916,0.054464811743720205,0.01,1.01,False
-1.4381270903010033,0.05077268767825469,0.01,1.01,False
-1.471571906354515,0.04732608157623334,0.01,1.01,False
-1.5050167224080266,0.04410866704414797,0.01,1.01,False
-1.5384615384615383,0.041105203357014404,0.01,1.01,False
-1.57190635451505,0.03830146326385238,0.01,1.01,False
-1.6053511705685617,0.035684165593938943,0.01,1.01,False
-1.6387959866220736,0.0332409123445949,0.01,1.01,False
-1.6722408026755853,0.030960129952492133,0.01,1.01,False
-1.705685618729097,0.028831014470287138,0.01,1.01,False
-1.7391304347826086,0.02684348038888551,0.01,1.01,False
-1.7725752508361203,0.024988112862910843,0.01,1.01,False
-1.806020066889632,0.02325612311307282,0.01,1.01,False
-1.8394648829431437,0.02163930679417766,0.01,1.01,False
-1.8729096989966554,0.020130005131572468,0.01,1.01,False
-1.906354515050167,0.01872106864192877,0.01,1.01,False
-1.9397993311036787,0.01740582326651252,0.01,1.01,False
-1.9732441471571907,0.016178038756515703,0.01,1.01,False
-2.0066889632107023,0.015031899160692364,0.01,1.01,False
-2.040133779264214,0.013961975275500546,0.01,1.01,False
-2.0735785953177257,0.012963198927248143,0.01,1.01,False
-2.1070234113712374,0.012030838964418086,0.01,1.01,False
-2.140468227424749,0.011160478846450255,0.01,1.01,False
-2.1739130434782608,0.01034799572281888,0.01,1.01,False
-2.2073578595317724,0.009589540903304529,0.01,1.01,False
-2.240802675585284,0.008881521626949019,0.01,1.01,False
-2.274247491638796,0.008220584043333987,0.01,1.01,False
-2.3076923076923075,0.007603597325566264,0.01,1.01,False
-2.341137123745819,0.0070276388397139565,0.01,1.01,False
-2.374581939799331,0.006489980300441866,0.01,1.01,False
-2.4080267558528425,0.0059880748472659765,0.01,1.01,False
-2.441471571906354,0.005519544980208076,0.01,1.01,False
-2.474916387959866,0.0050821712977022595,0.01,1.01,False
-2.508361204013378,0.004673881983405322,0.01,1.01,False
-2.5418060200668897,0.00429274299211076,0.01,1.01,False
-2.5752508361204014,0.003936948888277343,0.01,1.01,False
-2.608695652173913,0.003604814293775063,0.01,1.01,False
-2.6421404682274248,0.0032947659043367755,0.01,1.01,False
-2.6755852842809364,0.003005335036897824,0.01,1.01,False
-2.709030100334448,0.002735150672520936,0.01,1.01,False
-2.74247491638796,0.002482932961950927,0.01,1.01,False
-2.7759197324414715,0.0022474871630354856,0.01,1.01,False
-2.809364548494983,0.0020276979812938554,0.01,1.01,False
-2.842809364548495,0.0018225242868249835,0.01,1.01,False
-2.8762541806020065,0.0016309941825294468,0.01,1.01,False
-2.9096989966555182,0.0014522004002835212,0.01,1.01,False
-2.94314381270903,0.001285296003257362,0.01,1.01,False
-2.9765886287625416,0.0011294903740193807,0.01,1.01,False
-3.0100334448160533,0.000984045469422654,0.01,1.01,False
-3.043478260869565,0.0008482723245330115,0.01,1.01,False
-3.0769230769230766,0.0007215277890380279,0.01,1.01,False
-3.1103678929765883,0.0006032114806775208,0.01,1.01,False
-3.1438127090301,0.0004927629412640573,0.01,1.01,False
-3.1772575250836117,0.0003896589818217309,0.01,1.01,False
-3.2107023411371234,0.00029341120426724736,0.01,1.01,False
-3.2441471571906355,0.00020356368789364475,0.01,1.01,False
-3.277591973244147,0.00011969082969767557,0.01,1.01,False
-3.311036789297659,4.1395328320542905e-05,0.01,1.01,False
-3.3444816053511706,-3.1693697947924454e-05,0.01,1.01,False
-3.3779264214046822,-9.992246801660703e-05,0.01,1.01,False
-3.411371237458194,-0.00016361417801403003,0.01,1.01,False
-3.4448160535117056,-0.00022307053225157714,0.01,1.01,False
-3.4782608695652173,-0.0002785731723810972,0.01,1.01,False
-3.511705685618729,-0.000330385011516731,0.01,1.01,False
-3.5451505016722407,-0.0003787514796406311,0.01,1.01,False
-3.5785953177257523,-0.0004239016861920026,0.01,1.01,False
-3.612040133779264,-0.00046604950534657357,0.01,1.01,False
-3.6454849498327757,-0.0005053945891274244,0.01,1.01,False
-3.6789297658862874,-0.0005421233131462167,0.01,1.01,False
-3.712374581939799,-0.0005764096594547515,0.01,1.01,False
-3.7458193979933108,-0.0006084160406888868,0.01,1.01,False
-3.7792642140468224,-0.0006382940694087268,0.01,1.01,False
-3.812709030100334,-0.0006661852762794218,0.01,1.01,False
-3.846153846153846,-0.0006922217804945525,0.01,1.01,False
-3.8795986622073575,-0.000716526915617865,0.01,1.01,False
-3.913043478260869,-0.0007392158138079372,0.01,1.01,False
-3.9464882943143813,-0.0007603959511932139,0.01,1.01,False
-3.979933110367893,-0.0007801676569808252,0.01,1.01,False
-4.013377926421405,-0.0007986245887108157,0.01,1.01,False
-4.046822742474916,-0.0008158541759070294,0.01,1.01,False
-4.080267558528428,-0.0008319380342262088,0.01,1.01,False
-4.113712374581939,-0.0008469523520671073,0.01,1.01,False
-4.147157190635451,-0.0008609682514709656,0.01,1.01,False
-4.180602006688963,-0.0008740521250229138,0.01,1.01,False
-4.214046822742475,-0.0008862659503501881,0.01,1.01,False
-4.247491638795986,-0.0008976675837069199,0.01,1.01,False
-4.280936454849498,-0.0009083110340362007,0.01,1.01,False
-4.31438127090301,-0.0009182467188076264,0.01,1.01,False
-4.3478260869565215,-0.0009275217028422266,0.01,1.01,False
-4.381270903010034,-0.0009361799212560689,0.01,1.01,False
-4.414715719063545,-0.0009442623875786138,0.01,1.01,False
-4.448160535117057,-0.000951807388031667,0.01,1.01,False
-4.481605351170568,-0.0009588506628892162,0.01,1.01,False
-4.51505016722408,-0.0009654255757772487,0.01,1.01,False
-4.548494983277592,-0.0009715632717155063,0.01,1.01,False
-4.581939799331104,-0.0009772928246498233,0.01,1.01,False
-4.615384615384615,-0.0009826413751738918,0.01,1.01,False
-4.648829431438127,-0.0009876342590928399,0.01,1.01,False
-4.682274247491638,-0.0009922951274376206,0.01,1.01,False
-4.7157190635451505,-0.0009966460584987125,0.01,1.01,False
-4.749163879598662,-0.001000707662409832,0.01,1.01,False
-4.782608695652174,-0.0010044991787770629,0.01,1.01,False
-4.816053511705685,-0.001008038567815866,0.01,1.01,False
-4.849498327759197,-0.0010113425954276873,0.01,1.01,False
-4.882943143812708,-0.001014426912619156,0.01,1.01,False
-4.916387959866221,-0.001017306129640089,0.01,1.01,False
-4.949832775919732,-0.0010199938851914833,0.01,1.01,False
-4.983277591973244,-0.0010225029110313313,0.01,1.01,False
-5.016722408026756,-0.001024845092284295,0.01,1.01,False
-5.050167224080267,-0.0010270315237409222,0.01,1.01,False
-5.083612040133779,-0.0010290725624130918,0.01,1.01,False
-5.117056856187291,-0.0010309778765946384,0.01,1.01,False
-5.150501672240803,-0.0010327564916595574,0.01,1.01,False
-5.183946488294314,-0.0010344168328147302,0.01,1.01,False
-5.217391304347826,-0.0010359667650096914,0.01,1.01,False
-5.250836120401337,-0.001037413630192484,0.01,1.01,False
-5.2842809364548495,-0.001038764282088085,0.01,1.01,False
-5.317725752508361,-0.0010400251186641436,0.01,1.01,False
-5.351170568561873,-0.0010412021124378205,0.01,1.01,False
-5.384615384615384,-0.0010423008387672903,0.01,1.01,False
-5.418060200668896,-0.0010433265022619226,0.01,1.01,False
-5.4515050167224075,-0.0010442839614362462,0.01,1.01,False
-5.48494983277592,-0.001045177751724478,0.01,1.01,False
-5.518394648829431,-0.0010460121069646394,0.01,1.01,False
-5.551839464882943,-0.001046790979454026,0.01,1.01,False
-5.585284280936454,-0.0010475180586710345,0.01,1.01,False
-5.618729096989966,-0.001048196788752029,0.01,1.01,False
-5.652173913043478,-0.001048830384806035,0.01,1.01,False
-5.68561872909699,-0.0010494218481445453,0.01,1.01,False
-5.719063545150502,-0.001049973980498574,0.01,1.01,False
-5.752508361204013,-0.0010504893972903115,0.01,1.01,False
-5.785953177257525,-0.0010509705400222424,0.01,1.01,False
-5.8193979933110365,-0.0010514196878424168,0.01,1.01,False
-5.852842809364549,-0.001051838968340654,0.01,1.01,False
-5.88628762541806,-0.0010522303676268265,0.01,1.01,False
-5.919732441471572,-0.0010525957397389573,0.01,1.01,False
-5.953177257525083,-0.001052936815425703,0.01,1.01,False
-5.986622073578595,-0.0010532552103448187,0.01,1.01,False
-6.020066889632107,-0.001053552432716445,0.01,1.01,False
-6.053511705685619,-0.0010538298904674687,0.01,1.01,False
-6.08695652173913,-0.0010540888979007988,0.01,1.01,False
-6.120401337792642,-0.0010543306819211498,0.01,1.01,False
-6.153846153846153,-0.0010545563878468277,0.01,1.01,False
-6.187290969899665,-0.0010547670848350412,0.01,1.01,False
-6.220735785953177,-0.0010549637709464442,0.01,1.01,False
-6.254180602006689,-0.0010551473778728975,0.01,1.01,False
-6.2876254180602,-0.0010553187753508443,0.01,1.01,False
-6.321070234113712,-0.0010554787752812063,0.01,1.01,False
-6.354515050167223,-0.0010556281355753165,0.01,1.01,False
-6.3879598662207355,-0.0010557675637451048,0.01,1.01,False
-6.421404682274247,-0.0010558977202545464,0.01,1.01,False
-6.454849498327759,-0.001056019221648244,0.01,1.01,False
-6.488294314381271,-0.0010561326434719688,0.01,1.01,False
-6.521739130434782,-0.001056238522998989,0.01,1.01,False
-6.555183946488294,-0.0010563373617751076,0.01,1.01,False
-6.588628762541806,-0.0010564296279944557,0.01,1.01,False
-6.622073578595318,-0.0010565157587173074,0.01,1.01,False
-6.655518394648829,-0.0010565961619404083,0.01,1.01,False
-6.688963210702341,-0.0010566712185296368,0.01,1.01,False
-6.722408026755852,-0.0010567412840241446,0.01,1.01,False
-6.7558528428093645,-0.0010568066903205286,0.01,1.01,False
-6.789297658862876,-0.0010568677472450063,0.01,1.01,False
-6.822742474916388,-0.0010569247440210476,0.01,1.01,False
-6.856187290969899,-0.0010569779506394102,0.01,1.01,False
-6.889632107023411,-0.001057027619137073,0.01,1.01,False
-6.9230769230769225,-0.0010570739847911217,0.01,1.01,False
-6.956521739130435,-0.001057117267233243,0.01,1.01,False
-6.989966555183946,-0.0010571576714901096,0.01,1.01,False
-7.023411371237458,-0.0010571953889545814,0.01,1.01,False
-7.056856187290969,-0.001057230598292322,0.01,1.01,False
-7.090301003344481,-0.0010572634662881298,0.01,1.01,False
-7.123745819397993,-0.001057294148635988,0.01,1.01,False
-7.157190635451505,-0.0010573227906765794,0.01,1.01,False
-7.190635451505017,-0.001057349528085758,0.01,1.01,False
-7.224080267558528,-0.0010573744875172382,0.01,1.01,False
-7.25752508361204,-0.0010573977872025458,0.01,1.01,False
-7.290969899665551,-0.0010574195375110762,0.01,1.01,False
-7.3244147157190636,-0.0010574398414729075,0.01,1.01,False
-7.357859531772575,-0.001057458795266849,0.01,1.01,False
-7.391304347826087,-0.0010574764886760349,0.01,1.01,False
-7.424749163879598,-0.0010574930055132223,0.01,1.01,False
-7.45819397993311,-0.0010575084240178087,0.01,1.01,False
-7.4916387959866215,-0.0010575228172264464,0.01,1.01,False
-7.525083612040134,-0.0010575362533190153,0.01,1.01,False
-7.558528428093645,-0.0010575487959415854,0.01,1.01,False
-7.591973244147157,-0.001057560504507906,0.01,1.01,False
-7.625418060200668,-0.0010575714344808463,0.01,1.01,False
-7.65886287625418,-0.001057581637635118,0.01,1.01,False
-7.692307692307692,-0.0010575911623025315,0.01,1.01,False
-7.725752508361204,-0.00105760005360094,0.01,1.01,False
-7.759197324414715,-0.0010576083536479608,0.01,1.01,False
-7.792642140468227,-0.0010576161017604839,0.01,1.01,False
-7.826086956521738,-0.0010576233346409147,0.01,1.01,False
-7.8595317725752505,-0.001057630086551031,0.01,1.01,False
-7.892976588628763,-0.001057636389474279,0.01,1.01,False
-7.926421404682274,-0.0010576422732672779,0.01,1.01,False
-7.959866220735786,-0.0010576477658012485,0.01,1.01,False
-7.993311036789297,-0.0010576528930940378,0.01,1.01,False
-8.02675585284281,-0.0010576576794333649,0.01,1.01,False
-8.060200668896321,-0.0010576621474918694,0.01,1.01,False
-8.093645484949832,-0.001057666318434512,0.01,1.01,False
-8.127090301003344,-0.0010576702120188304,0.01,1.01,False
-8.160535117056856,-0.0010576738466885308,0.01,1.01,False
-8.193979933110368,-0.001057677239660854,0.01,1.01,False
-8.227424749163879,-0.0010576804070081332,0.01,1.01,False
-8.26086956521739,-0.0010576833637339273,0.01,1.01,False
-8.294314381270903,-0.0010576861238440925,0.01,1.01,False
-8.327759197324415,-0.0010576887004131268,0.01,1.01,False
-8.361204013377925,-0.0010576911056461033,0.01,1.01,False
-8.394648829431437,-0.0010576933509364853,0.01,1.01,False
-8.42809364548495,-0.0010576954469200966,0.01,1.01,False
-8.461538461538462,-0.0010576974035255019,0.01,1.01,False
-8.494983277591972,-0.0010576992300210396,0.01,1.01,False
-8.528428093645484,-0.0010577009350587233,0.01,1.01,False
-8.561872909698996,-0.001057702526715228,0.01,1.01,False
-8.595317725752508,-0.0010577040125301477,0.01,1.01,False
-8.62876254180602,-0.0010577053995417102,0.01,1.01,False
-8.66220735785953,-0.0010577066943201169,0.01,1.01,False
-8.695652173913043,-0.0010577079029986656,0.01,1.01,False
-8.729096989966555,-0.0010577090313028037,0.01,1.01,False
-8.762541806020067,-0.001057710084577249,0.01,1.01,False
-8.795986622073578,-0.0010577110678113078,0.01,1.01,False
-8.82943143812709,-0.0010577119856625085,0.01,1.01,False
-8.862876254180602,-0.0010577128424786645,0.01,1.01,False
-8.896321070234114,-0.001057713642318469,0.01,1.01,False
-8.929765886287624,-0.0010577143889707221,0.01,1.01,False
-8.963210702341136,-0.001057715085972276,0.01,1.01,False
-8.996655518394649,-0.001057715736624791,0.01,1.01,False
-9.03010033444816,-0.0010577163440103742,0.01,1.01,False
-9.063545150501671,-0.0010577169110061793,0.01,1.01,False
-9.096989966555183,-0.001057717440298036,0.01,1.01,False
-9.130434782608695,-0.0010577179343931723,0.01,1.01,False
-9.163879598662207,-0.001057718395632091,0.01,1.01,False
-9.197324414715718,-0.0010577188261996567,0.01,1.01,False
-9.23076923076923,-0.0010577192281354458,0.01,1.01,False
-9.264214046822742,-0.001057719603343407,0.01,1.01,False
-9.297658862876254,-0.001057719953600881,0.01,1.01,False
-9.331103678929766,-0.0010577202805670191,0.01,1.01,False
-9.364548494983277,-0.0010577205857906428,0.01,1.01,False
-9.397993311036789,-0.0010577208707175808,0.01,1.01,False
-9.431438127090301,-0.0010577211366975168,0.01,1.01,False
-9.464882943143813,-0.0010577213849903842,0.01,1.01,False
-9.498327759197323,-0.0010577216167723328,0.01,1.01,False
-9.531772575250836,-0.0010577218331413024,0.01,1.01,False
-9.565217391304348,-0.0010577220351222212,0.01,1.01,False
-9.59866220735786,-0.001057722223671862,0.01,1.01,False
-9.63210702341137,-0.001057722399683375,0.01,1.01,False
-9.665551839464882,-0.0010577225639905176,0.01,1.01,False
-9.698996655518394,-0.0010577227173716036,0.01,1.01,False
-9.732441471571907,-0.001057722860553192,0.01,1.01,False
-9.765886287625417,-0.001057722994213526,0.01,1.01,False
-9.799331103678929,-0.001057723118985748,0.01,1.01,False
-9.832775919732441,-0.0010577232354608969,0.01,1.01,False
-9.866220735785953,-0.00105772334419071,0.01,1.01,False
-9.899665551839464,-0.0010577234456902347,0.01,1.01,False
-9.933110367892976,-0.0010577235404402687,0.01,1.01,False
-9.966555183946488,-0.001057723628889638,0.01,1.01,False
-10.0,-0.001057723711457323,0.01,1.01,False
0.0,0.7541479040092841,0.1,1.01,True
-0.033444816053511704,0.6957081988586691,0.1,1.01,True
-0.06688963210702341,0.6417323696597551,0.1,1.01,True
-0.1003344481605351,0.591879446374093,0.1,1.01,True
-0.13377926421404682,0.5458345037208335,0.1,1.01,True
-0.16722408026755853,0.5033066717661584,0.1,1.01,True
-0.2006688963210702,0.46402729847244323,0.1,1.01,True
-0.23411371237458192,0.42774825259981636,0.1,1.01,True
-0.26755852842809363,0.39424035623939363,0.1,1.01,True
-0.3010033444816053,0.36329193707636415,0.1,1.01,True
-0.33444816053511706,0.3347074912374464,0.1,1.01,True
-0.36789297658862874,0.30830644827580533,0.1,1.01,True
-0.4013377926421404,0.28392203049173087,0.1,1.01,True
-0.43478260869565216,0.2614001993833083,0.1,1.01,True
-0.46822742474916385,0.24059868257171618,0.1,1.01,True
-0.5016722408026756,0.22138607505415386,0.1,1.01,True
-0.5351170568561873,0.2036410091069346,0.1,1.01,True
-0.568561872909699,0.1872513875949498,0.1,1.01,True
-0.6020066889632106,0.17211367584425274,0.1,1.01,True
-0.6354515050167224,0.15813224760445915,0.1,1.01,True
-0.6688963210702341,0.14521878096935192,0.1,1.01,True
-0.7023411371237458,0.1332917004396672,0.1,1.01,True
-0.7357859531772575,0.12227566160352359,0.1,1.01,True
-0.7692307692307692,0.11210107517917658,0.1,1.01,True
-0.8026755852842808,0.10270366741343324,0.1,1.01,True
-0.8361204013377926,0.09402407405872626,0.1,1.01,True
-0.8695652173913043,0.08600746536396528,0.1,1.01,True
-0.903010033444816,0.07860319971019862,0.1,1.01,True
-0.9364548494983277,0.07176450370307329,0.1,1.01,True
-0.9698996655518394,0.06544817670120773,0.1,1.01,True
-1.0033444816053512,0.05961431791395824,0.1,1.01,True
-1.0367892976588629,0.05422607434463135,0.1,1.01,True
-1.0702341137123745,0.04924940798687726,0.1,1.01,True
-1.1036789297658862,0.04465288080362387,0.1,1.01,True
-1.137123745819398,0.04040745613024426,0.1,1.01,True
-1.1705685618729096,0.03648631524740425,0.1,1.01,True
-1.2040133779264213,0.03286468796486443,0.1,1.01,True
-1.237458193979933,0.029519696146019847,0.1,1.01,True
-1.2709030100334449,0.026430209184708224,0.1,1.01,True
-1.3043478260869565,0.023576710521320945,0.1,1.01,True
-1.3377926421404682,0.020941174354987303,0.1,1.01,True
-1.37123745819398,0.018506951773012342,0.1,1.01,True
-1.4046822742474916,0.01625866557823786,0.1,1.01,True
-1.4381270903010033,0.014182113149941649,0.1,1.01,True
-1.471571906354515,0.012264176724639086,0.1,1.01,True
-1.5050167224080266,0.010492740530022748,0.1,1.01,True
-1.5384615384615383,0.008856614248568033,0.1,1.01,True
-1.57190635451505,0.007345462327317719,0.1,1.01,True
-1.6053511705685617,0.005949738687289072,0.1,1.01,True
-1.6387959866220736,0.004660626420057167,0.1,1.01,True
-1.6722408026755853,0.0034699820905725355,0.1,1.01,True
-1.705685618729097,0.0023702842943689583,0.1,1.01,True
-1.7391304347826086,0.0013545861441930478,0.1,1.01,True
-1.7725752508361203,0.000416471385909202,0.1,1.01,True
-1.806020066889632,-0.00044998613353939426,0.1,1.01,True
-1.8394648829431437,-0.0012502599021585008,0.1,1.01,True
-1.8729096989966554,-0.0019894053194057237,0.1,1.01,True
-1.906354515050167,-0.002672091631591475,0.1,1.01,True
-1.9397993311036787,-0.003302631427916693,0.1,1.01,True
-1.9732441471571907,-0.0038850078834763713,0.1,1.01,True
-2.0066889632107023,-0.0044228999213253555,0.1,1.01,True
-2.040133779264214,-0.004919705452557352,0.1,1.01,True
-2.0735785953177257,-0.005378562841206784,0.1,1.01,True
-2.1070234113712374,-0.005802370729569148,0.1,1.01,True
-2.140468227424749,-0.006193806349178167,0.1,1.01,True
-2.1739130434782608,-0.006555342433111765,0.1,1.01,True
-2.2073578595317724,-0.0068892628364634004,0.1,1.01,True
-2.240802675585284,-0.0071976769636546405,0.1,1.01,True
-2.274247491638796,-0.0074825330937275565,0.1,1.01,True
-2.3076923076923075,-0.007745630687794004,0.1,1.01,True
-2.341137123745819,-0.007988631756388996,0.1,1.01,True
-2.374581939799331,-0.008213071358536762,0.1,1.01,True
-2.4080267558528425,-0.008420367298852992,0.1,1.01,True
-2.441471571906354,-0.00861182908394072,0.1,1.01,True
-2.474916387959866,-0.008788666194658169,0.1,1.01,True
-2.508361204013378,-0.008951995726515227,0.1,1.01,True
-2.5418060200668897,-0.009102849446463578,0.1,1.01,True
-2.5752508361204014,-0.009242180310658864,0.1,1.01,True
-2.608695652173913,-0.009370868484368152,0.1,1.01,True
-2.6421404682274248,-0.009489726902050973,0.1,1.01,True
-2.6755852842809364,-0.009599506402737478,0.1,1.01,True
-2.709030100334448,-0.009700900473144324,0.1,1.01,True
-2.74247491638796,-0.00979454962849098,0.1,1.01,True
-2.7759197324414715,-0.00988104545869043,0.1,1.01,True
-2.809364548494983,-0.009960934365474461,0.1,1.01,True
-2.842809364548495,-0.010034721014061231,0.1,1.01,True
-2.8762541806020065,-0.010102871521169631,0.1,1.01,True
-2.9096989966555182,-0.010165816399519408,0.1,1.01,True
-2.94314381270903,-0.010223953277417711,0.1,1.01,True
-2.9765886287625416,-0.010277649410611904,0.1,1.01,True
-3.0100334448160533,-0.010327244002276291,0.1,1.01,True
-3.043478260869565,-0.010373050345788252,0.1,1.01,True
-3.0769230769230766,-0.010415357803829944,0.1,1.01,True
-3.1103678929765883,-0.010454433636317687,0.1,1.01,True
-3.1438127090301,-0.010490524688706261,0.1,1.01,True
-3.1772575250836117,-0.01052385895133326,0.1,1.01,True
-3.2107023411371234,-0.01055464699965399,0.1,1.01,True
-3.2441471571906355,-0.01058308332446509,0.1,1.01,True
-3.277591973244147,-0.01060934756051989,0.1,1.01,True
-3.311036789297659,-0.010633605621296897,0.1,1.01,True
-3.3444816053511706,-0.010656010747089746,0.1,1.01,True
-3.3779264214046822,-0.010676704473039565,0.1,1.01,True
-3.411371237458194,-0.010695817523224842,0.1,1.01,True
-3.4448160535117056,-0.01071347063645688,0.1,1.01,True
-3.4782608695652173,-0.010729775328997437,0.1,1.01,True
-3.511705685618729,-0.010744834599016713,0.1,1.01,True
-3.5451505016722407,-0.010758743577241806,0.1,1.01,True
-3.5785953177257523,-0.010771590127905848,0.1,1.01,True
-3.612040133779264,-0.010783455403794055,0.1,1.01,True
-3.6454849498327757,-0.010794414358892977,0.1,1.01,True
-3.6789297658862874,-0.010804536221881392,0.1,1.01,True
-3.712374581939799,-0.010813884933453935,0.1,1.01,True
-3.7458193979933108,-0.010822519550240058,0.1,1.01,True
-3.7792642140468224,-0.010830494617869927,0.1,1.01,True
-3.812709030100334,-0.010837860515543953,0.1,1.01,True
-3.846153846153846,-0.010844663774282599,0.1,1.01,True
-3.8795986622073575,-0.01085094737086692,0.1,1.01,True
-3.913043478260869,-0.01085675099932665,0.1,1.01,True
-3.9464882943143813,-0.010862111321690852,0.1,1.01,True
-3.979933110367893,-0.010867062199585182,0.1,1.01,True
-4.013377926421405,-0.010871634908138729,0.1,1.01,True
-4.046822742474916,-0.010875858333551753,0.1,1.01,True
-4.080267558528428,-0.010879759155572332,0.1,1.01,True
-4.113712374581939,-0.010883362016034676,0.1,1.01,True
-4.147157190635451,-0.010886689674523742,0.1,1.01,True
-4.180602006688963,-0.010889763152149533,0.1,1.01,True
-4.214046822742475,-0.01089260186433928,0.1,1.01,True
-4.247491638795986,-0.010895223743486409,0.1,1.01,True
-4.280936454849498,-0.010897645352231025,0.1,1.01,True
-4.31438127090301,-0.010899881988087574,0.1,1.01,True
-4.3478260869565215,-0.010901947780080572,0.1,1.01,True
-4.381270903010034,-0.01090385577799889,0.1,1.01,True
-4.414715719063545,-0.010905618034832419,0.1,1.01,True
-4.448160535117057,-0.010907245682911853,0.1,1.01,True
-4.481605351170568,-0.010908749004232608,0.1,1.01,True
-4.51505016722408,-0.010910137495407075,0.1,1.01,True
-4.548494983277592,-0.010911419927655564,0.1,1.01,True
-4.581939799331104,-0.010912604402214858,0.1,1.01,True
-4.615384615384615,-0.010913698401514446,0.1,1.01,True
-4.648829431438127,-0.010914708836443679,0.1,1.01,True
-4.682274247491638,-0.010915642090008467,0.1,1.01,True
-4.7157190635451505,-0.01091650405765328,0.1,1.01,True
-4.749163879598662,-0.010917300184503194,0.1,1.01,True
-4.782608695652174,-0.010918035499761216,0.1,1.01,True
-4.816053511705685,-0.010918714648478206,0.1,1.01,True
-4.849498327759197,-0.010919341920896069,0.1,1.01,True
-4.882943143812708,-0.010919921279549582,0.1,1.01,True
-4.916387959866221,-0.01092045638429808,0.1,1.01,True
-4.949832775919732,-0.010920950615445105,0.1,1.01,True
-4.983277591973244,-0.010921407095092083,0.1,1.01,True
-5.016722408026756,-0.010921828706860906,0.1,1.01,True
-5.050167224080267,-0.01092221811411003,0.1,1.01,True
-5.083612040133779,-0.010922577776759135,0.1,1.01,True
-5.117056856187291,-0.010922909966828667,0.1,1.01,True
-5.150501672240803,-0.010923216782792376,0.1,1.01,True
-5.183946488294314,-0.010923500162833565,0.1,1.01,True
-5.217391304347826,-0.010923761897088763,0.1,1.01,True
-5.250836120401337,-0.010924003638956174,0.1,1.01,True
-5.2842809364548495,-0.010924226915540338,0.1,1.01,True
-5.317725752508361,-0.010924433137298985,0.1,1.01,True
-5.351170568561873,-0.010924623606953019,0.1,1.01,True
-5.384615384615384,-0.010924799527715917,0.1,1.01,True
-5.418060200668896,-0.010924962010894542,0.1,1.01,True
-5.4515050167224075,-0.010925112082909357,0.1,1.01,True
-5.48494983277592,-0.010925250691778417,0.1,1.01,True
-5.518394648829431,-0.010925378713106086,0.1,1.01,True
-5.551839464882943,-0.010925496955614294,0.1,1.01,True
-5.585284280936454,-0.010925606166251321,0.1,1.01,True
-5.618729096989966,-0.010925707034910321,0.1,1.01,True
-5.652173913043478,-0.010925800198787443,0.1,1.01,True
-5.68561872909699,-0.010925886246407054,0.1,1.01,True
-5.719063545150502,-0.010925965721339501,0.1,1.01,True
-5.752508361204013,-0.010926039125634892,0.1,1.01,True
-5.785953177257525,-0.010926106922994585,0.1,1.01,True
-5.8193979933110365,-0.010926169541700437,0.1,1.01,True
-5.852842809364549,-0.010926227377320297,0.1,1.01,True
-5.88628762541806,-0.010926280795206836,0.1,1.01,True
-5.919732441471572,-0.010926330132805522,0.1,1.01,True
-5.953177257525083,-0.010926375701786284,0.1,1.01,True
-5.986622073578595,-0.010926417790012362,0.1,1.01,True
-6.020066889632107,-0.010926456663358767,0.1,1.01,True
-6.053511705685619,-0.010926492567391831,0.1,1.01,True
-6.08695652173913,-0.010926525728920472,0.1,1.01,True
-6.120401337792642,-0.010926556357428972,0.1,1.01,True
-6.153846153846153,-0.010926584646400301,0.1,1.01,True
-6.187290969899665,-0.010926610774538364,0.1,1.01,True
-6.220735785953177,-0.0109266349068969,0.1,1.01,True
-6.254180602006689,-0.01092665719592213,0.1,1.01,True
-6.2876254180602,-0.010926677782415777,0.1,1.01,True
-6.321070234113712,-0.010926696796424523,0.1,1.01,True
-6.354515050167223,-0.010926714358061527,0.1,1.01,True
-6.3879598662207355,-0.010926730578265188,0.1,1.01,True
-6.421404682274247,-0.010926745559499951,0.1,1.01,True
-6.454849498327759,-0.010926759396403588,0.1,1.01,True
-6.488294314381271,-0.010926772176385033,0.1,1.01,True
-6.521739130434782,-0.010926783980176543,0.1,1.01,True
-6.555183946488294,-0.010926794882343705,0.1,1.01,True
-6.588628762541806,-0.010926804951756464,0.1,1.01,True
-6.622073578595318,-0.010926814252024181,0.1,1.01,True
-6.655518394648829,-0.01092682284189746,0.1,1.01,True
-6.688963210702341,-0.010926830775639287,0.1,1.01,True
-6.722408026755852,-0.0109268381033678,0.1,1.01,True
-6.7558528428093645,-0.0109268448713729,0.1,1.01,True
-6.789297658862876,-0.010926851122408673,0.1,1.01,True
-6.822742474916388,-0.010926856895963455,0.1,1.01,True
-6.856187290969899,-0.010926862228509297,0.1,1.01,True
-6.889632107023411,-0.010926867153732362,0.1,1.01,True
-6.9230769230769225,-0.01092687170274571,0.1,1.01,True
-6.956521739130435,-0.01092687590428586,0.1,1.01,True
-6.989966555183946,-0.010926879784894308,0.1,1.01,True
-7.023411371237458,-0.010926883369085198,0.1,1.01,True
-7.056856187290969,-0.010926886679500177,0.1,1.01,True
-7.090301003344481,-0.010926889737051425,0.1,1.01,True
-7.123745819397993,-0.010926892561053763,0.1,1.01,True
-7.157190635451505,-0.01092689516934666,0.1,1.01,True
-7.190635451505017,-0.01092689757840693,0.1,1.01,True
-7.224080267558528,-0.01092689980345282,0.1,1.01,True
-7.25752508361204,-0.010926901858540136,0.1,1.01,True
-7.290969899665551,-0.010926903756651047,0.1,1.01,True
-7.3244147157190636,-0.010926905509776087,0.1,1.01,True
-7.357859531772575,-0.010926907128989896,0.1,1.01,True
-7.391304347826087,-0.010926908624521194,0.1,1.01,True
-7.424749163879598,-0.010926910005817381,0.1,1.01,True
-7.45819397993311,-0.010926911281604225,0.1,1.01,True
-7.4916387959866215,-0.010926912459940985,0.1,1.01,True
-7.525083612040134,-0.010926913548271317,0.1,1.01,True
-7.558528428093645,-0.0109269145534703,0.1,1.01,True
-7.591973244147157,-0.01092691548188786,0.1,1.01,True
-7.625418060200668,-0.010926916339388897,0.1,1.01,True
-7.65886287625418,-0.010926917131390317,0.1,1.01,True
-7.692307692307692,-0.010926917862895263,0.1,1.01,True
-7.725752508361204,-0.010926918538524717,0.1,1.01,True
-7.759197324414715,-0.010926919162546686,0.1,1.01,True
-7.792642140468227,-0.010926919738903177,0.1,1.01,True
-7.826086956521738,-0.01092692027123508,0.1,1.01,True
-7.8595317725752505,-0.010926920762905181,0.1,1.01,True
-7.892976588628763,-0.010926921217019409,0.1,1.01,True
-7.926421404682274,-0.010926921636446438,0.1,1.01,True
-7.959866220735786,-0.010926922023835826,0.1,1.01,True
-7.993311036789297,-0.010926922381634748,0.1,1.01,True
-8.02675585284281,-0.010926922712103451,0.1,1.01,True
-8.060200668896321,-0.010926923017329533,0.1,1.01,True
-8.093645484949832,-0.010926923299241133,0.1,1.01,True
-8.127090301003344,-0.010926923559619115,0.1,1.01,True
-8.160535117056856,-0.010926923800108306,0.1,1.01,True
-8.193979933110368,-0.0109269240222279,0.1,1.01,True
-8.227424749163879,-0.010926924227381042,0.1,1.01,True
-8.26086956521739,-0.010926924416863706,0.1,1.01,True
-8.294314381270903,-0.01092692459187287,0.1,1.01,True
-8.327759197324415,-0.01092692475351408,0.1,1.01,True
-8.361204013377925,-0.010926924902808442,0.1,1.01,True
-8.394648829431437,-0.010926925040699056,0.1,1.01,True
-8.42809364548495,-0.010926925168056994,0.1,1.01,True
-8.461538461538462,-0.010926925285686784,0.1,1.01,True
-8.494983277591972,-0.010926925394331505,0.1,1.01,True
-8.528428093645484,-0.010926925494677475,0.1,1.01,True
-8.561872909698996,-0.01092692558735859,0.1,1.01,True
-8.595317725752508,-0.01092692567296032,0.1,1.01,True
-8.62876254180602,-0.010926925752023423,0.1,1.01,True
-8.66220735785953,-0.010926925825047347,0.1,1.01,True
-8.695652173913043,-0.010926925892493389,0.1,1.01,True
-8.729096989966555,-0.010926925954787612,0.1,1.01,True
-8.762541806020067,-0.010926926012323536,0.1,1.01,True
-8.795986622073578,-0.010926926065464618,0.1,1.01,True
-8.82943143812709,-0.010926926114546555,0.1,1.01,True
-8.862876254180602,-0.010926926159879403,0.1,1.01,True
-8.896321070234114,-0.010926926201749534,0.1,1.01,True
-8.929765886287624,-0.010926926240421443,0.1,1.01,True
-8.963210702341136,-0.010926926276139426,0.1,1.01,True
-8.996655518394649,-0.010926926309129115,0.1,1.01,True
-9.03010033444816,-0.010926926339598911,0.1,1.01,True
-9.063545150501671,-0.010926926367741292,0.1,1.01,True
-9.096989966555183,-0.010926926393734037,0.1,1.01,True
-9.130434782608695,-0.010926926417741345,0.1,1.01,True
-9.163879598662207,-0.010926926439914872,0.1,1.01,True
-9.197324414715718,-0.010926926460394688,0.1,1.01,True
-9.23076923076923,-0.01092692647931017,0.1,1.01,True
-9.264214046822742,-0.010926926496780804,0.1,1.01,True
-9.297658862876254,-0.010926926512916957,0.1,1.01,True
-9.331103678929766,-0.01092692652782056,0.1,1.01,True
-9.364548494983277,-0.010926926541585762,0.1,1.01,True
-9.397993311036789,-0.01092692655429952,0.1,1.01,True
-9.431438127090301,-0.010926926566042145,0.1,1.01,True
-9.464882943143813,-0.010926926576887819,0.1,1.01,True
-9.498327759197323,-0.010926926586905054,0.1,1.01,True
-9.531772575250836,-0.010926926596157129,0.1,1.01,True
-9.565217391304348,-0.01092692660470249,0.1,1.01,True
-9.59866220735786,-0.01092692661259512,0.1,1.01,True
-9.63210702341137,-0.010926926619884878,0.1,1.01,True
-9.665551839464882,-0.010926926626617811,0.1,1.01,True
-9.698996655518394,-0.010926926632836455,0.1,1.01,True
-9.732441471571907,-0.010926926638580092,0.1,1.01,True
-9.765886287625417,-0.010926926643885006,0.1,1.01,True
-9.799331103678929,-0.010926926648784707,0.1,1.01,True
-9.832775919732441,-0.010926926653310147,0.1,1.01,True
-9.866220735785953,-0.010926926657489915,0.1,1.01,True
-9.899665551839464,-0.010926926661350415,0.1,1.01,True
-9.933110367892976,-0.010926926664916034,0.1,1.01,True
-9.966555183946488,-0.010926926668209293,0.1,1.01,True
-10.0,-0.010926926671251001,0.1,1.01,True
0.0,0.7071811400125716,0.1,1.01,False
-0.033444816053511704,0.6528611598317443,0.1,1.01,False
-0.06688963210702341,0.6025831457007629,0.1,1.01,False
-0.1003344481605351,0.5560463337111407,0.1,1.01,False
-0.13377926421404682,0.5129723398872089,0.1,1.01,False
-0.16722408026755853,0.47310349488858994,0.1,1.01,False
-0.2006688963210702,0.4362013026279606,0.1,1.01,False
-0.23411371237458192,0.4020450135835293,0.1,1.01,False
-0.26755852842809363,0.3704303042717622,0.1,1.01,False
-0.3010033444816053,0.34116805498093994,0.1,1.01,False
-0.33444816053511706,0.31408321845392745,0.1,1.01,False
-0.36789297658862874,0.28901377275259954,0.1,1.01,False
-0.4013377926421404,0.2658097520399389,0.1,1.01,False
-0.43478260869565216,0.24433234948192917,0.1,1.01,False
-0.46822742474916385,0.2244530869027883,0.1,1.01,False
-0.5016722408026756,0.2060530462264054,0.1,1.01,False
-0.5351170568561873,0.18902215810645107,0.1,1.01,False
-0.568561872909699,0.17325854348973468,0.1,1.01,False
-0.6020066889632106,0.15866790417403132,0.1,1.01,False
-0.6354515050167224,0.14516295871468232,0.1,1.01,False
-0.6688963210702341,0.1326629203055567,0.1,1.01,False
-0.7023411371237458,0.12109301351104627,0.1,1.01,False
-0.7357859531772575,0.11038402695817832,0.1,1.01,False
-0.7692307692307692,0.10047189931304293,0.1,1.01,False
-0.8026755852842808,0.09129733606483852,0.1,1.01,False
-0.8361204013377926,0.08280545482513184,0.1,1.01,False
-0.8695652173913043,0.07494545702050667,0.1,1.01,False
-0.903010033444816,0.06767032401466083,0.1,1.01,False
-0.9364548494983277,0.06093653584214985,0.1,1.01,False
-0.9698996655518394,0.05470381087123681,0.1,1.01,False
-1.0033444816053512,0.04893486483850805,0.1,1.01,False
-1.0367892976588629,0.043595187813795525,0.1,1.01,False
-1.0702341137123745,0.038652837761205996,0.1,1.01,False
-1.1036789297658862,0.03407824946133655,0.1,1.01,False
-1.137123745819398,0.02984405765164514,0.1,1.01,False
-1.1705685618729096,0.025924933326999473,0.1,1.01,False
-1.2040133779264213,0.0222974322211512,0.1,1.01,False
-1.237458193979933,0.018939854562749103,0.1,1.01,False
-1.2709030100334449,0.01583211526694956,0.1,1.01,False
-1.3043478260869565,0.01295562378610833,0.1,1.01,False
-1.3377926421404682,0.010293172900818243,0.1,1.01,False
-1.37123745819398,0.00782883578603949,0.1,1.01,False
-1.4046822742474916,0.005547870736569899,0.1,1.01,False
-1.4381270903010033,0.0034366329819216536,0.1,1.01,False
-1.471571906354515,0.0014824930630795603,0.1,1.01,False
-1.5050167224080266,-0.00032623871713077096,0.1,1.01,False
-1.5384615384615383,-0.002000382222003917,0.1,1.01,False
-1.57190635451505,-0.003549952205555061,0.1,1.01,False
-1.6053511705685617,-0.004984218220943408,0.1,1.01,False
-1.6387959866220736,-0.006311760071091847,0.1,1.01,False
-1.6722408026755853,-0.007540519133209309,0.1,1.01,False
-1.705685618729097,-0.008677845864240011,0.1,1.01,False
-1.7391304347826086,-0.009730543771417955,0.1,1.01,False
-1.7725752508361203,-0.01070491011095924,0.1,1.01,False
-1.806020066889632,-0.011606773558352396,0.1,1.01,False
-1.8394648829431437,-0.01244152907559122,0.1,1.01,False
-1.8729096989966554,-0.01321417018392619,0.1,1.01,False
-1.906354515050167,-0.013929318835190876,0.1,1.01,False
-1.9397993311036787,-0.014591253060393867,0.1,1.01,False
-1.9732441471571907,-0.015203932560970773,0.1,1.01,False
-2.0066889632107023,-0.01577102239578336,0.1,1.01,False
-2.040133779264214,-0.016295914905562044,0.1,1.01,False
-2.0735785953177257,-0.01678175000594402,0.1,1.01,False
-2.1070234113712374,-0.017231433970500275,0.1,1.01,False
-2.140468227424749,-0.017647656816111978,0.1,1.01,False
-2.1739130434782608,-0.01803290839469574,0.1,1.01,False
-2.2073578595317724,-0.0183894932875388,0.1,1.01,False
-2.240802675585284,-0.018719544591342216,0.1,1.01,False
-2.274247491638796,-0.01902503667844048,0.1,1.01,False
-2.3076923076923075,-0.019307797007529305,0.1,1.01,False
-2.341137123745819,-0.019569517055553678,0.1,1.01,False
-2.374581939799331,-0.019811762436150758,0.1,1.01,False
-2.4080267558528425,-0.020035982265176472,0.1,1.01,False
-2.441471571906354,-0.020243517829340387,0.1,1.01,False
-2.474916387959866,-0.020435610609804946,0.1,1.01,False
-2.508361204013378,-0.02061340970874618,0.1,1.01,False
-2.5418060200668897,-0.02077797872330186,0.1,1.01,False
-2.5752508361204014,-0.020930302108027113,0.1,1.01,False
-2.608695652173913,-0.021071291063917752,0.1,1.01,False
-2.6421404682274248,-0.021201788989229663,0.1,1.01,False
-2.6755852842809364,-0.021322576524701032,0.1,1.01,False
-2.709030100334448,-0.021434376223358132,0.1,1.01,False
-2.74247491638796,-0.02153785687283939,0.1,1.01,False
-2.7759197324414715,-0.021633637496094076,0.1,1.01,False
-2.809364548494983,-0.02172229105438777,0.1,1.01,False
-2.842809364548495,-0.021804347874766095,0.1,1.01,False
-2.8762541806020065,-0.02188029882247982,0.1,1.01,False
-2.9096989966555182,-0.0219505982373489,0.1,1.01,False
-2.94314381270903,-0.02201566665163074,0.1,1.01,False
-2.9765886287625416,-0.022075893305651087,0.1,1.01,False
-3.0100334448160533,-0.022131638476246076,0.1,1.01,False
-3.043478260869565,-0.022183235631944197,0.1,1.01,False
-3.0769230769230766,-0.02223099342778051,0.1,1.01,False
-3.1103678929765883,-0.022275197551676163,0.1,1.01,False
-3.1438127090301,-0.022316112433428233,0.1,1.01,False
-3.1772575250836117,-0.022353982826533128,0.1,1.01,False
-3.2107023411371234,-0.02238903527230603,0.1,1.01,False
-3.2441471571906355,-0.022421479455054787,0.1,1.01,False
-3.277591973244147,-0.022451509456414873,0.1,1.01,False
-3.311036789297659,-0.022479304916348943,0.1,1.01,False
-3.3444816053511706,-0.022505032107756052,0.1,1.01,False
-3.3779264214046822,-0.022528844931118855,0.1,1.01,False
-3.411371237458194,-0.022550885835138847,0.1,1.01,False
-3.4448160535117056,-0.022571286668866836,0.1,1.01,False
-3.4782608695652173,-0.02259016947042614,0.1,1.01,False
-3.511705685618729,-0.02260764719704663,0.1,1.01,False
-3.5451505016722407,-0.022623824400776774,0.1,1.01,False
-3.5785953177257523,-0.02263879785391568,0.1,1.01,False
-3.612040133779264,-0.0226526571279066,0.1,1.01,False
-3.6454849498327757,-0.02266548512915478,0.1,1.01,False
-3.6789297658862874,-0.022677358594974925,0.1,1.01,False
-3.712374581939799,-0.022688348552635105,0.1,1.01,False
-3.7458193979933108,-0.022698520744243018,0.1,1.01,False
-3.7792642140468224,-0.022707936020016375,0.1,1.01,False
-3.812709030100334,-0.022716650702289894,0.1,1.01,False
-3.846153846153846,-0.02272471692243645,0.1,1.01,False
-3.8795986622073575,-0.02273218293271779,0.1,1.01,False
-3.913043478260869,-0.022739093394930358,0.1,1.01,False
-3.9464882943143813,-0.022745489647572916,0.1,1.01,False
-3.979933110367893,-0.022751409953134096,0.1,1.01,False
-4.013377926421405,-0.02275688972697926,0.1,1.01,False
-4.046822742474916,-0.02276196174920579,0.1,1.01,False
-4.080267558528428,-0.022766656360734164,0.1,1.01,False
-4.113712374581939,-0.02277100164480786,0.1,1.01,False
-4.147157190635451,-0.02277502359498776,0.1,1.01,False
-4.180602006688963,-0.022778746270646067,0.1,1.01,False
-4.214046822742475,-0.02278219194088988,0.1,1.01,False
-4.247491638795986,-0.022785381217775336,0.1,1.01,False
-4.280936454849498,-0.022788333179609283,0.1,1.01,False
-4.31438127090301,-0.02279106548507602,0.1,1.01,False
-4.3478260869565215,-0.022793594478871852,0.1,1.01,False
-4.381270903010034,-0.022795935289479305,0.1,1.01,False
-4.414715719063545,-0.02279810191966598,0.1,1.01,False
-4.448160535117057,-0.02280010733024934,0.1,1.01,False
-4.481605351170568,-0.022801963517628508,0.1,1.01,False
-4.51505016722408,-0.02280368158554696,0.1,1.01,False
-4.548494983277592,-0.022805271811515274,0.1,1.01,False
-4.581939799331104,-0.022806743708291385,0.1,1.01,False
-4.615384615384615,-0.022808106080786036,0.1,1.01,False
-4.648829431438127,-0.022809367078733937,0.1,1.01,False
-4.682274247491638,-0.022810534245445567,0.1,1.01,False
-4.7157190635451505,-0.02281161456293142,0.1,1.01,False
-4.749163879598662,-0.02281261449366849,0.1,1.01,False
-4.782608695652174,-0.022813540019258907,0.1,1.01,False
-4.816053511705685,-0.022814396676211997,0.1,1.01,False
-4.849498327759197,-0.02281518958906376,0.1,1.01,False
-4.882943143812708,-0.02281592350103193,0.1,1.01,False
-4.916387959866221,-0.02281660280238999,0.1,1.01,False
-4.949832775919732,-0.022817231556729847,0.1,1.01,False
-4.983277591973244,-0.02281781352527032,0.1,1.01,False
-5.016722408026756,-0.022818352189356798,0.1,1.01,False
-5.050167224080267,-0.02281885077128672,0.1,1.01,False
-5.083612040133779,-0.022819312253585397,0.1,1.01,False
-5.117056856187291,-0.022819739396847543,0.1,1.01,False
-5.150501672240803,-0.022820134756251186,0.1,1.01,False
-5.183946488294314,-0.02282050069684279,0.1,1.01,False
-5.217391304347826,-0.022820839407684992,0.1,1.01,False
-5.250836120401337,-0.022821152914951636,0.1,1.01,False
-5.2842809364548495,-0.022821443094048356,0.1,1.01,False
-5.317725752508361,-0.022821711680831278,0.1,1.01,False
-5.351170568561873,-0.022821960281990968,0.1,1.01,False
-5.384615384615384,-0.022822190384663654,0.1,1.01,False
-5.418060200668896,-0.02282240336532731,0.1,1.01,False
-5.4515050167224075,-0.02282260049803578,0.1,1.01,False
-5.48494983277592,-0.02282278296204017,0.1,1.01,False
-5.518394648829431,-0.022822951848843157,0.1,1.01,False
-5.551839464882943,-0.02282310816872838,0.1,1.01,False
-5.585284280936454,-0.022823252856803963,0.1,1.01,False
-5.618729096989966,-0.02282338677859636,0.1,1.01,False
-5.652173913043478,-0.02282351073522794,0.1,1.01,False
-5.68561872909699,-0.02282362546820931,0.1,1.01,False
-5.719063545150502,-0.022823731663875056,0.1,1.01,False
-5.752508361204013,-0.022823829957489397,0.1,1.01,False
-5.785953177257525,-0.022823920937046358,0.1,1.01,False
-5.8193979933110365,-0.022824005146787143,0.1,1.01,False
-5.852842809364549,-0.022824083090455808,0.1,1.01,False
-5.88628762541806,-0.022824155234312665,0.1,1.01,False
-5.919732441471572,-0.022824222009923453,0.1,1.01,False
-5.953177257525083,-0.02282428381674097,0.1,1.01,False
-5.986622073578595,-0.022824341024494627,0.1,1.01,False
-6.020066889632107,-0.022824393975402136,0.1,1.01,False
-6.053511705685619,-0.02282444298621671,0.1,1.01,False
-6.08695652173913,-0.022824488350121838,0.1,1.01,False
-6.120401337792642,-0.022824530338485152,0.1,1.01,False
-6.153846153846153,-0.022824569202481736,0.1,1.01,False
-6.187290969899665,-0.022824605174596654,0.1,1.01,False
-6.220735785953177,-0.02282463847001569,0.1,1.01,False
-6.254180602006689,-0.02282466928791259,0.1,1.01,False
-6.2876254180602,-0.02282469781264052,0.1,1.01,False
-6.321070234113712,-0.02282472421483487,0.1,1.01,False
-6.354515050167223,-0.022824748652434005,0.1,1.01,False
-6.3879598662207355,-0.022824771271624047,0.1,1.01,False
-6.421404682274247,-0.022824792207713357,0.1,1.01,False
-6.454849498327759,-0.02282481158594197,0.1,1.01,False
-6.488294314381271,-0.02282482952223077,0.1,1.01,False
-6.521739130434782,-0.022824846123874927,0.1,1.01,False
-6.555183946488294,-0.022824861490185755,0.1,1.01,False
-6.588628762541806,-0.022824875713084777,0.1,1.01,False
-6.622073578595318,-0.022824888877653608,0.1,1.01,False
-6.655518394648829,-0.022824901062642917,0.1,1.01,False
-6.688963210702341,-0.02282491234094351,0.1,1.01,False
-6.722408026755852,-0.022824922780022364,0.1,1.01,False
-6.7558528428093645,-0.022824932442326223,0.1,1.01,False
-6.789297658862876,-0.022824941385655148,0.1,1.01,False
-6.822742474916388,-0.02282494966350828,0.1,1.01,False
-6.856187290969899,-0.022824957325403874,0.1,1.01,False
-6.889632107023411,-0.022824964417175516,0.1,1.01,False
-6.9230769230769225,-0.022824970981246296,0.1,1.01,False
-6.956521739130435,-0.0228249770568826,0.1,1.01,False
-6.989966555183946,-0.022824982680428978,0.1,1.01,False
-7.023411371237458,-0.022824987885525578,0.1,1.01,False
-7.056856187290969,-0.02282499270330938,0.1,1.01,False
-7.090301003344481,-0.022824997162600436,0.1,1.01,False
-7.123745819397993,-0.02282500129007431,0.1,1.01,False
-7.157190635451505,-0.022825005110421608,0.1,1.01,False
-7.190635451505017,-0.02282500864649572,0.1,1.01,False
-7.224080267558528,-0.02282501191944949,0.1,1.01,False
-7.25752508361204,-0.022825014948861792,0.1,1.01,False
-7.290969899665551,-0.02282501775285461,0.1,1.01,False
-7.3244147157190636,-0.02282502034820148,0.1,1.01,False
-7.357859531772575,-0.02282502275042781,0.1,1.01,False
-7.391304347826087,-0.02282502497390376,0.1,1.01,False
-7.424749163879598,-0.022825027031930192,0.1,1.01,False
-7.45819397993311,-0.02282502893681826,0.1,1.01,False
-7.4916387959866215,-0.022825030699963035,0.1,1.01,False
-7.525083612040134,-0.022825032331911677,0.1,1.01,False
-7.558528428093645,-0.02282503384242653,0.1,1.01,False
-7.591973244147157,-0.02282503524054352,0.1,1.01,False
-7.625418060200668,-0.0228250365346262,0.1,1.01,False
-7.65886287625418,-0.022825037732415804,0.1,1.01,False
-7.692307692307692,-0.022825038841077522,0.1,1.01,False
-7.725752508361204,-0.022825039867243387,0.1,1.01,False
-7.759197324414715,-0.022825040817051945,0.1,1.01,False
-7.792642140468227,-0.02282504169618496,0.1,1.01,False
-7.826086956521738,-0.022825042509901423,0.1,1.01,False
-7.8595317725752505,-0.022825043263069,0.1,1.01,False
-7.892976588628763,-0.02282504396019315,0.1,1.01,False
-7.926421404682274,-0.022825044605444086,0.1,1.01,False
-7.959866220735786,-0.022825045202681703,0.1,1.01,False
-7.993311036789297,-0.022825045755478692,0.1,1.01,False
-8.02675585284281,-0.02282504626714189,0.1,1.01,False
-8.060200668896321,-0.022825046740732075,0.1,1.01,False
-8.093645484949832,-0.02282504717908227,0.1,1.01,False
-8.127090301003344,-0.022825047584814698,0.1,1.01,False
-8.160535117056856,-0.02282504796035645,0.1,1.01,False
-8.193979933110368,-0.022825048307954034,0.1,1.01,False
-8.227424749163879,-0.022825048629686772,0.1,1.01,False
-8.26086956521739,-0.022825048927479285,0.1,1.01,False
-8.294314381270903,-0.022825049203112964,0.1,1.01,False
-8.327759197324415,-0.02282504945823666,0.1,1.01,False
-8.361204013377925,-0.02282504969437652,0.1,1.01,False
-8.394648829431437,-0.02282504991294515,0.1,1.01,False
-8.42809364548495,-0.022825050115250017,0.1,1.01,False
-8.461538461538462,-0.02282505030250132,0.1,1.01,False
-8.494983277591972,-0.022825050475819196,0.1,1.01,False
-8.528428093645484,-0.02282505063624044,0.1,1.01,False
-8.561872909698996,-0.022825050784724688,0.1,1.01,False
-8.595317725752508,-0.022825050922160178,0.1,1.01,False
-8.62876254180602,-0.022825051049369053,0.1,1.01,False
-8.66220735785953,-0.022825051167112278,0.1,1.01,False
-8.695652173913043,-0.022825051276094195,0.1,1.01,False
-8.729096989966555,-0.022825051376966735,0.1,1.01,False
-8.762541806020067,-0.022825051470333316,0.1,1.01,False
-8.795986622073578,-0.022825051556752463,0.1,1.01,False
-8.82943143812709,-0.022825051636741134,0.1,1.01,False
-8.862876254180602,-0.022825051710777828,0.1,1.01,False
-8.896321070234114,-0.022825051779305425,0.1,1.01,False
-8.929765886287624,-0.022825051842733864,0.1,1.01,False
-8.963210702341136,-0.022825051901442576,0.1,1.01,False
-8.996655518394649,-0.022825051955782754,0.1,1.01,False
-9.03010033444816,-0.022825052006079462,0.1,1.01,False
-9.063545150501671,-0.022825052052633577,0.1,1.01,False
-9.096989966555183,-0.022825052095723587,0.1,1.01,False
-9.130434782608695,-0.022825052135607257,0.1,1.01,False
-9.163879598662207,-0.02282505217252317,0.1,1.01,False
-9.197324414715718,-0.02282505220669216,0.1,1.01,False
-9.23076923076923,-0.022825052238318624,0.1,1.01,False
-9.264214046822742,-0.022825052267591753,0.1,1.01,False
-9.297658862876254,-0.022825052294686662,0.1,1.01,False
-9.331103678929766,-0.022825052319765428,0.1,1.01,False
-9.364548494983277,-0.022825052342978075,0.1,1.01,False
-9.397993311036789,-0.022825052364463465,0.1,1.01,False
-9.431438127090301,-0.02282505238435012,0.1,1.01,False
-9.464882943143813,-0.022825052402757,0.1,1.01,False
-9.498327759197323,-0.022825052419794222,0.1,1.01,False
-9.531772575250836,-0.022825052435563698,0.1,1.01,False
-9.565217391304348,-0.022825052450159762,0.1,1.01,False
-9.59866220735786,-0.02282505246366973,0.1,1.01,False
-9.63210702341137,-0.022825052476174414,0.1,1.01,False
-9.665551839464882,-0.022825052487748625,0.1,1.01,False
-9.698996655518394,-0.022825052498461593,0.1,1.01,False
-9.732441471571907,-0.022825052508377405,0.1,1.01,False
-9.765886287625417,-0.02282505251755538,0.1,1.01,False
-9.799331103678929,-0.02282505252605042,0.1,1.01,False
-9.832775919732441,-0.02282505253391334,0.1,1.01,False
-9.866220735785953,-0.022825052541191177,0.1,1.01,False
-9.899665551839464,-0.02282505254792747,0.1,1.01,False
-9.933110367892976,-0.022825052554162513,0.1,1.01,False
-9.966555183946488,-0.0228250525599336,0.1,1.01,False
-10.0,-0.022825052565275266,0.1,1.01,False
0.0,0.39210114370586296,0.3,1.01,True
-0.033444816053511704,0.3444332565476566,0.3,1.01,True
-0.06688963210702341,0.3021288976589249,0.3,1.01,True
-0.1003344481605351,0.26458456985922907,0.3,1.01,True
-0.13377926421404682,0.23126468068094214,0.3,1.01,True
-0.16722408026755853,0.20169390181984578,0.3,1.01,True
-0.2006688963210702,0.17545038829034423,0.3,1.01,True
-0.23411371237458192,0.15215976055245867,0.3,1.01,True
-0.26755852842809363,0.1314897637620149,0.3,1.01,True
-0.3010033444816053,0.11314552795500946,0.3,1.01,True
-0.33444816053511706,0.09686536154982647,0.3,1.01,True
-0.36789297658862874,0.08241701815907976,0.3,1.01,True
-0.4013377926421404,0.06959438345489913,0.3,1.01,True
-0.43478260869565216,0.05821453482379867,0.3,1.01,True
-0.46822742474916385,0.04811513186533053,0.3,1.01,True
-0.5016722408026756,0.03915210050841413,0.3,1.01,True
-0.5351170568561873,0.031197577707865222,0.3,1.01,True
-0.568561872909699,0.024138087400980716,0.3,1.01,True
-0.6020066889632106,0.017872921703101667,0.3,1.01,True
-0.6354515050167224,0.012312704248932028,0.3,1.01,True
-0.6688963210702341,0.007378115184812219,0.3,1.01,True
-0.7023411371237458,0.002998759623192876,0.3,1.01,True
-0.7357859531772575,-0.000887836582869804,0.3,1.01,True
-0.7692307692307692,-0.004337118071079248,0.3,1.01,True
-0.8026755852842808,-0.007398290921077275,0.3,1.01,True
-0.8361204013377926,-0.010115024608831354,0.3,1.01,True
-0.8695652173913043,-0.01252607497803299,0.3,1.01,True
-0.903010033444816,-0.014665837115569971,0.3,1.01,True
-0.9364548494983277,-0.01656483601817394,0.3,1.01,True
-0.9698996655518394,-0.018250162049899175,0.3,1.01,True
-1.0033444816053512,-0.019745857402495744,0.3,1.01,True
-1.0367892976588629,-0.021073259071767332,0.3,1.01,True
-1.0702341137123745,-0.0222513032426783,0.3,1.01,True
-1.1036789297658862,-0.023296795425446812,0.3,1.01,True
-1.137123745819398,-0.024224650196278376,0.3,1.01,True
-1.1705685618729096,-0.025048103962785895,0.3,1.01,True
-1.2040133779264213,-0.025778903789323092,0.3,1.01,True
-1.237458193979933,-0.02642747497593861,0.3,1.01,True
-1.2709030100334449,-0.027003069781565525,0.3,1.01,True
-1.3043478260869565,-0.027513899413072255,0.3,1.01,True
-1.3377926421404682,-0.027967251163078206,0.3,1.01,True
-1.37123745819398,-0.028369592367575764,0.3,1.01,True
-1.4046822742474916,-0.028726662666376683,0.3,1.01,True
-1.4381270903010033,-0.029043555882533843,0.3,1.01,True
-1.471571906354515,-0.029324792688797643,0.3,1.01,True
-1.5050167224080266,-0.029574385097737802,0.3,1.01,True
-1.5384615384615383,-0.029795893695521117,0.3,1.01,True
-1.57190635451505,-0.029992478435819425,0.3,1.01,True
-1.6053511705685617,-0.030166943718453545,0.3,1.01,True
-1.6387959866220736,-0.030321778395847196,0.3,1.01,True
-1.6722408026755853,-0.030459191278007097,0.3,1.01,True
-1.705685618729097,-0.030581142642529167,0.3,1.01,True
-1.7391304347826086,-0.03068937219914009,0.3,1.01,True
-1.7725752508361203,-0.030785423907705247,0.3,1.01,True
-1.806020066889632,-0.03087066800374689,0.3,1.01,True
-1.8394648829431437,-0.030946320545679834,0.3,1.01,True
-1.8729096989966554,-0.03101346076261779,0.3,1.01,True
-1.906354515050167,-0.031073046450227227,0.3,1.01,True
-1.9397993311036787,-0.031125927634259892,0.3,1.01,True
-1.9732441471571907,-0.03117285869668257,0.3,1.01,True
-2.0066889632107023,-0.03121450913739057,0.3,1.01,True
-2.040133779264214,-0.0312514731250273,0.3,1.01,True
-2.0735785953177257,-0.03128427797315814,0.3,1.01,True
-2.1070234113712374,-0.031313391662716294,0.3,1.01,True
-2.140468227424749,-0.03133922951803293,0.3,1.01,True
-2.1739130434782608,-0.03136216013168909,0.3,1.01,True
-2.2073578595317724,-0.031382510622711045,0.3,1.01,True
-2.240802675585284,-0.031400571303120434,0.3,1.01,True
-2.274247491638796,-0.03141659981941018,0.3,1.01,True
-2.3076923076923075,-0.03143082482802709,0.3,1.01,True
-2.341137123745819,-0.03144344925729386,0.3,1.01,True
-2.374581939799331,-0.03145465320230393,0.3,1.01,True
-2.4080267558528425,-0.03146459649408656,0.3,1.01,True
-2.441471571906354,-0.03147342097969281,0.3,1.01,True
-2.474916387959866,-0.03148125254572921,0.3,1.01,True
-2.508361204013378,-0.031488202914206107,0.3,1.01,True
-2.5418060200668897,-0.03149437123631948,0.3,1.01,True
-2.5752508361204014,-0.031499845506902505,0.3,1.01,True
-2.608695652173913,-0.03150470381972493,0.3,1.01,True
-2.6421404682274248,-0.03150901548154773,0.3,1.01,True
-2.6755852842809364,-0.03151284200082585,0.3,1.01,True
-2.709030100334448,-0.031516237965163424,0.3,1.01,True
-2.74247491638796,-0.031519251820038785,0.3,1.01,True
-2.7759197324414715,-0.03152192655990847,0.3,1.01,True
-2.809364548494983,-0.031524300341549044,0.3,1.01,True
-2.842809364548495,-0.03152640702838652,0.3,1.01,True
-2.8762541806020065,-0.031528276673578534,0.3,1.01,True
-2.9096989966555182,-0.03152993594874076,0.3,1.01,True
-2.94314381270903,-0.0315314085244336,0.3,1.01,True
-2.9765886287625416,-0.03153271540783696,0.3,1.01,True
-3.0100334448160533,-0.03153387524243039,0.3,1.01,True
-3.043478260869565,-0.0315349045739535,0.3,1.01,True
-3.0769230769230766,-0.03153581808644094,0.3,1.01,True
-3.1103678929765883,-0.03153662881169902,0.3,1.01,True
-3.1438127090301,-0.031537348315212224,0.3,1.01,True
-3.1772575250836117,-0.031537986861131906,0.3,1.01,True
-3.2107023411371234,-0.031538553558700506,0.3,1.01,True
-3.2441471571906355,-0.03153905649220046,0.3,1.01,True
-3.277591973244147,-0.03153950283628129,0.3,1.01,True
-3.311036789297659,-0.03153989895831038,0.3,1.01,True
-3.3444816053511706,-0.03154025050920725,0.3,1.01,True
-3.3779264214046822,-0.03154056250405735,0.3,1.01,True
-3.411371237458194,-0.031540839393655304,0.3,1.01,True
-3.4448160535117056,-0.03154108512799812,0.3,1.01,True
-3.4782608695652173,-0.031541303212634327,0.3,1.01,True
-3.511705685618729,-0.031541496758672724,0.3,1.01,True
-3.5451505016722407,-0.031541668527164224,0.3,1.01,True
-3.5785953177257523,-0.031541820968489884,0.3,1.01,True
-3.612040133779264,-0.031541956257317115,0.3,1.01,True
-3.6454849498327757,-0.031542076323622596,0.3,1.01,True
-3.6789297658862874,-0.031542182880224534,0.3,1.01,True
-3.712374581939799,-0.0315422774472171,0.3,1.01,True
-3.7458193979933108,-0.03154236137365544,0.3,1.01,True
-3.7792642140468224,-0.0315424358568008,0.3,1.01,True
-3.812709030100334,-0.03154250195920012,0.3,1.01,True
-3.846153846153846,-0.03154256062384401,0.3,1.01,True
-3.8795986622073575,-0.031542612687618946,0.3,1.01,True
-3.913043478260869,-0.031542658893246076,0.3,1.01,True
-3.9464882943143813,-0.03154269989987652,0.3,1.01,True
-3.979933110367893,-0.031542736292494586,0.3,1.01,True
-4.013377926421405,-0.03154276859026289,0.3,1.01,True
-4.046822742474916,-0.03154279725392859,0.3,1.01,True
-4.080267558528428,-0.031542822692396146,0.3,1.01,True
-4.113712374581939,-0.031542845268560625,0.3,1.01,True
-4.147157190635451,-0.03154286530448463,0.3,1.01,True
-4.180602006688963,-0.031542883085992686,0.3,1.01,True
-4.214046822742475,-0.031542898866748735,0.3,1.01,True
-4.247491638795986,-0.031542912871874766,0.3,1.01,True
-4.280936454849498,-0.03154292530116235,0.3,1.01,True
-4.31438127090301,-0.03154293633192276,0.3,1.01,True
-4.3478260869565215,-0.03154294612151645,0.3,1.01,True
-4.381270903010034,-0.03154295480959787,0.3,1.01,True
-4.414715719063545,-0.03154296252010775,0.3,1.01,True
-4.448160535117057,-0.03154296936304114,0.3,1.01,True
-4.481605351170568,-0.031542975436016626,0.3,1.01,True
-4.51505016722408,-0.03154298082566886,0.3,1.01,True
-4.548494983277592,-0.03154298560888448,0.3,1.01,True
-4.581939799331104,-0.03154298985389894,0.3,1.01,True
-4.615384615384615,-0.03154299362126992,0.3,1.01,True
-4.648829431438127,-0.031542996964741256,0.3,1.01,True
-4.682274247491638,-0.031542999932009576,0.3,1.01,True
-4.7157190635451505,-0.031543002565404744,0.3,1.01,True
-4.749163879598662,-0.03154300490249374,0.3,1.01,True
-4.782608695652174,-0.031543006976616536,0.3,1.01,True
-4.816053511705685,-0.03154300881736175,0.3,1.01,True
-4.849498327759197,-0.03154301045098872,0.3,1.01,True
-4.882943143812708,-0.03154301190080212,0.3,1.01,True
-4.916387959866221,-0.031543013187484426,0.3,1.01,True
-4.949832775919732,-0.03154301432939091,0.3,1.01,True
-4.983277591973244,-0.03154301534281158,0.3,1.01,True
-5.016722408026756,-0.03154301624220348,0.3,1.01,True
-5.050167224080267,-0.03154301704039698,0.3,1.01,True
-5.083612040133779,-0.031543017748778795,0.3,1.01,True
-5.117056856187291,-0.03154301837745441,0.3,1.01,True
-5.150501672240803,-0.03154301893539227,0.3,1.01,True
-5.183946488294314,-0.03154301943055169,0.3,1.01,True
-5.217391304347826,-0.03154301986999643,0.3,1.01,True
-5.250836120401337,-0.03154302025999541,0.3,1.01,True
-5.2842809364548495,-0.03154302060611222,0.3,1.01,True
-5.317725752508361,-0.031543020913284425,0.3,1.01,True
-5.351170568561873,-0.03154302118589401,0.3,1.01,True
-5.384615384615384,-0.03154302142782992,0.3,1.01,True
-5.418060200668896,-0.03154302164254352,0.3,1.01,True
-5.4515050167224075,-0.03154302183309783,0.3,1.01,True
-5.48494983277592,-0.031543022002211214,0.3,1.01,True
-5.518394648829431,-0.031543022152296186,0.3,1.01,True
-5.551839464882943,-0.03154302228549379,0.3,1.01,True
-5.585284280936454,-0.03154302240370417,0.3,1.01,True
-5.618729096989966,-0.03154302250861368,0.3,1.01,True
-5.652173913043478,-0.03154302260171891,0.3,1.01,True
-5.68561872909699,-0.031543022684348054,0.3,1.01,True
-5.719063545150502,-0.03154302275767988,0.3,1.01,True
-5.752508361204013,-0.0315430228227605,0.3,1.01,True
-5.785953177257525,-0.03154302288051834,0.3,1.01,True
-5.8193979933110365,-0.03154302293177734,0.3,1.01,True
-5.852842809364549,-0.03154302297726875,0.3,1.01,True
-5.88628762541806,-0.03154302301764152,0.3,1.01,True
-5.919732441471572,-0.0315430230534716,0.3,1.01,True
-5.953177257525083,-0.03154302308527013,0.3,1.01,True
-5.986622073578595,-0.03154302311349073,0.3,1.01,True
-6.020066889632107,-0.03154302313853598,0.3,1.01,True
-6.053511705685619,-0.03154302316076317,0.3,1.01,True
-6.08695652173913,-0.03154302318048939,0.3,1.01,True
-6.120401337792642,-0.03154302319799604,0.3,1.01,True
-6.153846153846153,-0.03154302321353287,0.3,1.01,True
-6.187290969899665,-0.03154302322732151,0.3,1.01,True
-6.220735785953177,-0.031543023239558675,0.3,1.01,True
-6.254180602006689,-0.031543023250418925,0.3,1.01,True
-6.2876254180602,-0.031543023260057194,0.3,1.01,True
-6.321070234113712,-0.031543023268610984,0.3,1.01,True
-6.354515050167223,-0.03154302327620231,0.3,1.01,True
-6.3879598662207355,-0.03154302328293947,0.3,1.01,True
-6.421404682274247,-0.031543023288918566,0.3,1.01,True
-6.454849498327759,-0.03154302329422491,0.3,1.01,True
-6.488294314381271,-0.03154302329893419,0.3,1.01,True
-6.521739130434782,-0.031543023303113586,0.3,1.01,True
-6.555183946488294,-0.03154302330682272,0.3,1.01,True
-6.588628762541806,-0.031543023310114514,0.3,1.01,True
-6.622073578595318,-0.03154302331303591,0.3,1.01,True
-6.655518394648829,-0.0315430233156286,0.3,1.01,True
-6.688963210702341,-0.03154302331792957,0.3,1.01,True
-6.722408026755852,-0.03154302331997163,0.3,1.01,True
-6.7558528428093645,-0.03154302332178392,0.3,1.01,True
-6.789297658862876,-0.031543023323392295,0.3,1.01,True
-6.822742474916388,-0.0315430233248197,0.3,1.01,True
-6.856187290969899,-0.031543023326086495,0.3,1.01,True
-6.889632107023411,-0.03154302332721075,0.3,1.01,True
-6.9230769230769225,-0.031543023328208505,0.3,1.01,True
-6.956521739130435,-0.031543023329094,0.3,1.01,True
-6.989966555183946,-0.03154302332987985,0.3,1.01,True
-7.023411371237458,-0.031543023330577284,0.3,1.01,True
-7.056856187290969,-0.03154302333119624,0.3,1.01,True
-7.090301003344481,-0.03154302333174556,0.3,1.01,True
-7.123745819397993,-0.03154302333223306,0.3,1.01,True
-7.157190635451505,-0.03154302333266571,0.3,1.01,True
-7.190635451505017,-0.03154302333304968,0.3,1.01,True
-7.224080267558528,-0.03154302333339045,0.3,1.01,True
-7.25752508361204,-0.031543023333692875,0.3,1.01,True
-7.290969899665551,-0.03154302333396127,0.3,1.01,True
-7.3244147157190636,-0.03154302333419946,0.3,1.01,True
-7.357859531772575,-0.031543023334410863,0.3,1.01,True
-7.391304347826087,-0.03154302333459847,0.3,1.01,True
-7.424749163879598,-0.03154302333476497,0.3,1.01,True
-7.45819397993311,-0.03154302333491273,0.3,1.01,True
-7.4916387959866215,-0.03154302333504387,0.3,1.01,True
-7.525083612040134,-0.03154302333516026,0.3,1.01,True
-7.558528428093645,-0.03154302333526354,0.3,1.01,True
-7.591973244147157,-0.03154302333535521,0.3,1.01,True
-7.625418060200668,-0.031543023335436564,0.3,1.01,True
-7.65886287625418,-0.031543023335508756,0.3,1.01,True
-7.692307692307692,-0.03154302333557284,0.3,1.01,True
-7.725752508361204,-0.0315430233356297,0.3,1.01,True
-7.759197324414715,-0.03154302333568017,0.3,1.01,True
-7.792642140468227,-0.03154302333572495,0.3,1.01,True
-7.826086956521738,-0.031543023335764704,0.3,1.01,True
-7.8595317725752505,-0.03154302333579998,0.3,1.01,True
-7.892976588628763,-0.03154302333583128,0.3,1.01,True
-7.926421404682274,-0.03154302333585907,0.3,1.01,True
-7.959866220735786,-0.03154302333588373,0.3,1.01,True
-7.993311036789297,-0.03154302333590561,0.3,1.01,True
-8.02675585284281,-0.031543023335925034,0.3,1.01,True
-8.060200668896321,-0.03154302333594227,0.3,1.01,True
-8.093645484949832,-0.031543023335957564,0.3,1.01,True
-8.127090301003344,-0.03154302333597114,0.3,1.01,True
-8.160535117056856,-0.03154302333598319,0.3,1.01,True
-8.193979933110368,-0.03154302333599388,0.3,1.01,True
-8.227424749163879,-0.031543023336003374,0.3,1.01,True
-8.26086956521739,-0.03154302333601179,0.3,1.01,True
-8.294314381270903,-0.031543023336019264,0.3,1.01,True
-8.327759197324415,-0.0315430233360259,0.3,1.01,True
-8.361204013377925,-0.03154302333603179,0.3,1.01,True
-8.394648829431437,-0.031543023336037014,0.3,1.01,True
-8.42809364548495,-0.03154302333604165,0.3,1.01,True
-8.461538461538462,-0.031543023336045764,0.3,1.01,True
-8.494983277591972,-0.031543023336049414,0.3,1.01,True
-8.528428093645484,-0.031543023336052654,0.3,1.01,True
-8.561872909698996,-0.031543023336055534,0.3,1.01,True
-8.595317725752508,-0.03154302333605808,0.3,1.01,True
-8.62876254180602,-0.03154302333606035,0.3,1.01,True
-8.66220735785953,-0.03154302333606236,0.3,1.01,True
-8.695652173913043,-0.031543023336064145,0.3,1.01,True
-8.729096989966555,-0.03154302333606573,0.3,1.01,True
-8.762541806020067,-0.031543023336067136,0.3,1.01,True
-8.795986622073578,-0.03154302333606838,0.3,1.01,True
-8.82943143812709,-0.03154302333606949,0.3,1.01,True
-8.862876254180602,-0.031543023336070466,0.3,1.01,True
-8.896321070234114,-0.03154302333607134,0.3,1.01,True
-8.929765886287624,-0.03154302333607212,0.3,1.01,True
-8.963210702341136,-0.0315430233360728,0.3,1.01,True
-8.996655518394649,-0.03154302333607341,0.3,1.01,True
-9.03010033444816,-0.03154302333607395,0.3,1.01,True
-9.063545150501671,-0.03154302333607443,0.3,1.01,True
-9.096989966555183,-0.03154302333607486,0.3,1.01,True
-9.130434782608695,-0.031543023336075234,0.3,1.01,True
-9.163879598662207,-0.031543023336075574,0.3,1.01,True
-9.197324414715718,-0.03154302333607587,0.3,1.01,True
-9.23076923076923,-0.031543023336076136,0.3,1.01,True
-9.264214046822742,-0.031543023336076365,0.3,1.01,True
-9.297658862876254,-0.03154302333607657,0.3,1.01,True
-9.331103678929766,-0.03154302333607676,0.3,1.01,True
-9.364548494983277,-0.03154302333607693,0.3,1.01,True
-9.397993311036789,-0.03154302333607707,0.3,1.01,True
-9.431438127090301,-0.0315430233360772,0.3,1.01,True
-9.464882943143813,-0.031543023336077315,0.3,1.01,True
-9.498327759197323,-0.03154302333607741,0.3,1.01,True
-9.531772575250836,-0.0315430233360775,0.3,1.01,True
-9.565217391304348,-0.031543023336077586,0.3,1.01,True
-9.59866220735786,-0.031543023336077655,0.3,1.01,True
-9.63210702341137,-0.03154302333607772,0.3,1.01,True
-9.665551839464882,-0.03154302333607777,0.3,1.01,True
-9.698996655518394,-0.03154302333607783,0.3,1.01,True
-9.732441471571907,-0.03154302333607787,0.3,1.01,True
-9.765886287625417,-0.03154302333607791,0.3,1.01,True
-9.799331103678929,-0.03154302333607795,0.3,1.01,True
-9.832775919732441,-0.031543023336077974,0.3,1.01,True
-9.866220735785953,-0.031543023336078,0.3,1.01,True
-9.899665551839464,-0.03154302333607802,0.3,1.01,True
-9.933110367892976,-0.03154302333607805,0.3,1.01,True
-9.966555183946488,-0.031543023336078065,0.3,1.01,True
-10.0,-0.031543023336078085,0.3,1.01,True
0.0,0.19242649201428835,0.3,1.01,False
-0.033444816053511704,0.15010883448734103,0.3,1.01,False
-0.06688963210702341,0.1143503478650289,0.3,1.01,False
-0.1003344481605351,0.08413437088889694,0.3,1.01,False
-0.13377926421404682,0.058601823209643356,0.3,1.01,False
-0.16722408026755853,0.03702678059201388,0.3,1.01,False
-0.2006688963210702,0.018795835924837023,0.3,1.01,False
-0.23411371237458192,0.0033906592423084553,0.3,1.01,False
-0.26755852842809363,-0.009626739085228195,0.3,1.01,False
-0.3010033444816053,-0.020626460978060146,0.3,1.01,False
-0.33444816053511706,-0.029921243136158494,0.3,1.01,False
-0.36789297658862874,-0.03777534855884212,0.3,1.01,False
-0.4013377926421404,-0.04441207989276387,0.3,1.01,False
-0.43478260869565216,-0.050020128222679115,0.3,1.01,False
-0.46822742474916385,-0.054758937809548505,0.3,1.01,False
-0.5016722408026756,-0.05876323930260371,0.3,1.01,False
-0.5351170568561873,-0.062146880310614105,0.3,1.01,False
-0.568561872909699,-0.0650060622405827,0.3,1.01,False
-0.6020066889632106,-0.0674220754314932,0.3,1.01,False
-0.6354515050167224,-0.06946361034659312,0.3,1.01,False
-0.6688963210702341,-0.07118871053447795,0.3,1.01,False
-0.7023411371237458,-0.0726464228842541,0.3,1.01,False
-0.7357859531772575,-0.0738781920937255,0.3,1.01,False
-0.7692307692307692,-0.0749190389971868,0.3,1.01,False
-0.8026755852842808,-0.07579855625424659,0.3,1.01,False
-0.8361204013377926,-0.07654174970843619,0.3,1.01,False
-0.8695652173913043,-0.07716974933654666,0.3,1.01,False
-0.903010033444816,-0.07770041000192743,0.3,1.01,False
-0.9364548494983277,-0.07814881909196088,0.3,1.01,False
-0.9698996655518394,-0.07852772547252018,0.3,1.01,False
-1.0033444816053512,-0.07884790195515538,0.3,1.01,False
-1.0367892976588629,-0.07911845158243093,0.3,1.01,False
-1.0702341137123745,-0.07934706643951378,0.3,1.01,False
-1.1036789297658862,-0.07954024635036903,0.3,1.01,False
-1.137123745819398,-0.07970348367638638,0.3,1.01,False
-1.1705685618729096,-0.07984141947150776,0.3,1.01,False
-1.2040133779264213,-0.07995797543355375,0.3,1.01,False
-1.237458193979933,-0.08005646540330025,0.3,1.01,False
-1.2709030100334449,-0.08013968958137224,0.3,1.01,False
-1.3043478260869565,-0.08021001414166591,0.3,1.01,False
-1.3377926421404682,-0.08026943850481454,0.3,1.01,False
-1.37123745819398,-0.08031965218437222,0.3,1.01,False
-1.4046822742474916,-0.08036208282192765,0.3,1.01,False
-1.4381270903010033,-0.08039793677685025,0.3,1.01,False
-1.471571906354515,-0.08042823342468908,0.3,1.01,False
-1.5050167224080266,-0.08045383413937313,0.3,1.01,False
-1.5384615384615383,-0.08047546678321615,0.3,1.01,False
-1.57190635451505,-0.08049374640100863,0.3,1.01,False
-1.6053511705685617,-0.08050919270655797,0.3,1.01,False
-1.6387959866220736,-0.08052224485884213,0.3,1.01,False
-1.6722408026755853,-0.08053327394788251,0.3,1.01,False
-1.705685618729097,-0.0805425935453261,0.3,1.01,False
-1.7391304347826086,-0.08055046861970375,0.3,1.01,False
-1.7725752508361203,-0.08055712306983731,0.3,1.01,False
-1.806020066889632,-0.08056274609058056,0.3,1.01,False
-1.8394648829431437,-0.08056749755188006,0.3,1.01,False
-1.8729096989966554,-0.08057151254409002,0.3,1.01,False
-1.906354515050167,-0.08057490521877049,0.3,1.01,False
-1.9397993311036787,-0.08057777203416777,0.3,1.01,False
-1.9732441471571907,-0.08058019449765048,0.3,1.01,False
-2.0066889632107023,-0.0805822414830722,0.3,1.01,False
-2.040133779264214,-0.0805839711889467,0.3,1.01,False
-2.0735785953177257,-0.08058543279310884,0.3,1.01,False
-2.1070234113712374,-0.08058666785090583,0.3,1.01,False
-2.140468227424749,-0.08058771147667088,0.3,1.01,False
-2.1739130434782608,-0.0805885933420703,0.3,1.01,False
-2.2073578595317724,-0.08058933851970847,0.3,1.01,False
-2.240802675585284,-0.08058996819597512,0.3,1.01,False
-2.274247491638796,-0.08059050027340268,0.3,1.01,False
-2.3076923076923075,-0.08059094987965898,0.3,1.01,False
-2.341137123745819,-0.0805913297976469,0.3,1.01,False
-2.374581939799331,-0.08059165082893933,0.3,1.01,False
-2.4080267558528425,-0.08059192210088222,0.3,1.01,False
-2.441471571906354,-0.08059215132609711,0.3,1.01,False
-2.474916387959866,-0.08059234502176128,0.3,1.01,False
-2.508361204013378,-0.08059250869489964,0.3,1.01,False
-2.5418060200668897,-0.08059264699895688,0.3,1.01,False
-2.5752508361204014,-0.080592763866101,0.3,1.01,False
-2.608695652173913,-0.08059286261902006,0.3,1.01,False
-2.6421404682274248,-0.08059294606539072,0.3,1.01,False
-2.6755852842809364,-0.08059301657770411,0.3,1.01,False
-2.709030100334448,-0.08059307616071891,0.3,1.01,False
-2.74247491638796,-0.08059312650845936,0.3,1.01,False
-2.7759197324414715,-0.08059316905237858,0.3,1.01,False
-2.809364548494983,-0.08059320500205668,0.3,1.01,False
-2.842809364548495,-0.08059323537959076,0.3,1.01,False
-2.8762541806020065,-0.08059326104865444,0.3,1.01,False
-2.9096989966555182,-0.08059328273905329,0.3,1.01,False
-2.94314381270903,-0.08059330106747416,0.3,1.01,False
-2.9765886287625416,-0.08059331655501838,0.3,1.01,False
-3.0100334448160533,-0.0805933296420174,0.3,1.01,False
-3.043478260869565,-0.080593340700552,0.3,1.01,False
-3.0769230769230766,-0.08059335004503099,0.3,1.01,False
-3.1103678929765883,-0.0805933579411303,0.3,1.01,False
-3.1438127090301,-0.08059336461334654,0.3,1.01,False
-3.1772575250836117,-0.08059337025137966,0.3,1.01,False
-3.2107023411371234,-0.08059337501552645,0.3,1.01,False
-3.2441471571906355,-0.08059337904123792,0.3,1.01,False
-3.277591973244147,-0.0805933824429704,0.3,1.01,False
-3.311036789297659,-0.08059338531743963,0.3,1.01,False
-3.3444816053511706,-0.08059338774637063,0.3,1.01,False
-3.3779264214046822,-0.08059338979882112,0.3,1.01,False
-3.411371237458194,-0.08059339153314497,0.3,1.01,False
-3.4448160535117056,-0.08059339299865134,0.3,1.01,False
-3.4782608695652173,-0.0805933942370065,0.3,1.01,False
-3.511705685618729,-0.08059339528341855,0.3,1.01,False
-3.5451505016722407,-0.08059339616763836,0.3,1.01,False
-3.5785953177257523,-0.08059339691480548,0.3,1.01,False
-3.612040133779264,-0.08059339754616286,0.3,1.01,False
-3.6454849498327757,-0.08059339807966083,0.3,1.01,False
-3.6789297658862874,-0.08059339853046744,0.3,1.01,False
-3.712374581939799,-0.08059339891139974,0.3,1.01,False
-3.7458193979933108,-0.08059339923328813,0.3,1.01,False
-3.7792642140468224,-0.08059339950528432,0.3,1.01,False
-3.812709030100334,-0.08059339973512152,0.3,1.01,False
-3.846153846153846,-0.08059339992933431,0.3,1.01,False
-3.8795986622073575,-0.08059340009344443,0.3,1.01,False
-3.913043478260869,-0.08059340023211774,0.3,1.01,False
-3.9464882943143813,-0.08059340034929689,0.3,1.01,False
-3.979933110367893,-0.08059340044831347,0.3,1.01,False
-4.013377926421405,-0.08059340053198262,0.3,1.01,False
-4.046822742474916,-0.08059340060268318,0.3,1.01,False
-4.080267558528428,-0.08059340066242528,0.3,1.01,False
-4.113712374581939,-0.08059340071290744,0.3,1.01,False
-4.147157190635451,-0.08059340075556494,0.3,1.01,False
-4.180602006688963,-0.08059340079161059,0.3,1.01,False
-4.214046822742475,-0.08059340082206923,0.3,1.01,False
-4.247491638795986,-0.08059340084780682,0.3,1.01,False
-4.280936454849498,-0.08059340086955513,0.3,1.01,False
-4.31438127090301,-0.08059340088793249,0.3,1.01,False
-4.3478260869565215,-0.08059340090346138,0.3,1.01,False
-4.381270903010034,-0.08059340091658332,0.3,1.01,False
-4.414715719063545,-0.08059340092767138,0.3,1.01,False
-4.448160535117057,-0.0805934009370408,0.3,1.01,False
-4.481605351170568,-0.08059340094495798,0.3,1.01,False
-4.51505016722408,-0.08059340095164802,0.3,1.01,False
-4.548494983277592,-0.0805934009573011,0.3,1.01,False
-4.581939799331104,-0.08059340096207797,0.3,1.01,False
-4.615384615384615,-0.08059340096611442,0.3,1.01,False
-4.648829431438127,-0.08059340096952523,0.3,1.01,False
-4.682274247491638,-0.08059340097240739,0.3,1.01,False
-4.7157190635451505,-0.0805934009748428,0.3,1.01,False
-4.749163879598662,-0.08059340097690072,0.3,1.01,False
-4.782608695652174,-0.08059340097863968,0.3,1.01,False
-4.816053511705685,-0.0805934009801091,0.3,1.01,False
-4.849498327759197,-0.08059340098135076,0.3,1.01,False
-4.882943143812708,-0.08059340098239996,0.3,1.01,False
-4.916387959866221,-0.08059340098328655,0.3,1.01,False
-4.949832775919732,-0.08059340098403571,0.3,1.01,False
-4.983277591973244,-0.08059340098466876,0.3,1.01,False
-5.016722408026756,-0.08059340098520368,0.3,1.01,False
-5.050167224080267,-0.08059340098565569,0.3,1.01,False
-5.083612040133779,-0.08059340098603764,0.3,1.01,False
-5.117056856187291,-0.08059340098636038,0.3,1.01,False
-5.150501672240803,-0.0805934009866331,0.3,1.01,False
-5.183946488294314,-0.08059340098686356,0.3,1.01,False
-5.217391304347826,-0.08059340098705829,0.3,1.01,False
-5.250836120401337,-0.08059340098722284,0.3,1.01,False
-5.2842809364548495,-0.08059340098736188,0.3,1.01,False
-5.317725752508361,-0.08059340098747937,0.3,1.01,False
-5.351170568561873,-0.08059340098757865,0.3,1.01,False
-5.384615384615384,-0.08059340098766254,0.3,1.01,False
-5.418060200668896,-0.08059340098773343,0.3,1.01,False
-5.4515050167224075,-0.08059340098779334,0.3,1.01,False
-5.48494983277592,-0.08059340098784396,0.3,1.01,False
-5.518394648829431,-0.08059340098788673,0.3,1.01,False
-5.551839464882943,-0.08059340098792286,0.3,1.01,False
-5.585284280936454,-0.08059340098795341,0.3,1.01,False
-5.618729096989966,-0.08059340098797921,0.3,1.01,False
-5.652173913043478,-0.08059340098800102,0.3,1.01,False
-5.68561872909699,-0.08059340098801944,0.3,1.01,False
-5.719063545150502,-0.08059340098803501,0.3,1.01,False
-5.752508361204013,-0.08059340098804817,0.3,1.01,False
-5.785953177257525,-0.0805934009880593,0.3,1.01,False
-5.8193979933110365,-0.08059340098806869,0.3,1.01,False
-5.852842809364549,-0.08059340098807663,0.3,1.01,False
-5.88628762541806,-0.08059340098808333,0.3,1.01,False
-5.919732441471572,-0.080593400988089,0.3,1.01,False
-5.953177257525083,-0.08059340098809378,0.3,1.01,False
-5.986622073578595,-0.08059340098809784,0.3,1.01,False
-6.020066889632107,-0.08059340098810126,0.3,1.01,False
-6.053511705685619,-0.08059340098810415,0.3,1.01,False
-6.08695652173913,-0.08059340098810659,0.3,1.01,False
-6.120401337792642,-0.08059340098810865,0.3,1.01,False
-6.153846153846153,-0.0805934009881104,0.3,1.01,False
-6.187290969899665,-0.08059340098811187,0.3,1.01,False
-6.220735785953177,-0.08059340098811311,0.3,1.01,False
-6.254180602006689,-0.08059340098811417,0.3,1.01,False
-6.2876254180602,-0.08059340098811506,0.3,1.01,False
-6.321070234113712,-0.08059340098811581,0.3,1.01,False
-6.354515050167223,-0.08059340098811645,0.3,1.01,False
-6.3879598662207355,-0.08059340098811697,0.3,1.01,False
-6.421404682274247,-0.08059340098811743,0.3,1.01,False
-6.454849498327759,-0.08059340098811782,0.3,1.01,False
-6.488294314381271,-0.08059340098811814,0.3,1.01,False
-6.521739130434782,-0.08059340098811842,0.3,1.01,False
-6.555183946488294,-0.08059340098811864,0.3,1.01,False
-6.588628762541806,-0.08059340098811883,0.3,1.01,False
-6.622073578595318,-0.080593400988119,0.3,1.01,False
-6.655518394648829,-0.08059340098811914,0.3,1.01,False
-6.688963210702341,-0.08059340098811926,0.3,1.01,False
-6.722408026755852,-0.08059340098811936,0.3,1.01,False
-6.7558528428093645,-0.08059340098811944,0.3,1.01,False
-6.789297658862876,-0.08059340098811951,0.3,1.01,False
-6.822742474916388,-0.08059340098811957,0.3,1.01,False
-6.856187290969899,-0.08059340098811962,0.3,1.01,False
-6.889632107023411,-0.08059340098811967,0.3,1.01,False
-6.9230769230769225,-0.0805934009881197,0.3,1.01,False
-6.956521739130435,-0.08059340098811973,0.3,1.01,False
-6.989966555183946,-0.08059340098811976,0.3,1.01,False
-7.023411371237458,-0.08059340098811978,0.3,1.01,False
-7.056856187290969,-0.0805934009881198,0.3,1.01,False
-7.090301003344481,-0.08059340098811982,0.3,1.01,False
-7.123745819397993,-0.08059340098811983,0.3,1.01,False
-7.157190635451505,-0.08059340098811985,0.3,1.01,False
-7.190635451505017,-0.08059340098811985,0.3,1.01,False
-7.224080267558528,-0.08059340098811986,0.3,1.01,False
-7.25752508361204,-0.08059340098811986,0.3,1.01,False
-7.290969899665551,-0.08059340098811987,0.3,1.01,False
-7.3244147157190636,-0.08059340098811987,0.3,1.01,False
-7.357859531772575,-0.08059340098811987,0.3,1.01,False
-7.391304347826087,-0.08059340098811989,0.3,1.01,False
-7.424749163879598,-0.08059340098811989,0.3,1.01,False
-7.45819397993311,-0.08059340098811989,0.3,1.01,False
-7.4916387959866215,-0.08059340098811989,0.3,1.01,False
-7.525083612040134,-0.08059340098811989,0.3,1.01,False
-7.558528428093645,-0.08059340098811989,0.3,1.01,False
-7.591973244147157,-0.0805934009881199,0.3,1.01,False
-7.625418060200668,-0.0805934009881199,0.3,1.01,False
-7.65886287625418,-0.0805934009881199,0.3,1.01,False
-7.692307692307692,-0.0805934009881199,0.3,1.01,False
-7.725752508361204,-0.0805934009881199,0.3,1.01,False
-7.759197324414715,-0.0805934009881199,0.3,1.01,False
-7.792642140468227,-0.0805934009881199,0.3,1.01,False
-7.826086956521738,-0.0805934009881199,0.3,1.01,False
-7.8595317725752505,-0.0805934009881199,0.3,1.01,False
-7.892976588628763,-0.0805934009881199,0.3,1.01,False
-7.926421404682274,-0.0805934009881199,0.3,1.01,False
-7.959866220735786,-0.0805934009881199,0.3,1.01,False
-7.993311036789297,-0.0805934009881199,0.3,1.01,False
-8.02675585284281,-0.0805934009881199,0.3,1.01,False
-8.060200668896321,-0.0805934009881199,0.3,1.01,False
-8.093645484949832,-0.0805934009881199,0.3,1.01,False
-8.127090301003344,-0.0805934009881199,0.3,1.01,False
-8.160535117056856,-0.0805934009881199,0.3,1.01,False
-8.193979933110368,-0.0805934009881199,0.3,1.01,False
-8.227424749163879,-0.0805934009881199,0.3,1.01,False
-8.26086956521739,-0.0805934009881199,0.3,1.01,False
-8.294314381270903,-0.0805934009881199,0.3,1.01,False
-8.327759197324415,-0.0805934009881199,0.3,1.01,False
-8.361204013377925,-0.0805934009881199,0.3,1.01,False
-8.394648829431437,-0.0805934009881199,0.3,1.01,False
-8.42809364548495,-0.0805934009881199,0.3,1.01,False
-8.461538461538462,-0.0805934009881199,0.3,1.01,False
-8.494983277591972,-0.0805934009881199,0.3,1.01,False
-8.528428093645484,-0.0805934009881199,0.3,1.01,False
-8.561872909698996,-0.0805934009881199,0.3,1.01,False
-8.595317725752508,-0.0805934009881199,0.3,1.01,False
-8.62876254180602,-0.0805934009881199,0.3,1.01,False
-8.66220735785953,-0.0805934009881199,0.3,1.01,False
-8.695652173913043,-0.0805934009881199,0.3,1.01,False
-8.729096989966555,-0.0805934009881199,0.3,1.01,False
-8.762541806020067,-0.0805934009881199,0.3,1.01,False
-8.795986622073578,-0.0805934009881199,0.3,1.01,False
-8.82943143812709,-0.0805934009881199,0.3,1.01,False
-8.862876254180602,-0.0805934009881199,0.3,1.01,False
-8.896321070234114,-0.0805934009881199,0.3,1.01,False
-8.929765886287624,-0.0805934009881199,0.3,1.01,False
-8.963210702341136,-0.0805934009881199,0.3,1.01,False
-8.996655518394649,-0.0805934009881199,0.3,1.01,False
-9.03010033444816,-0.0805934009881199,0.3,1.01,False
-9.063545150501671,-0.0805934009881199,0.3,1.01,False
-9.096989966555183,-0.0805934009881199,0.3,1.01,False
-9.130434782608695,-0.0805934009881199,0.3,1.01,False
-9.163879598662207,-0.0805934009881199,0.3,1.01,False
-9.197324414715718,-0.0805934009881199,0.3,1.01,False
-9.23076923076923,-0.0805934009881199,0.3,1.01,False
-9.264214046822742,-0.0805934009881199,0.3,1.01,False
-9.297658862876254,-0.0805934009881199,0.3,1.01,False
-9.331103678929766,-0.0805934009881199,0.3,1.01,False
-9.364548494983277,-0.0805934009881199,0.3,1.01,False
-9.397993311036789,-0.0805934009881199,0.3,1.01,False
-9.431438127090301,-0.0805934009881199,0.3,1.01,False
-9.464882943143813,-0.0805934009881199,0.3,1.01,False
-9.498327759197323,-0.0805934009881199,0.3,1.01,False
-9.531772575250836,-0.0805934009881199,0.3,1.01,False
-9.565217391304348,-0.0805934009881199,0.3,1.01,False
-9.59866220735786,-0.0805934009881199,0.3,1.01,False
-9.63210702341137,-0.0805934009881199,0.3,1.01,False
-9.665551839464882,-0.0805934009881199,0.3,1.01,False
-9.698996655518394,-0.0805934009881199,0.3,1.01,False
-9.732441471571907,-0.0805934009881199,0.3,1.01,False
-9.765886287625417,-0.0805934009881199,0.3,1.01,False
-9.799331103678929,-0.0805934009881199,0.3,1.01,False
-9.832775919732441,-0.0805934009881199,0.3,1.01,False
-9.866220735785953,-0.0805934009881199,0.3,1.01,False
-9.899665551839464,-0.0805934009881199,0.3,1.01,False
-9.933110367892976,-0.0805934009881199,0.3,1.01,False
-9.966555183946488,-0.0805934009881199,0.3,1.01,False
-10.0,-0.0805934009881199,0.3,1.01,False
0.0,1.2948005521902053,0.25,0.99,True
-0.033444816053511704,1.2364598173824883,0.25,0.99,True
-0.06688963210702341,1.1807626053709563,0.25,0.99,True
-0.1003344481605351,1.127589133420665,0.25,0.99,True
-0.13377926421404682,1.0768250463661275,0.25,0.99,True
-0.16722408026755853,1.028361170678459,0.25,0.99,True
-0.2006688963210702,0.9820932796761753,0.25,0.99,True
-0.23411371237458192,0.9379218693747099,0.25,0.99,True
-0.26755852842809363,0.8957519444925907,0.25,0.99,True
-0.3010033444816053,0.8554928141540556,0.25,0.99,True
-0.33444816053511706,0.8170578968487517,0.25,0.99,True
-0.36789297658862874,0.7803645342290534,0.25,0.99,True
-0.4013377926421404,0.7453338133445608,0.25,0.99,True
-0.43478260869565216,0.7118903969314664,0.25,0.99,True
-0.46822742474916385,0.6799623613918166,0.25,0.99,True
-0.5016722408026756,0.6494810421142204,0.25,0.99,True
-0.5351170568561873,0.6203808858033525,0.25,0.99,True
-0.568561872909699,0.5925993095006702,0.25,0.99,True
-0.6020066889632106,0.5660765659931551,0.25,0.99,True
-0.6354515050167224,0.5407556153206217,0.25,0.99,True
-0.6688963210702341,0.516582002105262,0.25,0.99,True
-0.7023411371237458,0.493503738439605,0.25,0.99,True
-0.7357859531772575,0.4714711920810338,0.25,0.99,True
-0.7692307692307692,0.45043697971240737,0.25,0.99,True
-0.8026755852842808,0.43035586503923384,0.25,0.99,True
-0.8361204013377926,0.4111846615042435,0.25,0.99,True
-0.8695652173913043,0.3928821394101382,0.25,0.99,True
-0.903010033444816,0.37540893725077334,0.25,0.99,True
-0.9364548494983277,0.358727477060084,0.25,0.99,True
-0.9698996655518394,0.3428018835967007,0.25,0.99,True
-1.0033444816053512,0.3275979071904557,0.25,0.99,True
-1.0367892976588629,0.3130828500848509,0.25,0.99,True
-1.0702341137123745,0.29922549611708055,0.25,0.99,True
-1.1036789297658862,0.28599604358437675,0.25,0.99,True
-1.137123745819398,0.2733660411523019,0.25,0.99,True
-1.1705685618729096,0.26130832666714965,0.25,0.99,True
-1.2040133779264213,0.24979696874086574,0.25,0.99,True
-1.237458193979933,0.23880721098285992,0.25,0.99,True
-1.2709030100334449,0.22831541875877462,0.25,0.99,True
-1.3043478260869565,0.21829902836170814,0.25,0.99,True
-1.3377926421404682,0.2087364984865807,0.25,0.99,True
-1.37123745819398,0.1996072639032835,0.25,0.99,True
-1.4046822742474916,0.19089169122898023,0.25,0.99,True
-1.4381270903010033,0.18257103670444425,0.25,0.99,True
-1.471571906354515,0.17462740588362552,0.25,0.99,True
-1.5050167224080266,0.16704371514975508,0.25,0.99,True
-1.5384615384615383,0.15980365497522322,0.25,0.99,True
-1.57190635451505,0.1528916548462189,0.25,0.99,True
-1.6053511705685617,0.14629284977669543,0.25,0.99,True
-1.6387959866220736,0.13999304833964854,0.25,0.99,True
-1.6722408026755853,0.1339787021469548,0.25,0.99,True
-1.705685618729097,0.1282368767121318,0.25,0.99,True
-1.7391304347826086,0.12275522363335979,0.25,0.99,True
-1.7725752508361203,0.11752195403693973,0.25,0.99,True
-1.806020066889632,0.11252581322407569,0.25,0.99,True
-1.8394648829431437,0.10775605646645693,0.25,0.99,True
-1.8729096989966554,0.10320242589858496,0.25,0.99,True
-1.906354515050167,0.09885512845715115,0.25,0.99,True
-1.9397993311036787,0.09470481482001988,0.25,0.99,True
-1.9732441471571907,0.0907425592995241,0.25,0.99,True
-2.0066889632107023,0.08695984064683203,0.25,0.99,True
-2.040133779264214,0.08334852372610142,0.25,0.99,True
-2.0735785953177257,0.07990084201901122,0.25,0.99,True
-2.1070234113712374,0.07660938092204399,0.25,0.99,True
-2.140468227424749,0.07346706180059812,0.25,0.99,True
-2.1739130434782608,0.0704671267656367,0.25,0.99,True
-2.2073578595317724,0.06760312414013384,0.25,0.99,True
-2.240802675585284,0.06486889458406186,0.25,0.99,True
-2.274247491638796,0.062258557848080404,0.25,0.99,True
-2.3076923076923075,0.05976650012743921,0.25,0.99,True
-2.341137123745819,0.057387361988898544,0.25,0.99,True
-2.374581939799331,0.055116026844701974,0.25,0.99,True
-2.4080267558528425,0.052947609948814214,0.25,0.99,True
-2.441471571906354,0.05087744789175914,0.25,0.99,True
-2.474916387959866,0.04890108857146524,0.25,0.99,True
-2.508361204013378,0.04701428161855013,0.25,0.99,True
-2.5418060200668897,0.04521296925545245,0.25,0.99,True
-2.5752508361204014,0.04349327756975271,0.25,0.99,True
-2.608695652173913,0.041851508182915664,0.25,0.99,True
-2.6421404682274248,0.04028413029653687,0.25,0.99,True
-2.6755852842809364,0.03878777309898786,0.25,0.99,True
-2.709030100334448,0.03735921851612982,0.25,0.99,True
-2.74247491638796,0.035995394290505474,0.25,0.99,True
-2.7759197324414715,0.034693367374125005,0.25,0.99,True
-2.809364548494983,0.0334503376206367,0.25,0.99,True
-2.842809364548495,0.032263631763316515,0.25,0.99,True
-2.8762541806020065,0.031130697665925855,0.25,0.99,True
-2.9096989966555182,0.03004909883407306,0.25,0.99,True
-2.94314381270903,0.02901650917527495,0.25,0.99,True
-2.9765886287625416,0.02803070799644946,0.25,0.99,True
-3.0100334448160533,0.027089575228080583,0.25,0.99,True
-3.043478260869565,0.026191086864785086,0.25,0.99,True
-3.0769230769230766,0.025333310612475297,0.25,0.99,True
-3.1103678929765883,0.024514401732756562,0.25,0.99,True
-3.1438127090301,0.02373259907562259,0.25,0.99,True
-3.1772575250836117,0.022986221291916496,0.25,0.99,True
-3.2107023411371234,0.022273663217411806,0.25,0.99,True
-3.2441471571906355,0.02159339242073736,0.25,0.99,True
-3.277591973244147,0.020943945907721948,0.25,0.99,True
-3.311036789297659,0.02032392697507071,0.25,0.99,True
-3.3444816053511706,0.019732002206607348,0.25,0.99,True
-3.3779264214046822,0.019166898605621863,0.25,0.99,True
-3.411371237458194,0.018627400857156664,0.25,0.99,True
-3.4448160535117056,0.01811234871434347,0.25,0.99,True
-3.4782608695652173,0.017620634503169957,0.25,0.99,True
-3.511705685618729,0.017151200740309777,0.25,0.99,True
-3.5451505016722407,0.01670303785889306,0.25,0.99,True
-3.5785953177257523,0.01627518203732628,0.25,0.99,True
-3.612040133779264,0.015866713126492106,0.25,0.99,True
-3.6454849498327757,0.015476752670871643,0.25,0.99,True
-3.6789297658862874,0.015104462019333024,0.25,0.99,True
-3.712374581939799,0.014749040521523656,0.25,0.99,True
-3.7458193979933108,0.014409723805987089,0.25,0.99,True
-3.7792642140468224,0.014085782136301487,0.25,0.99,True
-3.812709030100334,0.013776518841704409,0.25,0.99,True
-3.846153846153846,0.013481268818828808,0.25,0.99,True
-3.8795986622073575,0.013199397101327972,0.25,0.99,True
-3.913043478260869,0.012930297494313382,0.25,0.99,True
-3.9464882943143813,0.012673391270668612,0.25,0.99,True
-3.979933110367893,0.012428125926435551,0.25,0.99,True
-4.013377926421405,0.01219397399259629,0.25,0.99,True
-4.046822742474916,0.011970431900695352,0.25,0.99,True
-4.080267558528428,0.011757018899862502,0.25,0.99,True
-4.113712374581939,0.01155327602290731,0.25,0.99,True
-4.147157190635451,0.01135876509926169,0.25,0.99,True
-4.180602006688963,0.011173067812647885,0.25,0.99,True
-4.214046822742475,0.010995784801445094,0.25,0.99,True
-4.247491638795986,0.01082653479982019,0.25,0.99,True
-4.280936454849498,0.010664953817775243,0.25,0.99,True
-4.31438127090301,0.010510694358348643,0.25,0.99,True
-4.3478260869565215,0.01036342467028618,0.25,0.99,True
-4.381270903010034,0.010222828034574928,0.25,0.99,True
-4.414715719063545,0.010088602083305597,0.25,0.99,True
-4.448160535117057,0.009960458149398397,0.25,0.99,True
-4.481605351170568,0.009838120645794021,0.25,0.99,True
-4.51505016722408,0.009721326472774568,0.25,0.99,True
-4.548494983277592,0.009609824452139832,0.25,0.99,True
-4.581939799331104,0.009503374787022041,0.25,0.99,True
-4.615384615384615,0.009401748546177405,0.25,0.99,True
-4.648829431438127,0.009304727171645282,0.25,0.99,True
-4.682274247491638,0.009212102008716222,0.25,0.99,True
-4.7157190635451505,0.009123673857197976,0.25,0.99,True
-4.749163879598662,0.009039252543014463,0.25,0.99,True
-4.782608695652174,0.008958656509216312,0.25,0.99,True
-4.816053511705685,0.008881712425523523,0.25,0.99,True
-4.849498327759197,0.008808254815560343,0.25,0.99,True
-4.882943143812708,0.008738125700980896,0.25,0.99,True
-4.916387959866221,0.00867117426172004,0.25,0.99,True
-4.949832775919732,0.008607256511638912,0.25,0.99,True
-4.983277591973244,0.008546234988867522,0.25,0.99,True
-5.016722408026756,0.008487978460178496,0.25,0.99,True
-5.050167224080267,0.008432361638756162,0.25,0.99,True
-5.083612040133779,0.008379264914754023,0.25,0.99,True
-5.117056856187291,0.008328574098061163,0.25,0.99,True
-5.150501672240803,0.00828018017272434,0.25,0.99,True
-5.183946488294314,0.008233979062497686,0.25,0.99,True
-5.217391304347826,0.008189871407015745,0.25,0.99,True
-5.250836120401337,0.008147762348108517,0.25,0.99,True
-5.2842809364548495,0.00810756132579894,0.25,0.99,True
-5.317725752508361,0.008069181883544116,0.25,0.99,True
-5.351170568561873,0.008032541482301373,0.25,0.99,True
-5.384615384615384,0.00799756132301934,0.25,0.99,True
-5.418060200668896,0.007964166177172279,0.25,0.99,True
-5.4515050167224075,0.007932284224973182,0.25,0.99,True
-5.48494983277592,0.007901846900917747,0.25,0.99,True
-5.518394648829431,0.007872788746327021,0.25,0.99,True
-5.551839464882943,0.007845047268571593,0.25,0.99,True
-5.585284280936454,0.007818562806674607,0.25,0.99,True
-5.618729096989966,0.007793278403004519,0.25,0.99,True
-5.652173913043478,0.007769139680781711,0.25,0.99,True
-5.68561872909699,0.007746094727135474,0.25,0.99,True
-5.719063545150502,0.007724093981459904,0.25,0.99,True
-5.752508361204013,0.007703090128828589,0.25,0.99,True
-5.785953177257525,0.0076830379982388555,0.25,0.99,True
-5.8193979933110365,0.007663894465466767,0.25,0.99,True
-5.852842809364549,0.007645618360323919,0.25,0.99,True
-5.88628762541806,0.007628170378116614,0.25,0.99,True
-5.919732441471572,0.007611512995116954,0.25,0.99,True
-5.953177257525083,0.0075956103878641115,0.25,0.99,True
-5.986622073578595,0.007580428356122192,0.25,0.99,True
-6.020066889632107,0.007565934249329014,0.25,0.99,True
-6.053511705685619,0.007552096896377631,0.25,0.99,True
-6.08695652173913,0.007538886538579573,0.25,0.99,True
-6.120401337792642,0.007526274765665645,0.25,0.99,True
-6.153846153846153,0.007514234454686644,0.25,0.99,True
-6.187290969899665,0.007502739711682593,0.25,0.99,True
-6.220735785953177,0.007491765815995047,0.25,0.99,True
-6.254180602006689,0.0074812891671027035,0.25,0.99,True
-6.2876254180602,0.007471287233865997,0.25,0.99,True
-6.321070234113712,0.007461738506071496,0.25,0.99,True
-6.354515050167223,0.007452622448171925,0.25,0.99,True
-6.3879598662207355,0.007443919455122295,0.25,0.99,True
-6.421404682274247,0.007435610810217192,0.25,0.99,True
-6.454849498327759,0.00742767864483852,0.25,0.99,True
-6.488294314381271,0.007420105900027154,0.25,0.99,True
-6.521739130434782,0.007412876289795847,0.25,0.99,True
-6.555183946488294,0.007405974266104492,0.25,0.99,True
-6.588628762541806,0.007399384985422427,0.25,0.99,True
-6.622073578595318,0.007393094276805848,0.25,0.99,True
-6.655518394648829,0.007387088611421701,0.25,0.99,True
-6.688963210702341,0.007381355073452499,0.25,0.99,True
-6.722408026755852,0.007375881332319494,0.25,0.99,True
-6.7558528428093645,0.00737065561616446,0.25,0.99,True
-6.789297658862876,0.007365666686533074,0.25,0.99,True
-6.822742474916388,0.007360903814205433,0.25,0.99,True
-6.856187290969899,0.0073563567561217335,0.25,0.99,True
-6.889632107023411,0.007352015733353485,0.25,0.99,True
-6.9230769230769225,0.007347871410072901,0.25,0.99,True
-6.956521739130435,0.007343914873475209,0.25,0.99,True
-6.989966555183946,0.007340137614610723,0.25,0.99,True
-7.023411371237458,0.0073365315100854525,0.25,0.99,True
-7.056856187290969,0.007333088804590883,0.25,0.99,True
-7.090301003344481,0.007329802094225368,0.25,0.99,True
-7.123745819397993,0.0073266643105712554,0.25,0.99,True
-7.157190635451505,0.007323668705493509,0.25,0.99,True
-7.190635451505017,0.007320808836627134,0.25,0.99,True
-7.224080267558528,0.007318078553522187,0.25,0.99,True
-7.25752508361204,0.007315471984416589,0.25,0.99,True
-7.290969899665551,0.007312983523608274,0.25,0.99,True
-7.3244147157190636,0.007310607819399545,0.25,0.99,True
-7.357859531772575,0.007308339762587673,0.25,0.99,True
-7.391304347826087,0.007306174475477022,0.25,0.99,True
-7.424749163879598,0.00730410730138905,0.25,0.99,True
-7.45819397993311,0.007302133794647628,0.25,0.99,True
-7.4916387959866215,0.007300249711018146,0.25,0.99,True
-7.525083612040134,0.007298450998579838,0.25,0.99,True
-7.558528428093645,0.007296733789011696,0.25,0.99,True
-7.591973244147157,0.0072950943892732415,0.25,0.99,True
-7.625418060200668,0.007293529273662248,0.25,0.99,True
-7.65886287625418,0.00729203507623235,0.25,0.99,True
-7.692307692307692,0.007290608583554217,0.25,0.99,True
-7.725752508361204,0.007289246727804735,0.25,0.99,True
-7.759197324414715,0.007287946580169331,0.25,0.99,True
-7.792642140468227,0.007286705344543245,0.25,0.99,True
-7.826086956521738,0.007285520351518212,0.25,0.99,True
-7.8595317725752505,0.0072843890526416225,0.25,0.99,True
-7.892976588628763,0.007283309014935797,0.25,0.99,True
-7.926421404682274,0.007282277915665622,0.25,0.99,True
-7.959866220735786,0.00728129353734325,0.25,0.99,True
-7.993311036789297,0.0072803537629591705,0.25,0.99,True
-8.02675585284281,0.007279456571429348,0.25,0.99,True
-8.060200668896321,0.007278600033248673,0.25,0.99,True
-8.093645484949832,0.007277782306341355,0.25,0.99,True
-8.127090301003344,0.007277001632099342,0.25,0.99,True
-8.160535117056856,0.007276256331600254,0.25,0.99,True
-8.193979933110368,0.00727554480199668,0.25,0.99,True
-8.227424749163879,0.007274865513069083,0.25,0.99,True
-8.26086956521739,0.007274217003934905,0.25,0.99,True
-8.294314381270903,0.0072735978799067826,0.25,0.99,True
-8.327759197324415,0.007273006809493128,0.25,0.99,True
-8.361204013377925,0.00727244252153461,0.25,0.99,True
-8.394648829431437,0.007271903802470396,0.25,0.99,True
-8.42809364548495,0.007271389493728263,0.25,0.99,True
-8.461538461538462,0.007270898489232957,0.25,0.99,True
-8.494983277591972,0.007270429733027472,0.25,0.99,True
-8.528428093645484,0.007269982217002096,0.25,0.99,True
-8.561872909698996,0.00726955497872637,0.25,0.99,True
-8.595317725752508,0.007269147099379272,0.25,0.99,True
-8.62876254180602,0.007268757701773203,0.25,0.99,True
-8.66220735785953,0.007268385948467499,0.25,0.99,True
-8.695652173913043,0.007268031039967424,0.25,0.99,True
-8.729096989966555,0.00726769221300478,0.25,0.99,True
-8.762541806020067,0.00726736873889641,0.25,0.99,True
-8.795986622073578,0.00726705992197709,0.25,0.99,True
-8.82943143812709,0.007266765098103431,0.25,0.99,True
-8.862876254180602,0.007266483633225566,0.25,0.99,True
-8.896321070234114,0.007266214922023558,0.25,0.99,True
-8.929765886287624,0.007265958386605595,0.25,0.99,True
-8.963210702341136,0.007265713475265177,0.25,0.99,True
-8.996655518394649,0.0072654796612946085,0.25,0.99,True
-9.03010033444816,0.007265256441852259,0.25,0.99,True
-9.063545150501671,0.00726504333688115,0.25,0.99,True
-9.096989966555183,0.007264839888076543,0.25,0.99,True
-9.130434782608695,0.007264645657900303,0.25,0.99,True
-9.163879598662207,0.0072644602286399285,0.25,0.99,True
-9.197324414715718,0.007264283201510218,0.25,0.99,True
-9.23076923076923,0.007264114195795639,0.25,0.99,True
-9.264214046822742,0.007263952848031557,0.25,0.99,True
-9.297658862876254,0.007263798811222572,0.25,0.99,True
-9.331103678929766,0.007263651754096262,0.25,0.99,True
-9.364548494983277,0.0072635113603907505,0.25,0.99,True
-9.397993311036789,0.007263377328174552,0.25,0.99,True
-9.431438127090301,0.007263249369197234,0.25,0.99,True
-9.464882943143813,0.007263127208269505,0.25,0.99,True
-9.498327759197323,0.007263010582671394,0.25,0.99,True
-9.531772575250836,0.007262899241587237,0.25,0.99,True
-9.565217391304348,0.007262792945566279,0.25,0.99,True
-9.59866220735786,0.007262691466007702,0.25,0.99,True
-9.63210702341137,0.007262594584669002,0.25,0.99,True
-9.665551839464882,0.007262502093196632,0.25,0.99,True
-9.698996655518394,0.007262413792677916,0.25,0.99,True
-9.732441471571907,0.007262329493213263,0.25,0.99,True
-9.765886287625417,0.0072622490135077775,0.25,0.99,True
-9.799331103678929,0.007262172180481353,0.25,0.99,True
-9.832775919732441,0.007262098828896455,0.25,0.99,True
-9.866220735785953,0.0072620288010027565,0.25,0.99,True
-9.899665551839464,0.007261961946197877,0.25,0.99,True
-9.933110367892976,0.007261898120703501,0.25,0.99,True
-9.966555183946488,0.007261837187256165,0.25,0.99,True
-10.0,0.0072617790148120556,0.25,0.99,True
0.0,1.6299998511695948,0.25,0.99,False
-0.033444816053511704,1.5567487453612077,0.25,0.99,False
-0.06688963210702341,1.4867996030393675,0.25,0.99,False
-0.1003344481605351,1.420003580541632,0.25,0.99,False
-0.13377926421404682,1.356218543678858,0.25,0.99,False
-0.16722408026755853,1.295308765290132,0.25,0.99,False
-0.2006688963210702,1.2371446364311123,0.25,0.99,False
-0.23411371237458192,1.1816023905812265,0.25,0.99,False
-0.26755852842809363,1.1285638402828715,0.25,0.99,False
-0.3010033444816053,1.0779161256522083,0.25,0.99,False
-0.33444816053511706,1.0295514742264196,0.25,0.99,False
-0.36789297658862874,0.9833669716364081,0.25,0.99,False
-0.4013377926421404,0.9392643426169536,0.25,0.99,False
-0.43478260869565216,0.8971497418883471,0.25,0.99,False
-0.46822742474916385,0.8569335544645189,0.25,0.99,False
-0.5016722408026756,0.8185302049627419,0.25,0.99,False
-0.5351170568561873,0.7818579755091409,0.25,0.99,False
-0.568561872909699,0.7468388318525359,0.25,0.99,False
-0.6020066889632106,0.7133982573166034,0.25,0.99,False
-0.6354515050167224,0.6814650942370338,0.25,0.99,False
-0.6688963210702341,0.6509713925462726,0.25,0.99,False
-0.7023411371237458,0.6218522651836581,0.25,0.99,False
-0.7357859531772575,0.5940457500232809,0.25,0.99,False
-0.7692307692307692,0.5674926780257666,0.25,0.99,False
-0.8026755852842808,0.5421365473334228,0.25,0.99,False
-0.8361204013377926,0.5179234030408371,0.25,0.99,False
-0.8695652173913043,0.49480172238509734,0.25,0.99,False
-0.903010033444816,0.4727223051113271,0.25,0.99,False
-0.9364548494983277,0.4516381687802493,0.25,0.99,False
-0.9698996655518394,0.43150444879500405,0.25,0.99,False
-1.0033444816053512,0.41227830293449,0.25,0.99,False
-1.0367892976588629,0.39391882019008667,0.25,0.99,False
-1.0702341137123745,0.3763869337117723,0.25,0.99,False
-1.1036789297658862,0.3596453376783983,0.25,0.99,False
-1.137123745819398,0.34365840791522817,0.25,0.99,False
-1.1705685618729096,0.3283921260898252,0.25,0.99,False
-1.2040133779264213,0.3138140073249866,0.25,0.99,False
-1.237458193979933,0.29989303107469184,0.25,0.99,False
-1.2709030100334449,0.2865995751159788,0.25,0.99,False
-1.3043478260869565,0.27390535251628856,0.25,0.99,False
-1.3377926421404682,0.2617833514421535,0.25,0.99,False
-1.37123745819398,0.2502077776811485,0.25,0.99,False
-1.4046822742474916,0.23915399975479826,0.25,0.99,False
-1.4381270903010033,0.22859849650564787,0.25,0.99,False
-1.471571906354515,0.21851880704696774,0.25,0.99,False
-1.5050167224080266,0.2088934829685913,0.25,0.99,False
-1.5384615384615383,0.1997020426971859,0.25,0.99,False
-1.57190635451505,0.1909249279138401,0.25,0.99,False
-1.6053511705685617,0.182543461936229,0.25,0.99,False
-1.6387959866220736,0.17453980997680085,0.25,0.99,False
-1.6722408026755853,0.16689694119241708,0.25,0.99,False
-1.705685618729097,0.15959859244469354,0.25,0.99,False
-1.7391304347826086,0.15262923369392803,0.25,0.99,False
-1.7725752508361203,0.1459740349529768,0.25,0.99,False
-1.806020066889632,0.1396188347307622,0.25,0.99,False
-1.8394648829431437,0.13355010989826183,0.25,0.99,False
-1.8729096989966554,0.12775494691285808,0.25,0.99,False
-1.906354515050167,0.12222101433981768,0.25,0.99,False
-1.9397993311036787,0.11693653661242819,0.25,0.99,False
-1.9732441471571907,0.1118902689749581,0.25,0.99,False
-2.0066889632107023,0.10707147355512056,0.25,0.99,False
-2.040133779264214,0.10246989651512656,0.25,0.99,False
-2.0735785953177257,0.09807574623270728,0.25,0.99,False
-2.1070234113712374,0.09387967246567741,0.25,0.99,False
-2.140468227424749,0.0898727464557044,0.25,0.99,False
-2.1739130434782608,0.0860464419289461,0.25,0.99,False
-2.2073578595317724,0.08239261695312883,0.25,0.99,False
-2.240802675585284,0.07890349661245989,0.25,0.99,False
-2.274247491638796,0.07557165646350844,0.25,0.99,False
-2.3076923076923075,0.07239000673685075,0.25,0.99,False
-2.341137123745819,0.06935177725086338,0.25,0.99,False
-2.374581939799331,0.06645050300556174,0.25,0.99,False
-2.4080267558528425,0.06368001042582981,0.25,0.99,False
-2.441471571906354,0.061034404224768454,0.25,0.99,False
-2.474916387959866,0.05850805485920853,0.25,0.99,False
-2.508361204013378,0.05609558655069583,0.25,0.99,False
-2.5418060200668897,0.05379186584645822,0.25,0.99,False
-2.5752508361204014,0.05159199069601325,0.25,0.99,False
-2.608695652173913,0.0494912800201734,0.25,0.99,False
-2.6421404682274248,0.04748526375025237,0.25,0.99,False
-2.6755852842809364,0.045569673316277426,0.25,0.99,False
-2.709030100334448,0.043740432563967514,0.25,0.99,False
-2.74247491638796,0.041993649081149616,0.25,0.99,False
-2.7759197324414715,0.0403256059151572,0.25,0.99,False
-2.809364548494983,0.03873275366358589,0.25,0.99,False
-2.842809364548495,0.03721170292157693,0.25,0.99,False
-2.8762541806020065,0.035759217069556634,0.25,0.99,False
-2.9096989966555182,0.034372205386085285,0.25,0.99,False
-2.94314381270903,0.03304771647116053,0.25,0.99,False
-2.9765886287625416,0.0317829319659802,0.25,0.99,False
-3.0100334448160533,0.030575160555801874,0.25,0.99,False
-3.043478260869565,0.029421832243137148,0.25,0.99,False
-3.0769230769230766,0.028320492879095004,0.25,0.99,False
-3.1103678929765883,0.027268798941237668,0.25,0.99,False
-3.1438127090301,0.02626451254683654,0.25,0.99,False
-3.1772575250836117,0.025305496690917428,0.25,0.99,False
-3.2107023411371234,0.024389710698961706,0.25,0.99,False
-3.2441471571906355,0.023515205884587647,0.25,0.99,False
-3.277591973244147,0.022680121402971792,0.25,0.99,False
-3.311036789297659,0.021882680291186975,0.25,0.99,False
-3.3444816053511706,0.02112118568703131,0.25,0.99,False
-3.3779264214046822,0.020394017218302214,0.25,0.99,False
-3.411371237458194,0.019699627554832285,0.25,0.99,False
-3.4448160535117056,0.019036539115950178,0.25,0.99,False
-3.4782608695652173,0.018403340926360236,0.25,0.99,False
-3.511705685618729,0.01779868561375078,0.25,0.99,False
-3.5451505016722407,0.017221286541742063,0.25,0.99,False
-3.5785953177257523,0.016669915072073247,0.25,0.99,False
-3.612040133779264,0.016143397950202715,0.25,0.99,False
-3.6454849498327757,0.015640614808758453,0.25,0.99,False
-3.6789297658862874,0.015160495783526205,0.25,0.99,False
-3.712374581939799,0.014702019236902546,0.25,0.99,False
-3.7458193979933108,0.014264209583968512,0.25,0.99,False
-3.7792642140468224,0.013846135216558055,0.25,0.99,False
-3.812709030100334,0.013446906520903901,0.25,0.99,False
-3.846153846153846,0.01306567398464261,0.25,0.99,False
-3.8795986622073575,0.012701626389150835,0.25,0.99,False
-3.913043478260869,0.012353989083366133,0.25,0.99,False
-3.9464882943143813,0.012022022335419363,0.25,0.99,False
-3.979933110367893,0.01170501975857105,0.25,0.99,False
-4.013377926421405,0.01140230680810234,0.25,0.99,False
-4.046822742474916,0.011113239345962062,0.25,0.99,False
-4.080267558528428,0.010837202270115635,0.25,0.99,False
-4.113712374581939,0.010573608205679347,0.25,0.99,False
-4.147157190635451,0.01032189625505463,0.25,0.99,False
-4.180602006688963,0.010081530804403098,0.25,0.99,False
-4.214046822742475,0.00985200038392237,0.25,0.99,False
-4.247491638795986,0.00963281657949768,0.25,0.99,False
-4.280936454849498,0.009423512993413246,0.25,0.99,False
-4.31438127090301,0.00922364425191208,0.25,0.99,False
-4.3478260869565215,0.00903278505749223,0.25,0.99,False
-4.381270903010034,0.008850529283923037,0.25,0.99,False
-4.414715719063545,0.00867648911205565,0.25,0.99,False
-4.448160535117057,0.008510294204588792,0.25,0.99,False
-4.481605351170568,0.008351590918034002,0.25,0.99,False
-4.51505016722408,0.008200041550203242,0.25,0.99,False
-4.548494983277592,0.008055323621617861,0.25,0.99,False
-4.581939799331104,0.007917129189309619,0.25,0.99,False
-4.615384615384615,0.007785164191553803,0.25,0.99,False
-4.648829431438127,0.00765914782213995,0.25,0.99,False
-4.682274247491638,0.007538811932848815,0.25,0.99,False
-4.7157190635451505,0.0074239004628640585,0.25,0.99,False
-4.749163879598662,0.007314168893904521,0.25,0.99,False
-4.782608695652174,0.007209383729917672,0.25,0.99,False
-4.816053511705685,0.0071093220002271165,0.25,0.99,False
-4.849498327759197,0.007013770785076821,0.25,0.99,False
-4.882943143812708,0.00692252676256259,0.25,0.99,False
-4.916387959866221,0.006835395775986627,0.25,0.99,False
-4.949832775919732,0.006752192420714596,0.25,0.99,False
-4.983277591973244,0.006672739649656064,0.25,0.99,False
-5.016722408026756,0.006596868396528833,0.25,0.99,False
-5.050167224080267,0.006524417216105489,0.25,0.99,False
-5.083612040133779,0.006455231940676681,0.25,0.99,False
-5.117056856187291,0.006389165352000131,0.25,0.99,False
-5.150501672240803,0.0063260768680372635,0.25,0.99,False
-5.183946488294314,0.00626583224381096,0.25,0.99,False
-5.217391304347826,0.00620830328574779,0.25,0.99,False
-5.250836120401337,0.006153367578896972,0.25,0.99,False
-5.2842809364548495,0.006100908226445546,0.25,0.99,False
-5.317725752508361,0.006050813600975522,0.25,0.99,False
-5.351170568561873,0.006002977106933669,0.25,0.99,False
-5.384615384615384,0.005957296953808551,0.25,0.99,False
-5.418060200668896,0.0059136759395321155,0.25,0.99,False
-5.4515050167224075,0.005872021243644971,0.25,0.99,False
-5.48494983277592,0.005832244229785212,0.25,0.99,False
-5.518394648829431,0.005794260257080524,0.25,0.99,False
-5.551839464882943,0.005757988500042216,0.25,0.99,False
-5.585284280936454,0.005723351776577965,0.25,0.99,False
-5.618729096989966,0.005690276383757263,0.25,0.99,False
-5.652173913043478,0.005658691940980141,0.25,0.99,False
-5.68561872909699,0.0056285312402154005,0.25,0.99,False
-5.719063545150502,0.005599730102989735,0.25,0.99,False
-5.752508361204013,0.005572227243823364,0.25,0.99,False
-5.785953177257525,0.005545964139821653,0.25,0.99,False
-5.8193979933110365,0.005520884906145176,0.25,0.99,False
-5.852842809364549,0.005496936177093255,0.25,0.99,False
-5.88628762541806,0.005474066992547947,0.25,0.99,False
-5.919732441471572,0.005452228689536811,0.25,0.99,False
-5.953177257525083,0.005431374798683762,0.25,0.99,False
-5.986622073578595,0.005411460945327611,0.25,0.99,False
-6.020066889632107,0.005392444755097945,0.25,0.99,False
-6.053511705685619,0.005374285763747377,0.25,0.99,False
-6.08695652173913,0.005356945331048318,0.25,0.99,False
-6.120401337792642,0.005340386558571058,0.25,0.99,False
-6.153846153846153,0.0053245742111681866,0.25,0.99,False
-6.187290969899665,0.005309474641998279,0.25,0.99,False
-6.220735785953177,0.005295055720929332,0.25,0.99,False
-6.254180602006689,0.005281286766169556,0.25,0.99,False
-6.2876254180602,0.005268138478980092,0.25,0.99,False
-6.321070234113712,0.005255582881330685,0.25,0.99,False
-6.354515050167223,0.005243593256365684,0.25,0.99,False
-6.3879598662207355,0.005232144091553673,0.25,0.99,False
-6.421404682274247,0.005221211024399758,0.25,0.99,False
-6.454849498327759,0.005210770790605009,0.25,0.99,False
-6.488294314381271,0.0052008011745627285,0.25,0.99,False
-6.521739130434782,0.005191280962086212,0.25,0.99,False
-6.555183946488294,0.005182189895267426,0.25,0.99,False
-6.588628762541806,0.0051735086293705265,0.25,0.99,False
-6.622073578595318,0.0051652186916685,0.25,0.99,False
-6.655518394648829,0.0051573024421353525,0.25,0.99,False
-6.688963210702341,0.005149743035910172,0.25,0.99,False
-6.722408026755852,0.005142524387453218,0.25,0.99,False
-6.7558528428093645,0.005135631136317767,0.25,0.99,False
-6.789297658862876,0.005129048614464852,0.25,0.99,False
-6.822742474916388,0.005122762815051385,0.25,0.99,False
-6.856187290969899,0.005116760362625216,0.25,0.99,False
-6.889632107023411,0.0051110284846637224,0.25,0.99,False
-6.9230769230769225,0.00510555498439536,0.25,0.99,False
-6.956521739130435,0.0051003282148463554,0.25,0.99,False
-6.989966555183946,0.005095337054057286,0.25,0.99,False
-7.023411371237458,0.005090570881416847,0.25,0.99,False
-7.056856187290969,0.005086019555062421,0.25,0.99,False
-7.090301003344481,0.005081673390299371,0.25,0.99,False
-7.123745819397993,0.005077523138993132,0.25,0.99,False
-7.157190635451505,0.005073559969890252,0.25,0.99,False
-7.190635451505017,0.005069775449826514,0.25,0.99,False
-7.224080267558528,0.005066161525782135,0.25,0.99,False
-7.25752508361204,0.005062710507745877,0.25,0.99,False
-7.290969899665551,0.005059415052351595,0.25,0.99,False
-7.3244147157190636,0.005056268147252401,0.25,0.99,False
-7.357859531772575,0.005053263096199212,0.25,0.99,False
-7.391304347826087,0.005050393504791899,0.25,0.99,False
-7.424749163879598,0.0050476532668727505,0.25,0.99,False
-7.45819397993311,0.005045036551533277,0.25,0.99,False
-7.4916387959866215,0.005042537790706711,0.25,0.99,False
-7.525083612040134,0.005040151667319811,0.25,0.99,False
-7.558528428093645,0.005037873103978743,0.25,0.99,False
-7.591973244147157,0.005035697252164974,0.25,0.99,False
-7.625418060200668,0.005033619481918193,0.25,0.99,False
-7.65886287625418,0.005031635371984284,0.25,0.99,False
-7.692307692307692,0.005029740700407418,0.25,0.99,False
-7.725752508361204,0.005027931435546216,0.25,0.99,False
-7.759197324414715,0.005026203727494884,0.25,0.99,False
-7.792642140468227,0.00502455389989106,0.25,0.99,False
-7.826086956521738,0.005022978442092946,0.25,0.99,False
-7.8595317725752505,0.0050214740017090614,0.25,0.99,False
-7.892976588628763,0.005020037377464748,0.25,0.99,False
-7.926421404682274,0.005018665512390229,0.25,0.99,False
-7.959866220735786,0.005017355487315727,0.25,0.99,False
-7.993311036789297,0.005016104514659817,0.25,0.99,False
-8.02675585284281,0.005014909932497769,0.25,0.99,False
-8.060200668896321,0.005013769198897285,0.25,0.99,False
-8.093645484949832,0.005012679886509561,0.25,0.99,False
-8.127090301003344,0.00501163967740417,0.25,0.99,False
-8.160535117056856,0.005010646358136775,0.25,0.99,False
-8.193979933110368,0.005009697815039176,0.25,0.99,False
-8.227424749163879,0.005008792029721669,0.25,0.99,False
-8.26086956521739,0.005007927074778149,0.25,0.99,False
-8.294314381270903,0.005007101109684809,0.25,0.99,False
-8.327759197324415,0.005006312376883723,0.25,0.99,False
-8.361204013377925,0.005005559198042964,0.25,0.99,False
-8.394648829431437,0.005004839970485309,0.25,0.99,False
-8.42809364548495,0.0050041531637779295,0.25,0.99,False
-8.461538461538462,0.005003497316475805,0.25,0.99,False
-8.494983277591972,0.0050028710330119385,0.25,0.99,False
-8.528428093645484,0.005002272980727754,0.25,0.99,False
-8.561872909698996,0.005001701887037348,0.25,0.99,False
-8.595317725752508,0.0050011565367195825,0.25,0.99,False
-8.62876254180602,0.005000635769332229,0.25,0.99,False
-8.66220735785953,0.005000138476742682,0.25,0.99,False
-8.695652173913043,0.004999663600769986,0.25,0.99,False
-8.729096989966555,0.004999210130933147,0.25,0.99,False
-8.762541806020067,0.0049987771023009405,0.25,0.99,False
-8.795986622073578,0.00499836359343866,0.25,0.99,False
-8.82943143812709,0.0049979687244474024,0.25,0.99,False
-8.862876254180602,0.004997591655091751,0.25,0.99,False
-8.896321070234114,0.0049972315830118475,0.25,0.99,False
-8.929765886287624,0.004996887742016065,0.25,0.99,False
-8.963210702341136,0.004996559400450643,0.25,0.99,False
-8.996655518394649,0.004996245859642809,0.25,0.99,False
-9.03010033444816,0.004995946452414087,0.25,0.99,False
-9.063545150501671,0.004995660541660619,0.25,0.99,False
-9.096989966555183,0.00499538751899748,0.25,0.99,False
-9.130434782608695,0.004995126803464108,0.25,0.99,False
-9.163879598662207,0.004994877840288082,0.25,0.99,False
-9.197324414715718,0.004994640099704639,0.25,0.99,False
-9.23076923076923,0.00499441307582939,0.25,0.99,False
-9.264214046822742,0.004994196285581858,0.25,0.99,False
-9.297658862876254,0.004993989267657537,0.25,0.99,False
-9.331103678929766,0.004993791581546294,0.25,0.99,False
-9.364548494983277,0.004993602806595012,0.25,0.99,False
-9.397993311036789,0.004993422541112486,0.25,0.99,False
-9.431438127090301,0.004993250401514678,0.25,0.99,False
-9.464882943143813,0.004993086021508487,0.25,0.99,False
-9.498327759197323,0.0049929290513123226,0.25,0.99,False
-9.531772575250836,0.0049927791569118135,0.25,0.99,False
-9.565217391304348,0.0049926360193490605,0.25,0.99,False
-9.59866220735786,0.004992499334043928,0.25,0.99,False
-9.63210702341137,0.004992368810145941,0.25,0.99,False
-9.665551839464882,0.004992244169915382,0.25,0.99,False
-9.698996655518394,0.004992125148132295,0.25,0.99,False
-9.732441471571907,0.0049920114915321286,0.25,0.99,False
-9.765886287625417,0.00499190295826682,0.25,0.99,False
-9.799331103678929,0.004991799317390168,0.25,0.99,False
-9.832775919732441,0.004991700348366407,0.25,0.99,False
-9.866220735785953,0.004991605840600932,0.25,0.99,False
-9.899665551839464,0.004991515592992179,0.25,0.99,False
-9.933110367892976,0.004991429413503703,0.25,0.99,False
-9.966555183946488,0.004991347118755547,0.25,0.99,False
-10.0,0.004991268533634031,0.25,0.99,False
0.0,1.4102101831180611,1.0,0.99,True
-0.033444816053511704,1.3667115511276742,1.0,0.99,True
-0.06688963210702341,1.3245596356180325,1.0,0.99,True
-0.1003344481605351,1.283712742282981,1.0,0.99,True
-0.13377926421404682,1.2441304676709666,1.0,0.99,True
-0.16722408026755853,1.2057736592202135,1.0,0.99,True
-0.2006688963210702,1.168604376531209,1.0,0.99,True
-0.23411371237458192,1.1325858538381925,1.0,0.99,True
-0.26755852842809363,1.0976824636425269,1.0,0.99,True
-0.3010033444816053,1.063859681471977,1.0,0.99,True
-0.33444816053511706,1.0310840517310433,1.0,0.99,True
-0.36789297658862874,0.9993231546085671,1.0,0.99,True
-0.4013377926421404,0.9685455740098734,1.0,0.99,True
-0.43478260869565216,0.9387208664817369,1.0,0.99,True
-0.46822742474916385,0.9098195310994281,1.0,0.99,True
-0.5016722408026756,0.881812980286057,1.0,0.99,True
-0.5351170568561873,0.8546735115353477,1.0,0.99,True
-0.568561872909699,0.8283742800098759,1.0,0.99,True
-0.6020066889632106,0.8028892719876656,1.0,0.99,True
-0.6354515050167224,0.7781932791308747,1.0,0.99,True
-0.6688963210702341,0.7542618735511264,1.0,0.99,True
-0.7023411371237458,0.7310713836468128,1.0,0.99,True
-0.7357859531772575,0.7085988706884773,1.0,0.99,True
-0.7692307692307692,0.6868221061291129,1.0,0.99,True
-0.8026755852842808,0.6657195496169322,1.0,0.99,True
-0.8361204013377926,0.6452703276888617,1.0,0.99,True
-0.8695652173913043,0.6254542131236855,1.0,0.99,True
-0.903010033444816,0.6062516049344144,1.0,0.99,True
-0.9364548494983277,0.5876435089800913,1.0,0.99,True
-0.9698996655518394,0.5696115191778538,1.0,0.99,True
-1.0033444816053512,0.5521377992966717,1.0,0.99,True
-1.0367892976588629,0.53520506531475,1.0,0.99,True
-1.0702341137123745,0.5187965683231447,1.0,0.99,True
-1.1036789297658862,0.5028960779586842,1.0,0.99,True
-1.137123745819398,0.4874878663498055,1.0,0.99,True
-1.1705685618729096,0.4725566925594283,1.0,0.99,True
-1.2040133779264213,0.4580877875094751,1.0,0.99,True
-1.237458193979933,0.4440668393721303,1.0,0.99,True
-1.2709030100334449,0.43047997941338395,1.0,0.99,True
-1.3043478260869565,0.41731376827485944,1.0,0.99,True
-1.3377926421404682,0.40455518268035534,1.0,0.99,True
-1.37123745819398,0.392191602553952,1.0,0.99,True
-1.4046822742474916,0.38021079853694273,1.0,0.99,True
-1.4381270903010033,0.36860091989123805,1.0,0.99,True
-1.471571906354515,0.35735048277728265,1.0,0.99,True
-1.5050167224080266,0.34644835889488584,1.0,0.99,True
-1.5384615384615383,0.3358837644757326,1.0,0.99,True
-1.57190635451505,0.3256462496166861,1.0,0.99,True
-1.6053511705685617,0.31572568794333045,1.0,0.99,True
-1.6387959866220736,0.30611226659353036,1.0,0.99,True
-1.6722408026755853,0.2967964765110995,1.0,0.99,True
-1.705685618729097,0.2877691030399759,1.0,0.99,True
-1.7391304347826086,0.2790212168096025,1.0,0.99,True
-1.7725752508361203,0.2705441649024954,1.0,0.99,True
-1.806020066889632,0.26232956229526405,1.0,0.99,True
-1.8394648829431437,0.2543692835646175,1.0,0.99,True
-1.8729096989966554,0.24665545485015206,1.0,0.99,True
-1.906354515050167,0.23918044606597105,1.0,0.99,True
-1.9397993311036787,0.2319368633534328,1.0,0.99,True
-1.9732441471571907,0.22491754176756096,1.0,0.99,True
-2.0066889632107023,0.2181155381898838,1.0,0.99,True
-2.040133779264214,0.21152412446069135,1.0,0.99,True
-2.0735785953177257,0.20513678072391775,1.0,0.99,True
-2.1070234113712374,0.19894718897806649,1.0,0.99,True
-2.140468227424749,0.19294922682679794,1.0,0.99,True
-2.1739130434782608,0.18713696142299913,1.0,0.99,True
-2.2073578595317724,0.18150464360034468,1.0,0.99,True
-2.240802675585284,0.17604670218654464,1.0,0.99,True
-2.274247491638796,0.17075773849265374,1.0,0.99,True
-2.3076923076923075,0.16563252097299203,1.0,0.99,True
-2.341137123745819,0.16066598005039331,1.0,0.99,True
-2.374581939799331,0.15585320310166467,1.0,0.99,True
-2.4080267558528425,0.15118942959829584,1.0,0.99,True
-2.441471571906354,0.14667004639761133,1.0,0.99,True
-2.474916387959866,0.14229058317970952,1.0,0.99,True
-2.508361204013378,0.13804670802567295,1.0,0.99,True
-2.5418060200668897,0.13393422313267786,1.0,0.99,True
-2.5752508361204014,0.12994906066176348,1.0,0.99,True
-2.608695652173913,0.12608727871415407,1.0,0.99,True
-2.6421404682274248,0.12234505743215456,1.0,0.99,True
-2.6755852842809364,0.11871869522076163,1.0,0.99,True
-2.709030100334448,0.11520460508625405,1.0,0.99,True
-2.74247491638796,0.11179931108814017,1.0,0.99,True
-2.7759197324414715,0.1084994449009527,1.0,0.99,True
-2.809364548494983,0.10530174248249072,1.0,0.99,True
-2.842809364548495,0.10220304084521219,1.0,0.99,True
-2.8762541806020065,0.09920027492758468,1.0,0.99,True
-2.9096989966555182,0.09629047456229879,1.0,0.99,True
-2.94314381270903,0.09347076153834519,1.0,0.99,True
-2.9765886287625416,0.09073834675405047,1.0,0.99,True
-3.0100334448160533,0.08809052745825423,1.0,0.99,True
-3.043478260869565,0.08552468457689946,1.0,0.99,True
-3.0769230769230766,0.08303828012239195,1.0,0.99,True
-3.1103678929765883,0.08062885468316523,1.0,0.99,True
-3.1438127090301,0.07829402499096916,1.0,0.99,True
-3.1772575250836117,0.07603148156347465,1.0,0.99,True
-3.2107023411371234,0.07383898641986365,1.0,0.99,True
-3.2441471571906355,0.07171437086714431,1.0,0.99,True
-3.277591973244147,0.06965553335500166,1.0,0.99,True
-3.311036789297659,0.06766043739706219,1.0,0.99,True
-3.3444816053511706,0.06572710955651591,1.0,0.99,True
-3.3779264214046822,0.06385363749410353,1.0,0.99,True
-3.411371237458194,0.062038168076538114,1.0,0.99,True
-3.4448160535117056,0.060278905543489504,1.0,0.99,True
-3.4782608695652173,0.058574109731319345,1.0,0.99,True
-3.511705685618729,0.05692209435180879,1.0,0.99,True
-3.5451505016722407,0.05532122532417716,1.0,0.99,True
-3.5785953177257523,0.05376991915874087,1.0,0.99,True
-3.612040133779264,0.05226664139061453,1.0,0.99,True
-3.6454849498327757,0.050809905061904526,1.0,0.99,True
-3.6789297658862874,0.0493982692508937,1.0,0.99,True
-3.712374581939799,0.04803033764676274,1.0,0.99,True
-3.7458193979933108,0.04670475716843781,1.0,0.99,True
-3.7792642140468224,0.04542021662619887,1.0,0.99,True
-3.812709030100334,0.044175445424724506,1.0,0.99,True
-3.846153846153846,0.04296921230629037,1.0,0.99,True
-3.8795986622073575,0.0418003241328783,1.0,0.99,True
-3.913043478260869,0.040667624705991175,1.0,0.99,True
-3.9464882943143813,0.03956999362300634,1.0,0.99,True
-3.979933110367893,0.03850634516893639,1.0,0.99,True
-4.013377926421405,0.03747562724250077,1.0,0.99,True
-4.046822742474916,0.036476820315446405,1.0,0.99,True
-4.080267558528428,0.03550893642408757,1.0,0.99,True
-4.113712374581939,0.034571018192067836,1.0,0.99,True
-4.147157190635451,0.033662137883377075,1.0,0.99,True
-4.180602006688963,0.032781396484687184,1.0,0.99,True
-4.214046822742475,0.031927922816098596,1.0,0.99,True
-4.247491638795986,0.03110087266941812,1.0,0.99,True
-4.280936454849498,0.030299427973115536,1.0,0.99,True
-4.31438127090301,0.029522795983133336,1.0,0.99,True
-4.3478260869565215,0.028770208498748825,1.0,0.99,True
-4.381270903010034,0.028040921102712967,1.0,0.99,True
-4.414715719063545,0.027334212424914926,1.0,0.99,True
-4.448160535117057,0.026649383428843126,1.0,0.99,True
-4.481605351170568,0.025985756720137636,1.0,0.99,True
-4.51505016722408,0.025342675876549772,1.0,0.99,True
-4.548494983277592,0.024719504798646104,1.0,0.99,True
-4.581939799331104,0.024115627080614585,1.0,0.99,True
-4.615384615384615,0.023530445400550583,1.0,0.99,True
-4.648829431438127,0.022963380929619637,1.0,0.99,True
-4.682274247491638,0.022413872759512538,1.0,0.99,True
-4.7157190635451505,0.021881377347626192,1.0,0.99,True
-4.749163879598662,0.021365367979422033,1.0,0.99,True
-4.782608695652174,0.02086533424742945,1.0,0.99,True
-4.816053511705685,0.020380781546379432,1.0,0.99,True
-4.849498327759197,0.019911230583968858,1.0,0.99,True
-4.882943143812708,0.01945621690677149,1.0,0.99,True
-4.916387959866221,0.019015290440826685,1.0,0.99,True
-4.949832775919732,0.01858801504645157,1.0,0.99,True
-4.983277591973244,0.018173968086836162,1.0,0.99,True
-5.016722408026756,0.01777274000999482,1.0,0.99,True
-5.050167224080267,0.017383933943660362,1.0,0.99,True
-5.083612040133779,0.017007165302720374,1.0,0.99,True
-5.117056856187291,0.016642061408807255,1.0,0.99,True
-5.150501672240803,0.0162882611216656,1.0,0.99,True
-5.183946488294314,0.015945414481932714,1.0,0.99,True
-5.217391304347826,0.015613182364978337,1.0,0.99,True
-5.250836120401337,0.01529123614546172,1.0,0.99,True
-5.2842809364548495,0.014979257372273796,1.0,0.99,True
-5.317725752508361,0.014676937453543365,1.0,0.99,True
-5.351170568561873,0.01438397735139525,1.0,0.99,True
-5.384615384615384,0.01410008728615889,1.0,0.99,True
-5.418060200668896,0.013824986449734546,1.0,0.99,True
-5.4515050167224075,0.013558402727833749,1.0,0.99,True
-5.48494983277592,0.013300072430819083,1.0,0.99,True
-5.518394648829431,0.013049740032877248,1.0,0.99,True
-5.551839464882943,0.012807157919267273,1.0,0.99,True
-5.585284280936454,0.012572086141393954,1.0,0.99,True
-5.618729096989966,0.01234429217946412,1.0,0.99,True
-5.652173913043478,0.012123550712491212,1.0,0.99,True
-5.68561872909699,0.01190964339542035,1.0,0.99,True
-5.719063545150502,0.011702358643153703,1.0,0.99,True
-5.752508361204013,0.011501491421262416,1.0,0.99,True
-5.785953177257525,0.011306843043178038,1.0,0.99,True
-5.8193979933110365,0.011118220973662959,1.0,0.99,True
-5.852842809364549,0.010935438638365363,1.0,0.99,True
-5.88628762541806,0.01075831523927038,1.0,0.99,True
-5.919732441471572,0.010586675575864821,1.0,0.99,True
-5.953177257525083,0.010420349871838694,1.0,0.99,True
-5.986622073578595,0.01025917360715201,1.0,0.99,True
-6.020066889632107,0.010102987355300831,1.0,0.99,True
-6.053511705685619,0.009951636625621471,1.0,0.99,True
-6.08695652173913,0.00980497171047709,1.0,0.99,True
-6.120401337792642,0.009662847537175242,1.0,0.99,True
-6.153846153846153,0.00952512352447018,1.0,0.99,True
-6.187290969899665,0.009391663443507729,1.0,0.99,True
-6.220735785953177,0.009262335283075414,1.0,0.99,True
-6.254180602006689,0.009137011119024341,1.0,0.99,True
-6.2876254180602,0.00901556698773385,1.0,0.99,True
-6.321070234113712,0.008897882763493646,1.0,0.99,True
-6.354515050167223,0.008783842039682223,1.0,0.99,True
-6.3879598662207355,0.008673332013623927,1.0,0.99,True
-6.421404682274247,0.008566243375010949,1.0,0.99,True
-6.454849498327759,0.008462470197779662,1.0,0.99,True
-6.488294314381271,0.008361909835334542,1.0,0.99,True
-6.521739130434782,0.008264462819015904,1.0,0.99,True
-6.555183946488294,0.0081700327597111,1.0,0.99,True
-6.588628762541806,0.00807852625251184,1.0,0.99,True
-6.622073578595318,0.00798985278432327,1.0,0.99,True
-6.655518394648829,0.007903924644333548,1.0,0.99,True
-6.688963210702341,0.007820656837255201,1.0,0.99,True
-6.722408026755852,0.007739966999252588,1.0,0.99,True
-6.7558528428093645,0.007661775316472205,1.0,0.99,True
-6.789297658862876,0.0075860044460953225,1.0,0.99,True
-6.822742474916388,0.007512579439834799,1.0,0.99,True
-6.856187290969899,0.007441427669800455,1.0,0.99,True
-6.889632107023411,0.007372478756659646,1.0,0.99,True
-6.9230769230769225,0.007305664500021986,1.0,0.99,True
-6.956521739130435,0.007240918810979334,1.0,0.99,True
-6.989966555183946,0.007178177646734387,1.0,0.99,True
-7.023411371237458,0.007117378947253124,1.0,0.99,True
-7.056856187290969,0.007058462573878518,1.0,0.99,True
-7.090301003344481,0.0070013702498447445,1.0,0.99,True
-7.123745819397993,0.006946045502633096,1.0,0.99,True
-7.157190635451505,0.006892433608112527,1.0,0.99,True
-7.190635451505017,0.0068404815364096205,1.0,0.99,True
-7.224080267558528,0.006790137899454424,1.0,0.99,True
-7.25752508361204,0.00674135290015025,1.0,0.99,True
-7.290969899665551,0.006694078283117193,1.0,0.99,True
-7.3244147157190636,0.006648267286960611,1.0,0.99,True
-7.357859531772575,0.0066038745980173934,1.0,0.99,True
-7.391304347826087,0.0065608563055342215,1.0,0.99,True
-7.424749163879598,0.006519169858233524,1.0,0.99,True
-7.45819397993311,0.00647877402222414,1.0,0.99,True
-7.4916387959866215,0.00643962884021508,1.0,0.99,True
-7.525083612040134,0.006401695591992005,1.0,0.99,True
-7.558528428093645,0.006364936756117381,1.0,0.99,True
-7.591973244147157,0.006329315972816372,1.0,0.99,True
-7.625418060200668,0.006294798008011795,1.0,0.99,True
-7.65886287625418,0.006261348718472554,1.0,0.99,True
-7.692307692307692,0.006228935018041073,1.0,0.99,True
-7.725752508361204,0.006197524844906328,1.0,0.99,True
-7.759197324414715,0.006167087129890104,1.0,0.99,True
-7.792642140468227,0.006137591765715111,1.0,0.99,True
-7.826086956521738,0.00610900957722456,1.0,0.99,True
-7.8595317725752505,0.006081312292523728,1.0,0.99,True
-7.892976588628763,0.006054472515015002,1.0,0.99,True
-7.926421404682274,0.0060284636962986944,1.0,0.99,True
-7.959866220735786,0.0060032601099128564,1.0,0.99,True
-7.993311036789297,0.0059788368258861194,1.0,0.99,True
-8.02675585284281,0.005955169686078354,1.0,0.99,True
-8.060200668896321,0.005932235280284804,1.0,0.99,True
-8.093645484949832,0.005910010923080027,1.0,0.99,True
-8.127090301003344,0.005888474631378739,1.0,0.99,True
-8.160535117056856,0.005867605102691394,1.0,0.99,True
-8.193979933110368,0.005847381694052946,1.0,0.99,True
-8.227424749163879,0.005827784401603998,1.0,0.99,True
-8.26086956521739,0.0058087938408041,1.0,0.99,True
-8.294314381270903,0.005790391227257658,1.0,0.99,True
-8.327759197324415,0.005772558358133459,1.0,0.99,True
-8.361204013377925,0.005755277594159462,1.0,0.99,True
-8.394648829431437,0.0057385318421750075,1.0,0.99,True
-8.42809364548495,0.005722304538223239,1.0,0.99,True
-8.461538461538462,0.005706579631166957,1.0,0.99,True
-8.494983277591972,0.0056913415668117424,1.0,0.99,True
-8.528428093645484,0.005676575272520614,1.0,0.99,True
-8.561872909698996,0.005662266142305032,1.0,0.99,True
-8.595317725752508,0.0056484000223774675,1.0,0.99,True
-8.62876254180602,0.005634963197151276,1.0,0.99,True
-8.66220735785953,0.005621942375674009,1.0,0.99,True
-8.695652173913043,0.0056093246784807435,1.0,0.99,True
-8.729096989966555,0.0055970976248544526,1.0,0.99,True
-8.762541806020067,0.00558524912048077,1.0,0.99,True
-8.795986622073578,0.005573767445484982,1.0,0.99,True
-8.82943143812709,0.0055626412428393755,1.0,0.99,True
-8.862876254180602,0.005551859507129517,1.0,0.99,True
-8.896321070234114,0.005541411573668309,1.0,0.99,True
-8.929765886287624,0.005531287107947073,1.0,0.99,True
-8.963210702341136,0.005521476095413252,1.0,0.99,True
-8.996655518394649,0.005511968831564562,1.0,0.99,True
-9.03010033444816,0.005502755912349852,1.0,0.99,True
-9.063545150501671,0.0054938282248671415,1.0,0.99,True
-9.096989966555183,0.005485176938349651,1.0,0.99,True
-9.130434782608695,0.005476793495430904,1.0,0.99,True
-9.163879598662207,0.005468669603680263,1.0,0.99,True
-9.197324414715718,0.005460797227400517,1.0,0.99,True
-9.23076923076923,0.005453168579679427,1.0,0.99,True
-9.264214046822742,0.00544577611468735,1.0,0.99,True
-9.297658862876254,0.0054386125202133245,1.0,0.99,True
-9.331103678929766,0.005431670710432244,1.0,0.99,True
-9.364548494983277,0.0054249438188959595,1.0,0.99,True
-9.397993311036789,0.005418425191741371,1.0,0.99,True
-9.431438127090301,0.005412108381108801,1.0,0.99,True
-9.464882943143813,0.005405987138764138,1.0,0.99,True
-9.498327759197323,0.00540005540991843,1.0,0.99,True
-9.531772575250836,0.005394307327238825,1.0,0.99,True
-9.565217391304348,0.005388737205044944,1.0,0.99,True
-9.59866220735786,0.005383339533684917,1.0,0.99,True
-9.63210702341137,0.00537810897408555,1.0,0.99,True
-9.665551839464882,0.005373040352471209,1.0,0.99,True
-9.698996655518394,0.005368128655246221,1.0,0.99,True
-9.732441471571907,0.005363369024035693,1.0,0.99,True
-9.765886287625417,0.005358756750879896,1.0,0.99,True
-9.799331103678929,0.005354287273577401,1.0,0.99,True
-9.832775919732441,0.0053499561711724195,1.0,0.99,True
-9.866220735785953,0.005345759159581831,1.0,0.99,True
-9.899665551839464,0.005341692087357615,1.0,0.99,True
-9.933110367892976,0.005337750931580471,1.0,0.99,True
-9.966555183946488,0.0053339317938805725,1.0,0.99,True
-10.0,0.005330230896581518,1.0,0.99,True
0.0,1.7004391938201657,1.0,0.99,False
-0.033444816053511704,1.6557625087412067,1.0,0.99,False
-0.06688963210702341,1.6122563782259418,1.0,0.99,False
-0.1003344481605351,1.569890133078925,1.0,0.99,False
-0.13377926421404682,1.5286339076550763,1.0,0.99,False
-0.16722408026755853,1.4884586188062074,1.0,0.99,False
-0.2006688963210702,1.4493359453791554,1.0,0.99,False
-0.23411371237458192,1.4112383082510815,1.0,0.99,False
-0.26755852842809363,1.3741388508878545,1.0,0.99,False
-0.3010033444816053,1.3380114204118136,1.0,0.99,False
-0.33444816053511706,1.3028305491655712,1.0,0.99,False
-0.36789297658862874,1.2685714367588494,1.0,0.99,False
-0.4013377926421404,1.2352099325857049,1.0,0.99,False
-0.43478260869565216,1.2027225187998076,1.0,0.99,False
-0.46822742474916385,1.171086293735779,1.0,0.99,False
-0.5016722408026756,1.1402789557649025,1.0,0.99,False
-0.5351170568561873,1.1102787875738191,1.0,0.99,False
-0.568561872909699,1.081064640855135,1.0,0.99,False
-0.6020066889632106,1.052615921399139,1.0,0.99,False
-0.6354515050167224,1.0249125745761314,1.0,0.99,False
-0.6688963210702341,0.9979350711991172,1.0,0.99,False
-0.7023411371237458,0.9716643937569106,1.0,0.99,False
-0.7357859531772575,0.9460820230079368,1.0,0.99,False
-0.7692307692307692,0.9211699249252859,1.0,0.99,False
-0.8026755852842808,0.8969105379838108,1.0,0.99,False
-0.8361204013377926,0.8732867607803139,1.0,0.99,False
-0.8695652173913043,0.8502819399780893,1.0,0.99,False
-0.903010033444816,0.8278798585673264,1.0,0.99,False
-0.9364548494983277,0.8060647244330963,1.0,0.99,False
-0.9698996655518394,0.7848211592228655,1.0,0.99,False
-1.0033444816053512,0.7641341875056841,1.0,0.99,False
-1.0367892976588629,0.7439892262154125,1.0,0.99,False
-1.0702341137123745,0.7243720743705396,1.0,0.99,False
-1.1036789297658862,0.7052689030633478,1.0,0.99,False
-1.137123745819398,0.6866662457113688,1.0,0.99,False
-1.1705685618729096,0.6685509885642555,1.0,0.99,False
-1.2040133779264213,0.6509103614593794,1.0,0.99,False
-1.237458193979933,0.6337319288196376,1.0,0.99,False
-1.2709030100334449,0.6170035808871212,1.0,0.99,False
-1.3043478260869565,0.600713525186467,1.0,0.99,False
-1.3377926421404682,0.5848502782118753,1.0,0.99,False
-1.37123745819398,0.5694026573319301,1.0,0.99,False
-1.4046822742474916,0.5543597729065198,1.0,0.99,False
-1.4381270903010033,0.5397110206102989,1.0,0.99,False
-1.471571906354515,0.5254460739572778,1.0,0.99,False
-1.5050167224080266,0.5115548770212746,1.0,0.99,False
-1.5384615384615383,0.49802763734709293,1.0,0.99,False
-1.57190635451505,0.4848548190474341,1.0,0.99,False
-1.6053511705685617,0.4720271360806703,1.0,0.99,False
-1.6387959866220736,0.4595355457047474,1.0,0.99,False
-1.6722408026755853,0.447371242102597,1.0,0.99,False
-1.705685618729097,0.43552565017456685,1.0,0.99,False
-1.7391304347826086,0.4239904194934937,1.0,0.99,False
-1.7725752508361203,0.41275741841815644,1.0,0.99,False
-1.806020066889632,0.40181872836095933,1.0,0.99,False
-1.8394648829431437,0.39116663820580644,1.0,0.99,False
-1.8729096989966554,0.38079363887222994,1.0,0.99,False
-1.906354515050167,0.370692418021942,1.0,0.99,False
-1.9397993311036787,0.3608558549040773,1.0,0.99,False
-1.9732441471571907,0.35127701533549405,1.0,0.99,False
-2.0066889632107023,0.34194914681259353,1.0,0.99,False
-2.040133779264214,0.33286567375121223,1.0,0.99,False
-2.0735785953177257,0.32402019285123246,1.0,0.99,False
-2.1070234113712374,0.315406468582642,1.0,0.99,False
-2.140468227424749,0.30701842878986213,1.0,0.99,False
-2.1739130434782608,0.29885016041124457,1.0,0.99,False
-2.2073578595317724,0.2908959053107199,1.0,0.99,False
-2.240802675585284,0.2831500562186592,1.0,0.99,False
-2.274247491638796,0.2756071527790876,1.0,0.99,False
-2.3076923076923075,0.26826187770046295,1.0,0.99,False
-2.341137123745819,0.2611090530073061,1.0,0.99,False
-2.374581939799331,0.2541436363900413,1.0,0.99,False
-2.4080267558528425,0.24736071765047174,1.0,0.99,False
-2.441471571906354,0.24075551524038677,1.0,0.99,False
-2.474916387959866,0.23432337289085875,1.0,0.99,False
-2.508361204013378,0.22805975632985476,1.0,0.99,False
-2.5418060200668897,0.22196025008584852,1.0,0.99,False
-2.5752508361204014,0.21602055437517934,1.0,0.99,False
-2.608695652173913,0.21023648207096465,1.0,0.99,False
-2.6421404682274248,0.20460395575142779,1.0,0.99,False
-2.6755852842809364,0.1991190048255624,1.0,0.99,False
-2.709030100334448,0.19377776273410502,1.0,0.99,False
-2.74247491638796,0.18857646422384447,1.0,0.99,False
-2.7759197324414715,0.18351144269334554,1.0,0.99,False
-2.809364548494983,0.17857912760821637,1.0,0.99,False
-2.842809364548495,0.17377604198409746,1.0,0.99,False
-2.8762541806020065,0.16909879993559715,1.0,0.99,False
-2.9096989966555182,0.1645441042894475,1.0,0.99,False
-2.94314381270903,0.1601087442601954,1.0,0.99,False
-2.9765886287625416,0.15578959318679342,1.0,0.99,False
-3.0100334448160533,0.15158360632849202,1.0,0.99,False
-3.043478260869565,0.14748781871848127,1.0,0.99,False
-3.0769230769230766,0.14349934307376855,1.0,0.99,False
-3.1103678929765883,0.13961536775981775,1.0,0.99,False
-3.1438127090301,0.13583315480851738,1.0,0.99,False
-3.1772575250836117,0.1321500379880777,1.0,0.99,False
-3.2107023411371234,0.12856342092349876,1.0,0.99,False
-3.2441471571906355,0.1250707752662824,1.0,0.99,False
-3.277591973244147,0.12166963891209952,1.0,0.99,False
-3.311036789297659,0.11835761426515504,1.0,0.99,False
-3.3444816053511706,0.11513236654802743,1.0,0.99,False
-3.3779264214046822,0.11199162215579185,1.0,0.99,False
-3.411371237458194,0.10893316705326597,1.0,0.99,False
-3.4448160535117056,0.10595484521424844,1.0,0.99,False
-3.4782608695652173,0.10305455710165118,1.0,0.99,False
-3.511705685618729,0.10023025818745183,1.0,0.99,False
-3.5451505016722407,0.09747995751142553,1.0,0.99,False
-3.5785953177257523,0.09480171627763771,1.0,0.99,False
-3.612040133779264,0.0921936464877102,1.0,0.99,False
-3.6454849498327757,0.08965390960989643,1.0,0.99,False
-3.6789297658862874,0.08718071528302734,1.0,0.99,False
-3.712374581939799,0.0847723200544151,1.0,0.99,False
-3.7458193979933108,0.08242702615082387,1.0,0.99,False
-3.7792642140468224,0.0801431802816426,1.0,0.99,False
-3.812709030100334,0.07791917247341461,1.0,0.99,False
-3.846153846153846,0.0757534349349036,1.0,0.99,False
-3.8795986622073575,0.0736444409518956,1.0,0.99,False
-3.913043478260869,0.07159070381095746,1.0,0.99,False
-3.9464882943143813,0.06959077575139375,1.0,0.99,False
-3.979933110367893,0.06764324694466284,1.0,0.99,False
-4.013377926421405,0.06574674450053279,1.0,0.99,False
-4.046822742474916,0.06389993149927688,1.0,0.99,False
-4.080267558528428,0.06210150604922548,1.0,0.99,False
-4.113712374581939,0.060350200369011626,1.0,0.99,False
-4.147157190635451,0.058644779893861056,1.0,0.99,False
-4.180602006688963,0.05698404240529909,1.0,0.99,False
-4.214046822742475,0.05536681718365884,1.0,0.99,False
-4.247491638795986,0.05379196418279476,1.0,0.99,False
-4.280936454849498,0.052258373226418776,1.0,0.99,False
-4.31438127090301,0.05076496322549312,1.0,0.99,False
-4.3478260869565215,0.04931068141612782,1.0,0.99,False
-4.381270903010034,0.04789450261744562,1.0,0.99,False
-4.414715719063545,0.046515428508891524,1.0,0.99,False
-4.448160535117057,0.04517248692647688,1.0,0.99,False
-4.481605351170568,0.043864731177462646,1.0,0.99,False
-4.51505016722408,0.04259123937299801,1.0,0.99,False
-4.548494983277592,0.04135111377824454,1.0,0.99,False
-4.581939799331104,0.04014348017952718,1.0,0.99,False
-4.615384615384615,0.03896748726806654,1.0,0.99,False
-4.648829431438127,0.03782230603985741,1.0,0.99,False
-4.682274247491638,0.03670712921127127,1.0,0.99,False
-4.7157190635451505,0.035621170649969704,1.0,0.99,False
-4.749163879598662,0.034563664820728916,1.0,0.99,False
-4.782608695652174,0.03353386624578334,1.0,0.99,False
-4.816053511705685,0.032531048979309043,1.0,0.99,False
-4.849498327759197,0.03155450609567554,1.0,0.99,False
-4.882943143812708,0.030603549191106076,1.0,0.99,False
-4.916387959866221,0.029677507898394392,1.0,0.99,False
-4.949832775919732,0.028775729414336447,1.0,0.99,False
-4.983277591973244,0.02789757803954341,1.0,0.99,False
-5.016722408026756,0.02704243473031212,1.0,0.99,False
-5.050167224080267,0.026209696662236586,1.0,0.99,False
-5.083612040133779,0.02539877680525315,1.0,0.99,False
-5.117056856187291,0.024609103509819766,1.0,0.99,False
-5.150501672240803,0.023840120103937542,1.0,0.99,False
-5.183946488294314,0.023091284500730714,1.0,0.99,False
-5.217391304347826,0.022362068816307954,1.0,0.99,False
-5.250836120401337,0.021651958997636202,1.0,0.99,False
-5.2842809364548495,0.020960454460164257,1.0,0.99,False
-5.317725752508361,0.020287067734940992,1.0,0.99,False
-5.351170568561873,0.019631324124979036,1.0,0.99,False
-5.384615384615384,0.01899276137062214,1.0,0.99,False
-5.418060200668896,0.018370929323679987,1.0,0.99,False
-5.4515050167224075,0.017765389630101,1.0,0.99,False
-5.48494983277592,0.017175715420958974,1.0,0.99,False
-5.518394648829431,0.016601491011536528,1.0,0.99,False
-5.551839464882943,0.016042311608292278,1.0,0.99,False
-5.585284280936454,0.0154977830235059,1.0,0.99,False
-5.618729096989966,0.014967521397399566,1.0,0.99,False
-5.652173913043478,0.01445115292754004,1.0,0.99,False
-5.68561872909699,0.013948313605330429,1.0,0.99,False
-5.719063545150502,0.013458648959406141,1.0,0.99,False
-5.752508361204013,0.012981813805754035,1.0,0.99,False
-5.785953177257525,0.012517472004378416,1.0,0.99,False
-5.8193979933110365,0.012065296222342727,1.0,0.99,False
-5.852842809364549,0.011624967703019518,1.0,0.99,False
-5.88628762541806,0.011196176041386351,1.0,0.99,False
-5.919732441471572,0.010778618965208934,1.0,0.99,False
-5.953177257525083,0.010372002121957442,1.0,0.99,False
-5.986622073578595,0.009976038871305791,1.0,0.99,False
-6.020066889632107,0.009590450083067532,1.0,0.99,False
-6.053511705685619,0.0092149639404258,1.0,0.99,False
-6.08695652173913,0.008849315748319056,1.0,0.99,False
-6.120401337792642,0.008493247746846878,1.0,0.99,False
-6.153846153846153,0.00814650892956489,1.0,0.99,False
-6.187290969899665,0.007808854866540332,1.0,0.99,False
-6.220735785953177,0.007480047532043759,1.0,0.99,False
-6.254180602006689,0.007159855136755207,1.0,0.99,False
-6.2876254180602,0.006848051964366758,1.0,0.99,False
-6.321070234113712,0.006544418212466158,1.0,0.99,False
-6.354515050167223,0.0062487398375894185,1.0,0.99,False
-6.3879598662207355,0.005960808404333031,1.0,0.99,False
-6.421404682274247,0.005680420938419649,1.0,0.99,False
-6.454849498327759,0.0054073797836134375,1.0,0.99,False
-6.488294314381271,0.00514149246238441,1.0,0.99,False
-6.521739130434782,0.004882571540223333,1.0,0.99,False
-6.555183946488294,0.004630434493511732,1.0,0.99,False
-6.588628762541806,0.004384903580853804,1.0,0.99,False
-6.622073578595318,0.0041458057177793705,1.0,0.99,False
-6.655518394648829,0.003912972354729882,1.0,0.99,False
-6.688963210702341,0.003686239358241079,1.0,0.99,False
-6.722408026755852,0.003465446895238836,1.0,0.99,False
-6.7558528428093645,0.003250439320366485,1.0,0.99,False
-6.789297658862876,0.0030410650662642657,1.0,0.99,False
-6.822742474916388,0.0028371765367234455,1.0,0.99,False
-6.856187290969899,0.0026386300026399216,1.0,0.99,False
-6.889632107023411,0.0024452855006938798,1.0,0.99,False
-6.9230769230769225,0.002257006734684117,1.0,0.99,False
-6.956521739130435,0.002073660979447424,1.0,0.99,False
-6.989966555183946,0.0018951189872953682,1.0,0.99,False
-7.023411371237458,0.0017212548969024735,1.0,0.99,False
-7.056856187290969,0.0015519461445816143,1.0,0.99,False
-7.090301003344481,0.0013870733778839437,1.0,0.99,False
-7.123745819397993,0.001226520371462714,1.0,0.99,False
-7.157190635451505,0.001070173945141353,1.0,0.99,False
-7.190635451505017,0.0009179238841282959,1.0,0.99,False
-7.224080267558528,0.0007696628613222331,1.0,0.99,False
-7.25752508361204,0.0006252863616529438,1.0,0.99,False
-7.290969899665551,0.0004846926084045109,1.0,0.99,False
-7.3244147157190636,0.0003477824914688609,1.0,0.99,False
-7.357859531772575,0.00021445949747914746,1.0,0.99,False
-7.391304347826087,8.462964177362569e-05,1.0,0.99,False
-7.424749163879598,-4.179859785784657e-05,1.0,0.99,False
-7.45819397993311,-0.0001649143456914446,1.0,0.99,False
-7.4916387959866215,-0.0002848043908965968,1.0,0.99,False
-7.525083612040134,-0.00040155324871713437,1.0,0.99,False
-7.558528428093645,-0.0005152432200494208,1.0,0.99,False
-7.591973244147157,-0.000625954449459518,1.0,0.99,False
-7.625418060200668,-0.000733764981680254,1.0,0.99,False
-7.65886287625418,-0.0008387508166280856,1.0,0.99,False
-7.692307692307692,-0.0009409859629783985,1.0,0.99,False
-7.725752508361204,-0.0010405424903372003,1.0,0.99,False
-7.759197324414715,-0.0011374905800458166,1.0,0.99,False
-7.792642140468227,-0.0012318985746545136,1.0,0.99,False
-7.826086956521738,-0.0013238330260998514,1.0,0.99,False
-7.8595317725752505,-0.001413358742619806,1.0,0.99,False
-7.892976588628763,-0.0015005388344396494,1.0,0.99,False
-7.926421404682274,-0.0015854347582608423,1.0,0.99,False
-7.959866220735786,-0.0016681063605843167,1.0,0.99,False
-7.993311036789297,-0.0017486119198986323,1.0,0.99,False
-8.02675585284281,-0.0018270081877627999,1.0,0.99,False
-8.060200668896321,-0.0019033504288126922,1.0,0.99,False
-8.093645484949832,-0.0019776924597192896,1.0,0.99,False
-8.127090301003344,-0.002050086687126187,1.0,0.99,False
-8.160535117056856,-0.0021205841445930923,1.0,0.99,False
-8.193979933110368,-0.0021892345285714214,1.0,0.99,False
-8.227424749163879,-0.002256086233437294,1.0,0.99,False
-8.26086956521739,-0.0023211863856066545,1.0,0.99,False
-8.294314381270903,-0.002384580876756526,1.0,0.99,False
-8.327759197324415,-0.0024463143961759013,1.0,0.99,False
-8.361204013377925,-0.002506430462268967,1.0,0.99,False
-8.394648829431437,-0.0025649714532329795,1.0,0.99,False
-8.42809364548495,-0.0026219786369323064,1.0,0.99,False
-8.461538461538462,-0.002677492199989802,1.0,0.99,False
-8.494983277591972,-0.0027315512761159327,1.0,0.99,False
-8.528428093645484,-0.002784193973695702,1.0,0.99,False
-8.561872909698996,-0.0028354574026527354,1.0,0.99,False
-8.595317725752508,-0.002885377700609559,1.0,0.99,False
-8.62876254180602,-0.0029339900583624226,1.0,0.99,False
-8.66220735785953,-0.0029813287446887006,1.0,0.99,False
-8.695652173913043,-0.0030274271305043114,1.0,0.99,False
-8.729096989966555,-0.003072317712388183,1.0,0.99,False
-8.762541806020067,-0.0031160321354903944,1.0,0.99,False
-8.795986622073578,-0.0031586012158400893,1.0,0.99,False
-8.82943143812709,-0.0032000549620689244,1.0,0.99,False
-8.862876254180602,-0.0032404225965653273,1.0,0.99,False
-8.896321070234114,-0.003279732576074532,1.0,0.99,False
-8.929765886287624,-0.003318012611758853,1.0,0.99,False
-8.963210702341136,-0.0033552896887323975,1.0,0.99,False
-8.996655518394649,-0.003391590085083924,1.0,0.99,False
-9.03010033444816,-0.0034269393904013236,1.0,0.99,False
-9.063545150501671,-0.0034613625238107204,1.0,0.99,False
-9.096989966555183,-0.0034948837515429675,1.0,0.99,False
-9.130434782608695,-0.003527526704039858,1.0,0.99,False
-9.163879598662207,-0.003559314392612174,1.0,0.99,False
-9.197324414715718,-0.003590269225661258,1.0,0.99,False
-9.23076923076923,-0.0036204130244755963,1.0,0.99,False
-9.264214046822742,-0.003649767038613503,1.0,0.99,False
-9.297658862876254,-0.0036783519608827725,1.0,0.99,False
-9.331103678929766,-0.0037061879419278657,1.0,0.99,False
-9.364548494983277,-0.0037332946044348956,1.0,0.99,False
-9.397993311036789,-0.003759691056964441,1.0,0.99,False
-9.431438127090301,-0.0037853959074219154,1.0,0.99,False
-9.464882943143813,-0.0038104272761750324,1.0,0.99,False
-9.498327759197323,-0.0038348028088275575,1.0,0.99,False
-9.531772575250836,-0.003858539688658406,1.0,0.99,False
-9.565217391304348,-0.0038816546487348063,1.0,0.99,False
-9.59866220735786,-0.0039041639837081085,1.0,0.99,False
-9.63210702341137,-0.0039260835613005255,1.0,0.99,False
-9.665551839464882,-0.0039474288334909275,1.0,0.99,False
-9.698996655518394,-0.003968214847407542,1.0,0.99,False
-9.732441471571907,-0.003988456255935281,1.0,0.99,False
-9.765886287625417,-0.0040081673280451344,1.0,0.99,False
-9.799331103678929,-0.004027361958852938,1.0,0.99,False
-9.832775919732441,-0.004046053679414585,1.0,0.99,False
-9.866220735785953,-0.00406425566626461,1.0,0.99,False
-9.899665551839464,-0.004081980750704843,1.0,0.99,False
-9.933110367892976,-0.004099241427849711,1.0,0.99,False
-9.966555183946488,-0.004116049865434535,1.0,0.99,False
-10.0,-0.004132417912393048,1.0,0.99,False
