t,x,z,xdot,zdot
0.0,0.0,0.0,-1.0019758690620386,0.0
0.005,-0.005009879345310201,-3.131705036174767e-05,-1.0019758690620386,-0.01245845542290484
0.01,-0.010019758690620438,-0.000123910151152698,-1.0019758690620386,-0.02451248891297697
0.015,-0.015029638035930631,-0.0002757651337493617,-1.0019758690620386,-0.03617539398313137
0.02,-0.020039517381240823,-0.000484984515465576,-1.0019758690620386,-0.04745969401909673
0.025,-0.025049396726551015,-0.0007497049751630792,-1.0019758690620386,-0.05837768694038558
0.03,-0.030059276071861207,-0.0010681252523459866,-1.0019758690620386,-0.06894126106627077
0.035,-0.0350691554171714,-0.0014385021205016292,-1.0019758690620386,-0.0791619216917359
0.04,-0.04007903476248159,-0.0018591489773980964,-1.0019758690620386,-0.0890508003915116
0.045,-0.04508891410779178,-0.0023284339637599074,-1.0019758690620386,-0.09861866743681602
0.05,-0.050098793453101975,-0.0028447781942771,-1.0019758690620386,-0.10787594347069493
0.055,-0.05510867279841217,-0.0034066540371081354,-1.0019758690620386,-0.11683271086330248
0.06,-0.06011855214372236,-0.004012583450236851,-1.0019758690620386,-0.1254987246919453
0.065,-0.06512843148903255,-0.004661136371676592,-1.0019758690620386,-0.13388342336573542
0.07,-0.07013831083434274,-0.005350929161950468,-1.0019758690620386,-0.14199593890522022
0.075,-0.07514819017965294,-0.006080623097128811,-1.0019758690620386,-0.14984510688833552
0.08,-0.08015806952496313,-0.006848922910785841,-1.0019758690620386,-0.1574394760734915
0.085,-0.08516794887027332,-0.007654575383287107,-1.0019758690620386,-0.16478731771027555
0.09,-0.09017782821558351,-0.008496367976871337,-1.0019758690620386,-0.17189663454791201
0.095,-0.0951877075608937,-0.009373127515040098,-1.0019758690620386,-0.17877516955129058
0.1,-0.1001975869062039,-0.01028371890481696,-1.0019758690620386,-0.18543041433405566
0.105,-0.10520746625151409,-0.01122704390048454,-1.0019758690620386,-0.19186961731794203
0.11,-0.11021734559682428,-0.012202039907452968,-1.0019758690620386,-0.19809979162724278
0.115,-0.11522722494213447,-0.013207678824957048,-1.0019758690620386,-0.20412772272700824
0.12,-0.12023710428744466,-0.014242965926321637,-1.0019758690620386,-0.20995997581329431
0.125,-0.12524698363275485,-0.015306938775575742,-1.0019758690620386,-0.2156029029635096
0.13,-0.13025686297806505,-0.016398666179235348,-1.0019758690620386,-0.22106265005464856
0.135,-0.13526674232337524,-0.01751724717211336,-1.0019758690620386,-0.22634516345694605
0.14,-0.14027662166868543,-0.018661810036052082,-1.0019758690620386,-0.23145619651024288
0.145,-0.14528650101399562,-0.019831511350509454,-1.0019758690620386,-0.2364013157901166
0.15,-0.15029638035930581,-0.02102553507396509,-1.0019758690620386,-0.2411859071706018
0.155,-0.155306259704616,-0.022243091655145583,-1.0019758690620386,-0.24581518169010289
0.16,-0.1603161390499262,-0.023483417173101134,-1.0019758690620386,-0.2502941812268886
0.165,-0.1653260183952364,-0.024745772505196884,-1.0019758690620386,-0.254627783990349
0.17,-0.17033589774054658,-0.026029442522112853,-1.0019758690620386,-0.258820709833996
0.17500000000000002,-0.17534577708585677,-0.027333735308975673,-1.0019758690620386,-0.2628775253959938
0.18,-0.18035565643116697,-0.028657981411773868,-1.0019758690620386,-0.2668026490728181
0.185,-0.18536553577647716,-0.030001533108235907,-1.0019758690620386,-0.270600355831461
0.19,-0.19037541512178735,-0.031363763702376944,-1.0019758690620386,-0.2742747818654226
0.195,-0.19538529446709754,-0.032744066841945876,-1.0019758690620386,-0.27782992909956
0.2,-0.20039517381240773,-0.03414185585802939,-1.0019758690620386,-0.2812696695487012
0.20500000000000002,-0.20540505315771793,-0.03555656312609367,-1.0019758690620386,-0.2845977495347693
0.21,-0.21041493250302812,-0.03698763944776795,-1.0019758690620386,-0.28781779376701144
0.215,-0.2154248118483383,-0.038434553452696474,-1.0019758690620386,-0.29093330928977557
0.22,-0.2204346911936485,-0.03989679101980752,-1.0019758690620386,-0.29394768930213505
0.225,-0.2254445705389587,-0.04137385471736908,-1.0019758690620386,-0.2968642168535211
0.23,-0.23045444988426889,-0.04286526326122146,-1.0019758690620386,-0.2996860684193878
0.23500000000000001,-0.23546432922957908,-0.04437055099059657,-1.0019758690620386,-0.30241631736080443
0.24,-0.24047420857488927,-0.045889267360953195,-1.0019758690620386,-0.3050579372717431
0.245,-0.24548408792019946,-0.04742097645327576,-1.0019758690620386,-0.30761380521770654
0.25,-0.25049396726550965,-0.04896525649930217,-1.0019758690620386,-0.3100867048692246
0.255,-0.2555038466108199,-0.05052169942216366,-1.0019758690620386,-0.31247932953363117
0.26,-0.2605137259561301,-0.052089910391936355,-1.0019758690620386,-0.3147942850884238
0.265,-0.2655236053014403,-0.053669507395620424,-1.0019758690620386,-0.31703409281940126
0.27,-0.27053348464675053,-0.05526012082107859,-1.0019758690620386,-0.3192011921666697
0.275,-0.27554336399206075,-0.056861393054480715,-1.0019758690620386,-0.321297943381508
0.28,-0.28055324333737097,-0.05847297809081612,-1.0019758690620386,-0.3233266300969867
0.28500000000000003,-0.2855631226826812,-0.060094541157049416,-1.0019758690620386,-0.3252894618151393
0.29,-0.2905730020279914,-0.0617257583475094,-1.0019758690620386,-0.32718857631339576
0.295,-0.29558288137330163,-0.0633663162711139,-1.0019758690620386,-0.3290260419728984
0.3,-0.30059276071861185,-0.0650159117100464,-1.0019758690620386,-0.33080386003123624
0.305,-0.30560264006392207,-0.06667425128951267,-1.0019758690620386,-0.33252396676205126
0.31,-0.3106125194092323,-0.06834105115821762,-1.0019758690620386,-0.33418823558389094
0.315,-0.3156223987545425,-0.07001603667921465,-1.0019758690620386,-0.33579847910060295
0.32,-0.32063227809985273,-0.07169894213079042,-1.0019758690620386,-0.33735645107549517
0.325,-0.32564215744516295,-0.07338951041705967,-1.0019758690620386,-0.3388638483414105
0.33,-0.33065203679047317,-0.07508749278795447,-1.0019758690620386,-0.34032231264879714
0.335,-0.3356619161357834,-0.07679264856830333,-1.0019758690620386,-0.3417334324537871
0.34,-0.3406717954810936,-0.07850474489570475,-1.0019758690620386,-0.34309874464823015
0.34500000000000003,-0.34568167482640383,-0.08022355646691004,-1.0019758690620386,-0.34441973623356764
0.35000000000000003,-0.35069155417171405,-0.08194886529243892,-1.0019758690620386,-0.3456978459403694
0.355,-0.35570143351702427,-0.08368046045916082,-1.0019758690620386,-0.34693446579529724
0.36,-0.3607113128623345,-0.08541813790058322,-1.0019758690620386,-0.3481309426372018
0.365,-0.3657211922076447,-0.08716170017459686,-1.0019758690620386,-0.34928857958400417
0.37,-0.3707310715529549,-0.08891095624843576,-1.0019758690620386,-0.3504086374519598
0.375,-0.37574095089826515,-0.09066572129061785,-1.0019758690620386,-0.3514923361288504
0.38,-0.38075083024357537,-0.09242581646963961,-1.0019758690620386,-0.35254085590259915
0.385,-0.3857607095888856,-0.09419106875920544,-1.0019758690620386,-0.3535553387467571
0.39,-0.3907705889341958,-0.09596131074977964,-1.0019758690620386,-0.35453688956425977
0.395,-0.395780468279506,-0.09773638046625582,-1.0019758690620386,-0.3554865773908093
0.4,-0.40079034762481625,-0.0995161211915451,-1.0019758690620386,-0.3564054365591925
0.405,-0.40580022697012647,-0.10130038129589083,-1.0019758690620386,-0.357294467825803
0.41000000000000003,-0.4108101063154367,-0.10308901407172436,-1.0019758690620386,-0.35815463946059417
0.41500000000000004,-0.4158199856607469,-0.10488187757388134,-1.0019758690620386,-0.3589868883016504
0.42,-0.4208298650060571,-0.10667883446500528,-1.0019758690620386,-0.35979212077552475
0.425,-0.42583974435136734,-0.1084797518659693,-1.0019758690620386,-0.3605712138844546
0.43,-0.43084962369667756,-0.11028450121115359,-1.0019758690620386,-0.3613250161615306
0.435,-0.4358595030419878,-0.1120929581084209,-1.0019758690620386,-0.36205434859485874
0.44,-0.440869382387298,-0.11390500220363738,-1.0019758690620386,-0.3627600055217224
0.445,-0.4458792617326082,-0.11572051704959134,-1.0019758690620386,-0.3634427554937186
0.45,-0.45088914107791844,-0.11753938997916728,-1.0019758690620386,-0.36410334211380974
0.455,-0.45589902042322866,-0.11936151198263675,-1.0019758690620386,-0.3647424848462036
0.46,-0.4609088997685389,-0.12118677758893272,-1.0019758690620386,-0.3653608797999426
0.465,-0.4659187791138491,-0.12301508475077791,-1.0019758690620386,-0.36595920048705666
0.47000000000000003,-0.4709286584591593,-0.12484633473354217,-1.0019758690620386,-0.36653809855610486
0.47500000000000003,-0.47593853780446954,-0.12668043200770768,-1.0019758690620386,-0.3670982045019049
0.48,-0.48094841714977976,-0.12851728414482494,-1.0019758690620386,-0.36764012835222337
0.485,-0.48595829649509,-0.13035680171684627,-1.0019758690620386,-0.368164460332175
0.49,-0.4909681758404002,-0.1321988981987271,-1.0019758690620386,-0.36867177150705394
0.495,-0.4959780551857104,-0.134043489874189,-1.0019758690620386,-0.36916261440429776
0.5,-0.5009879345310206,-0.13589049574454184,-1.0019758690620386,-0.36963752361526125
0.505,-0.5059978138763308,-0.1377398374404658,-1.0019758690620386,-0.37009701637745546
0.51,-0.511007693221641,-0.13959143913665698,-1.0019758690620386,-0.3705415931378862
0.515,-0.5160175725669511,-0.14144522746924382,-1.0019758690620386,-0.37097173809810546
0.52,-0.5210274519122613,-0.14330113145588444,-1.0019758690620386,-0.37138791974156965
0.525,-0.5260373312575715,-0.1451590824184577,-1.0019758690620386,-0.37179059134387843
0.53,-0.5310472106028816,-0.1470190139082638,-1.0019758690620386,-0.3721801914664506
0.535,-0.5360570899481918,-0.14888086163365302,-1.0019758690620386,-0.37255714443417404
0.54,-0.541066969293502,-0.15074456339000394,-1.0019758690620386,-0.3729218607975504
0.545,-0.5460768486388121,-0.1526100589919744,-1.0019758690620386,-0.37327473777983766
0.55,-0.5510867279841223,-0.15447729020795206,-1.0019758690620386,-0.37361615970967765
0.555,-0.5560966073294324,-0.15634620069663246,-1.0019758690620386,-0.3739464984396795
0.56,-0.5611064866747426,-0.15821673594565622,-1.0019758690620386,-0.37426611375141516
0.5650000000000001,-0.5661163660200528,-0.1600888432122379,-1.0019758690620386,-0.37457535374726836
0.5700000000000001,-0.5711262453653629,-0.16196247146572246,-1.0019758690620386,-0.3748745552295627
0.5750000000000001,-0.5761361247106731,-0.1638375713320061,-1.0019758690620386,-0.3751640440673831
0.58,-0.5811460040559833,-0.1657140950397616,-1.0019758690620386,-0.3754441355514893
0.585,-0.5861558834012934,-0.16759199636840907,-1.0019758690620386,-0.37571513473770835
0.59,-0.5911657627466036,-0.16947123059777588,-1.0019758690620386,-0.37597733677917966
0.595,-0.5961756420919138,-0.17135175445939058,-1.0019758690620386,-0.3762310272478151
0.6,-0.6011855214372239,-0.17323352608935783,-1.0019758690620386,-0.37647648244532356
0.605,-0.6061954007825341,-0.17511650498276338,-1.0019758690620386,-0.37671396970413934
0.61,-0.6112052801278443,-0.17700065194955883,-1.0019758690620386,-0.3769437476785817
0.615,-0.6162151594731544,-0.17888592907187872,-1.0019758690620386,-0.3771660666265627
0.62,-0.6212250388184646,-0.18077229966274302,-1.0019758690620386,-0.37738116868215066
0.625,-0.6262349181637747,-0.18265972822610027,-1.0019758690620386,-0.37758928811928527
0.63,-0.6312447975090849,-0.18454818041816776,-1.0019758690620386,-0.37779065160693226
0.635,-0.6362546768543951,-0.18643762301002678,-1.0019758690620386,-0.37798547845595515
0.64,-0.6412645561997052,-0.188328023851432,-1.0019758690620386,-0.3781739808579732
0.645,-0.6462744355450154,-0.19021935183579564,-1.0019758690620386,-0.3783563641164655
0.65,-0.6512843148903256,-0.1921115768663085,-1.0019758690620386,-0.3785328268703729
0.655,-0.6562941942356357,-0.19400466982316059,-1.0019758690620386,-0.3787035613104415
0.66,-0.6613040735809459,-0.1958986025318258,-1.0019758690620386,-0.3788687533885435
0.665,-0.6663139529262561,-0.19779334773237636,-1.0019758690620386,-0.37902858302020226
0.67,-0.6713238322715662,-0.1996888790497931,-1.0019758690620386,-0.3791832242805442
0.675,-0.6763337116168764,-0.20158517096523976,-1.0019758690620386,-0.3793328455938886
0.68,-0.6813435909621866,-0.20348219878826965,-1.0019758690620386,-0.37947760991718366
0.685,-0.6863534703074967,-0.20537993862993453,-1.0019758690620386,-0.37961767491748777
0.6900000000000001,-0.6913633496528069,-0.2072783673767665,-1.0019758690620386,-0.37975319314368916
0.6950000000000001,-0.696373228998117,-0.2091774626656044,-1.0019758690620386,-0.3798843121926514
0.7000000000000001,-0.7013831083434272,-0.2110772028592375,-1.0019758690620386,-0.38001117486996544
0.705,-0.7063929876887374,-0.21297756702283968,-1.0019758690620386,-0.38013391934548346
0.71,-0.7114028670340475,-0.21487853490116882,-1.0019758690620386,-0.3802526793038035
0.715,-0.7164127463793577,-0.21678008689650613,-1.0019758690620386,-0.3803675840898696
0.72,-0.7214226257246679,-0.21868220404731178,-1.0019758690620386,-0.38047875884984467
0.725,-0.726432505069978,-0.22058486800757326,-1.0019758690620386,-0.3805863246674113
0.73,-0.7314423844152882,-0.22248806102682422,-1.0019758690620386,-0.3806903986956474
0.735,-0.7364522637605984,-0.22439176593081195,-1.0019758690620386,-0.3807910942846208
0.74,-0.7414621431059085,-0.22629596610279235,-1.0019758690620386,-0.3808885211048425
0.745,-0.7464720224512187,-0.2282006454654322,-1.0019758690620386,-0.38098278526671175
0.75,-0.7514819017965289,-0.23010578846329888,-1.0019758690620386,-0.38107398943608417
0.755,-0.756491781141839,-0.23201138004591837,-1.0019758690620386,-0.381162232946088
0.76,-0.7615016604871492,-0.23391740565138347,-1.0019758690620386,-0.3812476119053107
0.765,-0.7665115398324593,-0.23582385119049395,-1.0019758690620386,-0.3813302193024739
0.77,-0.7715214191777695,-0.2377307030314116,-1.0019758690620386,-0.38141014510770976
0.775,-0.7765312985230797,-0.2396379479848134,-1.0019758690620386,-0.3814874763705503
0.78,-0.7815411778683898,-0.24154557328952658,-1.0019758690620386,-0.38156229731473557
0.785,-0.7865510572137,-0.24345356659863018,-1.0019758690620386,-0.3816346894299441
0.79,-0.7915609365590102,-0.24536191596600757,-1.0019758690620386,-0.3817047315605458
0.795,-0.7965708159043203,-0.24727060983333554,-1.0019758690620386,-0.38177249999147356
0.8,-0.8015806952496305,-0.2491796370174959,-1.0019758690620386,-0.38183806853130753
0.805,-0.8065905745949407,-0.2510889866983956,-1.0019758690620386,-0.38190150859266203
0.81,-0.8116004539402508,-0.2529986484071821,-1.0019758690620386,-0.3819628892699633
0.8150000000000001,-0.816610333285561,-0.2549086120148417,-1.0019758690620386,-0.3820222774147021
0.8200000000000001,-0.8216202126308711,-0.2568188677211676,-1.0019758690620386,-0.3820797377082439
0.8250000000000001,-0.8266300919761813,-0.258729406044086,-1.0019758690620386,-0.38213533273227474
0.8300000000000001,-0.8316399713214915,-0.26064021780932933,-1.0019758690620386,-0.3821891230369613
0.835,-0.8366498506668016,-0.26255129414044387,-1.0019758690620386,-0.3822411672068976
0.84,-0.8416597300121118,-0.2644626264491225,-1.0019758690620386,-0.3822915219249112
0.845,-0.846669609357422,-0.2663742064258506,-1.0019758690620386,-0.38234024203379824
0.85,-0.8516794887027321,-0.2682860260308561,-1.0019758690620386,-0.38238738059605415
0.855,-0.8566893680480423,-0.2701980774853532,-1.0019758690620386,-0.3824329889516657
0.86,-0.8616992473933525,-0.27211035326307004,-1.0019758690620386,-0.3824771167740269
0.865,-0.8667091267386626,-0.2740228460820518,-1.0019758690620386,-0.3825198121240396
0.87,-0.8717190060839728,-0.2759355488967296,-1.0019758690620386,-0.3825611215024583
0.875,-0.876728885429283,-0.2778484548902471,-1.0019758690620386,-0.38260108990053504
0.88,-0.8817387647745931,-0.27976155746703596,-1.0019758690620386,-0.3826397608490212
0.885,-0.8867486441199033,-0.2816748502456323,-1.0019758690620386,-0.3826771764655777
0.89,-0.8917585234652134,-0.28358832705172676,-1.0019758690620386,-0.3827133775006469
0.895,-0.8967684028105236,-0.28550198191143955,-1.0019758690620386,-0.3827484033818347
0.9,-0.9017782821558338,-0.28741580904481445,-1.0019758690620386,-0.3827822922568528
0.905,-0.9067881615011439,-0.2893298028595234,-1.0019758690620386,-0.38281508103506606
0.91,-0.9117980408464541,-0.2912439579447759,-1.0019758690620386,-0.3828468054276918
0.915,-0.9168079201917643,-0.29315826906542597,-1.0019758690620386,-0.38287749998669385
0.92,-0.9218177995370744,-0.29507273115627025,-1.0019758690620386,-0.38290719814241414
0.925,-0.9268276788823846,-0.29698733931653143,-1.0019758690620386,-0.38293593223998257
0.93,-0.9318375582276948,-0.2989020888045208,-1.0019758690620386,-0.3829637335745452
0.935,-0.9368474375730049,-0.3008169750324737,-1.0019758690620386,-0.38299063242534864
0.9400000000000001,-0.9418573169183151,-0.30273199356155295,-1.0019758690620386,-0.38301665808871793
0.9450000000000001,-0.9468671962636253,-0.3046471400970145,-1.0019758690620386,-0.38304183890996424
0.9500000000000001,-0.9518770756089354,-0.30656241048352967,-1.0019758690620386,-0.3830662023142564
0.9550000000000001,-0.9568869549542456,-0.30847780070065967,-1.0019758690620386,-0.38308977483649065
0.96,-0.9618968342995557,-0.31039330685847677,-1.0019758690620386,-0.3831125821501903
0.965,-0.9669067136448659,-0.31230892519332754,-1.0019758690620386,-0.3831346490954677
0.97,-0.9719165929901761,-0.31422465206373384,-1.0019758690620386,-0.38315599970607833
0.975,-0.9769264723354862,-0.31614048394642685,-1.0019758690620386,-0.38317665723559674
0.98,-0.9819363516807964,-0.3180564174325097,-1.0019758690620386,-0.3831966441827424
0.985,-0.9869462310261066,-0.3199724492237446,-1.0019758690620386,-0.383215982315884
0.99,-0.9919561103714167,-0.32188857612896105,-1.0019758690620386,-0.3832346926967479
0.995,-0.9969659897167269,-0.3238047950605797,-1.0019758690620386,-0.3832527957033572
1.0,-1.001975869062037,-0.32572110303124996,-1.0019758690620386,-0.3832703110522257
1.0050000000000001,-1.0069857484073472,-0.3276374971505963,-1.0019758690620386,-0.38328725781983225
1.01,-1.0119956277526574,-0.3295539746220702,-1.0019758690620386,-0.383303654463397
1.0150000000000001,-1.0170055070979676,-0.33147053273990434,-1.0019758690620386,-0.38331951884098403
1.02,-1.0220153864432777,-0.33338716888616576,-1.0019758690620386,-0.3833348682309509
1.025,-1.0270252657885879,-0.33530388052790455,-1.0019758690620386,-0.3833497193507672
1.03,-1.032035145133898,-0.3372206652143951,-1.0019758690620386,-0.3833640883752219
1.035,-1.0370450244792082,-0.339137520574467,-1.0019758690620386,-0.3833779909540397
1.04,-1.0420549038245184,-0.3410544443139225,-1.0019758690620386,-0.38339144222892574
1.045,-1.0470647831698285,-0.34297143421303783,-1.0019758690620386,-0.38340445685005703
1.05,-1.0520746625151387,-0.34488848812414563,-1.0019758690620386,-0.383417048992038
1.055,-1.0570845418604489,-0.3468056039692959,-1.0019758690620386,-0.38342923236933873
1.06,-1.062094421205759,-0.34872277973799276,-1.0019758690620386,-0.38344102025123183
1.065,-1.0671043005510692,-0.3506400134850049,-1.0019758690620386,-0.3834524254762442
1.07,-1.0721141798963794,-0.3525573033282468,-1.0019758690620386,-0.38346346046613994
1.075,-1.0771240592416895,-0.3544746474467291,-1.0019758690620386,-0.3834741372394493
1.08,-1.0821339385869997,-0.35639204407857505,-1.0019758690620386,-0.3834844674245583
1.085,-1.0871438179323099,-0.35830949151910185,-1.0019758690620386,-0.38349446227237366
1.09,-1.09215369727762,-0.3602269881189639,-1.0019758690620386,-0.3835041326685765
1.095,-1.0971635766229302,-0.36214453228235644,-1.0019758690620386,-0.3835134891454782
1.1,-1.1021734559682403,-0.3640621224652775,-1.0019758690620386,-0.38352254189349133
1.105,-1.1071833353135505,-0.3659797571738465,-1.0019758690620386,-0.3835313007722285
1.11,-1.1121932146588607,-0.36789743496267685,-1.0019758690620386,-0.38353977532124073
1.115,-1.1172030940041708,-0.369815154433302,-1.0019758690620386,-0.3835479747704072
1.12,-1.122212973349481,-0.37173291423265226,-1.0019758690620386,-0.3835559080499878
1.125,-1.1272228526947912,-0.37365071305158115,-1.0019758690620386,-0.3835635838003493
1.1300000000000001,-1.1322327320401013,-0.3755685496234396,-1.0019758690620386,-0.3835710103813759
1.135,-1.1372426113854115,-0.3774864227226963,-1.0019758690620386,-0.3835781958815743
1.1400000000000001,-1.1422524907307217,-0.37940433116360295,-1.0019758690620386,-0.3835851481268829
1.145,-1.1472623700760318,-0.38132227379890293,-1.0019758690620386,-0.38359187468919526
1.1500000000000001,-1.152272249421342,-0.38324024951858177,-1.0019758690620386,-0.38359838289460724
1.155,-1.1572821287666522,-0.3851582572486581,-1.0019758690620386,-0.3836046798313957
1.16,-1.1622920081119623,-0.3870762959500141,-1.0019758690620386,-0.38361077235773855
1.165,-1.1673018874572725,-0.38899436461726355,-1.0019758690620386,-0.3836166671091845
1.17,-1.1723117668025826,-0.3909124622776571,-1.0019758690620386,-0.3836223705058798
1.175,-1.1773216461478928,-0.39283058799002246,-1.0019758690620386,-0.38362788875956044
1.18,-1.182331525493203,-0.39474874084373984,-1.0019758690620386,-0.38363322788031806
1.185,-1.1873414048385131,-0.3966669199577497,-1.0019758690620386,-0.3836383936831451
1.19,-1.1923512841838233,-0.3985851244795935,-1.0019758690620386,-0.3836433917942686
1.195,-1.1973611635291335,-0.4005033535844849,-1.0019758690620386,-0.3836482276572775
1.2,-1.2023710428744436,-0.40242160647441194,-1.0019758690620386,-0.38365290653905165
1.205,-1.2073809222197538,-0.4043398823772674,-1.0019758690620386,-0.383657433535498
1.21,-1.212390801565064,-0.40625818054600826,-1.0019758690620386,-0.3836618135771009
1.215,-1.2174006809103741,-0.40817650025784186,-1.0019758690620386,-0.3836660514342916
1.22,-1.2224105602556843,-0.4100948408134388,-1.0019758690620386,-0.3836701517226444
1.225,-1.2274204396009945,-0.41201320153617116,-1.0019758690620386,-0.3836741189079032
1.23,-1.2324303189463046,-0.41393158177137573,-1.0019758690620386,-0.38367795731084553
1.235,-1.2374401982916148,-0.41584998088564085,-1.0019758690620386,-0.3836816711119883
1.24,-1.242450077636925,-0.41776839826611656,-1.0019758690620386,-0.383685264356141
1.245,-1.247459956982235,-0.41968683331984724,-1.0019758690620386,-0.38368874095681077
1.25,-1.2524698363275453,-0.4216052854731257,-1.0019758690620386,-0.3836921047004652
1.2550000000000001,-1.2574797156728554,-0.4235237541708684,-1.0019758690620386,-0.3836953592506559
1.26,-1.2624895950181656,-0.4254422388760108,-1.0019758690620386,-0.3836985081520086
1.2650000000000001,-1.2674994743634758,-0.42736073906892247,-1.0019758690620386,-0.3837015548340839
1.27,-1.272509353708786,-0.42927925424684127,-1.0019758690620386,-0.38370450261511235
1.2750000000000001,-1.277519233054096,-0.43119778392332553,-1.0019758690620386,-0.38370735470560846
1.28,-1.2825291123994063,-0.43311632762772456,-1.0019758690620386,-0.3837101142118674
1.285,-1.2875389917447164,-0.43503488490466574,-1.0019758690620386,-0.3837127841393482
1.29,-1.2925488710900266,-0.4369534553135587,-1.0019758690620386,-0.3837153673959468
1.295,-1.2975587504353367,-0.4388720384281156,-1.0019758690620386,-0.3837178667951637
1.3,-1.302568629780647,-0.4407906338358866,-1.0019758690620386,-0.38372028505916755
1.305,-1.307578509125957,-0.4427092411378108,-1.0019758690620386,-0.3837226248217605
1.31,-1.3125883884712672,-0.4446278599477815,-1.0019758690620386,-0.38372488863124643
1.315,-1.3175982678165774,-0.4465464898922258,-1.0019758690620386,-0.3837270789532064
1.32,-1.3226081471618876,-0.4484651306096977,-1.0019758690620386,-0.3837291981731841
1.325,-1.3276180265071977,-0.45038378175048444,-1.0019758690620386,-0.38373124859928404
1.33,-1.332627905852508,-0.4523024429762255,-1.0019758690620386,-0.3837332324646852
1.335,-1.337637785197818,-0.45422111395954434,-1.0019758690620386,-0.38373515193007346
1.34,-1.3426476645431282,-0.4561397943836915,-1.0019758690620386,-0.3837370090859947
1.345,-1.3476575438884384,-0.4580584839421999,-1.0019758690620386,-0.3837388059551317
1.35,-1.3526674232337486,-0.45997718233855095,-1.0019758690620386,-0.3837405444945073
1.355,-1.3576773025790587,-0.46189588928585157,-1.0019758690620386,-0.3837422265976154
1.36,-1.3626871819243689,-0.46381460450652184,-1.0019758690620386,-0.38374385409648387
1.365,-1.367697061269679,-0.4657333277319926,-1.0019758690620386,-0.38374542876366924
1.37,-1.3727069406149892,-0.4676520587024129,-1.0019758690620386,-0.3837469523141876
1.375,-1.3777168199602994,-0.46957079716636707,-1.0019758690620386,-0.3837484264073824
1.3800000000000001,-1.3827266993056095,-0.47148954288060085,-1.0019758690620386,-0.3837498526487316
1.385,-1.3877365786509197,-0.47340829560975656,-1.0019758690620386,-0.3837512325915965
1.3900000000000001,-1.3927464579962299,-0.4753270551261165,-1.0019758690620386,-0.3837525677389131
1.395,-1.39775633734154,-0.4772458212093553,-1.0019758690620386,-0.3837538595448294
1.4000000000000001,-1.4027662166868502,-0.47916459364629965,-1.0019758690620386,-0.38375510941628904
1.405,-1.4077760960321604,-0.4810833722306963,-1.0019758690620386,-0.38375631871456356
1.41,-1.4127859753774705,-0.48300215676298736,-1.0019758690620386,-0.3837574887567351
1.415,-1.4177958547227807,-0.4849209470500929,-1.0019758690620386,-0.3837586208171308
1.42,-1.4228057340680909,-0.4868397429052009,-1.0019758690620386,-0.38375971612871074
1.425,-1.427815613413401,-0.48875854414756337,-1.0019758690620386,-0.3837607758844108
1.43,-1.4328254927587112,-0.49067735060229994,-1.0019758690620386,-0.38376180123844195
1.435,-1.4378353721040213,-0.49259616210020707,-1.0019758690620386,-0.38376279330754715
1.44,-1.4428452514493315,-0.494514978477574,-1.0019758690620386,-0.38376375317221795
1.445,-1.4478551307946417,-0.49643379957600414,-1.0019758690620386,-0.38376468187787105
1.45,-1.4528650101399518,-0.498352625242243,-1.0019758690620386,-0.3837655804359869
1.455,-1.457874889485262,-0.5002714553280109,-1.0019758690620386,-0.38376644982521146
1.46,-1.4628847688305722,-0.5021902896898415,-1.0019758690620386,-0.3837672909924219
1.465,-1.4678946481758823,-0.5041091281889257,-1.0019758690620386,-0.38376810485375806
1.47,-1.4729045275211925,-0.5060279706909606,-1.0019758690620386,-0.38376889229562017
1.475,-1.4779144068665027,-0.5079468170660028,-1.0019758690620386,-0.38376965417563413
1.48,-1.4829242862118128,-0.5098656671883272,-1.0019758690620386,-0.38377039132358576
1.485,-1.487934165557123,-0.5117845209362898,-1.0019758690620386,-0.38377110454232444
1.49,-1.4929440449024332,-0.5137033781921957,-1.0019758690620386,-0.3837717946086376
1.495,-1.4979539242477433,-0.5156222388421704,-1.0019758690620386,-0.3837724622740966
1.5,-1.5029638035930535,-0.517541102776036,-1.0019758690620386,-0.38377310826587546
1.5050000000000001,-1.5079736829383636,-0.5194599698871913,-1.0019758690620386,-0.3837737332875427
1.51,-1.5129835622836738,-0.5213788400724955,-1.0019758690620386,-0.3837743380198277
1.5150000000000001,-1.517993441628984,-0.5232977132321558,-1.0019758690620386,-0.3837749231213621
1.52,-1.5230033209742941,-0.525216589269619,-1.0019758690620386,-0.383775489229397
1.5250000000000001,-1.5280132003196043,-0.5271354680914663,-1.0019758690620386,-0.38377603696049734
1.53,-1.5330230796649145,-0.5290543496073112,-1.0019758690620386,-0.383776566911213
1.5350000000000001,-1.5380329590102246,-0.5309732337297016,-1.0019758690620386,-0.3837770796587288
1.54,-1.5430428383555348,-0.532892120374024,-1.0019758690620386,-0.38377757576149313
1.545,-1.548052717700845,-0.5348110094584119,-1.0019758690620386,-0.38377805575982593
1.55,-1.5530625970461551,-0.5367299009036559,-1.0019758690620386,-0.3837785201765075
1.555,-1.5580724763914653,-0.5386487946331184,-1.0019758690620386,-0.3837789695173476
1.56,-1.5630823557367755,-0.5405676905726493,-1.0019758690620386,-0.38377940427173646
1.565,-1.5680922350820856,-0.5424865886505055,-1.0019758690620386,-0.3837798249131778
1.57,-1.5731021144273958,-0.544405488797273,-1.0019758690620386,-0.38378023189980454
1.575,-1.578111993772706,-0.5463243909457911,-1.0019758690620386,-0.38378062567487775
1.58,-1.583121873118016,-0.5482432950310792,-1.0019758690620386,-0.38378100666726933
1.585,-1.5881317524633263,-0.5501622009902659,-1.0019758690620386,-0.38378137529192924
1.59,-1.5931416318086364,-0.5520811087625211,-1.0019758690620386,-0.3837817319503374
1.595,-1.5981515111539466,-0.5540000182889891,-1.0019758690620386,-0.38378207703094086
1.6,-1.6031613904992568,-0.5559189295127249,-1.0019758690620386,-0.38378241090957704
1.605,-1.608171269844567,-0.557837842378632,-1.0019758690620386,-0.38378273394988294
1.61,-1.613181149189877,-0.5597567568334023,-1.0019758690620386,-0.38378304650369116
1.615,-1.6181910285351873,-0.5616756728254584,-1.0019758690620386,-0.38378334891141325
1.62,-1.6232009078804974,-0.5635945903048971,-1.0019758690620386,-0.38378364150241023
1.625,-1.6282107872258076,-0.5655135092234351,-1.0019758690620386,-0.3837839245953516
1.6300000000000001,-1.6332206665711178,-0.5674324295343566,-1.0019758690620386,-0.3837841984985621
1.635,-1.638230545916428,-0.5693513511924622,-1.0019758690620386,-0.3837844635103578
1.6400000000000001,-1.643240425261738,-0.5712702741540197,-1.0019758690620386,-0.3837847199193707
1.645,-1.6482503046070482,-0.5731891983767166,-1.0019758690620386,-0.3837849680048634
1.6500000000000001,-1.6532601839523584,-0.575108123819614,-1.0019758690620386,-0.38378520803703303
1.655,-1.6582700632976686,-0.5770270504431018,-1.0019758690620386,-0.3837854402773057
1.6600000000000001,-1.6632799426429787,-0.5789459782088558,-1.0019758690620386,-0.3837856649786211
1.665,-1.668289821988289,-0.5808649070797961,-1.0019758690620386,-0.38378588238570793
1.67,-1.673299701333599,-0.5827838370200461,-1.0019758690620386,-0.38378609273535064
1.675,-1.6783095806789092,-0.584702767994894,-1.0019758690620386,-0.3837862962566472
1.68,-1.6833194600242194,-0.5866216999707548,-1.0019758690620386,-0.38378649317125857
1.685,-1.6883293393695296,-0.5885406329151337,-1.0019758690620386,-0.38378668369365027
1.69,-1.6933392187148397,-0.5904595667965908,-1.0019758690620386,-0.3837868680313257
1.695,-1.6983490980601499,-0.5923785015847068,-1.0019758690620386,-0.38378704638505257
1.7,-1.70335897740546,-0.5942974372500499,-1.0019758690620386,-0.383787218949081
1.705,-1.7083688567507702,-0.5962163737641435,-1.0019758690620386,-0.3837873859113556
1.71,-1.7133787360960804,-0.5981353110994356,-1.0019758690620386,-0.3837875474537198
1.715,-1.7183886154413905,-0.6000542492292686,-1.0019758690620386,-0.3837877037521142
1.72,-1.7233984947867007,-0.6019731881278503,-1.0019758690620386,-0.3837878549767679
1.725,-1.7284083741320109,-0.6038921277702255,-1.0019758690620386,-0.38378800129238405
1.73,-1.733418253477321,-0.6058110681322493,-1.0019758690620386,-0.38378814285831936
1.735,-1.7384281328226312,-0.6077300091905605,-1.0019758690620386,-0.38378827982875735
1.74,-1.7434380121679414,-0.6096489509225564,-1.0019758690620386,-0.3837884123528766
1.745,-1.7484478915132515,-0.611567893306368,-1.0019758690620386,-0.38378854057501294
1.75,-1.7534577708585617,-0.6134868363208359,-1.0019758690620386,-0.3837886646348169
1.7550000000000001,-1.7584676502038719,-0.615405779945488,-1.0019758690620386,-0.3837887846674056
1.76,-1.763477529549182,-0.6173247241605164,-1.0019758690620386,-0.38378890080351014
1.7650000000000001,-1.7684874088944922,-0.6192436689467565,-1.0019758690620386,-0.3837890131696176
1.77,-1.7734972882398023,-0.6211626142856658,-1.0019758690620386,-0.3837891218881093
1.7750000000000001,-1.7785071675851125,-0.6230815601593034,-1.0019758690620386,-0.3837892270773937
1.78,-1.7835170469304227,-0.625000506550311,-1.0019758690620386,-0.3837893288520355
1.7850000000000001,-1.7885269262757328,-0.6269194534418939,-1.0019758690620386,-0.38378942732288046
1.79,-1.793536805621043,-0.6288384008178025,-1.0019758690620386,-0.383789522597176
1.795,-1.7985466849663532,-0.6307573486623147,-1.0019758690620386,-0.3837896147786883
1.8,-1.8035565643116633,-0.6326762969602187,-1.0019758690620386,-0.38378970396781475
1.805,-1.8085664436569735,-0.6345952456967964,-1.0019758690620386,-0.38378979026169396
1.81,-1.8135763230022837,-0.6365141948578078,-1.0019758690620386,-0.38378987375431106
1.815,-1.8185862023475938,-0.638433144429475,-1.0019758690620386,-0.38378995453660036
1.82,-1.823596081692904,-0.6403520943984672,-1.0019758690620386,-0.38379003269654416
1.825,-1.8286059610382142,-0.6422710447518866,-1.0019758690620386,-0.38379010831926874
1.83,-1.8336158403835243,-0.6441899954772539,-1.0019758690620386,-0.38379018148713706
1.835,-1.8386257197288345,-0.646108946562495,-1.0019758690620386,-0.3837902522798384
1.84,-1.8436355990741446,-0.6480278979959276,-1.0019758690620386,-0.38379032077447506
1.845,-1.8486454784194548,-0.649946849766249,-1.0019758690620386,-0.38379038704564666
1.85,-1.853655357764765,-0.6518658018625229,-1.0019758690620386,-0.383790451165531
1.855,-1.8586652371100751,-0.6537847542741684,-1.0019758690620386,-0.38379051320396296
1.86,-1.8636751164553853,-0.6557037069909479,-1.0019758690620386,-0.3837905732285104
1.865,-1.8686849958006955,-0.6576226600029562,-1.0019758690620386,-0.3837906313045478
1.87,-1.8736948751460056,-0.6595416133006097,-1.0019758690620386,-0.3837906874953275
1.875,-1.8787047544913158,-0.6614605668746356,-1.0019758690620386,-0.38379074186204853
1.8800000000000001,-1.883714633836626,-0.6633795207160625,-1.0019758690620386,-0.3837907944639232
1.885,-1.8887245131819361,-0.6652984748162101,-1.0019758690620386,-0.3837908453582418
1.8900000000000001,-1.8937343925272463,-0.6672174291666797,-1.0019758690620386,-0.38379089460043486
1.895,-1.8987442718725565,-0.6691363837593455,-1.0019758690620386,-0.3837909422441334
1.9000000000000001,-1.9037541512178666,-0.6710553385863451,-1.0019758690620386,-0.38379098834122766
1.905,-1.9087640305631768,-0.6729742936400719,-1.0019758690620386,-0.3837910329419233
1.9100000000000001,-1.913773909908487,-0.6748932489131657,-1.0019758690620386,-0.38379107609479624
1.915,-1.9187837892537971,-0.6768122043985055,-1.0019758690620386,-0.3837911178468455
1.92,-1.9237936685991073,-0.6787311600892015,-1.0019758690620386,-0.3837911582435445
1.925,-1.9288035479444174,-0.6806501159785874,-1.0019758690620386,-0.38379119732889044
1.93,-1.9338134272897276,-0.6825690720602132,-1.0019758690620386,-0.3837912351454523
1.935,-1.9388233066350378,-0.6844880283278386,-1.0019758690620386,-0.3837912717344173
1.94,-1.943833185980348,-0.6864069847754256,-1.0019758690620386,-0.3837913071356354
1.945,-1.948843065325658,-0.6883259413971323,-1.0019758690620386,-0.38379134138766324
1.95,-1.9538529446709683,-0.6902448981873066,-1.0019758690620386,-0.38379137452780565
1.955,-1.9588628240162784,-0.6921638551404795,-1.0019758690620386,-0.3837914065921565
1.96,-1.9638727033615886,-0.6940828122513599,-1.0019758690620386,-0.38379143761563805
1.965,-1.9688825827068988,-0.6960017695148284,-1.0019758690620386,-0.38379146763203886
1.97,-1.973892462052209,-0.6979207269259315,-1.0019758690620386,-0.3837914966740507
1.975,-1.978902341397519,-0.6998396844798769,-1.0019758690620386,-0.3837915247733041
1.98,-1.9839122207428292,-0.7017586421720274,-1.0019758690620386,-0.38379155196040265
1.985,-1.9889221000881394,-0.7036775999978969,-1.0019758690620386,-0.38379157826495675
1.99,-1.9939319794334496,-0.7055965579531445,-1.0019758690620386,-0.3837916037156154
1.995,-1.9989418587787597,-0.7075155160335702,-1.0019758690620386,-0.38379162834009767
2.0,-2.00395173812407,-0.7094344742351107,-1.0019758690620386,-0.3837916521652228
2.005,-2.0089616174693803,-0.7113534325538343,-1.0019758690620386,-0.3837916752169394
2.0100000000000002,-2.0139714968146905,-0.7132723909859371,-1.0019758690620386,-0.38379169752035386
2.015,-2.0189813761600006,-0.7151913495277384,-1.0019758690620386,-0.3837917190997574
2.02,-2.023991255505311,-0.7171103081756773,-1.0019758690620386,-0.3837917399786528
2.025,-2.029001134850621,-0.7190292669263084,-1.0019758690620386,-0.38379176017977984
2.0300000000000002,-2.034011014195931,-0.7209482257762981,-1.0019758690620386,-0.3837917797251402
2.035,-2.0390208935412413,-0.7228671847224211,-1.0019758690620386,-0.3837917986360213
2.04,-2.0440307728865514,-0.7247861437615566,-1.0019758690620386,-0.38379181693301956
2.045,-2.0490406522318616,-0.7267051028906852,-1.0019758690620386,-0.3837918346360627
2.05,-2.0540505315771718,-0.7286240621068858,-1.0019758690620386,-0.3837918517644317
2.055,-2.059060410922482,-0.7305430214073316,-1.0019758690620386,-0.3837918683367815
2.06,-2.064070290267792,-0.732461980789288,-1.0019758690620386,-0.38379188437116163
2.065,-2.0690801696131023,-0.734380940250109,-1.0019758690620386,-0.3837918998850355
2.07,-2.0740900489584124,-0.7362998997872345,-1.0019758690620386,-0.38379191489529974
2.075,-2.0790999283037226,-0.7382188593981875,-1.0019758690620386,-0.3837919294183025
2.08,-2.0841098076490328,-0.7401378190805714,-1.0019758690620386,-0.3837919434698612
2.085,-2.089119686994343,-0.7420567788320674,-1.0019758690620386,-0.38379195706527974
2.09,-2.094129566339653,-0.7439757386504321,-1.0019758690620386,-0.3837919702193654
2.095,-2.0991394456849632,-0.7458946985334947,-1.0019758690620386,-0.3837919829464446
2.1,-2.1041493250302734,-0.7478136584791549,-1.0019758690620386,-0.3837919952603789
2.105,-2.1091592043755836,-0.749732618485381,-1.0019758690620386,-0.38379200717457956
2.11,-2.1141690837208937,-0.7516515785502066,-1.0019758690620386,-0.38379201870202284
2.115,-2.119178963066204,-0.7535705386717295,-1.0019758690620386,-0.38379202985526356
2.12,-2.124188842411514,-0.7554894988481093,-1.0019758690620386,-0.38379204064644906
2.125,-2.1291987217568242,-0.7574084590775653,-1.0019758690620386,-0.38379205108733233
2.13,-2.1342086011021344,-0.7593274193583743,-1.0019758690620386,-0.3837920611892848
2.1350000000000002,-2.1392184804474446,-0.7612463796888695,-1.0019758690620386,-0.38379207096330886
2.14,-2.1442283597927547,-0.763165340067438,-1.0019758690620386,-0.38379208042004964
2.145,-2.149238239138065,-0.7650843004925191,-1.0019758690620386,-0.3837920895698068
2.15,-2.154248118483375,-0.767003260962603,-1.0019758690620386,-0.3837920984225456
2.1550000000000002,-2.159257997828685,-0.7689222214762288,-1.0019758690620386,-0.3837921069879078
2.16,-2.1642678771739954,-0.770841182031983,-1.0019758690620386,-0.38379211527522217
2.165,-2.1692777565193055,-0.7727601426284981,-1.0019758690620386,-0.3837921232935147
2.17,-2.1742876358646157,-0.774679103264451,-1.0019758690620386,-0.3837921310515183
2.1750000000000003,-2.179297515209926,-0.7765980639385613,-1.0019758690620386,-0.3837921385576825
2.18,-2.184307394555236,-0.7785170246495905,-1.0019758690620386,-0.38379214582018245
2.185,-2.189317273900546,-0.7804359853963401,-1.0019758690620386,-0.38379215284692797
2.19,-2.1943271532458564,-0.7823549461776504,-1.0019758690620386,-0.38379215964557206
2.195,-2.1993370325911665,-0.7842739069923997,-1.0019758690620386,-0.3837921662235193
2.2,-2.2043469119364767,-0.7861928678395024,-1.0019758690620386,-0.383792172587934
2.205,-2.209356791281787,-0.7881118287179082,-1.0019758690620386,-0.3837921787457478
2.21,-2.214366670627097,-0.790030789626601,-1.0019758690620386,-0.3837921847036673
2.215,-2.219376549972407,-0.7919497505645977,-1.0019758690620386,-0.3837921904681816
2.22,-2.2243864293177174,-0.793868711530947,-1.0019758690620386,-0.3837921960455688
2.225,-2.2293963086630275,-0.7957876725247284,-1.0019758690620386,-0.3837922014419035
2.23,-2.2344061880083377,-0.7977066335450516,-1.0019758690620386,-0.383792206663063
2.235,-2.239416067353648,-0.7996255945910549,-1.0019758690620386,-0.3837922117147338
2.24,-2.244425946698958,-0.8015445556619046,-1.0019758690620386,-0.3837922166024179
2.245,-2.249435826044268,-0.8034635167567943,-1.0019758690620386,-0.38379222133143853
2.25,-2.2544457053895783,-0.8053824778749434,-1.0019758690620386,-0.3837922259069462
2.255,-2.2594555847348885,-0.8073014390155971,-1.0019758690620386,-0.3837922303339243
2.2600000000000002,-2.2644654640801987,-0.8092204001780248,-1.0019758690620386,-0.3837922346171943
2.265,-2.269475343425509,-0.8111393613615195,-1.0019758690620386,-0.3837922387614213
2.27,-2.274485222770819,-0.8130583225653976,-1.0019758690620386,-0.3837922427711189
2.275,-2.279495102116129,-0.8149772837889971,-1.0019758690620386,-0.38379224665065415
2.2800000000000002,-2.2845049814614393,-0.8168962450316781,-1.0019758690620386,-0.38379225040425236
2.285,-2.2895148608067495,-0.818815206292821,-1.0019758690620386,-0.38379225403600165
2.29,-2.2945247401520596,-0.8207341675718265,-1.0019758690620386,-0.3837922575498575
2.295,-2.29953461949737,-0.8226531288681148,-1.0019758690620386,-0.383792260949647
2.3000000000000003,-2.30454449884268,-0.8245720901811249,-1.0019758690620386,-0.3837922642390729
2.305,-2.30955437818799,-0.8264910515103139,-1.0019758690620386,-0.38379226742171785
2.31,-2.3145642575333003,-0.8284100128551566,-1.0019758690620386,-0.38379227050104814
2.315,-2.3195741368786105,-0.830328974215145,-1.0019758690620386,-0.38379227348041756
2.32,-2.3245840162239206,-0.8322479355897873,-1.0019758690620386,-0.383792276363071
2.325,-2.329593895569231,-0.8341668969786078,-1.0019758690620386,-0.3837922791521481
2.33,-2.334603774914541,-0.8360858583811462,-1.0019758690620386,-0.3837922818506865
2.335,-2.339613654259851,-0.8380048197969574,-1.0019758690620386,-0.3837922844616252
2.34,-2.3446235336051613,-0.8399237812256104,-1.0019758690620386,-0.383792286987808
2.345,-2.3496334129504715,-0.8418427426666883,-1.0019758690620386,-0.38379228943198607
2.35,-2.3546432922957816,-0.8437617041197879,-1.0019758690620386,-0.3837922917968215
2.355,-2.359653171641092,-0.8456806655845188,-1.0019758690620386,-0.38379229408488996
2.36,-2.364663050986402,-0.8475996270605035,-1.0019758690620386,-0.3837922962986834
2.365,-2.369672930331712,-0.8495185885473767,-1.0019758690620386,-0.3837922984406129
2.37,-2.3746828096770223,-0.8514375500447849,-1.0019758690620386,-0.38379230051301133
2.375,-2.3796926890223324,-0.8533565115523861,-1.0019758690620386,-0.3837923025181358
2.38,-2.3847025683676426,-0.8552754730698494,-1.0019758690620386,-0.38379230445817014
2.3850000000000002,-2.3897124477129528,-0.8571944345968547,-1.0019758690620386,-0.3837923063352273
2.39,-2.394722327058263,-0.8591133961330923,-1.0019758690620386,-0.3837923081513517
2.395,-2.399732206403573,-0.8610323576782625,-1.0019758690620386,-0.3837923099085212
2.4,-2.4047420857488833,-0.8629513192320751,-1.0019758690620386,-0.38379231160864974
2.4050000000000002,-2.4097519650941934,-0.8648702807942499,-1.0019758690620386,-0.38379231325358887
2.41,-2.4147618444395036,-0.8667892423645152,-1.0019758690620386,-0.38379231484513016
2.415,-2.4197717237848138,-0.8687082039426084,-1.0019758690620386,-0.38379231638500705
2.42,-2.424781603130124,-0.8706271655282755,-1.0019758690620386,-0.3837923178748966
2.4250000000000003,-2.429791482475434,-0.8725461271212706,-1.0019758690620386,-0.38379231931642155
2.43,-2.4348013618207442,-0.8744650887213558,-1.0019758690620386,-0.3837923207111519
2.435,-2.4398112411660544,-0.8763840503283008,-1.0019758690620386,-0.3837923220606066
2.44,-2.4448211205113646,-0.8783030119418831,-1.0019758690620386,-0.3837923233662555
2.445,-2.4498309998566747,-0.8802219735618872,-1.0019758690620386,-0.38379232462952056
2.45,-2.454840879201985,-0.8821409351881048,-1.0019758690620386,-0.3837923258517777
2.455,-2.459850758547295,-0.8840598968203338,-1.0019758690620386,-0.383792327034358
2.46,-2.4648606378926052,-0.8859788584583794,-1.0019758690620386,-0.3837923281785495
2.465,-2.4698705172379154,-0.8878978201020526,-1.0019758690620386,-0.3837923292855985
2.47,-2.4748803965832256,-0.8898167817511708,-1.0019758690620386,-0.3837923303567105
2.475,-2.4798902759285357,-0.8917357434055573,-1.0019758690620386,-0.38379233139305224
2.48,-2.484900155273846,-0.893654705065041,-1.0019758690620386,-0.38379233239575233
2.485,-2.489910034619156,-0.8955736667294564,-1.0019758690620386,-0.3837923333659029
2.49,-2.494919913964466,-0.8974926283986434,-1.0019758690620386,-0.38379233430456056
2.495,-2.4999297933097764,-0.8994115900724472,-1.0019758690620386,-0.3837923352127476
2.5,-2.5049396726550865,-0.901330551750718,-1.0019758690620386,-0.3837923360914532
2.505,-2.5099495520003967,-0.9032495134333106,-1.0019758690620386,-0.38379233694163434
2.5100000000000002,-2.514959431345707,-0.9051684751200848,-1.0019758690620386,-0.383792337764217
2.515,-2.519969310691017,-0.9070874368109049,-1.0019758690620386,-0.3837923385600971
2.52,-2.524979190036327,-0.9090063985056395,-1.0019758690620386,-0.3837923393301414
2.525,-2.5299890693816374,-0.9109253602041615,-1.0019758690620386,-0.38379234007518864
2.5300000000000002,-2.5349989487269475,-0.912844321906348,-1.0019758690620386,-0.38379234079605024
2.535,-2.5400088280722577,-0.91476328361208,-1.0019758690620386,-0.38379234149351127
2.54,-2.545018707417568,-0.9166822453212425,-1.0019758690620386,-0.3837923421683314
2.545,-2.550028586762878,-0.918601207033724,-1.0019758690620386,-0.38379234282124564
2.5500000000000003,-2.555038466108188,-0.9205201687494169,-1.0019758690620386,-0.38379234345296503
2.555,-2.5600483454534984,-0.9224391304682169,-1.0019758690620386,-0.3837923440641776
2.56,-2.5650582247988085,-0.9243580921900231,-1.0019758690620386,-0.38379234465554907
2.565,-2.5700681041441187,-0.9262770539147379,-1.0019758690620386,-0.3837923452277235
2.57,-2.575077983489429,-0.928196015642267,-1.0019758690620386,-0.3837923457813241
2.575,-2.580087862834739,-0.9301149773725189,-1.0019758690620386,-0.38379234631695375
2.58,-2.585097742180049,-0.9320339391054053,-1.0019758690620386,-0.38379234683519586
2.585,-2.5901076215253593,-0.9339529008408407,-1.0019758690620386,-0.3837923473366149
2.59,-2.5951175008706695,-0.9358718625787423,-1.0019758690620386,-0.38379234782175686
2.595,-2.6001273802159797,-0.93779082431903,-1.0019758690620386,-0.3837923482911502
2.6,-2.60513725956129,-0.9397097860616265,-1.0019758690620386,-0.3837923487453062
2.605,-2.6101471389066,-0.9416287478064567,-1.0019758690620386,-0.38379234918471944
2.61,-2.61515701825191,-0.9435477095534481,-1.0019758690620386,-0.38379234960986847
2.615,-2.6201668975972203,-0.9454666713025306,-1.0019758690620386,-0.38379235002121637
2.62,-2.6251767769425305,-0.9473856330536363,-1.0019758690620386,-0.3837923504192111
2.625,-2.6301866562878407,-0.9493045948066996,-1.0019758690620386,-0.3837923508042862
2.63,-2.635196535633151,-0.9512235565616568,-1.0019758690620386,-0.38379235117686106
2.6350000000000002,-2.640206414978461,-0.9531425183184465,-1.0019758690620386,-0.3837923515373414
2.64,-2.645216294323771,-0.9550614800770093,-1.0019758690620386,-0.38379235188611993
2.645,-2.6502261736690813,-0.9569804418372875,-1.0019758690620386,-0.3837923522235764
2.65,-2.6552360530143915,-0.9588994035992254,-1.0019758690620386,-0.3837923525500784
2.6550000000000002,-2.6602459323597016,-0.9608183653627692,-1.0019758690620386,-0.3837923528659815
2.66,-2.665255811705012,-0.9627373271278667,-1.0019758690620386,-0.38379235317162985
2.665,-2.670265691050322,-0.9646562888944676,-1.0019758690620386,-0.38379235346735624
2.67,-2.675275570395632,-0.966575250662523,-1.0019758690620386,-0.3837923537534828
2.6750000000000003,-2.6802854497409423,-0.9684942124319857,-1.0019758690620386,-0.38379235403032114
2.68,-2.6852953290862525,-0.9704131742028101,-1.0019758690620386,-0.3837923542981728
2.685,-2.6903052084315626,-0.9723321359749519,-1.0019758690620386,-0.3837923545573295
2.69,-2.695315087776873,-0.9742510977483684,-1.0019758690620386,-0.3837923548080735
2.695,-2.700324967122183,-0.976170059523018,-1.0019758690620386,-0.3837923550506779
2.7,-2.705334846467493,-0.978089021298861,-1.0019758690620386,-0.38379235528540684
2.705,-2.7103447258128033,-0.9800079830758585,-1.0019758690620386,-0.38379235551251606
2.71,-2.7153546051581134,-0.9819269448539729,-1.0019758690620386,-0.3837923557322529
2.715,-2.7203644845034236,-0.9838459066331682,-1.0019758690620386,-0.38379235594485667
2.72,-2.7253743638487338,-0.9857648684134092,-1.0019758690620386,-0.3837923561505589
2.725,-2.730384243194044,-0.9876838301946619,-1.0019758690620386,-0.38379235634958364
2.73,-2.735394122539354,-0.9896027919768935,-1.0019758690620386,-0.38379235654214766
2.735,-2.7404040018846643,-0.9915217537600722,-1.0019758690620386,-0.3837923567284607
2.74,-2.7454138812299744,-0.9934407155441674,-1.0019758690620386,-0.38379235690872565
2.745,-2.7504237605752846,-0.9953596773291491,-1.0019758690620386,-0.38379235708313886
2.75,-2.7554336399205948,-0.9972786391149886,-1.0019758690620386,-0.3837923572518903
2.755,-2.760443519265905,-0.9991976009016581,-1.0019758690620386,-0.38379235741516377
2.7600000000000002,-2.765453398611215,-1.0011165626891307,-1.0019758690620386,-0.38379235757313707
2.765,-2.7704632779565252,-1.0030355244773803,-1.0019758690620386,-0.38379235772598225
2.77,-2.7754731573018354,-1.0049544862663817,-1.0019758690620386,-0.3837923578738658
2.775,-2.7804830366471456,-1.0068734480561103,-1.0019758690620386,-0.3837923580169487
2.7800000000000002,-2.7854929159924557,-1.0087924098465428,-1.0019758690620386,-0.3837923581553869
2.785,-2.790502795337766,-1.0107113716376561,-1.0019758690620386,-0.38379235828933117
2.79,-2.795512674683076,-1.0126303334294282,-1.0019758690620386,-0.38379235841892734
2.795,-2.8005225540283862,-1.0145492952218378,-1.0019758690620386,-0.38379235854431654
2.8000000000000003,-2.8055324333736964,-1.016468257014864,-1.0019758690620386,-0.3837923586656354
2.805,-2.8105423127190066,-1.018387218808487,-1.0019758690620386,-0.383792358783016
2.81,-2.8155521920643167,-1.0203061806026874,-1.0019758690620386,-0.3837923588965862
2.815,-2.820562071409627,-1.0222251423974462,-1.0019758690620386,-0.38379235900646974
2.82,-2.825571950754937,-1.0241441041927455,-1.0019758690620386,-0.38379235911278625
2.825,-2.830581830100247,-1.0260630659885677,-1.0019758690620386,-0.3837923592156515
2.83,-2.8355917094455574,-1.027982027784896,-1.0019758690620386,-0.3837923593151776
2.835,-2.8406015887908675,-1.0299009895817137,-1.0019758690620386,-0.3837923594114728
2.84,-2.8456114681361777,-1.0318199513790052,-1.0019758690620386,-0.38379235950464213
2.845,-2.850621347481488,-1.0337389131767547,-1.0019758690620386,-0.383792359594787
2.85,-2.855631226826798,-1.0356578749749477,-1.0019758690620386,-0.38379235968200565
2.855,-2.860641106172108,-1.0375768367735696,-1.0019758690620386,-0.383792359766393
2.86,-2.8656509855174184,-1.0394957985726065,-1.0019758690620386,-0.38379235984804094
2.865,-2.8706608648627285,-1.0414147603720452,-1.0019758690620386,-0.3837923599270384
2.87,-2.8756707442080387,-1.0433337221718724,-1.0019758690620386,-0.3837923600034715
2.875,-2.880680623553349,-1.0452526839720755,-1.0019758690620386,-0.38379236007742346
2.88,-2.885690502898659,-1.0471716457726423,-1.0019758690620386,-0.3837923601489748
2.8850000000000002,-2.890700382243969,-1.049090607573561,-1.0019758690620386,-0.3837923602182034
2.89,-2.8957102615892794,-1.0510095693748203,-1.0019758690620386,-0.3837923602851847
2.895,-2.9007201409345895,-1.052928531176409,-1.0019758690620386,-0.3837923603499917
2.9,-2.9057300202798997,-1.0548474929783165,-1.0019758690620386,-0.38379236041269493
2.9050000000000002,-2.91073989962521,-1.0567664547805324,-1.0019758690620386,-0.3837923604733627
2.91,-2.91574977897052,-1.0586854165830466,-1.0019758690620386,-0.38379236053206106
2.915,-2.92075965831583,-1.0606043783858496,-1.0019758690620386,-0.38379236058885396
2.92,-2.9257695376611403,-1.062523340188932,-1.0019758690620386,-0.3837923606438033
2.9250000000000003,-2.9307794170064505,-1.0644423019922846,-1.0019758690620386,-0.3837923606969688
2.93,-2.9357892963517607,-1.0663612637958986,-1.0019758690620386,-0.3837923607484085
2.935,-2.940799175697071,-1.0682802255997657,-1.0019758690620386,-0.38379236079817836
2.94,-2.945809055042381,-1.0701991874038774,-1.0019758690620386,-0.3837923608463326
2.945,-2.950818934387691,-1.0721181492082261,-1.0019758690620386,-0.3837923608929237
2.95,-2.9558288137330013,-1.074037111012804,-1.0019758690620386,-0.38379236093800234
2.955,-2.9608386930783115,-1.0759560728176036,-1.0019758690620386,-0.3837923609816176
2.96,-2.9658485724236217,-1.0778750346226178,-1.0019758690620386,-0.3837923610238171
2.965,-2.970858451768932,-1.0797939964278394,-1.0019758690620386,-0.3837923610646467
2.97,-2.975868331114242,-1.0817129582332619,-1.0019758690620386,-0.3837923611041509
2.975,-2.980878210459552,-1.0836319200388786,-1.0019758690620386,-0.3837923611423727
2.98,-2.9858880898048623,-1.0855508818446833,-1.0019758690620386,-0.3837923611793537
2.985,-2.9908979691501725,-1.08746984365067,-1.0019758690620386,-0.3837923612151343
2.99,-2.9959078484954826,-1.0893888054568326,-1.0019758690620386,-0.3837923612497534
2.995,-3.000917727840793,-1.0913077672631655,-1.0019758690620386,-0.3837923612832487
3.0,-3.005927607186103,-1.0932267290696631,-1.0019758690620386,-0.38379236131565664
3.005,-3.010937486531413,-1.0951456908763202,-1.0019758690620386,-0.38379236134701256
3.0100000000000002,-3.0159473658767233,-1.0970646526831314,-1.0019758690620386,-0.3837923613773506
3.015,-3.0209572452220335,-1.0989836144900917,-1.0019758690620386,-0.38379236140670386
3.02,-3.0259671245673436,-1.1009025762971967,-1.0019758690620386,-0.3837923614351042
3.025,-3.030977003912654,-1.1028215381044413,-1.0019758690620386,-0.38379236146258267
3.0300000000000002,-3.035986883257964,-1.1047404999118209,-1.0019758690620386,-0.3837923614891691
3.035,-3.040996762603274,-1.1066594617193313,-1.0019758690620386,-0.3837923615148925
3.04,-3.0460066419485843,-1.1085784235269682,-1.0019758690620386,-0.38379236153978086
3.045,-3.0510165212938944,-1.1104973853347275,-1.0019758690620386,-0.38379236156386126
3.0500000000000003,-3.0560264006392046,-1.1124163471426054,-1.0019758690620386,-0.38379236158716
3.055,-3.0610362799845148,-1.1143353089505978,-1.0019758690620386,-0.3837923616097024
3.06,-3.066046159329825,-1.116254270758701,-1.0019758690620386,-0.3837923616315131
3.065,-3.071056038675135,-1.1181732325669116,-1.0019758690620386,-0.3837923616526157
3.0700000000000003,-3.0760659180204453,-1.120092194375226,-1.0019758690620386,-0.3837923616730333
3.075,-3.0810757973657554,-1.1220111561836408,-1.0019758690620386,-0.38379236169278813
3.08,-3.0860856767110656,-1.1239301179921528,-1.0019758690620386,-0.3837923617119017
3.085,-3.0910955560563758,-1.1258490798007588,-1.0019758690620386,-0.3837923617303947
3.09,-3.096105435401686,-1.1277680416094558,-1.0019758690620386,-0.38379236174828746
3.095,-3.101115314746996,-1.1296870034182407,-1.0019758690620386,-0.3837923617655994
3.1,-3.1061251940923063,-1.1316059652271107,-1.0019758690620386,-0.3837923617823493
3.105,-3.1111350734376164,-1.133524927036063,-1.0019758690620386,-0.3837923617985555
3.11,-3.1161449527829266,-1.135443888845095,-1.0019758690620386,-0.38379236181423565
3.115,-3.1211548321282367,-1.1373628506542044,-1.0019758690620386,-0.38379236182940674
3.12,-3.126164711473547,-1.1392818124633883,-1.0019758690620386,-0.3837923618440854
3.125,-3.131174590818857,-1.1412007742726444,-1.0019758690620386,-0.3837923618582875
3.13,-3.1361844701641672,-1.1431197360819705,-1.0019758690620386,-0.38379236187202864
3.1350000000000002,-3.1411943495094774,-1.145038697891364,-1.0019758690620386,-0.3837923618853237
3.14,-3.1462042288547876,-1.1469576597008229,-1.0019758690620386,-0.3837923618981871
3.145,-3.1512141082000977,-1.148876621510345,-1.0019758690620386,-0.383792361910633
3.15,-3.156223987545408,-1.1507955833199284,-1.0019758690620386,-0.38379236192267485
3.1550000000000002,-3.161233866890718,-1.152714545129571,-1.0019758690620386,-0.3837923619343258
3.16,-3.1662437462360282,-1.154633506939271,-1.0019758690620386,-0.38379236194559857
3.165,-3.1712536255813384,-1.1565524687490265,-1.0019758690620386,-0.3837923619565054
3.17,-3.1762635049266486,-1.1584714305588355,-1.0019758690620386,-0.3837923619670582
3.1750000000000003,-3.1812733842719587,-1.1603903923686965,-1.0019758690620386,-0.3837923619772684
3.18,-3.186283263617269,-1.1623093541786076,-1.0019758690620386,-0.38379236198714717
3.185,-3.191293142962579,-1.1642283159885674,-1.0019758690620386,-0.38379236199670524
3.19,-3.196303022307889,-1.1661472777985742,-1.0019758690620386,-0.38379236200595307
3.1950000000000003,-3.2013129016531994,-1.1680662396086263,-1.0019758690620386,-0.3837923620149007
3.2,-3.2063227809985095,-1.1699852014187226,-1.0019758690620386,-0.3837923620235578
3.205,-3.2113326603438197,-1.1719041632288614,-1.0019758690620386,-0.38379236203193395
3.21,-3.21634253968913,-1.1738231250390414,-1.0019758690620386,-0.3837923620400382
3.215,-3.22135241903444,-1.1757420868492612,-1.0019758690620386,-0.3837923620478793
3.22,-3.22636229837975,-1.1776610486595196,-1.0019758690620386,-0.3837923620554659
3.225,-3.2313721777250604,-1.1795800104698153,-1.0019758690620386,-0.38379236206280626
3.23,-3.2363820570703705,-1.1814989722801472,-1.0019758690620386,-0.3837923620699083
3.235,-3.2413919364156807,-1.183417934090514,-1.0019758690620386,-0.3837923620767798
3.24,-3.246401815760991,-1.1853368959009145,-1.0019758690620386,-0.38379236208342826
3.245,-3.251411695106301,-1.187255857711348,-1.0019758690620386,-0.3837923620898609
3.25,-3.256421574451611,-1.1891748195218128,-1.0019758690620386,-0.3837923620960847
3.255,-3.2614314537969213,-1.1910937813323084,-1.0019758690620386,-0.38379236210210643
3.2600000000000002,-3.2664413331422315,-1.1930127431428335,-1.0019758690620386,-0.3837923621079327
3.265,-3.2714512124875417,-1.1949317049533872,-1.0019758690620386,-0.3837923621135699
3.27,-3.276461091832852,-1.1968506667639687,-1.0019758690620386,-0.383792362119024
3.275,-3.281470971178162,-1.198769628574577,-1.0019758690620386,-0.3837923621243011
3.2800000000000002,-3.286480850523472,-1.2006885903852114,-1.0019758690620386,-0.3837923621294069
3.285,-3.2914907298687823,-1.2026075521958708,-1.0019758690620386,-0.383792362134347
3.29,-3.2965006092140925,-1.2045265140065546,-1.0019758690620386,-0.38379236213912665
3.295,-3.3015104885594027,-1.2064454758172618,-1.0019758690620386,-0.3837923621437512
3.3000000000000003,-3.306520367904713,-1.2083644376279918,-1.0019758690620386,-0.3837923621482256
3.305,-3.311530247250023,-1.2102833994387439,-1.0019758690620386,-0.38379236215255474
3.31,-3.316540126595333,-1.2122023612495172,-1.0019758690620386,-0.3837923621567434
3.315,-3.3215500059406433,-1.2141213230603112,-1.0019758690620386,-0.38379236216079604
3.3200000000000003,-3.3265598852859535,-1.216040284871125,-1.0019758690620386,-0.3837923621647171
3.325,-3.3315697646312636,-1.217959246681958,-1.0019758690620386,-0.3837923621685109
3.33,-3.336579643976574,-1.2198782084928097,-1.0019758690620386,-0.3837923621721816
3.335,-3.341589523321884,-1.2217971703036796,-1.0019758690620386,-0.3837923621757331
3.34,-3.346599402667194,-1.2237161321145669,-1.0019758690620386,-0.38379236217916934
3.345,-3.3516092820125043,-1.225635093925471,-1.0019758690620386,-0.383792362182494
3.35,-3.3566191613578145,-1.2275540557363915,-1.0019758690620386,-0.3837923621857108
3.355,-3.3616290407031246,-1.2294730175473279,-1.0019758690620386,-0.3837923621888231
3.36,-3.366638920048435,-1.2313919793582795,-1.0019758690620386,-0.38379236219183444
3.365,-3.371648799393745,-1.233310941169246,-1.0019758690620386,-0.383792362194748
3.37,-3.376658678739055,-1.2352299029802267,-1.0019758690620386,-0.38379236219756696
3.375,-3.3816685580843653,-1.2371488647912214,-1.0019758690620386,-0.3837923622002944
3.38,-3.3866784374296754,-1.2390678266022295,-1.0019758690620386,-0.38379236220293333
3.3850000000000002,-3.3916883167749856,-1.2409867884132506,-1.0019758690620386,-0.38379236220548657
3.39,-3.3966981961202958,-1.2429057502242842,-1.0019758690620386,-0.3837923622079569
3.395,-3.401708075465606,-1.24482471203533,-1.0019758690620386,-0.3837923622103471
3.4,-3.406717954810916,-1.2467436738463875,-1.0019758690620386,-0.3837923622126597
3.4050000000000002,-3.4117278341562263,-1.2486626356574564,-1.0019758690620386,-0.38379236221489726
3.41,-3.4167377135015364,-1.2505815974685364,-1.0019758690620386,-0.38379236221706214
3.415,-3.4217475928468466,-1.252500559279627,-1.0019758690620386,-0.38379236221915675
3.42,-3.4267574721921568,-1.2544195210907279,-1.0019758690620386,-0.38379236222118335
3.4250000000000003,-3.431767351537467,-1.2563384829018387,-1.0019758690620386,-0.38379236222314417
3.43,-3.436777230882777,-1.258257444712959,-1.0019758690620386,-0.3837923622250413
3.435,-3.4417871102280873,-1.2601764065240888,-1.0019758690620386,-0.3837923622268769
3.44,-3.4467969895733974,-1.2620953683352276,-1.0019758690620386,-0.38379236222865293
3.4450000000000003,-3.4518068689187076,-1.264014330146375,-1.0019758690620386,-0.3837923622303713
3.45,-3.4568167482640177,-1.2659332919575312,-1.0019758690620386,-0.38379236223203383
3.455,-3.461826627609328,-1.2678522537686954,-1.0019758690620386,-0.38379236223364244
3.46,-3.466836506954638,-1.2697712155798675,-1.0019758690620386,-0.3837923622351988
3.465,-3.4718463862999482,-1.2716901773910472,-1.0019758690620386,-0.38379236223670465
3.47,-3.4768562656452584,-1.2736091392022344,-1.0019758690620386,-0.3837923622381616
3.475,-3.4818661449905686,-1.2755281010134287,-1.0019758690620386,-0.38379236223957125
3.48,-3.4868760243358787,-1.27744706282463,-1.0019758690620386,-0.38379236224093516
3.485,-3.491885903681189,-1.279366024635838,-1.0019758690620386,-0.3837923622422548
3.49,-3.496895783026499,-1.2812849864470526,-1.0019758690620386,-0.38379236224353164
3.495,-3.5019056623718092,-1.2832039482582733,-1.0019758690620386,-0.383792362244767
3.5,-3.5069155417171194,-1.2851229100695,-1.0019758690620386,-0.38379236224596225
3.505,-3.5119254210624296,-1.2870418718807328,-1.0019758690620386,-0.3837923622471187
3.5100000000000002,-3.5169353004077397,-1.2889608336919711,-1.0019758690620386,-0.3837923622482376
3.515,-3.52194517975305,-1.290879795503215,-1.0019758690620386,-0.3837923622493202
3.52,-3.52695505909836,-1.2927987573144641,-1.0019758690620386,-0.3837923622503676
3.525,-3.53196493844367,-1.2947177191257184,-1.0019758690620386,-0.3837923622513811
3.5300000000000002,-3.5369748177889804,-1.2966366809369778,-1.0019758690620386,-0.38379236225236163
3.535,-3.5419846971342905,-1.298555642748242,-1.0019758690620386,-0.38379236225331037
3.54,-3.5469945764796007,-1.300474604559511,-1.0019758690620386,-0.3837923622542283
3.545,-3.552004455824911,-1.3023935663707844,-1.0019758690620386,-0.3837923622551164
3.5500000000000003,-3.557014335170221,-1.3043125281820622,-1.0019758690620386,-0.38379236225597574
3.555,-3.562024214515531,-1.3062314899933443,-1.0019758690620386,-0.38379236225680713
3.56,-3.5670340938608414,-1.3081504518046303,-1.0019758690620386,-0.38379236225761154
3.565,-3.5720439732061515,-1.3100694136159203,-1.0019758690620386,-0.38379236225838986
3.5700000000000003,-3.5770538525514617,-1.3119883754272141,-1.0019758690620386,-0.38379236225914287
3.575,-3.582063731896772,-1.3139073372385117,-1.0019758690620386,-0.38379236225987146
3.58,-3.587073611242082,-1.3158262990498129,-1.0019758690620386,-0.3837923622605764
3.585,-3.592083490587392,-1.3177452608611175,-1.0019758690620386,-0.38379236226125846
3.59,-3.5970933699327023,-1.3196642226724256,-1.0019758690620386,-0.3837923622619184
3.595,-3.6021032492780125,-1.3215831844837367,-1.0019758690620386,-0.38379236226255686
3.6,-3.6071131286233227,-1.323502146295051,-1.0019758690620386,-0.38379236226317465
3.605,-3.612123007968633,-1.3254211081063683,-1.0019758690620386,-0.38379236226377234
3.61,-3.617132887313943,-1.3273400699176885,-1.0019758690620386,-0.38379236226435065
3.615,-3.622142766659253,-1.3292590317290116,-1.0019758690620386,-0.3837923622649102
3.62,-3.6271526460045633,-1.3311779935403376,-1.0019758690620386,-0.38379236226545155
3.625,-3.6321625253498735,-1.3330969553516663,-1.0019758690620386,-0.38379236226597535
3.63,-3.6371724046951837,-1.3350159171629974,-1.0019758690620386,-0.3837923622664821
3.6350000000000002,-3.642182284040494,-1.336934878974331,-1.0019758690620386,-0.38379236226697244
3.64,-3.647192163385804,-1.338853840785667,-1.0019758690620386,-0.38379236226744684
3.645,-3.652202042731114,-1.3407728025970054,-1.0019758690620386,-0.38379236226790586
3.65,-3.6572119220764243,-1.342691764408346,-1.0019758690620386,-0.38379236226835
3.6550000000000002,-3.6622218014217345,-1.344610726219689,-1.0019758690620386,-0.3837923622687797
3.66,-3.6672316807670446,-1.3465296880310338,-1.0019758690620386,-0.3837923622691955
3.665,-3.672241560112355,-1.3484486498423809,-1.0019758690620386,-0.38379236226959773
3.67,-3.677251439457665,-1.3503676116537298,-1.0019758690620386,-0.3837923622699869
3.6750000000000003,-3.682261318802975,-1.3522865734650806,-1.0019758690620386,-0.3837923622703635
3.68,-3.6872711981482853,-1.3542055352764333,-1.0019758690620386,-0.3837923622707278
3.685,-3.6922810774935955,-1.3561244970877877,-1.0019758690620386,-0.3837923622710803
3.69,-3.6972909568389056,-1.358043458899144,-1.0019758690620386,-0.3837923622714214
3.6950000000000003,-3.702300836184216,-1.3599624207105019,-1.0019758690620386,-0.3837923622717514
3.7,-3.707310715529526,-1.3618813825218614,-1.0019758690620386,-0.3837923622720707
3.705,-3.712320594874836,-1.3638003443332225,-1.0019758690620386,-0.3837923622723796
3.71,-3.7173304742201463,-1.3657193061445851,-1.0019758690620386,-0.3837923622726785
3.715,-3.7223403535654565,-1.3676382679559493,-1.0019758690620386,-0.3837923622729677
3.72,-3.7273502329107666,-1.3695572297673149,-1.0019758690620386,-0.38379236227324753
3.725,-3.732360112256077,-1.3714761915786817,-1.0019758690620386,-0.38379236227351826
3.73,-3.737369991601387,-1.37339515339005,-1.0019758690620386,-0.3837923622737802
3.735,-3.742379870946697,-1.3753141152014194,-1.0019758690620386,-0.3837923622740336
3.74,-3.7473897502920073,-1.3772330770127903,-1.0019758690620386,-0.3837923622742788
3.745,-3.7523996296373174,-1.3791520388241623,-1.0019758690620386,-0.3837923622745161
3.75,-3.7574095089826276,-1.3810710006355353,-1.0019758690620386,-0.3837923622747456
3.755,-3.7624193883279378,-1.3829899624469095,-1.0019758690620386,-0.3837923622749677
3.7600000000000002,-3.767429267673248,-1.3849089242582848,-1.0019758690620386,-0.3837923622751826
3.765,-3.772439147018558,-1.3868278860696612,-1.0019758690620386,-0.3837923622753905
3.77,-3.7774490263638683,-1.3887468478810387,-1.0019758690620386,-0.38379236227559166
3.775,-3.7824589057091784,-1.3906658096924172,-1.0019758690620386,-0.3837923622757863
3.7800000000000002,-3.7874687850544886,-1.3925847715037964,-1.0019758690620386,-0.3837923622759746
3.785,-3.7924786643997987,-1.3945037333151769,-1.0019758690620386,-0.38379236227615676
3.79,-3.797488543745109,-1.3964226951265581,-1.0019758690620386,-0.38379236227633307
3.795,-3.802498423090419,-1.3983416569379403,-1.0019758690620386,-0.38379236227650365
3.8000000000000003,-3.8075083024357292,-1.4002606187493232,-1.0019758690620386,-0.3837923622766687
3.805,-3.8125181817810394,-1.402179580560707,-1.0019758690620386,-0.38379236227682834
3.81,-3.8175280611263496,-1.4040985423720915,-1.0019758690620386,-0.3837923622769828
3.815,-3.8225379404716597,-1.4060175041834768,-1.0019758690620386,-0.3837923622771323
3.8200000000000003,-3.82754781981697,-1.4079364659948628,-1.0019758690620386,-0.3837923622772769
3.825,-3.83255769916228,-1.4098554278062496,-1.0019758690620386,-0.38379236227741687
3.83,-3.8375675785075902,-1.4117743896176371,-1.0019758690620386,-0.38379236227755226
3.835,-3.8425774578529004,-1.4136933514290253,-1.0019758690620386,-0.38379236227768326
3.84,-3.8475873371982106,-1.4156123132404141,-1.0019758690620386,-0.38379236227781
3.845,-3.8525972165435207,-1.4175312750518034,-1.0019758690620386,-0.3837923622779326
3.85,-3.857607095888831,-1.4194502368631934,-1.0019758690620386,-0.38379236227805125
3.855,-3.862616975234141,-1.421369198674584,-1.0019758690620386,-0.38379236227816604
3.86,-3.867626854579451,-1.423288160485975,-1.0019758690620386,-0.3837923622782771
3.865,-3.8726367339247614,-1.4252071222973668,-1.0019758690620386,-0.3837923622783846
3.87,-3.8776466132700715,-1.427126084108759,-1.0019758690620386,-0.38379236227848856
3.875,-3.8826564926153817,-1.4290450459201516,-1.0019758690620386,-0.38379236227858915
3.88,-3.887666371960692,-1.4309640077315449,-1.0019758690620386,-0.38379236227868646
3.8850000000000002,-3.892676251306002,-1.4328829695429386,-1.0019758690620386,-0.3837923622787806
3.89,-3.897686130651312,-1.4348019313543328,-1.0019758690620386,-0.3837923622788717
3.895,-3.9026960099966224,-1.4367208931657274,-1.0019758690620386,-0.38379236227895985
3.9,-3.9077058893419325,-1.4386398549771224,-1.0019758690620386,-0.3837923622790451
3.9050000000000002,-3.9127157686872427,-1.440558816788518,-1.0019758690620386,-0.38379236227912766
3.91,-3.917725648032553,-1.4424777785999139,-1.0019758690620386,-0.3837923622792075
3.915,-3.922735527377863,-1.44439674041131,-1.0019758690620386,-0.38379236227928476
3.92,-3.927745406723173,-1.4463157022227067,-1.0019758690620386,-0.3837923622793595
3.9250000000000003,-3.9327552860684833,-1.4482346640341037,-1.0019758690620386,-0.3837923622794318
3.93,-3.9377651654137935,-1.450153625845501,-1.0019758690620386,-0.38379236227950175
3.935,-3.9427750447591037,-1.4520725876568987,-1.0019758690620386,-0.3837923622795695
3.94,-3.947784924104414,-1.4539915494682967,-1.0019758690620386,-0.383792362279635
3.9450000000000003,-3.952794803449724,-1.455910511279695,-1.0019758690620386,-0.3837923622796984
3.95,-3.957804682795034,-1.4578294730910937,-1.0019758690620386,-0.38379236227975966
3.955,-3.9628145621403443,-1.4597484349024927,-1.0019758690620386,-0.383792362279819
3.96,-3.9678244414856545,-1.461667396713892,-1.0019758690620386,-0.3837923622798764
3.9650000000000003,-3.9728343208309647,-1.4635863585252915,-1.0019758690620386,-0.3837923622799319
3.97,-3.977844200176275,-1.4655053203366912,-1.0019758690620386,-0.38379236227998564
3.975,-3.982854079521585,-1.4674242821480914,-1.0019758690620386,-0.38379236228003766
3.98,-3.987863958866895,-1.4693432439594918,-1.0019758690620386,-0.38379236228008795
3.985,-3.9928738382122053,-1.4712622057708924,-1.0019758690620386,-0.38379236228013663
3.99,-3.9978837175575155,-1.4731811675822932,-1.0019758690620386,-0.3837923622801837
3.995,-4.002893596902826,-1.4751001293936943,-1.0019758690620386,-0.3837923622802293
4.0,-4.007903476248137,-1.4770190912050956,-1.0019758690620386,-0.38379236228027336
4.005,-4.012913355593447,-1.478938053016497,-1.0019758690620386,-0.383792362280316
4.01,-4.017923234938758,-1.4808570148278988,-1.0019758690620386,-0.38379236228035724
4.015,-4.0229331142840685,-1.4827759766393007,-1.0019758690620386,-0.38379236228039715
4.0200000000000005,-4.027942993629379,-1.4846949384507029,-1.0019758690620386,-0.3837923622804358
4.025,-4.03295287297469,-1.486613900262105,-1.0019758690620386,-0.38379236228047314
4.03,-4.03796275232,-1.4885328620735074,-1.0019758690620386,-0.3837923622805093
4.035,-4.042972631665311,-1.49045182388491,-1.0019758690620386,-0.38379236228054425
4.04,-4.047982511010622,-1.4923707856963129,-1.0019758690620386,-0.3837923622805781
4.045,-4.052992390355932,-1.494289747507716,-1.0019758690620386,-0.38379236228061087
4.05,-4.058002269701243,-1.496208709319119,-1.0019758690620386,-0.38379236228064256
4.055,-4.063012149046553,-1.4981276711305223,-1.0019758690620386,-0.3837923622806732
4.0600000000000005,-4.068022028391864,-1.5000466329419258,-1.0019758690620386,-0.3837923622807029
4.065,-4.073031907737175,-1.5019655947533292,-1.0019758690620386,-0.3837923622807316
4.07,-4.078041787082485,-1.503884556564733,-1.0019758690620386,-0.38379236228075936
4.075,-4.083051666427796,-1.505803518376137,-1.0019758690620386,-0.3837923622807862
4.08,-4.088061545773106,-1.5077224801875408,-1.0019758690620386,-0.3837923622808122
4.085,-4.093071425118417,-1.509641441998945,-1.0019758690620386,-0.38379236228083735
4.09,-4.098081304463728,-1.5115604038103492,-1.0019758690620386,-0.38379236228086167
4.095,-4.103091183809038,-1.5134793656217536,-1.0019758690620386,-0.3837923622808852
4.1,-4.108101063154349,-1.515398327433158,-1.0019758690620386,-0.383792362280908
4.105,-4.1131109424996595,-1.5173172892445626,-1.0019758690620386,-0.38379236228093006
4.11,-4.11812082184497,-1.5192362510559672,-1.0019758690620386,-0.38379236228095137
4.115,-4.123130701190281,-1.521155212867372,-1.0019758690620386,-0.383792362280972
4.12,-4.128140580535591,-1.5230741746787768,-1.0019758690620386,-0.383792362280992
4.125,-4.133150459880902,-1.5249931364901819,-1.0019758690620386,-0.3837923622810113
4.13,-4.1381603392262125,-1.526912098301587,-1.0019758690620386,-0.38379236228103003
4.135,-4.143170218571523,-1.5288310601129922,-1.0019758690620386,-0.3837923622810481
4.14,-4.148180097916834,-1.5307500219243975,-1.0019758690620386,-0.3837923622810656
4.1450000000000005,-4.153189977262144,-1.5326689837358027,-1.0019758690620386,-0.38379236228108254
4.15,-4.158199856607455,-1.5345879455472082,-1.0019758690620386,-0.3837923622810989
4.155,-4.1632097359527656,-1.5365069073586137,-1.0019758690620386,-0.3837923622811148
4.16,-4.168219615298076,-1.5384258691700194,-1.0019758690620386,-0.3837923622811301
4.165,-4.173229494643387,-1.5403448309814252,-1.0019758690620386,-0.38379236228114494
4.17,-4.178239373988697,-1.5422637927928309,-1.0019758690620386,-0.3837923622811593
4.175,-4.183249253334008,-1.5441827546042368,-1.0019758690620386,-0.3837923622811732
4.18,-4.188259132679319,-1.5461017164156428,-1.0019758690620386,-0.3837923622811866
4.1850000000000005,-4.193269012024629,-1.5480206782270487,-1.0019758690620386,-0.3837923622811996
4.19,-4.19827889136994,-1.5499396400384546,-1.0019758690620386,-0.3837923622812122
4.195,-4.20328877071525,-1.5518586018498608,-1.0019758690620386,-0.3837923622812244
4.2,-4.208298650060561,-1.553777563661267,-1.0019758690620386,-0.38379236228123614
4.205,-4.213308529405872,-1.5556965254726731,-1.0019758690620386,-0.3837923622812475
4.21,-4.218318408751182,-1.5576154872840793,-1.0019758690620386,-0.38379236228125857
4.215,-4.223328288096493,-1.5595344490954857,-1.0019758690620386,-0.38379236228126923
4.22,-4.2283381674418035,-1.561453410906892,-1.0019758690620386,-0.38379236228127955
4.225,-4.233348046787114,-1.5633723727182984,-1.0019758690620386,-0.38379236228128955
4.23,-4.238357926132425,-1.5652913345297048,-1.0019758690620386,-0.3837923622812992
4.235,-4.243367805477735,-1.5672102963411114,-1.0019758690620386,-0.38379236228130853
4.24,-4.248377684823046,-1.569129258152518,-1.0019758690620386,-0.3837923622813176
4.245,-4.2533875641683565,-1.5710482199639246,-1.0019758690620386,-0.38379236228132635
4.25,-4.258397443513667,-1.5729671817753312,-1.0019758690620386,-0.38379236228133484
4.255,-4.263407322858978,-1.5748861435867378,-1.0019758690620386,-0.38379236228134306
4.26,-4.268417202204288,-1.5768051053981447,-1.0019758690620386,-0.383792362281351
4.265,-4.273427081549599,-1.5787240672095515,-1.0019758690620386,-0.38379236228135866
4.2700000000000005,-4.2784369608949095,-1.5806430290209583,-1.0019758690620386,-0.3837923622813661
4.275,-4.28344684024022,-1.5825619908323652,-1.0019758690620386,-0.38379236228137326
4.28,-4.288456719585531,-1.584480952643772,-1.0019758690620386,-0.3837923622813802
4.285,-4.293466598930841,-1.5863999144551788,-1.0019758690620386,-0.3837923622813869
4.29,-4.298476478276152,-1.5883188762665859,-1.0019758690620386,-0.3837923622813934
4.295,-4.303486357621463,-1.590237838077993,-1.0019758690620386,-0.3837923622813997
4.3,-4.308496236966773,-1.5921567998894,-1.0019758690620386,-0.3837923622814058
4.305,-4.313506116312084,-1.594075761700807,-1.0019758690620386,-0.38379236228141167
4.3100000000000005,-4.318515995657394,-1.595994723512214,-1.0019758690620386,-0.3837923622814174
4.315,-4.323525875002705,-1.597913685323621,-1.0019758690620386,-0.3837923622814229
4.32,-4.328535754348016,-1.5998326471350282,-1.0019758690620386,-0.3837923622814282
4.325,-4.333545633693326,-1.6017516089464352,-1.0019758690620386,-0.3837923622814334
4.33,-4.338555513038637,-1.6036705707578425,-1.0019758690620386,-0.38379236228143837
4.335,-4.3435653923839475,-1.6055895325692497,-1.0019758690620386,-0.3837923622814432
4.34,-4.348575271729258,-1.607508494380657,-1.0019758690620386,-0.38379236228144786
4.345,-4.353585151074569,-1.6094274561920643,-1.0019758690620386,-0.3837923622814524
4.3500000000000005,-4.358595030419879,-1.6113464180034716,-1.0019758690620386,-0.3837923622814568
4.355,-4.36360490976519,-1.6132653798148788,-1.0019758690620386,-0.383792362281461
4.36,-4.3686147891105005,-1.615184341626286,-1.0019758690620386,-0.3837923622814651
4.365,-4.373624668455811,-1.6171033034376934,-1.0019758690620386,-0.38379236228146907
4.37,-4.378634547801122,-1.6190222652491006,-1.0019758690620386,-0.3837923622814729
4.375,-4.383644427146432,-1.620941227060508,-1.0019758690620386,-0.3837923622814766
4.38,-4.388654306491743,-1.6228601888719154,-1.0019758690620386,-0.3837923622814802
4.385,-4.3936641858370535,-1.624779150683323,-1.0019758690620386,-0.3837923622814837
4.39,-4.398674065182364,-1.6266981124947304,-1.0019758690620386,-0.38379236228148705
4.3950000000000005,-4.403683944527675,-1.628617074306138,-1.0019758690620386,-0.38379236228149033
4.4,-4.408693823872985,-1.6305360361175454,-1.0019758690620386,-0.3837923622814935
4.405,-4.413703703218296,-1.6324549979289529,-1.0019758690620386,-0.38379236228149655
4.41,-4.418713582563607,-1.6343739597403604,-1.0019758690620386,-0.3837923622814995
4.415,-4.423723461908917,-1.6362929215517679,-1.0019758690620386,-0.3837923622815023
4.42,-4.428733341254228,-1.6382118833631754,-1.0019758690620386,-0.3837923622815051
4.425,-4.433743220599538,-1.6401308451745829,-1.0019758690620386,-0.38379236228150776
4.43,-4.438753099944849,-1.6420498069859903,-1.0019758690620386,-0.3837923622815103
4.4350000000000005,-4.44376297929016,-1.6439687687973978,-1.0019758690620386,-0.3837923622815128
4.44,-4.44877285863547,-1.6458877306088053,-1.0019758690620386,-0.38379236228151525
4.445,-4.453782737980781,-1.6478066924202128,-1.0019758690620386,-0.3837923622815176
4.45,-4.4587926173260914,-1.6497256542316203,-1.0019758690620386,-0.38379236228151986
4.455,-4.463802496671402,-1.651644616043028,-1.0019758690620386,-0.383792362281522
4.46,-4.468812376016713,-1.6535635778544358,-1.0019758690620386,-0.38379236228152414
4.465,-4.473822255362023,-1.6554825396658435,-1.0019758690620386,-0.3837923622815262
4.47,-4.478832134707334,-1.6574015014772512,-1.0019758690620386,-0.3837923622815282
4.4750000000000005,-4.4838420140526445,-1.659320463288659,-1.0019758690620386,-0.3837923622815301
4.48,-4.488851893397955,-1.6612394251000666,-1.0019758690620386,-0.3837923622815319
4.485,-4.493861772743266,-1.6631583869114743,-1.0019758690620386,-0.3837923622815337
4.49,-4.498871652088576,-1.665077348722882,-1.0019758690620386,-0.3837923622815354
4.495,-4.503881531433887,-1.6669963105342898,-1.0019758690620386,-0.38379236228153707
4.5,-4.5088914107791975,-1.6689152723456975,-1.0019758690620386,-0.3837923622815387
4.505,-4.513901290124508,-1.6708342341571052,-1.0019758690620386,-0.38379236228154023
4.51,-4.518911169469819,-1.672753195968513,-1.0019758690620386,-0.38379236228154173
4.515,-4.523921048815129,-1.6746721577799206,-1.0019758690620386,-0.38379236228154323
4.5200000000000005,-4.52893092816044,-1.6765911195913283,-1.0019758690620386,-0.3837923622815447
4.525,-4.533940807505751,-1.678510081402736,-1.0019758690620386,-0.38379236228154606
4.53,-4.538950686851061,-1.6804290432141438,-1.0019758690620386,-0.3837923622815474
4.535,-4.543960566196372,-1.6823480050255515,-1.0019758690620386,-0.38379236228154867
4.54,-4.548970445541682,-1.6842669668369592,-1.0019758690620386,-0.38379236228154995
4.545,-4.553980324886993,-1.686185928648367,-1.0019758690620386,-0.38379236228155117
4.55,-4.558990204232304,-1.6881048904597746,-1.0019758690620386,-0.38379236228155234
4.555,-4.564000083577614,-1.6900238522711823,-1.0019758690620386,-0.38379236228155345
4.5600000000000005,-4.569009962922925,-1.69194281408259,-1.0019758690620386,-0.38379236228155456
4.565,-4.574019842268235,-1.6938617758939978,-1.0019758690620386,-0.3837923622815556
4.57,-4.579029721613546,-1.6957807377054055,-1.0019758690620386,-0.3837923622815566
4.575,-4.584039600958857,-1.6976996995168132,-1.0019758690620386,-0.3837923622815576
4.58,-4.589049480304167,-1.699618661328221,-1.0019758690620386,-0.38379236228155855
4.585,-4.594059359649478,-1.7015376231396286,-1.0019758690620386,-0.3837923622815595
4.59,-4.5990692389947885,-1.7034565849510364,-1.0019758690620386,-0.3837923622815604
4.595,-4.604079118340099,-1.705375546762444,-1.0019758690620386,-0.3837923622815613
4.6000000000000005,-4.60908899768541,-1.7072945085738518,-1.0019758690620386,-0.3837923622815621
4.605,-4.61409887703072,-1.7092134703852595,-1.0019758690620386,-0.38379236228156294
4.61,-4.619108756376031,-1.7111324321966672,-1.0019758690620386,-0.3837923622815637
4.615,-4.6241186357213415,-1.713051394008075,-1.0019758690620386,-0.3837923622815645
4.62,-4.629128515066652,-1.7149703558194827,-1.0019758690620386,-0.3837923622815652
4.625,-4.634138394411963,-1.7168893176308906,-1.0019758690620386,-0.38379236228156594
4.63,-4.639148273757273,-1.7188082794422985,-1.0019758690620386,-0.3837923622815666
4.635,-4.644158153102584,-1.7207272412537065,-1.0019758690620386,-0.38379236228156727
4.64,-4.649168032447895,-1.7226462030651144,-1.0019758690620386,-0.38379236228156793
4.6450000000000005,-4.654177911793205,-1.7245651648765223,-1.0019758690620386,-0.38379236228156854
4.65,-4.659187791138516,-1.7264841266879303,-1.0019758690620386,-0.38379236228156915
4.655,-4.664197670483826,-1.7284030884993382,-1.0019758690620386,-0.38379236228156977
4.66,-4.669207549829137,-1.7303220503107462,-1.0019758690620386,-0.3837923622815703
4.665,-4.674217429174448,-1.732241012122154,-1.0019758690620386,-0.3837923622815709
4.67,-4.679227308519758,-1.734159973933562,-1.0019758690620386,-0.38379236228157143
4.675,-4.684237187865069,-1.73607893574497,-1.0019758690620386,-0.38379236228157193
4.68,-4.689247067210379,-1.737997897556378,-1.0019758690620386,-0.38379236228157243
4.6850000000000005,-4.69425694655569,-1.7399168593677858,-1.0019758690620386,-0.38379236228157293
4.69,-4.699266825901001,-1.7418358211791938,-1.0019758690620386,-0.3837923622815734
4.695,-4.704276705246311,-1.7437547829906017,-1.0019758690620386,-0.3837923622815738
4.7,-4.709286584591622,-1.7456737448020097,-1.0019758690620386,-0.38379236228157426
4.705,-4.7142964639369325,-1.7475927066134176,-1.0019758690620386,-0.3837923622815747
4.71,-4.719306343282243,-1.7495116684248255,-1.0019758690620386,-0.3837923622815751
4.715,-4.724316222627554,-1.7514306302362335,-1.0019758690620386,-0.3837923622815755
4.72,-4.729326101972864,-1.7533495920476414,-1.0019758690620386,-0.38379236228157587
4.7250000000000005,-4.734335981318175,-1.7552685538590493,-1.0019758690620386,-0.38379236228157626
4.73,-4.7393458606634855,-1.7571875156704573,-1.0019758690620386,-0.3837923622815766
4.735,-4.744355740008796,-1.7591064774818652,-1.0019758690620386,-0.3837923622815769
4.74,-4.749365619354107,-1.7610254392932732,-1.0019758690620386,-0.38379236228157726
4.745,-4.754375498699417,-1.762944401104681,-1.0019758690620386,-0.3837923622815776
4.75,-4.759385378044728,-1.764863362916089,-1.0019758690620386,-0.3837923622815779
4.755,-4.7643952573900386,-1.766782324727497,-1.0019758690620386,-0.3837923622815782
4.76,-4.769405136735349,-1.768701286538905,-1.0019758690620386,-0.3837923622815785
4.765,-4.77441501608066,-1.7706202483503128,-1.0019758690620386,-0.38379236228157876
4.7700000000000005,-4.77942489542597,-1.7725392101617208,-1.0019758690620386,-0.38379236228157904
4.775,-4.784434774771281,-1.7744581719731287,-1.0019758690620386,-0.3837923622815793
4.78,-4.789444654116592,-1.7763771337845367,-1.0019758690620386,-0.3837923622815796
4.785,-4.794454533461902,-1.7782960955959446,-1.0019758690620386,-0.3837923622815798
4.79,-4.799464412807213,-1.7802150574073525,-1.0019758690620386,-0.38379236228158004
4.795,-4.804474292152523,-1.7821340192187605,-1.0019758690620386,-0.38379236228158026
4.8,-4.809484171497834,-1.7840529810301684,-1.0019758690620386,-0.3837923622815805
4.805,-4.814494050843145,-1.7859719428415763,-1.0019758690620386,-0.3837923622815807
4.8100000000000005,-4.819503930188455,-1.7878909046529843,-1.0019758690620386,-0.3837923622815809
4.815,-4.824513809533766,-1.7898098664643922,-1.0019758690620386,-0.38379236228158115
4.82,-4.8295236888790765,-1.7917288282758002,-1.0019758690620386,-0.38379236228158137
4.825,-4.834533568224387,-1.793647790087208,-1.0019758690620386,-0.38379236228158153
4.83,-4.839543447569698,-1.795566751898616,-1.0019758690620386,-0.3837923622815817
4.835,-4.844553326915008,-1.797485713710024,-1.0019758690620386,-0.38379236228158187
4.84,-4.849563206260319,-1.799404675521432,-1.0019758690620386,-0.38379236228158203
4.845,-4.8545730856056295,-1.8013236373328398,-1.0019758690620386,-0.3837923622815822
4.8500000000000005,-4.85958296495094,-1.8032425991442478,-1.0019758690620386,-0.38379236228158237
4.855,-4.864592844296251,-1.8051615609556557,-1.0019758690620386,-0.38379236228158253
4.86,-4.869602723641561,-1.8070805227670637,-1.0019758690620386,-0.3837923622815827
4.865,-4.874612602986872,-1.8089994845784716,-1.0019758690620386,-0.38379236228158287
4.87,-4.8796224823321825,-1.8109184463898795,-1.0019758690620386,-0.383792362281583
4.875,-4.884632361677493,-1.8128374082012875,-1.0019758690620386,-0.38379236228158314
4.88,-4.889642241022804,-1.8147563700126954,-1.0019758690620386,-0.38379236228158325
4.885,-4.894652120368114,-1.8166753318241033,-1.0019758690620386,-0.38379236228158337
4.89,-4.899661999713425,-1.8185942936355113,-1.0019758690620386,-0.3837923622815835
4.8950000000000005,-4.904671879058736,-1.8205132554469192,-1.0019758690620386,-0.3837923622815836
4.9,-4.909681758404046,-1.8224322172583272,-1.0019758690620386,-0.3837923622815837
4.905,-4.914691637749357,-1.824351179069735,-1.0019758690620386,-0.3837923622815838
4.91,-4.919701517094667,-1.826270140881143,-1.0019758690620386,-0.3837923622815839
4.915,-4.924711396439978,-1.828189102692551,-1.0019758690620386,-0.38379236228158403
4.92,-4.929721275785289,-1.830108064503959,-1.0019758690620386,-0.38379236228158414
4.925,-4.934731155130599,-1.8320270263153668,-1.0019758690620386,-0.38379236228158425
4.93,-4.93974103447591,-1.8339459881267748,-1.0019758690620386,-0.38379236228158436
4.9350000000000005,-4.9447509138212205,-1.8358649499381827,-1.0019758690620386,-0.3837923622815845
4.94,-4.949760793166531,-1.8377839117495907,-1.0019758690620386,-0.3837923622815846
4.945,-4.954770672511842,-1.8397028735609986,-1.0019758690620386,-0.3837923622815847
4.95,-4.959780551857152,-1.8416218353724065,-1.0019758690620386,-0.38379236228158475
4.955,-4.964790431202463,-1.8435407971838145,-1.0019758690620386,-0.3837923622815848
4.96,-4.9698003105477735,-1.8454597589952224,-1.0019758690620386,-0.38379236228158486
4.965,-4.974810189893084,-1.8473787208066303,-1.0019758690620386,-0.3837923622815849
4.97,-4.979820069238395,-1.8492976826180383,-1.0019758690620386,-0.383792362281585
4.9750000000000005,-4.984829948583705,-1.8512166444294462,-1.0019758690620386,-0.38379236228158503
4.98,-4.989839827929016,-1.8531356062408542,-1.0019758690620386,-0.3837923622815851
4.985,-4.9948497072743265,-1.855054568052262,-1.0019758690620386,-0.38379236228158514
4.99,-4.999859586619637,-1.85697352986367,-1.0019758690620386,-0.3837923622815852
4.995,-5.004869465964948,-1.858892491675078,-1.0019758690620386,-0.38379236228158525
5.0,-5.009879345310258,-1.860811453486486,-1.0019758690620386,-0.3837923622815853
5.005,-5.014889224655569,-1.8627304152978938,-1.0019758690620386,-0.38379236228158536
5.01,-5.01989910400088,-1.8646493771093018,-1.0019758690620386,-0.3837923622815854
5.015,-5.02490898334619,-1.8665683389207097,-1.0019758690620386,-0.3837923622815855
5.0200000000000005,-5.029918862691501,-1.8684873007321177,-1.0019758690620386,-0.38379236228158553
5.025,-5.034928742036811,-1.8704062625435256,-1.0019758690620386,-0.3837923622815856
5.03,-5.039938621382122,-1.8723252243549335,-1.0019758690620386,-0.38379236228158564
5.035,-5.044948500727433,-1.8742441861663415,-1.0019758690620386,-0.3837923622815857
5.04,-5.049958380072743,-1.8761631479777494,-1.0019758690620386,-0.38379236228158575
5.045,-5.054968259418054,-1.8780821097891574,-1.0019758690620386,-0.3837923622815858
5.05,-5.059978138763364,-1.8800010716005653,-1.0019758690620386,-0.38379236228158586
5.055,-5.064988018108675,-1.8819200334119732,-1.0019758690620386,-0.3837923622815859
5.0600000000000005,-5.069997897453986,-1.8838389952233812,-1.0019758690620386,-0.383792362281586
5.065,-5.075007776799296,-1.885757957034789,-1.0019758690620386,-0.38379236228158603
5.07,-5.080017656144607,-1.887676918846197,-1.0019758690620386,-0.3837923622815861
5.075,-5.0850275354899175,-1.889595880657605,-1.0019758690620386,-0.38379236228158614
5.08,-5.090037414835228,-1.891514842469013,-1.0019758690620386,-0.3837923622815862
5.085,-5.095047294180539,-1.8934338042804209,-1.0019758690620386,-0.38379236228158625
5.09,-5.100057173525849,-1.8953527660918288,-1.0019758690620386,-0.3837923622815863
5.095,-5.10506705287116,-1.8972717279032367,-1.0019758690620386,-0.3837923622815863
5.1000000000000005,-5.1100769322164705,-1.8991906897146447,-1.0019758690620386,-0.38379236228158636
5.105,-5.115086811561781,-1.9011096515260526,-1.0019758690620386,-0.38379236228158636
5.11,-5.120096690907092,-1.9030286133374605,-1.0019758690620386,-0.38379236228158636
5.115,-5.125106570252402,-1.9049475751488685,-1.0019758690620386,-0.38379236228158636
5.12,-5.130116449597713,-1.9068665369602764,-1.0019758690620386,-0.38379236228158636
5.125,-5.135126328943024,-1.9087854987716844,-1.0019758690620386,-0.38379236228158636
5.13,-5.140136208288334,-1.9107044605830923,-1.0019758690620386,-0.38379236228158636
5.135,-5.145146087633645,-1.9126234223945002,-1.0019758690620386,-0.38379236228158636
5.14,-5.150155966978955,-1.9145423842059082,-1.0019758690620386,-0.38379236228158636
5.1450000000000005,-5.155165846324266,-1.916461346017316,-1.0019758690620386,-0.38379236228158636
5.15,-5.160175725669577,-1.918380307828724,-1.0019758690620386,-0.38379236228158636
5.155,-5.165185605014887,-1.920299269640132,-1.0019758690620386,-0.38379236228158636
5.16,-5.170195484360198,-1.92221823145154,-1.0019758690620386,-0.38379236228158636
5.165,-5.175205363705508,-1.9241371932629479,-1.0019758690620386,-0.38379236228158636
5.17,-5.180215243050819,-1.9260561550743558,-1.0019758690620386,-0.38379236228158636
5.175,-5.18522512239613,-1.9279751168857637,-1.0019758690620386,-0.38379236228158636
5.18,-5.19023500174144,-1.9298940786971717,-1.0019758690620386,-0.38379236228158636
5.1850000000000005,-5.195244881086751,-1.9318130405085796,-1.0019758690620386,-0.38379236228158636
5.19,-5.2002547604320615,-1.9337320023199875,-1.0019758690620386,-0.38379236228158636
5.195,-5.205264639777372,-1.9356509641313955,-1.0019758690620386,-0.38379236228158636
5.2,-5.210274519122683,-1.9375699259428034,-1.0019758690620386,-0.38379236228158636
5.205,-5.215284398467993,-1.9394888877542114,-1.0019758690620386,-0.38379236228158636
5.21,-5.220294277813304,-1.9414078495656193,-1.0019758690620386,-0.38379236228158636
5.215,-5.2253041571586145,-1.9433268113770272,-1.0019758690620386,-0.38379236228158636
5.22,-5.230314036503925,-1.9452457731884352,-1.0019758690620386,-0.38379236228158636
5.2250000000000005,-5.235323915849236,-1.947164734999843,-1.0019758690620386,-0.38379236228158636
5.23,-5.240333795194546,-1.949083696811251,-1.0019758690620386,-0.38379236228158636
5.235,-5.245343674539857,-1.951002658622659,-1.0019758690620386,-0.38379236228158636
5.24,-5.250353553885168,-1.952921620434067,-1.0019758690620386,-0.38379236228158636
5.245,-5.255363433230478,-1.9548405822454749,-1.0019758690620386,-0.38379236228158636
5.25,-5.260373312575789,-1.9567595440568828,-1.0019758690620386,-0.38379236228158636
5.255,-5.265383191921099,-1.9586785058682907,-1.0019758690620386,-0.38379236228158636
5.26,-5.27039307126641,-1.9605974676796987,-1.0019758690620386,-0.38379236228158636
5.265,-5.275402950611721,-1.9625164294911066,-1.0019758690620386,-0.38379236228158636
5.2700000000000005,-5.280412829957031,-1.9644353913025145,-1.0019758690620386,-0.38379236228158636
5.275,-5.285422709302342,-1.9663543531139225,-1.0019758690620386,-0.38379236228158636
5.28,-5.290432588647652,-1.9682733149253304,-1.0019758690620386,-0.38379236228158636
5.285,-5.295442467992963,-1.9701922767367384,-1.0019758690620386,-0.38379236228158636
5.29,-5.300452347338274,-1.9721112385481463,-1.0019758690620386,-0.38379236228158636
5.295,-5.305462226683584,-1.9740302003595542,-1.0019758690620386,-0.38379236228158636
5.3,-5.310472106028895,-1.9759491621709622,-1.0019758690620386,-0.38379236228158636
5.305,-5.3154819853742055,-1.97786812398237,-1.0019758690620386,-0.38379236228158636
5.3100000000000005,-5.320491864719516,-1.979787085793778,-1.0019758690620386,-0.38379236228158636
5.315,-5.325501744064827,-1.981706047605186,-1.0019758690620386,-0.38379236228158636
5.32,-5.330511623410137,-1.983625009416594,-1.0019758690620386,-0.38379236228158636
5.325,-5.335521502755448,-1.9855439712280019,-1.0019758690620386,-0.38379236228158636
5.33,-5.3405313821007585,-1.9874629330394098,-1.0019758690620386,-0.38379236228158636
5.335,-5.345541261446069,-1.9893818948508177,-1.0019758690620386,-0.38379236228158636
5.34,-5.35055114079138,-1.9913008566622257,-1.0019758690620386,-0.38379236228158636
5.345,-5.35556102013669,-1.9932198184736336,-1.0019758690620386,-0.38379236228158636
5.3500000000000005,-5.360570899482001,-1.9951387802850415,-1.0019758690620386,-0.38379236228158636
5.355,-5.3655807788273115,-1.9970577420964495,-1.0019758690620386,-0.38379236228158636
5.36,-5.370590658172622,-1.9989767039078574,-1.0019758690620386,-0.38379236228158636
5.365,-5.375600537517933,-2.0008956657192654,-1.0019758690620386,-0.38379236228158636
5.37,-5.380610416863243,-2.002814627530673,-1.0019758690620386,-0.38379236228158636
5.375,-5.385620296208554,-2.004733589342081,-1.0019758690620386,-0.38379236228158636
5.38,-5.390630175553865,-2.0066525511534885,-1.0019758690620386,-0.38379236228158636
5.385,-5.395640054899175,-2.008571512964896,-1.0019758690620386,-0.38379236228158636
5.39,-5.400649934244486,-2.010490474776304,-1.0019758690620386,-0.38379236228158636
5.3950000000000005,-5.405659813589796,-2.0124094365877117,-1.0019758690620386,-0.38379236228158636
5.4,-5.410669692935107,-2.0143283983991194,-1.0019758690620386,-0.38379236228158636
5.405,-5.415679572280418,-2.016247360210527,-1.0019758690620386,-0.38379236228158636
5.41,-5.420689451625728,-2.018166322021935,-1.0019758690620386,-0.38379236228158636
5.415,-5.425699330971039,-2.0200852838333425,-1.0019758690620386,-0.38379236228158636
5.42,-5.4307092103163495,-2.0220042456447502,-1.0019758690620386,-0.38379236228158636
5.425,-5.43571908966166,-2.023923207456158,-1.0019758690620386,-0.38379236228158636
5.43,-5.440728969006971,-2.0258421692675657,-1.0019758690620386,-0.38379236228158636
5.4350000000000005,-5.445738848352281,-2.0277611310789734,-1.0019758690620386,-0.38379236228158636
5.44,-5.450748727697592,-2.029680092890381,-1.0019758690620386,-0.38379236228158636
5.445,-5.4557586070429025,-2.031599054701789,-1.0019758690620386,-0.38379236228158636
5.45,-5.460768486388213,-2.0335180165131965,-1.0019758690620386,-0.38379236228158636
5.455,-5.465778365733524,-2.0354369783246042,-1.0019758690620386,-0.38379236228158636
5.46,-5.470788245078834,-2.037355940136012,-1.0019758690620386,-0.38379236228158636
5.465,-5.475798124424145,-2.0392749019474197,-1.0019758690620386,-0.38379236228158636
5.47,-5.4808080037694555,-2.0411938637588274,-1.0019758690620386,-0.38379236228158636
5.4750000000000005,-5.485817883114766,-2.043112825570235,-1.0019758690620386,-0.38379236228158636
5.48,-5.490827762460077,-2.045031787381643,-1.0019758690620386,-0.38379236228158636
5.485,-5.495837641805387,-2.0469507491930505,-1.0019758690620386,-0.38379236228158636
5.49,-5.500847521150698,-2.0488697110044582,-1.0019758690620386,-0.38379236228158636
5.495,-5.505857400496009,-2.050788672815866,-1.0019758690620386,-0.38379236228158636
5.5,-5.510867279841319,-2.0527076346272737,-1.0019758690620386,-0.38379236228158636
5.505,-5.51587715918663,-2.0546265964386814,-1.0019758690620386,-0.38379236228158636
5.51,-5.52088703853194,-2.056545558250089,-1.0019758690620386,-0.38379236228158636
5.515,-5.525896917877251,-2.058464520061497,-1.0019758690620386,-0.38379236228158636
5.5200000000000005,-5.530906797222562,-2.0603834818729045,-1.0019758690620386,-0.38379236228158636
5.525,-5.535916676567872,-2.0623024436843123,-1.0019758690620386,-0.38379236228158636
5.53,-5.540926555913183,-2.06422140549572,-1.0019758690620386,-0.38379236228158636
5.535,-5.5459364352584934,-2.0661403673071277,-1.0019758690620386,-0.38379236228158636
5.54,-5.550946314603804,-2.0680593291185354,-1.0019758690620386,-0.38379236228158636
5.545,-5.555956193949115,-2.069978290929943,-1.0019758690620386,-0.38379236228158636
5.55,-5.560966073294425,-2.071897252741351,-1.0019758690620386,-0.38379236228158636
5.555,-5.565975952639736,-2.0738162145527586,-1.0019758690620386,-0.38379236228158636
5.5600000000000005,-5.5709858319850465,-2.0757351763641663,-1.0019758690620386,-0.38379236228158636
5.565,-5.575995711330357,-2.077654138175574,-1.0019758690620386,-0.38379236228158636
5.57,-5.581005590675668,-2.0795730999869817,-1.0019758690620386,-0.38379236228158636
5.575,-5.586015470020978,-2.0814920617983894,-1.0019758690620386,-0.38379236228158636
5.58,-5.591025349366289,-2.083411023609797,-1.0019758690620386,-0.38379236228158636
5.585,-5.5960352287115995,-2.085329985421205,-1.0019758690620386,-0.38379236228158636
5.59,-5.60104510805691,-2.0872489472326126,-1.0019758690620386,-0.38379236228158636
5.595,-5.606054987402221,-2.0891679090440203,-1.0019758690620386,-0.38379236228158636
5.6000000000000005,-5.611064866747531,-2.091086870855428,-1.0019758690620386,-0.38379236228158636
5.605,-5.616074746092842,-2.0930058326668357,-1.0019758690620386,-0.38379236228158636
5.61,-5.621084625438153,-2.0949247944782434,-1.0019758690620386,-0.38379236228158636
5.615,-5.626094504783463,-2.096843756289651,-1.0019758690620386,-0.38379236228158636
5.62,-5.631104384128774,-2.098762718101059,-1.0019758690620386,-0.38379236228158636
5.625,-5.636114263474084,-2.1006816799124666,-1.0019758690620386,-0.38379236228158636
5.63,-5.641124142819395,-2.1026006417238743,-1.0019758690620386,-0.38379236228158636
5.635,-5.646134022164706,-2.104519603535282,-1.0019758690620386,-0.38379236228158636
5.64,-5.651143901510016,-2.1064385653466897,-1.0019758690620386,-0.38379236228158636
5.6450000000000005,-5.656153780855327,-2.1083575271580974,-1.0019758690620386,-0.38379236228158636
5.65,-5.661163660200637,-2.110276488969505,-1.0019758690620386,-0.38379236228158636
5.655,-5.666173539545948,-2.112195450780913,-1.0019758690620386,-0.38379236228158636
5.66,-5.671183418891259,-2.1141144125923206,-1.0019758690620386,-0.38379236228158636
5.665,-5.676193298236569,-2.1160333744037283,-1.0019758690620386,-0.38379236228158636
5.67,-5.68120317758188,-2.117952336215136,-1.0019758690620386,-0.38379236228158636
5.675,-5.6862130569271905,-2.1198712980265437,-1.0019758690620386,-0.38379236228158636
5.68,-5.691222936272501,-2.1217902598379514,-1.0019758690620386,-0.38379236228158636
5.6850000000000005,-5.696232815617812,-2.123709221649359,-1.0019758690620386,-0.38379236228158636
5.69,-5.701242694963122,-2.125628183460767,-1.0019758690620386,-0.38379236228158636
5.695,-5.706252574308433,-2.1275471452721746,-1.0019758690620386,-0.38379236228158636
5.7,-5.7112624536537435,-2.1294661070835823,-1.0019758690620386,-0.38379236228158636
5.705,-5.716272332999054,-2.13138506889499,-1.0019758690620386,-0.38379236228158636
5.71,-5.721282212344365,-2.1333040307063977,-1.0019758690620386,-0.38379236228158636
5.715,-5.726292091689675,-2.1352229925178055,-1.0019758690620386,-0.38379236228158636
5.72,-5.731301971034986,-2.137141954329213,-1.0019758690620386,-0.38379236228158636
5.7250000000000005,-5.736311850380297,-2.139060916140621,-1.0019758690620386,-0.38379236228158636
5.73,-5.741321729725607,-2.1409798779520286,-1.0019758690620386,-0.38379236228158636
5.735,-5.746331609070918,-2.1428988397634363,-1.0019758690620386,-0.38379236228158636
5.74,-5.751341488416228,-2.144817801574844,-1.0019758690620386,-0.38379236228158636
5.745,-5.756351367761539,-2.1467367633862517,-1.0019758690620386,-0.38379236228158636
5.75,-5.76136124710685,-2.1486557251976595,-1.0019758690620386,-0.38379236228158636
5.755,-5.76637112645216,-2.150574687009067,-1.0019758690620386,-0.38379236228158636
5.76,-5.771381005797471,-2.152493648820475,-1.0019758690620386,-0.38379236228158636
5.765,-5.776390885142781,-2.1544126106318826,-1.0019758690620386,-0.38379236228158636
5.7700000000000005,-5.781400764488092,-2.1563315724432903,-1.0019758690620386,-0.38379236228158636
5.775,-5.786410643833403,-2.158250534254698,-1.0019758690620386,-0.38379236228158636
5.78,-5.791420523178713,-2.1601694960661058,-1.0019758690620386,-0.38379236228158636
5.785,-5.796430402524024,-2.1620884578775135,-1.0019758690620386,-0.38379236228158636
5.79,-5.8014402818693345,-2.164007419688921,-1.0019758690620386,-0.38379236228158636
5.795,-5.806450161214645,-2.165926381500329,-1.0019758690620386,-0.38379236228158636
5.8,-5.811460040559956,-2.1678453433117366,-1.0019758690620386,-0.38379236228158636
5.805,-5.816469919905266,-2.1697643051231443,-1.0019758690620386,-0.38379236228158636
5.8100000000000005,-5.821479799250577,-2.171683266934552,-1.0019758690620386,-0.38379236228158636
5.815,-5.8264896785958875,-2.1736022287459598,-1.0019758690620386,-0.38379236228158636
5.82,-5.831499557941198,-2.1755211905573675,-1.0019758690620386,-0.38379236228158636
5.825,-5.836509437286509,-2.177440152368775,-1.0019758690620386,-0.38379236228158636
5.83,-5.841519316631819,-2.179359114180183,-1.0019758690620386,-0.38379236228158636
5.835,-5.84652919597713,-2.1812780759915906,-1.0019758690620386,-0.38379236228158636
5.84,-5.8515390753224406,-2.1831970378029983,-1.0019758690620386,-0.38379236228158636
5.845,-5.856548954667751,-2.185115999614406,-1.0019758690620386,-0.38379236228158636
5.8500000000000005,-5.861558834013062,-2.1870349614258138,-1.0019758690620386,-0.38379236228158636
5.855,-5.866568713358372,-2.1889539232372215,-1.0019758690620386,-0.38379236228158636
5.86,-5.871578592703683,-2.190872885048629,-1.0019758690620386,-0.38379236228158636
5.865,-5.876588472048994,-2.192791846860037,-1.0019758690620386,-0.38379236228158636
5.87,-5.881598351394304,-2.1947108086714446,-1.0019758690620386,-0.38379236228158636
5.875,-5.886608230739615,-2.1966297704828524,-1.0019758690620386,-0.38379236228158636
5.88,-5.891618110084925,-2.19854873229426,-1.0019758690620386,-0.38379236228158636
5.885,-5.896627989430236,-2.200467694105668,-1.0019758690620386,-0.38379236228158636
5.89,-5.901637868775547,-2.2023866559170755,-1.0019758690620386,-0.38379236228158636
5.8950000000000005,-5.906647748120857,-2.204305617728483,-1.0019758690620386,-0.38379236228158636
5.9,-5.911657627466168,-2.206224579539891,-1.0019758690620386,-0.38379236228158636
5.905,-5.9166675068114785,-2.2081435413512986,-1.0019758690620386,-0.38379236228158636
5.91,-5.921677386156789,-2.2100625031627064,-1.0019758690620386,-0.38379236228158636
5.915,-5.9266872655021,-2.211981464974114,-1.0019758690620386,-0.38379236228158636
5.92,-5.93169714484741,-2.213900426785522,-1.0019758690620386,-0.38379236228158636
5.925,-5.936707024192721,-2.2158193885969295,-1.0019758690620386,-0.38379236228158636
5.93,-5.9417169035380315,-2.2177383504083372,-1.0019758690620386,-0.38379236228158636
5.9350000000000005,-5.946726782883342,-2.219657312219745,-1.0019758690620386,-0.38379236228158636
5.94,-5.951736662228653,-2.2215762740311527,-1.0019758690620386,-0.38379236228158636
5.945,-5.956746541573963,-2.2234952358425604,-1.0019758690620386,-0.38379236228158636
5.95,-5.961756420919274,-2.225414197653968,-1.0019758690620386,-0.38379236228158636
5.955,-5.9667663002645845,-2.227333159465376,-1.0019758690620386,-0.38379236228158636
5.96,-5.971776179609895,-2.2292521212767835,-1.0019758690620386,-0.38379236228158636
5.965,-5.976786058955206,-2.2311710830881912,-1.0019758690620386,-0.38379236228158636
5.97,-5.981795938300516,-2.233090044899599,-1.0019758690620386,-0.38379236228158636
5.9750000000000005,-5.986805817645827,-2.2350090067110067,-1.0019758690620386,-0.38379236228158636
5.98,-5.991815696991138,-2.2369279685224144,-1.0019758690620386,-0.38379236228158636
5.985,-5.996825576336448,-2.238846930333822,-1.0019758690620386,-0.38379236228158636
5.99,-6.001835455681759,-2.24076589214523,-1.0019758690620386,-0.38379236228158636
5.995,-6.006845335027069,-2.2426848539566375,-1.0019758690620386,-0.38379236228158636
6.0,-6.01185521437238,-2.2446038157680452,-1.0019758690620386,-0.38379236228158636
6.005,-6.016865093717691,-2.246522777579453,-1.0019758690620386,-0.38379236228158636
6.01,-6.021874973063001,-2.2484417393908607,-1.0019758690620386,-0.38379236228158636
6.015000000000001,-6.026884852408312,-2.2503607012022684,-1.0019758690620386,-0.38379236228158636
6.0200000000000005,-6.0318947317536225,-2.252279663013676,-1.0019758690620386,-0.38379236228158636
6.025,-6.036904611098933,-2.254198624825084,-1.0019758690620386,-0.38379236228158636
6.03,-6.041914490444244,-2.2561175866364915,-1.0019758690620386,-0.38379236228158636
6.035,-6.046924369789554,-2.2580365484478992,-1.0019758690620386,-0.38379236228158636
6.04,-6.051934249134865,-2.259955510259307,-1.0019758690620386,-0.38379236228158636
6.045,-6.0569441284801755,-2.2618744720707147,-1.0019758690620386,-0.38379236228158636
6.05,-6.061954007825486,-2.2637934338821224,-1.0019758690620386,-0.38379236228158636
6.055,-6.066963887170797,-2.26571239569353,-1.0019758690620386,-0.38379236228158636
6.0600000000000005,-6.071973766516107,-2.267631357504938,-1.0019758690620386,-0.38379236228158636
6.065,-6.076983645861418,-2.2695503193163455,-1.0019758690620386,-0.38379236228158636
6.07,-6.0819935252067285,-2.2714692811277533,-1.0019758690620386,-0.38379236228158636
6.075,-6.087003404552039,-2.273388242939161,-1.0019758690620386,-0.38379236228158636
6.08,-6.09201328389735,-2.2753072047505687,-1.0019758690620386,-0.38379236228158636
6.085,-6.09702316324266,-2.2772261665619764,-1.0019758690620386,-0.38379236228158636
6.09,-6.102033042587971,-2.279145128373384,-1.0019758690620386,-0.38379236228158636
6.095,-6.107042921933282,-2.281064090184792,-1.0019758690620386,-0.38379236228158636
6.1000000000000005,-6.112052801278592,-2.2829830519961996,-1.0019758690620386,-0.38379236228158636
6.105,-6.117062680623903,-2.2849020138076073,-1.0019758690620386,-0.38379236228158636
6.11,-6.122072559969213,-2.286820975619015,-1.0019758690620386,-0.38379236228158636
6.115,-6.127082439314524,-2.2887399374304227,-1.0019758690620386,-0.38379236228158636
6.12,-6.132092318659835,-2.2906588992418304,-1.0019758690620386,-0.38379236228158636
6.125,-6.137102198005145,-2.292577861053238,-1.0019758690620386,-0.38379236228158636
6.13,-6.142112077350456,-2.294496822864646,-1.0019758690620386,-0.38379236228158636
6.135,-6.147121956695766,-2.2964157846760536,-1.0019758690620386,-0.38379236228158636
6.140000000000001,-6.152131836041077,-2.2983347464874613,-1.0019758690620386,-0.38379236228158636
6.1450000000000005,-6.157141715386388,-2.300253708298869,-1.0019758690620386,-0.38379236228158636
6.15,-6.162151594731698,-2.3021726701102767,-1.0019758690620386,-0.38379236228158636
6.155,-6.167161474077009,-2.3040916319216844,-1.0019758690620386,-0.38379236228158636
6.16,-6.1721713534223195,-2.306010593733092,-1.0019758690620386,-0.38379236228158636
6.165,-6.17718123276763,-2.3079295555445,-1.0019758690620386,-0.38379236228158636
6.17,-6.182191112112941,-2.3098485173559076,-1.0019758690620386,-0.38379236228158636
6.175,-6.187200991458251,-2.3117674791673153,-1.0019758690620386,-0.38379236228158636
6.18,-6.192210870803562,-2.313686440978723,-1.0019758690620386,-0.38379236228158636
6.1850000000000005,-6.1972207501488725,-2.3156054027901307,-1.0019758690620386,-0.38379236228158636
6.19,-6.202230629494183,-2.3175243646015384,-1.0019758690620386,-0.38379236228158636
6.195,-6.207240508839494,-2.319443326412946,-1.0019758690620386,-0.38379236228158636
6.2,-6.212250388184804,-2.321362288224354,-1.0019758690620386,-0.38379236228158636
6.205,-6.217260267530115,-2.3232812500357616,-1.0019758690620386,-0.38379236228158636
6.21,-6.222270146875426,-2.3252002118471693,-1.0019758690620386,-0.38379236228158636
6.215,-6.227280026220736,-2.327119173658577,-1.0019758690620386,-0.38379236228158636
6.22,-6.232289905566047,-2.3290381354699847,-1.0019758690620386,-0.38379236228158636
6.2250000000000005,-6.237299784911357,-2.3309570972813924,-1.0019758690620386,-0.38379236228158636
6.23,-6.242309664256668,-2.3328760590928,-1.0019758690620386,-0.38379236228158636
6.235,-6.247319543601979,-2.334795020904208,-1.0019758690620386,-0.38379236228158636
6.24,-6.252329422947289,-2.3367139827156156,-1.0019758690620386,-0.38379236228158636
6.245,-6.2573393022926,-2.3386329445270233,-1.0019758690620386,-0.38379236228158636
6.25,-6.26234918163791,-2.340551906338431,-1.0019758690620386,-0.38379236228158636
6.255,-6.267359060983221,-2.3424708681498387,-1.0019758690620386,-0.38379236228158636
6.26,-6.272368940328532,-2.3443898299612465,-1.0019758690620386,-0.38379236228158636
6.265000000000001,-6.277378819673842,-2.346308791772654,-1.0019758690620386,-0.38379236228158636
6.2700000000000005,-6.282388699019153,-2.348227753584062,-1.0019758690620386,-0.38379236228158636
6.275,-6.2873985783644635,-2.3501467153954696,-1.0019758690620386,-0.38379236228158636
6.28,-6.292408457709774,-2.3520656772068773,-1.0019758690620386,-0.38379236228158636
6.285,-6.297418337055085,-2.353984639018285,-1.0019758690620386,-0.38379236228158636
6.29,-6.302428216400395,-2.3559036008296927,-1.0019758690620386,-0.38379236228158636
6.295,-6.307438095745706,-2.3578225626411005,-1.0019758690620386,-0.38379236228158636
6.3,-6.3124479750910165,-2.359741524452508,-1.0019758690620386,-0.38379236228158636
6.305,-6.317457854436327,-2.361660486263916,-1.0019758690620386,-0.38379236228158636
6.3100000000000005,-6.322467733781638,-2.3635794480753236,-1.0019758690620386,-0.38379236228158636
6.315,-6.327477613126948,-2.3654984098867313,-1.0019758690620386,-0.38379236228158636
6.32,-6.332487492472259,-2.367417371698139,-1.0019758690620386,-0.38379236228158636
6.325,-6.33749737181757,-2.3693363335095468,-1.0019758690620386,-0.38379236228158636
6.33,-6.34250725116288,-2.3712552953209545,-1.0019758690620386,-0.38379236228158636
6.335,-6.347517130508191,-2.373174257132362,-1.0019758690620386,-0.38379236228158636
6.34,-6.352527009853501,-2.37509321894377,-1.0019758690620386,-0.38379236228158636
6.345,-6.357536889198812,-2.3770121807551776,-1.0019758690620386,-0.38379236228158636
6.3500000000000005,-6.362546768544123,-2.3789311425665853,-1.0019758690620386,-0.38379236228158636
6.355,-6.367556647889433,-2.380850104377993,-1.0019758690620386,-0.38379236228158636
6.36,-6.372566527234744,-2.3827690661894008,-1.0019758690620386,-0.38379236228158636
6.365,-6.377576406580054,-2.3846880280008085,-1.0019758690620386,-0.38379236228158636
6.37,-6.382586285925365,-2.386606989812216,-1.0019758690620386,-0.38379236228158636
6.375,-6.387596165270676,-2.388525951623624,-1.0019758690620386,-0.38379236228158636
6.38,-6.392606044615986,-2.3904449134350316,-1.0019758690620386,-0.38379236228158636
6.385,-6.397615923961297,-2.3923638752464393,-1.0019758690620386,-0.38379236228158636
6.390000000000001,-6.4026258033066075,-2.394282837057847,-1.0019758690620386,-0.38379236228158636
6.3950000000000005,-6.407635682651918,-2.3962017988692548,-1.0019758690620386,-0.38379236228158636
6.4,-6.412645561997229,-2.3981207606806625,-1.0019758690620386,-0.38379236228158636
6.405,-6.417655441342539,-2.40003972249207,-1.0019758690620386,-0.38379236228158636
6.41,-6.42266532068785,-2.401958684303478,-1.0019758690620386,-0.38379236228158636
6.415,-6.4276752000331605,-2.4038776461148856,-1.0019758690620386,-0.38379236228158636
6.42,-6.432685079378471,-2.4057966079262934,-1.0019758690620386,-0.38379236228158636
6.425,-6.437694958723782,-2.407715569737701,-1.0019758690620386,-0.38379236228158636
6.43,-6.442704838069092,-2.409634531549109,-1.0019758690620386,-0.38379236228158636
6.4350000000000005,-6.447714717414403,-2.4115534933605165,-1.0019758690620386,-0.38379236228158636
6.44,-6.4527245967597135,-2.413472455171924,-1.0019758690620386,-0.38379236228158636
6.445,-6.457734476105024,-2.415391416983332,-1.0019758690620386,-0.38379236228158636
6.45,-6.462744355450335,-2.4173103787947396,-1.0019758690620386,-0.38379236228158636
6.455,-6.467754234795645,-2.4192293406061474,-1.0019758690620386,-0.38379236228158636
6.46,-6.472764114140956,-2.421148302417555,-1.0019758690620386,-0.38379236228158636
6.465,-6.477773993486267,-2.423067264228963,-1.0019758690620386,-0.38379236228158636
6.47,-6.482783872831577,-2.4249862260403705,-1.0019758690620386,-0.38379236228158636
6.4750000000000005,-6.487793752176888,-2.4269051878517782,-1.0019758690620386,-0.38379236228158636
6.48,-6.492803631522198,-2.428824149663186,-1.0019758690620386,-0.38379236228158636
6.485,-6.497813510867509,-2.4307431114745937,-1.0019758690620386,-0.38379236228158636
6.49,-6.50282339021282,-2.4326620732860014,-1.0019758690620386,-0.38379236228158636
6.495,-6.50783326955813,-2.434581035097409,-1.0019758690620386,-0.38379236228158636
6.5,-6.512843148903441,-2.436499996908817,-1.0019758690620386,-0.38379236228158636
6.505,-6.5178530282487515,-2.4384189587202245,-1.0019758690620386,-0.38379236228158636
6.51,-6.522862907594062,-2.4403379205316322,-1.0019758690620386,-0.38379236228158636
6.515000000000001,-6.527872786939373,-2.44225688234304,-1.0019758690620386,-0.38379236228158636
6.5200000000000005,-6.532882666284683,-2.4441758441544477,-1.0019758690620386,-0.38379236228158636
6.525,-6.537892545629994,-2.4460948059658554,-1.0019758690620386,-0.38379236228158636
6.53,-6.5429024249753045,-2.448013767777263,-1.0019758690620386,-0.38379236228158636
6.535,-6.547912304320615,-2.449932729588671,-1.0019758690620386,-0.38379236228158636
6.54,-6.552922183665926,-2.4518516914000785,-1.0019758690620386,-0.38379236228158636
6.545,-6.557932063011236,-2.4537706532114862,-1.0019758690620386,-0.38379236228158636
6.55,-6.562941942356547,-2.455689615022894,-1.0019758690620386,-0.38379236228158636
6.555,-6.5679518217018575,-2.4576085768343017,-1.0019758690620386,-0.38379236228158636
6.5600000000000005,-6.572961701047168,-2.4595275386457094,-1.0019758690620386,-0.38379236228158636
6.565,-6.577971580392479,-2.461446500457117,-1.0019758690620386,-0.38379236228158636
6.57,-6.582981459737789,-2.463365462268525,-1.0019758690620386,-0.38379236228158636
6.575,-6.5879913390831,-2.4652844240799325,-1.0019758690620386,-0.38379236228158636
6.58,-6.593001218428411,-2.4672033858913403,-1.0019758690620386,-0.38379236228158636
6.585,-6.598011097773721,-2.469122347702748,-1.0019758690620386,-0.38379236228158636
6.59,-6.603020977119032,-2.4710413095141557,-1.0019758690620386,-0.38379236228158636
6.595,-6.608030856464342,-2.4729602713255634,-1.0019758690620386,-0.38379236228158636
6.6000000000000005,-6.613040735809653,-2.474879233136971,-1.0019758690620386,-0.38379236228158636
6.605,-6.618050615154964,-2.476798194948379,-1.0019758690620386,-0.38379236228158636
6.61,-6.623060494500274,-2.4787171567597865,-1.0019758690620386,-0.38379236228158636
6.615,-6.628070373845585,-2.4806361185711943,-1.0019758690620386,-0.38379236228158636
6.62,-6.6330802531908954,-2.482555080382602,-1.0019758690620386,-0.38379236228158636
6.625,-6.638090132536206,-2.4844740421940097,-1.0019758690620386,-0.38379236228158636
6.63,-6.643100011881517,-2.4863930040054174,-1.0019758690620386,-0.38379236228158636
6.635,-6.648109891226827,-2.488311965816825,-1.0019758690620386,-0.38379236228158636
6.640000000000001,-6.653119770572138,-2.490230927628233,-1.0019758690620386,-0.38379236228158636
6.6450000000000005,-6.6581296499174485,-2.4921498894396406,-1.0019758690620386,-0.38379236228158636
6.65,-6.663139529262759,-2.4940688512510483,-1.0019758690620386,-0.38379236228158636
6.655,-6.66814940860807,-2.495987813062456,-1.0019758690620386,-0.38379236228158636
6.66,-6.67315928795338,-2.4979067748738637,-1.0019758690620386,-0.38379236228158636
6.665,-6.678169167298691,-2.4998257366852714,-1.0019758690620386,-0.38379236228158636
6.67,-6.6831790466440015,-2.501744698496679,-1.0019758690620386,-0.38379236228158636
6.675,-6.688188925989312,-2.503663660308087,-1.0019758690620386,-0.38379236228158636
6.68,-6.693198805334623,-2.5055826221194946,-1.0019758690620386,-0.38379236228158636
6.6850000000000005,-6.698208684679933,-2.5075015839309023,-1.0019758690620386,-0.38379236228158636
6.69,-6.703218564025244,-2.50942054574231,-1.0019758690620386,-0.38379236228158636
6.695,-6.708228443370555,-2.5113395075537177,-1.0019758690620386,-0.38379236228158636
6.7,-6.713238322715865,-2.5132584693651254,-1.0019758690620386,-0.38379236228158636
6.705,-6.718248202061176,-2.515177431176533,-1.0019758690620386,-0.38379236228158636
6.71,-6.723258081406486,-2.517096392987941,-1.0019758690620386,-0.38379236228158636
6.715,-6.728267960751797,-2.5190153547993486,-1.0019758690620386,-0.38379236228158636
6.72,-6.733277840097108,-2.5209343166107563,-1.0019758690620386,-0.38379236228158636
6.7250000000000005,-6.738287719442418,-2.522853278422164,-1.0019758690620386,-0.38379236228158636
6.73,-6.743297598787729,-2.5247722402335717,-1.0019758690620386,-0.38379236228158636
6.735,-6.748307478133039,-2.5266912020449794,-1.0019758690620386,-0.38379236228158636
6.74,-6.75331735747835,-2.528610163856387,-1.0019758690620386,-0.38379236228158636
6.745,-6.758327236823661,-2.530529125667795,-1.0019758690620386,-0.38379236228158636
6.75,-6.763337116168971,-2.5324480874792026,-1.0019758690620386,-0.38379236228158636
6.755,-6.768346995514282,-2.5343670492906103,-1.0019758690620386,-0.38379236228158636
6.76,-6.7733568748595925,-2.536286011102018,-1.0019758690620386,-0.38379236228158636
6.765000000000001,-6.778366754204903,-2.5382049729134257,-1.0019758690620386,-0.38379236228158636
6.7700000000000005,-6.783376633550214,-2.5401239347248334,-1.0019758690620386,-0.38379236228158636
6.775,-6.788386512895524,-2.542042896536241,-1.0019758690620386,-0.38379236228158636
6.78,-6.793396392240835,-2.543961858347649,-1.0019758690620386,-0.38379236228158636
6.785,-6.7984062715861455,-2.5458808201590566,-1.0019758690620386,-0.38379236228158636
6.79,-6.803416150931456,-2.5477997819704643,-1.0019758690620386,-0.38379236228158636
6.795,-6.808426030276767,-2.549718743781872,-1.0019758690620386,-0.38379236228158636
6.8,-6.813435909622077,-2.5516377055932797,-1.0019758690620386,-0.38379236228158636
6.805,-6.818445788967388,-2.5535566674046875,-1.0019758690620386,-0.38379236228158636
6.8100000000000005,-6.823455668312699,-2.555475629216095,-1.0019758690620386,-0.38379236228158636
6.815,-6.828465547658009,-2.557394591027503,-1.0019758690620386,-0.38379236228158636
6.82,-6.83347542700332,-2.5593135528389106,-1.0019758690620386,-0.38379236228158636
6.825,-6.83848530634863,-2.5612325146503183,-1.0019758690620386,-0.38379236228158636
6.83,-6.843495185693941,-2.563151476461726,-1.0019758690620386,-0.38379236228158636
6.835,-6.848505065039252,-2.5650704382731337,-1.0019758690620386,-0.38379236228158636
6.84,-6.853514944384562,-2.5669894000845415,-1.0019758690620386,-0.38379236228158636
6.845,-6.858524823729873,-2.568908361895949,-1.0019758690620386,-0.38379236228158636
6.8500000000000005,-6.863534703075183,-2.570827323707357,-1.0019758690620386,-0.38379236228158636
6.855,-6.868544582420494,-2.5727462855187646,-1.0019758690620386,-0.38379236228158636
6.86,-6.873554461765805,-2.5746652473301723,-1.0019758690620386,-0.38379236228158636
6.865,-6.878564341111115,-2.57658420914158,-1.0019758690620386,-0.38379236228158636
6.87,-6.883574220456426,-2.5785031709529878,-1.0019758690620386,-0.38379236228158636
6.875,-6.8885840998017365,-2.5804221327643955,-1.0019758690620386,-0.38379236228158636
6.88,-6.893593979147047,-2.582341094575803,-1.0019758690620386,-0.38379236228158636
6.885,-6.898603858492358,-2.584260056387211,-1.0019758690620386,-0.38379236228158636
6.890000000000001,-6.903613737837668,-2.5861790181986186,-1.0019758690620386,-0.38379236228158636
6.8950000000000005,-6.908623617182979,-2.5880979800100263,-1.0019758690620386,-0.38379236228158636
6.9,-6.9136334965282895,-2.590016941821434,-1.0019758690620386,-0.38379236228158636
6.905,-6.9186433758736,-2.5919359036328418,-1.0019758690620386,-0.38379236228158636
6.91,-6.923653255218911,-2.5938548654442495,-1.0019758690620386,-0.38379236228158636
6.915,-6.928663134564221,-2.595773827255657,-1.0019758690620386,-0.38379236228158636
6.92,-6.933673013909532,-2.597692789067065,-1.0019758690620386,-0.38379236228158636
6.925,-6.9386828932548426,-2.5996117508784726,-1.0019758690620386,-0.38379236228158636
6.93,-6.943692772600153,-2.6015307126898803,-1.0019758690620386,-0.38379236228158636
6.9350000000000005,-6.948702651945464,-2.603449674501288,-1.0019758690620386,-0.38379236228158636
6.94,-6.953712531290774,-2.6053686363126958,-1.0019758690620386,-0.38379236228158636
6.945,-6.958722410636085,-2.6072875981241035,-1.0019758690620386,-0.38379236228158636
6.95,-6.963732289981396,-2.609206559935511,-1.0019758690620386,-0.38379236228158636
6.955,-6.968742169326706,-2.611125521746919,-1.0019758690620386,-0.38379236228158636
6.96,-6.973752048672017,-2.6130444835583266,-1.0019758690620386,-0.38379236228158636
6.965,-6.978761928017327,-2.6149634453697344,-1.0019758690620386,-0.38379236228158636
6.97,-6.983771807362638,-2.616882407181142,-1.0019758690620386,-0.38379236228158636
6.9750000000000005,-6.988781686707949,-2.61880136899255,-1.0019758690620386,-0.38379236228158636
6.98,-6.993791566053259,-2.6207203308039575,-1.0019758690620386,-0.38379236228158636
6.985,-6.99880144539857,-2.622639292615365,-1.0019758690620386,-0.38379236228158636
6.99,-7.0038113247438805,-2.624558254426773,-1.0019758690620386,-0.38379236228158636
6.995,-7.008821204089191,-2.6264772162381806,-1.0019758690620386,-0.38379236228158636
7.0,-7.013831083434502,-2.6283961780495884,-1.0019758690620386,-0.38379236228158636
7.005,-7.018840962779812,-2.630315139860996,-1.0019758690620386,-0.38379236228158636
7.01,-7.023850842125123,-2.632234101672404,-1.0019758690620386,-0.38379236228158636
7.015000000000001,-7.0288607214704335,-2.6341530634838115,-1.0019758690620386,-0.38379236228158636
7.0200000000000005,-7.033870600815744,-2.6360720252952192,-1.0019758690620386,-0.38379236228158636
7.025,-7.038880480161055,-2.637990987106627,-1.0019758690620386,-0.38379236228158636
7.03,-7.043890359506365,-2.6399099489180347,-1.0019758690620386,-0.38379236228158636
7.035,-7.048900238851676,-2.6418289107294424,-1.0019758690620386,-0.38379236228158636
7.04,-7.0539101181969865,-2.64374787254085,-1.0019758690620386,-0.38379236228158636
7.045,-7.058919997542297,-2.645666834352258,-1.0019758690620386,-0.38379236228158636
7.05,-7.063929876887608,-2.6475857961636655,-1.0019758690620386,-0.38379236228158636
7.055,-7.068939756232918,-2.6495047579750732,-1.0019758690620386,-0.38379236228158636
7.0600000000000005,-7.073949635578229,-2.651423719786481,-1.0019758690620386,-0.38379236228158636
7.065,-7.07895951492354,-2.6533426815978887,-1.0019758690620386,-0.38379236228158636
7.07,-7.08396939426885,-2.6552616434092964,-1.0019758690620386,-0.38379236228158636
7.075,-7.088979273614161,-2.657180605220704,-1.0019758690620386,-0.38379236228158636
7.08,-7.093989152959471,-2.659099567032112,-1.0019758690620386,-0.38379236228158636
7.085,-7.098999032304782,-2.6610185288435195,-1.0019758690620386,-0.38379236228158636
7.09,-7.104008911650093,-2.6629374906549272,-1.0019758690620386,-0.38379236228158636
7.095,-7.109018790995403,-2.664856452466335,-1.0019758690620386,-0.38379236228158636
7.1000000000000005,-7.114028670340714,-2.6667754142777427,-1.0019758690620386,-0.38379236228158636
7.105,-7.1190385496860245,-2.6686943760891504,-1.0019758690620386,-0.38379236228158636
7.11,-7.124048429031335,-2.670613337900558,-1.0019758690620386,-0.38379236228158636
7.115,-7.129058308376646,-2.672532299711966,-1.0019758690620386,-0.38379236228158636
7.12,-7.134068187721956,-2.6744512615233735,-1.0019758690620386,-0.38379236228158636
7.125,-7.139078067067267,-2.6763702233347813,-1.0019758690620386,-0.38379236228158636
7.13,-7.1440879464125775,-2.678289185146189,-1.0019758690620386,-0.38379236228158636
7.135,-7.149097825757888,-2.6802081469575967,-1.0019758690620386,-0.38379236228158636
7.140000000000001,-7.154107705103199,-2.6821271087690044,-1.0019758690620386,-0.38379236228158636
7.1450000000000005,-7.159117584448509,-2.684046070580412,-1.0019758690620386,-0.38379236228158636
7.15,-7.16412746379382,-2.68596503239182,-1.0019758690620386,-0.38379236228158636
7.155,-7.1691373431391305,-2.6878839942032275,-1.0019758690620386,-0.38379236228158636
7.16,-7.174147222484441,-2.6898029560146353,-1.0019758690620386,-0.38379236228158636
7.165,-7.179157101829752,-2.691721917826043,-1.0019758690620386,-0.38379236228158636
7.17,-7.184166981175062,-2.6936408796374507,-1.0019758690620386,-0.38379236228158636
7.175,-7.189176860520373,-2.6955598414488584,-1.0019758690620386,-0.38379236228158636
7.18,-7.194186739865684,-2.697478803260266,-1.0019758690620386,-0.38379236228158636
7.1850000000000005,-7.199196619210994,-2.699397765071674,-1.0019758690620386,-0.38379236228158636
7.19,-7.204206498556305,-2.7013167268830816,-1.0019758690620386,-0.38379236228158636
7.195,-7.209216377901615,-2.7032356886944893,-1.0019758690620386,-0.38379236228158636
7.2,-7.214226257246926,-2.705154650505897,-1.0019758690620386,-0.38379236228158636
7.205,-7.219236136592237,-2.7070736123173047,-1.0019758690620386,-0.38379236228158636
7.21,-7.224246015937547,-2.7089925741287124,-1.0019758690620386,-0.38379236228158636
7.215,-7.229255895282858,-2.71091153594012,-1.0019758690620386,-0.38379236228158636
7.22,-7.234265774628168,-2.712830497751528,-1.0019758690620386,-0.38379236228158636
7.2250000000000005,-7.239275653973479,-2.7147494595629356,-1.0019758690620386,-0.38379236228158636
7.23,-7.24428553331879,-2.7166684213743433,-1.0019758690620386,-0.38379236228158636
7.235,-7.2492954126641,-2.718587383185751,-1.0019758690620386,-0.38379236228158636
7.24,-7.254305292009411,-2.7205063449971587,-1.0019758690620386,-0.38379236228158636
7.245,-7.2593151713547215,-2.7224253068085664,-1.0019758690620386,-0.38379236228158636
7.25,-7.264325050700032,-2.724344268619974,-1.0019758690620386,-0.38379236228158636
7.255,-7.269334930045343,-2.726263230431382,-1.0019758690620386,-0.38379236228158636
7.26,-7.274344809390653,-2.7281821922427896,-1.0019758690620386,-0.38379236228158636
7.265000000000001,-7.279354688735964,-2.7301011540541973,-1.0019758690620386,-0.38379236228158636
7.2700000000000005,-7.2843645680812745,-2.732020115865605,-1.0019758690620386,-0.38379236228158636
7.275,-7.289374447426585,-2.7339390776770127,-1.0019758690620386,-0.38379236228158636
7.28,-7.294384326771896,-2.7358580394884204,-1.0019758690620386,-0.38379236228158636
7.285,-7.299394206117206,-2.737777001299828,-1.0019758690620386,-0.38379236228158636
7.29,-7.304404085462517,-2.739695963111236,-1.0019758690620386,-0.38379236228158636
7.295,-7.309413964807828,-2.7416149249226436,-1.0019758690620386,-0.38379236228158636
7.3,-7.314423844153138,-2.7435338867340513,-1.0019758690620386,-0.38379236228158636
7.305,-7.319433723498449,-2.745452848545459,-1.0019758690620386,-0.38379236228158636
7.3100000000000005,-7.324443602843759,-2.7473718103568667,-1.0019758690620386,-0.38379236228158636
7.315,-7.32945348218907,-2.7492907721682744,-1.0019758690620386,-0.38379236228158636
7.32,-7.334463361534381,-2.751209733979682,-1.0019758690620386,-0.38379236228158636
7.325,-7.339473240879691,-2.75312869579109,-1.0019758690620386,-0.38379236228158636
7.33,-7.344483120225002,-2.7550476576024976,-1.0019758690620386,-0.38379236228158636
7.335,-7.349492999570312,-2.7569666194139053,-1.0019758690620386,-0.38379236228158636
7.34,-7.354502878915623,-2.758885581225313,-1.0019758690620386,-0.38379236228158636
7.345,-7.359512758260934,-2.7608045430367207,-1.0019758690620386,-0.38379236228158636
7.3500000000000005,-7.364522637606244,-2.7627235048481285,-1.0019758690620386,-0.38379236228158636
7.355,-7.369532516951555,-2.764642466659536,-1.0019758690620386,-0.38379236228158636
7.36,-7.3745423962968655,-2.766561428470944,-1.0019758690620386,-0.38379236228158636
7.365,-7.379552275642176,-2.7684803902823516,-1.0019758690620386,-0.38379236228158636
7.37,-7.384562154987487,-2.7703993520937593,-1.0019758690620386,-0.38379236228158636
7.375,-7.389572034332797,-2.772318313905167,-1.0019758690620386,-0.38379236228158636
7.38,-7.394581913678108,-2.7742372757165747,-1.0019758690620386,-0.38379236228158636
7.385,-7.3995917930234185,-2.7761562375279825,-1.0019758690620386,-0.38379236228158636
7.390000000000001,-7.404601672368729,-2.77807519933939,-1.0019758690620386,-0.38379236228158636
7.3950000000000005,-7.40961155171404,-2.779994161150798,-1.0019758690620386,-0.38379236228158636
7.4,-7.41462143105935,-2.7819131229622056,-1.0019758690620386,-0.38379236228158636
7.405,-7.419631310404661,-2.7838320847736133,-1.0019758690620386,-0.38379236228158636
7.41,-7.424641189749972,-2.785751046585021,-1.0019758690620386,-0.38379236228158636
7.415,-7.429651069095282,-2.7876700083964288,-1.0019758690620386,-0.38379236228158636
7.42,-7.434660948440593,-2.7895889702078365,-1.0019758690620386,-0.38379236228158636
7.425,-7.439670827785903,-2.791507932019244,-1.0019758690620386,-0.38379236228158636
7.43,-7.444680707131214,-2.793426893830652,-1.0019758690620386,-0.38379236228158636
7.4350000000000005,-7.449690586476525,-2.7953458556420596,-1.0019758690620386,-0.38379236228158636
7.44,-7.454700465821835,-2.7972648174534673,-1.0019758690620386,-0.38379236228158636
7.445,-7.459710345167146,-2.799183779264875,-1.0019758690620386,-0.38379236228158636
7.45,-7.464720224512456,-2.8011027410762828,-1.0019758690620386,-0.38379236228158636
7.455,-7.469730103857767,-2.8030217028876905,-1.0019758690620386,-0.38379236228158636
7.46,-7.474739983203078,-2.804940664699098,-1.0019758690620386,-0.38379236228158636
7.465,-7.479749862548388,-2.806859626510506,-1.0019758690620386,-0.38379236228158636
7.47,-7.484759741893699,-2.8087785883219136,-1.0019758690620386,-0.38379236228158636
7.4750000000000005,-7.4897696212390095,-2.8106975501333213,-1.0019758690620386,-0.38379236228158636
7.48,-7.49477950058432,-2.812616511944729,-1.0019758690620386,-0.38379236228158636
7.485,-7.499789379929631,-2.8145354737561368,-1.0019758690620386,-0.38379236228158636
7.49,-7.504799259274941,-2.8164544355675445,-1.0019758690620386,-0.38379236228158636
7.495,-7.509809138620252,-2.818373397378952,-1.0019758690620386,-0.38379236228158636
7.5,-7.5148190179655625,-2.82029235919036,-1.0019758690620386,-0.38379236228158636
7.505,-7.519828897310873,-2.8222113210017676,-1.0019758690620386,-0.38379236228158636
7.51,-7.524838776656184,-2.8241302828131754,-1.0019758690620386,-0.38379236228158636
7.515000000000001,-7.529848656001494,-2.826049244624583,-1.0019758690620386,-0.38379236228158636
7.5200000000000005,-7.534858535346805,-2.827968206435991,-1.0019758690620386,-0.38379236228158636
7.525,-7.5398684146921156,-2.8298871682473985,-1.0019758690620386,-0.38379236228158636
7.53,-7.544878294037426,-2.831806130058806,-1.0019758690620386,-0.38379236228158636
7.535,-7.549888173382737,-2.833725091870214,-1.0019758690620386,-0.38379236228158636
7.54,-7.554898052728047,-2.8356440536816216,-1.0019758690620386,-0.38379236228158636
7.545,-7.559907932073358,-2.8375630154930294,-1.0019758690620386,-0.38379236228158636
7.55,-7.564917811418669,-2.839481977304437,-1.0019758690620386,-0.38379236228158636
7.555,-7.569927690763979,-2.841400939115845,-1.0019758690620386,-0.38379236228158636
7.5600000000000005,-7.57493757010929,-2.8433199009272525,-1.0019758690620386,-0.38379236228158636
7.565,-7.5799474494546,-2.8452388627386602,-1.0019758690620386,-0.38379236228158636
7.57,-7.584957328799911,-2.847157824550068,-1.0019758690620386,-0.38379236228158636
7.575,-7.589967208145222,-2.8490767863614757,-1.0019758690620386,-0.38379236228158636
7.58,-7.594977087490532,-2.8509957481728834,-1.0019758690620386,-0.38379236228158636
7.585,-7.599986966835843,-2.852914709984291,-1.0019758690620386,-0.38379236228158636
7.59,-7.6049968461811535,-2.854833671795699,-1.0019758690620386,-0.38379236228158636
7.595,-7.610006725526464,-2.8567526336071065,-1.0019758690620386,-0.38379236228158636
7.6000000000000005,-7.615016604871775,-2.8586715954185142,-1.0019758690620386,-0.38379236228158636
7.605,-7.620026484217085,-2.860590557229922,-1.0019758690620386,-0.38379236228158636
7.61,-7.625036363562396,-2.8625095190413297,-1.0019758690620386,-0.38379236228158636
7.615,-7.6300462429077065,-2.8644284808527374,-1.0019758690620386,-0.38379236228158636
7.62,-7.635056122253017,-2.866347442664145,-1.0019758690620386,-0.38379236228158636
7.625,-7.640066001598328,-2.868266404475553,-1.0019758690620386,-0.38379236228158636
7.63,-7.645075880943638,-2.8701853662869605,-1.0019758690620386,-0.38379236228158636
7.635,-7.650085760288949,-2.8721043280983682,-1.0019758690620386,-0.38379236228158636
7.640000000000001,-7.6550956396342595,-2.874023289909776,-1.0019758690620386,-0.38379236228158636
7.6450000000000005,-7.66010551897957,-2.8759422517211837,-1.0019758690620386,-0.38379236228158636
7.65,-7.665115398324881,-2.8778612135325914,-1.0019758690620386,-0.38379236228158636
7.655,-7.670125277670191,-2.879780175343999,-1.0019758690620386,-0.38379236228158636
7.66,-7.675135157015502,-2.881699137155407,-1.0019758690620386,-0.38379236228158636
7.665,-7.680145036360813,-2.8836180989668145,-1.0019758690620386,-0.38379236228158636
7.67,-7.685154915706123,-2.8855370607782223,-1.0019758690620386,-0.38379236228158636
7.675,-7.690164795051434,-2.88745602258963,-1.0019758690620386,-0.38379236228158636
7.68,-7.695174674396744,-2.8893749844010377,-1.0019758690620386,-0.38379236228158636
7.6850000000000005,-7.700184553742055,-2.8912939462124454,-1.0019758690620386,-0.38379236228158636
7.69,-7.705194433087366,-2.893212908023853,-1.0019758690620386,-0.38379236228158636
7.695,-7.710204312432676,-2.895131869835261,-1.0019758690620386,-0.38379236228158636
7.7,-7.715214191777987,-2.8970508316466685,-1.0019758690620386,-0.38379236228158636
7.705,-7.7202240711232974,-2.8989697934580763,-1.0019758690620386,-0.38379236228158636
7.71,-7.725233950468608,-2.900888755269484,-1.0019758690620386,-0.38379236228158636
7.715,-7.730243829813919,-2.9028077170808917,-1.0019758690620386,-0.38379236228158636
7.72,-7.735253709159229,-2.9047266788922994,-1.0019758690620386,-0.38379236228158636
7.7250000000000005,-7.74026358850454,-2.906645640703707,-1.0019758690620386,-0.38379236228158636
7.73,-7.7452734678498505,-2.908564602515115,-1.0019758690620386,-0.38379236228158636
7.735,-7.750283347195161,-2.9104835643265226,-1.0019758690620386,-0.38379236228158636
7.74,-7.755293226540472,-2.9124025261379303,-1.0019758690620386,-0.38379236228158636
7.745,-7.760303105885782,-2.914321487949338,-1.0019758690620386,-0.38379236228158636
7.75,-7.765312985231093,-2.9162404497607457,-1.0019758690620386,-0.38379236228158636
7.755,-7.7703228645764035,-2.9181594115721534,-1.0019758690620386,-0.38379236228158636
7.76,-7.775332743921714,-2.920078373383561,-1.0019758690620386,-0.38379236228158636
7.765000000000001,-7.780342623267025,-2.921997335194969,-1.0019758690620386,-0.38379236228158636
7.7700000000000005,-7.785352502612335,-2.9239162970063766,-1.0019758690620386,-0.38379236228158636
7.775,-7.790362381957646,-2.9258352588177843,-1.0019758690620386,-0.38379236228158636
7.78,-7.795372261302957,-2.927754220629192,-1.0019758690620386,-0.38379236228158636
7.785,-7.800382140648267,-2.9296731824405997,-1.0019758690620386,-0.38379236228158636
7.79,-7.805392019993578,-2.9315921442520074,-1.0019758690620386,-0.38379236228158636
7.795,-7.810401899338888,-2.933511106063415,-1.0019758690620386,-0.38379236228158636
7.8,-7.815411778684199,-2.935430067874823,-1.0019758690620386,-0.38379236228158636
7.805000000000001,-7.82042165802951,-2.9373490296862306,-1.0019758690620386,-0.38379236228158636
7.8100000000000005,-7.82543153737482,-2.9392679914976383,-1.0019758690620386,-0.38379236228158636
7.815,-7.830441416720131,-2.941186953309046,-1.0019758690620386,-0.38379236228158636
7.82,-7.835451296065441,-2.9431059151204537,-1.0019758690620386,-0.38379236228158636
7.825,-7.840461175410752,-2.9450248769318614,-1.0019758690620386,-0.38379236228158636
7.83,-7.845471054756063,-2.946943838743269,-1.0019758690620386,-0.38379236228158636
7.835,-7.850480934101373,-2.948862800554677,-1.0019758690620386,-0.38379236228158636
7.84,-7.855490813446684,-2.9507817623660846,-1.0019758690620386,-0.38379236228158636
7.845,-7.8605006927919945,-2.9527007241774923,-1.0019758690620386,-0.38379236228158636
7.8500000000000005,-7.865510572137305,-2.9546196859889,-1.0019758690620386,-0.38379236228158636
7.855,-7.870520451482616,-2.9565386478003077,-1.0019758690620386,-0.38379236228158636
7.86,-7.875530330827926,-2.9584576096117154,-1.0019758690620386,-0.38379236228158636
7.865,-7.880540210173237,-2.960376571423123,-1.0019758690620386,-0.38379236228158636
7.87,-7.8855500895185475,-2.962295533234531,-1.0019758690620386,-0.38379236228158636
7.875,-7.890559968863858,-2.9642144950459386,-1.0019758690620386,-0.38379236228158636
7.88,-7.895569848209169,-2.9661334568573463,-1.0019758690620386,-0.38379236228158636
7.885,-7.900579727554479,-2.968052418668754,-1.0019758690620386,-0.38379236228158636
7.890000000000001,-7.90558960689979,-2.9699713804801617,-1.0019758690620386,-0.38379236228158636
7.8950000000000005,-7.910599486245101,-2.9718903422915695,-1.0019758690620386,-0.38379236228158636
