delta_t,computation_time
0.001,826.8212532997131
0.012,5.770551681518555
0.023000000000000003,1.6190893650054932
0.034,0.7235386371612549
0.045000000000000005,0.40866541862487793
0.05600000000000001,0.28312063217163086
0.067,0.19447946548461914
0.07800000000000001,0.14363646507263184
0.08900000000000001,0.11016964912414551
0.1,0.09496045112609863
