delta_t,computation_time
0.001,961.6522736549377
0.012,6.426589012145996
0.023000000000000003,1.798449993133545
0.034,0.8168196678161621
0.045000000000000005,0.4849231243133545
0.05600000000000001,0.31948041915893555
0.067,0.23032593727111816
0.07800000000000001,0.18485450744628906
0.08900000000000001,0.13630366325378418
0.1,0.1109163761138916
