delta_t,H'(0)_x,H'(0)_z
0.01,-0.0260067475479716,3.28059874333501E-05
0.005,-0.0183149400208563,9.21011780956727E-06
0.001,-0.00825832693567599,4.24201765863768E-07
0.0005,-0.00583944173863451,1.10E-07
