sigma,beta
-0.7272727272727273,5.0
0.0,1.0
1.941176470588235,0.01
