int_x,int_z
0.9999999999999991,-3.7470027081099033e-16
0.566920064777486,0.862591809716839
-0.4100250994807878,0.9946012304941044
-1.091011725879509,0.23510021292625582
-0.8393417852984741,-0.7916559754738043
0.1851363138489566,-1.1774976806986686
1.1136365637421872,-0.5284287068001363
1.10200406853351,0.6436456935211814
0.0941691069319234,1.3184768329082706
-1.0711914511880383,0.8518776214038014
-1.3537000106491501,-0.41631470682546573
