delta_t,computation_time
0.001,902.5202584266663
0.012,6.201261281967163
0.023000000000000003,1.6852805614471436
0.034,0.7931339740753174
0.045000000000000005,0.45221924781799316
0.05600000000000001,0.3075406551361084
0.067,0.2104334831237793
0.07800000000000001,0.16049575805664062
0.08900000000000001,0.12854218482971191
0.1,0.09436392784118652
