t,xdot,beta
0.01,166.12485404699274,0.01
0.02,58.734005410127025,0.01
0.03,31.97074306770618,0.01
0.04,20.765606755874092,0.01
0.05,14.858658656052272,0.01
0.06,11.303364611373926,0.01
0.07,8.969898987658055,0.01
0.08,7.341750676265878,0.01
0.09,6.152772372110842,0.01
0.1,5.253329147515377,0.01
0.11,4.5535025555903195,0.01
0.12,3.9963428834632726,0.01
0.13,3.544211120682862,0.01
0.14,3.1713382003656796,0.01
0.15,2.859550191622848,0.01
0.16,2.5957008444842615,0.01
0.17,2.3700703123739397,0.01
0.18,2.1753335337084083,0.01
0.19,2.0058765950174107,0.01
0.2,1.857332332006534,0.01
0.21,1.7262578650427105,0.01
0.22,1.6099062676040945,0.01
0.23,1.5060620261706852,0.01
0.24,1.4129205764217407,0.01
0.25,1.3289988323759419,0.01
0.26,1.2530678586958124,0.01
0.27,1.184101595100229,0.01
0.28,1.121237373457257,0.01
0.29,1.0637452052368863,0.01
0.3,1.0110036658199035,0.01
0.31,0.9624807930730332,0.01
0.32,0.9177188345332348,0.01
0.33,0.8763219754085734,0.01
0.34,0.8379463948842658,0.01
0.35,0.8022921555083986,0.01
0.36,0.7690965465138553,0.01
0.37,0.7381285884209701,0.01
0.38,0.7091844712800967,0.01
0.39,0.6820837481970385,0.01
0.4,0.6566661434394221,0.01
0.41,0.6327888634076703,0.01
0.42,0.6103243212241563,0.01
0.43,0.5891582032297443,0.01
0.44,0.5691878194487899,0.01
0.45,0.550320690964899,0.01
0.46,0.5324733357964214,0.01
0.47,0.515570221769225,0.01
0.48,0.4995428604329091,0.01
0.49,0.48432902054516835,0.01
0.5,0.46987204328101606,0.01
0.51,0.45612024428247816,0.01
0.52,0.44302639008535777,0.01
0.53,0.430547238448841,0.01
0.54,0.41864313375458967,0.01
0.55,0.4072776500007588,0.01
0.56,0.39641727504570995,0.01
0.5700000000000001,0.3860311306981572,0.01
0.58,0.376090724038839,0.01
0.59,0.3665697260207847,0.01
0.6,0.357443773952856,0.01
0.61,0.34869029494237175,0.01
0.62,0.340288347771874,0.01
0.63,0.33221848102437246,0.01
0.64,0.3244626055605327,0.01
0.65,0.3170038796983036,0.01
0.66,0.3098266056570965,0.01
0.67,0.3029161360103493,0.01
0.68,0.29625878904674247,0.01
0.6900000000000001,0.28984177207530604,0.01
0.7000000000000001,0.28365311182638037,0.01
0.71,0.277681591201552,0.01
0.72,0.27191669171355104,0.01
0.73,0.26634854103355865,0.01
0.74,0.2609678651300611,0.01
0.75,0.25576594454164947,0.01
0.76,0.25073457437717633,0.01
0.77,0.24586602768140922,0.01
0.78,0.24115302184363174,0.01
0.79,0.2365886877612318,0.01
0.8,0.23216654150081675,0.01
0.81,0.22788045822632746,0.01
0.8200000000000001,0.22372464818744578,0.01
0.8300000000000001,0.21969363458269245,0.01
0.84,0.2157822331303388,0.01
0.85,0.21198553319689162,0.01
0.86,0.20829888034771715,0.01
0.87,0.20471786019756333,0.01
0.88,0.2012382834505118,0.01
0.89,0.19785617202941383,0.01
0.9,0.19456774620427322,0.01
0.91,0.19136941263747723,0.01
0.92,0.18825775327133565,0.01
0.93,0.18522951499018672,0.01
0.94,0.18228159999543558,0.01
0.95,0.17941105683738987,0.01
0.96,0.1766150720527176,0.01
0.97,0.17389096236082088,0.01
0.98,0.1712361673764636,0.01
0.99,0.1686482427996415,0.01
1.0,0.16612485404699273,0.01
1.01,0.1636637702920438,0.01
1.02,0.16126285888430242,0.01
1.03,0.15892008011968148,0.01
1.04,0.15663348233697655,0.01
1.05,0.1544011973171663,0.01
1.06,0.15222143596415846,0.01
1.07,0.1500924842473019,0.01
1.08,0.14801269938752862,0.01
1.09,0.14598050627040093,0.01
1.1,0.1439943940706289,0.01
1.11,0.14205291307380183,0.01
1.12,0.14015467168215712,0.01
1.13,0.13829833359219945,0.01
1.14,0.13648261513288876,0.01
1.15,0.1347062827539488,0.01
1.16,0.1329681506546108,0.01
1.17,0.13126707854380973,0.01
1.18,0.12960196952349584,0.01
1.19,0.12797176808731867,0.01
1.2,0.12637545822748794,0.01
1.21,0.12481206164312002,0.01
1.22,0.1232806360438442,0.01
1.23,0.12178027354287191,0.01
1.24,0.12031009913412916,0.01
1.25,0.11886926924841817,0.01
1.26,0.11745697038391409,0.01
1.27,0.11607241780661483,0.01
1.28,0.11471485431665435,0.01
1.29,0.11338354907665638,0.01
1.3,0.11207779649855752,0.01
1.31,0.11079691518555755,0.01
1.32,0.10954024692607167,0.01
1.33,0.10830715573675694,0.01
1.34,0.10709702695187226,0.01
1.35,0.10590926635640174,0.01
1.36,0.10474329936053323,0.01
1.37,0.10359857021323175,0.01
1.38,0.10247454125278732,0.01
1.39,0.10137069219234544,0.01
1.4,0.10028651943854983,0.01
1.41,0.09922153544153901,0.01
1.42,0.09817526807464408,0.01
1.43,0.09714726004223202,0.01
1.44,0.09613706831423191,0.01
1.45,0.09514426358596573,0.01
1.46,0.09416842976198637,0.01
1.47,0.09320916346270024,0.01
1.48,0.09226607355262126,0.01
1.49,0.09133878068916991,0.01
1.5,0.0904269168909914,0.01
1.51,0.0895301251248252,0.01
1.52,0.08864805891001208,0.01
1.53,0.08778038193977554,0.01
1.54,0.08692676771846193,0.01
1.55,0.08608689921396843,0.01
1.56,0.08526046852462982,0.01
1.57,0.08444717655987445,0.01
1.58,0.08364673273399688,0.01
1.59,0.08285885467242946,0.01
1.6,0.08208326792992776,0.01
1.61,0.08131970572011597,0.01
1.62,0.08056790865586695,0.01
1.63,0.07982762450001919,0.01
1.64,0.07909860792595878,0.01
1.65,0.07838062028761877,0.01
1.66,0.07767342939847062,0.01
1.67,0.07697680931910515,0.01
1.68,0.07629054015301953,0.01
1.69,0.07561440785024703,0.01
1.7,0.07494820401848402,0.01
1.71,0.0742917257413856,0.01
1.72,0.07364477540371804,0.01
1.73,0.07300716052307123,0.01
1.74,0.07237869358784832,0.01
1.75,0.07175919190126445,0.01
1.76,0.07114847743109874,0.01
1.77,0.07054637666495579,0.01
1.78,0.0699527204708053,0.01
1.79,0.06936734396257868,0.01
1.8,0.06879008637061237,0.01
1.81,0.06822079091673733,0.01
1.82,0.06765930469382336,0.01
1.83,0.06710547854959611,0.01
1.84,0.06655916697455268,0.01
1.85,0.06602022799381012,0.01
1.86,0.06548852306272815,0.01
1.87,0.06496391696615515,0.01
1.88,0.06444627772115312,0.01
1.89,0.06393547648306334,0.01
1.9,0.06343138745478173,0.01
1.91,0.06293388779911724,0.01
1.92,0.062442857554113634,0.01
1.93,0.06195817955121937,0.01
1.94,0.06147973933619558,0.01
1.95,0.06100742509265713,0.01
1.96,0.060541127568146044,0.01
1.97,0.06008074000264104,0.01
1.98,0.05962615805941092,0.01
1.99,0.05917727975812369,0.01
2.0,0.05873400541012701,0.01
2.01,0.058296237555818836,0.01
2.02,0.057863880904030794,0.01
2.03,0.05743684227335029,0.01
2.04,0.05701503053530977,0.01
2.05,0.05659835655937521,0.01
2.06,0.0561867331596681,0.01
2.07,0.05578007504335871,0.01
2.08,0.05537829876066972,0.01
2.09,0.05498132265643325,0.01
2.1,0.05458906682314524,0.01
2.11,0.05420145305546452,0.01
2.12,0.05381840480610513,0.01
2.13,0.05343984714307323,0.01
2.14,0.05306570670820113,0.01
2.15,0.052695911676933785,0.01
2.16,0.05233039171932371,0.01
2.17,0.05196907796219316,0.01
2.18,0.051611902952422906,0.01
2.19,0.05125880062132973,0.01
2.2,0.05090970625009485,0.01
2.21,0.050564556436208254,0.01
2.22,0.05022328906089422,0.01
2.23,0.04988584325748548,0.01
2.24,0.049552159380713744,0.01
2.25,0.049222178976886743,0.01
2.26,0.048895844754921765,0.01
2.27,0.04857310055820794,0.01
2.28,0.04825389133726967,0.01
2.29,0.04793816312320515,0.01
2.3000000000000003,0.04762586300187482,0.01
2.31,0.0473169390888152,0.01
2.32,0.04701134050485487,0.01
2.33,0.04670901735240999,0.01
2.34,0.04640992069243751,0.01
2.35,0.046114002522025146,0.01
2.36,0.045821215752598086,0.01
2.37,0.045531514188722505,0.01
2.38,0.04524485250748763,0.01
2.39,0.04496118623844772,0.01
2.4,0.044680471744107,0.01
2.41,0.04440266620092998,0.01
2.42,0.04412772758086178,0.01
2.43,0.04385561463334182,0.01
2.44,0.04358628686779647,0.01
2.45,0.04331970453659554,0.01
2.46,0.04305582861845872,0.01
2.47,0.04279462080229815,0.01
2.48,0.04253604347148425,0.01
2.49,0.04228005968852158,0.01
2.5,0.042026633180123014,0.01
2.51,0.041775728322669826,0.01
2.52,0.04152731012804656,0.01
2.53,0.04128134422983948,0.01
2.54,0.04103779686988777,0.01
2.5500000000000003,0.04079663488517723,0.01
2.56,0.040557825695066586,0.01
2.57,0.04032133728883624,0.01
2.58,0.04008713821355071,0.01
2.59,0.03985519756222525,0.01
2.6,0.03962548496228795,0.01
2.61,0.03939797056432913,0.01
2.62,0.039172625031129255,0.01
2.63,0.03894941952695816,0.01
2.64,0.038728325707137065,0.01
2.65,0.038509315707856796,0.01
2.66,0.038292362136244165,0.01
2.67,0.038077438060670314,0.01
2.68,0.03786451700129366,0.01
2.69,0.03765357292083125,0.01
2.7,0.03744458021555197,0.01
2.71,0.037237513706485835,0.01
2.72,0.03703234863084281,0.01
2.73,0.036829060633636015,0.01
2.74,0.036627625759503415,0.01
2.75,0.036428020444722556,0.01
2.76,0.036230221509413255,0.01
2.77,0.036034206149923115,0.01
2.78,0.035839951931390834,0.01
2.79,0.03564743678048272,0.01
2.8000000000000003,0.035456638978297546,0.01
2.81,0.03526753715343554,0.01
2.82,0.0350801102752268,0.01
2.83,0.034894337647115296,0.01
2.84,0.034710198900194,0.01
2.85,0.03452767398688742,0.01
2.86,0.0343467431747776,0.01
2.87,0.03416738704056971,0.01
2.88,0.03398958646419388,0.01
2.89,0.03381332262303943,0.01
2.9,0.03363857698631833,0.01
2.91,0.03346533130955434,0.01
2.92,0.03329356762919483,0.01
2.93,0.033123268257341985,0.01
2.94,0.032954415776600354,0.01
2.95,0.03278699303503792,0.01
2.96,0.03262098314125764,0.01
2.97,0.03245636945957679,0.01
2.98,0.032293135605311454,0.01
2.99,0.03213126544016327,0.01
3.0,0.031970743067706184,0.01
3.01,0.03181155282897051,0.01
3.02,0.03165367929812199,0.01
3.03,0.031497107278233516,0.01
3.04,0.03134182179714704,0.01
3.0500000000000003,0.03118780810342377,0.01
3.06,0.031035051662380214,0.01
3.0700000000000003,0.030883538152208095,0.01
3.08,0.030733253460176153,0.01
3.09,0.030584183678911664,0.01
3.1,0.030436315102759973,0.01
3.11,0.03028963422422001,0.01
3.12,0.030144127730453968,0.01
3.13,0.02999978249986949,0.01
3.14,0.029856585598772443,0.01
3.15,0.029714524278088836,0.01
3.16,0.029573585970153974,0.01
3.17,0.029433758285567543,0.01
3.18,0.029295029010112758,0.01
3.19,0.02915738610173843,0.01
3.2,0.029020817687602094,0.01
3.21,0.028885312061173146,0.01
3.22,0.028750857679394243,0.01
3.23,0.02861744315989994,0.01
3.24,0.028485057278290933,0.01
3.25,0.0283536889654629,0.01
3.26,0.02822332730498848,0.01
3.27,0.028093961530551277,0.01
3.28,0.027965581023430726,0.01
3.29,0.027838175310036503,0.01
3.3000000000000003,0.027711734059491552,0.01
3.31,0.02758624708126253,0.01
3.3200000000000003,0.027461704322836556,0.01
3.33,0.027338095867443336,0.01
3.34,0.027215411931821545,0.01
3.35,0.02709364286402852,0.01
3.36,0.02697277914129235,0.01
3.37,0.026852811367905238,0.01
3.38,0.026733730273157494,0.01
3.39,0.026615526709311003,0.01
3.4,0.026498191649611452,0.01
3.41,0.026381716186338413,0.01
3.42,0.026266091528892466,0.01
3.43,0.02615130900191853,0.01
3.44,0.026037360043464644,0.01
3.45,0.025924236203175383,0.01
3.46,0.025811929140519243,0.01
3.47,0.025700430623049133,0.01
3.48,0.025589732524695416,0.01
3.49,0.025479826824090644,0.01
3.5,0.02537070560292544,0.01
3.51,0.02526236104433477,0.01
3.52,0.025154785431313977,0.01
3.53,0.025047971145164064,0.01
3.54,0.02494191066396533,0.01
3.5500000000000003,0.02483659656107911,0.01
3.56,0.02473202150367673,0.01
3.5700000000000003,0.024628178251295263,0.01
3.58,0.024525059654419548,0.01
3.59,0.02442265865308976,0.01
3.6,0.024320968275534153,0.01
3.61,0.024219981636826468,0.01
3.62,0.0241196919375673,0.01
3.63,0.024020092462589168,0.01
3.64,0.023921176579684653,0.01
3.65,0.023822937738357173,0.01
3.66,0.023725369468593906,0.01
3.67,0.0236284653796605,0.01
3.68,0.023532219158916956,0.01
3.69,0.023436624570654457,0.01
3.7,0.023341675454952537,0.01
3.71,0.02324736572655633,0.01
3.72,0.02315368937377334,0.01
3.73,0.023060640457389515,0.01
3.74,0.022968213109604056,0.01
3.75,0.02287640153298278,0.01
3.76,0.022785199999429448,0.01
3.77,0.022694602849174902,0.01
3.78,0.022604604489783568,0.01
3.79,0.02251519939517692,0.01
3.8,0.022426382104673733,0.01
3.81,0.022338147222046592,0.01
3.82,0.022250489414594565,0.01
3.83,0.022163403412231466,0.01
3.84,0.0220768840065897,0.01
3.85,0.021990926050139043,0.01
3.86,0.02190552445532045,0.01
3.87,0.021820674193694233,0.01
3.88,0.02173637029510261,0.01
3.89,0.021652607846846167,0.01
3.9,0.02156938199287409,0.01
3.91,0.021486687932987834,0.01
3.92,0.02140452092205795,0.01
3.93,0.02132287626925393,0.01
3.94,0.021241749337286675,0.01
3.95,0.021161135541663476,0.01
3.96,0.021081030349955187,0.01
3.97,0.021001429281075384,0.01
3.98,0.020922327904571342,0.01
3.99,0.02084372183992645,0.01
4.0,0.02076560675587409,0.01
4.01,0.02068797836972252,0.01
4.0200000000000005,0.020610832446690687,0.01
4.03,0.02053416479925483,0.01
4.04,0.020457971286505474,0.01
4.05,0.020382247813514776,0.01
4.0600000000000005,0.020306990330714064,0.01
4.07,0.020232194833281213,0.01
4.08,0.020157857360537802,0.01
4.09,0.020083973995355896,0.01
4.1,0.020010540863574157,0.01
4.11,0.01993755413342323,0.01
4.12,0.019865010014960185,0.01
4.13,0.019792904759511815,0.01
4.14,0.019721234659126723,0.01
4.15,0.019649996046035956,0.01
4.16,0.01957918529212207,0.01
4.17,0.019508798808396444,0.01
4.18,0.01943883304448476,0.01
4.19,0.019369284488120406,0.01
4.2,0.01930014966464579,0.01
4.21,0.019231425136521256,0.01
4.22,0.01916310750284164,0.01
4.23,0.019095193398860177,0.01
4.24,0.019027679495519808,0.01
4.25,0.018960562498991515,0.01
4.26,0.018893839150219815,0.01
4.2700000000000005,0.018827506224475075,0.01
4.28,0.018761560530912737,0.01
4.29,0.01869599891213908,0.01
4.3,0.01863081824378363,0.01
4.3100000000000005,0.018566015434077997,0.01
4.32,0.018501587423441077,0.01
4.33,0.01843753118407038,0.01
4.34,0.018373843719539578,0.01
4.3500000000000005,0.018310522064402,0.01
4.36,0.018247563283800117,0.01
4.37,0.018184964473080677,0.01
4.38,0.01812272275741573,0.01
4.39,0.018060835291429135,0.01
4.4,0.01799929925882861,0.01
4.41,0.017938111872043267,0.01
4.42,0.017877270371866368,0.01
4.43,0.01781677202710339,0.01
4.44,0.01775661413422523,0.01
4.45,0.01769679401702647,0.01
4.46,0.017637309026288597,0.01
4.47,0.017578156539448143,0.01
4.48,0.01751933396026964,0.01
4.49,0.017460838718523285,0.01
4.5,0.017402668269667264,0.01
4.51,0.01734482009453468,0.01
4.5200000000000005,0.017287291699024928,0.01
4.53,0.017230080613799565,0.01
4.54,0.017173184393982455,0.01
4.55,0.017116600618864258,0.01
4.5600000000000005,0.017060326891611088,0.01
4.57,0.017004360838977356,0.01
4.58,0.016948700111022626,0.01
4.59,0.016893342380832524,0.01
4.6000000000000005,0.016838285344243593,0.01
4.61,0.016783526719571992,0.01
4.62,0.01672906424734602,0.01
4.63,0.016674895690042428,0.01
4.64,0.01662101883182635,0.01
4.65,0.016567431478294953,0.01
4.66,0.01651413145622461,0.01
4.67,0.016461116613321593,0.01
4.68,0.016408384817976216,0.01
4.69,0.01635593395902044,0.01
4.7,0.016303761945488767,0.01
4.71,0.016251866706382456,0.01
4.72,0.01620024619043698,0.01
4.73,0.016148898365892686,0.01
4.74,0.01609782122026859,0.01
4.75,0.016047012760139288,0.01
4.76,0.015996471010914833,0.01
4.7700000000000005,0.015946194016623744,0.01
4.78,0.015896179839698835,0.01
4.79,0.015846426560766028,0.01
4.8,0.015796932278435993,0.01
4.8100000000000005,0.01574769510909859,0.01
4.82,0.01569871318672015,0.01
4.83,0.015649984662643373,0.01
4.84,0.015601507705390002,0.01
4.8500000000000005,0.015553280500466112,0.01
4.86,0.01550530125016999,0.01
4.87,0.015457568173402594,0.01
4.88,0.015410079505480526,0.01
4.89,0.015362833497951481,0.01
4.9,0.015315828418412177,0.01
4.91,0.015269062550328661,0.01
4.92,0.015222534192858989,0.01
4.93,0.015176241660678267,0.01
4.94,0.015130183283805958,0.01
4.95,0.015084357407435512,0.01
4.96,0.015038762391766144,0.01
4.97,0.014993396611836896,0.01
4.98,0.014948258457362798,0.01
4.99,0.014903346332573224,0.01
5.0,0.014858658656052272,0.01
5.01,0.014814193860581285,0.01
5.0200000000000005,0.01476995039298337,0.01
5.03,0.014725926713969953,0.01
5.04,0.014682121297989261,0.01
5.05,0.01463853263307682,0.01
5.0600000000000005,0.014595159220707823,0.01
5.07,0.014551999575651427,0.01
5.08,0.014509052225826853,0.01
5.09,0.01446631571216141,0.01
5.1000000000000005,0.014423788588450243,0.01
5.11,0.014381469421217935,0.01
5.12,0.014339356789581793,0.01
5.13,0.014297449285116939,0.01
5.14,0.014255745511723057,0.01
5.15,0.014214244085492826,0.01
5.16,0.014172943634582047,0.01
5.17,0.014131842799081341,0.01
5.18,0.014090940230889516,0.01
5.19,0.014050234593588463,0.01
5.2,0.01400972456231969,0.01
5.21,0.013969408823662294,0.01
5.22,0.013929286075512559,0.01
5.23,0.013889355026964954,0.01
5.24,0.013849614398194694,0.01
5.25,0.013810062920341683,0.01
5.26,0.013770699335395918,0.01
5.2700000000000005,0.013731522396084326,0.01
5.28,0.013692530865758959,0.01
5.29,0.013653723518286573,0.01
5.3,0.013615099137939585,0.01
5.3100000000000005,0.013576656519288318,0.01
5.32,0.013538394467094617,0.01
5.33,0.013500311796206707,0.01
5.34,0.013462407331455362,0.01
5.3500000000000005,0.013424679907551336,0.01
5.36,0.013387128368984032,0.01
5.37,0.013349751569921384,0.01
5.38,0.013312548374110965,0.01
5.39,0.013275517654782274,0.01
5.4,0.013238658294550218,0.01
5.41,0.013201969185319741,0.01
5.42,0.013165449228191572,0.01
5.43,0.01312909733336916,0.01
5.44,0.013092912420066653,0.01
5.45,0.013056893416418032,0.01
5.46,0.013021039259387279,0.01
5.47,0.012985348894679647,0.01
5.48,0.012949821276653969,0.01
5.49,0.01291445536823599,0.01
5.5,0.012879250140832759,0.01
5.51,0.012844204574247979,0.01
5.5200000000000005,0.012809317656598413,0.01
5.53,0.012774588384231225,0.01
5.54,0.012740015761642314,0.01
5.55,0.01270559880139558,0.01
5.5600000000000005,0.012671336524043177,0.01
5.57,0.012637227958046655,0.01
5.58,0.01260327213969904,0.01
5.59,0.012569468113047794,0.01
5.6000000000000005,0.012535814929818725,0.01
5.61,0.012502311649340726,0.01
5.62,0.012468957338471386,0.01
5.63,0.0124357510715235,0.01
5.64,0.012402691930192377,0.01
5.65,0.012369779003484025,0.01
5.66,0.012337011387644132,0.01
5.67,0.01230438818608787,0.01
5.68,0.01227190850933051,0.01
5.69,0.012239571474918812,0.01
5.7,0.01220737620736323,0.01
5.71,0.012175321838070819,0.01
5.72,0.012143407505279003,0.01
5.73,0.012111632353990013,0.01
5.74,0.0120799955359061,0.01
5.75,0.01204849620936548,0.01
5.76,0.012017133539278989,0.01
5.7700000000000005,0.011985906697067467,0.01
5.78,0.01195481486059984,0.01
5.79,0.01192385721413189,0.01
5.8,0.011893032948245716,0.01
5.8100000000000005,0.011862341259789869,0.01
5.82,0.011831781351820178,0.01
5.83,0.011801352433541188,0.01
5.84,0.011771053720248297,0.01
5.8500000000000005,0.011740884433270505,0.01
5.86,0.011710843799913818,0.01
5.87,0.011680931053405263,0.01
5.88,0.01165114543283753,0.01
5.89,0.011621486183114224,0.01
5.9,0.011591952554895707,0.01
5.91,0.011562543804545574,0.01
5.92,0.011533259194077657,0.01
5.93,0.011504097991103662,0.01
5.94,0.011475059468781353,0.01
5.95,0.01144614290576331,0.01
5.96,0.011417347586146239,0.01
5.97,0.011388672799420836,0.01
5.98,0.011360117840422205,0.01
5.99,0.011331682009280804,0.01
6.0,0.011303364611373925,0.01
6.01,0.011275164957277687,0.01
6.0200000000000005,0.01124708236271957,0.01
6.03,0.011219116148531457,0.01
6.04,0.01119126564060315,0.01
6.05,0.011163530169836419,0.01
6.0600000000000005,0.01113590907209954,0.01
6.07,0.011108401688182301,0.01
6.08,0.01108100736375151,0.01
6.09,0.011053725449306953,0.01
6.1000000000000005,0.011026555300137852,0.01
6.11,0.010999496276279767,0.01
6.12,0.010972547742471942,0.01
6.13,0.010945709068115143,0.01
6.140000000000001,0.010918979627229902,0.01
6.15,0.01089235879841523,0.01
6.16,0.010865845964807741,0.01
6.17,0.010839440514041237,0.01
6.18,0.010813141838206685,0.01
6.19,0.010786949333812634,0.01
6.2,0.010760862401746054,0.01
6.21,0.010734880447233558,0.01
6.22,0.01070900287980305,0.01
6.23,0.01068322911324577,0.01
6.24,0.010657558565578727,0.01
6.25,0.010631990659007535,0.01
6.26,0.010606524819889615,0.01
6.2700000000000005,0.0105811604786978,0.01
6.28,0.010555897069984306,0.01
6.29,0.010530734032345068,0.01
6.3,0.010505670808384458,0.01
6.3100000000000005,0.01048070684468036,0.01
6.32,0.01045584159174961,0.01
6.33,0.010431074504013768,0.01
6.34,0.010406405039765268,0.01
6.3500000000000005,0.01038183266113391,0.01
6.36,0.010357356834053682,0.01
6.37,0.010332977028229919,0.01
6.38,0.010308692717106818,0.01
6.390000000000001,0.010284503377835258,0.01
6.4,0.01026040849124097,0.01
6.41,0.010236407541793007,0.01
6.42,0.010212500017572549,0.01
6.43,0.010188685410242019,0.01
6.44,0.010164963215014497,0.01
6.45,0.010141332930623487,0.01
6.46,0.010117794059292915,0.01
6.47,0.010094346106707498,0.01
6.48,0.010070988581983369,0.01
6.49,0.010047720997639018,0.01
6.5,0.010024542869566501,0.01
6.51,0.010001453717002954,0.01
6.5200000000000005,0.009978453062502397,0.01
6.53,0.009955540431907791,0.01
6.54,0.0099327153543234,0.01
6.55,0.00990997736208742,0.01
6.5600000000000005,0.009887325990744848,0.01
6.57,0.009864760779020692,0.01
6.58,0.009842281268793366,0.01
6.59,0.009819887005068388,0.01
6.6000000000000005,0.009797577535952345,0.01
6.61,0.00977535241262708,0.01
6.62,0.009753211189324169,0.01
6.63,0.009731153423299617,0.01
6.640000000000001,0.009709178674808826,0.01
6.65,0.009687286507081795,0.01
6.66,0.009665476486298556,0.01
6.67,0.009643748181564873,0.01
6.68,0.009622101164888144,0.01
6.69,0.009600535011153571,0.01
6.7,0.009579049298100542,0.01
6.71,0.009557643606299225,0.01
6.72,0.009536317519127441,0.01
6.73,0.009515070622747703,0.01
6.74,0.009493902506084504,0.01
6.75,0.009472812760801832,0.01
6.76,0.00945180098128088,0.01
6.7700000000000005,0.009430866764597978,0.01
6.78,0.009410009710502742,0.01
6.79,0.009389229421396432,0.01
6.8,0.009368525502310503,0.01
6.8100000000000005,0.00934789756088537,0.01
6.82,0.009327345207349397,0.01
6.83,0.009306868054498032,0.01
6.84,0.0092864657176732,0.01
6.8500000000000005,0.009266137814742843,0.01
6.86,0.009245883966080698,0.01
6.87,0.00922570379454623,0.01
6.88,0.009205596925464755,0.01
6.890000000000001,0.009185562986607795,0.01
6.9,0.009165601608173556,0.01
6.91,0.009145712422767639,0.01
6.92,0.009125895065383903,0.01
6.93,0.009106149173385527,0.01
6.94,0.009086474386486222,0.01
6.95,0.009066870346731664,0.01
6.96,0.00904733669848104,0.01
6.97,0.009027873088388826,0.01
6.98,0.009008479165386694,0.01
6.99,0.008989154580665603,0.01
7.0,0.008969898987658056,0.01
7.01,0.008950712042020519,0.01
7.0200000000000005,0.00893159340161599,0.01
7.03,0.008912542726496771,0.01
7.04,0.008893559678887343,0.01
7.05,0.008874643923167436,0.01
7.0600000000000005,0.008855795125855237,0.01
7.07,0.008837012955590792,0.01
7.08,0.008818297083119474,0.01
7.09,0.008799647181275707,0.01
7.1000000000000005,0.008781062924966762,0.01
7.11,0.008762543991156734,0.01
7.12,0.008744090058850662,0.01
7.13,0.00872570080907879,0.01
7.140000000000001,0.008707375924880963,0.01
7.15,0.008689115091291194,0.01
7.16,0.008670917995322333,0.01
7.17,0.0086527843259509,0.01
7.18,0.008634713774102042,0.01
7.19,0.00861670603263464,0.01
7.2,0.008598760796326547,0.01
7.21,0.00858087776185994,0.01
7.22,0.008563056627806825,0.01
7.23,0.008545297094614674,0.01
7.24,0.008527598864592166,0.01
7.25,0.008509961641895089,0.01
7.26,0.00849238513251234,0.01
7.27,0.008474869044252065,0.01
7.28,0.00845741308672792,0.01
7.29,0.008440016971345462,0.01
7.3,0.008422680411288635,0.01
7.31,0.008405403121506408,0.01
7.32,0.008388184818699514,0.01
7.33,0.00837102522130731,0.01
7.34,0.008353924049494756,0.01
7.35,0.008336881025139497,0.01
7.36,0.008319895871819085,0.01
7.37,0.008302968314798286,0.01
7.38,0.00828609808101651,0.01
7.390000000000001,0.008269284899075358,0.01
7.4,0.008252528499226265,0.01
7.41,0.008235828613358268,0.01
7.42,0.008219184974985855,0.01
7.43,0.008202597319236962,0.01
7.44,0.008186065382841019,0.01
7.45,0.00816958890411716,0.01
7.46,0.008153167622962487,0.01
7.47,0.008136801280840463,0.01
7.48,0.008120489620769394,0.01
7.49,0.00810423238731103,0.01
7.5,0.008088029326559228,0.01
7.51,0.00807188018612875,0.01
7.52,0.00805578471514414,0.01
7.53,0.008039742664228697,0.01
7.54,0.008023753785493557,0.01
7.55,0.008007817832526838,0.01
7.56,0.007991934560382918,0.01
7.57,0.007976103725571773,0.01
7.58,0.00796032508604843,0.01
7.59,0.007944598401202476,0.01
7.6,0.007928923431847716,0.01
7.61,0.007913299940211853,0.01
7.62,0.007897727689926292,0.01
7.63,0.00788220644601604,0.01
7.640000000000001,0.007866735974889653,0.01
7.65,0.007851316044329319,0.01
7.66,0.007835946423480969,0.01
7.67,0.007820626882844529,0.01
7.68,0.007805357194264204,0.01
7.69,0.007790137130918886,0.01
7.7,0.007774966467312608,0.01
7.71,0.0077598449792651005,0.01
7.72,0.007744772443902421,0.01
7.73,0.0077297486396476645,0.01
7.74,0.007714773346211748,0.01
7.75,0.007699846344584267,0.01
7.76,0.007684967417024447,0.01
7.77,0.0076701363470521545,0.01
7.78,0.007655352919438987,0.01
7.79,0.007640616920199438,0.01
7.8,0.007625928136582141,0.01
7.81,0.007611286357061166,0.01
7.82,0.007596691371327429,0.01
7.83,0.007582142970280122,0.01
7.84,0.0075676409460182555,0.01
7.85,0.007553185091832245,0.01
7.86,0.0075387752021955825,0.01
7.87,0.007524411072756573,0.01
7.88,0.00751009250033013,0.01
7.890000000000001,0.007495819282889651,0.01
7.9,0.0074815912195589545,0.01
7.91,0.007467408110604281,0.01
7.92,0.007453269757426365,0.01
7.930000000000001,0.007439175962552561,0.01
7.94,0.007425126529629063,0.01
7.95,0.007411121263413134,0.01
7.96,0.007397159969765461,0.01
7.97,0.007383242455642528,0.01
7.98,0.007369368529089066,0.01
7.99,0.007355537999230575,0.01
8.0,0.007341750676265876,0.01
8.01,0.00732800637145977,0.01
8.02,0.007314304897135705,0.01
8.03,0.007300646066668539,0.01
8.040000000000001,0.007287029694477353,0.01
8.05,0.007273455596018313,0.01
8.06,0.007259923587777596,0.01
8.07,0.007246433487264373,0.01
8.08,0.007232985113003849,0.01
8.09,0.0072195782845303515,0.01
8.1,0.007206212822380491,0.01
8.11,0.007192888548086357,0.01
8.120000000000001,0.007179605284168784,0.01
8.13,0.0071663628541306585,0.01
8.14,0.007153161082450289,0.01
8.15,0.007139999794574823,0.01
8.16,0.007126878816913721,0.01
8.17,0.007113797976832283,0.01
8.18,0.007100757102645217,0.01
8.19,0.007087756023610269,0.01
8.2,0.007074794569921901,0.01
8.21,0.0070618725727050104,0.01
8.22,0.007048989864008723,0.01
8.23,0.007036146276800198,0.01
8.24,0.007023341644958513,0.01
8.25,0.007010575803268587,0.01
8.26,0.006997848587415147,0.01
8.27,0.006985159833976749,0.01
8.28,0.006972509380419839,0.01
8.290000000000001,0.006959897065092864,0.01
8.3,0.0069473227272204355,0.01
8.31,0.006934786206897525,0.01
8.32,0.006922287345083715,0.01
8.33,0.00690982598359749,0.01
8.34,0.006897401965110582,0.01
8.35,0.006885015133142337,0.01
8.36,0.006872665332054156,0.01
8.370000000000001,0.0068603524070439525,0.01
8.38,0.006848076204140671,0.01
8.39,0.0068358365701988374,0.01
8.4,0.006823633352893155,0.01
8.41,0.006811466400713139,0.01
8.42,0.006799335562957803,0.01
8.43,0.006787240689730378,0.01
8.44,0.006775181631933065,0.01
8.45,0.006763158241261846,0.01
8.46,0.006751170370201316,0.01
8.47,0.006739217872019577,0.01
8.48,0.006727300600763141,0.01
8.49,0.006715418411251903,0.01
8.5,0.0067035711590741264,0.01
8.51,0.00669175870058149,0.01
8.52,0.006679980892884154,0.01
8.53,0.006668237593845869,0.01
8.540000000000001,0.0066565286620791295,0.01
8.55,0.006644853956940364,0.01
8.56,0.006633213338525141,0.01
8.57,0.006621606667663437,0.01
8.58,0.006610033805914929,0.01
8.59,0.006598494615564324,0.01
8.6,0.006586988959616723,0.01
8.61,0.006575516701793018,0.01
8.620000000000001,0.006564077706525328,0.01
8.63,0.006552671838952472,0.01
8.64,0.006541298964915464,0.01
8.65,0.006529958950953055,0.01
8.66,0.0065186516642973,0.01
8.67,0.006507376972869159,0.01
8.68,0.006496134745274145,0.01
8.69,0.006484924850797972,0.01
8.700000000000001,0.006473747159402278,0.01
8.71,0.006462601541720344,0.01
8.72,0.006451487869052863,0.01
8.73,0.006440406013363735,0.01
8.74,0.0064293558472759,0.01
8.75,0.006418337244067188,0.01
8.76,0.006407350077666216,0.01
8.77,0.006396394222648305,0.01
8.78,0.006385469554231429,0.01
8.790000000000001,0.006374575948272194,0.01
8.8,0.006363713281261856,0.01
8.81,0.0063528814303223475,0.01
8.82,0.006342080273202356,0.01
8.83,0.006331309688273414,0.01
8.84,0.006320569554526032,0.01
8.85,0.006309859751565844,0.01
8.86,0.006299180159609799,0.01
8.870000000000001,0.006288530659482367,0.01
8.88,0.006277911132611777,0.01
8.89,0.006267321461026288,0.01
8.9,0.006256761527350469,0.01
8.91,0.0062462312148015365,0.01
8.92,0.006235730407185685,0.01
8.93,0.006225258988894475,0.01
8.94,0.00621481684490122,0.01
8.950000000000001,0.00620440386075742,0.01
8.96,0.006194019922589218,0.01
8.97,0.006183664917093862,0.01
8.98,0.006173338731536221,0.01
8.99,0.00616304125374531,0.01
9.0,0.006152772372110843,0.01
9.01,0.00614253197557981,0.01
9.02,0.006132319953653083,0.01
9.03,0.00612213619638204,0.01
9.04,0.006111980594365221,0.01
9.05,0.006101853038744995,0.01
9.06,0.006091753421204271,0.01
9.07,0.006081681633963215,0.01
9.08,0.006071637569775992,0.01
9.09,0.006061621121927547,0.01
9.1,0.0060516321842303865,0.01
9.11,0.006041670651021403,0.01
9.12,0.006031736417158709,0.01
9.13,0.006021829378018497,0.01
9.14,0.006011949429491929,0.01
9.15,0.006002096467982035,0.01
9.16,0.005992270390400644,0.01
9.17,0.00598247109416533,0.01
9.18,0.005972698477196388,0.01
9.19,0.00596295243791382,0.01
9.2,0.005953232875234354,0.01
9.21,0.005943539688568475,0.01
9.22,0.005933872777817483,0.01
9.23,0.0059242320433705664,0.01
9.24,0.0059146173861019,0.01
9.25,0.005905028707367761,0.01
9.26,0.0058954659090036665,0.01
9.27,0.005885928893321536,0.01
9.28,0.005876417563106859,0.01
9.29,0.005866931821615903,0.01
9.3,0.005857471572572914,0.01
9.31,0.005848036720167377,0.01
9.32,0.005838627169051249,0.01
9.33,0.005829242824336242,0.01
9.34,0.005819883591591116,0.01
9.35,0.005810549376838995,0.01
9.36,0.005801240086554689,0.01
9.37,0.005791955627662052,0.01
9.38,0.005782695907531344,0.01
9.39,0.005773460833976624,0.01
9.4,0.005764250315253143,0.01
9.41,0.005755064260054777,0.01
9.42,0.005745902577511459,0.01
9.43,0.005736765177186639,0.01
9.44,0.005727651969074761,0.01
9.45,0.005718562863598752,0.01
9.46,0.005709497771607536,0.01
9.47,0.005700456604373555,0.01
9.48,0.005691439273590313,0.01
9.49,0.005682445691369942,0.01
9.5,0.005673475770240773,0.01
9.51,0.005664529423144932,0.01
9.52,0.005655606563435954,0.01
9.53,0.005646707104876397,0.01
9.54,0.0056378309616354995,0.01
9.55,0.005628978048286831,0.01
9.56,0.005620148279805965,0.01
9.57,0.005611341571568178,0.01
9.58,0.00560255783934614,0.01
9.59,0.005593796999307652,0.01
9.6,0.005585058968013375,0.01
9.61,0.00557634366241458,0.01
9.62,0.005567650999850923,0.01
9.63,0.00555898089804822,0.01
9.64,0.005550333275116248,0.01
9.65,0.005541708049546557,0.01
9.66,0.0055331051402102965,0.01
9.67,0.005524524466356056,0.01
9.68,0.005515965947607723,0.01
9.69,0.0055074295039623505,0.01
9.7,0.005498915055788045,0.01
9.71,0.005490422523821863,0.01
9.72,0.005481951829167727,0.01
9.73,0.005473502893294346,0.01
9.74,0.005465075638033165,0.01
9.75,0.005456669985576309,0.01
9.76,0.0054482858584745586,0.01
9.77,0.00543992317963533,0.01
9.78,0.005431581872320671,0.01
9.79,0.005423261860145262,0.01
9.8,0.005414963067074442,0.01
9.81,0.005406685417422257,0.01
9.82,0.005398428835849478,0.01
9.83,0.005390193247361687,0.01
9.84,0.00538197857730734,0.01
9.85,0.005373784751375851,0.01
9.86,0.005365611695595696,0.01
9.87,0.005357459336332522,0.01
9.88,0.005349327600287269,0.01
9.89,0.005341216414494308,0.01
9.9,0.00533312570631959,0.01
9.91,0.005325055403458797,0.01
9.92,0.005317005433935531,0.01
9.93,0.005308975726099484,0.01
9.94,0.005300966208624637,0.01
9.95,0.005292976810507476,0.01
9.96,0.005285007461065198,0.01
9.97,0.005277058089933956,0.01
9.98,0.005269128627067096,0.01
9.99,0.005261219002733402,0.01
10.0,0.005253329147515377,0.01
10.01,0.005245458992307513,0.01
10.02,0.005237608468314573,0.01
10.03,0.005229777507049903,0.01
10.04,0.005221966040333728,0.01
10.05,0.005214174000291482,0.01
10.06,0.005206401319352142,0.01
10.07,0.005198647930246558,0.01
10.08,0.00519091376600582,0.01
10.09,0.005183198759959613,0.01
10.1,0.005175502845734593,0.01
10.11,0.005167825957252778,0.01
10.12,0.005160168028729935,0.01
10.13,0.00515252899467399,0.01
10.14,0.005144908789883442,0.01
10.15,0.0051373073494457916,0.01
10.16,0.005129724608735971,0.01
10.17,0.005122160503414794,0.01
10.18,0.005114614969427417,0.01
10.19,0.005107087943001793,0.01
10.2,0.005099579360647156,0.01
10.21,0.005092089159152501,0.01
10.22,0.0050846172755850865,0.01
10.23,0.005077163647288929,0.01
10.24,0.005069728211883323,0.01
10.25,0.005062310907261362,0.01
10.26,0.005054911671588471,0.01
10.27,0.005047530443300953,0.01
10.28,0.00504016716110453,0.01
10.29,0.005032821763972917,0.01
10.3,0.005025494191146377,0.01
10.31,0.005018184382130311,0.01
10.32,0.005010892276693839,0.01
10.33,0.005003617814868399,0.01
10.34,0.0049963609369463495,0.01
10.35,0.004989121583479583,0.01
10.36,0.004981899695278156,0.01
10.37,0.004974695213408907,0.01
10.38,0.004967508079194109,0.01
10.39,0.004960338234210111,0.01
10.4,0.004953185620285994,0.01
10.41,0.004946050179502239,0.01
10.42,0.0049389318541894,0.01
10.43,0.004931830586926783,0.01
10.44,0.004924746320541141,0.01
10.45,0.004917678998105363,0.01
10.46,0.004910628562937191,0.01
10.47,0.004903594958597926,0.01
10.48,0.004896578128891157,0.01
10.49,0.004889578017861481,0.01
10.5,0.004882594569793249,0.01
10.51,0.004875627729209313,0.01
10.52,0.00486867744086977,0.01
10.53,0.00486174364977073,0.01
10.54,0.00485482630114309,0.01
10.55,0.0048479253404512925,0.01
10.56,0.004841040713392133,0.01
10.57,0.004834172365893533,0.01
10.58,0.004827320244113341,0.01
10.59,0.00482048429443815,0.01
10.6,0.0048136644634820995,0.01
10.61,0.004806860698085699,0.01
10.62,0.004800072945314661,0.01
10.63,0.004793301152458727,0.01
10.64,0.004786545267030521,0.01
10.65,0.0047798052367643866,0.01
10.66,0.0047730810096152515,0.01
10.67,0.00476637253375749,0.01
10.68,0.004759679757583789,0.01
10.69,0.004753002629704032,0.01
10.7,0.004746341098944173,0.01
10.71,0.004739695114345135,0.01
10.72,0.0047330646251617075,0.01
10.73,0.004726449580861446,0.01
10.74,0.004719849931123585,0.01
10.75,0.004713265625837955,0.01
10.76,0.004706696615103906,0.01
10.77,0.004700142849229238,0.01
10.78,0.004693604278729139,0.01
10.79,0.004687080854325128,0.01
10.8,0.004680572526943996,0.01
10.81,0.004674079247716783,0.01
10.82,0.004667600967977714,0.01
10.83,0.004661137639263184,0.01
10.84,0.004654689213310729,0.01
10.85,0.004648255642058005,0.01
10.86,0.004641836877641775,0.01
10.87,0.004635432872396903,0.01
10.88,0.004629043578855351,0.01
10.89,0.004622668949745185,0.01
10.9,0.0046163089379895874,0.01
10.91,0.0046099634967058725,0.01
10.92,0.004603632579204502,0.01
10.93,0.004597316138988127,0.01
10.94,0.004591014129750609,0.01
10.95,0.00458472650537607,0.01
10.96,0.004578453219937927,0.01
10.97,0.004572194227697956,0.01
10.98,0.00456594948310534,0.01
10.99,0.00455971894079573,0.01
11.0,0.0045535025555903195,0.01
11.01,0.004547300282494914,0.01
11.02,0.004541112076699009,0.01
11.03,0.004534937893574878,0.01
11.04,0.004528777688676657,0.01
11.05,0.0045226314177394455,0.01
11.06,0.004516499036678402,0.01
11.07,0.004510380501587848,0.01
11.08,0.004504275768740389,0.01
11.09,0.004498184794586018,0.01
11.1,0.004492107535751243,0.01
11.11,0.004486043949038215,0.01
11.12,0.004479993991423854,0.01
11.13,0.004473957620058992,0.01
11.14,0.004467934792267509,0.01
11.15,0.0044619254655454835,0.01
11.16,0.00445592959756034,0.01
11.17,0.004449947146150008,0.01
11.18,0.004443978069322086,0.01
11.19,0.004438022325253004,0.01
11.2,0.004432079872287194,0.01
11.21,0.004426150668936268,0.01
11.22,0.004420234673878198,0.01
11.23,0.004414331845956505,0.01
11.24,0.004408442144179442,0.01
11.25,0.004402565527719192,0.01
11.26,0.004396701955911071,0.01
11.27,0.004390851388252726,0.01
11.28,0.00438501378440335,0.01
11.29,0.00437918910418289,0.01
11.3,0.004373377307571263,0.01
11.31,0.004367578354707593,0.01
11.32,0.004361792205889412,0.01
11.33,0.004356018821571916,0.01
11.34,0.0043502581623671875,0.01
11.35,0.004344510189043437,0.01
11.36,0.00433877486252425,0.01
11.37,0.004333052143887832,0.01
11.38,0.004327341994366263,0.01
11.39,0.00432164437534476,0.01
11.4,0.004315959248360928,0.01
11.41,0.004310286575104032,0.01
11.42,0.004304626317414268,0.01
11.43,0.004298978437282031,0.01
11.44,0.0042933428968472,0.01
11.45,0.0042877196583984145,0.01
11.46,0.004282108684372362,0.01
11.47,0.004276509937353075,0.01
11.48,0.0042709233800712135,0.01
11.49,0.0042653489754033705,0.01
11.5,0.004259786686371373,0.01
11.51,0.004254236476141588,0.01
11.52,0.004248698308024235,0.01
11.53,0.004243172145472694,0.01
11.54,0.0042376579520828316,0.01
11.55,0.00423215569159231,0.01
11.56,0.004226665327879929,0.01
11.57,0.004221186824964943,0.01
11.58,0.0042157201470063976,0.01
11.59,0.004210265258302466,0.01
11.6,0.004204822123289791,0.01
11.61,0.004199390706542829,0.01
11.62,0.004193970972773195,0.01
11.63,0.004188562886829018,0.01
11.64,0.004183166413694293,0.01
11.65,0.00417778151848824,0.01
11.66,0.004172408166464671,0.01
11.67,0.004167046323011346,0.01
11.68,0.004161695953649354,0.01
11.69,0.004156357024032479,0.01
11.7,0.004151029499946574,0.01
11.71,0.0041457133473089495,0.01
11.72,0.004140408532167748,0.01
11.73,0.0041351150207013364,0.01
11.74,0.004129832779217691,0.01
11.75,0.004124561774153799,0.01
11.76,0.004119301972075044,0.01
11.77,0.0041140533396746195,0.01
11.78,0.004108815843772917,0.01
11.79,0.004103589451316948,0.01
11.8,0.00409837412937974,0.01
11.81,0.004093169845159764,0.01
11.82,0.004087976565980339,0.01
11.83,0.004082794259289056,0.01
11.84,0.004077622892657205,0.01
11.85,0.004072462433779189,0.01
11.86,0.00406731285047197,0.01
11.87,0.004062174110674486,0.01
11.88,0.004057046182447099,0.01
11.89,0.00405192903397102,0.01
11.9,0.004046822633547765,0.01
11.91,0.004041726949598587,0.01
11.92,0.004036641950663932,0.01
11.93,0.004031567605402886,0.01
11.94,0.004026503882592627,0.01
11.95,0.004021450751127888,0.01
11.96,0.004016408180020409,0.01
11.97,0.004011376138398406,0.01
11.98,0.00400635459550603,0.01
11.99,0.0040013435207028394,0.01
12.0,0.003996342883463273,0.01
12.01,0.003991352653376117,0.01
12.02,0.00398637280014399,0.01
12.03,0.003981403293582817,0.01
12.04,0.003976444103621314,0.01
12.05,0.003971495200300471,0.01
12.06,0.003966556553773047,0.01
12.07,0.003961628134303053,0.01
12.08,0.003956709912265249,0.01
12.09,0.003951801858144639,0.01
12.1,0.003946903942535971,0.01
12.11,0.00394201613614324,0.01
12.12,0.0039371384097791895,0.01
12.13,0.00393227073436482,0.01
12.14,0.003927413080928898,0.01
12.15,0.003922565420607473,0.01
12.16,0.00391772772464338,0.01
12.17,0.003912899964385773,0.01
12.18,0.003908082111289632,0.01
12.19,0.003903274136915293,0.01
12.2,0.0038984760129279717,0.01
12.21,0.003893687711097288,0.01
12.22,0.0038889092032968003,0.01
12.23,0.0038841404615035362,0.01
12.24,0.0038793814577975268,0.01
12.25,0.0038746321643613464,0.01
12.26,0.0038698925534796516,0.01
12.27,0.0038651625975387243,0.01
12.28,0.0038604422690260132,0.01
12.29,0.0038557315405296872,0.01
12.3,0.0038510303847381815,0.01
12.31,0.0038463387744397497,0.01
12.32,0.003841656682522019,0.01
12.33,0.0038369840819715458,0.01
12.34,0.003832320945873377,0.01
12.35,0.003827667247410611,0.01
12.36,0.003823022959863958,0.01
12.37,0.0038183880566113114,0.01
12.38,0.003813762511127312,0.01
12.39,0.0038091462969829224,0.01
12.4,0.0038045393878449966,0.01
12.41,0.0037999417574758553,0.01
12.42,0.003795353379732864,0.01
12.43,0.0037907742285680137,0.01
12.44,0.0037862042780275012,0.01
12.45,0.0037816435022513147,0.01
12.46,0.0037770918754728156,0.01
12.47,0.0037725493720183324,0.01
12.48,0.003768015966306746,0.01
12.49,0.003763491632849089,0.01
12.5,0.0037589763462481294,0.01
12.51,0.0037544700811979795,0.01
12.52,0.003749972812483686,0.01
12.53,0.003745484514980836,0.01
12.54,0.0037410051636551553,0.01
12.55,0.003736534733562119,0.01
12.56,0.0037320731998465554,0.01
12.57,0.003727620537742253,0.01
12.58,0.0037231767225715763,0.01
12.59,0.0037187417297450762,0.01
12.6,0.0037143155347611045,0.01
12.61,0.003709898113205434,0.01
12.62,0.0037054894407508743,0.01
12.63,0.0037010894931568936,0.01
12.64,0.0036966982462692467,0.01
12.65,0.003692315676019591,0.01
12.66,0.003687941758425119,0.01
12.67,0.003683576469588186,0.01
12.68,0.003679219785695943,0.01
12.69,0.0036748716830199636,0.01
12.7,0.0036705321379158855,0.01
12.71,0.0036662011268230395,0.01
12.72,0.0036618786262640948,0.01
12.73,0.003657564612844694,0.01
12.74,0.003653259063253098,0.01
12.75,0.0036489619542598253,0.01
12.76,0.003644673262717304,0.01
12.77,0.0036403929655595114,0.01
12.78,0.003636121039801633,0.01
12.79,0.0036318574625397023,0.01
12.8,0.0036276022109502618,0.01
12.81,0.003623355262290014,0.01
12.82,0.0036191165938954765,0.01
12.83,0.0036148861831826447,0.01
12.84,0.0036106640076466433,0.01
12.85,0.0036064500448613965,0.01
12.86,0.0036022442724792858,0.01
12.87,0.0035980466682308163,0.01
12.88,0.0035938572099242804,0.01
12.89,0.003589675875445434,0.01
12.9,0.0035855026427571556,0.01
12.91,0.0035813374898991243,0.01
12.92,0.0035771803949874925,0.01
12.93,0.00357303133621456,0.01
12.94,0.0035688902918484494,0.01
12.95,0.0035647572402327824,0.01
12.96,0.0035606321597863666,0.01
12.97,0.0035565150290028705,0.01
12.98,0.0035524058264505064,0.01
12.99,0.0035483045307717173,0.01
13.0,0.0035442111206828624,0.01
13.01,0.0035401255749739034,0.01
13.02,0.0035360478725080958,0.01
13.03,0.003531977992221676,0.01
13.04,0.00352791591312356,0.01
13.05,0.003523861614295026,0.01
13.06,0.003519815074889425,0.01
13.07,0.003515776274131864,0.01
13.08,0.0035117451913189096,0.01
13.09,0.00350772180581829,0.01
13.1,0.0035037060970685937,0.01
13.11,0.0034996980445789706,0.01
13.12,0.0034956976279288407,0.01
13.13,0.0034917048267675958,0.01
13.14,0.0034877196208143104,0.01
13.15,0.0034837419898574454,0.01
13.16,0.003479771913754563,0.01
13.17,0.0034758093724320343,0.01
13.18,0.0034718543458847574,0.01
13.19,0.003467906814175865,0.01
13.2,0.0034639667574364445,0.01
13.21,0.0034600341558652546,0.01
13.22,0.003456108989728443,0.01
13.23,0.0034521912393592684,0.01
13.24,0.003448280885157816,0.01
13.25,0.0034443779075907285,0.01
13.26,0.003440482287190923,0.01
13.27,0.0034365940045573205,0.01
13.28,0.00343271304035457,0.01
13.29,0.0034288393753127795,0.01
13.3,0.0034249729902272406,0.01
13.31,0.0034211138659581667,0.01
13.32,0.003417261983430417,0.01
13.33,0.003413417323633234,0.01
13.34,0.0034095798676199787,0.01
13.35,0.003405749596507864,0.01
13.36,0.003401926491477693,0.01
13.37,0.0033981105337735976,0.01
13.38,0.003394301704702779,0.01
13.39,0.003390499985635248,0.01
13.4,0.003386705358003565,0.01
13.41,0.0033829178033025894,0.01
13.42,0.003379137303089216,0.01
13.43,0.0033753638389821287,0.01
13.44,0.003371597392661544,0.01
13.45,0.0033678379458689594,0.01
13.46,0.0033640854804069024,0.01
13.47,0.003360339978138686,0.01
13.48,0.0033566014209881548,0.01
13.49,0.0033528697909394408,0.01
13.5,0.003349145070036718,0.01
13.51,0.0033454272403839586,0.01
13.52,0.0033417162841446867,0.01
13.53,0.0033380121835417426,0.01
13.54,0.003334314920857033,0.01
13.55,0.0033306244784312993,0.01
13.56,0.0033269408386638753,0.01
13.57,0.00332326398401245,0.01
13.58,0.003319593896992831,0.01
13.59,0.0033159305601787106,0.01
13.6,0.0033122739562014315,0.01
13.61,0.0033086240677497524,0.01
13.62,0.003304980877569617,0.01
13.63,0.0033013443684639255,0.01
13.64,0.0032977145232923016,0.01
13.65,0.0032940913249708643,0.01
13.66,0.0032904747564720047,0.01
13.67,0.003286864800824153,0.01
13.68,0.0032832614411115583,0.01
13.69,0.0032796646604740633,0.01
13.7,0.003276074442106881,0.01
13.71,0.003272490769260369,0.01
13.72,0.003268913625239816,0.01
13.73,0.0032653429934052167,0.01
13.74,0.0032617788571710498,0.01
13.75,0.0032582212000060707,0.01
13.76,0.0032546700054330805,0.01
13.77,0.0032511252570287235,0.01
13.78,0.003247586938423264,0.01
13.79,0.003244055033300374,0.01
13.8,0.003240529525396923,0.01
13.81,0.0032370103985027644,0.01
13.82,0.003233497636460523,0.01
13.83,0.003229991223165389,0.01
13.84,0.0032264911425649054,0.01
13.85,0.0032229973786587623,0.01
13.86,0.0032195099154985903,0.01
13.87,0.0032160287371877532,0.01
13.88,0.0032125538278811416,0.01
13.89,0.0032090851717849747,0.01
13.9,0.003205622753156591,0.01
13.91,0.00320216655630425,0.01
13.92,0.003198716565586927,0.01
13.93,0.0031952727654141187,0.01
13.94,0.003191835140245639,0.01
13.95,0.0031884036745914233,0.01
13.96,0.0031849783530113304,0.01
13.97,0.0031815591601149443,0.01
13.98,0.003178146080561382,0.01
13.99,0.0031747390990590953,0.01
14.0,0.00317133820036568,0.01
14.01,0.0031679433692876798,0.01
14.02,0.003164554590680399,0.01
14.03,0.0031611718494477057,0.01
14.04,0.003157795130541846,0.01
14.05,0.003154424418963251,0.01
14.06,0.0031510596997603546,0.01
14.07,0.003147700958029398,0.01
14.08,0.003144348178914247,0.01
14.09,0.0031410013476062086,0.01
14.1,0.003137660449343839,0.01
14.11,0.003134325469412768,0.01
14.12,0.003130996393145508,0.01
14.13,0.0031276732059212758,0.01
14.14,0.003124355893165812,0.01
14.15,0.0031210444403511946,0.01
14.16,0.003117738832995666,0.01
14.17,0.003114439056663449,0.01
14.18,0.0031111450969645714,0.01
14.19,0.003107856939554683,0.01
14.2,0.003104574570134889,0.01
14.21,0.0031012979744515627,0.01
14.22,0.0030980271382961807,0.01
14.23,0.00309476204750514,0.01
14.24,0.003091502687959591,0.01
14.25,0.0030882490455852586,0.01
14.26,0.003085001106352278,0.01
14.27,0.003081758856275017,0.01
14.28,0.0030785222814119083,0.01
14.29,0.00307529136786528,0.01
14.3,0.003072066101781186,0.01
14.31,0.003068846469349239,0.01
14.32,0.0030656324568024435,0.01
14.33,0.0030624240504170267,0.01
14.34,0.003059221236512275,0.01
14.35,0.0030560240014503694,0.01
14.36,0.00305283233163622,0.01
14.37,0.003049646213517301,0.01
14.38,0.003046465633583493,0.01
14.39,0.0030432905783669153,0.01
14.4,0.003040121034441769,0.01
14.41,0.0030369569884241723,0.01
14.42,0.0030337984269720036,0.01
14.43,0.0030306453367847422,0.01
14.44,0.0030274977046033085,0.01
14.45,0.003024355517209907,0.01
14.46,0.0030212187614278695,0.01
14.47,0.0030180874241214984,0.01
14.48,0.0030149614921959125,0.01
14.49,0.0030118409525968885,0.01
14.5,0.003008725792310712,0.01
14.51,0.0030056159983640187,0.01
14.52,0.003002511557823646,0.01
14.53,0.002999412457796478,0.01
14.54,0.002996318685429295,0.01
14.55,0.002993230227908622,0.01
14.56,0.0029901470724605817,0.01
14.57,0.0029870692063507405,0.01
14.58,0.002983996616883962,0.01
14.59,0.0029809292914042594,0.01
14.6,0.0029778672172946466,0.01
14.61,0.0029748103819769935,0.01
14.62,0.0029717587729118774,0.01
14.63,0.002968712377598439,0.01
14.64,0.0029656711835742383,0.01
14.65,0.002962635178415107,0.01
14.66,0.0029596043497350094,0.01
14.67,0.0029565786851858955,0.01
14.68,0.0029535581724575623,0.01
14.69,0.002950542799277509,0.01
14.7,0.0029475325534107978,0.01
14.71,0.0029445274226599116,0.01
14.72,0.0029415273948646195,0.01
14.73,0.0029385324579018286,0.01
14.74,0.0029355425996854547,0.01
14.75,0.002932557808166278,0.01
14.76,0.002929578071331807,0.01
14.77,0.002926603377206145,0.01
14.78,0.0029236337138498505,0.01
14.79,0.0029206690693598034,0.01
14.8,0.002917709431869067,0.01
14.81,0.00291475478954676,0.01
14.82,0.0029118051305979157,0.01
14.83,0.0029088604432633523,0.01
14.84,0.0029059207158195414,0.01
14.85,0.0029029859365784726,0.01
14.86,0.002900056093887525,0.01
14.87,0.002897131176129336,0.01
14.88,0.0028942111717216675,0.01
14.89,0.0028912960691172824,0.01
14.9,0.0028883858568038096,0.01
14.91,0.0028854805233036176,0.01
14.92,0.0028825800571736894,0.01
14.93,0.002879684447005488,0.01
14.94,0.002876793681424838,0.01
14.95,0.0028739077490917914,0.01
14.96,0.002871026638700507,0.01
14.97,0.0028681503389791246,0.01
14.98,0.002865278838689636,0.01
14.99,0.002862412126627767,0.01
0.0,inf,0.01
0.01,166.12485404699274,0.01
0.02,58.734005410127025,0.01
0.03,31.97074306770618,0.01
0.04,20.765606755874092,0.01
0.05,14.858658656052272,0.01
0.06,11.303364611373926,0.01
0.07,8.969898987658055,0.01
0.08,7.341750676265878,0.01
0.09,6.152772372110842,0.01
0.1,5.253329147515377,0.01
0.11,4.5535025555903195,0.01
0.12,3.9963428834632726,0.01
0.13,3.544211120682862,0.01
0.14,3.1713382003656796,0.01
0.15,2.859550191622848,0.01
0.16,2.5957008444842615,0.01
0.17,2.3700703123739397,0.01
0.18,2.1753335337084083,0.01
0.19,2.0058765950174107,0.01
0.2,1.857332332006534,0.01
0.21,1.7262578650427105,0.01
0.22,1.6099062676040945,0.01
0.23,1.5060620261706852,0.01
0.24,1.4129205764217407,0.01
0.25,1.3289988323759419,0.01
0.26,1.2530678586958124,0.01
0.27,1.184101595100229,0.01
0.28,1.121237373457257,0.01
0.29,1.0637452052368863,0.01
0.3,1.0110036658199035,0.01
0.31,0.9624807930730332,0.01
0.32,0.9177188345332348,0.01
0.33,0.8763219754085734,0.01
0.34,0.8379463948842658,0.01
0.35,0.8022921555083986,0.01
0.36,0.7690965465138553,0.01
0.37,0.7381285884209701,0.01
0.38,0.7091844712800967,0.01
0.39,0.6820837481970385,0.01
0.4,0.6566661434394221,0.01
0.41,0.6327888634076703,0.01
0.42,0.6103243212241563,0.01
0.43,0.5891582032297443,0.01
0.44,0.5691878194487899,0.01
0.45,0.550320690964899,0.01
0.46,0.5324733357964214,0.01
0.47,0.515570221769225,0.01
0.48,0.4995428604329091,0.01
0.49,0.48432902054516835,0.01
0.5,0.46987204328101606,0.01
0.51,0.45612024428247816,0.01
0.52,0.44302639008535777,0.01
0.53,0.430547238448841,0.01
0.54,0.41864313375458967,0.01
0.55,0.4072776500007588,0.01
0.56,0.39641727504570995,0.01
0.5700000000000001,0.3860311306981572,0.01
0.58,0.376090724038839,0.01
0.59,0.3665697260207847,0.01
0.6,0.357443773952856,0.01
0.61,0.34869029494237175,0.01
0.62,0.340288347771874,0.01
0.63,0.33221848102437246,0.01
0.64,0.3244626055605327,0.01
0.65,0.3170038796983036,0.01
0.66,0.3098266056570965,0.01
0.67,0.3029161360103493,0.01
0.68,0.29625878904674247,0.01
0.6900000000000001,0.28984177207530604,0.01
0.7000000000000001,0.28365311182638037,0.01
0.71,0.277681591201552,0.01
0.72,0.27191669171355104,0.01
0.73,0.26634854103355865,0.01
0.74,0.2609678651300611,0.01
0.75,0.25576594454164947,0.01
0.76,0.25073457437717633,0.01
0.77,0.24586602768140922,0.01
0.78,0.24115302184363174,0.01
0.79,0.2365886877612318,0.01
0.8,0.23216654150081675,0.01
0.81,0.22788045822632746,0.01
0.8200000000000001,0.22372464818744578,0.01
0.8300000000000001,0.21969363458269245,0.01
0.84,0.2157822331303388,0.01
0.85,0.21198553319689162,0.01
0.86,0.20829888034771715,0.01
0.87,0.20471786019756333,0.01
0.88,0.2012382834505118,0.01
0.89,0.19785617202941383,0.01
0.9,0.19456774620427322,0.01
0.91,0.19136941263747723,0.01
0.92,0.18825775327133565,0.01
0.93,0.18522951499018672,0.01
0.94,0.18228159999543558,0.01
0.95,0.17941105683738987,0.01
0.96,0.1766150720527176,0.01
0.97,0.17389096236082088,0.01
0.98,0.1712361673764636,0.01
0.99,0.1686482427996415,0.01
1.0,0.16612485404699273,0.01
1.01,0.1636637702920438,0.01
1.02,0.16126285888430242,0.01
1.03,0.15892008011968148,0.01
1.04,0.15663348233697655,0.01
1.05,0.1544011973171663,0.01
1.06,0.15222143596415846,0.01
1.07,0.1500924842473019,0.01
1.08,0.14801269938752862,0.01
1.09,0.14598050627040093,0.01
1.1,0.1439943940706289,0.01
1.11,0.14205291307380183,0.01
1.12,0.14015467168215712,0.01
1.13,0.13829833359219945,0.01
1.14,0.13648261513288876,0.01
1.15,0.1347062827539488,0.01
1.16,0.1329681506546108,0.01
1.17,0.13126707854380973,0.01
1.18,0.12960196952349584,0.01
1.19,0.12797176808731867,0.01
1.2,0.12637545822748794,0.01
1.21,0.12481206164312002,0.01
1.22,0.1232806360438442,0.01
1.23,0.12178027354287191,0.01
1.24,0.12031009913412916,0.01
1.25,0.11886926924841817,0.01
1.26,0.11745697038391409,0.01
1.27,0.11607241780661483,0.01
1.28,0.11471485431665435,0.01
1.29,0.11338354907665638,0.01
1.3,0.11207779649855752,0.01
1.31,0.11079691518555755,0.01
1.32,0.10954024692607167,0.01
1.33,0.10830715573675694,0.01
1.34,0.10709702695187226,0.01
1.35,0.10590926635640174,0.01
1.36,0.10474329936053323,0.01
1.37,0.10359857021323175,0.01
1.38,0.10247454125278732,0.01
1.39,0.10137069219234544,0.01
1.4,0.10028651943854983,0.01
1.41,0.09922153544153901,0.01
1.42,0.09817526807464408,0.01
1.43,0.09714726004223202,0.01
1.44,0.09613706831423191,0.01
1.45,0.09514426358596573,0.01
1.46,0.09416842976198637,0.01
1.47,0.09320916346270024,0.01
1.48,0.09226607355262126,0.01
1.49,0.09133878068916991,0.01
1.5,0.0904269168909914,0.01
1.51,0.0895301251248252,0.01
1.52,0.08864805891001208,0.01
1.53,0.08778038193977554,0.01
1.54,0.08692676771846193,0.01
1.55,0.08608689921396843,0.01
1.56,0.08526046852462982,0.01
1.57,0.08444717655987445,0.01
1.58,0.08364673273399688,0.01
1.59,0.08285885467242946,0.01
1.6,0.08208326792992776,0.01
1.61,0.08131970572011597,0.01
1.62,0.08056790865586695,0.01
1.63,0.07982762450001919,0.01
1.64,0.07909860792595878,0.01
1.65,0.07838062028761877,0.01
1.66,0.07767342939847062,0.01
1.67,0.07697680931910515,0.01
1.68,0.07629054015301953,0.01
1.69,0.07561440785024703,0.01
1.7,0.07494820401848402,0.01
1.71,0.0742917257413856,0.01
1.72,0.07364477540371804,0.01
1.73,0.07300716052307123,0.01
1.74,0.07237869358784832,0.01
1.75,0.07175919190126445,0.01
1.76,0.07114847743109874,0.01
1.77,0.07054637666495579,0.01
1.78,0.0699527204708053,0.01
1.79,0.06936734396257868,0.01
1.8,0.06879008637061237,0.01
1.81,0.06822079091673733,0.01
1.82,0.06765930469382336,0.01
1.83,0.06710547854959611,0.01
1.84,0.06655916697455268,0.01
1.85,0.06602022799381012,0.01
1.86,0.06548852306272815,0.01
1.87,0.06496391696615515,0.01
1.88,0.06444627772115312,0.01
1.89,0.06393547648306334,0.01
1.9,0.06343138745478173,0.01
1.91,0.06293388779911724,0.01
1.92,0.062442857554113634,0.01
1.93,0.06195817955121937,0.01
1.94,0.06147973933619558,0.01
1.95,0.06100742509265713,0.01
1.96,0.060541127568146044,0.01
1.97,0.06008074000264104,0.01
1.98,0.05962615805941092,0.01
1.99,0.05917727975812369,0.01
2.0,0.05873400541012701,0.01
2.01,0.058296237555818836,0.01
2.02,0.057863880904030794,0.01
2.03,0.05743684227335029,0.01
2.04,0.05701503053530977,0.01
2.05,0.05659835655937521,0.01
2.06,0.0561867331596681,0.01
2.07,0.05578007504335871,0.01
2.08,0.05537829876066972,0.01
2.09,0.05498132265643325,0.01
2.1,0.05458906682314524,0.01
2.11,0.05420145305546452,0.01
2.12,0.05381840480610513,0.01
2.13,0.05343984714307323,0.01
2.14,0.05306570670820113,0.01
2.15,0.052695911676933785,0.01
2.16,0.05233039171932371,0.01
2.17,0.05196907796219316,0.01
2.18,0.051611902952422906,0.01
2.19,0.05125880062132973,0.01
2.2,0.05090970625009485,0.01
2.21,0.050564556436208254,0.01
2.22,0.05022328906089422,0.01
2.23,0.04988584325748548,0.01
2.24,0.049552159380713744,0.01
2.25,0.049222178976886743,0.01
2.26,0.048895844754921765,0.01
2.27,0.04857310055820794,0.01
2.28,0.04825389133726967,0.01
2.29,0.04793816312320515,0.01
2.3000000000000003,0.04762586300187482,0.01
2.31,0.0473169390888152,0.01
2.32,0.04701134050485487,0.01
2.33,0.04670901735240999,0.01
2.34,0.04640992069243751,0.01
2.35,0.046114002522025146,0.01
2.36,0.045821215752598086,0.01
2.37,0.045531514188722505,0.01
2.38,0.04524485250748763,0.01
2.39,0.04496118623844772,0.01
2.4,0.044680471744107,0.01
2.41,0.04440266620092998,0.01
2.42,0.04412772758086178,0.01
2.43,0.04385561463334182,0.01
2.44,0.04358628686779647,0.01
2.45,0.04331970453659554,0.01
2.46,0.04305582861845872,0.01
2.47,0.04279462080229815,0.01
2.48,0.04253604347148425,0.01
2.49,0.04228005968852158,0.01
2.5,0.042026633180123014,0.01
2.51,0.041775728322669826,0.01
2.52,0.04152731012804656,0.01
2.53,0.04128134422983948,0.01
2.54,0.04103779686988777,0.01
2.5500000000000003,0.04079663488517723,0.01
2.56,0.040557825695066586,0.01
2.57,0.04032133728883624,0.01
2.58,0.04008713821355071,0.01
2.59,0.03985519756222525,0.01
2.6,0.03962548496228795,0.01
2.61,0.03939797056432913,0.01
2.62,0.039172625031129255,0.01
2.63,0.03894941952695816,0.01
2.64,0.038728325707137065,0.01
2.65,0.038509315707856796,0.01
2.66,0.038292362136244165,0.01
2.67,0.038077438060670314,0.01
2.68,0.03786451700129366,0.01
2.69,0.03765357292083125,0.01
2.7,0.03744458021555197,0.01
2.71,0.037237513706485835,0.01
2.72,0.03703234863084281,0.01
2.73,0.036829060633636015,0.01
2.74,0.036627625759503415,0.01
2.75,0.036428020444722556,0.01
2.76,0.036230221509413255,0.01
2.77,0.036034206149923115,0.01
2.78,0.035839951931390834,0.01
2.79,0.03564743678048272,0.01
2.8000000000000003,0.035456638978297546,0.01
2.81,0.03526753715343554,0.01
2.82,0.0350801102752268,0.01
2.83,0.034894337647115296,0.01
2.84,0.034710198900194,0.01
2.85,0.03452767398688742,0.01
2.86,0.0343467431747776,0.01
2.87,0.03416738704056971,0.01
2.88,0.03398958646419388,0.01
2.89,0.03381332262303943,0.01
2.9,0.03363857698631833,0.01
2.91,0.03346533130955434,0.01
2.92,0.03329356762919483,0.01
2.93,0.033123268257341985,0.01
2.94,0.032954415776600354,0.01
2.95,0.03278699303503792,0.01
2.96,0.03262098314125764,0.01
2.97,0.03245636945957679,0.01
2.98,0.032293135605311454,0.01
2.99,0.03213126544016327,0.01
3.0,0.031970743067706184,0.01
3.01,0.03181155282897051,0.01
3.02,0.03165367929812199,0.01
3.03,0.031497107278233516,0.01
3.04,0.03134182179714704,0.01
3.0500000000000003,0.03118780810342377,0.01
3.06,0.031035051662380214,0.01
3.0700000000000003,0.030883538152208095,0.01
3.08,0.030733253460176153,0.01
3.09,0.030584183678911664,0.01
3.1,0.030436315102759973,0.01
3.11,0.03028963422422001,0.01
3.12,0.030144127730453968,0.01
3.13,0.02999978249986949,0.01
3.14,0.029856585598772443,0.01
3.15,0.029714524278088836,0.01
3.16,0.029573585970153974,0.01
3.17,0.029433758285567543,0.01
3.18,0.029295029010112758,0.01
3.19,0.02915738610173843,0.01
3.2,0.029020817687602094,0.01
3.21,0.028885312061173146,0.01
3.22,0.028750857679394243,0.01
3.23,0.02861744315989994,0.01
3.24,0.028485057278290933,0.01
3.25,0.0283536889654629,0.01
3.26,0.02822332730498848,0.01
3.27,0.028093961530551277,0.01
3.28,0.027965581023430726,0.01
3.29,0.027838175310036503,0.01
3.3000000000000003,0.027711734059491552,0.01
3.31,0.02758624708126253,0.01
3.3200000000000003,0.027461704322836556,0.01
3.33,0.027338095867443336,0.01
3.34,0.027215411931821545,0.01
3.35,0.02709364286402852,0.01
3.36,0.02697277914129235,0.01
3.37,0.026852811367905238,0.01
3.38,0.026733730273157494,0.01
3.39,0.026615526709311003,0.01
3.4,0.026498191649611452,0.01
3.41,0.026381716186338413,0.01
3.42,0.026266091528892466,0.01
3.43,0.02615130900191853,0.01
3.44,0.026037360043464644,0.01
3.45,0.025924236203175383,0.01
3.46,0.025811929140519243,0.01
3.47,0.025700430623049133,0.01
3.48,0.025589732524695416,0.01
3.49,0.025479826824090644,0.01
3.5,0.02537070560292544,0.01
3.51,0.02526236104433477,0.01
3.52,0.025154785431313977,0.01
3.53,0.025047971145164064,0.01
3.54,0.02494191066396533,0.01
3.5500000000000003,0.02483659656107911,0.01
3.56,0.02473202150367673,0.01
3.5700000000000003,0.024628178251295263,0.01
3.58,0.024525059654419548,0.01
3.59,0.02442265865308976,0.01
3.6,0.024320968275534153,0.01
3.61,0.024219981636826468,0.01
3.62,0.0241196919375673,0.01
3.63,0.024020092462589168,0.01
3.64,0.023921176579684653,0.01
3.65,0.023822937738357173,0.01
3.66,0.023725369468593906,0.01
3.67,0.0236284653796605,0.01
3.68,0.023532219158916956,0.01
3.69,0.023436624570654457,0.01
3.7,0.023341675454952537,0.01
3.71,0.02324736572655633,0.01
3.72,0.02315368937377334,0.01
3.73,0.023060640457389515,0.01
3.74,0.022968213109604056,0.01
3.75,0.02287640153298278,0.01
3.76,0.022785199999429448,0.01
3.77,0.022694602849174902,0.01
3.78,0.022604604489783568,0.01
3.79,0.02251519939517692,0.01
3.8,0.022426382104673733,0.01
3.81,0.022338147222046592,0.01
3.82,0.022250489414594565,0.01
3.83,0.022163403412231466,0.01
3.84,0.0220768840065897,0.01
3.85,0.021990926050139043,0.01
3.86,0.02190552445532045,0.01
3.87,0.021820674193694233,0.01
3.88,0.02173637029510261,0.01
3.89,0.021652607846846167,0.01
3.9,0.02156938199287409,0.01
3.91,0.021486687932987834,0.01
3.92,0.02140452092205795,0.01
3.93,0.02132287626925393,0.01
3.94,0.021241749337286675,0.01
3.95,0.021161135541663476,0.01
3.96,0.021081030349955187,0.01
3.97,0.021001429281075384,0.01
3.98,0.020922327904571342,0.01
3.99,0.02084372183992645,0.01
4.0,0.02076560675587409,0.01
4.01,0.02068797836972252,0.01
4.0200000000000005,0.020610832446690687,0.01
4.03,0.02053416479925483,0.01
4.04,0.020457971286505474,0.01
4.05,0.020382247813514776,0.01
4.0600000000000005,0.020306990330714064,0.01
4.07,0.020232194833281213,0.01
4.08,0.020157857360537802,0.01
4.09,0.020083973995355896,0.01
4.1,0.020010540863574157,0.01
4.11,0.01993755413342323,0.01
4.12,0.019865010014960185,0.01
4.13,0.019792904759511815,0.01
4.14,0.019721234659126723,0.01
4.15,0.019649996046035956,0.01
4.16,0.01957918529212207,0.01
4.17,0.019508798808396444,0.01
4.18,0.01943883304448476,0.01
4.19,0.019369284488120406,0.01
4.2,0.01930014966464579,0.01
4.21,0.019231425136521256,0.01
4.22,0.01916310750284164,0.01
4.23,0.019095193398860177,0.01
4.24,0.019027679495519808,0.01
4.25,0.018960562498991515,0.01
4.26,0.018893839150219815,0.01
4.2700000000000005,0.018827506224475075,0.01
4.28,0.018761560530912737,0.01
4.29,0.01869599891213908,0.01
4.3,0.01863081824378363,0.01
4.3100000000000005,0.018566015434077997,0.01
4.32,0.018501587423441077,0.01
4.33,0.01843753118407038,0.01
4.34,0.018373843719539578,0.01
4.3500000000000005,0.018310522064402,0.01
4.36,0.018247563283800117,0.01
4.37,0.018184964473080677,0.01
4.38,0.01812272275741573,0.01
4.39,0.018060835291429135,0.01
4.4,0.01799929925882861,0.01
4.41,0.017938111872043267,0.01
4.42,0.017877270371866368,0.01
4.43,0.01781677202710339,0.01
4.44,0.01775661413422523,0.01
4.45,0.01769679401702647,0.01
4.46,0.017637309026288597,0.01
4.47,0.017578156539448143,0.01
4.48,0.01751933396026964,0.01
4.49,0.017460838718523285,0.01
4.5,0.017402668269667264,0.01
4.51,0.01734482009453468,0.01
4.5200000000000005,0.017287291699024928,0.01
4.53,0.017230080613799565,0.01
4.54,0.017173184393982455,0.01
4.55,0.017116600618864258,0.01
4.5600000000000005,0.017060326891611088,0.01
4.57,0.017004360838977356,0.01
4.58,0.016948700111022626,0.01
4.59,0.016893342380832524,0.01
4.6000000000000005,0.016838285344243593,0.01
4.61,0.016783526719571992,0.01
4.62,0.01672906424734602,0.01
4.63,0.016674895690042428,0.01
4.64,0.01662101883182635,0.01
4.65,0.016567431478294953,0.01
4.66,0.01651413145622461,0.01
4.67,0.016461116613321593,0.01
4.68,0.016408384817976216,0.01
4.69,0.01635593395902044,0.01
4.7,0.016303761945488767,0.01
4.71,0.016251866706382456,0.01
4.72,0.01620024619043698,0.01
4.73,0.016148898365892686,0.01
4.74,0.01609782122026859,0.01
4.75,0.016047012760139288,0.01
4.76,0.015996471010914833,0.01
4.7700000000000005,0.015946194016623744,0.01
4.78,0.015896179839698835,0.01
4.79,0.015846426560766028,0.01
4.8,0.015796932278435993,0.01
4.8100000000000005,0.01574769510909859,0.01
4.82,0.01569871318672015,0.01
4.83,0.015649984662643373,0.01
4.84,0.015601507705390002,0.01
4.8500000000000005,0.015553280500466112,0.01
4.86,0.01550530125016999,0.01
4.87,0.015457568173402594,0.01
4.88,0.015410079505480526,0.01
4.89,0.015362833497951481,0.01
4.9,0.015315828418412177,0.01
4.91,0.015269062550328661,0.01
4.92,0.015222534192858989,0.01
4.93,0.015176241660678267,0.01
4.94,0.015130183283805958,0.01
4.95,0.015084357407435512,0.01
4.96,0.015038762391766144,0.01
4.97,0.014993396611836896,0.01
4.98,0.014948258457362798,0.01
4.99,0.014903346332573224,0.01
5.0,0.014858658656052272,0.01
5.01,0.014814193860581285,0.01
5.0200000000000005,0.01476995039298337,0.01
5.03,0.014725926713969953,0.01
5.04,0.014682121297989261,0.01
5.05,0.01463853263307682,0.01
5.0600000000000005,0.014595159220707823,0.01
5.07,0.014551999575651427,0.01
5.08,0.014509052225826853,0.01
5.09,0.01446631571216141,0.01
5.1000000000000005,0.014423788588450243,0.01
5.11,0.014381469421217935,0.01
5.12,0.014339356789581793,0.01
5.13,0.014297449285116939,0.01
5.14,0.014255745511723057,0.01
5.15,0.014214244085492826,0.01
5.16,0.014172943634582047,0.01
5.17,0.014131842799081341,0.01
5.18,0.014090940230889516,0.01
5.19,0.014050234593588463,0.01
5.2,0.01400972456231969,0.01
5.21,0.013969408823662294,0.01
5.22,0.013929286075512559,0.01
5.23,0.013889355026964954,0.01
5.24,0.013849614398194694,0.01
5.25,0.013810062920341683,0.01
5.26,0.013770699335395918,0.01
5.2700000000000005,0.013731522396084326,0.01
5.28,0.013692530865758959,0.01
5.29,0.013653723518286573,0.01
5.3,0.013615099137939585,0.01
5.3100000000000005,0.013576656519288318,0.01
5.32,0.013538394467094617,0.01
5.33,0.013500311796206707,0.01
5.34,0.013462407331455362,0.01
5.3500000000000005,0.013424679907551336,0.01
5.36,0.013387128368984032,0.01
5.37,0.013349751569921384,0.01
5.38,0.013312548374110965,0.01
5.39,0.013275517654782274,0.01
5.4,0.013238658294550218,0.01
5.41,0.013201969185319741,0.01
5.42,0.013165449228191572,0.01
5.43,0.01312909733336916,0.01
5.44,0.013092912420066653,0.01
5.45,0.013056893416418032,0.01
5.46,0.013021039259387279,0.01
5.47,0.012985348894679647,0.01
5.48,0.012949821276653969,0.01
5.49,0.01291445536823599,0.01
5.5,0.012879250140832759,0.01
5.51,0.012844204574247979,0.01
5.5200000000000005,0.012809317656598413,0.01
5.53,0.012774588384231225,0.01
5.54,0.012740015761642314,0.01
5.55,0.01270559880139558,0.01
5.5600000000000005,0.012671336524043177,0.01
5.57,0.012637227958046655,0.01
5.58,0.01260327213969904,0.01
5.59,0.012569468113047794,0.01
5.6000000000000005,0.012535814929818725,0.01
5.61,0.012502311649340726,0.01
5.62,0.012468957338471386,0.01
5.63,0.0124357510715235,0.01
5.64,0.012402691930192377,0.01
5.65,0.012369779003484025,0.01
5.66,0.012337011387644132,0.01
5.67,0.01230438818608787,0.01
5.68,0.01227190850933051,0.01
5.69,0.012239571474918812,0.01
5.7,0.01220737620736323,0.01
5.71,0.012175321838070819,0.01
5.72,0.012143407505279003,0.01
5.73,0.012111632353990013,0.01
5.74,0.0120799955359061,0.01
5.75,0.01204849620936548,0.01
5.76,0.012017133539278989,0.01
5.7700000000000005,0.011985906697067467,0.01
5.78,0.01195481486059984,0.01
5.79,0.01192385721413189,0.01
5.8,0.011893032948245716,0.01
5.8100000000000005,0.011862341259789869,0.01
5.82,0.011831781351820178,0.01
5.83,0.011801352433541188,0.01
5.84,0.011771053720248297,0.01
5.8500000000000005,0.011740884433270505,0.01
5.86,0.011710843799913818,0.01
5.87,0.011680931053405263,0.01
5.88,0.01165114543283753,0.01
5.89,0.011621486183114224,0.01
5.9,0.011591952554895707,0.01
5.91,0.011562543804545574,0.01
5.92,0.011533259194077657,0.01
5.93,0.011504097991103662,0.01
5.94,0.011475059468781353,0.01
5.95,0.01144614290576331,0.01
5.96,0.011417347586146239,0.01
5.97,0.011388672799420836,0.01
5.98,0.011360117840422205,0.01
5.99,0.011331682009280804,0.01
6.0,0.011303364611373925,0.01
6.01,0.011275164957277687,0.01
6.0200000000000005,0.01124708236271957,0.01
6.03,0.011219116148531457,0.01
6.04,0.01119126564060315,0.01
6.05,0.011163530169836419,0.01
6.0600000000000005,0.01113590907209954,0.01
6.07,0.011108401688182301,0.01
6.08,0.01108100736375151,0.01
6.09,0.011053725449306953,0.01
6.1000000000000005,0.011026555300137852,0.01
6.11,0.010999496276279767,0.01
6.12,0.010972547742471942,0.01
6.13,0.010945709068115143,0.01
6.140000000000001,0.010918979627229902,0.01
6.15,0.01089235879841523,0.01
6.16,0.010865845964807741,0.01
6.17,0.010839440514041237,0.01
6.18,0.010813141838206685,0.01
6.19,0.010786949333812634,0.01
6.2,0.010760862401746054,0.01
6.21,0.010734880447233558,0.01
6.22,0.01070900287980305,0.01
6.23,0.01068322911324577,0.01
6.24,0.010657558565578727,0.01
6.25,0.010631990659007535,0.01
6.26,0.010606524819889615,0.01
6.2700000000000005,0.0105811604786978,0.01
6.28,0.010555897069984306,0.01
6.29,0.010530734032345068,0.01
6.3,0.010505670808384458,0.01
6.3100000000000005,0.01048070684468036,0.01
6.32,0.01045584159174961,0.01
6.33,0.010431074504013768,0.01
6.34,0.010406405039765268,0.01
6.3500000000000005,0.01038183266113391,0.01
6.36,0.010357356834053682,0.01
6.37,0.010332977028229919,0.01
6.38,0.010308692717106818,0.01
6.390000000000001,0.010284503377835258,0.01
6.4,0.01026040849124097,0.01
6.41,0.010236407541793007,0.01
6.42,0.010212500017572549,0.01
6.43,0.010188685410242019,0.01
6.44,0.010164963215014497,0.01
6.45,0.010141332930623487,0.01
6.46,0.010117794059292915,0.01
6.47,0.010094346106707498,0.01
6.48,0.010070988581983369,0.01
6.49,0.010047720997639018,0.01
6.5,0.010024542869566501,0.01
6.51,0.010001453717002954,0.01
6.5200000000000005,0.009978453062502397,0.01
6.53,0.009955540431907791,0.01
6.54,0.0099327153543234,0.01
6.55,0.00990997736208742,0.01
6.5600000000000005,0.009887325990744848,0.01
6.57,0.009864760779020692,0.01
6.58,0.009842281268793366,0.01
6.59,0.009819887005068388,0.01
6.6000000000000005,0.009797577535952345,0.01
6.61,0.00977535241262708,0.01
6.62,0.009753211189324169,0.01
6.63,0.009731153423299617,0.01
6.640000000000001,0.009709178674808826,0.01
6.65,0.009687286507081795,0.01
6.66,0.009665476486298556,0.01
6.67,0.009643748181564873,0.01
6.68,0.009622101164888144,0.01
6.69,0.009600535011153571,0.01
6.7,0.009579049298100542,0.01
6.71,0.009557643606299225,0.01
6.72,0.009536317519127441,0.01
6.73,0.009515070622747703,0.01
6.74,0.009493902506084504,0.01
6.75,0.009472812760801832,0.01
6.76,0.00945180098128088,0.01
6.7700000000000005,0.009430866764597978,0.01
6.78,0.009410009710502742,0.01
6.79,0.009389229421396432,0.01
6.8,0.009368525502310503,0.01
6.8100000000000005,0.00934789756088537,0.01
6.82,0.009327345207349397,0.01
6.83,0.009306868054498032,0.01
6.84,0.0092864657176732,0.01
6.8500000000000005,0.009266137814742843,0.01
6.86,0.009245883966080698,0.01
6.87,0.00922570379454623,0.01
6.88,0.009205596925464755,0.01
6.890000000000001,0.009185562986607795,0.01
6.9,0.009165601608173556,0.01
6.91,0.009145712422767639,0.01
6.92,0.009125895065383903,0.01
6.93,0.009106149173385527,0.01
6.94,0.009086474386486222,0.01
6.95,0.009066870346731664,0.01
6.96,0.00904733669848104,0.01
6.97,0.009027873088388826,0.01
6.98,0.009008479165386694,0.01
6.99,0.008989154580665603,0.01
7.0,0.008969898987658056,0.01
7.01,0.008950712042020519,0.01
7.0200000000000005,0.00893159340161599,0.01
7.03,0.008912542726496771,0.01
7.04,0.008893559678887343,0.01
7.05,0.008874643923167436,0.01
7.0600000000000005,0.008855795125855237,0.01
7.07,0.008837012955590792,0.01
7.08,0.008818297083119474,0.01
7.09,0.008799647181275707,0.01
7.1000000000000005,0.008781062924966762,0.01
7.11,0.008762543991156734,0.01
7.12,0.008744090058850662,0.01
7.13,0.00872570080907879,0.01
7.140000000000001,0.008707375924880963,0.01
7.15,0.008689115091291194,0.01
7.16,0.008670917995322333,0.01
7.17,0.0086527843259509,0.01
7.18,0.008634713774102042,0.01
7.19,0.00861670603263464,0.01
7.2,0.008598760796326547,0.01
7.21,0.00858087776185994,0.01
7.22,0.008563056627806825,0.01
7.23,0.008545297094614674,0.01
7.24,0.008527598864592166,0.01
7.25,0.008509961641895089,0.01
7.26,0.00849238513251234,0.01
7.27,0.008474869044252065,0.01
7.28,0.00845741308672792,0.01
7.29,0.008440016971345462,0.01
7.3,0.008422680411288635,0.01
7.31,0.008405403121506408,0.01
7.32,0.008388184818699514,0.01
7.33,0.00837102522130731,0.01
7.34,0.008353924049494756,0.01
7.35,0.008336881025139497,0.01
7.36,0.008319895871819085,0.01
7.37,0.008302968314798286,0.01
7.38,0.00828609808101651,0.01
7.390000000000001,0.008269284899075358,0.01
7.4,0.008252528499226265,0.01
7.41,0.008235828613358268,0.01
7.42,0.008219184974985855,0.01
7.43,0.008202597319236962,0.01
7.44,0.008186065382841019,0.01
7.45,0.00816958890411716,0.01
7.46,0.008153167622962487,0.01
7.47,0.008136801280840463,0.01
7.48,0.008120489620769394,0.01
7.49,0.00810423238731103,0.01
7.5,0.008088029326559228,0.01
7.51,0.00807188018612875,0.01
7.52,0.00805578471514414,0.01
7.53,0.008039742664228697,0.01
7.54,0.008023753785493557,0.01
7.55,0.008007817832526838,0.01
7.56,0.007991934560382918,0.01
7.57,0.007976103725571773,0.01
7.58,0.00796032508604843,0.01
7.59,0.007944598401202476,0.01
7.6,0.007928923431847716,0.01
7.61,0.007913299940211853,0.01
7.62,0.007897727689926292,0.01
7.63,0.00788220644601604,0.01
7.640000000000001,0.007866735974889653,0.01
7.65,0.007851316044329319,0.01
7.66,0.007835946423480969,0.01
7.67,0.007820626882844529,0.01
7.68,0.007805357194264204,0.01
7.69,0.007790137130918886,0.01
7.7,0.007774966467312608,0.01
7.71,0.0077598449792651005,0.01
7.72,0.007744772443902421,0.01
7.73,0.0077297486396476645,0.01
7.74,0.007714773346211748,0.01
7.75,0.007699846344584267,0.01
7.76,0.007684967417024447,0.01
7.77,0.0076701363470521545,0.01
7.78,0.007655352919438987,0.01
7.79,0.007640616920199438,0.01
7.8,0.007625928136582141,0.01
7.81,0.007611286357061166,0.01
7.82,0.007596691371327429,0.01
7.83,0.007582142970280122,0.01
7.84,0.0075676409460182555,0.01
7.85,0.007553185091832245,0.01
7.86,0.0075387752021955825,0.01
7.87,0.007524411072756573,0.01
7.88,0.00751009250033013,0.01
7.890000000000001,0.007495819282889651,0.01
7.9,0.0074815912195589545,0.01
7.91,0.007467408110604281,0.01
7.92,0.007453269757426365,0.01
7.930000000000001,0.007439175962552561,0.01
7.94,0.007425126529629063,0.01
7.95,0.007411121263413134,0.01
7.96,0.007397159969765461,0.01
7.97,0.007383242455642528,0.01
7.98,0.007369368529089066,0.01
7.99,0.007355537999230575,0.01
8.0,0.007341750676265876,0.01
8.01,0.00732800637145977,0.01
8.02,0.007314304897135705,0.01
8.03,0.007300646066668539,0.01
8.040000000000001,0.007287029694477353,0.01
8.05,0.007273455596018313,0.01
8.06,0.007259923587777596,0.01
8.07,0.007246433487264373,0.01
8.08,0.007232985113003849,0.01
8.09,0.0072195782845303515,0.01
8.1,0.007206212822380491,0.01
8.11,0.007192888548086357,0.01
8.120000000000001,0.007179605284168784,0.01
8.13,0.0071663628541306585,0.01
8.14,0.007153161082450289,0.01
8.15,0.007139999794574823,0.01
8.16,0.007126878816913721,0.01
8.17,0.007113797976832283,0.01
8.18,0.007100757102645217,0.01
8.19,0.007087756023610269,0.01
8.2,0.007074794569921901,0.01
8.21,0.0070618725727050104,0.01
8.22,0.007048989864008723,0.01
8.23,0.007036146276800198,0.01
8.24,0.007023341644958513,0.01
8.25,0.007010575803268587,0.01
8.26,0.006997848587415147,0.01
8.27,0.006985159833976749,0.01
8.28,0.006972509380419839,0.01
8.290000000000001,0.006959897065092864,0.01
8.3,0.0069473227272204355,0.01
8.31,0.006934786206897525,0.01
8.32,0.006922287345083715,0.01
8.33,0.00690982598359749,0.01
8.34,0.006897401965110582,0.01
8.35,0.006885015133142337,0.01
8.36,0.006872665332054156,0.01
8.370000000000001,0.0068603524070439525,0.01
8.38,0.006848076204140671,0.01
8.39,0.0068358365701988374,0.01
8.4,0.006823633352893155,0.01
8.41,0.006811466400713139,0.01
8.42,0.006799335562957803,0.01
8.43,0.006787240689730378,0.01
8.44,0.006775181631933065,0.01
8.45,0.006763158241261846,0.01
8.46,0.006751170370201316,0.01
8.47,0.006739217872019577,0.01
8.48,0.006727300600763141,0.01
8.49,0.006715418411251903,0.01
8.5,0.0067035711590741264,0.01
8.51,0.00669175870058149,0.01
8.52,0.006679980892884154,0.01
8.53,0.006668237593845869,0.01
8.540000000000001,0.0066565286620791295,0.01
8.55,0.006644853956940364,0.01
8.56,0.006633213338525141,0.01
8.57,0.006621606667663437,0.01
8.58,0.006610033805914929,0.01
8.59,0.006598494615564324,0.01
8.6,0.006586988959616723,0.01
8.61,0.006575516701793018,0.01
8.620000000000001,0.006564077706525328,0.01
8.63,0.006552671838952472,0.01
8.64,0.006541298964915464,0.01
8.65,0.006529958950953055,0.01
8.66,0.0065186516642973,0.01
8.67,0.006507376972869159,0.01
8.68,0.006496134745274145,0.01
8.69,0.006484924850797972,0.01
8.700000000000001,0.006473747159402278,0.01
8.71,0.006462601541720344,0.01
8.72,0.006451487869052863,0.01
8.73,0.006440406013363735,0.01
8.74,0.0064293558472759,0.01
8.75,0.006418337244067188,0.01
8.76,0.006407350077666216,0.01
8.77,0.006396394222648305,0.01
8.78,0.006385469554231429,0.01
8.790000000000001,0.006374575948272194,0.01
8.8,0.006363713281261856,0.01
8.81,0.0063528814303223475,0.01
8.82,0.006342080273202356,0.01
8.83,0.006331309688273414,0.01
8.84,0.006320569554526032,0.01
8.85,0.006309859751565844,0.01
8.86,0.006299180159609799,0.01
8.870000000000001,0.006288530659482367,0.01
8.88,0.006277911132611777,0.01
8.89,0.006267321461026288,0.01
8.9,0.006256761527350469,0.01
8.91,0.0062462312148015365,0.01
8.92,0.006235730407185685,0.01
8.93,0.006225258988894475,0.01
8.94,0.00621481684490122,0.01
8.950000000000001,0.00620440386075742,0.01
8.96,0.006194019922589218,0.01
8.97,0.006183664917093862,0.01
8.98,0.006173338731536221,0.01
8.99,0.00616304125374531,0.01
9.0,0.006152772372110843,0.01
9.01,0.00614253197557981,0.01
9.02,0.006132319953653083,0.01
9.03,0.00612213619638204,0.01
9.04,0.006111980594365221,0.01
9.05,0.006101853038744995,0.01
9.06,0.006091753421204271,0.01
9.07,0.006081681633963215,0.01
9.08,0.006071637569775992,0.01
9.09,0.006061621121927547,0.01
9.1,0.0060516321842303865,0.01
9.11,0.006041670651021403,0.01
9.12,0.006031736417158709,0.01
9.13,0.006021829378018497,0.01
9.14,0.006011949429491929,0.01
9.15,0.006002096467982035,0.01
9.16,0.005992270390400644,0.01
9.17,0.00598247109416533,0.01
9.18,0.005972698477196388,0.01
9.19,0.00596295243791382,0.01
9.2,0.005953232875234354,0.01
9.21,0.005943539688568475,0.01
9.22,0.005933872777817483,0.01
9.23,0.0059242320433705664,0.01
9.24,0.0059146173861019,0.01
9.25,0.005905028707367761,0.01
9.26,0.0058954659090036665,0.01
9.27,0.005885928893321536,0.01
9.28,0.005876417563106859,0.01
9.29,0.005866931821615903,0.01
9.3,0.005857471572572914,0.01
9.31,0.005848036720167377,0.01
9.32,0.005838627169051249,0.01
9.33,0.005829242824336242,0.01
9.34,0.005819883591591116,0.01
9.35,0.005810549376838995,0.01
9.36,0.005801240086554689,0.01
9.37,0.005791955627662052,0.01
9.38,0.005782695907531344,0.01
9.39,0.005773460833976624,0.01
9.4,0.005764250315253143,0.01
9.41,0.005755064260054777,0.01
9.42,0.005745902577511459,0.01
9.43,0.005736765177186639,0.01
9.44,0.005727651969074761,0.01
9.45,0.005718562863598752,0.01
9.46,0.005709497771607536,0.01
9.47,0.005700456604373555,0.01
9.48,0.005691439273590313,0.01
9.49,0.005682445691369942,0.01
9.5,0.005673475770240773,0.01
9.51,0.005664529423144932,0.01
9.52,0.005655606563435954,0.01
9.53,0.005646707104876397,0.01
9.54,0.0056378309616354995,0.01
9.55,0.005628978048286831,0.01
9.56,0.005620148279805965,0.01
9.57,0.005611341571568178,0.01
9.58,0.00560255783934614,0.01
9.59,0.005593796999307652,0.01
9.6,0.005585058968013375,0.01
9.61,0.00557634366241458,0.01
9.62,0.005567650999850923,0.01
9.63,0.00555898089804822,0.01
9.64,0.005550333275116248,0.01
9.65,0.005541708049546557,0.01
9.66,0.0055331051402102965,0.01
9.67,0.005524524466356056,0.01
9.68,0.005515965947607723,0.01
9.69,0.0055074295039623505,0.01
9.7,0.005498915055788045,0.01
9.71,0.005490422523821863,0.01
9.72,0.005481951829167727,0.01
9.73,0.005473502893294346,0.01
9.74,0.005465075638033165,0.01
9.75,0.005456669985576309,0.01
9.76,0.0054482858584745586,0.01
9.77,0.00543992317963533,0.01
9.78,0.005431581872320671,0.01
9.79,0.005423261860145262,0.01
9.8,0.005414963067074442,0.01
9.81,0.005406685417422257,0.01
9.82,0.005398428835849478,0.01
9.83,0.005390193247361687,0.01
9.84,0.00538197857730734,0.01
9.85,0.005373784751375851,0.01
9.86,0.005365611695595696,0.01
9.87,0.005357459336332522,0.01
9.88,0.005349327600287269,0.01
9.89,0.005341216414494308,0.01
9.9,0.00533312570631959,0.01
9.91,0.005325055403458797,0.01
9.92,0.005317005433935531,0.01
9.93,0.005308975726099484,0.01
9.94,0.005300966208624637,0.01
9.95,0.005292976810507476,0.01
9.96,0.005285007461065198,0.01
9.97,0.005277058089933956,0.01
9.98,0.005269128627067096,0.01
9.99,0.005261219002733402,0.01
10.0,0.005253329147515377,0.01
10.01,0.005245458992307513,0.01
10.02,0.005237608468314573,0.01
10.03,0.005229777507049903,0.01
10.04,0.005221966040333728,0.01
10.05,0.005214174000291482,0.01
10.06,0.005206401319352142,0.01
10.07,0.005198647930246558,0.01
10.08,0.00519091376600582,0.01
10.09,0.005183198759959613,0.01
10.1,0.005175502845734593,0.01
10.11,0.005167825957252778,0.01
10.12,0.005160168028729935,0.01
10.13,0.00515252899467399,0.01
10.14,0.005144908789883442,0.01
10.15,0.0051373073494457916,0.01
10.16,0.005129724608735971,0.01
10.17,0.005122160503414794,0.01
10.18,0.005114614969427417,0.01
10.19,0.005107087943001793,0.01
10.2,0.005099579360647156,0.01
10.21,0.005092089159152501,0.01
10.22,0.0050846172755850865,0.01
10.23,0.005077163647288929,0.01
10.24,0.005069728211883323,0.01
10.25,0.005062310907261362,0.01
10.26,0.005054911671588471,0.01
10.27,0.005047530443300953,0.01
10.28,0.00504016716110453,0.01
10.29,0.005032821763972917,0.01
10.3,0.005025494191146377,0.01
10.31,0.005018184382130311,0.01
10.32,0.005010892276693839,0.01
10.33,0.005003617814868399,0.01
10.34,0.0049963609369463495,0.01
10.35,0.004989121583479583,0.01
10.36,0.004981899695278156,0.01
10.37,0.004974695213408907,0.01
10.38,0.004967508079194109,0.01
10.39,0.004960338234210111,0.01
10.4,0.004953185620285994,0.01
10.41,0.004946050179502239,0.01
10.42,0.0049389318541894,0.01
10.43,0.004931830586926783,0.01
10.44,0.004924746320541141,0.01
10.45,0.004917678998105363,0.01
10.46,0.004910628562937191,0.01
10.47,0.004903594958597926,0.01
10.48,0.004896578128891157,0.01
10.49,0.004889578017861481,0.01
10.5,0.004882594569793249,0.01
10.51,0.004875627729209313,0.01
10.52,0.00486867744086977,0.01
10.53,0.00486174364977073,0.01
10.54,0.00485482630114309,0.01
10.55,0.0048479253404512925,0.01
10.56,0.004841040713392133,0.01
10.57,0.004834172365893533,0.01
10.58,0.004827320244113341,0.01
10.59,0.00482048429443815,0.01
10.6,0.0048136644634820995,0.01
10.61,0.004806860698085699,0.01
10.62,0.004800072945314661,0.01
10.63,0.004793301152458727,0.01
10.64,0.004786545267030521,0.01
10.65,0.0047798052367643866,0.01
10.66,0.0047730810096152515,0.01
10.67,0.00476637253375749,0.01
10.68,0.004759679757583789,0.01
10.69,0.004753002629704032,0.01
10.7,0.004746341098944173,0.01
10.71,0.004739695114345135,0.01
10.72,0.0047330646251617075,0.01
10.73,0.004726449580861446,0.01
10.74,0.004719849931123585,0.01
10.75,0.004713265625837955,0.01
10.76,0.004706696615103906,0.01
10.77,0.004700142849229238,0.01
10.78,0.004693604278729139,0.01
10.79,0.004687080854325128,0.01
10.8,0.004680572526943996,0.01
10.81,0.004674079247716783,0.01
10.82,0.004667600967977714,0.01
10.83,0.004661137639263184,0.01
10.84,0.004654689213310729,0.01
10.85,0.004648255642058005,0.01
10.86,0.004641836877641775,0.01
10.87,0.004635432872396903,0.01
10.88,0.004629043578855351,0.01
10.89,0.004622668949745185,0.01
10.9,0.0046163089379895874,0.01
10.91,0.0046099634967058725,0.01
10.92,0.004603632579204502,0.01
10.93,0.004597316138988127,0.01
10.94,0.004591014129750609,0.01
10.95,0.00458472650537607,0.01
10.96,0.004578453219937927,0.01
10.97,0.004572194227697956,0.01
10.98,0.00456594948310534,0.01
10.99,0.00455971894079573,0.01
11.0,0.0045535025555903195,0.01
11.01,0.004547300282494914,0.01
11.02,0.004541112076699009,0.01
11.03,0.004534937893574878,0.01
11.04,0.004528777688676657,0.01
11.05,0.0045226314177394455,0.01
11.06,0.004516499036678402,0.01
11.07,0.004510380501587848,0.01
11.08,0.004504275768740389,0.01
11.09,0.004498184794586018,0.01
11.1,0.004492107535751243,0.01
11.11,0.004486043949038215,0.01
11.12,0.004479993991423854,0.01
11.13,0.004473957620058992,0.01
11.14,0.004467934792267509,0.01
11.15,0.0044619254655454835,0.01
11.16,0.00445592959756034,0.01
11.17,0.004449947146150008,0.01
11.18,0.004443978069322086,0.01
11.19,0.004438022325253004,0.01
11.2,0.004432079872287194,0.01
11.21,0.004426150668936268,0.01
11.22,0.004420234673878198,0.01
11.23,0.004414331845956505,0.01
11.24,0.004408442144179442,0.01
11.25,0.004402565527719192,0.01
11.26,0.004396701955911071,0.01
11.27,0.004390851388252726,0.01
11.28,0.00438501378440335,0.01
11.29,0.00437918910418289,0.01
11.3,0.004373377307571263,0.01
11.31,0.004367578354707593,0.01
11.32,0.004361792205889412,0.01
11.33,0.004356018821571916,0.01
11.34,0.0043502581623671875,0.01
11.35,0.004344510189043437,0.01
11.36,0.00433877486252425,0.01
11.37,0.004333052143887832,0.01
11.38,0.004327341994366263,0.01
11.39,0.00432164437534476,0.01
11.4,0.004315959248360928,0.01
11.41,0.004310286575104032,0.01
11.42,0.004304626317414268,0.01
11.43,0.004298978437282031,0.01
11.44,0.0042933428968472,0.01
11.45,0.0042877196583984145,0.01
11.46,0.004282108684372362,0.01
11.47,0.004276509937353075,0.01
11.48,0.0042709233800712135,0.01
11.49,0.0042653489754033705,0.01
11.5,0.004259786686371373,0.01
11.51,0.004254236476141588,0.01
11.52,0.004248698308024235,0.01
11.53,0.004243172145472694,0.01
11.54,0.0042376579520828316,0.01
11.55,0.00423215569159231,0.01
11.56,0.004226665327879929,0.01
11.57,0.004221186824964943,0.01
11.58,0.0042157201470063976,0.01
11.59,0.004210265258302466,0.01
11.6,0.004204822123289791,0.01
11.61,0.004199390706542829,0.01
11.62,0.004193970972773195,0.01
11.63,0.004188562886829018,0.01
11.64,0.004183166413694293,0.01
11.65,0.00417778151848824,0.01
11.66,0.004172408166464671,0.01
11.67,0.004167046323011346,0.01
11.68,0.004161695953649354,0.01
11.69,0.004156357024032479,0.01
11.7,0.004151029499946574,0.01
11.71,0.0041457133473089495,0.01
11.72,0.004140408532167748,0.01
11.73,0.0041351150207013364,0.01
11.74,0.004129832779217691,0.01
11.75,0.004124561774153799,0.01
11.76,0.004119301972075044,0.01
11.77,0.0041140533396746195,0.01
11.78,0.004108815843772917,0.01
11.79,0.004103589451316948,0.01
11.8,0.00409837412937974,0.01
11.81,0.004093169845159764,0.01
11.82,0.004087976565980339,0.01
11.83,0.004082794259289056,0.01
11.84,0.004077622892657205,0.01
11.85,0.004072462433779189,0.01
11.86,0.00406731285047197,0.01
11.87,0.004062174110674486,0.01
11.88,0.004057046182447099,0.01
11.89,0.00405192903397102,0.01
11.9,0.004046822633547765,0.01
11.91,0.004041726949598587,0.01
11.92,0.004036641950663932,0.01
11.93,0.004031567605402886,0.01
11.94,0.004026503882592627,0.01
11.95,0.004021450751127888,0.01
11.96,0.004016408180020409,0.01
11.97,0.004011376138398406,0.01
11.98,0.00400635459550603,0.01
11.99,0.0040013435207028394,0.01
12.0,0.003996342883463273,0.01
12.01,0.003991352653376117,0.01
12.02,0.00398637280014399,0.01
12.03,0.003981403293582817,0.01
12.04,0.003976444103621314,0.01
12.05,0.003971495200300471,0.01
12.06,0.003966556553773047,0.01
12.07,0.003961628134303053,0.01
12.08,0.003956709912265249,0.01
12.09,0.003951801858144639,0.01
12.1,0.003946903942535971,0.01
12.11,0.00394201613614324,0.01
12.12,0.0039371384097791895,0.01
12.13,0.00393227073436482,0.01
12.14,0.003927413080928898,0.01
12.15,0.003922565420607473,0.01
12.16,0.00391772772464338,0.01
12.17,0.003912899964385773,0.01
12.18,0.003908082111289632,0.01
12.19,0.003903274136915293,0.01
12.2,0.0038984760129279717,0.01
12.21,0.003893687711097288,0.01
12.22,0.0038889092032968003,0.01
12.23,0.0038841404615035362,0.01
12.24,0.0038793814577975268,0.01
12.25,0.0038746321643613464,0.01
12.26,0.0038698925534796516,0.01
12.27,0.0038651625975387243,0.01
12.28,0.0038604422690260132,0.01
12.29,0.0038557315405296872,0.01
12.3,0.0038510303847381815,0.01
12.31,0.0038463387744397497,0.01
12.32,0.003841656682522019,0.01
12.33,0.0038369840819715458,0.01
12.34,0.003832320945873377,0.01
12.35,0.003827667247410611,0.01
12.36,0.003823022959863958,0.01
12.37,0.0038183880566113114,0.01
12.38,0.003813762511127312,0.01
12.39,0.0038091462969829224,0.01
12.4,0.0038045393878449966,0.01
12.41,0.0037999417574758553,0.01
12.42,0.003795353379732864,0.01
12.43,0.0037907742285680137,0.01
12.44,0.0037862042780275012,0.01
12.45,0.0037816435022513147,0.01
12.46,0.0037770918754728156,0.01
12.47,0.0037725493720183324,0.01
12.48,0.003768015966306746,0.01
12.49,0.003763491632849089,0.01
12.5,0.0037589763462481294,0.01
12.51,0.0037544700811979795,0.01
12.52,0.003749972812483686,0.01
12.53,0.003745484514980836,0.01
12.54,0.0037410051636551553,0.01
12.55,0.003736534733562119,0.01
12.56,0.0037320731998465554,0.01
12.57,0.003727620537742253,0.01
12.58,0.0037231767225715763,0.01
12.59,0.0037187417297450762,0.01
12.6,0.0037143155347611045,0.01
12.61,0.003709898113205434,0.01
12.62,0.0037054894407508743,0.01
12.63,0.0037010894931568936,0.01
12.64,0.0036966982462692467,0.01
12.65,0.003692315676019591,0.01
12.66,0.003687941758425119,0.01
12.67,0.003683576469588186,0.01
12.68,0.003679219785695943,0.01
12.69,0.0036748716830199636,0.01
12.7,0.0036705321379158855,0.01
12.71,0.0036662011268230395,0.01
12.72,0.0036618786262640948,0.01
12.73,0.003657564612844694,0.01
12.74,0.003653259063253098,0.01
12.75,0.0036489619542598253,0.01
12.76,0.003644673262717304,0.01
12.77,0.0036403929655595114,0.01
12.78,0.003636121039801633,0.01
12.79,0.0036318574625397023,0.01
12.8,0.0036276022109502618,0.01
12.81,0.003623355262290014,0.01
12.82,0.0036191165938954765,0.01
12.83,0.0036148861831826447,0.01
12.84,0.0036106640076466433,0.01
12.85,0.0036064500448613965,0.01
12.86,0.0036022442724792858,0.01
12.87,0.0035980466682308163,0.01
12.88,0.0035938572099242804,0.01
12.89,0.003589675875445434,0.01
12.9,0.0035855026427571556,0.01
12.91,0.0035813374898991243,0.01
12.92,0.0035771803949874925,0.01
12.93,0.00357303133621456,0.01
12.94,0.0035688902918484494,0.01
12.95,0.0035647572402327824,0.01
12.96,0.0035606321597863666,0.01
12.97,0.0035565150290028705,0.01
12.98,0.0035524058264505064,0.01
12.99,0.0035483045307717173,0.01
13.0,0.0035442111206828624,0.01
13.01,0.0035401255749739034,0.01
13.02,0.0035360478725080958,0.01
13.03,0.003531977992221676,0.01
13.04,0.00352791591312356,0.01
13.05,0.003523861614295026,0.01
13.06,0.003519815074889425,0.01
13.07,0.003515776274131864,0.01
13.08,0.0035117451913189096,0.01
13.09,0.00350772180581829,0.01
13.1,0.0035037060970685937,0.01
13.11,0.0034996980445789706,0.01
13.12,0.0034956976279288407,0.01
13.13,0.0034917048267675958,0.01
13.14,0.0034877196208143104,0.01
13.15,0.0034837419898574454,0.01
13.16,0.003479771913754563,0.01
13.17,0.0034758093724320343,0.01
13.18,0.0034718543458847574,0.01
13.19,0.003467906814175865,0.01
13.2,0.0034639667574364445,0.01
13.21,0.0034600341558652546,0.01
13.22,0.003456108989728443,0.01
13.23,0.0034521912393592684,0.01
13.24,0.003448280885157816,0.01
13.25,0.0034443779075907285,0.01
13.26,0.003440482287190923,0.01
13.27,0.0034365940045573205,0.01
13.28,0.00343271304035457,0.01
13.29,0.0034288393753127795,0.01
13.3,0.0034249729902272406,0.01
13.31,0.0034211138659581667,0.01
13.32,0.003417261983430417,0.01
13.33,0.003413417323633234,0.01
13.34,0.0034095798676199787,0.01
13.35,0.003405749596507864,0.01
13.36,0.003401926491477693,0.01
13.37,0.0033981105337735976,0.01
13.38,0.003394301704702779,0.01
13.39,0.003390499985635248,0.01
13.4,0.003386705358003565,0.01
13.41,0.0033829178033025894,0.01
13.42,0.003379137303089216,0.01
13.43,0.0033753638389821287,0.01
13.44,0.003371597392661544,0.01
13.45,0.0033678379458689594,0.01
13.46,0.0033640854804069024,0.01
13.47,0.003360339978138686,0.01
13.48,0.0033566014209881548,0.01
13.49,0.0033528697909394408,0.01
13.5,0.003349145070036718,0.01
13.51,0.0033454272403839586,0.01
13.52,0.0033417162841446867,0.01
13.53,0.0033380121835417426,0.01
13.54,0.003334314920857033,0.01
13.55,0.0033306244784312993,0.01
13.56,0.0033269408386638753,0.01
13.57,0.00332326398401245,0.01
13.58,0.003319593896992831,0.01
13.59,0.0033159305601787106,0.01
13.6,0.0033122739562014315,0.01
13.61,0.0033086240677497524,0.01
13.62,0.003304980877569617,0.01
13.63,0.0033013443684639255,0.01
13.64,0.0032977145232923016,0.01
13.65,0.0032940913249708643,0.01
13.66,0.0032904747564720047,0.01
13.67,0.003286864800824153,0.01
13.68,0.0032832614411115583,0.01
13.69,0.0032796646604740633,0.01
13.7,0.003276074442106881,0.01
13.71,0.003272490769260369,0.01
13.72,0.003268913625239816,0.01
13.73,0.0032653429934052167,0.01
13.74,0.0032617788571710498,0.01
13.75,0.0032582212000060707,0.01
13.76,0.0032546700054330805,0.01
13.77,0.0032511252570287235,0.01
13.78,0.003247586938423264,0.01
13.79,0.003244055033300374,0.01
13.8,0.003240529525396923,0.01
13.81,0.0032370103985027644,0.01
13.82,0.003233497636460523,0.01
13.83,0.003229991223165389,0.01
13.84,0.0032264911425649054,0.01
13.85,0.0032229973786587623,0.01
13.86,0.0032195099154985903,0.01
13.87,0.0032160287371877532,0.01
13.88,0.0032125538278811416,0.01
13.89,0.0032090851717849747,0.01
13.9,0.003205622753156591,0.01
13.91,0.00320216655630425,0.01
13.92,0.003198716565586927,0.01
13.93,0.0031952727654141187,0.01
13.94,0.003191835140245639,0.01
13.95,0.0031884036745914233,0.01
13.96,0.0031849783530113304,0.01
13.97,0.0031815591601149443,0.01
13.98,0.003178146080561382,0.01
13.99,0.0031747390990590953,0.01
14.0,0.00317133820036568,0.01
14.01,0.0031679433692876798,0.01
14.02,0.003164554590680399,0.01
14.03,0.0031611718494477057,0.01
14.04,0.003157795130541846,0.01
14.05,0.003154424418963251,0.01
14.06,0.0031510596997603546,0.01
14.07,0.003147700958029398,0.01
14.08,0.003144348178914247,0.01
14.09,0.0031410013476062086,0.01
14.1,0.003137660449343839,0.01
14.11,0.003134325469412768,0.01
14.12,0.003130996393145508,0.01
14.13,0.0031276732059212758,0.01
14.14,0.003124355893165812,0.01
14.15,0.0031210444403511946,0.01
14.16,0.003117738832995666,0.01
14.17,0.003114439056663449,0.01
14.18,0.0031111450969645714,0.01
14.19,0.003107856939554683,0.01
14.2,0.003104574570134889,0.01
14.21,0.0031012979744515627,0.01
14.22,0.0030980271382961807,0.01
14.23,0.00309476204750514,0.01
14.24,0.003091502687959591,0.01
14.25,0.0030882490455852586,0.01
14.26,0.003085001106352278,0.01
14.27,0.003081758856275017,0.01
14.28,0.0030785222814119083,0.01
14.29,0.00307529136786528,0.01
14.3,0.003072066101781186,0.01
14.31,0.003068846469349239,0.01
14.32,0.0030656324568024435,0.01
14.33,0.0030624240504170267,0.01
14.34,0.003059221236512275,0.01
14.35,0.0030560240014503694,0.01
14.36,0.00305283233163622,0.01
14.37,0.003049646213517301,0.01
14.38,0.003046465633583493,0.01
14.39,0.0030432905783669153,0.01
14.4,0.003040121034441769,0.01
14.41,0.0030369569884241723,0.01
14.42,0.0030337984269720036,0.01
14.43,0.0030306453367847422,0.01
14.44,0.0030274977046033085,0.01
14.45,0.003024355517209907,0.01
14.46,0.0030212187614278695,0.01
14.47,0.0030180874241214984,0.01
14.48,0.0030149614921959125,0.01
14.49,0.0030118409525968885,0.01
14.5,0.003008725792310712,0.01
14.51,0.0030056159983640187,0.01
14.52,0.003002511557823646,0.01
14.53,0.002999412457796478,0.01
14.54,0.002996318685429295,0.01
14.55,0.002993230227908622,0.01
14.56,0.0029901470724605817,0.01
14.57,0.0029870692063507405,0.01
14.58,0.002983996616883962,0.01
14.59,0.0029809292914042594,0.01
14.6,0.0029778672172946466,0.01
14.61,0.0029748103819769935,0.01
14.62,0.0029717587729118774,0.01
14.63,0.002968712377598439,0.01
14.64,0.0029656711835742383,0.01
14.65,0.002962635178415107,0.01
14.66,0.0029596043497350094,0.01
14.67,0.0029565786851858955,0.01
14.68,0.0029535581724575623,0.01
14.69,0.002950542799277509,0.01
14.7,0.0029475325534107978,0.01
14.71,0.0029445274226599116,0.01
14.72,0.0029415273948646195,0.01
14.73,0.0029385324579018286,0.01
14.74,0.0029355425996854547,0.01
14.75,0.002932557808166278,0.01
14.76,0.002929578071331807,0.01
14.77,0.002926603377206145,0.01
14.78,0.0029236337138498505,0.01
14.79,0.0029206690693598034,0.01
14.8,0.002917709431869067,0.01
14.81,0.00291475478954676,0.01
14.82,0.0029118051305979157,0.01
14.83,0.0029088604432633523,0.01
14.84,0.0029059207158195414,0.01
14.85,0.0029029859365784726,0.01
14.86,0.002900056093887525,0.01
14.87,0.002897131176129336,0.01
14.88,0.0028942111717216675,0.01
14.89,0.0028912960691172824,0.01
14.9,0.0028883858568038096,0.01
14.91,0.0028854805233036176,0.01
14.92,0.0028825800571736894,0.01
14.93,0.002879684447005488,0.01
14.94,0.002876793681424838,0.01
14.95,0.0028739077490917914,0.01
14.96,0.002871026638700507,0.01
14.97,0.0028681503389791246,0.01
14.98,0.002865278838689636,0.01
14.99,0.002862412126627767,0.01
0.0,inf,0.01
0.01,166.12485404699274,0.01
0.02,58.734005410127025,0.01
0.03,31.97074306770618,0.01
0.04,20.765606755874092,0.01
0.05,14.858658656052272,0.01
0.06,11.303364611373926,0.01
0.07,8.969898987658055,0.01
0.08,7.341750676265878,0.01
0.09,6.152772372110842,0.01
0.1,5.253329147515377,0.01
0.11,4.5535025555903195,0.01
0.12,3.9963428834632726,0.01
0.13,3.544211120682862,0.01
0.14,3.1713382003656796,0.01
0.15,2.859550191622848,0.01
0.16,2.5957008444842615,0.01
0.17,2.3700703123739397,0.01
0.18,2.1753335337084083,0.01
0.19,2.0058765950174107,0.01
0.2,1.857332332006534,0.01
0.21,1.7262578650427105,0.01
0.22,1.6099062676040945,0.01
0.23,1.5060620261706852,0.01
0.24,1.4129205764217407,0.01
0.25,1.3289988323759419,0.01
0.26,1.2530678586958124,0.01
0.27,1.184101595100229,0.01
0.28,1.121237373457257,0.01
0.29,1.0637452052368863,0.01
0.3,1.0110036658199035,0.01
0.31,0.9624807930730332,0.01
0.32,0.9177188345332348,0.01
0.33,0.8763219754085734,0.01
0.34,0.8379463948842658,0.01
0.35,0.8022921555083986,0.01
0.36,0.7690965465138553,0.01
0.37,0.7381285884209701,0.01
0.38,0.7091844712800967,0.01
0.39,0.6820837481970385,0.01
0.4,0.6566661434394221,0.01
0.41,0.6327888634076703,0.01
0.42,0.6103243212241563,0.01
0.43,0.5891582032297443,0.01
0.44,0.5691878194487899,0.01
0.45,0.550320690964899,0.01
0.46,0.5324733357964214,0.01
0.47,0.515570221769225,0.01
0.48,0.4995428604329091,0.01
0.49,0.48432902054516835,0.01
0.5,0.46987204328101606,0.01
0.51,0.45612024428247816,0.01
0.52,0.44302639008535777,0.01
0.53,0.430547238448841,0.01
0.54,0.41864313375458967,0.01
0.55,0.4072776500007588,0.01
0.56,0.39641727504570995,0.01
0.5700000000000001,0.3860311306981572,0.01
0.58,0.376090724038839,0.01
0.59,0.3665697260207847,0.01
0.6,0.357443773952856,0.01
0.61,0.34869029494237175,0.01
0.62,0.340288347771874,0.01
0.63,0.33221848102437246,0.01
0.64,0.3244626055605327,0.01
0.65,0.3170038796983036,0.01
0.66,0.3098266056570965,0.01
0.67,0.3029161360103493,0.01
0.68,0.29625878904674247,0.01
0.6900000000000001,0.28984177207530604,0.01
0.7000000000000001,0.28365311182638037,0.01
0.71,0.277681591201552,0.01
0.72,0.27191669171355104,0.01
0.73,0.26634854103355865,0.01
0.74,0.2609678651300611,0.01
0.75,0.25576594454164947,0.01
0.76,0.25073457437717633,0.01
0.77,0.24586602768140922,0.01
0.78,0.24115302184363174,0.01
0.79,0.2365886877612318,0.01
0.8,0.23216654150081675,0.01
0.81,0.22788045822632746,0.01
0.8200000000000001,0.22372464818744578,0.01
0.8300000000000001,0.21969363458269245,0.01
0.84,0.2157822331303388,0.01
0.85,0.21198553319689162,0.01
0.86,0.20829888034771715,0.01
0.87,0.20471786019756333,0.01
0.88,0.2012382834505118,0.01
0.89,0.19785617202941383,0.01
0.9,0.19456774620427322,0.01
0.91,0.19136941263747723,0.01
0.92,0.18825775327133565,0.01
0.93,0.18522951499018672,0.01
0.94,0.18228159999543558,0.01
0.95,0.17941105683738987,0.01
0.96,0.1766150720527176,0.01
0.97,0.17389096236082088,0.01
0.98,0.1712361673764636,0.01
0.99,0.1686482427996415,0.01
1.0,0.16612485404699273,0.01
1.01,0.1636637702920438,0.01
1.02,0.16126285888430242,0.01
1.03,0.15892008011968148,0.01
1.04,0.15663348233697655,0.01
1.05,0.1544011973171663,0.01
1.06,0.15222143596415846,0.01
1.07,0.1500924842473019,0.01
1.08,0.14801269938752862,0.01
1.09,0.14598050627040093,0.01
1.1,0.1439943940706289,0.01
1.11,0.14205291307380183,0.01
1.12,0.14015467168215712,0.01
1.13,0.13829833359219945,0.01
1.14,0.13648261513288876,0.01
1.15,0.1347062827539488,0.01
1.16,0.1329681506546108,0.01
1.17,0.13126707854380973,0.01
1.18,0.12960196952349584,0.01
1.19,0.12797176808731867,0.01
1.2,0.12637545822748794,0.01
1.21,0.12481206164312002,0.01
1.22,0.1232806360438442,0.01
1.23,0.12178027354287191,0.01
1.24,0.12031009913412916,0.01
1.25,0.11886926924841817,0.01
1.26,0.11745697038391409,0.01
1.27,0.11607241780661483,0.01
1.28,0.11471485431665435,0.01
1.29,0.11338354907665638,0.01
1.3,0.11207779649855752,0.01
1.31,0.11079691518555755,0.01
1.32,0.10954024692607167,0.01
1.33,0.10830715573675694,0.01
1.34,0.10709702695187226,0.01
1.35,0.10590926635640174,0.01
1.36,0.10474329936053323,0.01
1.37,0.10359857021323175,0.01
1.38,0.10247454125278732,0.01
1.39,0.10137069219234544,0.01
1.4,0.10028651943854983,0.01
1.41,0.09922153544153901,0.01
1.42,0.09817526807464408,0.01
1.43,0.09714726004223202,0.01
1.44,0.09613706831423191,0.01
1.45,0.09514426358596573,0.01
1.46,0.09416842976198637,0.01
1.47,0.09320916346270024,0.01
1.48,0.09226607355262126,0.01
1.49,0.09133878068916991,0.01
1.5,0.0904269168909914,0.01
1.51,0.0895301251248252,0.01
1.52,0.08864805891001208,0.01
1.53,0.08778038193977554,0.01
1.54,0.08692676771846193,0.01
1.55,0.08608689921396843,0.01
1.56,0.08526046852462982,0.01
1.57,0.08444717655987445,0.01
1.58,0.08364673273399688,0.01
1.59,0.08285885467242946,0.01
1.6,0.08208326792992776,0.01
1.61,0.08131970572011597,0.01
1.62,0.08056790865586695,0.01
1.63,0.07982762450001919,0.01
1.64,0.07909860792595878,0.01
1.65,0.07838062028761877,0.01
1.66,0.07767342939847062,0.01
1.67,0.07697680931910515,0.01
1.68,0.07629054015301953,0.01
1.69,0.07561440785024703,0.01
1.7,0.07494820401848402,0.01
1.71,0.0742917257413856,0.01
1.72,0.07364477540371804,0.01
1.73,0.07300716052307123,0.01
1.74,0.07237869358784832,0.01
1.75,0.07175919190126445,0.01
1.76,0.07114847743109874,0.01
1.77,0.07054637666495579,0.01
1.78,0.0699527204708053,0.01
1.79,0.06936734396257868,0.01
1.8,0.06879008637061237,0.01
1.81,0.06822079091673733,0.01
1.82,0.06765930469382336,0.01
1.83,0.06710547854959611,0.01
1.84,0.06655916697455268,0.01
1.85,0.06602022799381012,0.01
1.86,0.06548852306272815,0.01
1.87,0.06496391696615515,0.01
1.88,0.06444627772115312,0.01
1.89,0.06393547648306334,0.01
1.9,0.06343138745478173,0.01
1.91,0.06293388779911724,0.01
1.92,0.062442857554113634,0.01
1.93,0.06195817955121937,0.01
1.94,0.06147973933619558,0.01
1.95,0.06100742509265713,0.01
1.96,0.060541127568146044,0.01
1.97,0.06008074000264104,0.01
1.98,0.05962615805941092,0.01
1.99,0.05917727975812369,0.01
2.0,0.05873400541012701,0.01
2.01,0.058296237555818836,0.01
2.02,0.057863880904030794,0.01
2.03,0.05743684227335029,0.01
2.04,0.05701503053530977,0.01
2.05,0.05659835655937521,0.01
2.06,0.0561867331596681,0.01
2.07,0.05578007504335871,0.01
2.08,0.05537829876066972,0.01
2.09,0.05498132265643325,0.01
2.1,0.05458906682314524,0.01
2.11,0.05420145305546452,0.01
2.12,0.05381840480610513,0.01
2.13,0.05343984714307323,0.01
2.14,0.05306570670820113,0.01
2.15,0.052695911676933785,0.01
2.16,0.05233039171932371,0.01
2.17,0.05196907796219316,0.01
2.18,0.051611902952422906,0.01
2.19,0.05125880062132973,0.01
2.2,0.05090970625009485,0.01
2.21,0.050564556436208254,0.01
2.22,0.05022328906089422,0.01
2.23,0.04988584325748548,0.01
2.24,0.049552159380713744,0.01
2.25,0.049222178976886743,0.01
2.26,0.048895844754921765,0.01
2.27,0.04857310055820794,0.01
2.28,0.04825389133726967,0.01
2.29,0.04793816312320515,0.01
2.3000000000000003,0.04762586300187482,0.01
2.31,0.0473169390888152,0.01
2.32,0.04701134050485487,0.01
2.33,0.04670901735240999,0.01
2.34,0.04640992069243751,0.01
2.35,0.046114002522025146,0.01
2.36,0.045821215752598086,0.01
2.37,0.045531514188722505,0.01
2.38,0.04524485250748763,0.01
2.39,0.04496118623844772,0.01
2.4,0.044680471744107,0.01
2.41,0.04440266620092998,0.01
2.42,0.04412772758086178,0.01
2.43,0.04385561463334182,0.01
2.44,0.04358628686779647,0.01
2.45,0.04331970453659554,0.01
2.46,0.04305582861845872,0.01
2.47,0.04279462080229815,0.01
2.48,0.04253604347148425,0.01
2.49,0.04228005968852158,0.01
2.5,0.042026633180123014,0.01
2.51,0.041775728322669826,0.01
2.52,0.04152731012804656,0.01
2.53,0.04128134422983948,0.01
2.54,0.04103779686988777,0.01
2.5500000000000003,0.04079663488517723,0.01
2.56,0.040557825695066586,0.01
2.57,0.04032133728883624,0.01
2.58,0.04008713821355071,0.01
2.59,0.03985519756222525,0.01
2.6,0.03962548496228795,0.01
2.61,0.03939797056432913,0.01
2.62,0.039172625031129255,0.01
2.63,0.03894941952695816,0.01
2.64,0.038728325707137065,0.01
2.65,0.038509315707856796,0.01
2.66,0.038292362136244165,0.01
2.67,0.038077438060670314,0.01
2.68,0.03786451700129366,0.01
2.69,0.03765357292083125,0.01
2.7,0.03744458021555197,0.01
2.71,0.037237513706485835,0.01
2.72,0.03703234863084281,0.01
2.73,0.036829060633636015,0.01
2.74,0.036627625759503415,0.01
2.75,0.036428020444722556,0.01
2.76,0.036230221509413255,0.01
2.77,0.036034206149923115,0.01
2.78,0.035839951931390834,0.01
2.79,0.03564743678048272,0.01
2.8000000000000003,0.035456638978297546,0.01
2.81,0.03526753715343554,0.01
2.82,0.0350801102752268,0.01
2.83,0.034894337647115296,0.01
2.84,0.034710198900194,0.01
2.85,0.03452767398688742,0.01
2.86,0.0343467431747776,0.01
2.87,0.03416738704056971,0.01
2.88,0.03398958646419388,0.01
2.89,0.03381332262303943,0.01
2.9,0.03363857698631833,0.01
2.91,0.03346533130955434,0.01
2.92,0.03329356762919483,0.01
2.93,0.033123268257341985,0.01
2.94,0.032954415776600354,0.01
2.95,0.03278699303503792,0.01
2.96,0.03262098314125764,0.01
2.97,0.03245636945957679,0.01
2.98,0.032293135605311454,0.01
2.99,0.03213126544016327,0.01
3.0,0.031970743067706184,0.01
3.01,0.03181155282897051,0.01
3.02,0.03165367929812199,0.01
3.03,0.031497107278233516,0.01
3.04,0.03134182179714704,0.01
3.0500000000000003,0.03118780810342377,0.01
3.06,0.031035051662380214,0.01
3.0700000000000003,0.030883538152208095,0.01
3.08,0.030733253460176153,0.01
3.09,0.030584183678911664,0.01
3.1,0.030436315102759973,0.01
3.11,0.03028963422422001,0.01
3.12,0.030144127730453968,0.01
3.13,0.02999978249986949,0.01
3.14,0.029856585598772443,0.01
3.15,0.029714524278088836,0.01
3.16,0.029573585970153974,0.01
3.17,0.029433758285567543,0.01
3.18,0.029295029010112758,0.01
3.19,0.02915738610173843,0.01
3.2,0.029020817687602094,0.01
3.21,0.028885312061173146,0.01
3.22,0.028750857679394243,0.01
3.23,0.02861744315989994,0.01
3.24,0.028485057278290933,0.01
3.25,0.0283536889654629,0.01
3.26,0.02822332730498848,0.01
3.27,0.028093961530551277,0.01
3.28,0.027965581023430726,0.01
3.29,0.027838175310036503,0.01
3.3000000000000003,0.027711734059491552,0.01
3.31,0.02758624708126253,0.01
3.3200000000000003,0.027461704322836556,0.01
3.33,0.027338095867443336,0.01
3.34,0.027215411931821545,0.01
3.35,0.02709364286402852,0.01
3.36,0.02697277914129235,0.01
3.37,0.026852811367905238,0.01
3.38,0.026733730273157494,0.01
3.39,0.026615526709311003,0.01
3.4,0.026498191649611452,0.01
3.41,0.026381716186338413,0.01
3.42,0.026266091528892466,0.01
3.43,0.02615130900191853,0.01
3.44,0.026037360043464644,0.01
3.45,0.025924236203175383,0.01
3.46,0.025811929140519243,0.01
3.47,0.025700430623049133,0.01
3.48,0.025589732524695416,0.01
3.49,0.025479826824090644,0.01
3.5,0.02537070560292544,0.01
3.51,0.02526236104433477,0.01
3.52,0.025154785431313977,0.01
3.53,0.025047971145164064,0.01
3.54,0.02494191066396533,0.01
3.5500000000000003,0.02483659656107911,0.01
3.56,0.02473202150367673,0.01
3.5700000000000003,0.024628178251295263,0.01
3.58,0.024525059654419548,0.01
3.59,0.02442265865308976,0.01
3.6,0.024320968275534153,0.01
3.61,0.024219981636826468,0.01
3.62,0.0241196919375673,0.01
3.63,0.024020092462589168,0.01
3.64,0.023921176579684653,0.01
3.65,0.023822937738357173,0.01
3.66,0.023725369468593906,0.01
3.67,0.0236284653796605,0.01
3.68,0.023532219158916956,0.01
3.69,0.023436624570654457,0.01
3.7,0.023341675454952537,0.01
3.71,0.02324736572655633,0.01
3.72,0.02315368937377334,0.01
3.73,0.023060640457389515,0.01
3.74,0.022968213109604056,0.01
3.75,0.02287640153298278,0.01
3.76,0.022785199999429448,0.01
3.77,0.022694602849174902,0.01
3.78,0.022604604489783568,0.01
3.79,0.02251519939517692,0.01
3.8,0.022426382104673733,0.01
3.81,0.022338147222046592,0.01
3.82,0.022250489414594565,0.01
3.83,0.022163403412231466,0.01
3.84,0.0220768840065897,0.01
3.85,0.021990926050139043,0.01
3.86,0.02190552445532045,0.01
3.87,0.021820674193694233,0.01
3.88,0.02173637029510261,0.01
3.89,0.021652607846846167,0.01
3.9,0.02156938199287409,0.01
3.91,0.021486687932987834,0.01
3.92,0.02140452092205795,0.01
3.93,0.02132287626925393,0.01
3.94,0.021241749337286675,0.01
3.95,0.021161135541663476,0.01
3.96,0.021081030349955187,0.01
3.97,0.021001429281075384,0.01
3.98,0.020922327904571342,0.01
3.99,0.02084372183992645,0.01
4.0,0.02076560675587409,0.01
4.01,0.02068797836972252,0.01
4.0200000000000005,0.020610832446690687,0.01
4.03,0.02053416479925483,0.01
4.04,0.020457971286505474,0.01
4.05,0.020382247813514776,0.01
4.0600000000000005,0.020306990330714064,0.01
4.07,0.020232194833281213,0.01
4.08,0.020157857360537802,0.01
4.09,0.020083973995355896,0.01
4.1,0.020010540863574157,0.01
4.11,0.01993755413342323,0.01
4.12,0.019865010014960185,0.01
4.13,0.019792904759511815,0.01
4.14,0.019721234659126723,0.01
4.15,0.019649996046035956,0.01
4.16,0.01957918529212207,0.01
4.17,0.019508798808396444,0.01
4.18,0.01943883304448476,0.01
4.19,0.019369284488120406,0.01
4.2,0.01930014966464579,0.01
4.21,0.019231425136521256,0.01
4.22,0.01916310750284164,0.01
4.23,0.019095193398860177,0.01
4.24,0.019027679495519808,0.01
4.25,0.018960562498991515,0.01
4.26,0.018893839150219815,0.01
4.2700000000000005,0.018827506224475075,0.01
4.28,0.018761560530912737,0.01
4.29,0.01869599891213908,0.01
4.3,0.01863081824378363,0.01
4.3100000000000005,0.018566015434077997,0.01
4.32,0.018501587423441077,0.01
4.33,0.01843753118407038,0.01
4.34,0.018373843719539578,0.01
4.3500000000000005,0.018310522064402,0.01
4.36,0.018247563283800117,0.01
4.37,0.018184964473080677,0.01
4.38,0.01812272275741573,0.01
4.39,0.018060835291429135,0.01
4.4,0.01799929925882861,0.01
4.41,0.017938111872043267,0.01
4.42,0.017877270371866368,0.01
4.43,0.01781677202710339,0.01
4.44,0.01775661413422523,0.01
4.45,0.01769679401702647,0.01
4.46,0.017637309026288597,0.01
4.47,0.017578156539448143,0.01
4.48,0.01751933396026964,0.01
4.49,0.017460838718523285,0.01
4.5,0.017402668269667264,0.01
4.51,0.01734482009453468,0.01
4.5200000000000005,0.017287291699024928,0.01
4.53,0.017230080613799565,0.01
4.54,0.017173184393982455,0.01
4.55,0.017116600618864258,0.01
4.5600000000000005,0.017060326891611088,0.01
4.57,0.017004360838977356,0.01
4.58,0.016948700111022626,0.01
4.59,0.016893342380832524,0.01
4.6000000000000005,0.016838285344243593,0.01
4.61,0.016783526719571992,0.01
4.62,0.01672906424734602,0.01
4.63,0.016674895690042428,0.01
4.64,0.01662101883182635,0.01
4.65,0.016567431478294953,0.01
4.66,0.01651413145622461,0.01
4.67,0.016461116613321593,0.01
4.68,0.016408384817976216,0.01
4.69,0.01635593395902044,0.01
4.7,0.016303761945488767,0.01
4.71,0.016251866706382456,0.01
4.72,0.01620024619043698,0.01
4.73,0.016148898365892686,0.01
4.74,0.01609782122026859,0.01
4.75,0.016047012760139288,0.01
4.76,0.015996471010914833,0.01
4.7700000000000005,0.015946194016623744,0.01
4.78,0.015896179839698835,0.01
4.79,0.015846426560766028,0.01
4.8,0.015796932278435993,0.01
4.8100000000000005,0.01574769510909859,0.01
4.82,0.01569871318672015,0.01
4.83,0.015649984662643373,0.01
4.84,0.015601507705390002,0.01
4.8500000000000005,0.015553280500466112,0.01
4.86,0.01550530125016999,0.01
4.87,0.015457568173402594,0.01
4.88,0.015410079505480526,0.01
4.89,0.015362833497951481,0.01
4.9,0.015315828418412177,0.01
4.91,0.015269062550328661,0.01
4.92,0.015222534192858989,0.01
4.93,0.015176241660678267,0.01
4.94,0.015130183283805958,0.01
4.95,0.015084357407435512,0.01
4.96,0.015038762391766144,0.01
4.97,0.014993396611836896,0.01
4.98,0.014948258457362798,0.01
4.99,0.014903346332573224,0.01
5.0,0.014858658656052272,0.01
5.01,0.014814193860581285,0.01
5.0200000000000005,0.01476995039298337,0.01
5.03,0.014725926713969953,0.01
5.04,0.014682121297989261,0.01
5.05,0.01463853263307682,0.01
5.0600000000000005,0.014595159220707823,0.01
5.07,0.014551999575651427,0.01
5.08,0.014509052225826853,0.01
5.09,0.01446631571216141,0.01
5.1000000000000005,0.014423788588450243,0.01
5.11,0.014381469421217935,0.01
5.12,0.014339356789581793,0.01
5.13,0.014297449285116939,0.01
5.14,0.014255745511723057,0.01
5.15,0.014214244085492826,0.01
5.16,0.014172943634582047,0.01
5.17,0.014131842799081341,0.01
5.18,0.014090940230889516,0.01
5.19,0.014050234593588463,0.01
5.2,0.01400972456231969,0.01
5.21,0.013969408823662294,0.01
5.22,0.013929286075512559,0.01
5.23,0.013889355026964954,0.01
5.24,0.013849614398194694,0.01
5.25,0.013810062920341683,0.01
5.26,0.013770699335395918,0.01
5.2700000000000005,0.013731522396084326,0.01
5.28,0.013692530865758959,0.01
5.29,0.013653723518286573,0.01
5.3,0.013615099137939585,0.01
5.3100000000000005,0.013576656519288318,0.01
5.32,0.013538394467094617,0.01
5.33,0.013500311796206707,0.01
5.34,0.013462407331455362,0.01
5.3500000000000005,0.013424679907551336,0.01
5.36,0.013387128368984032,0.01
5.37,0.013349751569921384,0.01
5.38,0.013312548374110965,0.01
5.39,0.013275517654782274,0.01
5.4,0.013238658294550218,0.01
5.41,0.013201969185319741,0.01
5.42,0.013165449228191572,0.01
5.43,0.01312909733336916,0.01
5.44,0.013092912420066653,0.01
5.45,0.013056893416418032,0.01
5.46,0.013021039259387279,0.01
5.47,0.012985348894679647,0.01
5.48,0.012949821276653969,0.01
5.49,0.01291445536823599,0.01
5.5,0.012879250140832759,0.01
5.51,0.012844204574247979,0.01
5.5200000000000005,0.012809317656598413,0.01
5.53,0.012774588384231225,0.01
5.54,0.012740015761642314,0.01
5.55,0.01270559880139558,0.01
5.5600000000000005,0.012671336524043177,0.01
5.57,0.012637227958046655,0.01
5.58,0.01260327213969904,0.01
5.59,0.012569468113047794,0.01
5.6000000000000005,0.012535814929818725,0.01
5.61,0.012502311649340726,0.01
5.62,0.012468957338471386,0.01
5.63,0.0124357510715235,0.01
5.64,0.012402691930192377,0.01
5.65,0.012369779003484025,0.01
5.66,0.012337011387644132,0.01
5.67,0.01230438818608787,0.01
5.68,0.01227190850933051,0.01
5.69,0.012239571474918812,0.01
5.7,0.01220737620736323,0.01
5.71,0.012175321838070819,0.01
5.72,0.012143407505279003,0.01
5.73,0.012111632353990013,0.01
5.74,0.0120799955359061,0.01
5.75,0.01204849620936548,0.01
5.76,0.012017133539278989,0.01
5.7700000000000005,0.011985906697067467,0.01
5.78,0.01195481486059984,0.01
5.79,0.01192385721413189,0.01
5.8,0.011893032948245716,0.01
5.8100000000000005,0.011862341259789869,0.01
5.82,0.011831781351820178,0.01
5.83,0.011801352433541188,0.01
5.84,0.011771053720248297,0.01
5.8500000000000005,0.011740884433270505,0.01
5.86,0.011710843799913818,0.01
5.87,0.011680931053405263,0.01
5.88,0.01165114543283753,0.01
5.89,0.011621486183114224,0.01
5.9,0.011591952554895707,0.01
5.91,0.011562543804545574,0.01
5.92,0.011533259194077657,0.01
5.93,0.011504097991103662,0.01
5.94,0.011475059468781353,0.01
5.95,0.01144614290576331,0.01
5.96,0.011417347586146239,0.01
5.97,0.011388672799420836,0.01
5.98,0.011360117840422205,0.01
5.99,0.011331682009280804,0.01
6.0,0.011303364611373925,0.01
6.01,0.011275164957277687,0.01
6.0200000000000005,0.01124708236271957,0.01
6.03,0.011219116148531457,0.01
6.04,0.01119126564060315,0.01
6.05,0.011163530169836419,0.01
6.0600000000000005,0.01113590907209954,0.01
6.07,0.011108401688182301,0.01
6.08,0.01108100736375151,0.01
6.09,0.011053725449306953,0.01
6.1000000000000005,0.011026555300137852,0.01
6.11,0.010999496276279767,0.01
6.12,0.010972547742471942,0.01
6.13,0.010945709068115143,0.01
6.140000000000001,0.010918979627229902,0.01
6.15,0.01089235879841523,0.01
6.16,0.010865845964807741,0.01
6.17,0.010839440514041237,0.01
6.18,0.010813141838206685,0.01
6.19,0.010786949333812634,0.01
6.2,0.010760862401746054,0.01
6.21,0.010734880447233558,0.01
6.22,0.01070900287980305,0.01
6.23,0.01068322911324577,0.01
6.24,0.010657558565578727,0.01
6.25,0.010631990659007535,0.01
6.26,0.010606524819889615,0.01
6.2700000000000005,0.0105811604786978,0.01
6.28,0.010555897069984306,0.01
6.29,0.010530734032345068,0.01
6.3,0.010505670808384458,0.01
6.3100000000000005,0.01048070684468036,0.01
6.32,0.01045584159174961,0.01
6.33,0.010431074504013768,0.01
6.34,0.010406405039765268,0.01
6.3500000000000005,0.01038183266113391,0.01
6.36,0.010357356834053682,0.01
6.37,0.010332977028229919,0.01
6.38,0.010308692717106818,0.01
6.390000000000001,0.010284503377835258,0.01
6.4,0.01026040849124097,0.01
6.41,0.010236407541793007,0.01
6.42,0.010212500017572549,0.01
6.43,0.010188685410242019,0.01
6.44,0.010164963215014497,0.01
6.45,0.010141332930623487,0.01
6.46,0.010117794059292915,0.01
6.47,0.010094346106707498,0.01
6.48,0.010070988581983369,0.01
6.49,0.010047720997639018,0.01
6.5,0.010024542869566501,0.01
6.51,0.010001453717002954,0.01
6.5200000000000005,0.009978453062502397,0.01
6.53,0.009955540431907791,0.01
6.54,0.0099327153543234,0.01
6.55,0.00990997736208742,0.01
6.5600000000000005,0.009887325990744848,0.01
6.57,0.009864760779020692,0.01
6.58,0.009842281268793366,0.01
6.59,0.009819887005068388,0.01
6.6000000000000005,0.009797577535952345,0.01
6.61,0.00977535241262708,0.01
6.62,0.009753211189324169,0.01
6.63,0.009731153423299617,0.01
6.640000000000001,0.009709178674808826,0.01
6.65,0.009687286507081795,0.01
6.66,0.009665476486298556,0.01
6.67,0.009643748181564873,0.01
6.68,0.009622101164888144,0.01
6.69,0.009600535011153571,0.01
6.7,0.009579049298100542,0.01
6.71,0.009557643606299225,0.01
6.72,0.009536317519127441,0.01
6.73,0.009515070622747703,0.01
6.74,0.009493902506084504,0.01
6.75,0.009472812760801832,0.01
6.76,0.00945180098128088,0.01
6.7700000000000005,0.009430866764597978,0.01
6.78,0.009410009710502742,0.01
6.79,0.009389229421396432,0.01
6.8,0.009368525502310503,0.01
6.8100000000000005,0.00934789756088537,0.01
6.82,0.009327345207349397,0.01
6.83,0.009306868054498032,0.01
6.84,0.0092864657176732,0.01
6.8500000000000005,0.009266137814742843,0.01
6.86,0.009245883966080698,0.01
6.87,0.00922570379454623,0.01
6.88,0.009205596925464755,0.01
6.890000000000001,0.009185562986607795,0.01
6.9,0.009165601608173556,0.01
6.91,0.009145712422767639,0.01
6.92,0.009125895065383903,0.01
6.93,0.009106149173385527,0.01
6.94,0.009086474386486222,0.01
6.95,0.009066870346731664,0.01
6.96,0.00904733669848104,0.01
6.97,0.009027873088388826,0.01
6.98,0.009008479165386694,0.01
6.99,0.008989154580665603,0.01
7.0,0.008969898987658056,0.01
7.01,0.008950712042020519,0.01
7.0200000000000005,0.00893159340161599,0.01
7.03,0.008912542726496771,0.01
7.04,0.008893559678887343,0.01
7.05,0.008874643923167436,0.01
7.0600000000000005,0.008855795125855237,0.01
7.07,0.008837012955590792,0.01
7.08,0.008818297083119474,0.01
7.09,0.008799647181275707,0.01
7.1000000000000005,0.008781062924966762,0.01
7.11,0.008762543991156734,0.01
7.12,0.008744090058850662,0.01
7.13,0.00872570080907879,0.01
7.140000000000001,0.008707375924880963,0.01
7.15,0.008689115091291194,0.01
7.16,0.008670917995322333,0.01
7.17,0.0086527843259509,0.01
7.18,0.008634713774102042,0.01
7.19,0.00861670603263464,0.01
7.2,0.008598760796326547,0.01
7.21,0.00858087776185994,0.01
7.22,0.008563056627806825,0.01
7.23,0.008545297094614674,0.01
7.24,0.008527598864592166,0.01
7.25,0.008509961641895089,0.01
7.26,0.00849238513251234,0.01
7.27,0.008474869044252065,0.01
7.28,0.00845741308672792,0.01
7.29,0.008440016971345462,0.01
7.3,0.008422680411288635,0.01
7.31,0.008405403121506408,0.01
7.32,0.008388184818699514,0.01
7.33,0.00837102522130731,0.01
7.34,0.008353924049494756,0.01
7.35,0.008336881025139497,0.01
7.36,0.008319895871819085,0.01
7.37,0.008302968314798286,0.01
7.38,0.00828609808101651,0.01
7.390000000000001,0.008269284899075358,0.01
7.4,0.008252528499226265,0.01
7.41,0.008235828613358268,0.01
7.42,0.008219184974985855,0.01
7.43,0.008202597319236962,0.01
7.44,0.008186065382841019,0.01
7.45,0.00816958890411716,0.01
7.46,0.008153167622962487,0.01
7.47,0.008136801280840463,0.01
7.48,0.008120489620769394,0.01
7.49,0.00810423238731103,0.01
7.5,0.008088029326559228,0.01
7.51,0.00807188018612875,0.01
7.52,0.00805578471514414,0.01
7.53,0.008039742664228697,0.01
7.54,0.008023753785493557,0.01
7.55,0.008007817832526838,0.01
7.56,0.007991934560382918,0.01
7.57,0.007976103725571773,0.01
7.58,0.00796032508604843,0.01
7.59,0.007944598401202476,0.01
7.6,0.007928923431847716,0.01
7.61,0.007913299940211853,0.01
7.62,0.007897727689926292,0.01
7.63,0.00788220644601604,0.01
7.640000000000001,0.007866735974889653,0.01
7.65,0.007851316044329319,0.01
7.66,0.007835946423480969,0.01
7.67,0.007820626882844529,0.01
7.68,0.007805357194264204,0.01
7.69,0.007790137130918886,0.01
7.7,0.007774966467312608,0.01
7.71,0.0077598449792651005,0.01
7.72,0.007744772443902421,0.01
7.73,0.0077297486396476645,0.01
7.74,0.007714773346211748,0.01
7.75,0.007699846344584267,0.01
7.76,0.007684967417024447,0.01
7.77,0.0076701363470521545,0.01
7.78,0.007655352919438987,0.01
7.79,0.007640616920199438,0.01
7.8,0.007625928136582141,0.01
7.81,0.007611286357061166,0.01
7.82,0.007596691371327429,0.01
7.83,0.007582142970280122,0.01
7.84,0.0075676409460182555,0.01
7.85,0.007553185091832245,0.01
7.86,0.0075387752021955825,0.01
7.87,0.007524411072756573,0.01
7.88,0.00751009250033013,0.01
7.890000000000001,0.007495819282889651,0.01
7.9,0.0074815912195589545,0.01
7.91,0.007467408110604281,0.01
7.92,0.007453269757426365,0.01
7.930000000000001,0.007439175962552561,0.01
7.94,0.007425126529629063,0.01
7.95,0.007411121263413134,0.01
7.96,0.007397159969765461,0.01
7.97,0.007383242455642528,0.01
7.98,0.007369368529089066,0.01
7.99,0.007355537999230575,0.01
8.0,0.007341750676265876,0.01
8.01,0.00732800637145977,0.01
8.02,0.007314304897135705,0.01
8.03,0.007300646066668539,0.01
8.040000000000001,0.007287029694477353,0.01
8.05,0.007273455596018313,0.01
8.06,0.007259923587777596,0.01
8.07,0.007246433487264373,0.01
8.08,0.007232985113003849,0.01
8.09,0.0072195782845303515,0.01
8.1,0.007206212822380491,0.01
8.11,0.007192888548086357,0.01
8.120000000000001,0.007179605284168784,0.01
8.13,0.0071663628541306585,0.01
8.14,0.007153161082450289,0.01
8.15,0.007139999794574823,0.01
8.16,0.007126878816913721,0.01
8.17,0.007113797976832283,0.01
8.18,0.007100757102645217,0.01
8.19,0.007087756023610269,0.01
8.2,0.007074794569921901,0.01
8.21,0.0070618725727050104,0.01
8.22,0.007048989864008723,0.01
8.23,0.007036146276800198,0.01
8.24,0.007023341644958513,0.01
8.25,0.007010575803268587,0.01
8.26,0.006997848587415147,0.01
8.27,0.006985159833976749,0.01
8.28,0.006972509380419839,0.01
8.290000000000001,0.006959897065092864,0.01
8.3,0.0069473227272204355,0.01
8.31,0.006934786206897525,0.01
8.32,0.006922287345083715,0.01
8.33,0.00690982598359749,0.01
8.34,0.006897401965110582,0.01
8.35,0.006885015133142337,0.01
8.36,0.006872665332054156,0.01
8.370000000000001,0.0068603524070439525,0.01
8.38,0.006848076204140671,0.01
8.39,0.0068358365701988374,0.01
8.4,0.006823633352893155,0.01
8.41,0.006811466400713139,0.01
8.42,0.006799335562957803,0.01
8.43,0.006787240689730378,0.01
8.44,0.006775181631933065,0.01
8.45,0.006763158241261846,0.01
8.46,0.006751170370201316,0.01
8.47,0.006739217872019577,0.01
8.48,0.006727300600763141,0.01
8.49,0.006715418411251903,0.01
8.5,0.0067035711590741264,0.01
8.51,0.00669175870058149,0.01
8.52,0.006679980892884154,0.01
8.53,0.006668237593845869,0.01
8.540000000000001,0.0066565286620791295,0.01
8.55,0.006644853956940364,0.01
8.56,0.006633213338525141,0.01
8.57,0.006621606667663437,0.01
8.58,0.006610033805914929,0.01
8.59,0.006598494615564324,0.01
8.6,0.006586988959616723,0.01
8.61,0.006575516701793018,0.01
8.620000000000001,0.006564077706525328,0.01
8.63,0.006552671838952472,0.01
8.64,0.006541298964915464,0.01
8.65,0.006529958950953055,0.01
8.66,0.0065186516642973,0.01
8.67,0.006507376972869159,0.01
8.68,0.006496134745274145,0.01
8.69,0.006484924850797972,0.01
8.700000000000001,0.006473747159402278,0.01
8.71,0.006462601541720344,0.01
8.72,0.006451487869052863,0.01
8.73,0.006440406013363735,0.01
8.74,0.0064293558472759,0.01
8.75,0.006418337244067188,0.01
8.76,0.006407350077666216,0.01
8.77,0.006396394222648305,0.01
8.78,0.006385469554231429,0.01
8.790000000000001,0.006374575948272194,0.01
8.8,0.006363713281261856,0.01
8.81,0.0063528814303223475,0.01
8.82,0.006342080273202356,0.01
8.83,0.006331309688273414,0.01
8.84,0.006320569554526032,0.01
8.85,0.006309859751565844,0.01
8.86,0.006299180159609799,0.01
8.870000000000001,0.006288530659482367,0.01
8.88,0.006277911132611777,0.01
8.89,0.006267321461026288,0.01
8.9,0.006256761527350469,0.01
8.91,0.0062462312148015365,0.01
8.92,0.006235730407185685,0.01
8.93,0.006225258988894475,0.01
8.94,0.00621481684490122,0.01
8.950000000000001,0.00620440386075742,0.01
8.96,0.006194019922589218,0.01
8.97,0.006183664917093862,0.01
8.98,0.006173338731536221,0.01
8.99,0.00616304125374531,0.01
9.0,0.006152772372110843,0.01
9.01,0.00614253197557981,0.01
9.02,0.006132319953653083,0.01
9.03,0.00612213619638204,0.01
9.04,0.006111980594365221,0.01
9.05,0.006101853038744995,0.01
9.06,0.006091753421204271,0.01
9.07,0.006081681633963215,0.01
9.08,0.006071637569775992,0.01
9.09,0.006061621121927547,0.01
9.1,0.0060516321842303865,0.01
9.11,0.006041670651021403,0.01
9.12,0.006031736417158709,0.01
9.13,0.006021829378018497,0.01
9.14,0.006011949429491929,0.01
9.15,0.006002096467982035,0.01
9.16,0.005992270390400644,0.01
9.17,0.00598247109416533,0.01
9.18,0.005972698477196388,0.01
9.19,0.00596295243791382,0.01
9.2,0.005953232875234354,0.01
9.21,0.005943539688568475,0.01
9.22,0.005933872777817483,0.01
9.23,0.0059242320433705664,0.01
9.24,0.0059146173861019,0.01
9.25,0.005905028707367761,0.01
9.26,0.0058954659090036665,0.01
9.27,0.005885928893321536,0.01
9.28,0.005876417563106859,0.01
9.29,0.005866931821615903,0.01
9.3,0.005857471572572914,0.01
9.31,0.005848036720167377,0.01
9.32,0.005838627169051249,0.01
9.33,0.005829242824336242,0.01
9.34,0.005819883591591116,0.01
9.35,0.005810549376838995,0.01
9.36,0.005801240086554689,0.01
9.37,0.005791955627662052,0.01
9.38,0.005782695907531344,0.01
9.39,0.005773460833976624,0.01
9.4,0.005764250315253143,0.01
9.41,0.005755064260054777,0.01
9.42,0.005745902577511459,0.01
9.43,0.005736765177186639,0.01
9.44,0.005727651969074761,0.01
9.45,0.005718562863598752,0.01
9.46,0.005709497771607536,0.01
9.47,0.005700456604373555,0.01
9.48,0.005691439273590313,0.01
9.49,0.005682445691369942,0.01
9.5,0.005673475770240773,0.01
9.51,0.005664529423144932,0.01
9.52,0.005655606563435954,0.01
9.53,0.005646707104876397,0.01
9.54,0.0056378309616354995,0.01
9.55,0.005628978048286831,0.01
9.56,0.005620148279805965,0.01
9.57,0.005611341571568178,0.01
9.58,0.00560255783934614,0.01
9.59,0.005593796999307652,0.01
9.6,0.005585058968013375,0.01
9.61,0.00557634366241458,0.01
9.62,0.005567650999850923,0.01
9.63,0.00555898089804822,0.01
9.64,0.005550333275116248,0.01
9.65,0.005541708049546557,0.01
9.66,0.0055331051402102965,0.01
9.67,0.005524524466356056,0.01
9.68,0.005515965947607723,0.01
9.69,0.0055074295039623505,0.01
9.7,0.005498915055788045,0.01
9.71,0.005490422523821863,0.01
9.72,0.005481951829167727,0.01
9.73,0.005473502893294346,0.01
9.74,0.005465075638033165,0.01
9.75,0.005456669985576309,0.01
9.76,0.0054482858584745586,0.01
9.77,0.00543992317963533,0.01
9.78,0.005431581872320671,0.01
9.79,0.005423261860145262,0.01
9.8,0.005414963067074442,0.01
9.81,0.005406685417422257,0.01
9.82,0.005398428835849478,0.01
9.83,0.005390193247361687,0.01
9.84,0.00538197857730734,0.01
9.85,0.005373784751375851,0.01
9.86,0.005365611695595696,0.01
9.87,0.005357459336332522,0.01
9.88,0.005349327600287269,0.01
9.89,0.005341216414494308,0.01
9.9,0.00533312570631959,0.01
9.91,0.005325055403458797,0.01
9.92,0.005317005433935531,0.01
9.93,0.005308975726099484,0.01
9.94,0.005300966208624637,0.01
9.95,0.005292976810507476,0.01
9.96,0.005285007461065198,0.01
9.97,0.005277058089933956,0.01
9.98,0.005269128627067096,0.01
9.99,0.005261219002733402,0.01
10.0,0.005253329147515377,0.01
10.01,0.005245458992307513,0.01
10.02,0.005237608468314573,0.01
10.03,0.005229777507049903,0.01
10.04,0.005221966040333728,0.01
10.05,0.005214174000291482,0.01
10.06,0.005206401319352142,0.01
10.07,0.005198647930246558,0.01
10.08,0.00519091376600582,0.01
10.09,0.005183198759959613,0.01
10.1,0.005175502845734593,0.01
10.11,0.005167825957252778,0.01
10.12,0.005160168028729935,0.01
10.13,0.00515252899467399,0.01
10.14,0.005144908789883442,0.01
10.15,0.0051373073494457916,0.01
10.16,0.005129724608735971,0.01
10.17,0.005122160503414794,0.01
10.18,0.005114614969427417,0.01
10.19,0.005107087943001793,0.01
10.2,0.005099579360647156,0.01
10.21,0.005092089159152501,0.01
10.22,0.0050846172755850865,0.01
10.23,0.005077163647288929,0.01
10.24,0.005069728211883323,0.01
10.25,0.005062310907261362,0.01
10.26,0.005054911671588471,0.01
10.27,0.005047530443300953,0.01
10.28,0.00504016716110453,0.01
10.29,0.005032821763972917,0.01
10.3,0.005025494191146377,0.01
10.31,0.005018184382130311,0.01
10.32,0.005010892276693839,0.01
10.33,0.005003617814868399,0.01
10.34,0.0049963609369463495,0.01
10.35,0.004989121583479583,0.01
10.36,0.004981899695278156,0.01
10.37,0.004974695213408907,0.01
10.38,0.004967508079194109,0.01
10.39,0.004960338234210111,0.01
10.4,0.004953185620285994,0.01
10.41,0.004946050179502239,0.01
10.42,0.0049389318541894,0.01
10.43,0.004931830586926783,0.01
10.44,0.004924746320541141,0.01
10.45,0.004917678998105363,0.01
10.46,0.004910628562937191,0.01
10.47,0.004903594958597926,0.01
10.48,0.004896578128891157,0.01
10.49,0.004889578017861481,0.01
10.5,0.004882594569793249,0.01
10.51,0.004875627729209313,0.01
10.52,0.00486867744086977,0.01
10.53,0.00486174364977073,0.01
10.54,0.00485482630114309,0.01
10.55,0.0048479253404512925,0.01
10.56,0.004841040713392133,0.01
10.57,0.004834172365893533,0.01
10.58,0.004827320244113341,0.01
10.59,0.00482048429443815,0.01
10.6,0.0048136644634820995,0.01
10.61,0.004806860698085699,0.01
10.62,0.004800072945314661,0.01
10.63,0.004793301152458727,0.01
10.64,0.004786545267030521,0.01
10.65,0.0047798052367643866,0.01
10.66,0.0047730810096152515,0.01
10.67,0.00476637253375749,0.01
10.68,0.004759679757583789,0.01
10.69,0.004753002629704032,0.01
10.7,0.004746341098944173,0.01
10.71,0.004739695114345135,0.01
10.72,0.0047330646251617075,0.01
10.73,0.004726449580861446,0.01
10.74,0.004719849931123585,0.01
10.75,0.004713265625837955,0.01
10.76,0.004706696615103906,0.01
10.77,0.004700142849229238,0.01
10.78,0.004693604278729139,0.01
10.79,0.004687080854325128,0.01
10.8,0.004680572526943996,0.01
10.81,0.004674079247716783,0.01
10.82,0.004667600967977714,0.01
10.83,0.004661137639263184,0.01
10.84,0.004654689213310729,0.01
10.85,0.004648255642058005,0.01
10.86,0.004641836877641775,0.01
10.87,0.004635432872396903,0.01
10.88,0.004629043578855351,0.01
10.89,0.004622668949745185,0.01
10.9,0.0046163089379895874,0.01
10.91,0.0046099634967058725,0.01
10.92,0.004603632579204502,0.01
10.93,0.004597316138988127,0.01
10.94,0.004591014129750609,0.01
10.95,0.00458472650537607,0.01
10.96,0.004578453219937927,0.01
10.97,0.004572194227697956,0.01
10.98,0.00456594948310534,0.01
10.99,0.00455971894079573,0.01
11.0,0.0045535025555903195,0.01
11.01,0.004547300282494914,0.01
11.02,0.004541112076699009,0.01
11.03,0.004534937893574878,0.01
11.04,0.004528777688676657,0.01
11.05,0.0045226314177394455,0.01
11.06,0.004516499036678402,0.01
11.07,0.004510380501587848,0.01
11.08,0.004504275768740389,0.01
11.09,0.004498184794586018,0.01
11.1,0.004492107535751243,0.01
11.11,0.004486043949038215,0.01
11.12,0.004479993991423854,0.01
11.13,0.004473957620058992,0.01
11.14,0.004467934792267509,0.01
11.15,0.0044619254655454835,0.01
11.16,0.00445592959756034,0.01
11.17,0.004449947146150008,0.01
11.18,0.004443978069322086,0.01
11.19,0.004438022325253004,0.01
11.2,0.004432079872287194,0.01
11.21,0.004426150668936268,0.01
11.22,0.004420234673878198,0.01
11.23,0.004414331845956505,0.01
11.24,0.004408442144179442,0.01
11.25,0.004402565527719192,0.01
11.26,0.004396701955911071,0.01
11.27,0.004390851388252726,0.01
11.28,0.00438501378440335,0.01
11.29,0.00437918910418289,0.01
11.3,0.004373377307571263,0.01
11.31,0.004367578354707593,0.01
11.32,0.004361792205889412,0.01
11.33,0.004356018821571916,0.01
11.34,0.0043502581623671875,0.01
11.35,0.004344510189043437,0.01
11.36,0.00433877486252425,0.01
11.37,0.004333052143887832,0.01
11.38,0.004327341994366263,0.01
11.39,0.00432164437534476,0.01
11.4,0.004315959248360928,0.01
11.41,0.004310286575104032,0.01
11.42,0.004304626317414268,0.01
11.43,0.004298978437282031,0.01
11.44,0.0042933428968472,0.01
11.45,0.0042877196583984145,0.01
11.46,0.004282108684372362,0.01
11.47,0.004276509937353075,0.01
11.48,0.0042709233800712135,0.01
11.49,0.0042653489754033705,0.01
11.5,0.004259786686371373,0.01
11.51,0.004254236476141588,0.01
11.52,0.004248698308024235,0.01
11.53,0.004243172145472694,0.01
11.54,0.0042376579520828316,0.01
11.55,0.00423215569159231,0.01
11.56,0.004226665327879929,0.01
11.57,0.004221186824964943,0.01
11.58,0.0042157201470063976,0.01
11.59,0.004210265258302466,0.01
11.6,0.004204822123289791,0.01
11.61,0.004199390706542829,0.01
11.62,0.004193970972773195,0.01
11.63,0.004188562886829018,0.01
11.64,0.004183166413694293,0.01
11.65,0.00417778151848824,0.01
11.66,0.004172408166464671,0.01
11.67,0.004167046323011346,0.01
11.68,0.004161695953649354,0.01
11.69,0.004156357024032479,0.01
11.7,0.004151029499946574,0.01
11.71,0.0041457133473089495,0.01
11.72,0.004140408532167748,0.01
11.73,0.0041351150207013364,0.01
11.74,0.004129832779217691,0.01
11.75,0.004124561774153799,0.01
11.76,0.004119301972075044,0.01
11.77,0.0041140533396746195,0.01
11.78,0.004108815843772917,0.01
11.79,0.004103589451316948,0.01
11.8,0.00409837412937974,0.01
11.81,0.004093169845159764,0.01
11.82,0.004087976565980339,0.01
11.83,0.004082794259289056,0.01
11.84,0.004077622892657205,0.01
11.85,0.004072462433779189,0.01
11.86,0.00406731285047197,0.01
11.87,0.004062174110674486,0.01
11.88,0.004057046182447099,0.01
11.89,0.00405192903397102,0.01
11.9,0.004046822633547765,0.01
11.91,0.004041726949598587,0.01
11.92,0.004036641950663932,0.01
11.93,0.004031567605402886,0.01
11.94,0.004026503882592627,0.01
11.95,0.004021450751127888,0.01
11.96,0.004016408180020409,0.01
11.97,0.004011376138398406,0.01
11.98,0.00400635459550603,0.01
11.99,0.0040013435207028394,0.01
12.0,0.003996342883463273,0.01
12.01,0.003991352653376117,0.01
12.02,0.00398637280014399,0.01
12.03,0.003981403293582817,0.01
12.04,0.003976444103621314,0.01
12.05,0.003971495200300471,0.01
12.06,0.003966556553773047,0.01
12.07,0.003961628134303053,0.01
12.08,0.003956709912265249,0.01
12.09,0.003951801858144639,0.01
12.1,0.003946903942535971,0.01
12.11,0.00394201613614324,0.01
12.12,0.0039371384097791895,0.01
12.13,0.00393227073436482,0.01
12.14,0.003927413080928898,0.01
12.15,0.003922565420607473,0.01
12.16,0.00391772772464338,0.01
12.17,0.003912899964385773,0.01
12.18,0.003908082111289632,0.01
12.19,0.003903274136915293,0.01
12.2,0.0038984760129279717,0.01
12.21,0.003893687711097288,0.01
12.22,0.0038889092032968003,0.01
12.23,0.0038841404615035362,0.01
12.24,0.0038793814577975268,0.01
12.25,0.0038746321643613464,0.01
12.26,0.0038698925534796516,0.01
12.27,0.0038651625975387243,0.01
12.28,0.0038604422690260132,0.01
12.29,0.0038557315405296872,0.01
12.3,0.0038510303847381815,0.01
12.31,0.0038463387744397497,0.01
12.32,0.003841656682522019,0.01
12.33,0.0038369840819715458,0.01
12.34,0.003832320945873377,0.01
12.35,0.003827667247410611,0.01
12.36,0.003823022959863958,0.01
12.37,0.0038183880566113114,0.01
12.38,0.003813762511127312,0.01
12.39,0.0038091462969829224,0.01
12.4,0.0038045393878449966,0.01
12.41,0.0037999417574758553,0.01
12.42,0.003795353379732864,0.01
12.43,0.0037907742285680137,0.01
12.44,0.0037862042780275012,0.01
12.45,0.0037816435022513147,0.01
12.46,0.0037770918754728156,0.01
12.47,0.0037725493720183324,0.01
12.48,0.003768015966306746,0.01
12.49,0.003763491632849089,0.01
12.5,0.0037589763462481294,0.01
12.51,0.0037544700811979795,0.01
12.52,0.003749972812483686,0.01
12.53,0.003745484514980836,0.01
12.54,0.0037410051636551553,0.01
12.55,0.003736534733562119,0.01
12.56,0.0037320731998465554,0.01
12.57,0.003727620537742253,0.01
12.58,0.0037231767225715763,0.01
12.59,0.0037187417297450762,0.01
12.6,0.0037143155347611045,0.01
12.61,0.003709898113205434,0.01
12.62,0.0037054894407508743,0.01
12.63,0.0037010894931568936,0.01
12.64,0.0036966982462692467,0.01
12.65,0.003692315676019591,0.01
12.66,0.003687941758425119,0.01
12.67,0.003683576469588186,0.01
12.68,0.003679219785695943,0.01
12.69,0.0036748716830199636,0.01
12.7,0.0036705321379158855,0.01
12.71,0.0036662011268230395,0.01
12.72,0.0036618786262640948,0.01
12.73,0.003657564612844694,0.01
12.74,0.003653259063253098,0.01
12.75,0.0036489619542598253,0.01
12.76,0.003644673262717304,0.01
12.77,0.0036403929655595114,0.01
12.78,0.003636121039801633,0.01
12.79,0.0036318574625397023,0.01
12.8,0.0036276022109502618,0.01
12.81,0.003623355262290014,0.01
12.82,0.0036191165938954765,0.01
12.83,0.0036148861831826447,0.01
12.84,0.0036106640076466433,0.01
12.85,0.0036064500448613965,0.01
12.86,0.0036022442724792858,0.01
12.87,0.0035980466682308163,0.01
12.88,0.0035938572099242804,0.01
12.89,0.003589675875445434,0.01
12.9,0.0035855026427571556,0.01
12.91,0.0035813374898991243,0.01
12.92,0.0035771803949874925,0.01
12.93,0.00357303133621456,0.01
12.94,0.0035688902918484494,0.01
12.95,0.0035647572402327824,0.01
12.96,0.0035606321597863666,0.01
12.97,0.0035565150290028705,0.01
12.98,0.0035524058264505064,0.01
12.99,0.0035483045307717173,0.01
13.0,0.0035442111206828624,0.01
13.01,0.0035401255749739034,0.01
13.02,0.0035360478725080958,0.01
13.03,0.003531977992221676,0.01
13.04,0.00352791591312356,0.01
13.05,0.003523861614295026,0.01
13.06,0.003519815074889425,0.01
13.07,0.003515776274131864,0.01
13.08,0.0035117451913189096,0.01
13.09,0.00350772180581829,0.01
13.1,0.0035037060970685937,0.01
13.11,0.0034996980445789706,0.01
13.12,0.0034956976279288407,0.01
13.13,0.0034917048267675958,0.01
13.14,0.0034877196208143104,0.01
13.15,0.0034837419898574454,0.01
13.16,0.003479771913754563,0.01
13.17,0.0034758093724320343,0.01
13.18,0.0034718543458847574,0.01
13.19,0.003467906814175865,0.01
13.2,0.0034639667574364445,0.01
13.21,0.0034600341558652546,0.01
13.22,0.003456108989728443,0.01
13.23,0.0034521912393592684,0.01
13.24,0.003448280885157816,0.01
13.25,0.0034443779075907285,0.01
13.26,0.003440482287190923,0.01
13.27,0.0034365940045573205,0.01
13.28,0.00343271304035457,0.01
13.29,0.0034288393753127795,0.01
13.3,0.0034249729902272406,0.01
13.31,0.0034211138659581667,0.01
13.32,0.003417261983430417,0.01
13.33,0.003413417323633234,0.01
13.34,0.0034095798676199787,0.01
13.35,0.003405749596507864,0.01
13.36,0.003401926491477693,0.01
13.37,0.0033981105337735976,0.01
13.38,0.003394301704702779,0.01
13.39,0.003390499985635248,0.01
13.4,0.003386705358003565,0.01
13.41,0.0033829178033025894,0.01
13.42,0.003379137303089216,0.01
13.43,0.0033753638389821287,0.01
13.44,0.003371597392661544,0.01
13.45,0.0033678379458689594,0.01
13.46,0.0033640854804069024,0.01
13.47,0.003360339978138686,0.01
13.48,0.0033566014209881548,0.01
13.49,0.0033528697909394408,0.01
13.5,0.003349145070036718,0.01
13.51,0.0033454272403839586,0.01
13.52,0.0033417162841446867,0.01
13.53,0.0033380121835417426,0.01
13.54,0.003334314920857033,0.01
13.55,0.0033306244784312993,0.01
13.56,0.0033269408386638753,0.01
13.57,0.00332326398401245,0.01
13.58,0.003319593896992831,0.01
13.59,0.0033159305601787106,0.01
13.6,0.0033122739562014315,0.01
13.61,0.0033086240677497524,0.01
13.62,0.003304980877569617,0.01
13.63,0.0033013443684639255,0.01
13.64,0.0032977145232923016,0.01
13.65,0.0032940913249708643,0.01
13.66,0.0032904747564720047,0.01
13.67,0.003286864800824153,0.01
13.68,0.0032832614411115583,0.01
13.69,0.0032796646604740633,0.01
13.7,0.003276074442106881,0.01
13.71,0.003272490769260369,0.01
13.72,0.003268913625239816,0.01
13.73,0.0032653429934052167,0.01
13.74,0.0032617788571710498,0.01
13.75,0.0032582212000060707,0.01
13.76,0.0032546700054330805,0.01
13.77,0.0032511252570287235,0.01
13.78,0.003247586938423264,0.01
13.79,0.003244055033300374,0.01
13.8,0.003240529525396923,0.01
13.81,0.0032370103985027644,0.01
13.82,0.003233497636460523,0.01
13.83,0.003229991223165389,0.01
13.84,0.0032264911425649054,0.01
13.85,0.0032229973786587623,0.01
13.86,0.0032195099154985903,0.01
13.87,0.0032160287371877532,0.01
13.88,0.0032125538278811416,0.01
13.89,0.0032090851717849747,0.01
13.9,0.003205622753156591,0.01
13.91,0.00320216655630425,0.01
13.92,0.003198716565586927,0.01
13.93,0.0031952727654141187,0.01
13.94,0.003191835140245639,0.01
13.95,0.0031884036745914233,0.01
13.96,0.0031849783530113304,0.01
13.97,0.0031815591601149443,0.01
13.98,0.003178146080561382,0.01
13.99,0.0031747390990590953,0.01
14.0,0.00317133820036568,0.01
14.01,0.0031679433692876798,0.01
14.02,0.003164554590680399,0.01
14.03,0.0031611718494477057,0.01
14.04,0.003157795130541846,0.01
14.05,0.003154424418963251,0.01
14.06,0.0031510596997603546,0.01
14.07,0.003147700958029398,0.01
14.08,0.003144348178914247,0.01
14.09,0.0031410013476062086,0.01
14.1,0.003137660449343839,0.01
14.11,0.003134325469412768,0.01
14.12,0.003130996393145508,0.01
14.13,0.0031276732059212758,0.01
14.14,0.003124355893165812,0.01
14.15,0.0031210444403511946,0.01
14.16,0.003117738832995666,0.01
14.17,0.003114439056663449,0.01
14.18,0.0031111450969645714,0.01
14.19,0.003107856939554683,0.01
14.2,0.003104574570134889,0.01
14.21,0.0031012979744515627,0.01
14.22,0.0030980271382961807,0.01
14.23,0.00309476204750514,0.01
14.24,0.003091502687959591,0.01
14.25,0.0030882490455852586,0.01
14.26,0.003085001106352278,0.01
14.27,0.003081758856275017,0.01
14.28,0.0030785222814119083,0.01
14.29,0.00307529136786528,0.01
14.3,0.003072066101781186,0.01
14.31,0.003068846469349239,0.01
14.32,0.0030656324568024435,0.01
14.33,0.0030624240504170267,0.01
14.34,0.003059221236512275,0.01
14.35,0.0030560240014503694,0.01
14.36,0.00305283233163622,0.01
14.37,0.003049646213517301,0.01
14.38,0.003046465633583493,0.01
14.39,0.0030432905783669153,0.01
14.4,0.003040121034441769,0.01
14.41,0.0030369569884241723,0.01
14.42,0.0030337984269720036,0.01
14.43,0.0030306453367847422,0.01
14.44,0.0030274977046033085,0.01
14.45,0.003024355517209907,0.01
14.46,0.0030212187614278695,0.01
14.47,0.0030180874241214984,0.01
14.48,0.0030149614921959125,0.01
14.49,0.0030118409525968885,0.01
14.5,0.003008725792310712,0.01
14.51,0.0030056159983640187,0.01
14.52,0.003002511557823646,0.01
14.53,0.002999412457796478,0.01
14.54,0.002996318685429295,0.01
14.55,0.002993230227908622,0.01
14.56,0.0029901470724605817,0.01
14.57,0.0029870692063507405,0.01
14.58,0.002983996616883962,0.01
14.59,0.0029809292914042594,0.01
14.6,0.0029778672172946466,0.01
14.61,0.0029748103819769935,0.01
14.62,0.0029717587729118774,0.01
14.63,0.002968712377598439,0.01
14.64,0.0029656711835742383,0.01
14.65,0.002962635178415107,0.01
14.66,0.0029596043497350094,0.01
14.67,0.0029565786851858955,0.01
14.68,0.0029535581724575623,0.01
14.69,0.002950542799277509,0.01
14.7,0.0029475325534107978,0.01
14.71,0.0029445274226599116,0.01
14.72,0.0029415273948646195,0.01
14.73,0.0029385324579018286,0.01
14.74,0.0029355425996854547,0.01
14.75,0.002932557808166278,0.01
14.76,0.002929578071331807,0.01
14.77,0.002926603377206145,0.01
14.78,0.0029236337138498505,0.01
14.79,0.0029206690693598034,0.01
14.8,0.002917709431869067,0.01
14.81,0.00291475478954676,0.01
14.82,0.0029118051305979157,0.01
14.83,0.0029088604432633523,0.01
14.84,0.0029059207158195414,0.01
14.85,0.0029029859365784726,0.01
14.86,0.002900056093887525,0.01
14.87,0.002897131176129336,0.01
14.88,0.0028942111717216675,0.01
14.89,0.0028912960691172824,0.01
14.9,0.0028883858568038096,0.01
14.91,0.0028854805233036176,0.01
14.92,0.0028825800571736894,0.01
14.93,0.002879684447005488,0.01
14.94,0.002876793681424838,0.01
14.95,0.0028739077490917914,0.01
14.96,0.002871026638700507,0.01
14.97,0.0028681503389791246,0.01
14.98,0.002865278838689636,0.01
14.99,0.002862412126627767,0.01
0.0,inf,0.01
0.01,166.12485404699274,0.01
0.02,58.734005410127025,0.01
0.03,31.97074306770618,0.01
0.04,20.765606755874092,0.01
0.05,14.858658656052272,0.01
0.06,11.303364611373926,0.01
0.07,8.969898987658055,0.01
0.08,7.341750676265878,0.01
0.09,6.152772372110842,0.01
0.1,5.253329147515377,0.01
0.11,4.5535025555903195,0.01
0.12,3.9963428834632726,0.01
0.13,3.544211120682862,0.01
0.14,3.1713382003656796,0.01
0.15,2.859550191622848,0.01
0.16,2.5957008444842615,0.01
0.17,2.3700703123739397,0.01
0.18,2.1753335337084083,0.01
0.19,2.0058765950174107,0.01
0.2,1.857332332006534,0.01
0.21,1.7262578650427105,0.01
0.22,1.6099062676040945,0.01
0.23,1.5060620261706852,0.01
0.24,1.4129205764217407,0.01
0.25,1.3289988323759419,0.01
0.26,1.2530678586958124,0.01
0.27,1.184101595100229,0.01
0.28,1.121237373457257,0.01
0.29,1.0637452052368863,0.01
0.3,1.0110036658199035,0.01
0.31,0.9624807930730332,0.01
0.32,0.9177188345332348,0.01
0.33,0.8763219754085734,0.01
0.34,0.8379463948842658,0.01
0.35,0.8022921555083986,0.01
0.36,0.7690965465138553,0.01
0.37,0.7381285884209701,0.01
0.38,0.7091844712800967,0.01
0.39,0.6820837481970385,0.01
0.4,0.6566661434394221,0.01
0.41,0.6327888634076703,0.01
0.42,0.6103243212241563,0.01
0.43,0.5891582032297443,0.01
0.44,0.5691878194487899,0.01
0.45,0.550320690964899,0.01
0.46,0.5324733357964214,0.01
0.47,0.515570221769225,0.01
0.48,0.4995428604329091,0.01
0.49,0.48432902054516835,0.01
0.5,0.46987204328101606,0.01
0.51,0.45612024428247816,0.01
0.52,0.44302639008535777,0.01
0.53,0.430547238448841,0.01
0.54,0.41864313375458967,0.01
0.55,0.4072776500007588,0.01
0.56,0.39641727504570995,0.01
0.5700000000000001,0.3860311306981572,0.01
0.58,0.376090724038839,0.01
0.59,0.3665697260207847,0.01
0.6,0.357443773952856,0.01
0.61,0.34869029494237175,0.01
0.62,0.340288347771874,0.01
0.63,0.33221848102437246,0.01
0.64,0.3244626055605327,0.01
0.65,0.3170038796983036,0.01
0.66,0.3098266056570965,0.01
0.67,0.3029161360103493,0.01
0.68,0.29625878904674247,0.01
0.6900000000000001,0.28984177207530604,0.01
0.7000000000000001,0.28365311182638037,0.01
0.71,0.277681591201552,0.01
0.72,0.27191669171355104,0.01
0.73,0.26634854103355865,0.01
0.74,0.2609678651300611,0.01
0.75,0.25576594454164947,0.01
0.76,0.25073457437717633,0.01
0.77,0.24586602768140922,0.01
0.78,0.24115302184363174,0.01
0.79,0.2365886877612318,0.01
0.8,0.23216654150081675,0.01
0.81,0.22788045822632746,0.01
0.8200000000000001,0.22372464818744578,0.01
0.8300000000000001,0.21969363458269245,0.01
0.84,0.2157822331303388,0.01
0.85,0.21198553319689162,0.01
0.86,0.20829888034771715,0.01
0.87,0.20471786019756333,0.01
0.88,0.2012382834505118,0.01
0.89,0.19785617202941383,0.01
0.9,0.19456774620427322,0.01
0.91,0.19136941263747723,0.01
0.92,0.18825775327133565,0.01
0.93,0.18522951499018672,0.01
0.94,0.18228159999543558,0.01
0.95,0.17941105683738987,0.01
0.96,0.1766150720527176,0.01
0.97,0.17389096236082088,0.01
0.98,0.1712361673764636,0.01
0.99,0.1686482427996415,0.01
1.0,0.16612485404699273,0.01
1.01,0.1636637702920438,0.01
1.02,0.16126285888430242,0.01
1.03,0.15892008011968148,0.01
1.04,0.15663348233697655,0.01
1.05,0.1544011973171663,0.01
1.06,0.15222143596415846,0.01
1.07,0.1500924842473019,0.01
1.08,0.14801269938752862,0.01
1.09,0.14598050627040093,0.01
1.1,0.1439943940706289,0.01
1.11,0.14205291307380183,0.01
1.12,0.14015467168215712,0.01
1.13,0.13829833359219945,0.01
1.14,0.13648261513288876,0.01
1.15,0.1347062827539488,0.01
1.16,0.1329681506546108,0.01
1.17,0.13126707854380973,0.01
1.18,0.12960196952349584,0.01
1.19,0.12797176808731867,0.01
1.2,0.12637545822748794,0.01
1.21,0.12481206164312002,0.01
1.22,0.1232806360438442,0.01
1.23,0.12178027354287191,0.01
1.24,0.12031009913412916,0.01
1.25,0.11886926924841817,0.01
1.26,0.11745697038391409,0.01
1.27,0.11607241780661483,0.01
1.28,0.11471485431665435,0.01
1.29,0.11338354907665638,0.01
1.3,0.11207779649855752,0.01
1.31,0.11079691518555755,0.01
1.32,0.10954024692607167,0.01
1.33,0.10830715573675694,0.01
1.34,0.10709702695187226,0.01
1.35,0.10590926635640174,0.01
1.36,0.10474329936053323,0.01
1.37,0.10359857021323175,0.01
1.38,0.10247454125278732,0.01
1.39,0.10137069219234544,0.01
1.4,0.10028651943854983,0.01
1.41,0.09922153544153901,0.01
1.42,0.09817526807464408,0.01
1.43,0.09714726004223202,0.01
1.44,0.09613706831423191,0.01
1.45,0.09514426358596573,0.01
1.46,0.09416842976198637,0.01
1.47,0.09320916346270024,0.01
1.48,0.09226607355262126,0.01
1.49,0.09133878068916991,0.01
1.5,0.0904269168909914,0.01
1.51,0.0895301251248252,0.01
1.52,0.08864805891001208,0.01
1.53,0.08778038193977554,0.01
1.54,0.08692676771846193,0.01
1.55,0.08608689921396843,0.01
1.56,0.08526046852462982,0.01
1.57,0.08444717655987445,0.01
1.58,0.08364673273399688,0.01
1.59,0.08285885467242946,0.01
1.6,0.08208326792992776,0.01
1.61,0.08131970572011597,0.01
1.62,0.08056790865586695,0.01
1.63,0.07982762450001919,0.01
1.64,0.07909860792595878,0.01
1.65,0.07838062028761877,0.01
1.66,0.07767342939847062,0.01
1.67,0.07697680931910515,0.01
1.68,0.07629054015301953,0.01
1.69,0.07561440785024703,0.01
1.7,0.07494820401848402,0.01
1.71,0.0742917257413856,0.01
1.72,0.07364477540371804,0.01
1.73,0.07300716052307123,0.01
1.74,0.07237869358784832,0.01
1.75,0.07175919190126445,0.01
1.76,0.07114847743109874,0.01
1.77,0.07054637666495579,0.01
1.78,0.0699527204708053,0.01
1.79,0.06936734396257868,0.01
1.8,0.06879008637061237,0.01
1.81,0.06822079091673733,0.01
1.82,0.06765930469382336,0.01
1.83,0.06710547854959611,0.01
1.84,0.06655916697455268,0.01
1.85,0.06602022799381012,0.01
1.86,0.06548852306272815,0.01
1.87,0.06496391696615515,0.01
1.88,0.06444627772115312,0.01
1.89,0.06393547648306334,0.01
1.9,0.06343138745478173,0.01
1.91,0.06293388779911724,0.01
1.92,0.062442857554113634,0.01
1.93,0.06195817955121937,0.01
1.94,0.06147973933619558,0.01
1.95,0.06100742509265713,0.01
1.96,0.060541127568146044,0.01
1.97,0.06008074000264104,0.01
1.98,0.05962615805941092,0.01
1.99,0.05917727975812369,0.01
2.0,0.05873400541012701,0.01
2.01,0.058296237555818836,0.01
2.02,0.057863880904030794,0.01
2.03,0.05743684227335029,0.01
2.04,0.05701503053530977,0.01
2.05,0.05659835655937521,0.01
2.06,0.0561867331596681,0.01
2.07,0.05578007504335871,0.01
2.08,0.05537829876066972,0.01
2.09,0.05498132265643325,0.01
2.1,0.05458906682314524,0.01
2.11,0.05420145305546452,0.01
2.12,0.05381840480610513,0.01
2.13,0.05343984714307323,0.01
2.14,0.05306570670820113,0.01
2.15,0.052695911676933785,0.01
2.16,0.05233039171932371,0.01
2.17,0.05196907796219316,0.01
2.18,0.051611902952422906,0.01
2.19,0.05125880062132973,0.01
2.2,0.05090970625009485,0.01
2.21,0.050564556436208254,0.01
2.22,0.05022328906089422,0.01
2.23,0.04988584325748548,0.01
2.24,0.049552159380713744,0.01
2.25,0.049222178976886743,0.01
2.26,0.048895844754921765,0.01
2.27,0.04857310055820794,0.01
2.28,0.04825389133726967,0.01
2.29,0.04793816312320515,0.01
2.3000000000000003,0.04762586300187482,0.01
2.31,0.0473169390888152,0.01
2.32,0.04701134050485487,0.01
2.33,0.04670901735240999,0.01
2.34,0.04640992069243751,0.01
2.35,0.046114002522025146,0.01
2.36,0.045821215752598086,0.01
2.37,0.045531514188722505,0.01
2.38,0.04524485250748763,0.01
2.39,0.04496118623844772,0.01
2.4,0.044680471744107,0.01
2.41,0.04440266620092998,0.01
2.42,0.04412772758086178,0.01
2.43,0.04385561463334182,0.01
2.44,0.04358628686779647,0.01
2.45,0.04331970453659554,0.01
2.46,0.04305582861845872,0.01
2.47,0.04279462080229815,0.01
2.48,0.04253604347148425,0.01
2.49,0.04228005968852158,0.01
2.5,0.042026633180123014,0.01
2.51,0.041775728322669826,0.01
2.52,0.04152731012804656,0.01
2.53,0.04128134422983948,0.01
2.54,0.04103779686988777,0.01
2.5500000000000003,0.04079663488517723,0.01
2.56,0.040557825695066586,0.01
2.57,0.04032133728883624,0.01
2.58,0.04008713821355071,0.01
2.59,0.03985519756222525,0.01
2.6,0.03962548496228795,0.01
2.61,0.03939797056432913,0.01
2.62,0.039172625031129255,0.01
2.63,0.03894941952695816,0.01
2.64,0.038728325707137065,0.01
2.65,0.038509315707856796,0.01
2.66,0.038292362136244165,0.01
2.67,0.038077438060670314,0.01
2.68,0.03786451700129366,0.01
2.69,0.03765357292083125,0.01
2.7,0.03744458021555197,0.01
2.71,0.037237513706485835,0.01
2.72,0.03703234863084281,0.01
2.73,0.036829060633636015,0.01
2.74,0.036627625759503415,0.01
2.75,0.036428020444722556,0.01
2.76,0.036230221509413255,0.01
2.77,0.036034206149923115,0.01
2.78,0.035839951931390834,0.01
2.79,0.03564743678048272,0.01
2.8000000000000003,0.035456638978297546,0.01
2.81,0.03526753715343554,0.01
2.82,0.0350801102752268,0.01
2.83,0.034894337647115296,0.01
2.84,0.034710198900194,0.01
2.85,0.03452767398688742,0.01
2.86,0.0343467431747776,0.01
2.87,0.03416738704056971,0.01
2.88,0.03398958646419388,0.01
2.89,0.03381332262303943,0.01
2.9,0.03363857698631833,0.01
2.91,0.03346533130955434,0.01
2.92,0.03329356762919483,0.01
2.93,0.033123268257341985,0.01
2.94,0.032954415776600354,0.01
2.95,0.03278699303503792,0.01
2.96,0.03262098314125764,0.01
2.97,0.03245636945957679,0.01
2.98,0.032293135605311454,0.01
2.99,0.03213126544016327,0.01
3.0,0.031970743067706184,0.01
3.01,0.03181155282897051,0.01
3.02,0.03165367929812199,0.01
3.03,0.031497107278233516,0.01
3.04,0.03134182179714704,0.01
3.0500000000000003,0.03118780810342377,0.01
3.06,0.031035051662380214,0.01
3.0700000000000003,0.030883538152208095,0.01
3.08,0.030733253460176153,0.01
3.09,0.030584183678911664,0.01
3.1,0.030436315102759973,0.01
3.11,0.03028963422422001,0.01
3.12,0.030144127730453968,0.01
3.13,0.02999978249986949,0.01
3.14,0.029856585598772443,0.01
3.15,0.029714524278088836,0.01
3.16,0.029573585970153974,0.01
3.17,0.029433758285567543,0.01
3.18,0.029295029010112758,0.01
3.19,0.02915738610173843,0.01
3.2,0.029020817687602094,0.01
3.21,0.028885312061173146,0.01
3.22,0.028750857679394243,0.01
3.23,0.02861744315989994,0.01
3.24,0.028485057278290933,0.01
3.25,0.0283536889654629,0.01
3.26,0.02822332730498848,0.01
3.27,0.028093961530551277,0.01
3.28,0.027965581023430726,0.01
3.29,0.027838175310036503,0.01
3.3000000000000003,0.027711734059491552,0.01
3.31,0.02758624708126253,0.01
3.3200000000000003,0.027461704322836556,0.01
3.33,0.027338095867443336,0.01
3.34,0.027215411931821545,0.01
3.35,0.02709364286402852,0.01
3.36,0.02697277914129235,0.01
3.37,0.026852811367905238,0.01
3.38,0.026733730273157494,0.01
3.39,0.026615526709311003,0.01
3.4,0.026498191649611452,0.01
3.41,0.026381716186338413,0.01
3.42,0.026266091528892466,0.01
3.43,0.02615130900191853,0.01
3.44,0.026037360043464644,0.01
3.45,0.025924236203175383,0.01
3.46,0.025811929140519243,0.01
3.47,0.025700430623049133,0.01
3.48,0.025589732524695416,0.01
3.49,0.025479826824090644,0.01
3.5,0.02537070560292544,0.01
3.51,0.02526236104433477,0.01
3.52,0.025154785431313977,0.01
3.53,0.025047971145164064,0.01
3.54,0.02494191066396533,0.01
3.5500000000000003,0.02483659656107911,0.01
3.56,0.02473202150367673,0.01
3.5700000000000003,0.024628178251295263,0.01
3.58,0.024525059654419548,0.01
3.59,0.02442265865308976,0.01
3.6,0.024320968275534153,0.01
3.61,0.024219981636826468,0.01
3.62,0.0241196919375673,0.01
3.63,0.024020092462589168,0.01
3.64,0.023921176579684653,0.01
3.65,0.023822937738357173,0.01
3.66,0.023725369468593906,0.01
3.67,0.0236284653796605,0.01
3.68,0.023532219158916956,0.01
3.69,0.023436624570654457,0.01
3.7,0.023341675454952537,0.01
3.71,0.02324736572655633,0.01
3.72,0.02315368937377334,0.01
3.73,0.023060640457389515,0.01
3.74,0.022968213109604056,0.01
3.75,0.02287640153298278,0.01
3.76,0.022785199999429448,0.01
3.77,0.022694602849174902,0.01
3.78,0.022604604489783568,0.01
3.79,0.02251519939517692,0.01
3.8,0.022426382104673733,0.01
3.81,0.022338147222046592,0.01
3.82,0.022250489414594565,0.01
3.83,0.022163403412231466,0.01
3.84,0.0220768840065897,0.01
3.85,0.021990926050139043,0.01
3.86,0.02190552445532045,0.01
3.87,0.021820674193694233,0.01
3.88,0.02173637029510261,0.01
3.89,0.021652607846846167,0.01
3.9,0.02156938199287409,0.01
3.91,0.021486687932987834,0.01
3.92,0.02140452092205795,0.01
3.93,0.02132287626925393,0.01
3.94,0.021241749337286675,0.01
3.95,0.021161135541663476,0.01
3.96,0.021081030349955187,0.01
3.97,0.021001429281075384,0.01
3.98,0.020922327904571342,0.01
3.99,0.02084372183992645,0.01
4.0,0.02076560675587409,0.01
4.01,0.02068797836972252,0.01
4.0200000000000005,0.020610832446690687,0.01
4.03,0.02053416479925483,0.01
4.04,0.020457971286505474,0.01
4.05,0.020382247813514776,0.01
4.0600000000000005,0.020306990330714064,0.01
4.07,0.020232194833281213,0.01
4.08,0.020157857360537802,0.01
4.09,0.020083973995355896,0.01
4.1,0.020010540863574157,0.01
4.11,0.01993755413342323,0.01
4.12,0.019865010014960185,0.01
4.13,0.019792904759511815,0.01
4.14,0.019721234659126723,0.01
4.15,0.019649996046035956,0.01
4.16,0.01957918529212207,0.01
4.17,0.019508798808396444,0.01
4.18,0.01943883304448476,0.01
4.19,0.019369284488120406,0.01
4.2,0.01930014966464579,0.01
4.21,0.019231425136521256,0.01
4.22,0.01916310750284164,0.01
4.23,0.019095193398860177,0.01
4.24,0.019027679495519808,0.01
4.25,0.018960562498991515,0.01
4.26,0.018893839150219815,0.01
4.2700000000000005,0.018827506224475075,0.01
4.28,0.018761560530912737,0.01
4.29,0.01869599891213908,0.01
4.3,0.01863081824378363,0.01
4.3100000000000005,0.018566015434077997,0.01
4.32,0.018501587423441077,0.01
4.33,0.01843753118407038,0.01
4.34,0.018373843719539578,0.01
4.3500000000000005,0.018310522064402,0.01
4.36,0.018247563283800117,0.01
4.37,0.018184964473080677,0.01
4.38,0.01812272275741573,0.01
4.39,0.018060835291429135,0.01
4.4,0.01799929925882861,0.01
4.41,0.017938111872043267,0.01
4.42,0.017877270371866368,0.01
4.43,0.01781677202710339,0.01
4.44,0.01775661413422523,0.01
4.45,0.01769679401702647,0.01
4.46,0.017637309026288597,0.01
4.47,0.017578156539448143,0.01
4.48,0.01751933396026964,0.01
4.49,0.017460838718523285,0.01
4.5,0.017402668269667264,0.01
4.51,0.01734482009453468,0.01
4.5200000000000005,0.017287291699024928,0.01
4.53,0.017230080613799565,0.01
4.54,0.017173184393982455,0.01
4.55,0.017116600618864258,0.01
4.5600000000000005,0.017060326891611088,0.01
4.57,0.017004360838977356,0.01
4.58,0.016948700111022626,0.01
4.59,0.016893342380832524,0.01
4.6000000000000005,0.016838285344243593,0.01
4.61,0.016783526719571992,0.01
4.62,0.01672906424734602,0.01
4.63,0.016674895690042428,0.01
4.64,0.01662101883182635,0.01
4.65,0.016567431478294953,0.01
4.66,0.01651413145622461,0.01
4.67,0.016461116613321593,0.01
4.68,0.016408384817976216,0.01
4.69,0.01635593395902044,0.01
4.7,0.016303761945488767,0.01
4.71,0.016251866706382456,0.01
4.72,0.01620024619043698,0.01
4.73,0.016148898365892686,0.01
4.74,0.01609782122026859,0.01
4.75,0.016047012760139288,0.01
4.76,0.015996471010914833,0.01
4.7700000000000005,0.015946194016623744,0.01
4.78,0.015896179839698835,0.01
4.79,0.015846426560766028,0.01
4.8,0.015796932278435993,0.01
4.8100000000000005,0.01574769510909859,0.01
4.82,0.01569871318672015,0.01
4.83,0.015649984662643373,0.01
4.84,0.015601507705390002,0.01
4.8500000000000005,0.015553280500466112,0.01
4.86,0.01550530125016999,0.01
4.87,0.015457568173402594,0.01
4.88,0.015410079505480526,0.01
4.89,0.015362833497951481,0.01
4.9,0.015315828418412177,0.01
4.91,0.015269062550328661,0.01
4.92,0.015222534192858989,0.01
4.93,0.015176241660678267,0.01
4.94,0.015130183283805958,0.01
4.95,0.015084357407435512,0.01
4.96,0.015038762391766144,0.01
4.97,0.014993396611836896,0.01
4.98,0.014948258457362798,0.01
4.99,0.014903346332573224,0.01
5.0,0.014858658656052272,0.01
5.01,0.014814193860581285,0.01
5.0200000000000005,0.01476995039298337,0.01
5.03,0.014725926713969953,0.01
5.04,0.014682121297989261,0.01
5.05,0.01463853263307682,0.01
5.0600000000000005,0.014595159220707823,0.01
5.07,0.014551999575651427,0.01
5.08,0.014509052225826853,0.01
5.09,0.01446631571216141,0.01
5.1000000000000005,0.014423788588450243,0.01
5.11,0.014381469421217935,0.01
5.12,0.014339356789581793,0.01
5.13,0.014297449285116939,0.01
5.14,0.014255745511723057,0.01
5.15,0.014214244085492826,0.01
5.16,0.014172943634582047,0.01
5.17,0.014131842799081341,0.01
5.18,0.014090940230889516,0.01
5.19,0.014050234593588463,0.01
5.2,0.01400972456231969,0.01
5.21,0.013969408823662294,0.01
5.22,0.013929286075512559,0.01
5.23,0.013889355026964954,0.01
5.24,0.013849614398194694,0.01
5.25,0.013810062920341683,0.01
5.26,0.013770699335395918,0.01
5.2700000000000005,0.013731522396084326,0.01
5.28,0.013692530865758959,0.01
5.29,0.013653723518286573,0.01
5.3,0.013615099137939585,0.01
5.3100000000000005,0.013576656519288318,0.01
5.32,0.013538394467094617,0.01
5.33,0.013500311796206707,0.01
5.34,0.013462407331455362,0.01
5.3500000000000005,0.013424679907551336,0.01
5.36,0.013387128368984032,0.01
5.37,0.013349751569921384,0.01
5.38,0.013312548374110965,0.01
5.39,0.013275517654782274,0.01
5.4,0.013238658294550218,0.01
5.41,0.013201969185319741,0.01
5.42,0.013165449228191572,0.01
5.43,0.01312909733336916,0.01
5.44,0.013092912420066653,0.01
5.45,0.013056893416418032,0.01
5.46,0.013021039259387279,0.01
5.47,0.012985348894679647,0.01
5.48,0.012949821276653969,0.01
5.49,0.01291445536823599,0.01
5.5,0.012879250140832759,0.01
5.51,0.012844204574247979,0.01
5.5200000000000005,0.012809317656598413,0.01
5.53,0.012774588384231225,0.01
5.54,0.012740015761642314,0.01
5.55,0.01270559880139558,0.01
5.5600000000000005,0.012671336524043177,0.01
5.57,0.012637227958046655,0.01
5.58,0.01260327213969904,0.01
5.59,0.012569468113047794,0.01
5.6000000000000005,0.012535814929818725,0.01
5.61,0.012502311649340726,0.01
5.62,0.012468957338471386,0.01
5.63,0.0124357510715235,0.01
5.64,0.012402691930192377,0.01
5.65,0.012369779003484025,0.01
5.66,0.012337011387644132,0.01
5.67,0.01230438818608787,0.01
5.68,0.01227190850933051,0.01
5.69,0.012239571474918812,0.01
5.7,0.01220737620736323,0.01
5.71,0.012175321838070819,0.01
5.72,0.012143407505279003,0.01
5.73,0.012111632353990013,0.01
5.74,0.0120799955359061,0.01
5.75,0.01204849620936548,0.01
5.76,0.012017133539278989,0.01
5.7700000000000005,0.011985906697067467,0.01
5.78,0.01195481486059984,0.01
5.79,0.01192385721413189,0.01
5.8,0.011893032948245716,0.01
5.8100000000000005,0.011862341259789869,0.01
5.82,0.011831781351820178,0.01
5.83,0.011801352433541188,0.01
5.84,0.011771053720248297,0.01
5.8500000000000005,0.011740884433270505,0.01
5.86,0.011710843799913818,0.01
5.87,0.011680931053405263,0.01
5.88,0.01165114543283753,0.01
5.89,0.011621486183114224,0.01
5.9,0.011591952554895707,0.01
5.91,0.011562543804545574,0.01
5.92,0.011533259194077657,0.01
5.93,0.011504097991103662,0.01
5.94,0.011475059468781353,0.01
5.95,0.01144614290576331,0.01
5.96,0.011417347586146239,0.01
5.97,0.011388672799420836,0.01
5.98,0.011360117840422205,0.01
5.99,0.011331682009280804,0.01
6.0,0.011303364611373925,0.01
6.01,0.011275164957277687,0.01
6.0200000000000005,0.01124708236271957,0.01
6.03,0.011219116148531457,0.01
6.04,0.01119126564060315,0.01
6.05,0.011163530169836419,0.01
6.0600000000000005,0.01113590907209954,0.01
6.07,0.011108401688182301,0.01
6.08,0.01108100736375151,0.01
6.09,0.011053725449306953,0.01
6.1000000000000005,0.011026555300137852,0.01
6.11,0.010999496276279767,0.01
6.12,0.010972547742471942,0.01
6.13,0.010945709068115143,0.01
6.140000000000001,0.010918979627229902,0.01
6.15,0.01089235879841523,0.01
6.16,0.010865845964807741,0.01
6.17,0.010839440514041237,0.01
6.18,0.010813141838206685,0.01
6.19,0.010786949333812634,0.01
6.2,0.010760862401746054,0.01
6.21,0.010734880447233558,0.01
6.22,0.01070900287980305,0.01
6.23,0.01068322911324577,0.01
6.24,0.010657558565578727,0.01
6.25,0.010631990659007535,0.01
6.26,0.010606524819889615,0.01
6.2700000000000005,0.0105811604786978,0.01
6.28,0.010555897069984306,0.01
6.29,0.010530734032345068,0.01
6.3,0.010505670808384458,0.01
6.3100000000000005,0.01048070684468036,0.01
6.32,0.01045584159174961,0.01
6.33,0.010431074504013768,0.01
6.34,0.010406405039765268,0.01
6.3500000000000005,0.01038183266113391,0.01
6.36,0.010357356834053682,0.01
6.37,0.010332977028229919,0.01
6.38,0.010308692717106818,0.01
6.390000000000001,0.010284503377835258,0.01
6.4,0.01026040849124097,0.01
6.41,0.010236407541793007,0.01
6.42,0.010212500017572549,0.01
6.43,0.010188685410242019,0.01
6.44,0.010164963215014497,0.01
6.45,0.010141332930623487,0.01
6.46,0.010117794059292915,0.01
6.47,0.010094346106707498,0.01
6.48,0.010070988581983369,0.01
6.49,0.010047720997639018,0.01
6.5,0.010024542869566501,0.01
6.51,0.010001453717002954,0.01
6.5200000000000005,0.009978453062502397,0.01
6.53,0.009955540431907791,0.01
6.54,0.0099327153543234,0.01
6.55,0.00990997736208742,0.01
6.5600000000000005,0.009887325990744848,0.01
6.57,0.009864760779020692,0.01
6.58,0.009842281268793366,0.01
6.59,0.009819887005068388,0.01
6.6000000000000005,0.009797577535952345,0.01
6.61,0.00977535241262708,0.01
6.62,0.009753211189324169,0.01
6.63,0.009731153423299617,0.01
6.640000000000001,0.009709178674808826,0.01
6.65,0.009687286507081795,0.01
6.66,0.009665476486298556,0.01
6.67,0.009643748181564873,0.01
6.68,0.009622101164888144,0.01
6.69,0.009600535011153571,0.01
6.7,0.009579049298100542,0.01
6.71,0.009557643606299225,0.01
6.72,0.009536317519127441,0.01
6.73,0.009515070622747703,0.01
6.74,0.009493902506084504,0.01
6.75,0.009472812760801832,0.01
6.76,0.00945180098128088,0.01
6.7700000000000005,0.009430866764597978,0.01
6.78,0.009410009710502742,0.01
6.79,0.009389229421396432,0.01
6.8,0.009368525502310503,0.01
6.8100000000000005,0.00934789756088537,0.01
6.82,0.009327345207349397,0.01
6.83,0.009306868054498032,0.01
6.84,0.0092864657176732,0.01
6.8500000000000005,0.009266137814742843,0.01
6.86,0.009245883966080698,0.01
6.87,0.00922570379454623,0.01
6.88,0.009205596925464755,0.01
6.890000000000001,0.009185562986607795,0.01
6.9,0.009165601608173556,0.01
6.91,0.009145712422767639,0.01
6.92,0.009125895065383903,0.01
6.93,0.009106149173385527,0.01
6.94,0.009086474386486222,0.01
6.95,0.009066870346731664,0.01
6.96,0.00904733669848104,0.01
6.97,0.009027873088388826,0.01
6.98,0.009008479165386694,0.01
6.99,0.008989154580665603,0.01
7.0,0.008969898987658056,0.01
7.01,0.008950712042020519,0.01
7.0200000000000005,0.00893159340161599,0.01
7.03,0.008912542726496771,0.01
7.04,0.008893559678887343,0.01
7.05,0.008874643923167436,0.01
7.0600000000000005,0.008855795125855237,0.01
7.07,0.008837012955590792,0.01
7.08,0.008818297083119474,0.01
7.09,0.008799647181275707,0.01
7.1000000000000005,0.008781062924966762,0.01
7.11,0.008762543991156734,0.01
7.12,0.008744090058850662,0.01
7.13,0.00872570080907879,0.01
7.140000000000001,0.008707375924880963,0.01
7.15,0.008689115091291194,0.01
7.16,0.008670917995322333,0.01
7.17,0.0086527843259509,0.01
7.18,0.008634713774102042,0.01
7.19,0.00861670603263464,0.01
7.2,0.008598760796326547,0.01
7.21,0.00858087776185994,0.01
7.22,0.008563056627806825,0.01
7.23,0.008545297094614674,0.01
7.24,0.008527598864592166,0.01
7.25,0.008509961641895089,0.01
7.26,0.00849238513251234,0.01
7.27,0.008474869044252065,0.01
7.28,0.00845741308672792,0.01
7.29,0.008440016971345462,0.01
7.3,0.008422680411288635,0.01
7.31,0.008405403121506408,0.01
7.32,0.008388184818699514,0.01
7.33,0.00837102522130731,0.01
7.34,0.008353924049494756,0.01
7.35,0.008336881025139497,0.01
7.36,0.008319895871819085,0.01
7.37,0.008302968314798286,0.01
7.38,0.00828609808101651,0.01
7.390000000000001,0.008269284899075358,0.01
7.4,0.008252528499226265,0.01
7.41,0.008235828613358268,0.01
7.42,0.008219184974985855,0.01
7.43,0.008202597319236962,0.01
7.44,0.008186065382841019,0.01
7.45,0.00816958890411716,0.01
7.46,0.008153167622962487,0.01
7.47,0.008136801280840463,0.01
7.48,0.008120489620769394,0.01
7.49,0.00810423238731103,0.01
7.5,0.008088029326559228,0.01
7.51,0.00807188018612875,0.01
7.52,0.00805578471514414,0.01
7.53,0.008039742664228697,0.01
7.54,0.008023753785493557,0.01
7.55,0.008007817832526838,0.01
7.56,0.007991934560382918,0.01
7.57,0.007976103725571773,0.01
7.58,0.00796032508604843,0.01
7.59,0.007944598401202476,0.01
7.6,0.007928923431847716,0.01
7.61,0.007913299940211853,0.01
7.62,0.007897727689926292,0.01
7.63,0.00788220644601604,0.01
7.640000000000001,0.007866735974889653,0.01
7.65,0.007851316044329319,0.01
7.66,0.007835946423480969,0.01
7.67,0.007820626882844529,0.01
7.68,0.007805357194264204,0.01
7.69,0.007790137130918886,0.01
7.7,0.007774966467312608,0.01
7.71,0.0077598449792651005,0.01
7.72,0.007744772443902421,0.01
7.73,0.0077297486396476645,0.01
7.74,0.007714773346211748,0.01
7.75,0.007699846344584267,0.01
7.76,0.007684967417024447,0.01
7.77,0.0076701363470521545,0.01
7.78,0.007655352919438987,0.01
7.79,0.007640616920199438,0.01
7.8,0.007625928136582141,0.01
7.81,0.007611286357061166,0.01
7.82,0.007596691371327429,0.01
7.83,0.007582142970280122,0.01
7.84,0.0075676409460182555,0.01
7.85,0.007553185091832245,0.01
7.86,0.0075387752021955825,0.01
7.87,0.007524411072756573,0.01
7.88,0.00751009250033013,0.01
7.890000000000001,0.007495819282889651,0.01
7.9,0.0074815912195589545,0.01
7.91,0.007467408110604281,0.01
7.92,0.007453269757426365,0.01
7.930000000000001,0.007439175962552561,0.01
7.94,0.007425126529629063,0.01
7.95,0.007411121263413134,0.01
7.96,0.007397159969765461,0.01
7.97,0.007383242455642528,0.01
7.98,0.007369368529089066,0.01
7.99,0.007355537999230575,0.01
8.0,0.007341750676265876,0.01
8.01,0.00732800637145977,0.01
8.02,0.007314304897135705,0.01
8.03,0.007300646066668539,0.01
8.040000000000001,0.007287029694477353,0.01
8.05,0.007273455596018313,0.01
8.06,0.007259923587777596,0.01
8.07,0.007246433487264373,0.01
8.08,0.007232985113003849,0.01
8.09,0.0072195782845303515,0.01
8.1,0.007206212822380491,0.01
8.11,0.007192888548086357,0.01
8.120000000000001,0.007179605284168784,0.01
8.13,0.0071663628541306585,0.01
8.14,0.007153161082450289,0.01
8.15,0.007139999794574823,0.01
8.16,0.007126878816913721,0.01
8.17,0.007113797976832283,0.01
8.18,0.007100757102645217,0.01
8.19,0.007087756023610269,0.01
8.2,0.007074794569921901,0.01
8.21,0.0070618725727050104,0.01
8.22,0.007048989864008723,0.01
8.23,0.007036146276800198,0.01
8.24,0.007023341644958513,0.01
8.25,0.007010575803268587,0.01
8.26,0.006997848587415147,0.01
8.27,0.006985159833976749,0.01
8.28,0.006972509380419839,0.01
8.290000000000001,0.006959897065092864,0.01
8.3,0.0069473227272204355,0.01
8.31,0.006934786206897525,0.01
8.32,0.006922287345083715,0.01
8.33,0.00690982598359749,0.01
8.34,0.006897401965110582,0.01
8.35,0.006885015133142337,0.01
8.36,0.006872665332054156,0.01
8.370000000000001,0.0068603524070439525,0.01
8.38,0.006848076204140671,0.01
8.39,0.0068358365701988374,0.01
8.4,0.006823633352893155,0.01
8.41,0.006811466400713139,0.01
8.42,0.006799335562957803,0.01
8.43,0.006787240689730378,0.01
8.44,0.006775181631933065,0.01
8.45,0.006763158241261846,0.01
8.46,0.006751170370201316,0.01
8.47,0.006739217872019577,0.01
8.48,0.006727300600763141,0.01
8.49,0.006715418411251903,0.01
8.5,0.0067035711590741264,0.01
8.51,0.00669175870058149,0.01
8.52,0.006679980892884154,0.01
8.53,0.006668237593845869,0.01
8.540000000000001,0.0066565286620791295,0.01
8.55,0.006644853956940364,0.01
8.56,0.006633213338525141,0.01
8.57,0.006621606667663437,0.01
8.58,0.006610033805914929,0.01
8.59,0.006598494615564324,0.01
8.6,0.006586988959616723,0.01
8.61,0.006575516701793018,0.01
8.620000000000001,0.006564077706525328,0.01
8.63,0.006552671838952472,0.01
8.64,0.006541298964915464,0.01
8.65,0.006529958950953055,0.01
8.66,0.0065186516642973,0.01
8.67,0.006507376972869159,0.01
8.68,0.006496134745274145,0.01
8.69,0.006484924850797972,0.01
8.700000000000001,0.006473747159402278,0.01
8.71,0.006462601541720344,0.01
8.72,0.006451487869052863,0.01
8.73,0.006440406013363735,0.01
8.74,0.0064293558472759,0.01
8.75,0.006418337244067188,0.01
8.76,0.006407350077666216,0.01
8.77,0.006396394222648305,0.01
8.78,0.006385469554231429,0.01
8.790000000000001,0.006374575948272194,0.01
8.8,0.006363713281261856,0.01
8.81,0.0063528814303223475,0.01
8.82,0.006342080273202356,0.01
8.83,0.006331309688273414,0.01
8.84,0.006320569554526032,0.01
8.85,0.006309859751565844,0.01
8.86,0.006299180159609799,0.01
8.870000000000001,0.006288530659482367,0.01
8.88,0.006277911132611777,0.01
8.89,0.006267321461026288,0.01
8.9,0.006256761527350469,0.01
8.91,0.0062462312148015365,0.01
8.92,0.006235730407185685,0.01
8.93,0.006225258988894475,0.01
8.94,0.00621481684490122,0.01
8.950000000000001,0.00620440386075742,0.01
8.96,0.006194019922589218,0.01
8.97,0.006183664917093862,0.01
8.98,0.006173338731536221,0.01
8.99,0.00616304125374531,0.01
9.0,0.006152772372110843,0.01
9.01,0.00614253197557981,0.01
9.02,0.006132319953653083,0.01
9.03,0.00612213619638204,0.01
9.04,0.006111980594365221,0.01
9.05,0.006101853038744995,0.01
9.06,0.006091753421204271,0.01
9.07,0.006081681633963215,0.01
9.08,0.006071637569775992,0.01
9.09,0.006061621121927547,0.01
9.1,0.0060516321842303865,0.01
9.11,0.006041670651021403,0.01
9.12,0.006031736417158709,0.01
9.13,0.006021829378018497,0.01
9.14,0.006011949429491929,0.01
9.15,0.006002096467982035,0.01
9.16,0.005992270390400644,0.01
9.17,0.00598247109416533,0.01
9.18,0.005972698477196388,0.01
9.19,0.00596295243791382,0.01
9.2,0.005953232875234354,0.01
9.21,0.005943539688568475,0.01
9.22,0.005933872777817483,0.01
9.23,0.0059242320433705664,0.01
9.24,0.0059146173861019,0.01
9.25,0.005905028707367761,0.01
9.26,0.0058954659090036665,0.01
9.27,0.005885928893321536,0.01
9.28,0.005876417563106859,0.01
9.29,0.005866931821615903,0.01
9.3,0.005857471572572914,0.01
9.31,0.005848036720167377,0.01
9.32,0.005838627169051249,0.01
9.33,0.005829242824336242,0.01
9.34,0.005819883591591116,0.01
9.35,0.005810549376838995,0.01
9.36,0.005801240086554689,0.01
9.37,0.005791955627662052,0.01
9.38,0.005782695907531344,0.01
9.39,0.005773460833976624,0.01
9.4,0.005764250315253143,0.01
9.41,0.005755064260054777,0.01
9.42,0.005745902577511459,0.01
9.43,0.005736765177186639,0.01
9.44,0.005727651969074761,0.01
9.45,0.005718562863598752,0.01
9.46,0.005709497771607536,0.01
9.47,0.005700456604373555,0.01
9.48,0.005691439273590313,0.01
9.49,0.005682445691369942,0.01
9.5,0.005673475770240773,0.01
9.51,0.005664529423144932,0.01
9.52,0.005655606563435954,0.01
9.53,0.005646707104876397,0.01
9.54,0.0056378309616354995,0.01
9.55,0.005628978048286831,0.01
9.56,0.005620148279805965,0.01
9.57,0.005611341571568178,0.01
9.58,0.00560255783934614,0.01
9.59,0.005593796999307652,0.01
9.6,0.005585058968013375,0.01
9.61,0.00557634366241458,0.01
9.62,0.005567650999850923,0.01
9.63,0.00555898089804822,0.01
9.64,0.005550333275116248,0.01
9.65,0.005541708049546557,0.01
9.66,0.0055331051402102965,0.01
9.67,0.005524524466356056,0.01
9.68,0.005515965947607723,0.01
9.69,0.0055074295039623505,0.01
9.7,0.005498915055788045,0.01
9.71,0.005490422523821863,0.01
9.72,0.005481951829167727,0.01
9.73,0.005473502893294346,0.01
9.74,0.005465075638033165,0.01
9.75,0.005456669985576309,0.01
9.76,0.0054482858584745586,0.01
9.77,0.00543992317963533,0.01
9.78,0.005431581872320671,0.01
9.79,0.005423261860145262,0.01
9.8,0.005414963067074442,0.01
9.81,0.005406685417422257,0.01
9.82,0.005398428835849478,0.01
9.83,0.005390193247361687,0.01
9.84,0.00538197857730734,0.01
9.85,0.005373784751375851,0.01
9.86,0.005365611695595696,0.01
9.87,0.005357459336332522,0.01
9.88,0.005349327600287269,0.01
9.89,0.005341216414494308,0.01
9.9,0.00533312570631959,0.01
9.91,0.005325055403458797,0.01
9.92,0.005317005433935531,0.01
9.93,0.005308975726099484,0.01
9.94,0.005300966208624637,0.01
9.95,0.005292976810507476,0.01
9.96,0.005285007461065198,0.01
9.97,0.005277058089933956,0.01
9.98,0.005269128627067096,0.01
9.99,0.005261219002733402,0.01
10.0,0.005253329147515377,0.01
10.01,0.005245458992307513,0.01
10.02,0.005237608468314573,0.01
10.03,0.005229777507049903,0.01
10.04,0.005221966040333728,0.01
10.05,0.005214174000291482,0.01
10.06,0.005206401319352142,0.01
10.07,0.005198647930246558,0.01
10.08,0.00519091376600582,0.01
10.09,0.005183198759959613,0.01
10.1,0.005175502845734593,0.01
10.11,0.005167825957252778,0.01
10.12,0.005160168028729935,0.01
10.13,0.00515252899467399,0.01
10.14,0.005144908789883442,0.01
10.15,0.0051373073494457916,0.01
10.16,0.005129724608735971,0.01
10.17,0.005122160503414794,0.01
10.18,0.005114614969427417,0.01
10.19,0.005107087943001793,0.01
10.2,0.005099579360647156,0.01
10.21,0.005092089159152501,0.01
10.22,0.0050846172755850865,0.01
10.23,0.005077163647288929,0.01
10.24,0.005069728211883323,0.01
10.25,0.005062310907261362,0.01
10.26,0.005054911671588471,0.01
10.27,0.005047530443300953,0.01
10.28,0.00504016716110453,0.01
10.29,0.005032821763972917,0.01
10.3,0.005025494191146377,0.01
10.31,0.005018184382130311,0.01
10.32,0.005010892276693839,0.01
10.33,0.005003617814868399,0.01
10.34,0.0049963609369463495,0.01
10.35,0.004989121583479583,0.01
10.36,0.004981899695278156,0.01
10.37,0.004974695213408907,0.01
10.38,0.004967508079194109,0.01
10.39,0.004960338234210111,0.01
10.4,0.004953185620285994,0.01
10.41,0.004946050179502239,0.01
10.42,0.0049389318541894,0.01
10.43,0.004931830586926783,0.01
10.44,0.004924746320541141,0.01
10.45,0.004917678998105363,0.01
10.46,0.004910628562937191,0.01
10.47,0.004903594958597926,0.01
10.48,0.004896578128891157,0.01
10.49,0.004889578017861481,0.01
10.5,0.004882594569793249,0.01
10.51,0.004875627729209313,0.01
10.52,0.00486867744086977,0.01
10.53,0.00486174364977073,0.01
10.54,0.00485482630114309,0.01
10.55,0.0048479253404512925,0.01
10.56,0.004841040713392133,0.01
10.57,0.004834172365893533,0.01
10.58,0.004827320244113341,0.01
10.59,0.00482048429443815,0.01
10.6,0.0048136644634820995,0.01
10.61,0.004806860698085699,0.01
10.62,0.004800072945314661,0.01
10.63,0.004793301152458727,0.01
10.64,0.004786545267030521,0.01
10.65,0.0047798052367643866,0.01
10.66,0.0047730810096152515,0.01
10.67,0.00476637253375749,0.01
10.68,0.004759679757583789,0.01
10.69,0.004753002629704032,0.01
10.7,0.004746341098944173,0.01
10.71,0.004739695114345135,0.01
10.72,0.0047330646251617075,0.01
10.73,0.004726449580861446,0.01
10.74,0.004719849931123585,0.01
10.75,0.004713265625837955,0.01
10.76,0.004706696615103906,0.01
10.77,0.004700142849229238,0.01
10.78,0.004693604278729139,0.01
10.79,0.004687080854325128,0.01
10.8,0.004680572526943996,0.01
10.81,0.004674079247716783,0.01
10.82,0.004667600967977714,0.01
10.83,0.004661137639263184,0.01
10.84,0.004654689213310729,0.01
10.85,0.004648255642058005,0.01
10.86,0.004641836877641775,0.01
10.87,0.004635432872396903,0.01
10.88,0.004629043578855351,0.01
10.89,0.004622668949745185,0.01
10.9,0.0046163089379895874,0.01
10.91,0.0046099634967058725,0.01
10.92,0.004603632579204502,0.01
10.93,0.004597316138988127,0.01
10.94,0.004591014129750609,0.01
10.95,0.00458472650537607,0.01
10.96,0.004578453219937927,0.01
10.97,0.004572194227697956,0.01
10.98,0.00456594948310534,0.01
10.99,0.00455971894079573,0.01
11.0,0.0045535025555903195,0.01
11.01,0.004547300282494914,0.01
11.02,0.004541112076699009,0.01
11.03,0.004534937893574878,0.01
11.04,0.004528777688676657,0.01
11.05,0.0045226314177394455,0.01
11.06,0.004516499036678402,0.01
11.07,0.004510380501587848,0.01
11.08,0.004504275768740389,0.01
11.09,0.004498184794586018,0.01
11.1,0.004492107535751243,0.01
11.11,0.004486043949038215,0.01
11.12,0.004479993991423854,0.01
11.13,0.004473957620058992,0.01
11.14,0.004467934792267509,0.01
11.15,0.0044619254655454835,0.01
11.16,0.00445592959756034,0.01
11.17,0.004449947146150008,0.01
11.18,0.004443978069322086,0.01
11.19,0.004438022325253004,0.01
11.2,0.004432079872287194,0.01
11.21,0.004426150668936268,0.01
11.22,0.004420234673878198,0.01
11.23,0.004414331845956505,0.01
11.24,0.004408442144179442,0.01
11.25,0.004402565527719192,0.01
11.26,0.004396701955911071,0.01
11.27,0.004390851388252726,0.01
11.28,0.00438501378440335,0.01
11.29,0.00437918910418289,0.01
11.3,0.004373377307571263,0.01
11.31,0.004367578354707593,0.01
11.32,0.004361792205889412,0.01
11.33,0.004356018821571916,0.01
11.34,0.0043502581623671875,0.01
11.35,0.004344510189043437,0.01
11.36,0.00433877486252425,0.01
11.37,0.004333052143887832,0.01
11.38,0.004327341994366263,0.01
11.39,0.00432164437534476,0.01
11.4,0.004315959248360928,0.01
11.41,0.004310286575104032,0.01
11.42,0.004304626317414268,0.01
11.43,0.004298978437282031,0.01
11.44,0.0042933428968472,0.01
11.45,0.0042877196583984145,0.01
11.46,0.004282108684372362,0.01
11.47,0.004276509937353075,0.01
11.48,0.0042709233800712135,0.01
11.49,0.0042653489754033705,0.01
11.5,0.004259786686371373,0.01
11.51,0.004254236476141588,0.01
11.52,0.004248698308024235,0.01
11.53,0.004243172145472694,0.01
11.54,0.0042376579520828316,0.01
11.55,0.00423215569159231,0.01
11.56,0.004226665327879929,0.01
11.57,0.004221186824964943,0.01
11.58,0.0042157201470063976,0.01
11.59,0.004210265258302466,0.01
11.6,0.004204822123289791,0.01
11.61,0.004199390706542829,0.01
11.62,0.004193970972773195,0.01
11.63,0.004188562886829018,0.01
11.64,0.004183166413694293,0.01
11.65,0.00417778151848824,0.01
11.66,0.004172408166464671,0.01
11.67,0.004167046323011346,0.01
11.68,0.004161695953649354,0.01
11.69,0.004156357024032479,0.01
11.7,0.004151029499946574,0.01
11.71,0.0041457133473089495,0.01
11.72,0.004140408532167748,0.01
11.73,0.0041351150207013364,0.01
11.74,0.004129832779217691,0.01
11.75,0.004124561774153799,0.01
11.76,0.004119301972075044,0.01
11.77,0.0041140533396746195,0.01
11.78,0.004108815843772917,0.01
11.79,0.004103589451316948,0.01
11.8,0.00409837412937974,0.01
11.81,0.004093169845159764,0.01
11.82,0.004087976565980339,0.01
11.83,0.004082794259289056,0.01
11.84,0.004077622892657205,0.01
11.85,0.004072462433779189,0.01
11.86,0.00406731285047197,0.01
11.87,0.004062174110674486,0.01
11.88,0.004057046182447099,0.01
11.89,0.00405192903397102,0.01
11.9,0.004046822633547765,0.01
11.91,0.004041726949598587,0.01
11.92,0.004036641950663932,0.01
11.93,0.004031567605402886,0.01
11.94,0.004026503882592627,0.01
11.95,0.004021450751127888,0.01
11.96,0.004016408180020409,0.01
11.97,0.004011376138398406,0.01
11.98,0.00400635459550603,0.01
11.99,0.0040013435207028394,0.01
12.0,0.003996342883463273,0.01
12.01,0.003991352653376117,0.01
12.02,0.00398637280014399,0.01
12.03,0.003981403293582817,0.01
12.04,0.003976444103621314,0.01
12.05,0.003971495200300471,0.01
12.06,0.003966556553773047,0.01
12.07,0.003961628134303053,0.01
12.08,0.003956709912265249,0.01
12.09,0.003951801858144639,0.01
12.1,0.003946903942535971,0.01
12.11,0.00394201613614324,0.01
12.12,0.0039371384097791895,0.01
12.13,0.00393227073436482,0.01
12.14,0.003927413080928898,0.01
12.15,0.003922565420607473,0.01
12.16,0.00391772772464338,0.01
12.17,0.003912899964385773,0.01
12.18,0.003908082111289632,0.01
12.19,0.003903274136915293,0.01
12.2,0.0038984760129279717,0.01
12.21,0.003893687711097288,0.01
12.22,0.0038889092032968003,0.01
12.23,0.0038841404615035362,0.01
12.24,0.0038793814577975268,0.01
12.25,0.0038746321643613464,0.01
12.26,0.0038698925534796516,0.01
12.27,0.0038651625975387243,0.01
12.28,0.0038604422690260132,0.01
12.29,0.0038557315405296872,0.01
12.3,0.0038510303847381815,0.01
12.31,0.0038463387744397497,0.01
12.32,0.003841656682522019,0.01
12.33,0.0038369840819715458,0.01
12.34,0.003832320945873377,0.01
12.35,0.003827667247410611,0.01
12.36,0.003823022959863958,0.01
12.37,0.0038183880566113114,0.01
12.38,0.003813762511127312,0.01
12.39,0.0038091462969829224,0.01
12.4,0.0038045393878449966,0.01
12.41,0.0037999417574758553,0.01
12.42,0.003795353379732864,0.01
12.43,0.0037907742285680137,0.01
12.44,0.0037862042780275012,0.01
12.45,0.0037816435022513147,0.01
12.46,0.0037770918754728156,0.01
12.47,0.0037725493720183324,0.01
12.48,0.003768015966306746,0.01
12.49,0.003763491632849089,0.01
12.5,0.0037589763462481294,0.01
12.51,0.0037544700811979795,0.01
12.52,0.003749972812483686,0.01
12.53,0.003745484514980836,0.01
12.54,0.0037410051636551553,0.01
12.55,0.003736534733562119,0.01
12.56,0.0037320731998465554,0.01
12.57,0.003727620537742253,0.01
12.58,0.0037231767225715763,0.01
12.59,0.0037187417297450762,0.01
12.6,0.0037143155347611045,0.01
12.61,0.003709898113205434,0.01
12.62,0.0037054894407508743,0.01
12.63,0.0037010894931568936,0.01
12.64,0.0036966982462692467,0.01
12.65,0.003692315676019591,0.01
12.66,0.003687941758425119,0.01
12.67,0.003683576469588186,0.01
12.68,0.003679219785695943,0.01
12.69,0.0036748716830199636,0.01
12.7,0.0036705321379158855,0.01
12.71,0.0036662011268230395,0.01
12.72,0.0036618786262640948,0.01
12.73,0.003657564612844694,0.01
12.74,0.003653259063253098,0.01
12.75,0.0036489619542598253,0.01
12.76,0.003644673262717304,0.01
12.77,0.0036403929655595114,0.01
12.78,0.003636121039801633,0.01
12.79,0.0036318574625397023,0.01
12.8,0.0036276022109502618,0.01
12.81,0.003623355262290014,0.01
12.82,0.0036191165938954765,0.01
12.83,0.0036148861831826447,0.01
12.84,0.0036106640076466433,0.01
12.85,0.0036064500448613965,0.01
12.86,0.0036022442724792858,0.01
12.87,0.0035980466682308163,0.01
12.88,0.0035938572099242804,0.01
12.89,0.003589675875445434,0.01
12.9,0.0035855026427571556,0.01
12.91,0.0035813374898991243,0.01
12.92,0.0035771803949874925,0.01
12.93,0.00357303133621456,0.01
12.94,0.0035688902918484494,0.01
12.95,0.0035647572402327824,0.01
12.96,0.0035606321597863666,0.01
12.97,0.0035565150290028705,0.01
12.98,0.0035524058264505064,0.01
12.99,0.0035483045307717173,0.01
13.0,0.0035442111206828624,0.01
13.01,0.0035401255749739034,0.01
13.02,0.0035360478725080958,0.01
13.03,0.003531977992221676,0.01
13.04,0.00352791591312356,0.01
13.05,0.003523861614295026,0.01
13.06,0.003519815074889425,0.01
13.07,0.003515776274131864,0.01
13.08,0.0035117451913189096,0.01
13.09,0.00350772180581829,0.01
13.1,0.0035037060970685937,0.01
13.11,0.0034996980445789706,0.01
13.12,0.0034956976279288407,0.01
13.13,0.0034917048267675958,0.01
13.14,0.0034877196208143104,0.01
13.15,0.0034837419898574454,0.01
13.16,0.003479771913754563,0.01
13.17,0.0034758093724320343,0.01
13.18,0.0034718543458847574,0.01
13.19,0.003467906814175865,0.01
13.2,0.0034639667574364445,0.01
13.21,0.0034600341558652546,0.01
13.22,0.003456108989728443,0.01
13.23,0.0034521912393592684,0.01
13.24,0.003448280885157816,0.01
13.25,0.0034443779075907285,0.01
13.26,0.003440482287190923,0.01
13.27,0.0034365940045573205,0.01
13.28,0.00343271304035457,0.01
13.29,0.0034288393753127795,0.01
13.3,0.0034249729902272406,0.01
13.31,0.0034211138659581667,0.01
13.32,0.003417261983430417,0.01
13.33,0.003413417323633234,0.01
13.34,0.0034095798676199787,0.01
13.35,0.003405749596507864,0.01
13.36,0.003401926491477693,0.01
13.37,0.0033981105337735976,0.01
13.38,0.003394301704702779,0.01
13.39,0.003390499985635248,0.01
13.4,0.003386705358003565,0.01
13.41,0.0033829178033025894,0.01
13.42,0.003379137303089216,0.01
13.43,0.0033753638389821287,0.01
13.44,0.003371597392661544,0.01
13.45,0.0033678379458689594,0.01
13.46,0.0033640854804069024,0.01
13.47,0.003360339978138686,0.01
13.48,0.0033566014209881548,0.01
13.49,0.0033528697909394408,0.01
13.5,0.003349145070036718,0.01
13.51,0.0033454272403839586,0.01
13.52,0.0033417162841446867,0.01
13.53,0.0033380121835417426,0.01
13.54,0.003334314920857033,0.01
13.55,0.0033306244784312993,0.01
13.56,0.0033269408386638753,0.01
13.57,0.00332326398401245,0.01
13.58,0.003319593896992831,0.01
13.59,0.0033159305601787106,0.01
13.6,0.0033122739562014315,0.01
13.61,0.0033086240677497524,0.01
13.62,0.003304980877569617,0.01
13.63,0.0033013443684639255,0.01
13.64,0.0032977145232923016,0.01
13.65,0.0032940913249708643,0.01
13.66,0.0032904747564720047,0.01
13.67,0.003286864800824153,0.01
13.68,0.0032832614411115583,0.01
13.69,0.0032796646604740633,0.01
13.7,0.003276074442106881,0.01
13.71,0.003272490769260369,0.01
13.72,0.003268913625239816,0.01
13.73,0.0032653429934052167,0.01
13.74,0.0032617788571710498,0.01
13.75,0.0032582212000060707,0.01
13.76,0.0032546700054330805,0.01
13.77,0.0032511252570287235,0.01
13.78,0.003247586938423264,0.01
13.79,0.003244055033300374,0.01
13.8,0.003240529525396923,0.01
13.81,0.0032370103985027644,0.01
13.82,0.003233497636460523,0.01
13.83,0.003229991223165389,0.01
13.84,0.0032264911425649054,0.01
13.85,0.0032229973786587623,0.01
13.86,0.0032195099154985903,0.01
13.87,0.0032160287371877532,0.01
13.88,0.0032125538278811416,0.01
13.89,0.0032090851717849747,0.01
13.9,0.003205622753156591,0.01
13.91,0.00320216655630425,0.01
13.92,0.003198716565586927,0.01
13.93,0.0031952727654141187,0.01
13.94,0.003191835140245639,0.01
13.95,0.0031884036745914233,0.01
13.96,0.0031849783530113304,0.01
13.97,0.0031815591601149443,0.01
13.98,0.003178146080561382,0.01
13.99,0.0031747390990590953,0.01
14.0,0.00317133820036568,0.01
14.01,0.0031679433692876798,0.01
14.02,0.003164554590680399,0.01
14.03,0.0031611718494477057,0.01
14.04,0.003157795130541846,0.01
14.05,0.003154424418963251,0.01
14.06,0.0031510596997603546,0.01
14.07,0.003147700958029398,0.01
14.08,0.003144348178914247,0.01
14.09,0.0031410013476062086,0.01
14.1,0.003137660449343839,0.01
14.11,0.003134325469412768,0.01
14.12,0.003130996393145508,0.01
14.13,0.0031276732059212758,0.01
14.14,0.003124355893165812,0.01
14.15,0.0031210444403511946,0.01
14.16,0.003117738832995666,0.01
14.17,0.003114439056663449,0.01
14.18,0.0031111450969645714,0.01
14.19,0.003107856939554683,0.01
14.2,0.003104574570134889,0.01
14.21,0.0031012979744515627,0.01
14.22,0.0030980271382961807,0.01
14.23,0.00309476204750514,0.01
14.24,0.003091502687959591,0.01
14.25,0.0030882490455852586,0.01
14.26,0.003085001106352278,0.01
14.27,0.003081758856275017,0.01
14.28,0.0030785222814119083,0.01
14.29,0.00307529136786528,0.01
14.3,0.003072066101781186,0.01
14.31,0.003068846469349239,0.01
14.32,0.0030656324568024435,0.01
14.33,0.0030624240504170267,0.01
14.34,0.003059221236512275,0.01
14.35,0.0030560240014503694,0.01
14.36,0.00305283233163622,0.01
14.37,0.003049646213517301,0.01
14.38,0.003046465633583493,0.01
14.39,0.0030432905783669153,0.01
14.4,0.003040121034441769,0.01
14.41,0.0030369569884241723,0.01
14.42,0.0030337984269720036,0.01
14.43,0.0030306453367847422,0.01
14.44,0.0030274977046033085,0.01
14.45,0.003024355517209907,0.01
14.46,0.0030212187614278695,0.01
14.47,0.0030180874241214984,0.01
14.48,0.0030149614921959125,0.01
14.49,0.0030118409525968885,0.01
14.5,0.003008725792310712,0.01
14.51,0.0030056159983640187,0.01
14.52,0.003002511557823646,0.01
14.53,0.002999412457796478,0.01
14.54,0.002996318685429295,0.01
14.55,0.002993230227908622,0.01
14.56,0.0029901470724605817,0.01
14.57,0.0029870692063507405,0.01
14.58,0.002983996616883962,0.01
14.59,0.0029809292914042594,0.01
14.6,0.0029778672172946466,0.01
14.61,0.0029748103819769935,0.01
14.62,0.0029717587729118774,0.01
14.63,0.002968712377598439,0.01
14.64,0.0029656711835742383,0.01
14.65,0.002962635178415107,0.01
14.66,0.0029596043497350094,0.01
14.67,0.0029565786851858955,0.01
14.68,0.0029535581724575623,0.01
14.69,0.002950542799277509,0.01
14.7,0.0029475325534107978,0.01
14.71,0.0029445274226599116,0.01
14.72,0.0029415273948646195,0.01
14.73,0.0029385324579018286,0.01
14.74,0.0029355425996854547,0.01
14.75,0.002932557808166278,0.01
14.76,0.002929578071331807,0.01
14.77,0.002926603377206145,0.01
14.78,0.0029236337138498505,0.01
14.79,0.0029206690693598034,0.01
14.8,0.002917709431869067,0.01
14.81,0.00291475478954676,0.01
14.82,0.0029118051305979157,0.01
14.83,0.0029088604432633523,0.01
14.84,0.0029059207158195414,0.01
14.85,0.0029029859365784726,0.01
14.86,0.002900056093887525,0.01
14.87,0.002897131176129336,0.01
14.88,0.0028942111717216675,0.01
14.89,0.0028912960691172824,0.01
14.9,0.0028883858568038096,0.01
14.91,0.0028854805233036176,0.01
14.92,0.0028825800571736894,0.01
14.93,0.002879684447005488,0.01
14.94,0.002876793681424838,0.01
14.95,0.0028739077490917914,0.01
14.96,0.002871026638700507,0.01
14.97,0.0028681503389791246,0.01
14.98,0.002865278838689636,0.01
14.99,0.002862412126627767,0.01
0.0,inf,0.01
0.01,166.12485404699274,0.01
0.02,58.734005410127025,0.01
0.03,31.97074306770618,0.01
0.04,20.765606755874092,0.01
0.05,14.858658656052272,0.01
0.06,11.303364611373926,0.01
0.07,8.969898987658055,0.01
0.08,7.341750676265878,0.01
0.09,6.152772372110842,0.01
0.1,5.253329147515377,0.01
0.11,4.5535025555903195,0.01
0.12,3.9963428834632726,0.01
0.13,3.544211120682862,0.01
0.14,3.1713382003656796,0.01
0.15,2.859550191622848,0.01
0.16,2.5957008444842615,0.01
0.17,2.3700703123739397,0.01
0.18,2.1753335337084083,0.01
0.19,2.0058765950174107,0.01
0.2,1.857332332006534,0.01
0.21,1.7262578650427105,0.01
0.22,1.6099062676040945,0.01
0.23,1.5060620261706852,0.01
0.24,1.4129205764217407,0.01
0.25,1.3289988323759419,0.01
0.26,1.2530678586958124,0.01
0.27,1.184101595100229,0.01
0.28,1.121237373457257,0.01
0.29,1.0637452052368863,0.01
0.3,1.0110036658199035,0.01
0.31,0.9624807930730332,0.01
0.32,0.9177188345332348,0.01
0.33,0.8763219754085734,0.01
0.34,0.8379463948842658,0.01
0.35,0.8022921555083986,0.01
0.36,0.7690965465138553,0.01
0.37,0.7381285884209701,0.01
0.38,0.7091844712800967,0.01
0.39,0.6820837481970385,0.01
0.4,0.6566661434394221,0.01
0.41,0.6327888634076703,0.01
0.42,0.6103243212241563,0.01
0.43,0.5891582032297443,0.01
0.44,0.5691878194487899,0.01
0.45,0.550320690964899,0.01
0.46,0.5324733357964214,0.01
0.47,0.515570221769225,0.01
0.48,0.4995428604329091,0.01
0.49,0.48432902054516835,0.01
0.5,0.46987204328101606,0.01
0.51,0.45612024428247816,0.01
0.52,0.44302639008535777,0.01
0.53,0.430547238448841,0.01
0.54,0.41864313375458967,0.01
0.55,0.4072776500007588,0.01
0.56,0.39641727504570995,0.01
0.5700000000000001,0.3860311306981572,0.01
0.58,0.376090724038839,0.01
0.59,0.3665697260207847,0.01
0.6,0.357443773952856,0.01
0.61,0.34869029494237175,0.01
0.62,0.340288347771874,0.01
0.63,0.33221848102437246,0.01
0.64,0.3244626055605327,0.01
0.65,0.3170038796983036,0.01
0.66,0.3098266056570965,0.01
0.67,0.3029161360103493,0.01
0.68,0.29625878904674247,0.01
0.6900000000000001,0.28984177207530604,0.01
0.7000000000000001,0.28365311182638037,0.01
0.71,0.277681591201552,0.01
0.72,0.27191669171355104,0.01
0.73,0.26634854103355865,0.01
0.74,0.2609678651300611,0.01
0.75,0.25576594454164947,0.01
0.76,0.25073457437717633,0.01
0.77,0.24586602768140922,0.01
0.78,0.24115302184363174,0.01
0.79,0.2365886877612318,0.01
0.8,0.23216654150081675,0.01
0.81,0.22788045822632746,0.01
0.8200000000000001,0.22372464818744578,0.01
0.8300000000000001,0.21969363458269245,0.01
0.84,0.2157822331303388,0.01
0.85,0.21198553319689162,0.01
0.86,0.20829888034771715,0.01
0.87,0.20471786019756333,0.01
0.88,0.2012382834505118,0.01
0.89,0.19785617202941383,0.01
0.9,0.19456774620427322,0.01
0.91,0.19136941263747723,0.01
0.92,0.18825775327133565,0.01
0.93,0.18522951499018672,0.01
0.94,0.18228159999543558,0.01
0.95,0.17941105683738987,0.01
0.96,0.1766150720527176,0.01
0.97,0.17389096236082088,0.01
0.98,0.1712361673764636,0.01
0.99,0.1686482427996415,0.01
1.0,0.16612485404699273,0.01
1.01,0.1636637702920438,0.01
1.02,0.16126285888430242,0.01
1.03,0.15892008011968148,0.01
1.04,0.15663348233697655,0.01
1.05,0.1544011973171663,0.01
1.06,0.15222143596415846,0.01
1.07,0.1500924842473019,0.01
1.08,0.14801269938752862,0.01
1.09,0.14598050627040093,0.01
1.1,0.1439943940706289,0.01
1.11,0.14205291307380183,0.01
1.12,0.14015467168215712,0.01
1.13,0.13829833359219945,0.01
1.14,0.13648261513288876,0.01
1.15,0.1347062827539488,0.01
1.16,0.1329681506546108,0.01
1.17,0.13126707854380973,0.01
1.18,0.12960196952349584,0.01
1.19,0.12797176808731867,0.01
1.2,0.12637545822748794,0.01
1.21,0.12481206164312002,0.01
1.22,0.1232806360438442,0.01
1.23,0.12178027354287191,0.01
1.24,0.12031009913412916,0.01
1.25,0.11886926924841817,0.01
1.26,0.11745697038391409,0.01
1.27,0.11607241780661483,0.01
1.28,0.11471485431665435,0.01
1.29,0.11338354907665638,0.01
1.3,0.11207779649855752,0.01
1.31,0.11079691518555755,0.01
1.32,0.10954024692607167,0.01
1.33,0.10830715573675694,0.01
1.34,0.10709702695187226,0.01
1.35,0.10590926635640174,0.01
1.36,0.10474329936053323,0.01
1.37,0.10359857021323175,0.01
1.38,0.10247454125278732,0.01
1.39,0.10137069219234544,0.01
1.4,0.10028651943854983,0.01
1.41,0.09922153544153901,0.01
1.42,0.09817526807464408,0.01
1.43,0.09714726004223202,0.01
1.44,0.09613706831423191,0.01
1.45,0.09514426358596573,0.01
1.46,0.09416842976198637,0.01
1.47,0.09320916346270024,0.01
1.48,0.09226607355262126,0.01
1.49,0.09133878068916991,0.01
1.5,0.0904269168909914,0.01
1.51,0.0895301251248252,0.01
1.52,0.08864805891001208,0.01
1.53,0.08778038193977554,0.01
1.54,0.08692676771846193,0.01
1.55,0.08608689921396843,0.01
1.56,0.08526046852462982,0.01
1.57,0.08444717655987445,0.01
1.58,0.08364673273399688,0.01
1.59,0.08285885467242946,0.01
1.6,0.08208326792992776,0.01
1.61,0.08131970572011597,0.01
1.62,0.08056790865586695,0.01
1.63,0.07982762450001919,0.01
1.64,0.07909860792595878,0.01
1.65,0.07838062028761877,0.01
1.66,0.07767342939847062,0.01
1.67,0.07697680931910515,0.01
1.68,0.07629054015301953,0.01
1.69,0.07561440785024703,0.01
1.7,0.07494820401848402,0.01
1.71,0.0742917257413856,0.01
1.72,0.07364477540371804,0.01
1.73,0.07300716052307123,0.01
1.74,0.07237869358784832,0.01
1.75,0.07175919190126445,0.01
1.76,0.07114847743109874,0.01
1.77,0.07054637666495579,0.01
1.78,0.0699527204708053,0.01
1.79,0.06936734396257868,0.01
1.8,0.06879008637061237,0.01
1.81,0.06822079091673733,0.01
1.82,0.06765930469382336,0.01
1.83,0.06710547854959611,0.01
1.84,0.06655916697455268,0.01
1.85,0.06602022799381012,0.01
1.86,0.06548852306272815,0.01
1.87,0.06496391696615515,0.01
1.88,0.06444627772115312,0.01
1.89,0.06393547648306334,0.01
1.9,0.06343138745478173,0.01
1.91,0.06293388779911724,0.01
1.92,0.062442857554113634,0.01
1.93,0.06195817955121937,0.01
1.94,0.06147973933619558,0.01
1.95,0.06100742509265713,0.01
1.96,0.060541127568146044,0.01
1.97,0.06008074000264104,0.01
1.98,0.05962615805941092,0.01
1.99,0.05917727975812369,0.01
2.0,0.05873400541012701,0.01
2.01,0.058296237555818836,0.01
2.02,0.057863880904030794,0.01
2.03,0.05743684227335029,0.01
2.04,0.05701503053530977,0.01
2.05,0.05659835655937521,0.01
2.06,0.0561867331596681,0.01
2.07,0.05578007504335871,0.01
2.08,0.05537829876066972,0.01
2.09,0.05498132265643325,0.01
2.1,0.05458906682314524,0.01
2.11,0.05420145305546452,0.01
2.12,0.05381840480610513,0.01
2.13,0.05343984714307323,0.01
2.14,0.05306570670820113,0.01
2.15,0.052695911676933785,0.01
2.16,0.05233039171932371,0.01
2.17,0.05196907796219316,0.01
2.18,0.051611902952422906,0.01
2.19,0.05125880062132973,0.01
2.2,0.05090970625009485,0.01
2.21,0.050564556436208254,0.01
2.22,0.05022328906089422,0.01
2.23,0.04988584325748548,0.01
2.24,0.049552159380713744,0.01
2.25,0.049222178976886743,0.01
2.26,0.048895844754921765,0.01
2.27,0.04857310055820794,0.01
2.28,0.04825389133726967,0.01
2.29,0.04793816312320515,0.01
2.3000000000000003,0.04762586300187482,0.01
2.31,0.0473169390888152,0.01
2.32,0.04701134050485487,0.01
2.33,0.04670901735240999,0.01
2.34,0.04640992069243751,0.01
2.35,0.046114002522025146,0.01
2.36,0.045821215752598086,0.01
2.37,0.045531514188722505,0.01
2.38,0.04524485250748763,0.01
2.39,0.04496118623844772,0.01
2.4,0.044680471744107,0.01
2.41,0.04440266620092998,0.01
2.42,0.04412772758086178,0.01
2.43,0.04385561463334182,0.01
2.44,0.04358628686779647,0.01
2.45,0.04331970453659554,0.01
2.46,0.04305582861845872,0.01
2.47,0.04279462080229815,0.01
2.48,0.04253604347148425,0.01
2.49,0.04228005968852158,0.01
2.5,0.042026633180123014,0.01
2.51,0.041775728322669826,0.01
2.52,0.04152731012804656,0.01
2.53,0.04128134422983948,0.01
2.54,0.04103779686988777,0.01
2.5500000000000003,0.04079663488517723,0.01
2.56,0.040557825695066586,0.01
2.57,0.04032133728883624,0.01
2.58,0.04008713821355071,0.01
2.59,0.03985519756222525,0.01
2.6,0.03962548496228795,0.01
2.61,0.03939797056432913,0.01
2.62,0.039172625031129255,0.01
2.63,0.03894941952695816,0.01
2.64,0.038728325707137065,0.01
2.65,0.038509315707856796,0.01
2.66,0.038292362136244165,0.01
2.67,0.038077438060670314,0.01
2.68,0.03786451700129366,0.01
2.69,0.03765357292083125,0.01
2.7,0.03744458021555197,0.01
2.71,0.037237513706485835,0.01
2.72,0.03703234863084281,0.01
2.73,0.036829060633636015,0.01
2.74,0.036627625759503415,0.01
2.75,0.036428020444722556,0.01
2.76,0.036230221509413255,0.01
2.77,0.036034206149923115,0.01
2.78,0.035839951931390834,0.01
2.79,0.03564743678048272,0.01
2.8000000000000003,0.035456638978297546,0.01
2.81,0.03526753715343554,0.01
2.82,0.0350801102752268,0.01
2.83,0.034894337647115296,0.01
2.84,0.034710198900194,0.01
2.85,0.03452767398688742,0.01
2.86,0.0343467431747776,0.01
2.87,0.03416738704056971,0.01
2.88,0.03398958646419388,0.01
2.89,0.03381332262303943,0.01
2.9,0.03363857698631833,0.01
2.91,0.03346533130955434,0.01
2.92,0.03329356762919483,0.01
2.93,0.033123268257341985,0.01
2.94,0.032954415776600354,0.01
2.95,0.03278699303503792,0.01
2.96,0.03262098314125764,0.01
2.97,0.03245636945957679,0.01
2.98,0.032293135605311454,0.01
2.99,0.03213126544016327,0.01
3.0,0.031970743067706184,0.01
3.01,0.03181155282897051,0.01
3.02,0.03165367929812199,0.01
3.03,0.031497107278233516,0.01
3.04,0.03134182179714704,0.01
3.0500000000000003,0.03118780810342377,0.01
3.06,0.031035051662380214,0.01
3.0700000000000003,0.030883538152208095,0.01
3.08,0.030733253460176153,0.01
3.09,0.030584183678911664,0.01
3.1,0.030436315102759973,0.01
3.11,0.03028963422422001,0.01
3.12,0.030144127730453968,0.01
3.13,0.02999978249986949,0.01
3.14,0.029856585598772443,0.01
3.15,0.029714524278088836,0.01
3.16,0.029573585970153974,0.01
3.17,0.029433758285567543,0.01
3.18,0.029295029010112758,0.01
3.19,0.02915738610173843,0.01
3.2,0.029020817687602094,0.01
3.21,0.028885312061173146,0.01
3.22,0.028750857679394243,0.01
3.23,0.02861744315989994,0.01
3.24,0.028485057278290933,0.01
3.25,0.0283536889654629,0.01
3.26,0.02822332730498848,0.01
3.27,0.028093961530551277,0.01
3.28,0.027965581023430726,0.01
3.29,0.027838175310036503,0.01
3.3000000000000003,0.027711734059491552,0.01
3.31,0.02758624708126253,0.01
3.3200000000000003,0.027461704322836556,0.01
3.33,0.027338095867443336,0.01
3.34,0.027215411931821545,0.01
3.35,0.02709364286402852,0.01
3.36,0.02697277914129235,0.01
3.37,0.026852811367905238,0.01
3.38,0.026733730273157494,0.01
3.39,0.026615526709311003,0.01
3.4,0.026498191649611452,0.01
3.41,0.026381716186338413,0.01
3.42,0.026266091528892466,0.01
3.43,0.02615130900191853,0.01
3.44,0.026037360043464644,0.01
3.45,0.025924236203175383,0.01
3.46,0.025811929140519243,0.01
3.47,0.025700430623049133,0.01
3.48,0.025589732524695416,0.01
3.49,0.025479826824090644,0.01
3.5,0.02537070560292544,0.01
3.51,0.02526236104433477,0.01
3.52,0.025154785431313977,0.01
3.53,0.025047971145164064,0.01
3.54,0.02494191066396533,0.01
3.5500000000000003,0.02483659656107911,0.01
3.56,0.02473202150367673,0.01
3.5700000000000003,0.024628178251295263,0.01
3.58,0.024525059654419548,0.01
3.59,0.02442265865308976,0.01
3.6,0.024320968275534153,0.01
3.61,0.024219981636826468,0.01
3.62,0.0241196919375673,0.01
3.63,0.024020092462589168,0.01
3.64,0.023921176579684653,0.01
3.65,0.023822937738357173,0.01
3.66,0.023725369468593906,0.01
3.67,0.0236284653796605,0.01
3.68,0.023532219158916956,0.01
3.69,0.023436624570654457,0.01
3.7,0.023341675454952537,0.01
3.71,0.02324736572655633,0.01
3.72,0.02315368937377334,0.01
3.73,0.023060640457389515,0.01
3.74,0.022968213109604056,0.01
3.75,0.02287640153298278,0.01
3.76,0.022785199999429448,0.01
3.77,0.022694602849174902,0.01
3.78,0.022604604489783568,0.01
3.79,0.02251519939517692,0.01
3.8,0.022426382104673733,0.01
3.81,0.022338147222046592,0.01
3.82,0.022250489414594565,0.01
3.83,0.022163403412231466,0.01
3.84,0.0220768840065897,0.01
3.85,0.021990926050139043,0.01
3.86,0.02190552445532045,0.01
3.87,0.021820674193694233,0.01
3.88,0.02173637029510261,0.01
3.89,0.021652607846846167,0.01
3.9,0.02156938199287409,0.01
3.91,0.021486687932987834,0.01
3.92,0.02140452092205795,0.01
3.93,0.02132287626925393,0.01
3.94,0.021241749337286675,0.01
3.95,0.021161135541663476,0.01
3.96,0.021081030349955187,0.01
3.97,0.021001429281075384,0.01
3.98,0.020922327904571342,0.01
3.99,0.02084372183992645,0.01
4.0,0.02076560675587409,0.01
4.01,0.02068797836972252,0.01
4.0200000000000005,0.020610832446690687,0.01
4.03,0.02053416479925483,0.01
4.04,0.020457971286505474,0.01
4.05,0.020382247813514776,0.01
4.0600000000000005,0.020306990330714064,0.01
4.07,0.020232194833281213,0.01
4.08,0.020157857360537802,0.01
4.09,0.020083973995355896,0.01
4.1,0.020010540863574157,0.01
4.11,0.01993755413342323,0.01
4.12,0.019865010014960185,0.01
4.13,0.019792904759511815,0.01
4.14,0.019721234659126723,0.01
4.15,0.019649996046035956,0.01
4.16,0.01957918529212207,0.01
4.17,0.019508798808396444,0.01
4.18,0.01943883304448476,0.01
4.19,0.019369284488120406,0.01
4.2,0.01930014966464579,0.01
4.21,0.019231425136521256,0.01
4.22,0.01916310750284164,0.01
4.23,0.019095193398860177,0.01
4.24,0.019027679495519808,0.01
4.25,0.018960562498991515,0.01
4.26,0.018893839150219815,0.01
4.2700000000000005,0.018827506224475075,0.01
4.28,0.018761560530912737,0.01
4.29,0.01869599891213908,0.01
4.3,0.01863081824378363,0.01
4.3100000000000005,0.018566015434077997,0.01
4.32,0.018501587423441077,0.01
4.33,0.01843753118407038,0.01
4.34,0.018373843719539578,0.01
4.3500000000000005,0.018310522064402,0.01
4.36,0.018247563283800117,0.01
4.37,0.018184964473080677,0.01
4.38,0.01812272275741573,0.01
4.39,0.018060835291429135,0.01
4.4,0.01799929925882861,0.01
4.41,0.017938111872043267,0.01
4.42,0.017877270371866368,0.01
4.43,0.01781677202710339,0.01
4.44,0.01775661413422523,0.01
4.45,0.01769679401702647,0.01
4.46,0.017637309026288597,0.01
4.47,0.017578156539448143,0.01
4.48,0.01751933396026964,0.01
4.49,0.017460838718523285,0.01
4.5,0.017402668269667264,0.01
4.51,0.01734482009453468,0.01
4.5200000000000005,0.017287291699024928,0.01
4.53,0.017230080613799565,0.01
4.54,0.017173184393982455,0.01
4.55,0.017116600618864258,0.01
4.5600000000000005,0.017060326891611088,0.01
4.57,0.017004360838977356,0.01
4.58,0.016948700111022626,0.01
4.59,0.016893342380832524,0.01
4.6000000000000005,0.016838285344243593,0.01
4.61,0.016783526719571992,0.01
4.62,0.01672906424734602,0.01
4.63,0.016674895690042428,0.01
4.64,0.01662101883182635,0.01
4.65,0.016567431478294953,0.01
4.66,0.01651413145622461,0.01
4.67,0.016461116613321593,0.01
4.68,0.016408384817976216,0.01
4.69,0.01635593395902044,0.01
4.7,0.016303761945488767,0.01
4.71,0.016251866706382456,0.01
4.72,0.01620024619043698,0.01
4.73,0.016148898365892686,0.01
4.74,0.01609782122026859,0.01
4.75,0.016047012760139288,0.01
4.76,0.015996471010914833,0.01
4.7700000000000005,0.015946194016623744,0.01
4.78,0.015896179839698835,0.01
4.79,0.015846426560766028,0.01
4.8,0.015796932278435993,0.01
4.8100000000000005,0.01574769510909859,0.01
4.82,0.01569871318672015,0.01
4.83,0.015649984662643373,0.01
4.84,0.015601507705390002,0.01
4.8500000000000005,0.015553280500466112,0.01
4.86,0.01550530125016999,0.01
4.87,0.015457568173402594,0.01
4.88,0.015410079505480526,0.01
4.89,0.015362833497951481,0.01
4.9,0.015315828418412177,0.01
4.91,0.015269062550328661,0.01
4.92,0.015222534192858989,0.01
4.93,0.015176241660678267,0.01
4.94,0.015130183283805958,0.01
4.95,0.015084357407435512,0.01
4.96,0.015038762391766144,0.01
4.97,0.014993396611836896,0.01
4.98,0.014948258457362798,0.01
4.99,0.014903346332573224,0.01
5.0,0.014858658656052272,0.01
5.01,0.014814193860581285,0.01
5.0200000000000005,0.01476995039298337,0.01
5.03,0.014725926713969953,0.01
5.04,0.014682121297989261,0.01
5.05,0.01463853263307682,0.01
5.0600000000000005,0.014595159220707823,0.01
5.07,0.014551999575651427,0.01
5.08,0.014509052225826853,0.01
5.09,0.01446631571216141,0.01
5.1000000000000005,0.014423788588450243,0.01
5.11,0.014381469421217935,0.01
5.12,0.014339356789581793,0.01
5.13,0.014297449285116939,0.01
5.14,0.014255745511723057,0.01
5.15,0.014214244085492826,0.01
5.16,0.014172943634582047,0.01
5.17,0.014131842799081341,0.01
5.18,0.014090940230889516,0.01
5.19,0.014050234593588463,0.01
5.2,0.01400972456231969,0.01
5.21,0.013969408823662294,0.01
5.22,0.013929286075512559,0.01
5.23,0.013889355026964954,0.01
5.24,0.013849614398194694,0.01
5.25,0.013810062920341683,0.01
5.26,0.013770699335395918,0.01
5.2700000000000005,0.013731522396084326,0.01
5.28,0.013692530865758959,0.01
5.29,0.013653723518286573,0.01
5.3,0.013615099137939585,0.01
5.3100000000000005,0.013576656519288318,0.01
5.32,0.013538394467094617,0.01
5.33,0.013500311796206707,0.01
5.34,0.013462407331455362,0.01
5.3500000000000005,0.013424679907551336,0.01
5.36,0.013387128368984032,0.01
5.37,0.013349751569921384,0.01
5.38,0.013312548374110965,0.01
5.39,0.013275517654782274,0.01
5.4,0.013238658294550218,0.01
5.41,0.013201969185319741,0.01
5.42,0.013165449228191572,0.01
5.43,0.01312909733336916,0.01
5.44,0.013092912420066653,0.01
5.45,0.013056893416418032,0.01
5.46,0.013021039259387279,0.01
5.47,0.012985348894679647,0.01
5.48,0.012949821276653969,0.01
5.49,0.01291445536823599,0.01
5.5,0.012879250140832759,0.01
5.51,0.012844204574247979,0.01
5.5200000000000005,0.012809317656598413,0.01
5.53,0.012774588384231225,0.01
5.54,0.012740015761642314,0.01
5.55,0.01270559880139558,0.01
5.5600000000000005,0.012671336524043177,0.01
5.57,0.012637227958046655,0.01
5.58,0.01260327213969904,0.01
5.59,0.012569468113047794,0.01
5.6000000000000005,0.012535814929818725,0.01
5.61,0.012502311649340726,0.01
5.62,0.012468957338471386,0.01
5.63,0.0124357510715235,0.01
5.64,0.012402691930192377,0.01
5.65,0.012369779003484025,0.01
5.66,0.012337011387644132,0.01
5.67,0.01230438818608787,0.01
5.68,0.01227190850933051,0.01
5.69,0.012239571474918812,0.01
5.7,0.01220737620736323,0.01
5.71,0.012175321838070819,0.01
5.72,0.012143407505279003,0.01
5.73,0.012111632353990013,0.01
5.74,0.0120799955359061,0.01
5.75,0.01204849620936548,0.01
5.76,0.012017133539278989,0.01
5.7700000000000005,0.011985906697067467,0.01
5.78,0.01195481486059984,0.01
5.79,0.01192385721413189,0.01
5.8,0.011893032948245716,0.01
5.8100000000000005,0.011862341259789869,0.01
5.82,0.011831781351820178,0.01
5.83,0.011801352433541188,0.01
5.84,0.011771053720248297,0.01
5.8500000000000005,0.011740884433270505,0.01
5.86,0.011710843799913818,0.01
5.87,0.011680931053405263,0.01
5.88,0.01165114543283753,0.01
5.89,0.011621486183114224,0.01
5.9,0.011591952554895707,0.01
5.91,0.011562543804545574,0.01
5.92,0.011533259194077657,0.01
5.93,0.011504097991103662,0.01
5.94,0.011475059468781353,0.01
5.95,0.01144614290576331,0.01
5.96,0.011417347586146239,0.01
5.97,0.011388672799420836,0.01
5.98,0.011360117840422205,0.01
5.99,0.011331682009280804,0.01
6.0,0.011303364611373925,0.01
6.01,0.011275164957277687,0.01
6.0200000000000005,0.01124708236271957,0.01
6.03,0.011219116148531457,0.01
6.04,0.01119126564060315,0.01
6.05,0.011163530169836419,0.01
6.0600000000000005,0.01113590907209954,0.01
6.07,0.011108401688182301,0.01
6.08,0.01108100736375151,0.01
6.09,0.011053725449306953,0.01
6.1000000000000005,0.011026555300137852,0.01
6.11,0.010999496276279767,0.01
6.12,0.010972547742471942,0.01
6.13,0.010945709068115143,0.01
6.140000000000001,0.010918979627229902,0.01
6.15,0.01089235879841523,0.01
6.16,0.010865845964807741,0.01
6.17,0.010839440514041237,0.01
6.18,0.010813141838206685,0.01
6.19,0.010786949333812634,0.01
6.2,0.010760862401746054,0.01
6.21,0.010734880447233558,0.01
6.22,0.01070900287980305,0.01
6.23,0.01068322911324577,0.01
6.24,0.010657558565578727,0.01
6.25,0.010631990659007535,0.01
6.26,0.010606524819889615,0.01
6.2700000000000005,0.0105811604786978,0.01
6.28,0.010555897069984306,0.01
6.29,0.010530734032345068,0.01
6.3,0.010505670808384458,0.01
6.3100000000000005,0.01048070684468036,0.01
6.32,0.01045584159174961,0.01
6.33,0.010431074504013768,0.01
6.34,0.010406405039765268,0.01
6.3500000000000005,0.01038183266113391,0.01
6.36,0.010357356834053682,0.01
6.37,0.010332977028229919,0.01
6.38,0.010308692717106818,0.01
6.390000000000001,0.010284503377835258,0.01
6.4,0.01026040849124097,0.01
6.41,0.010236407541793007,0.01
6.42,0.010212500017572549,0.01
6.43,0.010188685410242019,0.01
6.44,0.010164963215014497,0.01
6.45,0.010141332930623487,0.01
6.46,0.010117794059292915,0.01
6.47,0.010094346106707498,0.01
6.48,0.010070988581983369,0.01
6.49,0.010047720997639018,0.01
6.5,0.010024542869566501,0.01
6.51,0.010001453717002954,0.01
6.5200000000000005,0.009978453062502397,0.01
6.53,0.009955540431907791,0.01
6.54,0.0099327153543234,0.01
6.55,0.00990997736208742,0.01
6.5600000000000005,0.009887325990744848,0.01
6.57,0.009864760779020692,0.01
6.58,0.009842281268793366,0.01
6.59,0.009819887005068388,0.01
6.6000000000000005,0.009797577535952345,0.01
6.61,0.00977535241262708,0.01
6.62,0.009753211189324169,0.01
6.63,0.009731153423299617,0.01
6.640000000000001,0.009709178674808826,0.01
6.65,0.009687286507081795,0.01
6.66,0.009665476486298556,0.01
6.67,0.009643748181564873,0.01
6.68,0.009622101164888144,0.01
6.69,0.009600535011153571,0.01
6.7,0.009579049298100542,0.01
6.71,0.009557643606299225,0.01
6.72,0.009536317519127441,0.01
6.73,0.009515070622747703,0.01
6.74,0.009493902506084504,0.01
6.75,0.009472812760801832,0.01
6.76,0.00945180098128088,0.01
6.7700000000000005,0.009430866764597978,0.01
6.78,0.009410009710502742,0.01
6.79,0.009389229421396432,0.01
6.8,0.009368525502310503,0.01
6.8100000000000005,0.00934789756088537,0.01
6.82,0.009327345207349397,0.01
6.83,0.009306868054498032,0.01
6.84,0.0092864657176732,0.01
6.8500000000000005,0.009266137814742843,0.01
6.86,0.009245883966080698,0.01
6.87,0.00922570379454623,0.01
6.88,0.009205596925464755,0.01
6.890000000000001,0.009185562986607795,0.01
6.9,0.009165601608173556,0.01
6.91,0.009145712422767639,0.01
6.92,0.009125895065383903,0.01
6.93,0.009106149173385527,0.01
6.94,0.009086474386486222,0.01
6.95,0.009066870346731664,0.01
6.96,0.00904733669848104,0.01
6.97,0.009027873088388826,0.01
6.98,0.009008479165386694,0.01
6.99,0.008989154580665603,0.01
7.0,0.008969898987658056,0.01
7.01,0.008950712042020519,0.01
7.0200000000000005,0.00893159340161599,0.01
7.03,0.008912542726496771,0.01
7.04,0.008893559678887343,0.01
7.05,0.008874643923167436,0.01
7.0600000000000005,0.008855795125855237,0.01
7.07,0.008837012955590792,0.01
7.08,0.008818297083119474,0.01
7.09,0.008799647181275707,0.01
7.1000000000000005,0.008781062924966762,0.01
7.11,0.008762543991156734,0.01
7.12,0.008744090058850662,0.01
7.13,0.00872570080907879,0.01
7.140000000000001,0.008707375924880963,0.01
7.15,0.008689115091291194,0.01
7.16,0.008670917995322333,0.01
7.17,0.0086527843259509,0.01
7.18,0.008634713774102042,0.01
7.19,0.00861670603263464,0.01
7.2,0.008598760796326547,0.01
7.21,0.00858087776185994,0.01
7.22,0.008563056627806825,0.01
7.23,0.008545297094614674,0.01
7.24,0.008527598864592166,0.01
7.25,0.008509961641895089,0.01
7.26,0.00849238513251234,0.01
7.27,0.008474869044252065,0.01
7.28,0.00845741308672792,0.01
7.29,0.008440016971345462,0.01
7.3,0.008422680411288635,0.01
7.31,0.008405403121506408,0.01
7.32,0.008388184818699514,0.01
7.33,0.00837102522130731,0.01
7.34,0.008353924049494756,0.01
7.35,0.008336881025139497,0.01
7.36,0.008319895871819085,0.01
7.37,0.008302968314798286,0.01
7.38,0.00828609808101651,0.01
7.390000000000001,0.008269284899075358,0.01
7.4,0.008252528499226265,0.01
7.41,0.008235828613358268,0.01
7.42,0.008219184974985855,0.01
7.43,0.008202597319236962,0.01
7.44,0.008186065382841019,0.01
7.45,0.00816958890411716,0.01
7.46,0.008153167622962487,0.01
7.47,0.008136801280840463,0.01
7.48,0.008120489620769394,0.01
7.49,0.00810423238731103,0.01
7.5,0.008088029326559228,0.01
7.51,0.00807188018612875,0.01
7.52,0.00805578471514414,0.01
7.53,0.008039742664228697,0.01
7.54,0.008023753785493557,0.01
7.55,0.008007817832526838,0.01
7.56,0.007991934560382918,0.01
7.57,0.007976103725571773,0.01
7.58,0.00796032508604843,0.01
7.59,0.007944598401202476,0.01
7.6,0.007928923431847716,0.01
7.61,0.007913299940211853,0.01
7.62,0.007897727689926292,0.01
7.63,0.00788220644601604,0.01
7.640000000000001,0.007866735974889653,0.01
7.65,0.007851316044329319,0.01
7.66,0.007835946423480969,0.01
7.67,0.007820626882844529,0.01
7.68,0.007805357194264204,0.01
7.69,0.007790137130918886,0.01
7.7,0.007774966467312608,0.01
7.71,0.0077598449792651005,0.01
7.72,0.007744772443902421,0.01
7.73,0.0077297486396476645,0.01
7.74,0.007714773346211748,0.01
7.75,0.007699846344584267,0.01
7.76,0.007684967417024447,0.01
7.77,0.0076701363470521545,0.01
7.78,0.007655352919438987,0.01
7.79,0.007640616920199438,0.01
7.8,0.007625928136582141,0.01
7.81,0.007611286357061166,0.01
7.82,0.007596691371327429,0.01
7.83,0.007582142970280122,0.01
7.84,0.0075676409460182555,0.01
7.85,0.007553185091832245,0.01
7.86,0.0075387752021955825,0.01
7.87,0.007524411072756573,0.01
7.88,0.00751009250033013,0.01
7.890000000000001,0.007495819282889651,0.01
7.9,0.0074815912195589545,0.01
7.91,0.007467408110604281,0.01
7.92,0.007453269757426365,0.01
7.930000000000001,0.007439175962552561,0.01
7.94,0.007425126529629063,0.01
7.95,0.007411121263413134,0.01
7.96,0.007397159969765461,0.01
7.97,0.007383242455642528,0.01
7.98,0.007369368529089066,0.01
7.99,0.007355537999230575,0.01
8.0,0.007341750676265876,0.01
8.01,0.00732800637145977,0.01
8.02,0.007314304897135705,0.01
8.03,0.007300646066668539,0.01
8.040000000000001,0.007287029694477353,0.01
8.05,0.007273455596018313,0.01
8.06,0.007259923587777596,0.01
8.07,0.007246433487264373,0.01
8.08,0.007232985113003849,0.01
8.09,0.0072195782845303515,0.01
8.1,0.007206212822380491,0.01
8.11,0.007192888548086357,0.01
8.120000000000001,0.007179605284168784,0.01
8.13,0.0071663628541306585,0.01
8.14,0.007153161082450289,0.01
8.15,0.007139999794574823,0.01
8.16,0.007126878816913721,0.01
8.17,0.007113797976832283,0.01
8.18,0.007100757102645217,0.01
8.19,0.007087756023610269,0.01
8.2,0.007074794569921901,0.01
8.21,0.0070618725727050104,0.01
8.22,0.007048989864008723,0.01
8.23,0.007036146276800198,0.01
8.24,0.007023341644958513,0.01
8.25,0.007010575803268587,0.01
8.26,0.006997848587415147,0.01
8.27,0.006985159833976749,0.01
8.28,0.006972509380419839,0.01
8.290000000000001,0.006959897065092864,0.01
8.3,0.0069473227272204355,0.01
8.31,0.006934786206897525,0.01
8.32,0.006922287345083715,0.01
8.33,0.00690982598359749,0.01
8.34,0.006897401965110582,0.01
8.35,0.006885015133142337,0.01
8.36,0.006872665332054156,0.01
8.370000000000001,0.0068603524070439525,0.01
8.38,0.006848076204140671,0.01
8.39,0.0068358365701988374,0.01
8.4,0.006823633352893155,0.01
8.41,0.006811466400713139,0.01
8.42,0.006799335562957803,0.01
8.43,0.006787240689730378,0.01
8.44,0.006775181631933065,0.01
8.45,0.006763158241261846,0.01
8.46,0.006751170370201316,0.01
8.47,0.006739217872019577,0.01
8.48,0.006727300600763141,0.01
8.49,0.006715418411251903,0.01
8.5,0.0067035711590741264,0.01
8.51,0.00669175870058149,0.01
8.52,0.006679980892884154,0.01
8.53,0.006668237593845869,0.01
8.540000000000001,0.0066565286620791295,0.01
8.55,0.006644853956940364,0.01
8.56,0.006633213338525141,0.01
8.57,0.006621606667663437,0.01
8.58,0.006610033805914929,0.01
8.59,0.006598494615564324,0.01
8.6,0.006586988959616723,0.01
8.61,0.006575516701793018,0.01
8.620000000000001,0.006564077706525328,0.01
8.63,0.006552671838952472,0.01
8.64,0.006541298964915464,0.01
8.65,0.006529958950953055,0.01
8.66,0.0065186516642973,0.01
8.67,0.006507376972869159,0.01
8.68,0.006496134745274145,0.01
8.69,0.006484924850797972,0.01
8.700000000000001,0.006473747159402278,0.01
8.71,0.006462601541720344,0.01
8.72,0.006451487869052863,0.01
8.73,0.006440406013363735,0.01
8.74,0.0064293558472759,0.01
8.75,0.006418337244067188,0.01
8.76,0.006407350077666216,0.01
8.77,0.006396394222648305,0.01
8.78,0.006385469554231429,0.01
8.790000000000001,0.006374575948272194,0.01
8.8,0.006363713281261856,0.01
8.81,0.0063528814303223475,0.01
8.82,0.006342080273202356,0.01
8.83,0.006331309688273414,0.01
8.84,0.006320569554526032,0.01
8.85,0.006309859751565844,0.01
8.86,0.006299180159609799,0.01
8.870000000000001,0.006288530659482367,0.01
8.88,0.006277911132611777,0.01
8.89,0.006267321461026288,0.01
8.9,0.006256761527350469,0.01
8.91,0.0062462312148015365,0.01
8.92,0.006235730407185685,0.01
8.93,0.006225258988894475,0.01
8.94,0.00621481684490122,0.01
8.950000000000001,0.00620440386075742,0.01
8.96,0.006194019922589218,0.01
8.97,0.006183664917093862,0.01
8.98,0.006173338731536221,0.01
8.99,0.00616304125374531,0.01
9.0,0.006152772372110843,0.01
9.01,0.00614253197557981,0.01
9.02,0.006132319953653083,0.01
9.03,0.00612213619638204,0.01
9.04,0.006111980594365221,0.01
9.05,0.006101853038744995,0.01
9.06,0.006091753421204271,0.01
9.07,0.006081681633963215,0.01
9.08,0.006071637569775992,0.01
9.09,0.006061621121927547,0.01
9.1,0.0060516321842303865,0.01
9.11,0.006041670651021403,0.01
9.12,0.006031736417158709,0.01
9.13,0.006021829378018497,0.01
9.14,0.006011949429491929,0.01
9.15,0.006002096467982035,0.01
9.16,0.005992270390400644,0.01
9.17,0.00598247109416533,0.01
9.18,0.005972698477196388,0.01
9.19,0.00596295243791382,0.01
9.2,0.005953232875234354,0.01
9.21,0.005943539688568475,0.01
9.22,0.005933872777817483,0.01
9.23,0.0059242320433705664,0.01
9.24,0.0059146173861019,0.01
9.25,0.005905028707367761,0.01
9.26,0.0058954659090036665,0.01
9.27,0.005885928893321536,0.01
9.28,0.005876417563106859,0.01
9.29,0.005866931821615903,0.01
9.3,0.005857471572572914,0.01
9.31,0.005848036720167377,0.01
9.32,0.005838627169051249,0.01
9.33,0.005829242824336242,0.01
9.34,0.005819883591591116,0.01
9.35,0.005810549376838995,0.01
9.36,0.005801240086554689,0.01
9.37,0.005791955627662052,0.01
9.38,0.005782695907531344,0.01
9.39,0.005773460833976624,0.01
9.4,0.005764250315253143,0.01
9.41,0.005755064260054777,0.01
9.42,0.005745902577511459,0.01
9.43,0.005736765177186639,0.01
9.44,0.005727651969074761,0.01
9.45,0.005718562863598752,0.01
9.46,0.005709497771607536,0.01
9.47,0.005700456604373555,0.01
9.48,0.005691439273590313,0.01
9.49,0.005682445691369942,0.01
9.5,0.005673475770240773,0.01
9.51,0.005664529423144932,0.01
9.52,0.005655606563435954,0.01
9.53,0.005646707104876397,0.01
9.54,0.0056378309616354995,0.01
9.55,0.005628978048286831,0.01
9.56,0.005620148279805965,0.01
9.57,0.005611341571568178,0.01
9.58,0.00560255783934614,0.01
9.59,0.005593796999307652,0.01
9.6,0.005585058968013375,0.01
9.61,0.00557634366241458,0.01
9.62,0.005567650999850923,0.01
9.63,0.00555898089804822,0.01
9.64,0.005550333275116248,0.01
9.65,0.005541708049546557,0.01
9.66,0.0055331051402102965,0.01
9.67,0.005524524466356056,0.01
9.68,0.005515965947607723,0.01
9.69,0.0055074295039623505,0.01
9.7,0.005498915055788045,0.01
9.71,0.005490422523821863,0.01
9.72,0.005481951829167727,0.01
9.73,0.005473502893294346,0.01
9.74,0.005465075638033165,0.01
9.75,0.005456669985576309,0.01
9.76,0.0054482858584745586,0.01
9.77,0.00543992317963533,0.01
9.78,0.005431581872320671,0.01
9.79,0.005423261860145262,0.01
9.8,0.005414963067074442,0.01
9.81,0.005406685417422257,0.01
9.82,0.005398428835849478,0.01
9.83,0.005390193247361687,0.01
9.84,0.00538197857730734,0.01
9.85,0.005373784751375851,0.01
9.86,0.005365611695595696,0.01
9.87,0.005357459336332522,0.01
9.88,0.005349327600287269,0.01
9.89,0.005341216414494308,0.01
9.9,0.00533312570631959,0.01
9.91,0.005325055403458797,0.01
9.92,0.005317005433935531,0.01
9.93,0.005308975726099484,0.01
9.94,0.005300966208624637,0.01
9.95,0.005292976810507476,0.01
9.96,0.005285007461065198,0.01
9.97,0.005277058089933956,0.01
9.98,0.005269128627067096,0.01
9.99,0.005261219002733402,0.01
10.0,0.005253329147515377,0.01
10.01,0.005245458992307513,0.01
10.02,0.005237608468314573,0.01
10.03,0.005229777507049903,0.01
10.04,0.005221966040333728,0.01
10.05,0.005214174000291482,0.01
10.06,0.005206401319352142,0.01
10.07,0.005198647930246558,0.01
10.08,0.00519091376600582,0.01
10.09,0.005183198759959613,0.01
10.1,0.005175502845734593,0.01
10.11,0.005167825957252778,0.01
10.12,0.005160168028729935,0.01
10.13,0.00515252899467399,0.01
10.14,0.005144908789883442,0.01
10.15,0.0051373073494457916,0.01
10.16,0.005129724608735971,0.01
10.17,0.005122160503414794,0.01
10.18,0.005114614969427417,0.01
10.19,0.005107087943001793,0.01
10.2,0.005099579360647156,0.01
10.21,0.005092089159152501,0.01
10.22,0.0050846172755850865,0.01
10.23,0.005077163647288929,0.01
10.24,0.005069728211883323,0.01
10.25,0.005062310907261362,0.01
10.26,0.005054911671588471,0.01
10.27,0.005047530443300953,0.01
10.28,0.00504016716110453,0.01
10.29,0.005032821763972917,0.01
10.3,0.005025494191146377,0.01
10.31,0.005018184382130311,0.01
10.32,0.005010892276693839,0.01
10.33,0.005003617814868399,0.01
10.34,0.0049963609369463495,0.01
10.35,0.004989121583479583,0.01
10.36,0.004981899695278156,0.01
10.37,0.004974695213408907,0.01
10.38,0.004967508079194109,0.01
10.39,0.004960338234210111,0.01
10.4,0.004953185620285994,0.01
10.41,0.004946050179502239,0.01
10.42,0.0049389318541894,0.01
10.43,0.004931830586926783,0.01
10.44,0.004924746320541141,0.01
10.45,0.004917678998105363,0.01
10.46,0.004910628562937191,0.01
10.47,0.004903594958597926,0.01
10.48,0.004896578128891157,0.01
10.49,0.004889578017861481,0.01
10.5,0.004882594569793249,0.01
10.51,0.004875627729209313,0.01
10.52,0.00486867744086977,0.01
10.53,0.00486174364977073,0.01
10.54,0.00485482630114309,0.01
10.55,0.0048479253404512925,0.01
10.56,0.004841040713392133,0.01
10.57,0.004834172365893533,0.01
10.58,0.004827320244113341,0.01
10.59,0.00482048429443815,0.01
10.6,0.0048136644634820995,0.01
10.61,0.004806860698085699,0.01
10.62,0.004800072945314661,0.01
10.63,0.004793301152458727,0.01
10.64,0.004786545267030521,0.01
10.65,0.0047798052367643866,0.01
10.66,0.0047730810096152515,0.01
10.67,0.00476637253375749,0.01
10.68,0.004759679757583789,0.01
10.69,0.004753002629704032,0.01
10.7,0.004746341098944173,0.01
10.71,0.004739695114345135,0.01
10.72,0.0047330646251617075,0.01
10.73,0.004726449580861446,0.01
10.74,0.004719849931123585,0.01
10.75,0.004713265625837955,0.01
10.76,0.004706696615103906,0.01
10.77,0.004700142849229238,0.01
10.78,0.004693604278729139,0.01
10.79,0.004687080854325128,0.01
10.8,0.004680572526943996,0.01
10.81,0.004674079247716783,0.01
10.82,0.004667600967977714,0.01
10.83,0.004661137639263184,0.01
10.84,0.004654689213310729,0.01
10.85,0.004648255642058005,0.01
10.86,0.004641836877641775,0.01
10.87,0.004635432872396903,0.01
10.88,0.004629043578855351,0.01
10.89,0.004622668949745185,0.01
10.9,0.0046163089379895874,0.01
10.91,0.0046099634967058725,0.01
10.92,0.004603632579204502,0.01
10.93,0.004597316138988127,0.01
10.94,0.004591014129750609,0.01
10.95,0.00458472650537607,0.01
10.96,0.004578453219937927,0.01
10.97,0.004572194227697956,0.01
10.98,0.00456594948310534,0.01
10.99,0.00455971894079573,0.01
11.0,0.0045535025555903195,0.01
11.01,0.004547300282494914,0.01
11.02,0.004541112076699009,0.01
11.03,0.004534937893574878,0.01
11.04,0.004528777688676657,0.01
11.05,0.0045226314177394455,0.01
11.06,0.004516499036678402,0.01
11.07,0.004510380501587848,0.01
11.08,0.004504275768740389,0.01
11.09,0.004498184794586018,0.01
11.1,0.004492107535751243,0.01
11.11,0.004486043949038215,0.01
11.12,0.004479993991423854,0.01
11.13,0.004473957620058992,0.01
11.14,0.004467934792267509,0.01
11.15,0.0044619254655454835,0.01
11.16,0.00445592959756034,0.01
11.17,0.004449947146150008,0.01
11.18,0.004443978069322086,0.01
11.19,0.004438022325253004,0.01
11.2,0.004432079872287194,0.01
11.21,0.004426150668936268,0.01
11.22,0.004420234673878198,0.01
11.23,0.004414331845956505,0.01
11.24,0.004408442144179442,0.01
11.25,0.004402565527719192,0.01
11.26,0.004396701955911071,0.01
11.27,0.004390851388252726,0.01
11.28,0.00438501378440335,0.01
11.29,0.00437918910418289,0.01
11.3,0.004373377307571263,0.01
11.31,0.004367578354707593,0.01
11.32,0.004361792205889412,0.01
11.33,0.004356018821571916,0.01
11.34,0.0043502581623671875,0.01
11.35,0.004344510189043437,0.01
11.36,0.00433877486252425,0.01
11.37,0.004333052143887832,0.01
11.38,0.004327341994366263,0.01
11.39,0.00432164437534476,0.01
11.4,0.004315959248360928,0.01
11.41,0.004310286575104032,0.01
11.42,0.004304626317414268,0.01
11.43,0.004298978437282031,0.01
11.44,0.0042933428968472,0.01
11.45,0.0042877196583984145,0.01
11.46,0.004282108684372362,0.01
11.47,0.004276509937353075,0.01
11.48,0.0042709233800712135,0.01
11.49,0.0042653489754033705,0.01
11.5,0.004259786686371373,0.01
11.51,0.004254236476141588,0.01
11.52,0.004248698308024235,0.01
11.53,0.004243172145472694,0.01
11.54,0.0042376579520828316,0.01
11.55,0.00423215569159231,0.01
11.56,0.004226665327879929,0.01
11.57,0.004221186824964943,0.01
11.58,0.0042157201470063976,0.01
11.59,0.004210265258302466,0.01
11.6,0.004204822123289791,0.01
11.61,0.004199390706542829,0.01
11.62,0.004193970972773195,0.01
11.63,0.004188562886829018,0.01
11.64,0.004183166413694293,0.01
11.65,0.00417778151848824,0.01
11.66,0.004172408166464671,0.01
11.67,0.004167046323011346,0.01
11.68,0.004161695953649354,0.01
11.69,0.004156357024032479,0.01
11.7,0.004151029499946574,0.01
11.71,0.0041457133473089495,0.01
11.72,0.004140408532167748,0.01
11.73,0.0041351150207013364,0.01
11.74,0.004129832779217691,0.01
11.75,0.004124561774153799,0.01
11.76,0.004119301972075044,0.01
11.77,0.0041140533396746195,0.01
11.78,0.004108815843772917,0.01
11.79,0.004103589451316948,0.01
11.8,0.00409837412937974,0.01
11.81,0.004093169845159764,0.01
11.82,0.004087976565980339,0.01
11.83,0.004082794259289056,0.01
11.84,0.004077622892657205,0.01
11.85,0.004072462433779189,0.01
11.86,0.00406731285047197,0.01
11.87,0.004062174110674486,0.01
11.88,0.004057046182447099,0.01
11.89,0.00405192903397102,0.01
11.9,0.004046822633547765,0.01
11.91,0.004041726949598587,0.01
11.92,0.004036641950663932,0.01
11.93,0.004031567605402886,0.01
11.94,0.004026503882592627,0.01
11.95,0.004021450751127888,0.01
11.96,0.004016408180020409,0.01
11.97,0.004011376138398406,0.01
11.98,0.00400635459550603,0.01
11.99,0.0040013435207028394,0.01
12.0,0.003996342883463273,0.01
12.01,0.003991352653376117,0.01
12.02,0.00398637280014399,0.01
12.03,0.003981403293582817,0.01
12.04,0.003976444103621314,0.01
12.05,0.003971495200300471,0.01
12.06,0.003966556553773047,0.01
12.07,0.003961628134303053,0.01
12.08,0.003956709912265249,0.01
12.09,0.003951801858144639,0.01
12.1,0.003946903942535971,0.01
12.11,0.00394201613614324,0.01
12.12,0.0039371384097791895,0.01
12.13,0.00393227073436482,0.01
12.14,0.003927413080928898,0.01
12.15,0.003922565420607473,0.01
12.16,0.00391772772464338,0.01
12.17,0.003912899964385773,0.01
12.18,0.003908082111289632,0.01
12.19,0.003903274136915293,0.01
12.2,0.0038984760129279717,0.01
12.21,0.003893687711097288,0.01
12.22,0.0038889092032968003,0.01
12.23,0.0038841404615035362,0.01
12.24,0.0038793814577975268,0.01
12.25,0.0038746321643613464,0.01
12.26,0.0038698925534796516,0.01
12.27,0.0038651625975387243,0.01
12.28,0.0038604422690260132,0.01
12.29,0.0038557315405296872,0.01
12.3,0.0038510303847381815,0.01
12.31,0.0038463387744397497,0.01
12.32,0.003841656682522019,0.01
12.33,0.0038369840819715458,0.01
12.34,0.003832320945873377,0.01
12.35,0.003827667247410611,0.01
12.36,0.003823022959863958,0.01
12.37,0.0038183880566113114,0.01
12.38,0.003813762511127312,0.01
12.39,0.0038091462969829224,0.01
12.4,0.0038045393878449966,0.01
12.41,0.0037999417574758553,0.01
12.42,0.003795353379732864,0.01
12.43,0.0037907742285680137,0.01
12.44,0.0037862042780275012,0.01
12.45,0.0037816435022513147,0.01
12.46,0.0037770918754728156,0.01
12.47,0.0037725493720183324,0.01
12.48,0.003768015966306746,0.01
12.49,0.003763491632849089,0.01
12.5,0.0037589763462481294,0.01
12.51,0.0037544700811979795,0.01
12.52,0.003749972812483686,0.01
12.53,0.003745484514980836,0.01
12.54,0.0037410051636551553,0.01
12.55,0.003736534733562119,0.01
12.56,0.0037320731998465554,0.01
12.57,0.003727620537742253,0.01
12.58,0.0037231767225715763,0.01
12.59,0.0037187417297450762,0.01
12.6,0.0037143155347611045,0.01
12.61,0.003709898113205434,0.01
12.62,0.0037054894407508743,0.01
12.63,0.0037010894931568936,0.01
12.64,0.0036966982462692467,0.01
12.65,0.003692315676019591,0.01
12.66,0.003687941758425119,0.01
12.67,0.003683576469588186,0.01
12.68,0.003679219785695943,0.01
12.69,0.0036748716830199636,0.01
12.7,0.0036705321379158855,0.01
12.71,0.0036662011268230395,0.01
12.72,0.0036618786262640948,0.01
12.73,0.003657564612844694,0.01
12.74,0.003653259063253098,0.01
12.75,0.0036489619542598253,0.01
12.76,0.003644673262717304,0.01
12.77,0.0036403929655595114,0.01
12.78,0.003636121039801633,0.01
12.79,0.0036318574625397023,0.01
12.8,0.0036276022109502618,0.01
12.81,0.003623355262290014,0.01
12.82,0.0036191165938954765,0.01
12.83,0.0036148861831826447,0.01
12.84,0.0036106640076466433,0.01
12.85,0.0036064500448613965,0.01
12.86,0.0036022442724792858,0.01
12.87,0.0035980466682308163,0.01
12.88,0.0035938572099242804,0.01
12.89,0.003589675875445434,0.01
12.9,0.0035855026427571556,0.01
12.91,0.0035813374898991243,0.01
12.92,0.0035771803949874925,0.01
12.93,0.00357303133621456,0.01
12.94,0.0035688902918484494,0.01
12.95,0.0035647572402327824,0.01
12.96,0.0035606321597863666,0.01
12.97,0.0035565150290028705,0.01
12.98,0.0035524058264505064,0.01
12.99,0.0035483045307717173,0.01
13.0,0.0035442111206828624,0.01
13.01,0.0035401255749739034,0.01
13.02,0.0035360478725080958,0.01
13.03,0.003531977992221676,0.01
13.04,0.00352791591312356,0.01
13.05,0.003523861614295026,0.01
13.06,0.003519815074889425,0.01
13.07,0.003515776274131864,0.01
13.08,0.0035117451913189096,0.01
13.09,0.00350772180581829,0.01
13.1,0.0035037060970685937,0.01
13.11,0.0034996980445789706,0.01
13.12,0.0034956976279288407,0.01
13.13,0.0034917048267675958,0.01
13.14,0.0034877196208143104,0.01
13.15,0.0034837419898574454,0.01
13.16,0.003479771913754563,0.01
13.17,0.0034758093724320343,0.01
13.18,0.0034718543458847574,0.01
13.19,0.003467906814175865,0.01
13.2,0.0034639667574364445,0.01
13.21,0.0034600341558652546,0.01
13.22,0.003456108989728443,0.01
13.23,0.0034521912393592684,0.01
13.24,0.003448280885157816,0.01
13.25,0.0034443779075907285,0.01
13.26,0.003440482287190923,0.01
13.27,0.0034365940045573205,0.01
13.28,0.00343271304035457,0.01
13.29,0.0034288393753127795,0.01
13.3,0.0034249729902272406,0.01
13.31,0.0034211138659581667,0.01
13.32,0.003417261983430417,0.01
13.33,0.003413417323633234,0.01
13.34,0.0034095798676199787,0.01
13.35,0.003405749596507864,0.01
13.36,0.003401926491477693,0.01
13.37,0.0033981105337735976,0.01
13.38,0.003394301704702779,0.01
13.39,0.003390499985635248,0.01
13.4,0.003386705358003565,0.01
13.41,0.0033829178033025894,0.01
13.42,0.003379137303089216,0.01
13.43,0.0033753638389821287,0.01
13.44,0.003371597392661544,0.01
13.45,0.0033678379458689594,0.01
13.46,0.0033640854804069024,0.01
13.47,0.003360339978138686,0.01
13.48,0.0033566014209881548,0.01
13.49,0.0033528697909394408,0.01
13.5,0.003349145070036718,0.01
13.51,0.0033454272403839586,0.01
13.52,0.0033417162841446867,0.01
13.53,0.0033380121835417426,0.01
13.54,0.003334314920857033,0.01
13.55,0.0033306244784312993,0.01
13.56,0.0033269408386638753,0.01
13.57,0.00332326398401245,0.01
13.58,0.003319593896992831,0.01
13.59,0.0033159305601787106,0.01
13.6,0.0033122739562014315,0.01
13.61,0.0033086240677497524,0.01
13.62,0.003304980877569617,0.01
13.63,0.0033013443684639255,0.01
13.64,0.0032977145232923016,0.01
13.65,0.0032940913249708643,0.01
13.66,0.0032904747564720047,0.01
13.67,0.003286864800824153,0.01
13.68,0.0032832614411115583,0.01
13.69,0.0032796646604740633,0.01
13.7,0.003276074442106881,0.01
13.71,0.003272490769260369,0.01
13.72,0.003268913625239816,0.01
13.73,0.0032653429934052167,0.01
13.74,0.0032617788571710498,0.01
13.75,0.0032582212000060707,0.01
13.76,0.0032546700054330805,0.01
13.77,0.0032511252570287235,0.01
13.78,0.003247586938423264,0.01
13.79,0.003244055033300374,0.01
13.8,0.003240529525396923,0.01
13.81,0.0032370103985027644,0.01
13.82,0.003233497636460523,0.01
13.83,0.003229991223165389,0.01
13.84,0.0032264911425649054,0.01
13.85,0.0032229973786587623,0.01
13.86,0.0032195099154985903,0.01
13.87,0.0032160287371877532,0.01
13.88,0.0032125538278811416,0.01
13.89,0.0032090851717849747,0.01
13.9,0.003205622753156591,0.01
13.91,0.00320216655630425,0.01
13.92,0.003198716565586927,0.01
13.93,0.0031952727654141187,0.01
13.94,0.003191835140245639,0.01
13.95,0.0031884036745914233,0.01
13.96,0.0031849783530113304,0.01
13.97,0.0031815591601149443,0.01
13.98,0.003178146080561382,0.01
13.99,0.0031747390990590953,0.01
14.0,0.00317133820036568,0.01
14.01,0.0031679433692876798,0.01
14.02,0.003164554590680399,0.01
14.03,0.0031611718494477057,0.01
14.04,0.003157795130541846,0.01
14.05,0.003154424418963251,0.01
14.06,0.0031510596997603546,0.01
14.07,0.003147700958029398,0.01
14.08,0.003144348178914247,0.01
14.09,0.0031410013476062086,0.01
14.1,0.003137660449343839,0.01
14.11,0.003134325469412768,0.01
14.12,0.003130996393145508,0.01
14.13,0.0031276732059212758,0.01
14.14,0.003124355893165812,0.01
14.15,0.0031210444403511946,0.01
14.16,0.003117738832995666,0.01
14.17,0.003114439056663449,0.01
14.18,0.0031111450969645714,0.01
14.19,0.003107856939554683,0.01
14.2,0.003104574570134889,0.01
14.21,0.0031012979744515627,0.01
14.22,0.0030980271382961807,0.01
14.23,0.00309476204750514,0.01
14.24,0.003091502687959591,0.01
14.25,0.0030882490455852586,0.01
14.26,0.003085001106352278,0.01
14.27,0.003081758856275017,0.01
14.28,0.0030785222814119083,0.01
14.29,0.00307529136786528,0.01
14.3,0.003072066101781186,0.01
14.31,0.003068846469349239,0.01
14.32,0.0030656324568024435,0.01
14.33,0.0030624240504170267,0.01
14.34,0.003059221236512275,0.01
14.35,0.0030560240014503694,0.01
14.36,0.00305283233163622,0.01
14.37,0.003049646213517301,0.01
14.38,0.003046465633583493,0.01
14.39,0.0030432905783669153,0.01
14.4,0.003040121034441769,0.01
14.41,0.0030369569884241723,0.01
14.42,0.0030337984269720036,0.01
14.43,0.0030306453367847422,0.01
14.44,0.0030274977046033085,0.01
14.45,0.003024355517209907,0.01
14.46,0.0030212187614278695,0.01
14.47,0.0030180874241214984,0.01
14.48,0.0030149614921959125,0.01
14.49,0.0030118409525968885,0.01
14.5,0.003008725792310712,0.01
14.51,0.0030056159983640187,0.01
14.52,0.003002511557823646,0.01
14.53,0.002999412457796478,0.01
14.54,0.002996318685429295,0.01
14.55,0.002993230227908622,0.01
14.56,0.0029901470724605817,0.01
14.57,0.0029870692063507405,0.01
14.58,0.002983996616883962,0.01
14.59,0.0029809292914042594,0.01
14.6,0.0029778672172946466,0.01
14.61,0.0029748103819769935,0.01
14.62,0.0029717587729118774,0.01
14.63,0.002968712377598439,0.01
14.64,0.0029656711835742383,0.01
14.65,0.002962635178415107,0.01
14.66,0.0029596043497350094,0.01
14.67,0.0029565786851858955,0.01
14.68,0.0029535581724575623,0.01
14.69,0.002950542799277509,0.01
14.7,0.0029475325534107978,0.01
14.71,0.0029445274226599116,0.01
14.72,0.0029415273948646195,0.01
14.73,0.0029385324579018286,0.01
14.74,0.0029355425996854547,0.01
14.75,0.002932557808166278,0.01
14.76,0.002929578071331807,0.01
14.77,0.002926603377206145,0.01
14.78,0.0029236337138498505,0.01
14.79,0.0029206690693598034,0.01
14.8,0.002917709431869067,0.01
14.81,0.00291475478954676,0.01
14.82,0.0029118051305979157,0.01
14.83,0.0029088604432633523,0.01
14.84,0.0029059207158195414,0.01
14.85,0.0029029859365784726,0.01
14.86,0.002900056093887525,0.01
14.87,0.002897131176129336,0.01
14.88,0.0028942111717216675,0.01
14.89,0.0028912960691172824,0.01
14.9,0.0028883858568038096,0.01
14.91,0.0028854805233036176,0.01
14.92,0.0028825800571736894,0.01
14.93,0.002879684447005488,0.01
14.94,0.002876793681424838,0.01
14.95,0.0028739077490917914,0.01
14.96,0.002871026638700507,0.01
14.97,0.0028681503389791246,0.01
14.98,0.002865278838689636,0.01
14.99,0.002862412126627767,0.01
0.0,inf,0.01
0.01,166.12485404699274,0.01
0.02,58.734005410127025,0.01
0.03,31.97074306770618,0.01
0.04,20.765606755874092,0.01
0.05,14.858658656052272,0.01
0.06,11.303364611373926,0.01
0.07,8.969898987658055,0.01
0.08,7.341750676265878,0.01
0.09,6.152772372110842,0.01
0.1,5.253329147515377,0.01
0.11,4.5535025555903195,0.01
0.12,3.9963428834632726,0.01
0.13,3.544211120682862,0.01
0.14,3.1713382003656796,0.01
0.15,2.859550191622848,0.01
0.16,2.5957008444842615,0.01
0.17,2.3700703123739397,0.01
0.18,2.1753335337084083,0.01
0.19,2.0058765950174107,0.01
0.2,1.857332332006534,0.01
0.21,1.7262578650427105,0.01
0.22,1.6099062676040945,0.01
0.23,1.5060620261706852,0.01
0.24,1.4129205764217407,0.01
0.25,1.3289988323759419,0.01
0.26,1.2530678586958124,0.01
0.27,1.184101595100229,0.01
0.28,1.121237373457257,0.01
0.29,1.0637452052368863,0.01
0.3,1.0110036658199035,0.01
0.31,0.9624807930730332,0.01
0.32,0.9177188345332348,0.01
0.33,0.8763219754085734,0.01
0.34,0.8379463948842658,0.01
0.35,0.8022921555083986,0.01
0.36,0.7690965465138553,0.01
0.37,0.7381285884209701,0.01
0.38,0.7091844712800967,0.01
0.39,0.6820837481970385,0.01
0.4,0.6566661434394221,0.01
0.41,0.6327888634076703,0.01
0.42,0.6103243212241563,0.01
0.43,0.5891582032297443,0.01
0.44,0.5691878194487899,0.01
0.45,0.550320690964899,0.01
0.46,0.5324733357964214,0.01
0.47,0.515570221769225,0.01
0.48,0.4995428604329091,0.01
0.49,0.48432902054516835,0.01
0.5,0.46987204328101606,0.01
0.51,0.45612024428247816,0.01
0.52,0.44302639008535777,0.01
0.53,0.430547238448841,0.01
0.54,0.41864313375458967,0.01
0.55,0.4072776500007588,0.01
0.56,0.39641727504570995,0.01
0.5700000000000001,0.3860311306981572,0.01
0.58,0.376090724038839,0.01
0.59,0.3665697260207847,0.01
0.6,0.357443773952856,0.01
0.61,0.34869029494237175,0.01
0.62,0.340288347771874,0.01
0.63,0.33221848102437246,0.01
0.64,0.3244626055605327,0.01
0.65,0.3170038796983036,0.01
0.66,0.3098266056570965,0.01
0.67,0.3029161360103493,0.01
0.68,0.29625878904674247,0.01
0.6900000000000001,0.28984177207530604,0.01
0.7000000000000001,0.28365311182638037,0.01
0.71,0.277681591201552,0.01
0.72,0.27191669171355104,0.01
0.73,0.26634854103355865,0.01
0.74,0.2609678651300611,0.01
0.75,0.25576594454164947,0.01
0.76,0.25073457437717633,0.01
0.77,0.24586602768140922,0.01
0.78,0.24115302184363174,0.01
0.79,0.2365886877612318,0.01
0.8,0.23216654150081675,0.01
0.81,0.22788045822632746,0.01
0.8200000000000001,0.22372464818744578,0.01
0.8300000000000001,0.21969363458269245,0.01
0.84,0.2157822331303388,0.01
0.85,0.21198553319689162,0.01
0.86,0.20829888034771715,0.01
0.87,0.20471786019756333,0.01
0.88,0.2012382834505118,0.01
0.89,0.19785617202941383,0.01
0.9,0.19456774620427322,0.01
0.91,0.19136941263747723,0.01
0.92,0.18825775327133565,0.01
0.93,0.18522951499018672,0.01
0.94,0.18228159999543558,0.01
0.95,0.17941105683738987,0.01
0.96,0.1766150720527176,0.01
0.97,0.17389096236082088,0.01
0.98,0.1712361673764636,0.01
0.99,0.1686482427996415,0.01
1.0,0.16612485404699273,0.01
1.01,0.1636637702920438,0.01
1.02,0.16126285888430242,0.01
1.03,0.15892008011968148,0.01
1.04,0.15663348233697655,0.01
1.05,0.1544011973171663,0.01
1.06,0.15222143596415846,0.01
1.07,0.1500924842473019,0.01
1.08,0.14801269938752862,0.01
1.09,0.14598050627040093,0.01
1.1,0.1439943940706289,0.01
1.11,0.14205291307380183,0.01
1.12,0.14015467168215712,0.01
1.13,0.13829833359219945,0.01
1.14,0.13648261513288876,0.01
1.15,0.1347062827539488,0.01
1.16,0.1329681506546108,0.01
1.17,0.13126707854380973,0.01
1.18,0.12960196952349584,0.01
1.19,0.12797176808731867,0.01
1.2,0.12637545822748794,0.01
1.21,0.12481206164312002,0.01
1.22,0.1232806360438442,0.01
1.23,0.12178027354287191,0.01
1.24,0.12031009913412916,0.01
1.25,0.11886926924841817,0.01
1.26,0.11745697038391409,0.01
1.27,0.11607241780661483,0.01
1.28,0.11471485431665435,0.01
1.29,0.11338354907665638,0.01
1.3,0.11207779649855752,0.01
1.31,0.11079691518555755,0.01
1.32,0.10954024692607167,0.01
1.33,0.10830715573675694,0.01
1.34,0.10709702695187226,0.01
1.35,0.10590926635640174,0.01
1.36,0.10474329936053323,0.01
1.37,0.10359857021323175,0.01
1.38,0.10247454125278732,0.01
1.39,0.10137069219234544,0.01
1.4,0.10028651943854983,0.01
1.41,0.09922153544153901,0.01
1.42,0.09817526807464408,0.01
1.43,0.09714726004223202,0.01
1.44,0.09613706831423191,0.01
1.45,0.09514426358596573,0.01
1.46,0.09416842976198637,0.01
1.47,0.09320916346270024,0.01
1.48,0.09226607355262126,0.01
1.49,0.09133878068916991,0.01
1.5,0.0904269168909914,0.01
1.51,0.0895301251248252,0.01
1.52,0.08864805891001208,0.01
1.53,0.08778038193977554,0.01
1.54,0.08692676771846193,0.01
1.55,0.08608689921396843,0.01
1.56,0.08526046852462982,0.01
1.57,0.08444717655987445,0.01
1.58,0.08364673273399688,0.01
1.59,0.08285885467242946,0.01
1.6,0.08208326792992776,0.01
1.61,0.08131970572011597,0.01
1.62,0.08056790865586695,0.01
1.63,0.07982762450001919,0.01
1.64,0.07909860792595878,0.01
1.65,0.07838062028761877,0.01
1.66,0.07767342939847062,0.01
1.67,0.07697680931910515,0.01
1.68,0.07629054015301953,0.01
1.69,0.07561440785024703,0.01
1.7,0.07494820401848402,0.01
1.71,0.0742917257413856,0.01
1.72,0.07364477540371804,0.01
1.73,0.07300716052307123,0.01
1.74,0.07237869358784832,0.01
1.75,0.07175919190126445,0.01
1.76,0.07114847743109874,0.01
1.77,0.07054637666495579,0.01
1.78,0.0699527204708053,0.01
1.79,0.06936734396257868,0.01
1.8,0.06879008637061237,0.01
1.81,0.06822079091673733,0.01
1.82,0.06765930469382336,0.01
1.83,0.06710547854959611,0.01
1.84,0.06655916697455268,0.01
1.85,0.06602022799381012,0.01
1.86,0.06548852306272815,0.01
1.87,0.06496391696615515,0.01
1.88,0.06444627772115312,0.01
1.89,0.06393547648306334,0.01
1.9,0.06343138745478173,0.01
1.91,0.06293388779911724,0.01
1.92,0.062442857554113634,0.01
1.93,0.06195817955121937,0.01
1.94,0.06147973933619558,0.01
1.95,0.06100742509265713,0.01
1.96,0.060541127568146044,0.01
1.97,0.06008074000264104,0.01
1.98,0.05962615805941092,0.01
1.99,0.05917727975812369,0.01
2.0,0.05873400541012701,0.01
2.01,0.058296237555818836,0.01
2.02,0.057863880904030794,0.01
2.03,0.05743684227335029,0.01
2.04,0.05701503053530977,0.01
2.05,0.05659835655937521,0.01
2.06,0.0561867331596681,0.01
2.07,0.05578007504335871,0.01
2.08,0.05537829876066972,0.01
2.09,0.05498132265643325,0.01
2.1,0.05458906682314524,0.01
2.11,0.05420145305546452,0.01
2.12,0.05381840480610513,0.01
2.13,0.05343984714307323,0.01
2.14,0.05306570670820113,0.01
2.15,0.052695911676933785,0.01
2.16,0.05233039171932371,0.01
2.17,0.05196907796219316,0.01
2.18,0.051611902952422906,0.01
2.19,0.05125880062132973,0.01
2.2,0.05090970625009485,0.01
2.21,0.050564556436208254,0.01
2.22,0.05022328906089422,0.01
2.23,0.04988584325748548,0.01
2.24,0.049552159380713744,0.01
2.25,0.049222178976886743,0.01
2.26,0.048895844754921765,0.01
2.27,0.04857310055820794,0.01
2.28,0.04825389133726967,0.01
2.29,0.04793816312320515,0.01
2.3000000000000003,0.04762586300187482,0.01
2.31,0.0473169390888152,0.01
2.32,0.04701134050485487,0.01
2.33,0.04670901735240999,0.01
2.34,0.04640992069243751,0.01
2.35,0.046114002522025146,0.01
2.36,0.045821215752598086,0.01
2.37,0.045531514188722505,0.01
2.38,0.04524485250748763,0.01
2.39,0.04496118623844772,0.01
2.4,0.044680471744107,0.01
2.41,0.04440266620092998,0.01
2.42,0.04412772758086178,0.01
2.43,0.04385561463334182,0.01
2.44,0.04358628686779647,0.01
2.45,0.04331970453659554,0.01
2.46,0.04305582861845872,0.01
2.47,0.04279462080229815,0.01
2.48,0.04253604347148425,0.01
2.49,0.04228005968852158,0.01
2.5,0.042026633180123014,0.01
2.51,0.041775728322669826,0.01
2.52,0.04152731012804656,0.01
2.53,0.04128134422983948,0.01
2.54,0.04103779686988777,0.01
2.5500000000000003,0.04079663488517723,0.01
2.56,0.040557825695066586,0.01
2.57,0.04032133728883624,0.01
2.58,0.04008713821355071,0.01
2.59,0.03985519756222525,0.01
2.6,0.03962548496228795,0.01
2.61,0.03939797056432913,0.01
2.62,0.039172625031129255,0.01
2.63,0.03894941952695816,0.01
2.64,0.038728325707137065,0.01
2.65,0.038509315707856796,0.01
2.66,0.038292362136244165,0.01
2.67,0.038077438060670314,0.01
2.68,0.03786451700129366,0.01
2.69,0.03765357292083125,0.01
2.7,0.03744458021555197,0.01
2.71,0.037237513706485835,0.01
2.72,0.03703234863084281,0.01
2.73,0.036829060633636015,0.01
2.74,0.036627625759503415,0.01
2.75,0.036428020444722556,0.01
2.76,0.036230221509413255,0.01
2.77,0.036034206149923115,0.01
2.78,0.035839951931390834,0.01
2.79,0.03564743678048272,0.01
2.8000000000000003,0.035456638978297546,0.01
2.81,0.03526753715343554,0.01
2.82,0.0350801102752268,0.01
2.83,0.034894337647115296,0.01
2.84,0.034710198900194,0.01
2.85,0.03452767398688742,0.01
2.86,0.0343467431747776,0.01
2.87,0.03416738704056971,0.01
2.88,0.03398958646419388,0.01
2.89,0.03381332262303943,0.01
2.9,0.03363857698631833,0.01
2.91,0.03346533130955434,0.01
2.92,0.03329356762919483,0.01
2.93,0.033123268257341985,0.01
2.94,0.032954415776600354,0.01
2.95,0.03278699303503792,0.01
2.96,0.03262098314125764,0.01
2.97,0.03245636945957679,0.01
2.98,0.032293135605311454,0.01
2.99,0.03213126544016327,0.01
3.0,0.031970743067706184,0.01
3.01,0.03181155282897051,0.01
3.02,0.03165367929812199,0.01
3.03,0.031497107278233516,0.01
3.04,0.03134182179714704,0.01
3.0500000000000003,0.03118780810342377,0.01
3.06,0.031035051662380214,0.01
3.0700000000000003,0.030883538152208095,0.01
3.08,0.030733253460176153,0.01
3.09,0.030584183678911664,0.01
3.1,0.030436315102759973,0.01
3.11,0.03028963422422001,0.01
3.12,0.030144127730453968,0.01
3.13,0.02999978249986949,0.01
3.14,0.029856585598772443,0.01
3.15,0.029714524278088836,0.01
3.16,0.029573585970153974,0.01
3.17,0.029433758285567543,0.01
3.18,0.029295029010112758,0.01
3.19,0.02915738610173843,0.01
3.2,0.029020817687602094,0.01
3.21,0.028885312061173146,0.01
3.22,0.028750857679394243,0.01
3.23,0.02861744315989994,0.01
3.24,0.028485057278290933,0.01
3.25,0.0283536889654629,0.01
3.26,0.02822332730498848,0.01
3.27,0.028093961530551277,0.01
3.28,0.027965581023430726,0.01
3.29,0.027838175310036503,0.01
3.3000000000000003,0.027711734059491552,0.01
3.31,0.02758624708126253,0.01
3.3200000000000003,0.027461704322836556,0.01
3.33,0.027338095867443336,0.01
3.34,0.027215411931821545,0.01
3.35,0.02709364286402852,0.01
3.36,0.02697277914129235,0.01
3.37,0.026852811367905238,0.01
3.38,0.026733730273157494,0.01
3.39,0.026615526709311003,0.01
3.4,0.026498191649611452,0.01
3.41,0.026381716186338413,0.01
3.42,0.026266091528892466,0.01
3.43,0.02615130900191853,0.01
3.44,0.026037360043464644,0.01
3.45,0.025924236203175383,0.01
3.46,0.025811929140519243,0.01
3.47,0.025700430623049133,0.01
3.48,0.025589732524695416,0.01
3.49,0.025479826824090644,0.01
3.5,0.02537070560292544,0.01
3.51,0.02526236104433477,0.01
3.52,0.025154785431313977,0.01
3.53,0.025047971145164064,0.01
3.54,0.02494191066396533,0.01
3.5500000000000003,0.02483659656107911,0.01
3.56,0.02473202150367673,0.01
3.5700000000000003,0.024628178251295263,0.01
3.58,0.024525059654419548,0.01
3.59,0.02442265865308976,0.01
3.6,0.024320968275534153,0.01
3.61,0.024219981636826468,0.01
3.62,0.0241196919375673,0.01
3.63,0.024020092462589168,0.01
3.64,0.023921176579684653,0.01
3.65,0.023822937738357173,0.01
3.66,0.023725369468593906,0.01
3.67,0.0236284653796605,0.01
3.68,0.023532219158916956,0.01
3.69,0.023436624570654457,0.01
3.7,0.023341675454952537,0.01
3.71,0.02324736572655633,0.01
3.72,0.02315368937377334,0.01
3.73,0.023060640457389515,0.01
3.74,0.022968213109604056,0.01
3.75,0.02287640153298278,0.01
3.76,0.022785199999429448,0.01
3.77,0.022694602849174902,0.01
3.78,0.022604604489783568,0.01
3.79,0.02251519939517692,0.01
3.8,0.022426382104673733,0.01
3.81,0.022338147222046592,0.01
3.82,0.022250489414594565,0.01
3.83,0.022163403412231466,0.01
3.84,0.0220768840065897,0.01
3.85,0.021990926050139043,0.01
3.86,0.02190552445532045,0.01
3.87,0.021820674193694233,0.01
3.88,0.02173637029510261,0.01
3.89,0.021652607846846167,0.01
3.9,0.02156938199287409,0.01
3.91,0.021486687932987834,0.01
3.92,0.02140452092205795,0.01
3.93,0.02132287626925393,0.01
3.94,0.021241749337286675,0.01
3.95,0.021161135541663476,0.01
3.96,0.021081030349955187,0.01
3.97,0.021001429281075384,0.01
3.98,0.020922327904571342,0.01
3.99,0.02084372183992645,0.01
4.0,0.02076560675587409,0.01
4.01,0.02068797836972252,0.01
4.0200000000000005,0.020610832446690687,0.01
4.03,0.02053416479925483,0.01
4.04,0.020457971286505474,0.01
4.05,0.020382247813514776,0.01
4.0600000000000005,0.020306990330714064,0.01
4.07,0.020232194833281213,0.01
4.08,0.020157857360537802,0.01
4.09,0.020083973995355896,0.01
4.1,0.020010540863574157,0.01
4.11,0.01993755413342323,0.01
4.12,0.019865010014960185,0.01
4.13,0.019792904759511815,0.01
4.14,0.019721234659126723,0.01
4.15,0.019649996046035956,0.01
4.16,0.01957918529212207,0.01
4.17,0.019508798808396444,0.01
4.18,0.01943883304448476,0.01
4.19,0.019369284488120406,0.01
4.2,0.01930014966464579,0.01
4.21,0.019231425136521256,0.01
4.22,0.01916310750284164,0.01
4.23,0.019095193398860177,0.01
4.24,0.019027679495519808,0.01
4.25,0.018960562498991515,0.01
4.26,0.018893839150219815,0.01
4.2700000000000005,0.018827506224475075,0.01
4.28,0.018761560530912737,0.01
4.29,0.01869599891213908,0.01
4.3,0.01863081824378363,0.01
4.3100000000000005,0.018566015434077997,0.01
4.32,0.018501587423441077,0.01
4.33,0.01843753118407038,0.01
4.34,0.018373843719539578,0.01
4.3500000000000005,0.018310522064402,0.01
4.36,0.018247563283800117,0.01
4.37,0.018184964473080677,0.01
4.38,0.01812272275741573,0.01
4.39,0.018060835291429135,0.01
4.4,0.01799929925882861,0.01
4.41,0.017938111872043267,0.01
4.42,0.017877270371866368,0.01
4.43,0.01781677202710339,0.01
4.44,0.01775661413422523,0.01
4.45,0.01769679401702647,0.01
4.46,0.017637309026288597,0.01
4.47,0.017578156539448143,0.01
4.48,0.01751933396026964,0.01
4.49,0.017460838718523285,0.01
4.5,0.017402668269667264,0.01
4.51,0.01734482009453468,0.01
4.5200000000000005,0.017287291699024928,0.01
4.53,0.017230080613799565,0.01
4.54,0.017173184393982455,0.01
4.55,0.017116600618864258,0.01
4.5600000000000005,0.017060326891611088,0.01
4.57,0.017004360838977356,0.01
4.58,0.016948700111022626,0.01
4.59,0.016893342380832524,0.01
4.6000000000000005,0.016838285344243593,0.01
4.61,0.016783526719571992,0.01
4.62,0.01672906424734602,0.01
4.63,0.016674895690042428,0.01
4.64,0.01662101883182635,0.01
4.65,0.016567431478294953,0.01
4.66,0.01651413145622461,0.01
4.67,0.016461116613321593,0.01
4.68,0.016408384817976216,0.01
4.69,0.01635593395902044,0.01
4.7,0.016303761945488767,0.01
4.71,0.016251866706382456,0.01
4.72,0.01620024619043698,0.01
4.73,0.016148898365892686,0.01
4.74,0.01609782122026859,0.01
4.75,0.016047012760139288,0.01
4.76,0.015996471010914833,0.01
4.7700000000000005,0.015946194016623744,0.01
4.78,0.015896179839698835,0.01
4.79,0.015846426560766028,0.01
4.8,0.015796932278435993,0.01
4.8100000000000005,0.01574769510909859,0.01
4.82,0.01569871318672015,0.01
4.83,0.015649984662643373,0.01
4.84,0.015601507705390002,0.01
4.8500000000000005,0.015553280500466112,0.01
4.86,0.01550530125016999,0.01
4.87,0.015457568173402594,0.01
4.88,0.015410079505480526,0.01
4.89,0.015362833497951481,0.01
4.9,0.015315828418412177,0.01
4.91,0.015269062550328661,0.01
4.92,0.015222534192858989,0.01
4.93,0.015176241660678267,0.01
4.94,0.015130183283805958,0.01
4.95,0.015084357407435512,0.01
4.96,0.015038762391766144,0.01
4.97,0.014993396611836896,0.01
4.98,0.014948258457362798,0.01
4.99,0.014903346332573224,0.01
5.0,0.014858658656052272,0.01
5.01,0.014814193860581285,0.01
5.0200000000000005,0.01476995039298337,0.01
5.03,0.014725926713969953,0.01
5.04,0.014682121297989261,0.01
5.05,0.01463853263307682,0.01
5.0600000000000005,0.014595159220707823,0.01
5.07,0.014551999575651427,0.01
5.08,0.014509052225826853,0.01
5.09,0.01446631571216141,0.01
5.1000000000000005,0.014423788588450243,0.01
5.11,0.014381469421217935,0.01
5.12,0.014339356789581793,0.01
5.13,0.014297449285116939,0.01
5.14,0.014255745511723057,0.01
5.15,0.014214244085492826,0.01
5.16,0.014172943634582047,0.01
5.17,0.014131842799081341,0.01
5.18,0.014090940230889516,0.01
5.19,0.014050234593588463,0.01
5.2,0.01400972456231969,0.01
5.21,0.013969408823662294,0.01
5.22,0.013929286075512559,0.01
5.23,0.013889355026964954,0.01
5.24,0.013849614398194694,0.01
5.25,0.013810062920341683,0.01
5.26,0.013770699335395918,0.01
5.2700000000000005,0.013731522396084326,0.01
5.28,0.013692530865758959,0.01
5.29,0.013653723518286573,0.01
5.3,0.013615099137939585,0.01
5.3100000000000005,0.013576656519288318,0.01
5.32,0.013538394467094617,0.01
5.33,0.013500311796206707,0.01
5.34,0.013462407331455362,0.01
5.3500000000000005,0.013424679907551336,0.01
5.36,0.013387128368984032,0.01
5.37,0.013349751569921384,0.01
5.38,0.013312548374110965,0.01
5.39,0.013275517654782274,0.01
5.4,0.013238658294550218,0.01
5.41,0.013201969185319741,0.01
5.42,0.013165449228191572,0.01
5.43,0.01312909733336916,0.01
5.44,0.013092912420066653,0.01
5.45,0.013056893416418032,0.01
5.46,0.013021039259387279,0.01
5.47,0.012985348894679647,0.01
5.48,0.012949821276653969,0.01
5.49,0.01291445536823599,0.01
5.5,0.012879250140832759,0.01
5.51,0.012844204574247979,0.01
5.5200000000000005,0.012809317656598413,0.01
5.53,0.012774588384231225,0.01
5.54,0.012740015761642314,0.01
5.55,0.01270559880139558,0.01
5.5600000000000005,0.012671336524043177,0.01
5.57,0.012637227958046655,0.01
5.58,0.01260327213969904,0.01
5.59,0.012569468113047794,0.01
5.6000000000000005,0.012535814929818725,0.01
5.61,0.012502311649340726,0.01
5.62,0.012468957338471386,0.01
5.63,0.0124357510715235,0.01
5.64,0.012402691930192377,0.01
5.65,0.012369779003484025,0.01
5.66,0.012337011387644132,0.01
5.67,0.01230438818608787,0.01
5.68,0.01227190850933051,0.01
5.69,0.012239571474918812,0.01
5.7,0.01220737620736323,0.01
5.71,0.012175321838070819,0.01
5.72,0.012143407505279003,0.01
5.73,0.012111632353990013,0.01
5.74,0.0120799955359061,0.01
5.75,0.01204849620936548,0.01
5.76,0.012017133539278989,0.01
5.7700000000000005,0.011985906697067467,0.01
5.78,0.01195481486059984,0.01
5.79,0.01192385721413189,0.01
5.8,0.011893032948245716,0.01
5.8100000000000005,0.011862341259789869,0.01
5.82,0.011831781351820178,0.01
5.83,0.011801352433541188,0.01
5.84,0.011771053720248297,0.01
5.8500000000000005,0.011740884433270505,0.01
5.86,0.011710843799913818,0.01
5.87,0.011680931053405263,0.01
5.88,0.01165114543283753,0.01
5.89,0.011621486183114224,0.01
5.9,0.011591952554895707,0.01
5.91,0.011562543804545574,0.01
5.92,0.011533259194077657,0.01
5.93,0.011504097991103662,0.01
5.94,0.011475059468781353,0.01
5.95,0.01144614290576331,0.01
5.96,0.011417347586146239,0.01
5.97,0.011388672799420836,0.01
5.98,0.011360117840422205,0.01
5.99,0.011331682009280804,0.01
6.0,0.011303364611373925,0.01
6.01,0.011275164957277687,0.01
6.0200000000000005,0.01124708236271957,0.01
6.03,0.011219116148531457,0.01
6.04,0.01119126564060315,0.01
6.05,0.011163530169836419,0.01
6.0600000000000005,0.01113590907209954,0.01
6.07,0.011108401688182301,0.01
6.08,0.01108100736375151,0.01
6.09,0.011053725449306953,0.01
6.1000000000000005,0.011026555300137852,0.01
6.11,0.010999496276279767,0.01
6.12,0.010972547742471942,0.01
6.13,0.010945709068115143,0.01
6.140000000000001,0.010918979627229902,0.01
6.15,0.01089235879841523,0.01
6.16,0.010865845964807741,0.01
6.17,0.010839440514041237,0.01
6.18,0.010813141838206685,0.01
6.19,0.010786949333812634,0.01
6.2,0.010760862401746054,0.01
6.21,0.010734880447233558,0.01
6.22,0.01070900287980305,0.01
6.23,0.01068322911324577,0.01
6.24,0.010657558565578727,0.01
6.25,0.010631990659007535,0.01
6.26,0.010606524819889615,0.01
6.2700000000000005,0.0105811604786978,0.01
6.28,0.010555897069984306,0.01
6.29,0.010530734032345068,0.01
6.3,0.010505670808384458,0.01
6.3100000000000005,0.01048070684468036,0.01
6.32,0.01045584159174961,0.01
6.33,0.010431074504013768,0.01
6.34,0.010406405039765268,0.01
6.3500000000000005,0.01038183266113391,0.01
6.36,0.010357356834053682,0.01
6.37,0.010332977028229919,0.01
6.38,0.010308692717106818,0.01
6.390000000000001,0.010284503377835258,0.01
6.4,0.01026040849124097,0.01
6.41,0.010236407541793007,0.01
6.42,0.010212500017572549,0.01
6.43,0.010188685410242019,0.01
6.44,0.010164963215014497,0.01
6.45,0.010141332930623487,0.01
6.46,0.010117794059292915,0.01
6.47,0.010094346106707498,0.01
6.48,0.010070988581983369,0.01
6.49,0.010047720997639018,0.01
6.5,0.010024542869566501,0.01
6.51,0.010001453717002954,0.01
6.5200000000000005,0.009978453062502397,0.01
6.53,0.009955540431907791,0.01
6.54,0.0099327153543234,0.01
6.55,0.00990997736208742,0.01
6.5600000000000005,0.009887325990744848,0.01
6.57,0.009864760779020692,0.01
6.58,0.009842281268793366,0.01
6.59,0.009819887005068388,0.01
6.6000000000000005,0.009797577535952345,0.01
6.61,0.00977535241262708,0.01
6.62,0.009753211189324169,0.01
6.63,0.009731153423299617,0.01
6.640000000000001,0.009709178674808826,0.01
6.65,0.009687286507081795,0.01
6.66,0.009665476486298556,0.01
6.67,0.009643748181564873,0.01
6.68,0.009622101164888144,0.01
6.69,0.009600535011153571,0.01
6.7,0.009579049298100542,0.01
6.71,0.009557643606299225,0.01
6.72,0.009536317519127441,0.01
6.73,0.009515070622747703,0.01
6.74,0.009493902506084504,0.01
6.75,0.009472812760801832,0.01
6.76,0.00945180098128088,0.01
6.7700000000000005,0.009430866764597978,0.01
6.78,0.009410009710502742,0.01
6.79,0.009389229421396432,0.01
6.8,0.009368525502310503,0.01
6.8100000000000005,0.00934789756088537,0.01
6.82,0.009327345207349397,0.01
6.83,0.009306868054498032,0.01
6.84,0.0092864657176732,0.01
6.8500000000000005,0.009266137814742843,0.01
6.86,0.009245883966080698,0.01
6.87,0.00922570379454623,0.01
6.88,0.009205596925464755,0.01
6.890000000000001,0.009185562986607795,0.01
6.9,0.009165601608173556,0.01
6.91,0.009145712422767639,0.01
6.92,0.009125895065383903,0.01
6.93,0.009106149173385527,0.01
6.94,0.009086474386486222,0.01
6.95,0.009066870346731664,0.01
6.96,0.00904733669848104,0.01
6.97,0.009027873088388826,0.01
6.98,0.009008479165386694,0.01
6.99,0.008989154580665603,0.01
7.0,0.008969898987658056,0.01
7.01,0.008950712042020519,0.01
7.0200000000000005,0.00893159340161599,0.01
7.03,0.008912542726496771,0.01
7.04,0.008893559678887343,0.01
7.05,0.008874643923167436,0.01
7.0600000000000005,0.008855795125855237,0.01
7.07,0.008837012955590792,0.01
7.08,0.008818297083119474,0.01
7.09,0.008799647181275707,0.01
7.1000000000000005,0.008781062924966762,0.01
7.11,0.008762543991156734,0.01
7.12,0.008744090058850662,0.01
7.13,0.00872570080907879,0.01
7.140000000000001,0.008707375924880963,0.01
7.15,0.008689115091291194,0.01
7.16,0.008670917995322333,0.01
7.17,0.0086527843259509,0.01
7.18,0.008634713774102042,0.01
7.19,0.00861670603263464,0.01
7.2,0.008598760796326547,0.01
7.21,0.00858087776185994,0.01
7.22,0.008563056627806825,0.01
7.23,0.008545297094614674,0.01
7.24,0.008527598864592166,0.01
7.25,0.008509961641895089,0.01
7.26,0.00849238513251234,0.01
7.27,0.008474869044252065,0.01
7.28,0.00845741308672792,0.01
7.29,0.008440016971345462,0.01
7.3,0.008422680411288635,0.01
7.31,0.008405403121506408,0.01
7.32,0.008388184818699514,0.01
7.33,0.00837102522130731,0.01
7.34,0.008353924049494756,0.01
7.35,0.008336881025139497,0.01
7.36,0.008319895871819085,0.01
7.37,0.008302968314798286,0.01
7.38,0.00828609808101651,0.01
7.390000000000001,0.008269284899075358,0.01
7.4,0.008252528499226265,0.01
7.41,0.008235828613358268,0.01
7.42,0.008219184974985855,0.01
7.43,0.008202597319236962,0.01
7.44,0.008186065382841019,0.01
7.45,0.00816958890411716,0.01
7.46,0.008153167622962487,0.01
7.47,0.008136801280840463,0.01
7.48,0.008120489620769394,0.01
7.49,0.00810423238731103,0.01
7.5,0.008088029326559228,0.01
7.51,0.00807188018612875,0.01
7.52,0.00805578471514414,0.01
7.53,0.008039742664228697,0.01
7.54,0.008023753785493557,0.01
7.55,0.008007817832526838,0.01
7.56,0.007991934560382918,0.01
7.57,0.007976103725571773,0.01
7.58,0.00796032508604843,0.01
7.59,0.007944598401202476,0.01
7.6,0.007928923431847716,0.01
7.61,0.007913299940211853,0.01
7.62,0.007897727689926292,0.01
7.63,0.00788220644601604,0.01
7.640000000000001,0.007866735974889653,0.01
7.65,0.007851316044329319,0.01
7.66,0.007835946423480969,0.01
7.67,0.007820626882844529,0.01
7.68,0.007805357194264204,0.01
7.69,0.007790137130918886,0.01
7.7,0.007774966467312608,0.01
7.71,0.0077598449792651005,0.01
7.72,0.007744772443902421,0.01
7.73,0.0077297486396476645,0.01
7.74,0.007714773346211748,0.01
7.75,0.007699846344584267,0.01
7.76,0.007684967417024447,0.01
7.77,0.0076701363470521545,0.01
7.78,0.007655352919438987,0.01
7.79,0.007640616920199438,0.01
7.8,0.007625928136582141,0.01
7.81,0.007611286357061166,0.01
7.82,0.007596691371327429,0.01
7.83,0.007582142970280122,0.01
7.84,0.0075676409460182555,0.01
7.85,0.007553185091832245,0.01
7.86,0.0075387752021955825,0.01
7.87,0.007524411072756573,0.01
7.88,0.00751009250033013,0.01
7.890000000000001,0.007495819282889651,0.01
7.9,0.0074815912195589545,0.01
7.91,0.007467408110604281,0.01
7.92,0.007453269757426365,0.01
7.930000000000001,0.007439175962552561,0.01
7.94,0.007425126529629063,0.01
7.95,0.007411121263413134,0.01
7.96,0.007397159969765461,0.01
7.97,0.007383242455642528,0.01
7.98,0.007369368529089066,0.01
7.99,0.007355537999230575,0.01
8.0,0.007341750676265876,0.01
8.01,0.00732800637145977,0.01
8.02,0.007314304897135705,0.01
8.03,0.007300646066668539,0.01
8.040000000000001,0.007287029694477353,0.01
8.05,0.007273455596018313,0.01
8.06,0.007259923587777596,0.01
8.07,0.007246433487264373,0.01
8.08,0.007232985113003849,0.01
8.09,0.0072195782845303515,0.01
8.1,0.007206212822380491,0.01
8.11,0.007192888548086357,0.01
8.120000000000001,0.007179605284168784,0.01
8.13,0.0071663628541306585,0.01
8.14,0.007153161082450289,0.01
8.15,0.007139999794574823,0.01
8.16,0.007126878816913721,0.01
8.17,0.007113797976832283,0.01
8.18,0.007100757102645217,0.01
8.19,0.007087756023610269,0.01
8.2,0.007074794569921901,0.01
8.21,0.0070618725727050104,0.01
8.22,0.007048989864008723,0.01
8.23,0.007036146276800198,0.01
8.24,0.007023341644958513,0.01
8.25,0.007010575803268587,0.01
8.26,0.006997848587415147,0.01
8.27,0.006985159833976749,0.01
8.28,0.006972509380419839,0.01
8.290000000000001,0.006959897065092864,0.01
8.3,0.0069473227272204355,0.01
8.31,0.006934786206897525,0.01
8.32,0.006922287345083715,0.01
8.33,0.00690982598359749,0.01
8.34,0.006897401965110582,0.01
8.35,0.006885015133142337,0.01
8.36,0.006872665332054156,0.01
8.370000000000001,0.0068603524070439525,0.01
8.38,0.006848076204140671,0.01
8.39,0.0068358365701988374,0.01
8.4,0.006823633352893155,0.01
8.41,0.006811466400713139,0.01
8.42,0.006799335562957803,0.01
8.43,0.006787240689730378,0.01
8.44,0.006775181631933065,0.01
8.45,0.006763158241261846,0.01
8.46,0.006751170370201316,0.01
8.47,0.006739217872019577,0.01
8.48,0.006727300600763141,0.01
8.49,0.006715418411251903,0.01
8.5,0.0067035711590741264,0.01
8.51,0.00669175870058149,0.01
8.52,0.006679980892884154,0.01
8.53,0.006668237593845869,0.01
8.540000000000001,0.0066565286620791295,0.01
8.55,0.006644853956940364,0.01
8.56,0.006633213338525141,0.01
8.57,0.006621606667663437,0.01
8.58,0.006610033805914929,0.01
8.59,0.006598494615564324,0.01
8.6,0.006586988959616723,0.01
8.61,0.006575516701793018,0.01
8.620000000000001,0.006564077706525328,0.01
8.63,0.006552671838952472,0.01
8.64,0.006541298964915464,0.01
8.65,0.006529958950953055,0.01
8.66,0.0065186516642973,0.01
8.67,0.006507376972869159,0.01
8.68,0.006496134745274145,0.01
8.69,0.006484924850797972,0.01
8.700000000000001,0.006473747159402278,0.01
8.71,0.006462601541720344,0.01
8.72,0.006451487869052863,0.01
8.73,0.006440406013363735,0.01
8.74,0.0064293558472759,0.01
8.75,0.006418337244067188,0.01
8.76,0.006407350077666216,0.01
8.77,0.006396394222648305,0.01
8.78,0.006385469554231429,0.01
8.790000000000001,0.006374575948272194,0.01
8.8,0.006363713281261856,0.01
8.81,0.0063528814303223475,0.01
8.82,0.006342080273202356,0.01
8.83,0.006331309688273414,0.01
8.84,0.006320569554526032,0.01
8.85,0.006309859751565844,0.01
8.86,0.006299180159609799,0.01
8.870000000000001,0.006288530659482367,0.01
8.88,0.006277911132611777,0.01
8.89,0.006267321461026288,0.01
8.9,0.006256761527350469,0.01
8.91,0.0062462312148015365,0.01
8.92,0.006235730407185685,0.01
8.93,0.006225258988894475,0.01
8.94,0.00621481684490122,0.01
8.950000000000001,0.00620440386075742,0.01
8.96,0.006194019922589218,0.01
8.97,0.006183664917093862,0.01
8.98,0.006173338731536221,0.01
8.99,0.00616304125374531,0.01
9.0,0.006152772372110843,0.01
9.01,0.00614253197557981,0.01
9.02,0.006132319953653083,0.01
9.03,0.00612213619638204,0.01
9.04,0.006111980594365221,0.01
9.05,0.006101853038744995,0.01
9.06,0.006091753421204271,0.01
9.07,0.006081681633963215,0.01
9.08,0.006071637569775992,0.01
9.09,0.006061621121927547,0.01
9.1,0.0060516321842303865,0.01
9.11,0.006041670651021403,0.01
9.12,0.006031736417158709,0.01
9.13,0.006021829378018497,0.01
9.14,0.006011949429491929,0.01
9.15,0.006002096467982035,0.01
9.16,0.005992270390400644,0.01
9.17,0.00598247109416533,0.01
9.18,0.005972698477196388,0.01
9.19,0.00596295243791382,0.01
9.2,0.005953232875234354,0.01
9.21,0.005943539688568475,0.01
9.22,0.005933872777817483,0.01
9.23,0.0059242320433705664,0.01
9.24,0.0059146173861019,0.01
9.25,0.005905028707367761,0.01
9.26,0.0058954659090036665,0.01
9.27,0.005885928893321536,0.01
9.28,0.005876417563106859,0.01
9.29,0.005866931821615903,0.01
9.3,0.005857471572572914,0.01
9.31,0.005848036720167377,0.01
9.32,0.005838627169051249,0.01
9.33,0.005829242824336242,0.01
9.34,0.005819883591591116,0.01
9.35,0.005810549376838995,0.01
9.36,0.005801240086554689,0.01
9.37,0.005791955627662052,0.01
9.38,0.005782695907531344,0.01
9.39,0.005773460833976624,0.01
9.4,0.005764250315253143,0.01
9.41,0.005755064260054777,0.01
9.42,0.005745902577511459,0.01
9.43,0.005736765177186639,0.01
9.44,0.005727651969074761,0.01
9.45,0.005718562863598752,0.01
9.46,0.005709497771607536,0.01
9.47,0.005700456604373555,0.01
9.48,0.005691439273590313,0.01
9.49,0.005682445691369942,0.01
9.5,0.005673475770240773,0.01
9.51,0.005664529423144932,0.01
9.52,0.005655606563435954,0.01
9.53,0.005646707104876397,0.01
9.54,0.0056378309616354995,0.01
9.55,0.005628978048286831,0.01
9.56,0.005620148279805965,0.01
9.57,0.005611341571568178,0.01
9.58,0.00560255783934614,0.01
9.59,0.005593796999307652,0.01
9.6,0.005585058968013375,0.01
9.61,0.00557634366241458,0.01
9.62,0.005567650999850923,0.01
9.63,0.00555898089804822,0.01
9.64,0.005550333275116248,0.01
9.65,0.005541708049546557,0.01
9.66,0.0055331051402102965,0.01
9.67,0.005524524466356056,0.01
9.68,0.005515965947607723,0.01
9.69,0.0055074295039623505,0.01
9.7,0.005498915055788045,0.01
9.71,0.005490422523821863,0.01
9.72,0.005481951829167727,0.01
9.73,0.005473502893294346,0.01
9.74,0.005465075638033165,0.01
9.75,0.005456669985576309,0.01
9.76,0.0054482858584745586,0.01
9.77,0.00543992317963533,0.01
9.78,0.005431581872320671,0.01
9.79,0.005423261860145262,0.01
9.8,0.005414963067074442,0.01
9.81,0.005406685417422257,0.01
9.82,0.005398428835849478,0.01
9.83,0.005390193247361687,0.01
9.84,0.00538197857730734,0.01
9.85,0.005373784751375851,0.01
9.86,0.005365611695595696,0.01
9.87,0.005357459336332522,0.01
9.88,0.005349327600287269,0.01
9.89,0.005341216414494308,0.01
9.9,0.00533312570631959,0.01
9.91,0.005325055403458797,0.01
9.92,0.005317005433935531,0.01
9.93,0.005308975726099484,0.01
9.94,0.005300966208624637,0.01
9.95,0.005292976810507476,0.01
9.96,0.005285007461065198,0.01
9.97,0.005277058089933956,0.01
9.98,0.005269128627067096,0.01
9.99,0.005261219002733402,0.01
10.0,0.005253329147515377,0.01
10.01,0.005245458992307513,0.01
10.02,0.005237608468314573,0.01
10.03,0.005229777507049903,0.01
10.04,0.005221966040333728,0.01
10.05,0.005214174000291482,0.01
10.06,0.005206401319352142,0.01
10.07,0.005198647930246558,0.01
10.08,0.00519091376600582,0.01
10.09,0.005183198759959613,0.01
10.1,0.005175502845734593,0.01
10.11,0.005167825957252778,0.01
10.12,0.005160168028729935,0.01
10.13,0.00515252899467399,0.01
10.14,0.005144908789883442,0.01
10.15,0.0051373073494457916,0.01
10.16,0.005129724608735971,0.01
10.17,0.005122160503414794,0.01
10.18,0.005114614969427417,0.01
10.19,0.005107087943001793,0.01
10.2,0.005099579360647156,0.01
10.21,0.005092089159152501,0.01
10.22,0.0050846172755850865,0.01
10.23,0.005077163647288929,0.01
10.24,0.005069728211883323,0.01
10.25,0.005062310907261362,0.01
10.26,0.005054911671588471,0.01
10.27,0.005047530443300953,0.01
10.28,0.00504016716110453,0.01
10.29,0.005032821763972917,0.01
10.3,0.005025494191146377,0.01
10.31,0.005018184382130311,0.01
10.32,0.005010892276693839,0.01
10.33,0.005003617814868399,0.01
10.34,0.0049963609369463495,0.01
10.35,0.004989121583479583,0.01
10.36,0.004981899695278156,0.01
10.37,0.004974695213408907,0.01
10.38,0.004967508079194109,0.01
10.39,0.004960338234210111,0.01
10.4,0.004953185620285994,0.01
10.41,0.004946050179502239,0.01
10.42,0.0049389318541894,0.01
10.43,0.004931830586926783,0.01
10.44,0.004924746320541141,0.01
10.45,0.004917678998105363,0.01
10.46,0.004910628562937191,0.01
10.47,0.004903594958597926,0.01
10.48,0.004896578128891157,0.01
10.49,0.004889578017861481,0.01
10.5,0.004882594569793249,0.01
10.51,0.004875627729209313,0.01
10.52,0.00486867744086977,0.01
10.53,0.00486174364977073,0.01
10.54,0.00485482630114309,0.01
10.55,0.0048479253404512925,0.01
10.56,0.004841040713392133,0.01
10.57,0.004834172365893533,0.01
10.58,0.004827320244113341,0.01
10.59,0.00482048429443815,0.01
10.6,0.0048136644634820995,0.01
10.61,0.004806860698085699,0.01
10.62,0.004800072945314661,0.01
10.63,0.004793301152458727,0.01
10.64,0.004786545267030521,0.01
10.65,0.0047798052367643866,0.01
10.66,0.0047730810096152515,0.01
10.67,0.00476637253375749,0.01
10.68,0.004759679757583789,0.01
10.69,0.004753002629704032,0.01
10.7,0.004746341098944173,0.01
10.71,0.004739695114345135,0.01
10.72,0.0047330646251617075,0.01
10.73,0.004726449580861446,0.01
10.74,0.004719849931123585,0.01
10.75,0.004713265625837955,0.01
10.76,0.004706696615103906,0.01
10.77,0.004700142849229238,0.01
10.78,0.004693604278729139,0.01
10.79,0.004687080854325128,0.01
10.8,0.004680572526943996,0.01
10.81,0.004674079247716783,0.01
10.82,0.004667600967977714,0.01
10.83,0.004661137639263184,0.01
10.84,0.004654689213310729,0.01
10.85,0.004648255642058005,0.01
10.86,0.004641836877641775,0.01
10.87,0.004635432872396903,0.01
10.88,0.004629043578855351,0.01
10.89,0.004622668949745185,0.01
10.9,0.0046163089379895874,0.01
10.91,0.0046099634967058725,0.01
10.92,0.004603632579204502,0.01
10.93,0.004597316138988127,0.01
10.94,0.004591014129750609,0.01
10.95,0.00458472650537607,0.01
10.96,0.004578453219937927,0.01
10.97,0.004572194227697956,0.01
10.98,0.00456594948310534,0.01
10.99,0.00455971894079573,0.01
11.0,0.0045535025555903195,0.01
11.01,0.004547300282494914,0.01
11.02,0.004541112076699009,0.01
11.03,0.004534937893574878,0.01
11.04,0.004528777688676657,0.01
11.05,0.0045226314177394455,0.01
11.06,0.004516499036678402,0.01
11.07,0.004510380501587848,0.01
11.08,0.004504275768740389,0.01
11.09,0.004498184794586018,0.01
11.1,0.004492107535751243,0.01
11.11,0.004486043949038215,0.01
11.12,0.004479993991423854,0.01
11.13,0.004473957620058992,0.01
11.14,0.004467934792267509,0.01
11.15,0.0044619254655454835,0.01
11.16,0.00445592959756034,0.01
11.17,0.004449947146150008,0.01
11.18,0.004443978069322086,0.01
11.19,0.004438022325253004,0.01
11.2,0.004432079872287194,0.01
11.21,0.004426150668936268,0.01
11.22,0.004420234673878198,0.01
11.23,0.004414331845956505,0.01
11.24,0.004408442144179442,0.01
11.25,0.004402565527719192,0.01
11.26,0.004396701955911071,0.01
11.27,0.004390851388252726,0.01
11.28,0.00438501378440335,0.01
11.29,0.00437918910418289,0.01
11.3,0.004373377307571263,0.01
11.31,0.004367578354707593,0.01
11.32,0.004361792205889412,0.01
11.33,0.004356018821571916,0.01
11.34,0.0043502581623671875,0.01
11.35,0.004344510189043437,0.01
11.36,0.00433877486252425,0.01
11.37,0.004333052143887832,0.01
11.38,0.004327341994366263,0.01
11.39,0.00432164437534476,0.01
11.4,0.004315959248360928,0.01
11.41,0.004310286575104032,0.01
11.42,0.004304626317414268,0.01
11.43,0.004298978437282031,0.01
11.44,0.0042933428968472,0.01
11.45,0.0042877196583984145,0.01
11.46,0.004282108684372362,0.01
11.47,0.004276509937353075,0.01
11.48,0.0042709233800712135,0.01
11.49,0.0042653489754033705,0.01
11.5,0.004259786686371373,0.01
11.51,0.004254236476141588,0.01
11.52,0.004248698308024235,0.01
11.53,0.004243172145472694,0.01
11.54,0.0042376579520828316,0.01
11.55,0.00423215569159231,0.01
11.56,0.004226665327879929,0.01
11.57,0.004221186824964943,0.01
11.58,0.0042157201470063976,0.01
11.59,0.004210265258302466,0.01
11.6,0.004204822123289791,0.01
11.61,0.004199390706542829,0.01
11.62,0.004193970972773195,0.01
11.63,0.004188562886829018,0.01
11.64,0.004183166413694293,0.01
11.65,0.00417778151848824,0.01
11.66,0.004172408166464671,0.01
11.67,0.004167046323011346,0.01
11.68,0.004161695953649354,0.01
11.69,0.004156357024032479,0.01
11.7,0.004151029499946574,0.01
11.71,0.0041457133473089495,0.01
11.72,0.004140408532167748,0.01
11.73,0.0041351150207013364,0.01
11.74,0.004129832779217691,0.01
11.75,0.004124561774153799,0.01
11.76,0.004119301972075044,0.01
11.77,0.0041140533396746195,0.01
11.78,0.004108815843772917,0.01
11.79,0.004103589451316948,0.01
11.8,0.00409837412937974,0.01
11.81,0.004093169845159764,0.01
11.82,0.004087976565980339,0.01
11.83,0.004082794259289056,0.01
11.84,0.004077622892657205,0.01
11.85,0.004072462433779189,0.01
11.86,0.00406731285047197,0.01
11.87,0.004062174110674486,0.01
11.88,0.004057046182447099,0.01
11.89,0.00405192903397102,0.01
11.9,0.004046822633547765,0.01
11.91,0.004041726949598587,0.01
11.92,0.004036641950663932,0.01
11.93,0.004031567605402886,0.01
11.94,0.004026503882592627,0.01
11.95,0.004021450751127888,0.01
11.96,0.004016408180020409,0.01
11.97,0.004011376138398406,0.01
11.98,0.00400635459550603,0.01
11.99,0.0040013435207028394,0.01
12.0,0.003996342883463273,0.01
12.01,0.003991352653376117,0.01
12.02,0.00398637280014399,0.01
12.03,0.003981403293582817,0.01
12.04,0.003976444103621314,0.01
12.05,0.003971495200300471,0.01
12.06,0.003966556553773047,0.01
12.07,0.003961628134303053,0.01
12.08,0.003956709912265249,0.01
12.09,0.003951801858144639,0.01
12.1,0.003946903942535971,0.01
12.11,0.00394201613614324,0.01
12.12,0.0039371384097791895,0.01
12.13,0.00393227073436482,0.01
12.14,0.003927413080928898,0.01
12.15,0.003922565420607473,0.01
12.16,0.00391772772464338,0.01
12.17,0.003912899964385773,0.01
12.18,0.003908082111289632,0.01
12.19,0.003903274136915293,0.01
12.2,0.0038984760129279717,0.01
12.21,0.003893687711097288,0.01
12.22,0.0038889092032968003,0.01
12.23,0.0038841404615035362,0.01
12.24,0.0038793814577975268,0.01
12.25,0.0038746321643613464,0.01
12.26,0.0038698925534796516,0.01
12.27,0.0038651625975387243,0.01
12.28,0.0038604422690260132,0.01
12.29,0.0038557315405296872,0.01
12.3,0.0038510303847381815,0.01
12.31,0.0038463387744397497,0.01
12.32,0.003841656682522019,0.01
12.33,0.0038369840819715458,0.01
12.34,0.003832320945873377,0.01
12.35,0.003827667247410611,0.01
12.36,0.003823022959863958,0.01
12.37,0.0038183880566113114,0.01
12.38,0.003813762511127312,0.01
12.39,0.0038091462969829224,0.01
12.4,0.0038045393878449966,0.01
12.41,0.0037999417574758553,0.01
12.42,0.003795353379732864,0.01
12.43,0.0037907742285680137,0.01
12.44,0.0037862042780275012,0.01
12.45,0.0037816435022513147,0.01
12.46,0.0037770918754728156,0.01
12.47,0.0037725493720183324,0.01
12.48,0.003768015966306746,0.01
12.49,0.003763491632849089,0.01
12.5,0.0037589763462481294,0.01
12.51,0.0037544700811979795,0.01
12.52,0.003749972812483686,0.01
12.53,0.003745484514980836,0.01
12.54,0.0037410051636551553,0.01
12.55,0.003736534733562119,0.01
12.56,0.0037320731998465554,0.01
12.57,0.003727620537742253,0.01
12.58,0.0037231767225715763,0.01
12.59,0.0037187417297450762,0.01
12.6,0.0037143155347611045,0.01
12.61,0.003709898113205434,0.01
12.62,0.0037054894407508743,0.01
12.63,0.0037010894931568936,0.01
12.64,0.0036966982462692467,0.01
12.65,0.003692315676019591,0.01
12.66,0.003687941758425119,0.01
12.67,0.003683576469588186,0.01
12.68,0.003679219785695943,0.01
12.69,0.0036748716830199636,0.01
12.7,0.0036705321379158855,0.01
12.71,0.0036662011268230395,0.01
12.72,0.0036618786262640948,0.01
12.73,0.003657564612844694,0.01
12.74,0.003653259063253098,0.01
12.75,0.0036489619542598253,0.01
12.76,0.003644673262717304,0.01
12.77,0.0036403929655595114,0.01
12.78,0.003636121039801633,0.01
12.79,0.0036318574625397023,0.01
12.8,0.0036276022109502618,0.01
12.81,0.003623355262290014,0.01
12.82,0.0036191165938954765,0.01
12.83,0.0036148861831826447,0.01
12.84,0.0036106640076466433,0.01
12.85,0.0036064500448613965,0.01
12.86,0.0036022442724792858,0.01
12.87,0.0035980466682308163,0.01
12.88,0.0035938572099242804,0.01
12.89,0.003589675875445434,0.01
12.9,0.0035855026427571556,0.01
12.91,0.0035813374898991243,0.01
12.92,0.0035771803949874925,0.01
12.93,0.00357303133621456,0.01
12.94,0.0035688902918484494,0.01
12.95,0.0035647572402327824,0.01
12.96,0.0035606321597863666,0.01
12.97,0.0035565150290028705,0.01
12.98,0.0035524058264505064,0.01
12.99,0.0035483045307717173,0.01
13.0,0.0035442111206828624,0.01
13.01,0.0035401255749739034,0.01
13.02,0.0035360478725080958,0.01
13.03,0.003531977992221676,0.01
13.04,0.00352791591312356,0.01
13.05,0.003523861614295026,0.01
13.06,0.003519815074889425,0.01
13.07,0.003515776274131864,0.01
13.08,0.0035117451913189096,0.01
13.09,0.00350772180581829,0.01
13.1,0.0035037060970685937,0.01
13.11,0.0034996980445789706,0.01
13.12,0.0034956976279288407,0.01
13.13,0.0034917048267675958,0.01
13.14,0.0034877196208143104,0.01
13.15,0.0034837419898574454,0.01
13.16,0.003479771913754563,0.01
13.17,0.0034758093724320343,0.01
13.18,0.0034718543458847574,0.01
13.19,0.003467906814175865,0.01
13.2,0.0034639667574364445,0.01
13.21,0.0034600341558652546,0.01
13.22,0.003456108989728443,0.01
13.23,0.0034521912393592684,0.01
13.24,0.003448280885157816,0.01
13.25,0.0034443779075907285,0.01
13.26,0.003440482287190923,0.01
13.27,0.0034365940045573205,0.01
13.28,0.00343271304035457,0.01
13.29,0.0034288393753127795,0.01
13.3,0.0034249729902272406,0.01
13.31,0.0034211138659581667,0.01
13.32,0.003417261983430417,0.01
13.33,0.003413417323633234,0.01
13.34,0.0034095798676199787,0.01
13.35,0.003405749596507864,0.01
13.36,0.003401926491477693,0.01
13.37,0.0033981105337735976,0.01
13.38,0.003394301704702779,0.01
13.39,0.003390499985635248,0.01
13.4,0.003386705358003565,0.01
13.41,0.0033829178033025894,0.01
13.42,0.003379137303089216,0.01
13.43,0.0033753638389821287,0.01
13.44,0.003371597392661544,0.01
13.45,0.0033678379458689594,0.01
13.46,0.0033640854804069024,0.01
13.47,0.003360339978138686,0.01
13.48,0.0033566014209881548,0.01
13.49,0.0033528697909394408,0.01
13.5,0.003349145070036718,0.01
13.51,0.0033454272403839586,0.01
13.52,0.0033417162841446867,0.01
13.53,0.0033380121835417426,0.01
13.54,0.003334314920857033,0.01
13.55,0.0033306244784312993,0.01
13.56,0.0033269408386638753,0.01
13.57,0.00332326398401245,0.01
13.58,0.003319593896992831,0.01
13.59,0.0033159305601787106,0.01
13.6,0.0033122739562014315,0.01
13.61,0.0033086240677497524,0.01
13.62,0.003304980877569617,0.01
13.63,0.0033013443684639255,0.01
13.64,0.0032977145232923016,0.01
13.65,0.0032940913249708643,0.01
13.66,0.0032904747564720047,0.01
13.67,0.003286864800824153,0.01
13.68,0.0032832614411115583,0.01
13.69,0.0032796646604740633,0.01
13.7,0.003276074442106881,0.01
13.71,0.003272490769260369,0.01
13.72,0.003268913625239816,0.01
13.73,0.0032653429934052167,0.01
13.74,0.0032617788571710498,0.01
13.75,0.0032582212000060707,0.01
13.76,0.0032546700054330805,0.01
13.77,0.0032511252570287235,0.01
13.78,0.003247586938423264,0.01
13.79,0.003244055033300374,0.01
13.8,0.003240529525396923,0.01
13.81,0.0032370103985027644,0.01
13.82,0.003233497636460523,0.01
13.83,0.003229991223165389,0.01
13.84,0.0032264911425649054,0.01
13.85,0.0032229973786587623,0.01
13.86,0.0032195099154985903,0.01
13.87,0.0032160287371877532,0.01
13.88,0.0032125538278811416,0.01
13.89,0.0032090851717849747,0.01
13.9,0.003205622753156591,0.01
13.91,0.00320216655630425,0.01
13.92,0.003198716565586927,0.01
13.93,0.0031952727654141187,0.01
13.94,0.003191835140245639,0.01
13.95,0.0031884036745914233,0.01
13.96,0.0031849783530113304,0.01
13.97,0.0031815591601149443,0.01
13.98,0.003178146080561382,0.01
13.99,0.0031747390990590953,0.01
14.0,0.00317133820036568,0.01
14.01,0.0031679433692876798,0.01
14.02,0.003164554590680399,0.01
14.03,0.0031611718494477057,0.01
14.04,0.003157795130541846,0.01
14.05,0.003154424418963251,0.01
14.06,0.0031510596997603546,0.01
14.07,0.003147700958029398,0.01
14.08,0.003144348178914247,0.01
14.09,0.0031410013476062086,0.01
14.1,0.003137660449343839,0.01
14.11,0.003134325469412768,0.01
14.12,0.003130996393145508,0.01
14.13,0.0031276732059212758,0.01
14.14,0.003124355893165812,0.01
14.15,0.0031210444403511946,0.01
14.16,0.003117738832995666,0.01
14.17,0.003114439056663449,0.01
14.18,0.0031111450969645714,0.01
14.19,0.003107856939554683,0.01
14.2,0.003104574570134889,0.01
14.21,0.0031012979744515627,0.01
14.22,0.0030980271382961807,0.01
14.23,0.00309476204750514,0.01
14.24,0.003091502687959591,0.01
14.25,0.0030882490455852586,0.01
14.26,0.003085001106352278,0.01
14.27,0.003081758856275017,0.01
14.28,0.0030785222814119083,0.01
14.29,0.00307529136786528,0.01
14.3,0.003072066101781186,0.01
14.31,0.003068846469349239,0.01
14.32,0.0030656324568024435,0.01
14.33,0.0030624240504170267,0.01
14.34,0.003059221236512275,0.01
14.35,0.0030560240014503694,0.01
14.36,0.00305283233163622,0.01
14.37,0.003049646213517301,0.01
14.38,0.003046465633583493,0.01
14.39,0.0030432905783669153,0.01
14.4,0.003040121034441769,0.01
14.41,0.0030369569884241723,0.01
14.42,0.0030337984269720036,0.01
14.43,0.0030306453367847422,0.01
14.44,0.0030274977046033085,0.01
14.45,0.003024355517209907,0.01
14.46,0.0030212187614278695,0.01
14.47,0.0030180874241214984,0.01
14.48,0.0030149614921959125,0.01
14.49,0.0030118409525968885,0.01
14.5,0.003008725792310712,0.01
14.51,0.0030056159983640187,0.01
14.52,0.003002511557823646,0.01
14.53,0.002999412457796478,0.01
14.54,0.002996318685429295,0.01
14.55,0.002993230227908622,0.01
14.56,0.0029901470724605817,0.01
14.57,0.0029870692063507405,0.01
14.58,0.002983996616883962,0.01
14.59,0.0029809292914042594,0.01
14.6,0.0029778672172946466,0.01
14.61,0.0029748103819769935,0.01
14.62,0.0029717587729118774,0.01
14.63,0.002968712377598439,0.01
14.64,0.0029656711835742383,0.01
14.65,0.002962635178415107,0.01
14.66,0.0029596043497350094,0.01
14.67,0.0029565786851858955,0.01
14.68,0.0029535581724575623,0.01
14.69,0.002950542799277509,0.01
14.7,0.0029475325534107978,0.01
14.71,0.0029445274226599116,0.01
14.72,0.0029415273948646195,0.01
14.73,0.0029385324579018286,0.01
14.74,0.0029355425996854547,0.01
14.75,0.002932557808166278,0.01
14.76,0.002929578071331807,0.01
14.77,0.002926603377206145,0.01
14.78,0.0029236337138498505,0.01
14.79,0.0029206690693598034,0.01
14.8,0.002917709431869067,0.01
14.81,0.00291475478954676,0.01
14.82,0.0029118051305979157,0.01
14.83,0.0029088604432633523,0.01
14.84,0.0029059207158195414,0.01
14.85,0.0029029859365784726,0.01
14.86,0.002900056093887525,0.01
14.87,0.002897131176129336,0.01
14.88,0.0028942111717216675,0.01
14.89,0.0028912960691172824,0.01
14.9,0.0028883858568038096,0.01
14.91,0.0028854805233036176,0.01
14.92,0.0028825800571736894,0.01
14.93,0.002879684447005488,0.01
14.94,0.002876793681424838,0.01
14.95,0.0028739077490917914,0.01
14.96,0.002871026638700507,0.01
14.97,0.0028681503389791246,0.01
14.98,0.002865278838689636,0.01
14.99,0.002862412126627767,0.01
0.01,488.60251190291996,1.0
0.02,172.74707473566775,1.0
0.03,94.03159725795938,1.0
0.04,61.075313987864995,1.0
0.05,43.70193722368316,1.0
0.06,33.24519003345273,1.0
0.07,26.382055846053113,1.0
0.08,21.59338434195847,1.0
0.09,18.096389329737775,1.0
0.1,15.450968080927582,1.0
0.11,13.392654575265649,1.0
0.12,11.753949657244922,1.0
0.13,10.424150354949598,1.0
0.14,9.327465295193177,1.0
0.15,8.410441740067201,1.0
0.16,7.634414248483124,1.0
0.17,6.970795036393942,1.0
0.18,6.398039805024732,1.0
0.19,5.899637044168856,1.0
0.2,5.462742152960395,1.0
0.21,5.077229014831502,1.0
0.22,4.735018434129691,1.0
0.23,4.429594194619663,1.0
0.24,4.155648754181591,1.0
0.25,3.908820095223359,1.0
0.26,3.685493702046508,1.0
0.27,3.482651750294792,1.0
0.28,3.297756980756639,1.0
0.29,3.1286623683437838,1.0
0.3,2.973540193587952,1.0
0.31,2.83082586197951,1.0
0.32,2.6991730427448086,1.0
0.33,2.577417574731099,1.0
0.34,2.464548220247841,1.0
0.35,2.35968281031882,1.0
0.36,2.262048666217222,1.0
0.37,2.1709664365322654,1.0
0.38,2.085836680235579,1.0
0.39,2.006128671167761,1.0
0.4,1.9313710101159478,1.0
0.41,1.861143715904913,1.0
0.42,1.7950715330122247,1.0
0.43,1.732818244793366,1.0
0.44,1.674081821908206,1.0
0.45,1.6185902675438208,1.0
0.46,1.5660980464600633,1.0
0.47,1.5163830052036031,1.0
0.48,1.4692437071556153,1.0
0.49,1.4244971192504956,1.0
0.5,1.3819765978853418,1.0
0.51,1.3415301302425833,1.0
0.52,1.3030187943686997,1.0
0.53,1.2663154072024738,1.0
0.54,1.231303334572323,1.0
0.55,1.1978754411787025,1.0
0.56,1.165933161899147,1.0
0.5700000000000001,1.135385678523992,1.0
0.58,1.1061491883495267,1.0
0.59,1.078146253002308,1.0
0.6,1.0513052175084001,1.0
0.61,1.025559691006976,1.0
0.62,1.0008480816819827,1.0
0.63,0.9771131794834486,1.0
0.64,0.9543017810603905,1.0
0.65,0.9323643520538343,1.0
0.66,0.9112547225208723,1.0
0.67,0.8909298117951452,1.0
0.68,0.8713493795492427,1.0
0.6900000000000001,0.8524758002214886,1.0
0.7000000000000001,0.8342738583128836,1.0
0.71,0.816710562357506,1.0
0.72,0.7997549756280915,1.0
0.73,0.7833780618634081,1.0
0.74,0.7675525445001798,1.0
0.75,0.7522527780636751,1.0
0.76,0.737454630521107,1.0
0.77,0.7231353755335567,1.0
0.78,0.7092735936577406,1.0
0.79,0.6958490816506819,1.0
0.8,0.6828427691200494,1.0
0.81,0.6702366418421398,1.0
0.8200000000000001,0.6580136711395466,1.0
0.8300000000000001,0.646157748772625,1.0
0.84,0.6346536268539378,1.0
0.85,0.623486862343799,1.0
0.86,0.61264376572858,1.0
0.87,0.6021113535222452,1.0
0.88,0.5918773042662113,1.0
0.89,0.5819299177335702,1.0
0.9,0.572258077071392,1.0
0.91,0.562851213639639,1.0
0.92,0.5536992743274579,1.0
0.93,0.5447926911476081,1.0
0.94,0.5361223529277518,1.0
0.95,0.5276795789334997,1.0
0.96,0.5194560942726989,1.0
0.97,0.5114440069435909,1.0
0.98,0.5036357864013636,1.0
0.99,0.49602424352835744,1.0
1.0,0.48860251190291987,1.0
1.01,0.4813640302707171,1.0
1.02,0.4743025261303013,1.0
1.03,0.4674120003520044,1.0
1.04,0.4606867127558135,1.0
1.05,0.45412116857990104,1.0
1.06,0.4477101057769368,1.0
1.07,0.4414484830802998,1.0
1.08,0.435331468786849,1.0
1.09,0.42935443020706165,1.0
1.1,0.4235129237371439,1.0
1.11,0.41780268551118194,1.0
1.12,0.4122196225945799,1.0
1.13,0.40675980468293965,1.0
1.14,0.40141945627320236,1.0
1.15,0.39619494927632004,1.0
1.16,0.39108279604297297,1.0
1.17,0.38607964277591106,1.0
1.18,0.38118226330439964,1.0
1.19,0.3763875531979962,1.0
1.2,0.371692524198494,1.0
1.21,0.36709429895035306,1.0
1.22,0.3625901060113066,1.0
1.23,0.35817727512609393,1.0
1.24,0.35385323274743874,1.0
1.25,0.3496154977894653,1.0
1.26,0.3454616775997474,1.0
1.27,0.34138946413710247,1.0
1.28,0.3373966303431011,1.0
1.29,0.33348102669604823,1.0
1.3,0.32964057793693397,1.0
1.31,0.3258732799575223,1.0
1.32,0.32217719684138735,1.0
1.33,0.31855045804928517,1.0
1.34,0.31499125574080084,1.0
1.35,0.3114978422247111,1.0
1.36,0.30806852753098013,1.0
1.37,0.3047016770977405,1.0
1.38,0.3013957095670216,1.0
1.39,0.29814909468336903,1.0
1.4,0.2949603512898525,1.0
1.41,0.29182804541629126,1.0
1.42,0.2887507884548356,1.0
1.43,0.28572723541832956,1.0
1.44,0.28275608327715274,1.0
1.45,0.2798360693704875,1.0
1.46,0.2769659698881953,1.0
1.47,0.2741445984197066,1.0
1.48,0.2713708045665332,1.0
1.49,0.26864347261520566,1.0
1.5,0.2659615202676218,1.0
1.51,0.2633238974259565,1.0
1.52,0.2607295850294474,1.0
1.53,0.25817759394051637,1.0
1.54,0.2556669638778293,1.0
1.55,0.2531967623940249,1.0
1.56,0.2507660838959701,1.0
1.57,0.24837404870551313,1.0
1.58,0.24601980215881442,1.0
1.59,0.24370251374243962,1.0
1.6,0.24142137626449348,1.0
1.61,0.2391756050591647,1.0
1.62,0.23696443722313815,1.0
1.63,0.23478713088240946,1.0
1.64,0.2326429644881141,1.0
1.65,0.23053123614005527,1.0
1.66,0.22845126293667836,1.0
1.67,0.2264023803503093,1.0
1.68,0.22438394162652808,1.0
1.69,0.222395317206609,1.0
1.7,0.2204358941720119,1.0
1.71,0.21850507570995767,1.0
1.72,0.21660228059917075,1.0
1.73,0.21472694271491544,1.0
1.74,0.2128785105524951,1.0
1.75,0.21105644676842492,1.0
1.76,0.20926022773852576,1.0
1.77,0.20748934313222298,1.0
1.78,0.20574329550236856,1.0
1.79,0.20402159988993734,1.0
1.8,0.2023237834429776,1.0
1.81,0.20064938504922747,1.0
1.82,0.19899795498183348,1.0
1.83,0.19736905455763565,1.0
1.84,0.19576225580750792,1.0
1.85,0.19417714115826512,1.0
1.86,0.19261330312567104,1.0
1.87,0.19107034401810344,1.0
1.88,0.1895478756504504,1.0
1.89,0.1880455190678334,1.0
1.9,0.18656290427876984,1.0
1.91,0.18509966999740368,1.0
1.92,0.1836554633944519,1.0
1.93,0.1822299398565276,1.0
1.94,0.18082276275351644,1.0
1.95,0.17943360321369747,1.0
1.96,0.17806213990631195,1.0
1.97,0.17670805883129723,1.0
1.98,0.1753710531159145,1.0
1.99,0.1740508228180109,1.0
2.0,0.17274707473566772,1.0
2.01,0.17145952222299662,1.0
2.02,0.1701878850118553,1.0
2.03,0.1689318890392656,1.0
2.04,0.1676912662803229,1.0
2.05,0.1664657545863977,1.0
2.06,0.16525509752843562,1.0
2.07,0.16405904424517273,1.0
2.08,0.16287734929608746,1.0
2.09,0.16170977251892135,1.0
2.1,0.1605560788916037,1.0
2.11,0.15941603839842508,1.0
2.12,0.15828942590030923,1.0
2.13,0.15717602100903896,1.0
2.14,0.15607560796529746,1.0
2.15,0.15498797552039353,1.0
2.16,0.15391291682154037,1.0
2.17,0.15285022930056816,1.0
2.18,0.15179971456594976,1.0
2.19,0.15076117829802865,1.0
2.2,0.1497344301473378,1.0
2.21,0.14871928363590664,1.0
2.22,0.14771555606145362,1.0
2.23,0.14672306840436908,1.0
2.24,0.14574164523739339,1.0
2.25,0.1447711146379022,1.0
2.26,0.14381130810271112,1.0
2.27,0.1428620604653175,1.0
2.28,0.14192320981549905,1.0
2.29,0.14099459742119166,1.0
2.3000000000000003,0.14007606765257302,1.0
2.31,0.13916746790828005,1.0
2.32,0.13826864854369084,1.0
2.33,0.1373794628012059,1.0
2.34,0.13649976674246328,1.0
2.35,0.13562941918242694,1.0
2.36,0.1347682816252885,1.0
2.37,0.13391621820212504,1.0
2.38,0.13307309561025776,1.0
2.39,0.13223878305425804,1.0
2.4,0.13141315218855001,1.0
2.41,0.1305960770615588,1.0
2.42,0.1297874340613582,1.0
2.43,0.12898710186277007,1.0
2.44,0.128194961375872,1.0
2.45,0.12741089569586928,1.0
2.46,0.12663479005429037,1.0
2.47,0.12586653177146517,1.0
2.48,0.12510601021024784,1.0
2.49,0.12435311673094586,1.0
2.5,0.12360774464742066,1.0
2.51,0.12286978918432304,1.0
2.52,0.12213914743543107,1.0
2.53,0.12141571832305732,1.0
2.54,0.12069940255849346,1.0
2.5500000000000003,0.11999010260346248,1.0
2.56,0.11928772263254882,1.0
2.57,0.1185921684965772,1.0
2.58,0.11790334768691388,1.0
2.59,0.11722116930066252,1.0
2.6,0.11654554400672928,1.0
2.61,0.11587638401273276,1.0
2.62,0.11521360303273312,1.0
2.63,0.11455711625575932,1.0
2.64,0.11390684031510903,1.0
2.65,0.11326269325840235,1.0
2.66,0.1126245945183652,1.0
2.67,0.11199246488432449,1.0
2.68,0.11136622647439315,1.0
2.69,0.11074580270832722,1.0
2.7,0.11013111828103524,1.0
2.71,0.10952209913672306,1.0
2.72,0.10891867244365534,1.0
2.73,0.10832076656951772,1.0
2.74,0.10772831105736301,1.0
2.75,0.10714123660212518,1.0
2.76,0.10655947502768608,1.0
2.77,0.10598295926447977,1.0
2.78,0.10541162332762012,1.0
2.79,0.10484540229553742,1.0
2.8000000000000003,0.10428423228911045,1.0
2.81,0.103728050451281,1.0
2.82,0.10317679492713766,1.0
2.83,0.10263040484445678,1.0
2.84,0.10208882029468826,1.0
2.85,0.10155198231437479,1.0
2.86,0.10101983286699297,1.0
2.87,0.10049231482520506,1.0
2.88,0.09996937195351144,1.0
2.89,0.09945094889129247,1.0
2.9,0.0989369911362304,1.0
2.91,0.09842744502810102,1.0
2.92,0.09792225773292601,1.0
2.93,0.09742137722747644,1.0
2.94,0.09692475228411872,1.0
2.95,0.09643233245599389,1.0
2.96,0.09594406806252248,1.0
2.97,0.09545991017522587,1.0
2.98,0.09497981060385725,1.0
2.99,0.09450372188283317,1.0
3.0,0.09403159725795938,1.0
3.01,0.09356339067344269,1.0
3.02,0.09309905675918234,1.0
3.03,0.09263855081833389,1.0
3.04,0.09218182881513838,1.0
3.0500000000000003,0.09172884736301111,1.0
3.06,0.09127956371288301,1.0
3.0700000000000003,0.09083393574178854,1.0
3.08,0.09039192194169458,1.0
3.09,0.08995348140856374,1.0
3.1,0.08951857383164699,1.0
3.11,0.08908715948300004,1.0
3.12,0.08865919920721757,1.0
3.13,0.08823465441138087,1.0
3.14,0.08781348705521308,1.0
3.15,0.08739565964143778,1.0
3.16,0.08698113520633524,1.0
3.17,0.08656987731049279,1.0
3.18,0.08616185002974341,1.0
3.19,0.08575701794628952,1.0
3.2,0.08535534614000617,1.0
3.21,0.08495680017992104,1.0
3.22,0.08456134611586544,1.0
3.23,0.08416895047029396,1.0
3.24,0.08377958023026748,1.0
3.25,0.08339320283959678,1.0
3.26,0.0830097861911426,1.0
3.27,0.08262929861926849,1.0
3.28,0.08225170889244333,1.0
3.29,0.08187698620598972,1.0
3.3000000000000003,0.08150510017497517,1.0
3.31,0.08113602082724275,1.0
3.3200000000000003,0.08076971859657812,1.0
3.33,0.08040616431600983,1.0
3.34,0.08004532921123986,1.0
3.35,0.07968718489420155,1.0
3.36,0.07933170335674222,1.0
3.37,0.07897885696442719,1.0
3.38,0.07862861845046323,1.0
3.39,0.07828096090973825,1.0
3.4,0.07793585779297488,1.0
3.41,0.07759328290099535,1.0
3.42,0.07725321037909551,1.0
3.43,0.0769156147115251,1.0
3.44,0.0765804707160725,1.0
3.45,0.07624775353875114,1.0
3.46,0.07591743864858602,1.0
3.47,0.07558950183249746,1.0
3.48,0.07526391919028065,1.0
3.49,0.07494066712967838,1.0
3.5,0.07461972236154542,1.0
3.51,0.07430106189510227,1.0
3.52,0.07398466303327642,1.0
3.53,0.07367050336812962,1.0
3.54,0.07335856077636863,1.0
3.5500000000000003,0.07304881341493857,1.0
3.56,0.07274123971669627,1.0
3.5700000000000003,0.07243581838616255,1.0
3.58,0.07213252839535163,1.0
3.59,0.07183134897967577,1.0
3.6,0.071532259633924,1.0
3.61,0.07123524010831316,1.0
3.62,0.07094027040460972,1.0
3.63,0.07064733077232109,1.0
3.64,0.07035640170495487,1.0
3.65,0.07006746393634464,1.0
3.66,0.06978049843704091,1.0
3.67,0.0694954864107662,1.0
3.68,0.06921240929093224,1.0
3.69,0.06893124873721901,1.0
3.7,0.06865198663221336,1.0
3.71,0.06837460507810687,1.0
3.72,0.06809908639345101,1.0
3.73,0.06782541310996917,1.0
3.74,0.06755356796942372,1.0
3.75,0.0672835339205376,1.0
3.76,0.06701529411596897,1.0
3.77,0.06674883190933796,1.0
3.78,0.06648413085230462,1.0
3.79,0.06622117469169683,1.0
3.8,0.06595994736668746,1.0
3.81,0.0657004330060194,1.0
3.82,0.06544261592527814,1.0
3.83,0.0651864806242102,1.0
3.84,0.06493201178408736,1.0
3.85,0.06467919426511484,1.0
3.86,0.0644280131038837,1.0
3.87,0.0641784535108654,1.0
3.88,0.06393050086794887,1.0
3.89,0.06368414072601816,1.0
3.9,0.06343935880257087,1.0
3.91,0.063196140979376,1.0
3.92,0.06295447330017045,1.0
3.93,0.06271434196839393,1.0
3.94,0.06247573334496082,1.0
3.95,0.06223863394606906,1.0
3.96,0.06200303044104468,1.0
3.97,0.061768909650221734,1.0
3.98,0.0615362585428569,1.0
3.99,0.061305064235077804,1.0
4.0,0.06107531398786498,1.0
4.01,0.06084699520506624,1.0
4.0200000000000005,0.060620095431443206,1.0
4.03,0.06039460235074952,1.0
4.04,0.06017050378383964,1.0
4.05,0.05994778768680818,1.0
4.0600000000000005,0.05972644214915903,1.0
4.07,0.059506455392003575,1.0
4.08,0.059287815766287666,1.0
4.09,0.059070511751046766,1.0
4.1,0.058854531951688716,1.0
4.11,0.05863986509830363,1.0
4.12,0.05842650004400055,1.0
4.13,0.05821442576327006,1.0
4.14,0.058003631350372724,1.0
4.15,0.05779410601775283,1.0
4.16,0.05758583909447669,1.0
4.17,0.05737882002469544,1.0
4.18,0.057173038366131655,1.0
4.19,0.056968483788589444,1.0
4.2,0.05676514607248763,1.0
4.21,0.056563015107415474,1.0
4.22,0.056362080890710715,1.0
4.23,0.05616233352605936,1.0
4.24,0.0559637632221171,1.0
4.25,0.05576636029115153,1.0
4.26,0.055570115147705344,1.0
4.2700000000000005,0.055375018307279644,1.0
4.28,0.05518106038503748,1.0
4.29,0.05498823209452672,1.0
4.3,0.05479652424642245,1.0
4.3100000000000005,0.054605927747288244,1.0
4.32,0.05441643359835612,1.0
4.33,0.05422803289432466,1.0
4.34,0.05404071682217524,1.0
4.3500000000000005,0.053854476660005896,1.0
4.36,0.05366930377588271,1.0
4.37,0.05348518962670789,1.0
4.38,0.05330212575710511,1.0
4.39,0.053120103798320994,1.0
4.4,0.052939115467142986,1.0
4.41,0.052759152564833156,1.0
4.42,0.05258020697607756,1.0
4.43,0.05240227066795116,1.0
4.44,0.05222533568889774,1.0
4.45,0.05204939416772492,1.0
4.46,0.05187443831261353,1.0
4.47,0.05170046041014161,1.0
4.48,0.05152745282432249,1.0
4.49,0.05135540799565673,1.0
4.5,0.05118431844019784,1.0
4.51,0.051014176748631415,1.0
4.5200000000000005,0.05084497558536745,1.0
4.53,0.05067670768764579,1.0
4.54,0.050509365864654286,1.0
4.55,0.0503429429966596,1.0
4.5600000000000005,0.05017743203415027,1.0
4.57,0.050012825996992236,1.0
4.58,0.049849117973595966,1.0
4.59,0.049686301120095665,1.0
4.6000000000000005,0.04952436865953999,1.0
4.61,0.049363313881094106,1.0
4.62,0.04920313013925302,1.0
4.63,0.04904381085306598,1.0
4.64,0.04888534950537162,1.0
4.65,0.048727739642043987,1.0
4.66,0.04857097487124887,1.0
4.67,0.04841504886271058,1.0
4.68,0.04825995534698888,1.0
4.69,0.04810568811476601,1.0
4.7,0.04795224101614344,1.0
4.71,0.047799607959948406,1.0
4.72,0.047647782913049955,1.0
4.73,0.047496759899684375,1.0
4.74,0.04734653300078998,1.0
4.75,0.04719709635335085,1.0
4.76,0.04704844414974953,1.0
4.7700000000000005,0.046900570637128665,1.0
4.78,0.046753470116761287,1.0
4.79,0.04660713694342951,1.0
4.8,0.04646156552481175,1.0
4.8100000000000005,0.04631675032087822,1.0
4.82,0.046172685843294564,1.0
4.83,0.04602936665483346,1.0
4.84,0.04588678736879413,1.0
4.8500000000000005,0.04574494264842975,1.0
4.86,0.045603827206382334,1.0
4.87,0.04546343580412529,1.0
4.88,0.045323763251413324,1.0
4.89,0.04518480440573966,1.0
4.9,0.04504655417180053,1.0
4.91,0.04490900750096666,1.0
4.92,0.04477215939076174,1.0
4.93,0.04463600488434786,1.0
4.94,0.04450053907001753,1.0
4.95,0.04436575708069269,1.0
4.96,0.04423165409342984,1.0
4.97,0.04409822532893206,1.0
4.98,0.04396546605106706,1.0
4.99,0.043833371566391846,1.0
5.0,0.043701937223683165,1.0
5.01,0.04357115841347438,1.0
5.0200000000000005,0.043441030567598155,1.0
5.03,0.04331154915873516,1.0
5.04,0.04318270969996842,1.0
5.05,0.0430545077443436,1.0
5.0600000000000005,0.04292693888443479,1.0
5.07,0.04279999875191597,1.0
5.08,0.04267368301713781,1.0
5.09,0.04254798738871004,1.0
5.1000000000000005,0.04242290761308896,1.0
5.11,0.042298439474170405,1.0
5.12,0.042174578792887635,1.0
5.13,0.04205132142681454,1.0
5.14,0.0419286632697737,1.0
5.15,0.0418066002514495,1.0
5.16,0.04168512833700603,1.0
5.17,0.041564243526709836,1.0
5.18,0.04144394185555741,1.0
5.19,0.04132421939290726,1.0
5.2,0.041205072242116746,1.0
5.21,0.041086496540183225,1.0
5.22,0.04096848845738989,1.0
5.23,0.04085104419695575,1.0
5.24,0.04073415999469029,1.0
5.25,0.04061783211865202,1.0
5.26,0.04050205686881154,1.0
5.2700000000000005,0.040386830576718616,1.0
5.28,0.04027214960517342,1.0
5.29,0.040158010347901694,1.0
5.3,0.040044409229234086,1.0
5.3100000000000005,0.03993134270378918,1.0
5.32,0.039818807256160646,1.0
5.33,0.03970679940060797,1.0
5.34,0.03959531568075107,1.0
5.3500000000000005,0.03948435266926865,1.0
5.36,0.039373906967600104,1.0
5.37,0.03926397520565114,1.0
5.38,0.039154554041502844,1.0
5.39,0.03904564016112434,1.0
5.4,0.03893723027808889,1.0
5.41,0.03882932113329336,1.0
5.42,0.03872190949468111,1.0
5.43,0.03861499215696813,1.0
5.44,0.038508565941372516,1.0
5.45,0.03840262769534716,1.0
5.46,0.038297174292315536,1.0
5.47,0.03819220263141074,1.0
5.48,0.03808770963721756,1.0
5.49,0.03798369225951763,1.0
5.5,0.037880147473037536,1.0
5.51,0.037777072277199945,1.0
5.5200000000000005,0.037674463695877694,1.0
5.53,0.03757231877715067,1.0
5.54,0.037470634593065634,1.0
5.55,0.03736940823939878,1.0
5.5600000000000005,0.037268636835421115,1.0
5.57,0.037168317523666644,1.0
5.58,0.037068447469703066,1.0
5.59,0.03696902386190528,1.0
5.6000000000000005,0.036870043911231554,1.0
5.61,0.03677150485100214,1.0
5.62,0.03667340393668055,1.0
5.63,0.03657573844565736,1.0
5.64,0.03647850567703641,1.0
5.65,0.03638170295142361,1.0
5.66,0.036285327610718045,1.0
5.67,0.03618937701790551,1.0
5.68,0.03609384855685445,1.0
5.69,0.03599873963211416,1.0
5.7,0.03590404766871539,1.0
5.71,0.035809770111973005,1.0
5.72,0.035715904427291195,1.0
5.73,0.03562244809997064,1.0
5.74,0.03552939863501795,1.0
5.75,0.0354367535569573,1.0
5.76,0.03534451040964409,1.0
5.7700000000000005,0.0352526667560808,1.0
5.78,0.03516122017823484,1.0
5.79,0.03507016827685851,1.0
5.8,0.03497950867131094,1.0
5.8100000000000005,0.03488923899938197,1.0
5.82,0.034799356917118184,1.0
5.83,0.03470986009865056,1.0
5.84,0.03462074623602441,1.0
5.8500000000000005,0.034532013039030904,1.0
5.86,0.03444365823504065,1.0
5.87,0.03435567956883902,1.0
5.88,0.03426807480246333,1.0
5.89,0.03418084171504184,1.0
5.9,0.03409397810263444,1.0
5.91,0.03400748177807522,1.0
5.92,0.03392135057081665,1.0
5.93,0.033835582326775485,1.0
5.94,0.033750174908180455,1.0
5.95,0.033665126193421505,1.0
5.96,0.03358043407690071,1.0
5.97,0.033496096468884816,1.0
5.98,0.03341211129535943,1.0
5.99,0.03332847649788473,1.0
6.0,0.03324519003345273,1.0
6.01,0.03316224987434615,1.0
6.0200000000000005,0.03307965400799874,1.0
6.03,0.032997400436857234,1.0
6.04,0.032915487178244565,1.0
6.05,0.032833912264224774,1.0
6.0600000000000005,0.032752673741469236,1.0
6.07,0.03267176967112442,1.0
6.08,0.03259119812868092,1.0
6.09,0.03251095720384398,1.0
6.1000000000000005,0.03243104500040545,1.0
6.11,0.03235145963611697,1.0
6.12,0.032272199242564546,1.0
6.13,0.032193261965044545,1.0
6.140000000000001,0.032114645962440895,1.0
6.15,0.03203634940710362,1.0
6.16,0.03195837048472866,1.0
6.17,0.03188070739423894,1.0
6.18,0.031803358347666726,1.0
6.19,0.031726321570037165,1.0
6.2,0.03164959529925311,1.0
6.21,0.03157317778598106,1.0
6.22,0.03149706729353839,1.0
6.23,0.031421262097781684,1.0
6.24,0.03134576048699626,1.0
6.25,0.03127056076178687,1.0
6.26,0.031195661234969464,1.0
6.2700000000000005,0.031121060231464125,1.0
6.28,0.031046756088189142,1.0
6.29,0.030972747153956086,1.0
6.3,0.03089903178936606,1.0
6.3100000000000005,0.030825608366706947,1.0
6.32,0.030752475269851802,1.0
6.33,0.030679630894158146,1.0
6.34,0.030607073646368443,1.0
6.3500000000000005,0.03053480194451151,1.0
6.36,0.030462814217804952,1.0
6.37,0.03039110890655859,1.0
6.38,0.030319684462078885,1.0
6.390000000000001,0.030248539346574295,1.0
6.4,0.030177672033061684,1.0
6.41,0.030107081005273557,1.0
6.42,0.03003676475756633,1.0
6.43,0.02996672179482947,1.0
6.44,0.029896950632395586,1.0
6.45,0.02982744979595144,1.0
6.46,0.02975821782144976,1.0
6.47,0.029689253255022058,1.0
6.48,0.02962055465289227,1.0
6.49,0.029552120581291235,1.0
6.5,0.029483949616372067,1.0
6.51,0.029416040344126343,1.0
6.5200000000000005,0.029348391360301176,1.0
6.53,0.02928100127031704,1.0
6.54,0.02921386868918648,1.0
6.55,0.029146992241433592,1.0
6.5600000000000005,0.029080370561014264,1.0
6.57,0.029014002291237337,1.0
6.58,0.028947886084686375,1.0
6.59,0.028882020603142326,1.0
6.6000000000000005,0.028816404517506902,1.0
6.61,0.028751036507726712,1.0
6.62,0.028685915262718152,1.0
6.63,0.028621039480292997,1.0
6.640000000000001,0.02855640786708479,1.0
6.65,0.028492019138475874,1.0
6.66,0.02842787201852517,1.0
6.67,0.02836396523989669,1.0
6.68,0.028300297543788662,1.0
6.69,0.028236867679863453,1.0
6.7,0.02817367440617807,1.0
6.71,0.028110716489115374,1.0
6.72,0.02804799270331601,1.0
6.73,0.027985501831610894,1.0
6.74,0.027923242664954433,1.0
6.75,0.027861214002358338,1.0
6.76,0.027799414650826124,1.0
6.7700000000000005,0.027737843425288174,1.0
6.78,0.027676499148537485,1.0
6.79,0.027615380651165984,1.0
6.8,0.027554486771501487,1.0
6.8100000000000005,0.027493816355545212,1.0
6.82,0.02743336825691,1.0
6.83,0.027373141336758923,1.0
6.84,0.02731313446374471,1.0
6.8500000000000005,0.027253346513949544,1.0
6.86,0.027193776370825592,1.0
6.87,0.027134422925135973,1.0
6.88,0.027075285074896344,1.0
6.890000000000001,0.02701636172531705,1.0
6.9,0.026957651788745755,1.0
6.91,0.02689915418461071,1.0
6.92,0.02684086783936443,1.0
6.93,0.02678279168642803,1.0
6.94,0.026724924666135953,1.0
6.95,0.026667265725681368,1.0
6.96,0.026609813819061887,1.0
6.97,0.026552567907025967,1.0
6.98,0.026495526957019695,1.0
6.99,0.02643868994313413,1.0
7.0,0.026382055846053114,1.0
7.01,0.02632562365300153,1.0
7.0200000000000005,0.026269392357694096,1.0
7.03,0.02621336096028463,1.0
7.04,0.02615752846731572,1.0
7.05,0.026101893891668934,1.0
7.0600000000000005,0.02604645625251541,1.0
7.07,0.02599121457526704,1.0
7.08,0.025936167891527872,1.0
7.09,0.0258813152390462,1.0
7.1000000000000005,0.02582665566166695,1.0
7.11,0.025772188209284518,1.0
7.12,0.02571791193779607,1.0
7.13,0.02566382590905527,1.0
7.140000000000001,0.02560992919082637,1.0
7.15,0.025556220856738813,1.0
7.16,0.02550269998624216,1.0
7.17,0.025449365664561477,1.0
7.18,0.025396216982653066,1.0
7.19,0.02534325303716071,1.0
7.2,0.0252904729303722,1.0
7.21,0.025237875770176298,1.0
7.22,0.02518546067002008,1.0
7.23,0.025133226748866692,1.0
7.24,0.025081173131153434,1.0
7.25,0.025029298946750263,1.0
7.26,0.02497760333091865,1.0
7.27,0.024926085424270786,1.0
7.28,0.024874744372729185,1.0
7.29,0.02482357932748666,1.0
7.3,0.02477258944496658,1.0
7.31,0.024721773886783555,1.0
7.32,0.024671131819704456,1.0
7.33,0.024620662415609743,1.0
7.34,0.024570364851455168,1.0
7.35,0.024520238309233822,1.0
7.36,0.02447028197593849,1.0
7.37,0.024420495043524375,1.0
7.38,0.024370876708872093,1.0
7.390000000000001,0.024321426173751055,1.0
7.4,0.02427214264478314,1.0
7.41,0.024223025333406676,1.0
7.42,0.02417407345584076,1.0
7.43,0.024125286233049895,1.0
7.44,0.02407666289070888,1.0
7.45,0.02402820265916812,1.0
7.46,0.023979904773419082,1.0
7.47,0.02393176847306019,1.0
7.48,0.02388379300226293,1.0
7.49,0.023835977609738327,1.0
7.5,0.023788321548703615,1.0
7.51,0.02374082407684927,1.0
7.52,0.0236934844563063,1.0
7.53,0.02364630195361382,1.0
7.54,0.023599275839686937,1.0
7.55,0.023552405389784824,1.0
7.56,0.023505689883479175,1.0
7.57,0.02345912860462287,1.0
7.58,0.023412720841318912,1.0
7.59,0.02336646588588964,1.0
7.6,0.02332036303484623,1.0
7.61,0.023274411588858394,1.0
7.62,0.02322861085272439,1.0
7.63,0.0231829601353413,1.0
7.640000000000001,0.023137458749675457,1.0
7.65,0.023092106012733295,1.0
7.66,0.02304690124553227,1.0
7.67,0.02300184377307215,1.0
7.68,0.02295693292430649,1.0
7.69,0.022912168032114377,1.0
7.7,0.02286754843327238,1.0
7.71,0.022823073468426772,1.0
7.72,0.02277874248206595,1.0
7.73,0.022734554822493137,1.0
7.74,0.022690509841799263,1.0
7.75,0.022646606895836086,1.0
7.76,0.022602845344189555,1.0
7.77,0.0225592245501534,1.0
7.78,0.022515743880702904,1.0
7.79,0.02247240270646894,1.0
7.8,0.022429200401712184,1.0
7.81,0.022386136344297553,1.0
7.82,0.022343209915668915,1.0
7.83,0.022300420500823894,1.0
7.84,0.022257767488288994,1.0
7.85,0.022215250270094845,1.0
7.86,0.022172868241751718,1.0
7.87,0.02213062080222522,1.0
7.88,0.022088507353912153,1.0
7.890000000000001,0.022046527302616623,1.0
7.9,0.02200468005752634,1.0
7.91,0.021962965031189066,1.0
7.92,0.021921381639489312,1.0
7.930000000000001,0.021879929301625186,1.0
7.94,0.02183860744008548,1.0
7.95,0.02179741548062687,1.0
7.96,0.021756352852251363,1.0
7.97,0.02171541898718391,1.0
7.98,0.0216746133208502,1.0
7.99,0.021633935291854634,1.0
8.0,0.021593384341958465,1.0
8.01,0.021552959916058153,1.0
8.02,0.021512661462163844,1.0
8.03,0.02147248843137806,1.0
8.040000000000001,0.02143244027787457,1.0
8.05,0.021392516458877395,1.0
8.06,0.021352716434639995,1.0
8.07,0.02131303966842463,1.0
8.08,0.021273485626481913,1.0
8.09,0.021234053778030452,1.0
8.1,0.02119474359523674,1.0
8.11,0.021155554553195174,1.0
8.120000000000001,0.021116486129908192,1.0
8.13,0.021077537806266648,1.0
8.14,0.021038709066030264,1.0
8.15,0.020999999395808308,1.0
8.16,0.020961408285040364,1.0
8.17,0.02092293522597731,1.0
8.18,0.020884579713662407,1.0
8.19,0.020846341245912562,1.0
8.2,0.020808219323299713,1.0
8.21,0.02077021344913239,1.0
8.22,0.020732323129437426,1.0
8.23,0.020694547872941765,1.0
8.24,0.020656887191054452,1.0
8.25,0.020619340597848788,1.0
8.26,0.020581907610044553,1.0
8.27,0.020544587746990445,1.0
8.28,0.02050738053064659,1.0
8.290000000000001,0.02047028548556725,1.0
8.3,0.020433302138883638,1.0
8.31,0.020396430020286845,1.0
8.32,0.020359668662010933,1.0
8.33,0.020323017598816155,1.0
8.34,0.020286476367972303,1.0
8.35,0.020250044509242175,1.0
8.36,0.02021372156486517,1.0
8.370000000000001,0.02017750707954104,1.0
8.38,0.020141400600413743,1.0
8.39,0.02010540167705541,1.0
8.4,0.020069509861450462,1.0
8.41,0.020033724707979823,1.0
8.42,0.019998045773405308,1.0
8.43,0.019962472616854056,1.0
8.44,0.019927004799803135,1.0
8.45,0.019891641886064255,1.0
8.46,0.019856383441768582,1.0
8.47,0.0198212290353517,1.0
8.48,0.019786178237538653,1.0
8.49,0.019751230621329132,1.0
8.5,0.01971638576198273,1.0
8.51,0.019681643237004387,1.0
8.52,0.01964700262612987,1.0
8.53,0.019612463511311382,1.0
8.540000000000001,0.019578025476703325,1.0
8.55,0.019543688108648136,1.0
8.56,0.019509450995662182,1.0
8.57,0.019475313728421876,1.0
8.58,0.019441275899749796,1.0
8.59,0.019407337104600957,1.0
8.6,0.01937349694004919,1.0
8.61,0.019339755005273587,1.0
8.620000000000001,0.019306110901545083,1.0
8.63,0.019272564232213157,1.0
8.64,0.019239114602692547,1.0
8.65,0.019205761620450165,1.0
8.66,0.019172504894992063,1.0
8.67,0.019139344037850472,1.0
8.68,0.01910627866257102,1.0
8.69,0.019073308384699922,1.0
8.700000000000001,0.01904043282177141,1.0
8.71,0.019007651593295132,1.0
8.72,0.01897496432074372,1.0
8.73,0.0189423706275404,1.0
8.74,0.01890987013904677,1.0
8.75,0.018877462482550556,1.0
8.76,0.01884514728725358,1.0
8.77,0.018812924184259724,1.0
8.78,0.018780792806563033,1.0
8.790000000000001,0.01874875278903587,1.0
8.8,0.018716803768417226,1.0
8.81,0.018684945383301028,1.0
8.82,0.018653177274124577,1.0
8.83,0.018621499083157106,1.0
8.84,0.01858991045448833,1.0
8.85,0.018558411034017192,1.0
8.86,0.01852700046944059,1.0
8.870000000000001,0.01849567841024226,1.0
8.88,0.018464444507681702,1.0
8.89,0.0184332984147832,1.0
8.9,0.018402239786324916,1.0
8.91,0.01837126827882805,1.0
8.92,0.018340383550546135,1.0
8.93,0.01830958526145434,1.0
8.94,0.018278873073238885,1.0
8.950000000000001,0.018248246649286533,1.0
8.96,0.018217705654674173,1.0
8.97,0.01818724975615842,1.0
8.98,0.01815687862216536,1.0
8.99,0.018126591922780325,1.0
9.0,0.018096389329737776,1.0
9.01,0.018066270516411208,1.0
9.02,0.01803623515780319,1.0
9.03,0.018006282930535418,1.0
9.04,0.01797641351283889,1.0
9.05,0.017946626584544108,1.0
9.06,0.01791692182707139,1.0
9.07,0.017887298923421224,1.0
9.08,0.017857757558164686,1.0
9.09,0.017828297417433966,1.0
9.1,0.017798918188912907,1.0
9.11,0.01776961956182766,1.0
9.12,0.01774040122693738,1.0
9.13,0.017711262876524997,1.0
9.14,0.01768220420438803,1.0
9.15,0.017653224905829518,1.0
9.16,0.017624324677648958,1.0
9.17,0.017595503218133326,1.0
9.18,0.0175667602270482,1.0
9.19,0.017538095405628885,1.0
9.2,0.01750950845657163,1.0
9.21,0.01748099908402493,1.0
9.22,0.017452566993580835,1.0
9.23,0.017424211892266374,1.0
9.24,0.017395933488535006,1.0
9.25,0.017367731492258124,1.0
9.26,0.01733960561471667,1.0
9.27,0.01731155556859276,1.0
9.28,0.017283581067961355,1.0
9.29,0.01725568182828207,1.0
9.3,0.017227857566390926,1.0
9.31,0.01720010800049229,1.0
9.32,0.017172432850150736,1.0
9.33,0.01714483183628307,1.0
9.34,0.017117304681150348,1.0
9.35,0.01708985110834999,1.0
9.36,0.01706247084280791,1.0
9.37,0.017035163610770745,1.0
9.38,0.017007929139798074,1.0
9.39,0.01698076715875478,1.0
9.4,0.016953677397803367,1.0
9.41,0.016926659588396405,1.0
9.42,0.016899713463269,1.0
9.43,0.016872838756431294,1.0
9.44,0.016846035203161063,1.0
9.45,0.016819302539996334,1.0
9.46,0.016792640504728052,1.0
9.47,0.01676604883639281,1.0
9.48,0.01673952727526563,1.0
9.49,0.016713075562852772,1.0
9.5,0.01668669344188463,1.0
9.51,0.016660380656308628,1.0
9.52,0.01663413695128222,1.0
9.53,0.016607962073165877,1.0
9.54,0.01658185576951618,1.0
9.55,0.016555817789078917,1.0
9.56,0.016529847881782255,1.0
9.57,0.01650394579872994,1.0
9.58,0.016478111292194533,1.0
9.59,0.016452344115610747,1.0
9.6,0.016426644023568752,1.0
9.61,0.016401010771807594,1.0
9.62,0.0163754441172086,1.0
9.63,0.016349943817788884,1.0
9.64,0.01632450963269485,1.0
9.65,0.01629914132219576,1.0
9.66,0.016273838647677348,1.0
9.67,0.01624860137163546,1.0
9.68,0.016223429257669775,1.0
9.69,0.016198322070477503,1.0
9.7,0.016173279575847195,1.0
9.71,0.01614830154065254,1.0
9.72,0.01612338773284626,1.0
9.73,0.016098537921453965,1.0
9.74,0.016073751876568138,1.0
9.75,0.016049029369342088,1.0
9.76,0.016024370171984,1.0
9.77,0.015999774057750975,1.0
9.78,0.015975240800943154,1.0
9.79,0.015950770176897833,1.0
9.8,0.01592636196198366,1.0
9.81,0.015902015933594877,1.0
9.82,0.015877731870145528,1.0
9.83,0.01585350955106379,1.0
9.84,0.015829348756786297,1.0
9.85,0.015805249268752507,1.0
9.86,0.01578121086939911,1.0
9.87,0.01575723334215448,1.0
9.88,0.015733316471433147,1.0
9.89,0.01570946004263032,1.0
9.9,0.015685663842116445,1.0
9.91,0.01566192765723176,1.0
9.92,0.01563825127628098,1.0
9.93,0.015614634488527897,1.0
9.94,0.015591077084190113,1.0
9.95,0.015567578854433757,1.0
9.96,0.015544139591368232,1.0
9.97,0.015520759088041052,1.0
9.98,0.015497437138432638,1.0
9.99,0.015474173537451187,1.0
10.0,0.015450968080927583,1.0
10.01,0.015427820565610336,1.0
10.02,0.015404730789160511,1.0
10.03,0.015381698550146776,1.0
10.04,0.01535872364804038,1.0
10.05,0.015335805883210245,1.0
10.06,0.015312945056918067,1.0
10.07,0.01529014097131341,1.0
10.08,0.015267393429428884,1.0
10.09,0.015244702235175335,1.0
10.1,0.015222067193337041,1.0
10.11,0.015199488109566997,1.0
10.12,0.015176964790382165,1.0
10.13,0.015154497043158795,1.0
10.14,0.015132084676127772,1.0
10.15,0.015109727498369977,1.0
10.16,0.015087425319811682,1.0
10.17,0.015065177951219985,1.0
10.18,0.015042985204198287,1.0
10.19,0.015020846891181747,1.0
10.2,0.014998762825432815,1.0
10.21,0.014976732821036771,1.0
10.22,0.014954756692897317,1.0
10.23,0.014932834256732148,1.0
10.24,0.014910965329068602,1.0
10.25,0.014889149727239303,1.0
10.26,0.01486738726937786,1.0
10.27,0.01484567777441457,1.0
10.28,0.01482402106207215,1.0
10.29,0.014802416952861523,1.0
10.3,0.014780865268077582,1.0
10.31,0.014759365829795035,1.0
10.32,0.014737918460864235,1.0
10.33,0.014716522984907058,1.0
10.34,0.014695179226312796,1.0
10.35,0.014673887010234072,1.0
10.36,0.014652646162582815,1.0
10.37,0.014631456510026201,1.0
10.38,0.014610317879982678,1.0
10.39,0.01458923010061798,1.0
10.4,0.01456819300084116,1.0
10.41,0.014547206410300705,1.0
10.42,0.014526270159380591,1.0
10.43,0.014505384079196425,1.0
10.44,0.014484548001591595,1.0
10.45,0.014463761759133423,1.0
10.46,0.014443025185109388,1.0
10.47,0.014422338113523316,1.0
10.48,0.01440170037909164,1.0
10.49,0.014381111817239653,1.0
10.5,0.014360572264097794,1.0
10.51,0.014340081556497984,1.0
10.52,0.014319639531969915,1.0
10.53,0.014299246028737445,1.0
10.54,0.014278900885714972,1.0
10.55,0.014258603942503806,1.0
10.56,0.014238355039388629,1.0
10.57,0.014218154017333921,1.0
10.58,0.014198000717980417,1.0
10.59,0.014177894983641621,1.0
10.6,0.014157836657300294,1.0
10.61,0.014137825582605,1.0
10.62,0.014117861603866652,1.0
10.63,0.01409794456605508,1.0
10.64,0.01407807431479565,1.0
10.65,0.014058250696365845,1.0
10.66,0.01403847355769192,1.0
10.67,0.01401874274634556,1.0
10.68,0.013999058110540561,1.0
10.69,0.01397941949912951,1.0
10.7,0.013959826761600512,1.0
10.71,0.013940279748073929,1.0
10.72,0.013920778309299144,1.0
10.73,0.013901322296651317,1.0
10.74,0.013881911562128195,1.0
10.75,0.013862545958346928,1.0
10.76,0.013843225338540903,1.0
10.77,0.013823949556556584,1.0
10.78,0.013804718466850411,1.0
10.79,0.013785531924485672,1.0
10.8,0.013766389785129405,1.0
10.81,0.013747291905049365,1.0
10.82,0.013728238141110925,1.0
10.83,0.013709228350774075,1.0
10.84,0.013690262392090383,1.0
10.85,0.01367134012370002,1.0
10.86,0.013652461404828755,1.0
10.87,0.013633626095285012,1.0
10.88,0.013614834055456918,1.0
10.89,0.01359608514630937,1.0
10.9,0.013577379229381143,1.0
10.91,0.01355871616678198,1.0
10.92,0.013540095821189715,1.0
10.93,0.013521518055847434,1.0
10.94,0.013502982734560617,1.0
10.95,0.013484489721694326,1.0
10.96,0.013466038882170376,1.0
10.97,0.01344763008146458,1.0
10.98,0.013429263185603946,1.0
10.99,0.013410938061163915,1.0
11.0,0.013392654575265648,1.0
11.01,0.01337441259557328,1.0
11.02,0.013356211990291205,1.0
11.03,0.01333805262816141,1.0
11.04,0.01331993437846076,1.0
11.05,0.013301857110998372,1.0
11.06,0.013283820696112949,1.0
11.07,0.013265825004670145,1.0
11.08,0.013247869908059972,1.0
11.09,0.013229955278194172,1.0
11.1,0.01321208098750366,1.0
11.11,0.013194246908935928,1.0
11.12,0.013176452915952515,1.0
11.13,0.01315869888252645,1.0
11.14,0.013140984683139735,1.0
11.15,0.013123310192780836,1.0
11.16,0.013105675286942177,1.0
11.17,0.013088079841617674,1.0
11.18,0.013070523733300256,1.0
11.19,0.013053006838979427,1.0
11.2,0.01303552903613881,1.0
11.21,0.01301809020275373,1.0
11.22,0.013000690217288821,1.0
11.23,0.012983328958695606,1.0
11.24,0.012966006306410125,1.0
11.25,0.012948722140350567,1.0
11.26,0.012931476340914917,1.0
11.27,0.01291426878897861,1.0
11.28,0.012897099365892208,1.0
11.29,0.01287996795347909,1.0
11.3,0.01286287443403313,1.0
11.31,0.01284581869031645,1.0
11.32,0.012828800605557097,1.0
11.33,0.012811820063446815,1.0
11.34,0.01279487694813879,1.0
11.35,0.012777971144245406,1.0
11.36,0.012761102536836032,1.0
11.37,0.012744271011434802,1.0
11.38,0.012727476454018425,1.0
11.39,0.012710718751014002,1.0
11.4,0.012693997789296849,1.0
11.41,0.012677313456188333,1.0
11.42,0.012660665639453733,1.0
11.43,0.012644054227300095,1.0
11.44,0.012627479108374121,1.0
11.45,0.012610940171760045,1.0
11.46,0.012594437306977539,1.0
11.47,0.012577970403979635,1.0
11.48,0.012561539353150632,1.0
11.49,0.012545144045304034,1.0
11.5,0.01252878437168051,1.0
11.51,0.01251246022394585,1.0
11.52,0.01249617149418893,1.0
11.53,0.012479918074919692,1.0
11.54,0.012463699859067156,1.0
11.55,0.012447516739977385,1.0
11.56,0.012431368611411558,1.0
11.57,0.012415255367543952,1.0
11.58,0.012399176902959995,1.0
11.59,0.012383133112654314,1.0
11.6,0.0123671238920288,1.0
11.61,0.012351149136890678,1.0
11.62,0.012335208743450577,1.0
11.63,0.012319302608320643,1.0
11.64,0.012303430628512628,1.0
11.65,0.012287592701436003,1.0
11.66,0.012271788724896093,1.0
11.67,0.012256018597092196,1.0
11.68,0.012240282216615751,1.0
11.69,0.012224579482448471,1.0
11.7,0.012208910293960516,1.0
11.71,0.012193274550908677,1.0
11.72,0.012177672153434555,1.0
11.73,0.012162103002062757,1.0
11.74,0.012146566997699096,1.0
11.75,0.012131064041628824,1.0
11.76,0.01211559403551484,1.0
11.77,0.012100156881395943,1.0
11.78,0.012084752481685052,1.0
11.79,0.012069380739167496,1.0
11.8,0.012054041556999236,1.0
11.81,0.012038734838705191,1.0
11.82,0.01202346048817747,1.0
11.83,0.012008218409673697,1.0
11.84,0.01199300850781531,1.0
11.85,0.011977830687585851,1.0
11.86,0.011962684854329326,1.0
11.87,0.011947570913748493,1.0
11.88,0.011932488771903234,1.0
11.89,0.011917438335208886,1.0
11.9,0.011902419510434607,1.0
11.91,0.01188743220470173,1.0
11.92,0.011872476325482157,1.0
11.93,0.011857551780596724,1.0
11.94,0.011842658478213612,1.0
11.95,0.011827796326846734,1.0
11.96,0.011812965235354146,1.0
11.97,0.01179816511293649,1.0
11.98,0.011783395869135384,1.0
11.99,0.011768657413831882,1.0
12.0,0.011753949657244923,1.0
12.01,0.01173927250992976,1.0
12.02,0.011724625882776445,1.0
12.03,0.011710009687008287,1.0
12.04,0.011695423834180336,1.0
12.05,0.011680868236177857,1.0
12.06,0.011666342805214848,1.0
12.07,0.011651847453832513,1.0
12.08,0.011637382094897793,1.0
12.09,0.011622946641601883,1.0
12.1,0.01160854100745874,1.0
12.11,0.01159416510630365,1.0
12.12,0.011579818852291736,1.0
12.13,0.01156550215989653,1.0
12.14,0.011551214943908528,1.0
12.15,0.011536957119433745,1.0
12.16,0.011522728601892298,1.0
12.17,0.01150852930701698,1.0
12.18,0.011494359150851861,1.0
12.19,0.011480218049750865,1.0
12.2,0.01146610592037639,1.0
12.21,0.011452022679697908,1.0
12.22,0.011437968244990592,1.0
12.23,0.011423942533833933,1.0
12.24,0.011409945464110376,1.0
12.25,0.011395976954003963,1.0
12.26,0.011382036921998977,1.0
12.27,0.011368125286878602,1.0
12.28,0.01135424196772357,1.0
12.29,0.011340386883910848,1.0
12.3,0.011326559955112302,1.0
12.31,0.011312761101293384,1.0
12.32,0.011298990242711823,1.0
12.33,0.011285247299916314,1.0
12.34,0.01127153219374523,1.0
12.35,0.011257844845325328,1.0
12.36,0.011244185176070468,1.0
12.37,0.01123055310768033,1.0
12.38,0.011216948562139156,1.0
12.39,0.011203371461714481,1.0
12.4,0.011189821728955874,1.0
12.41,0.011176299286693694,1.0
12.42,0.011162804058037839,1.0
12.43,0.011149335966376513,1.0
12.44,0.011135894935375005,1.0
12.45,0.011122480888974457,1.0
12.46,0.011109093751390636,1.0
12.47,0.011095733447112744,1.0
12.48,0.011082399900902196,1.0
12.49,0.01106909303779144,1.0
12.5,0.011055812783082736,1.0
12.51,0.011042559062347001,1.0
12.52,0.011029331801422609,1.0
12.53,0.011016130926414226,1.0
12.54,0.011002956363691635,1.0
12.55,0.01098980803988859,1.0
12.56,0.010976685881901635,1.0
12.57,0.010963589816888983,1.0
12.58,0.010950519772269345,1.0
12.59,0.010937475675720815,1.0
12.6,0.010924457455179722,1.0
12.61,0.010911465038839514,1.0
12.62,0.010898498355149633,1.0
12.63,0.010885557332814396,1.0
12.64,0.010872641900791905,1.0
12.65,0.010859751988292917,1.0
12.66,0.010846887524779764,1.0
12.67,0.010834048439965256,1.0
12.68,0.010821234663811598,1.0
12.69,0.010808446126529307,1.0
12.7,0.010795682758576137,1.0
12.71,0.010782944490656001,1.0
12.72,0.010770231253717927,1.0
12.73,0.010757542978954985,1.0
12.74,0.010744879597803231,1.0
12.75,0.010732241041940664,1.0
12.76,0.01071962724328619,1.0
12.77,0.010707038133998566,1.0
12.78,0.010694473646475394,1.0
12.79,0.010681933713352068,1.0
12.8,0.010669418267500771,1.0
12.81,0.010656927242029456,1.0
12.82,0.010644460570280815,1.0
12.83,0.01063201818583131,1.0
12.84,0.01061960002249013,1.0
12.85,0.010607206014298227,1.0
12.86,0.010594836095527313,1.0
12.87,0.010582490200678875,1.0
12.88,0.01057016826448318,1.0
12.89,0.010557870221898337,1.0
12.9,0.010545596008109283,1.0
12.91,0.010533345558526839,1.0
12.92,0.010521118808786745,1.0
12.93,0.010508915694748709,1.0
12.94,0.010496736152495441,1.0
12.95,0.010484580118331716,1.0
12.96,0.010472447528783435,1.0
12.97,0.010460338320596679,1.0
12.98,0.010448252430736786,1.0
12.99,0.010436189796387406,1.0
13.0,0.010424150354949598,1.0
13.01,0.010412134044040894,1.0
13.02,0.010400140801494403,1.0
13.03,0.010388170565357872,1.0
13.04,0.010376223273892825,1.0
13.05,0.010364298865573609,1.0
13.06,0.010352397279086547,1.0
13.07,0.010340518453329013,1.0
13.08,0.010328662327408561,1.0
13.09,0.010316828840642032,1.0
13.1,0.01030501793255469,1.0
13.11,0.010293229542879328,1.0
13.12,0.010281463611555417,1.0
13.13,0.010269720078728225,1.0
13.14,0.010257998884747974,1.0
13.15,0.01024629997016896,1.0
13.16,0.010234623275748716,1.0
13.17,0.010222968742447162,1.0
13.18,0.01021133631142576,1.0
13.19,0.010199725924046664,1.0
13.2,0.010188137521871898,1.0
13.21,0.010176571046662516,1.0
13.22,0.010165026440377777,1.0
13.23,0.010153503645174321,1.0
13.24,0.010142002603405344,1.0
13.25,0.010130523257619792,1.0
13.26,0.01011906555056154,1.0
13.27,0.010107629425168591,1.0
13.28,0.010096214824572267,1.0
13.29,0.010084821692096412,1.0
13.3,0.010073449971256592,1.0
13.31,0.010062099605759316,1.0
13.32,0.010050770539501229,1.0
13.33,0.010039462716568337,1.0
13.34,0.010028176081235234,1.0
13.35,0.010016910577964309,1.0
13.36,0.010005666151404982,1.0
13.37,0.009994442746392936,1.0
13.38,0.009983240307949351,1.0
13.39,0.009972058781280142,1.0
13.4,0.009960898111775194,1.0
13.41,0.009949758245007618,1.0
13.42,0.009938639126732991,1.0
13.43,0.009927540702888616,1.0
13.44,0.009916462919592778,1.0
13.45,0.009905405723144,1.0
13.46,0.009894369060020303,1.0
13.47,0.00988335287687849,1.0
13.48,0.009872357120553399,1.0
13.49,0.00986138173805718,1.0
13.5,0.009850426676578585,1.0
13.51,0.009839491883482234,1.0
13.52,0.009828577306307904,1.0
13.53,0.009817682892769833,1.0
13.54,0.009806808590755983,1.0
13.55,0.009795954348327352,1.0
13.56,0.009785120113717282,1.0
13.57,0.009774305835330737,1.0
13.58,0.009763511461743623,1.0
13.59,0.009752736941702093,1.0
13.6,0.00974198222412186,1.0
13.61,0.00973124725808751,1.0
13.62,0.009720531992851817,1.0
13.63,0.009709836377835077,1.0
13.64,0.009699160362624418,1.0
13.65,0.009688503896973132,1.0
13.66,0.009677866930800017,1.0
13.67,0.009667249414188688,1.0
13.68,0.009656651297386938,1.0
13.69,0.009646072530806071,1.0
13.7,0.009635513065020241,1.0
13.71,0.009624972850765794,1.0
13.72,0.009614451838940637,1.0
13.73,0.009603949980603581,1.0
13.74,0.009593467226973679,1.0
13.75,0.009583003529429621,1.0
13.76,0.009572558839509063,1.0
13.77,0.009562133108908013,1.0
13.78,0.00955172628948019,1.0
13.79,0.009541338333236397,1.0
13.8,0.009530969192343893,1.0
13.81,0.00952061881912578,1.0
13.82,0.009510287166060363,1.0
13.83,0.009499974185780559,1.0
13.84,0.009489679831073253,1.0
13.85,0.009479404054878715,1.0
13.86,0.009469146810289973,1.0
13.87,0.009458908050552217,1.0
13.88,0.009448687729062183,1.0
13.89,0.009438485799367576,1.0
13.9,0.009428302215166447,1.0
13.91,0.009418136930306619,1.0
13.92,0.009407989898785081,1.0
13.93,0.00939786107474741,1.0
13.94,0.009387750412487175,1.0
13.95,0.009377657866445366,1.0
13.96,0.009367583391209798,1.0
13.97,0.009357526941514543,1.0
13.98,0.00934748847223936,1.0
13.99,0.009337467938409106,1.0
14.0,0.009327465295193177,1.0
14.01,0.009317480497904942,1.0
14.02,0.009307513502001175,1.0
14.03,0.009297564263081488,1.0
14.04,0.009287632736887784,1.0
14.05,0.009277718879303681,1.0
14.06,0.009267822646353986,1.0
14.07,0.009257943994204113,1.0
14.08,0.009248082879159552,1.0
14.09,0.009238239257665322,1.0
14.1,0.009228413086305412,1.0
14.11,0.009218604321802262,1.0
14.12,0.009208812921016203,1.0
14.13,0.009199038840944931,1.0
14.14,0.009189282038722978,1.0
14.15,0.009179542471621163,1.0
14.16,0.009169820097046078,1.0
14.17,0.009160114872539558,1.0
14.18,0.009150426755778153,1.0
14.19,0.0091407557045726,1.0
14.2,0.009131101676867323,1.0
14.21,0.009121464630739892,1.0
14.22,0.009111844524400533,1.0
14.23,0.00910224131619159,1.0
14.24,0.009092654964587034,1.0
14.25,0.00908308542819194,1.0
14.26,0.009073532665741997,1.0
14.27,0.009063996636102993,1.0
14.28,0.00905447729827032,1.0
14.29,0.009044974611368472,1.0
14.3,0.009035488534650549,1.0
14.31,0.009026019027497764,1.0
14.32,0.009016566049418953,1.0
14.33,0.00900712956005008,1.0
14.34,0.008997709519153753,1.0
14.35,0.008988305886618735,1.0
14.36,0.008978918622459472,1.0
14.37,0.008969547686815594,1.0
14.38,0.008960193039951452,1.0
14.39,0.008950854642255635,1.0
14.4,0.0089415324542405,1.0
14.41,0.008932226436541686,1.0
14.42,0.00892293654991766,1.0
14.43,0.008913662755249244,1.0
14.44,0.008904405013539144,1.0
14.45,0.008895163285911493,1.0
14.46,0.008885937533611383,1.0
14.47,0.00887672771800441,1.0
14.48,0.008867533800576215,1.0
14.49,0.008858355742932027,1.0
14.5,0.008849193506796213,1.0
14.51,0.008840047054011821,1.0
14.52,0.008830916346540136,1.0
14.53,0.008821801346460231,1.0
14.54,0.008812702015968517,1.0
14.55,0.008803618317378303,1.0
14.56,0.008794550213119359,1.0
14.57,0.008785497665737474,1.0
14.58,0.008776460637894007,1.0
14.59,0.008767439092365471,1.0
14.6,0.00875843299204308,1.0
14.61,0.008749442299932336,1.0
14.62,0.008740466979152582,1.0
14.63,0.008731506992936587,1.0
14.64,0.008722562304630114,1.0
14.65,0.008713632877691493,1.0
14.66,0.008704718675691206,1.0
14.67,0.00869581966231146,1.0
14.68,0.008686935801345774,1.0
14.69,0.008678067056698558,1.0
14.7,0.008669213392384701,1.0
14.71,0.008660374772529154,1.0
14.72,0.00865155116136653,1.0
14.73,0.008642742523240675,1.0
14.74,0.00863394882260428,1.0
14.75,0.008625170024018466,1.0
14.76,0.008616406092152376,1.0
14.77,0.008607656991782781,1.0
14.78,0.00859892268779368,1.0
14.79,0.008590203145175895,1.0
14.8,0.00858149832902667,1.0
14.81,0.008572808204549295,1.0
14.82,0.008564132737052695,1.0
14.83,0.008555471891951038,1.0
14.84,0.00854682563476336,1.0
14.85,0.008538193931113157,1.0
14.86,0.008529576746728017,1.0
14.87,0.008520974047439227,1.0
14.88,0.008512385799181376,1.0
14.89,0.00850381196799201,1.0
14.9,0.008495252520011206,1.0
14.91,0.00848670742148123,1.0
14.92,0.008478176638746147,1.0
14.93,0.008469660138251438,1.0
14.94,0.008461157886543643,1.0
14.95,0.008452669850269977,1.0
14.96,0.008444195996177965,1.0
14.97,0.008435736291115074,1.0
14.98,0.008427290702028344,1.0
14.99,0.008418859195964022,1.0
0.0,inf,1.0
0.01,488.60251190291996,1.0
0.02,172.74707473566775,1.0
0.03,94.03159725795938,1.0
0.04,61.075313987864995,1.0
0.05,43.70193722368316,1.0
0.06,33.24519003345273,1.0
0.07,26.382055846053113,1.0
0.08,21.59338434195847,1.0
0.09,18.096389329737775,1.0
0.1,15.450968080927582,1.0
0.11,13.392654575265649,1.0
0.12,11.753949657244922,1.0
0.13,10.424150354949598,1.0
0.14,9.327465295193177,1.0
0.15,8.410441740067201,1.0
0.16,7.634414248483124,1.0
0.17,6.970795036393942,1.0
0.18,6.398039805024732,1.0
0.19,5.899637044168856,1.0
0.2,5.462742152960395,1.0
0.21,5.077229014831502,1.0
0.22,4.735018434129691,1.0
0.23,4.429594194619663,1.0
0.24,4.155648754181591,1.0
0.25,3.908820095223359,1.0
0.26,3.685493702046508,1.0
0.27,3.482651750294792,1.0
0.28,3.297756980756639,1.0
0.29,3.1286623683437838,1.0
0.3,2.973540193587952,1.0
0.31,2.83082586197951,1.0
0.32,2.6991730427448086,1.0
0.33,2.577417574731099,1.0
0.34,2.464548220247841,1.0
0.35,2.35968281031882,1.0
0.36,2.262048666217222,1.0
0.37,2.1709664365322654,1.0
0.38,2.085836680235579,1.0
0.39,2.006128671167761,1.0
0.4,1.9313710101159478,1.0
0.41,1.861143715904913,1.0
0.42,1.7950715330122247,1.0
0.43,1.732818244793366,1.0
0.44,1.674081821908206,1.0
0.45,1.6185902675438208,1.0
0.46,1.5660980464600633,1.0
0.47,1.5163830052036031,1.0
0.48,1.4692437071556153,1.0
0.49,1.4244971192504956,1.0
0.5,1.3819765978853418,1.0
0.51,1.3415301302425833,1.0
0.52,1.3030187943686997,1.0
0.53,1.2663154072024738,1.0
0.54,1.231303334572323,1.0
0.55,1.1978754411787025,1.0
0.56,1.165933161899147,1.0
0.5700000000000001,1.135385678523992,1.0
0.58,1.1061491883495267,1.0
0.59,1.078146253002308,1.0
0.6,1.0513052175084001,1.0
0.61,1.025559691006976,1.0
0.62,1.0008480816819827,1.0
0.63,0.9771131794834486,1.0
0.64,0.9543017810603905,1.0
0.65,0.9323643520538343,1.0
0.66,0.9112547225208723,1.0
0.67,0.8909298117951452,1.0
0.68,0.8713493795492427,1.0
0.6900000000000001,0.8524758002214886,1.0
0.7000000000000001,0.8342738583128836,1.0
0.71,0.816710562357506,1.0
0.72,0.7997549756280915,1.0
0.73,0.7833780618634081,1.0
0.74,0.7675525445001798,1.0
0.75,0.7522527780636751,1.0
0.76,0.737454630521107,1.0
0.77,0.7231353755335567,1.0
0.78,0.7092735936577406,1.0
0.79,0.6958490816506819,1.0
0.8,0.6828427691200494,1.0
0.81,0.6702366418421398,1.0
0.8200000000000001,0.6580136711395466,1.0
0.8300000000000001,0.646157748772625,1.0
0.84,0.6346536268539378,1.0
0.85,0.623486862343799,1.0
0.86,0.61264376572858,1.0
0.87,0.6021113535222452,1.0
0.88,0.5918773042662113,1.0
0.89,0.5819299177335702,1.0
0.9,0.572258077071392,1.0
0.91,0.562851213639639,1.0
0.92,0.5536992743274579,1.0
0.93,0.5447926911476081,1.0
0.94,0.5361223529277518,1.0
0.95,0.5276795789334997,1.0
0.96,0.5194560942726989,1.0
0.97,0.5114440069435909,1.0
0.98,0.5036357864013636,1.0
0.99,0.49602424352835744,1.0
1.0,0.48860251190291987,1.0
1.01,0.4813640302707171,1.0
1.02,0.4743025261303013,1.0
1.03,0.4674120003520044,1.0
1.04,0.4606867127558135,1.0
1.05,0.45412116857990104,1.0
1.06,0.4477101057769368,1.0
1.07,0.4414484830802998,1.0
1.08,0.435331468786849,1.0
1.09,0.42935443020706165,1.0
1.1,0.4235129237371439,1.0
1.11,0.41780268551118194,1.0
1.12,0.4122196225945799,1.0
1.13,0.40675980468293965,1.0
1.14,0.40141945627320236,1.0
1.15,0.39619494927632004,1.0
1.16,0.39108279604297297,1.0
1.17,0.38607964277591106,1.0
1.18,0.38118226330439964,1.0
1.19,0.3763875531979962,1.0
1.2,0.371692524198494,1.0
1.21,0.36709429895035306,1.0
1.22,0.3625901060113066,1.0
1.23,0.35817727512609393,1.0
1.24,0.35385323274743874,1.0
1.25,0.3496154977894653,1.0
1.26,0.3454616775997474,1.0
1.27,0.34138946413710247,1.0
1.28,0.3373966303431011,1.0
1.29,0.33348102669604823,1.0
1.3,0.32964057793693397,1.0
1.31,0.3258732799575223,1.0
1.32,0.32217719684138735,1.0
1.33,0.31855045804928517,1.0
1.34,0.31499125574080084,1.0
1.35,0.3114978422247111,1.0
1.36,0.30806852753098013,1.0
1.37,0.3047016770977405,1.0
1.38,0.3013957095670216,1.0
1.39,0.29814909468336903,1.0
1.4,0.2949603512898525,1.0
1.41,0.29182804541629126,1.0
1.42,0.2887507884548356,1.0
1.43,0.28572723541832956,1.0
1.44,0.28275608327715274,1.0
1.45,0.2798360693704875,1.0
1.46,0.2769659698881953,1.0
1.47,0.2741445984197066,1.0
1.48,0.2713708045665332,1.0
1.49,0.26864347261520566,1.0
1.5,0.2659615202676218,1.0
1.51,0.2633238974259565,1.0
1.52,0.2607295850294474,1.0
1.53,0.25817759394051637,1.0
1.54,0.2556669638778293,1.0
1.55,0.2531967623940249,1.0
1.56,0.2507660838959701,1.0
1.57,0.24837404870551313,1.0
1.58,0.24601980215881442,1.0
1.59,0.24370251374243962,1.0
1.6,0.24142137626449348,1.0
1.61,0.2391756050591647,1.0
1.62,0.23696443722313815,1.0
1.63,0.23478713088240946,1.0
1.64,0.2326429644881141,1.0
1.65,0.23053123614005527,1.0
1.66,0.22845126293667836,1.0
1.67,0.2264023803503093,1.0
1.68,0.22438394162652808,1.0
1.69,0.222395317206609,1.0
1.7,0.2204358941720119,1.0
1.71,0.21850507570995767,1.0
1.72,0.21660228059917075,1.0
1.73,0.21472694271491544,1.0
1.74,0.2128785105524951,1.0
1.75,0.21105644676842492,1.0
1.76,0.20926022773852576,1.0
1.77,0.20748934313222298,1.0
1.78,0.20574329550236856,1.0
1.79,0.20402159988993734,1.0
1.8,0.2023237834429776,1.0
1.81,0.20064938504922747,1.0
1.82,0.19899795498183348,1.0
1.83,0.19736905455763565,1.0
1.84,0.19576225580750792,1.0
1.85,0.19417714115826512,1.0
1.86,0.19261330312567104,1.0
1.87,0.19107034401810344,1.0
1.88,0.1895478756504504,1.0
1.89,0.1880455190678334,1.0
1.9,0.18656290427876984,1.0
1.91,0.18509966999740368,1.0
1.92,0.1836554633944519,1.0
1.93,0.1822299398565276,1.0
1.94,0.18082276275351644,1.0
1.95,0.17943360321369747,1.0
1.96,0.17806213990631195,1.0
1.97,0.17670805883129723,1.0
1.98,0.1753710531159145,1.0
1.99,0.1740508228180109,1.0
2.0,0.17274707473566772,1.0
2.01,0.17145952222299662,1.0
2.02,0.1701878850118553,1.0
2.03,0.1689318890392656,1.0
2.04,0.1676912662803229,1.0
2.05,0.1664657545863977,1.0
2.06,0.16525509752843562,1.0
2.07,0.16405904424517273,1.0
2.08,0.16287734929608746,1.0
2.09,0.16170977251892135,1.0
2.1,0.1605560788916037,1.0
2.11,0.15941603839842508,1.0
2.12,0.15828942590030923,1.0
2.13,0.15717602100903896,1.0
2.14,0.15607560796529746,1.0
2.15,0.15498797552039353,1.0
2.16,0.15391291682154037,1.0
2.17,0.15285022930056816,1.0
2.18,0.15179971456594976,1.0
2.19,0.15076117829802865,1.0
2.2,0.1497344301473378,1.0
2.21,0.14871928363590664,1.0
2.22,0.14771555606145362,1.0
2.23,0.14672306840436908,1.0
2.24,0.14574164523739339,1.0
2.25,0.1447711146379022,1.0
2.26,0.14381130810271112,1.0
2.27,0.1428620604653175,1.0
2.28,0.14192320981549905,1.0
2.29,0.14099459742119166,1.0
2.3000000000000003,0.14007606765257302,1.0
2.31,0.13916746790828005,1.0
2.32,0.13826864854369084,1.0
2.33,0.1373794628012059,1.0
2.34,0.13649976674246328,1.0
2.35,0.13562941918242694,1.0
2.36,0.1347682816252885,1.0
2.37,0.13391621820212504,1.0
2.38,0.13307309561025776,1.0
2.39,0.13223878305425804,1.0
2.4,0.13141315218855001,1.0
2.41,0.1305960770615588,1.0
2.42,0.1297874340613582,1.0
2.43,0.12898710186277007,1.0
2.44,0.128194961375872,1.0
2.45,0.12741089569586928,1.0
2.46,0.12663479005429037,1.0
2.47,0.12586653177146517,1.0
2.48,0.12510601021024784,1.0
2.49,0.12435311673094586,1.0
2.5,0.12360774464742066,1.0
2.51,0.12286978918432304,1.0
2.52,0.12213914743543107,1.0
2.53,0.12141571832305732,1.0
2.54,0.12069940255849346,1.0
2.5500000000000003,0.11999010260346248,1.0
2.56,0.11928772263254882,1.0
2.57,0.1185921684965772,1.0
2.58,0.11790334768691388,1.0
2.59,0.11722116930066252,1.0
2.6,0.11654554400672928,1.0
2.61,0.11587638401273276,1.0
2.62,0.11521360303273312,1.0
2.63,0.11455711625575932,1.0
2.64,0.11390684031510903,1.0
2.65,0.11326269325840235,1.0
2.66,0.1126245945183652,1.0
2.67,0.11199246488432449,1.0
2.68,0.11136622647439315,1.0
2.69,0.11074580270832722,1.0
2.7,0.11013111828103524,1.0
2.71,0.10952209913672306,1.0
2.72,0.10891867244365534,1.0
2.73,0.10832076656951772,1.0
2.74,0.10772831105736301,1.0
2.75,0.10714123660212518,1.0
2.76,0.10655947502768608,1.0
2.77,0.10598295926447977,1.0
2.78,0.10541162332762012,1.0
2.79,0.10484540229553742,1.0
2.8000000000000003,0.10428423228911045,1.0
2.81,0.103728050451281,1.0
2.82,0.10317679492713766,1.0
2.83,0.10263040484445678,1.0
2.84,0.10208882029468826,1.0
2.85,0.10155198231437479,1.0
2.86,0.10101983286699297,1.0
2.87,0.10049231482520506,1.0
2.88,0.09996937195351144,1.0
2.89,0.09945094889129247,1.0
2.9,0.0989369911362304,1.0
2.91,0.09842744502810102,1.0
2.92,0.09792225773292601,1.0
2.93,0.09742137722747644,1.0
2.94,0.09692475228411872,1.0
2.95,0.09643233245599389,1.0
2.96,0.09594406806252248,1.0
2.97,0.09545991017522587,1.0
2.98,0.09497981060385725,1.0
2.99,0.09450372188283317,1.0
3.0,0.09403159725795938,1.0
3.01,0.09356339067344269,1.0
3.02,0.09309905675918234,1.0
3.03,0.09263855081833389,1.0
3.04,0.09218182881513838,1.0
3.0500000000000003,0.09172884736301111,1.0
3.06,0.09127956371288301,1.0
3.0700000000000003,0.09083393574178854,1.0
3.08,0.09039192194169458,1.0
3.09,0.08995348140856374,1.0
3.1,0.08951857383164699,1.0
3.11,0.08908715948300004,1.0
3.12,0.08865919920721757,1.0
3.13,0.08823465441138087,1.0
3.14,0.08781348705521308,1.0
3.15,0.08739565964143778,1.0
3.16,0.08698113520633524,1.0
3.17,0.08656987731049279,1.0
3.18,0.08616185002974341,1.0
3.19,0.08575701794628952,1.0
3.2,0.08535534614000617,1.0
3.21,0.08495680017992104,1.0
3.22,0.08456134611586544,1.0
3.23,0.08416895047029396,1.0
3.24,0.08377958023026748,1.0
3.25,0.08339320283959678,1.0
3.26,0.0830097861911426,1.0
3.27,0.08262929861926849,1.0
3.28,0.08225170889244333,1.0
3.29,0.08187698620598972,1.0
3.3000000000000003,0.08150510017497517,1.0
3.31,0.08113602082724275,1.0
3.3200000000000003,0.08076971859657812,1.0
3.33,0.08040616431600983,1.0
3.34,0.08004532921123986,1.0
3.35,0.07968718489420155,1.0
3.36,0.07933170335674222,1.0
3.37,0.07897885696442719,1.0
3.38,0.07862861845046323,1.0
3.39,0.07828096090973825,1.0
3.4,0.07793585779297488,1.0
3.41,0.07759328290099535,1.0
3.42,0.07725321037909551,1.0
3.43,0.0769156147115251,1.0
3.44,0.0765804707160725,1.0
3.45,0.07624775353875114,1.0
3.46,0.07591743864858602,1.0
3.47,0.07558950183249746,1.0
3.48,0.07526391919028065,1.0
3.49,0.07494066712967838,1.0
3.5,0.07461972236154542,1.0
3.51,0.07430106189510227,1.0
3.52,0.07398466303327642,1.0
3.53,0.07367050336812962,1.0
3.54,0.07335856077636863,1.0
3.5500000000000003,0.07304881341493857,1.0
3.56,0.07274123971669627,1.0
3.5700000000000003,0.07243581838616255,1.0
3.58,0.07213252839535163,1.0
3.59,0.07183134897967577,1.0
3.6,0.071532259633924,1.0
3.61,0.07123524010831316,1.0
3.62,0.07094027040460972,1.0
3.63,0.07064733077232109,1.0
3.64,0.07035640170495487,1.0
3.65,0.07006746393634464,1.0
3.66,0.06978049843704091,1.0
3.67,0.0694954864107662,1.0
3.68,0.06921240929093224,1.0
3.69,0.06893124873721901,1.0
3.7,0.06865198663221336,1.0
3.71,0.06837460507810687,1.0
3.72,0.06809908639345101,1.0
3.73,0.06782541310996917,1.0
3.74,0.06755356796942372,1.0
3.75,0.0672835339205376,1.0
3.76,0.06701529411596897,1.0
3.77,0.06674883190933796,1.0
3.78,0.06648413085230462,1.0
3.79,0.06622117469169683,1.0
3.8,0.06595994736668746,1.0
3.81,0.0657004330060194,1.0
3.82,0.06544261592527814,1.0
3.83,0.0651864806242102,1.0
3.84,0.06493201178408736,1.0
3.85,0.06467919426511484,1.0
3.86,0.0644280131038837,1.0
3.87,0.0641784535108654,1.0
3.88,0.06393050086794887,1.0
3.89,0.06368414072601816,1.0
3.9,0.06343935880257087,1.0
3.91,0.063196140979376,1.0
3.92,0.06295447330017045,1.0
3.93,0.06271434196839393,1.0
3.94,0.06247573334496082,1.0
3.95,0.06223863394606906,1.0
3.96,0.06200303044104468,1.0
3.97,0.061768909650221734,1.0
3.98,0.0615362585428569,1.0
3.99,0.061305064235077804,1.0
4.0,0.06107531398786498,1.0
4.01,0.06084699520506624,1.0
4.0200000000000005,0.060620095431443206,1.0
4.03,0.06039460235074952,1.0
4.04,0.06017050378383964,1.0
4.05,0.05994778768680818,1.0
4.0600000000000005,0.05972644214915903,1.0
4.07,0.059506455392003575,1.0
4.08,0.059287815766287666,1.0
4.09,0.059070511751046766,1.0
4.1,0.058854531951688716,1.0
4.11,0.05863986509830363,1.0
4.12,0.05842650004400055,1.0
4.13,0.05821442576327006,1.0
4.14,0.058003631350372724,1.0
4.15,0.05779410601775283,1.0
4.16,0.05758583909447669,1.0
4.17,0.05737882002469544,1.0
4.18,0.057173038366131655,1.0
4.19,0.056968483788589444,1.0
4.2,0.05676514607248763,1.0
4.21,0.056563015107415474,1.0
4.22,0.056362080890710715,1.0
4.23,0.05616233352605936,1.0
4.24,0.0559637632221171,1.0
4.25,0.05576636029115153,1.0
4.26,0.055570115147705344,1.0
4.2700000000000005,0.055375018307279644,1.0
4.28,0.05518106038503748,1.0
4.29,0.05498823209452672,1.0
4.3,0.05479652424642245,1.0
4.3100000000000005,0.054605927747288244,1.0
4.32,0.05441643359835612,1.0
4.33,0.05422803289432466,1.0
4.34,0.05404071682217524,1.0
4.3500000000000005,0.053854476660005896,1.0
4.36,0.05366930377588271,1.0
4.37,0.05348518962670789,1.0
4.38,0.05330212575710511,1.0
4.39,0.053120103798320994,1.0
4.4,0.052939115467142986,1.0
4.41,0.052759152564833156,1.0
4.42,0.05258020697607756,1.0
4.43,0.05240227066795116,1.0
4.44,0.05222533568889774,1.0
4.45,0.05204939416772492,1.0
4.46,0.05187443831261353,1.0
4.47,0.05170046041014161,1.0
4.48,0.05152745282432249,1.0
4.49,0.05135540799565673,1.0
4.5,0.05118431844019784,1.0
4.51,0.051014176748631415,1.0
4.5200000000000005,0.05084497558536745,1.0
4.53,0.05067670768764579,1.0
4.54,0.050509365864654286,1.0
4.55,0.0503429429966596,1.0
4.5600000000000005,0.05017743203415027,1.0
4.57,0.050012825996992236,1.0
4.58,0.049849117973595966,1.0
4.59,0.049686301120095665,1.0
4.6000000000000005,0.04952436865953999,1.0
4.61,0.049363313881094106,1.0
4.62,0.04920313013925302,1.0
4.63,0.04904381085306598,1.0
4.64,0.04888534950537162,1.0
4.65,0.048727739642043987,1.0
4.66,0.04857097487124887,1.0
4.67,0.04841504886271058,1.0
4.68,0.04825995534698888,1.0
4.69,0.04810568811476601,1.0
4.7,0.04795224101614344,1.0
4.71,0.047799607959948406,1.0
4.72,0.047647782913049955,1.0
4.73,0.047496759899684375,1.0
4.74,0.04734653300078998,1.0
4.75,0.04719709635335085,1.0
4.76,0.04704844414974953,1.0
4.7700000000000005,0.046900570637128665,1.0
4.78,0.046753470116761287,1.0
4.79,0.04660713694342951,1.0
4.8,0.04646156552481175,1.0
4.8100000000000005,0.04631675032087822,1.0
4.82,0.046172685843294564,1.0
4.83,0.04602936665483346,1.0
4.84,0.04588678736879413,1.0
4.8500000000000005,0.04574494264842975,1.0
4.86,0.045603827206382334,1.0
4.87,0.04546343580412529,1.0
4.88,0.045323763251413324,1.0
4.89,0.04518480440573966,1.0
4.9,0.04504655417180053,1.0
4.91,0.04490900750096666,1.0
4.92,0.04477215939076174,1.0
4.93,0.04463600488434786,1.0
4.94,0.04450053907001753,1.0
4.95,0.04436575708069269,1.0
4.96,0.04423165409342984,1.0
4.97,0.04409822532893206,1.0
4.98,0.04396546605106706,1.0
4.99,0.043833371566391846,1.0
5.0,0.043701937223683165,1.0
5.01,0.04357115841347438,1.0
5.0200000000000005,0.043441030567598155,1.0
5.03,0.04331154915873516,1.0
5.04,0.04318270969996842,1.0
5.05,0.0430545077443436,1.0
5.0600000000000005,0.04292693888443479,1.0
5.07,0.04279999875191597,1.0
5.08,0.04267368301713781,1.0
5.09,0.04254798738871004,1.0
5.1000000000000005,0.04242290761308896,1.0
5.11,0.042298439474170405,1.0
5.12,0.042174578792887635,1.0
5.13,0.04205132142681454,1.0
5.14,0.0419286632697737,1.0
5.15,0.0418066002514495,1.0
5.16,0.04168512833700603,1.0
5.17,0.041564243526709836,1.0
5.18,0.04144394185555741,1.0
5.19,0.04132421939290726,1.0
5.2,0.041205072242116746,1.0
5.21,0.041086496540183225,1.0
5.22,0.04096848845738989,1.0
5.23,0.04085104419695575,1.0
5.24,0.04073415999469029,1.0
5.25,0.04061783211865202,1.0
5.26,0.04050205686881154,1.0
5.2700000000000005,0.040386830576718616,1.0
5.28,0.04027214960517342,1.0
5.29,0.040158010347901694,1.0
5.3,0.040044409229234086,1.0
5.3100000000000005,0.03993134270378918,1.0
5.32,0.039818807256160646,1.0
5.33,0.03970679940060797,1.0
5.34,0.03959531568075107,1.0
5.3500000000000005,0.03948435266926865,1.0
5.36,0.039373906967600104,1.0
5.37,0.03926397520565114,1.0
5.38,0.039154554041502844,1.0
5.39,0.03904564016112434,1.0
5.4,0.03893723027808889,1.0
5.41,0.03882932113329336,1.0
5.42,0.03872190949468111,1.0
5.43,0.03861499215696813,1.0
5.44,0.038508565941372516,1.0
5.45,0.03840262769534716,1.0
5.46,0.038297174292315536,1.0
5.47,0.03819220263141074,1.0
5.48,0.03808770963721756,1.0
5.49,0.03798369225951763,1.0
5.5,0.037880147473037536,1.0
5.51,0.037777072277199945,1.0
5.5200000000000005,0.037674463695877694,1.0
5.53,0.03757231877715067,1.0
5.54,0.037470634593065634,1.0
5.55,0.03736940823939878,1.0
5.5600000000000005,0.037268636835421115,1.0
5.57,0.037168317523666644,1.0
5.58,0.037068447469703066,1.0
5.59,0.03696902386190528,1.0
5.6000000000000005,0.036870043911231554,1.0
5.61,0.03677150485100214,1.0
5.62,0.03667340393668055,1.0
5.63,0.03657573844565736,1.0
5.64,0.03647850567703641,1.0
5.65,0.03638170295142361,1.0
5.66,0.036285327610718045,1.0
5.67,0.03618937701790551,1.0
5.68,0.03609384855685445,1.0
5.69,0.03599873963211416,1.0
5.7,0.03590404766871539,1.0
5.71,0.035809770111973005,1.0
5.72,0.035715904427291195,1.0
5.73,0.03562244809997064,1.0
5.74,0.03552939863501795,1.0
5.75,0.0354367535569573,1.0
5.76,0.03534451040964409,1.0
5.7700000000000005,0.0352526667560808,1.0
5.78,0.03516122017823484,1.0
5.79,0.03507016827685851,1.0
5.8,0.03497950867131094,1.0
5.8100000000000005,0.03488923899938197,1.0
5.82,0.034799356917118184,1.0
5.83,0.03470986009865056,1.0
5.84,0.03462074623602441,1.0
5.8500000000000005,0.034532013039030904,1.0
5.86,0.03444365823504065,1.0
5.87,0.03435567956883902,1.0
5.88,0.03426807480246333,1.0
5.89,0.03418084171504184,1.0
5.9,0.03409397810263444,1.0
5.91,0.03400748177807522,1.0
5.92,0.03392135057081665,1.0
5.93,0.033835582326775485,1.0
5.94,0.033750174908180455,1.0
5.95,0.033665126193421505,1.0
5.96,0.03358043407690071,1.0
5.97,0.033496096468884816,1.0
5.98,0.03341211129535943,1.0
5.99,0.03332847649788473,1.0
6.0,0.03324519003345273,1.0
6.01,0.03316224987434615,1.0
6.0200000000000005,0.03307965400799874,1.0
6.03,0.032997400436857234,1.0
6.04,0.032915487178244565,1.0
6.05,0.032833912264224774,1.0
6.0600000000000005,0.032752673741469236,1.0
6.07,0.03267176967112442,1.0
6.08,0.03259119812868092,1.0
6.09,0.03251095720384398,1.0
6.1000000000000005,0.03243104500040545,1.0
6.11,0.03235145963611697,1.0
6.12,0.032272199242564546,1.0
6.13,0.032193261965044545,1.0
6.140000000000001,0.032114645962440895,1.0
6.15,0.03203634940710362,1.0
6.16,0.03195837048472866,1.0
6.17,0.03188070739423894,1.0
6.18,0.031803358347666726,1.0
6.19,0.031726321570037165,1.0
6.2,0.03164959529925311,1.0
6.21,0.03157317778598106,1.0
6.22,0.03149706729353839,1.0
6.23,0.031421262097781684,1.0
6.24,0.03134576048699626,1.0
6.25,0.03127056076178687,1.0
6.26,0.031195661234969464,1.0
6.2700000000000005,0.031121060231464125,1.0
6.28,0.031046756088189142,1.0
6.29,0.030972747153956086,1.0
6.3,0.03089903178936606,1.0
6.3100000000000005,0.030825608366706947,1.0
6.32,0.030752475269851802,1.0
6.33,0.030679630894158146,1.0
6.34,0.030607073646368443,1.0
6.3500000000000005,0.03053480194451151,1.0
6.36,0.030462814217804952,1.0
6.37,0.03039110890655859,1.0
6.38,0.030319684462078885,1.0
6.390000000000001,0.030248539346574295,1.0
6.4,0.030177672033061684,1.0
6.41,0.030107081005273557,1.0
6.42,0.03003676475756633,1.0
6.43,0.02996672179482947,1.0
6.44,0.029896950632395586,1.0
6.45,0.02982744979595144,1.0
6.46,0.02975821782144976,1.0
6.47,0.029689253255022058,1.0
6.48,0.02962055465289227,1.0
6.49,0.029552120581291235,1.0
6.5,0.029483949616372067,1.0
6.51,0.029416040344126343,1.0
6.5200000000000005,0.029348391360301176,1.0
6.53,0.02928100127031704,1.0
6.54,0.02921386868918648,1.0
6.55,0.029146992241433592,1.0
6.5600000000000005,0.029080370561014264,1.0
6.57,0.029014002291237337,1.0
6.58,0.028947886084686375,1.0
6.59,0.028882020603142326,1.0
6.6000000000000005,0.028816404517506902,1.0
6.61,0.028751036507726712,1.0
6.62,0.028685915262718152,1.0
6.63,0.028621039480292997,1.0
6.640000000000001,0.02855640786708479,1.0
6.65,0.028492019138475874,1.0
6.66,0.02842787201852517,1.0
6.67,0.02836396523989669,1.0
6.68,0.028300297543788662,1.0
6.69,0.028236867679863453,1.0
6.7,0.02817367440617807,1.0
6.71,0.028110716489115374,1.0
6.72,0.02804799270331601,1.0
6.73,0.027985501831610894,1.0
6.74,0.027923242664954433,1.0
6.75,0.027861214002358338,1.0
6.76,0.027799414650826124,1.0
6.7700000000000005,0.027737843425288174,1.0
6.78,0.027676499148537485,1.0
6.79,0.027615380651165984,1.0
6.8,0.027554486771501487,1.0
6.8100000000000005,0.027493816355545212,1.0
6.82,0.02743336825691,1.0
6.83,0.027373141336758923,1.0
6.84,0.02731313446374471,1.0
6.8500000000000005,0.027253346513949544,1.0
6.86,0.027193776370825592,1.0
6.87,0.027134422925135973,1.0
6.88,0.027075285074896344,1.0
6.890000000000001,0.02701636172531705,1.0
6.9,0.026957651788745755,1.0
6.91,0.02689915418461071,1.0
6.92,0.02684086783936443,1.0
6.93,0.02678279168642803,1.0
6.94,0.026724924666135953,1.0
6.95,0.026667265725681368,1.0
6.96,0.026609813819061887,1.0
6.97,0.026552567907025967,1.0
6.98,0.026495526957019695,1.0
6.99,0.02643868994313413,1.0
7.0,0.026382055846053114,1.0
7.01,0.02632562365300153,1.0
7.0200000000000005,0.026269392357694096,1.0
7.03,0.02621336096028463,1.0
7.04,0.02615752846731572,1.0
7.05,0.026101893891668934,1.0
7.0600000000000005,0.02604645625251541,1.0
7.07,0.02599121457526704,1.0
7.08,0.025936167891527872,1.0
7.09,0.0258813152390462,1.0
7.1000000000000005,0.02582665566166695,1.0
7.11,0.025772188209284518,1.0
7.12,0.02571791193779607,1.0
7.13,0.02566382590905527,1.0
7.140000000000001,0.02560992919082637,1.0
7.15,0.025556220856738813,1.0
7.16,0.02550269998624216,1.0
7.17,0.025449365664561477,1.0
7.18,0.025396216982653066,1.0
7.19,0.02534325303716071,1.0
7.2,0.0252904729303722,1.0
7.21,0.025237875770176298,1.0
7.22,0.02518546067002008,1.0
7.23,0.025133226748866692,1.0
7.24,0.025081173131153434,1.0
7.25,0.025029298946750263,1.0
7.26,0.02497760333091865,1.0
7.27,0.024926085424270786,1.0
7.28,0.024874744372729185,1.0
7.29,0.02482357932748666,1.0
7.3,0.02477258944496658,1.0
7.31,0.024721773886783555,1.0
7.32,0.024671131819704456,1.0
7.33,0.024620662415609743,1.0
7.34,0.024570364851455168,1.0
7.35,0.024520238309233822,1.0
7.36,0.02447028197593849,1.0
7.37,0.024420495043524375,1.0
7.38,0.024370876708872093,1.0
7.390000000000001,0.024321426173751055,1.0
7.4,0.02427214264478314,1.0
7.41,0.024223025333406676,1.0
7.42,0.02417407345584076,1.0
7.43,0.024125286233049895,1.0
7.44,0.02407666289070888,1.0
7.45,0.02402820265916812,1.0
7.46,0.023979904773419082,1.0
7.47,0.02393176847306019,1.0
7.48,0.02388379300226293,1.0
7.49,0.023835977609738327,1.0
7.5,0.023788321548703615,1.0
7.51,0.02374082407684927,1.0
7.52,0.0236934844563063,1.0
7.53,0.02364630195361382,1.0
7.54,0.023599275839686937,1.0
7.55,0.023552405389784824,1.0
7.56,0.023505689883479175,1.0
7.57,0.02345912860462287,1.0
7.58,0.023412720841318912,1.0
7.59,0.02336646588588964,1.0
7.6,0.02332036303484623,1.0
7.61,0.023274411588858394,1.0
7.62,0.02322861085272439,1.0
7.63,0.0231829601353413,1.0
7.640000000000001,0.023137458749675457,1.0
7.65,0.023092106012733295,1.0
7.66,0.02304690124553227,1.0
7.67,0.02300184377307215,1.0
7.68,0.02295693292430649,1.0
7.69,0.022912168032114377,1.0
7.7,0.02286754843327238,1.0
7.71,0.022823073468426772,1.0
7.72,0.02277874248206595,1.0
7.73,0.022734554822493137,1.0
7.74,0.022690509841799263,1.0
7.75,0.022646606895836086,1.0
7.76,0.022602845344189555,1.0
7.77,0.0225592245501534,1.0
7.78,0.022515743880702904,1.0
7.79,0.02247240270646894,1.0
7.8,0.022429200401712184,1.0
7.81,0.022386136344297553,1.0
7.82,0.022343209915668915,1.0
7.83,0.022300420500823894,1.0
7.84,0.022257767488288994,1.0
7.85,0.022215250270094845,1.0
7.86,0.022172868241751718,1.0
7.87,0.02213062080222522,1.0
7.88,0.022088507353912153,1.0
7.890000000000001,0.022046527302616623,1.0
7.9,0.02200468005752634,1.0
7.91,0.021962965031189066,1.0
7.92,0.021921381639489312,1.0
7.930000000000001,0.021879929301625186,1.0
7.94,0.02183860744008548,1.0
7.95,0.02179741548062687,1.0
7.96,0.021756352852251363,1.0
7.97,0.02171541898718391,1.0
7.98,0.0216746133208502,1.0
7.99,0.021633935291854634,1.0
8.0,0.021593384341958465,1.0
8.01,0.021552959916058153,1.0
8.02,0.021512661462163844,1.0
8.03,0.02147248843137806,1.0
8.040000000000001,0.02143244027787457,1.0
8.05,0.021392516458877395,1.0
8.06,0.021352716434639995,1.0
8.07,0.02131303966842463,1.0
8.08,0.021273485626481913,1.0
8.09,0.021234053778030452,1.0
8.1,0.02119474359523674,1.0
8.11,0.021155554553195174,1.0
8.120000000000001,0.021116486129908192,1.0
8.13,0.021077537806266648,1.0
8.14,0.021038709066030264,1.0
8.15,0.020999999395808308,1.0
8.16,0.020961408285040364,1.0
8.17,0.02092293522597731,1.0
8.18,0.020884579713662407,1.0
8.19,0.020846341245912562,1.0
8.2,0.020808219323299713,1.0
8.21,0.02077021344913239,1.0
8.22,0.020732323129437426,1.0
8.23,0.020694547872941765,1.0
8.24,0.020656887191054452,1.0
8.25,0.020619340597848788,1.0
8.26,0.020581907610044553,1.0
8.27,0.020544587746990445,1.0
8.28,0.02050738053064659,1.0
8.290000000000001,0.02047028548556725,1.0
8.3,0.020433302138883638,1.0
8.31,0.020396430020286845,1.0
8.32,0.020359668662010933,1.0
8.33,0.020323017598816155,1.0
8.34,0.020286476367972303,1.0
8.35,0.020250044509242175,1.0
8.36,0.02021372156486517,1.0
8.370000000000001,0.02017750707954104,1.0
8.38,0.020141400600413743,1.0
8.39,0.02010540167705541,1.0
8.4,0.020069509861450462,1.0
8.41,0.020033724707979823,1.0
8.42,0.019998045773405308,1.0
8.43,0.019962472616854056,1.0
8.44,0.019927004799803135,1.0
8.45,0.019891641886064255,1.0
8.46,0.019856383441768582,1.0
8.47,0.0198212290353517,1.0
8.48,0.019786178237538653,1.0
8.49,0.019751230621329132,1.0
8.5,0.01971638576198273,1.0
8.51,0.019681643237004387,1.0
8.52,0.01964700262612987,1.0
8.53,0.019612463511311382,1.0
8.540000000000001,0.019578025476703325,1.0
8.55,0.019543688108648136,1.0
8.56,0.019509450995662182,1.0
8.57,0.019475313728421876,1.0
8.58,0.019441275899749796,1.0
8.59,0.019407337104600957,1.0
8.6,0.01937349694004919,1.0
8.61,0.019339755005273587,1.0
8.620000000000001,0.019306110901545083,1.0
8.63,0.019272564232213157,1.0
8.64,0.019239114602692547,1.0
8.65,0.019205761620450165,1.0
8.66,0.019172504894992063,1.0
8.67,0.019139344037850472,1.0
8.68,0.01910627866257102,1.0
8.69,0.019073308384699922,1.0
8.700000000000001,0.01904043282177141,1.0
8.71,0.019007651593295132,1.0
8.72,0.01897496432074372,1.0
8.73,0.0189423706275404,1.0
8.74,0.01890987013904677,1.0
8.75,0.018877462482550556,1.0
8.76,0.01884514728725358,1.0
8.77,0.018812924184259724,1.0
8.78,0.018780792806563033,1.0
8.790000000000001,0.01874875278903587,1.0
8.8,0.018716803768417226,1.0
8.81,0.018684945383301028,1.0
8.82,0.018653177274124577,1.0
8.83,0.018621499083157106,1.0
8.84,0.01858991045448833,1.0
8.85,0.018558411034017192,1.0
8.86,0.01852700046944059,1.0
8.870000000000001,0.01849567841024226,1.0
8.88,0.018464444507681702,1.0
8.89,0.0184332984147832,1.0
8.9,0.018402239786324916,1.0
8.91,0.01837126827882805,1.0
8.92,0.018340383550546135,1.0
8.93,0.01830958526145434,1.0
8.94,0.018278873073238885,1.0
8.950000000000001,0.018248246649286533,1.0
8.96,0.018217705654674173,1.0
8.97,0.01818724975615842,1.0
8.98,0.01815687862216536,1.0
8.99,0.018126591922780325,1.0
9.0,0.018096389329737776,1.0
9.01,0.018066270516411208,1.0
9.02,0.01803623515780319,1.0
9.03,0.018006282930535418,1.0
9.04,0.01797641351283889,1.0
9.05,0.017946626584544108,1.0
9.06,0.01791692182707139,1.0
9.07,0.017887298923421224,1.0
9.08,0.017857757558164686,1.0
9.09,0.017828297417433966,1.0
9.1,0.017798918188912907,1.0
9.11,0.01776961956182766,1.0
9.12,0.01774040122693738,1.0
9.13,0.017711262876524997,1.0
9.14,0.01768220420438803,1.0
9.15,0.017653224905829518,1.0
9.16,0.017624324677648958,1.0
9.17,0.017595503218133326,1.0
9.18,0.0175667602270482,1.0
9.19,0.017538095405628885,1.0
9.2,0.01750950845657163,1.0
9.21,0.01748099908402493,1.0
9.22,0.017452566993580835,1.0
9.23,0.017424211892266374,1.0
9.24,0.017395933488535006,1.0
9.25,0.017367731492258124,1.0
9.26,0.01733960561471667,1.0
9.27,0.01731155556859276,1.0
9.28,0.017283581067961355,1.0
9.29,0.01725568182828207,1.0
9.3,0.017227857566390926,1.0
9.31,0.01720010800049229,1.0
9.32,0.017172432850150736,1.0
9.33,0.01714483183628307,1.0
9.34,0.017117304681150348,1.0
9.35,0.01708985110834999,1.0
9.36,0.01706247084280791,1.0
9.37,0.017035163610770745,1.0
9.38,0.017007929139798074,1.0
9.39,0.01698076715875478,1.0
9.4,0.016953677397803367,1.0
9.41,0.016926659588396405,1.0
9.42,0.016899713463269,1.0
9.43,0.016872838756431294,1.0
9.44,0.016846035203161063,1.0
9.45,0.016819302539996334,1.0
9.46,0.016792640504728052,1.0
9.47,0.01676604883639281,1.0
9.48,0.01673952727526563,1.0
9.49,0.016713075562852772,1.0
9.5,0.01668669344188463,1.0
9.51,0.016660380656308628,1.0
9.52,0.01663413695128222,1.0
9.53,0.016607962073165877,1.0
9.54,0.01658185576951618,1.0
9.55,0.016555817789078917,1.0
9.56,0.016529847881782255,1.0
9.57,0.01650394579872994,1.0
9.58,0.016478111292194533,1.0
9.59,0.016452344115610747,1.0
9.6,0.016426644023568752,1.0
9.61,0.016401010771807594,1.0
9.62,0.0163754441172086,1.0
9.63,0.016349943817788884,1.0
9.64,0.01632450963269485,1.0
9.65,0.01629914132219576,1.0
9.66,0.016273838647677348,1.0
9.67,0.01624860137163546,1.0
9.68,0.016223429257669775,1.0
9.69,0.016198322070477503,1.0
9.7,0.016173279575847195,1.0
9.71,0.01614830154065254,1.0
9.72,0.01612338773284626,1.0
9.73,0.016098537921453965,1.0
9.74,0.016073751876568138,1.0
9.75,0.016049029369342088,1.0
9.76,0.016024370171984,1.0
9.77,0.015999774057750975,1.0
9.78,0.015975240800943154,1.0
9.79,0.015950770176897833,1.0
9.8,0.01592636196198366,1.0
9.81,0.015902015933594877,1.0
9.82,0.015877731870145528,1.0
9.83,0.01585350955106379,1.0
9.84,0.015829348756786297,1.0
9.85,0.015805249268752507,1.0
9.86,0.01578121086939911,1.0
9.87,0.01575723334215448,1.0
9.88,0.015733316471433147,1.0
9.89,0.01570946004263032,1.0
9.9,0.015685663842116445,1.0
9.91,0.01566192765723176,1.0
9.92,0.01563825127628098,1.0
9.93,0.015614634488527897,1.0
9.94,0.015591077084190113,1.0
9.95,0.015567578854433757,1.0
9.96,0.015544139591368232,1.0
9.97,0.015520759088041052,1.0
9.98,0.015497437138432638,1.0
9.99,0.015474173537451187,1.0
10.0,0.015450968080927583,1.0
10.01,0.015427820565610336,1.0
10.02,0.015404730789160511,1.0
10.03,0.015381698550146776,1.0
10.04,0.01535872364804038,1.0
10.05,0.015335805883210245,1.0
10.06,0.015312945056918067,1.0
10.07,0.01529014097131341,1.0
10.08,0.015267393429428884,1.0
10.09,0.015244702235175335,1.0
10.1,0.015222067193337041,1.0
10.11,0.015199488109566997,1.0
10.12,0.015176964790382165,1.0
10.13,0.015154497043158795,1.0
10.14,0.015132084676127772,1.0
10.15,0.015109727498369977,1.0
10.16,0.015087425319811682,1.0
10.17,0.015065177951219985,1.0
10.18,0.015042985204198287,1.0
10.19,0.015020846891181747,1.0
10.2,0.014998762825432815,1.0
10.21,0.014976732821036771,1.0
10.22,0.014954756692897317,1.0
10.23,0.014932834256732148,1.0
10.24,0.014910965329068602,1.0
10.25,0.014889149727239303,1.0
10.26,0.01486738726937786,1.0
10.27,0.01484567777441457,1.0
10.28,0.01482402106207215,1.0
10.29,0.014802416952861523,1.0
10.3,0.014780865268077582,1.0
10.31,0.014759365829795035,1.0
10.32,0.014737918460864235,1.0
10.33,0.014716522984907058,1.0
10.34,0.014695179226312796,1.0
10.35,0.014673887010234072,1.0
10.36,0.014652646162582815,1.0
10.37,0.014631456510026201,1.0
10.38,0.014610317879982678,1.0
10.39,0.01458923010061798,1.0
10.4,0.01456819300084116,1.0
10.41,0.014547206410300705,1.0
10.42,0.014526270159380591,1.0
10.43,0.014505384079196425,1.0
10.44,0.014484548001591595,1.0
10.45,0.014463761759133423,1.0
10.46,0.014443025185109388,1.0
10.47,0.014422338113523316,1.0
10.48,0.01440170037909164,1.0
10.49,0.014381111817239653,1.0
10.5,0.014360572264097794,1.0
10.51,0.014340081556497984,1.0
10.52,0.014319639531969915,1.0
10.53,0.014299246028737445,1.0
10.54,0.014278900885714972,1.0
10.55,0.014258603942503806,1.0
10.56,0.014238355039388629,1.0
10.57,0.014218154017333921,1.0
10.58,0.014198000717980417,1.0
10.59,0.014177894983641621,1.0
10.6,0.014157836657300294,1.0
10.61,0.014137825582605,1.0
10.62,0.014117861603866652,1.0
10.63,0.01409794456605508,1.0
10.64,0.01407807431479565,1.0
10.65,0.014058250696365845,1.0
10.66,0.01403847355769192,1.0
10.67,0.01401874274634556,1.0
10.68,0.013999058110540561,1.0
10.69,0.01397941949912951,1.0
10.7,0.013959826761600512,1.0
10.71,0.013940279748073929,1.0
10.72,0.013920778309299144,1.0
10.73,0.013901322296651317,1.0
10.74,0.013881911562128195,1.0
10.75,0.013862545958346928,1.0
10.76,0.013843225338540903,1.0
10.77,0.013823949556556584,1.0
10.78,0.013804718466850411,1.0
10.79,0.013785531924485672,1.0
10.8,0.013766389785129405,1.0
10.81,0.013747291905049365,1.0
10.82,0.013728238141110925,1.0
10.83,0.013709228350774075,1.0
10.84,0.013690262392090383,1.0
10.85,0.01367134012370002,1.0
10.86,0.013652461404828755,1.0
10.87,0.013633626095285012,1.0
10.88,0.013614834055456918,1.0
10.89,0.01359608514630937,1.0
10.9,0.013577379229381143,1.0
10.91,0.01355871616678198,1.0
10.92,0.013540095821189715,1.0
10.93,0.013521518055847434,1.0
10.94,0.013502982734560617,1.0
10.95,0.013484489721694326,1.0
10.96,0.013466038882170376,1.0
10.97,0.01344763008146458,1.0
10.98,0.013429263185603946,1.0
10.99,0.013410938061163915,1.0
11.0,0.013392654575265648,1.0
11.01,0.01337441259557328,1.0
11.02,0.013356211990291205,1.0
11.03,0.01333805262816141,1.0
11.04,0.01331993437846076,1.0
11.05,0.013301857110998372,1.0
11.06,0.013283820696112949,1.0
11.07,0.013265825004670145,1.0
11.08,0.013247869908059972,1.0
11.09,0.013229955278194172,1.0
11.1,0.01321208098750366,1.0
11.11,0.013194246908935928,1.0
11.12,0.013176452915952515,1.0
11.13,0.01315869888252645,1.0
11.14,0.013140984683139735,1.0
11.15,0.013123310192780836,1.0
11.16,0.013105675286942177,1.0
11.17,0.013088079841617674,1.0
11.18,0.013070523733300256,1.0
11.19,0.013053006838979427,1.0
11.2,0.01303552903613881,1.0
11.21,0.01301809020275373,1.0
11.22,0.013000690217288821,1.0
11.23,0.012983328958695606,1.0
11.24,0.012966006306410125,1.0
11.25,0.012948722140350567,1.0
11.26,0.012931476340914917,1.0
11.27,0.01291426878897861,1.0
11.28,0.012897099365892208,1.0
11.29,0.01287996795347909,1.0
11.3,0.01286287443403313,1.0
11.31,0.01284581869031645,1.0
11.32,0.012828800605557097,1.0
11.33,0.012811820063446815,1.0
11.34,0.01279487694813879,1.0
11.35,0.012777971144245406,1.0
11.36,0.012761102536836032,1.0
11.37,0.012744271011434802,1.0
11.38,0.012727476454018425,1.0
11.39,0.012710718751014002,1.0
11.4,0.012693997789296849,1.0
11.41,0.012677313456188333,1.0
11.42,0.012660665639453733,1.0
11.43,0.012644054227300095,1.0
11.44,0.012627479108374121,1.0
11.45,0.012610940171760045,1.0
11.46,0.012594437306977539,1.0
11.47,0.012577970403979635,1.0
11.48,0.012561539353150632,1.0
11.49,0.012545144045304034,1.0
11.5,0.01252878437168051,1.0
11.51,0.01251246022394585,1.0
11.52,0.01249617149418893,1.0
11.53,0.012479918074919692,1.0
11.54,0.012463699859067156,1.0
11.55,0.012447516739977385,1.0
11.56,0.012431368611411558,1.0
11.57,0.012415255367543952,1.0
11.58,0.012399176902959995,1.0
11.59,0.012383133112654314,1.0
11.6,0.0123671238920288,1.0
11.61,0.012351149136890678,1.0
11.62,0.012335208743450577,1.0
11.63,0.012319302608320643,1.0
11.64,0.012303430628512628,1.0
11.65,0.012287592701436003,1.0
11.66,0.012271788724896093,1.0
11.67,0.012256018597092196,1.0
11.68,0.012240282216615751,1.0
11.69,0.012224579482448471,1.0
11.7,0.012208910293960516,1.0
11.71,0.012193274550908677,1.0
11.72,0.012177672153434555,1.0
11.73,0.012162103002062757,1.0
11.74,0.012146566997699096,1.0
11.75,0.012131064041628824,1.0
11.76,0.01211559403551484,1.0
11.77,0.012100156881395943,1.0
11.78,0.012084752481685052,1.0
11.79,0.012069380739167496,1.0
11.8,0.012054041556999236,1.0
11.81,0.012038734838705191,1.0
11.82,0.01202346048817747,1.0
11.83,0.012008218409673697,1.0
11.84,0.01199300850781531,1.0
11.85,0.011977830687585851,1.0
11.86,0.011962684854329326,1.0
11.87,0.011947570913748493,1.0
11.88,0.011932488771903234,1.0
11.89,0.011917438335208886,1.0
11.9,0.011902419510434607,1.0
11.91,0.01188743220470173,1.0
11.92,0.011872476325482157,1.0
11.93,0.011857551780596724,1.0
11.94,0.011842658478213612,1.0
11.95,0.011827796326846734,1.0
11.96,0.011812965235354146,1.0
11.97,0.01179816511293649,1.0
11.98,0.011783395869135384,1.0
11.99,0.011768657413831882,1.0
12.0,0.011753949657244923,1.0
12.01,0.01173927250992976,1.0
12.02,0.011724625882776445,1.0
12.03,0.011710009687008287,1.0
12.04,0.011695423834180336,1.0
12.05,0.011680868236177857,1.0
12.06,0.011666342805214848,1.0
12.07,0.011651847453832513,1.0
12.08,0.011637382094897793,1.0
12.09,0.011622946641601883,1.0
12.1,0.01160854100745874,1.0
12.11,0.01159416510630365,1.0
12.12,0.011579818852291736,1.0
12.13,0.01156550215989653,1.0
12.14,0.011551214943908528,1.0
12.15,0.011536957119433745,1.0
12.16,0.011522728601892298,1.0
12.17,0.01150852930701698,1.0
12.18,0.011494359150851861,1.0
12.19,0.011480218049750865,1.0
12.2,0.01146610592037639,1.0
12.21,0.011452022679697908,1.0
12.22,0.011437968244990592,1.0
12.23,0.011423942533833933,1.0
12.24,0.011409945464110376,1.0
12.25,0.011395976954003963,1.0
12.26,0.011382036921998977,1.0
12.27,0.011368125286878602,1.0
12.28,0.01135424196772357,1.0
12.29,0.011340386883910848,1.0
12.3,0.011326559955112302,1.0
12.31,0.011312761101293384,1.0
12.32,0.011298990242711823,1.0
12.33,0.011285247299916314,1.0
12.34,0.01127153219374523,1.0
12.35,0.011257844845325328,1.0
12.36,0.011244185176070468,1.0
12.37,0.01123055310768033,1.0
12.38,0.011216948562139156,1.0
12.39,0.011203371461714481,1.0
12.4,0.011189821728955874,1.0
12.41,0.011176299286693694,1.0
12.42,0.011162804058037839,1.0
12.43,0.011149335966376513,1.0
12.44,0.011135894935375005,1.0
12.45,0.011122480888974457,1.0
12.46,0.011109093751390636,1.0
12.47,0.011095733447112744,1.0
12.48,0.011082399900902196,1.0
12.49,0.01106909303779144,1.0
12.5,0.011055812783082736,1.0
12.51,0.011042559062347001,1.0
12.52,0.011029331801422609,1.0
12.53,0.011016130926414226,1.0
12.54,0.011002956363691635,1.0
12.55,0.01098980803988859,1.0
12.56,0.010976685881901635,1.0
12.57,0.010963589816888983,1.0
12.58,0.010950519772269345,1.0
12.59,0.010937475675720815,1.0
12.6,0.010924457455179722,1.0
12.61,0.010911465038839514,1.0
12.62,0.010898498355149633,1.0
12.63,0.010885557332814396,1.0
12.64,0.010872641900791905,1.0
12.65,0.010859751988292917,1.0
12.66,0.010846887524779764,1.0
12.67,0.010834048439965256,1.0
12.68,0.010821234663811598,1.0
12.69,0.010808446126529307,1.0
12.7,0.010795682758576137,1.0
12.71,0.010782944490656001,1.0
12.72,0.010770231253717927,1.0
12.73,0.010757542978954985,1.0
12.74,0.010744879597803231,1.0
12.75,0.010732241041940664,1.0
12.76,0.01071962724328619,1.0
12.77,0.010707038133998566,1.0
12.78,0.010694473646475394,1.0
12.79,0.010681933713352068,1.0
12.8,0.010669418267500771,1.0
12.81,0.010656927242029456,1.0
12.82,0.010644460570280815,1.0
12.83,0.01063201818583131,1.0
12.84,0.01061960002249013,1.0
12.85,0.010607206014298227,1.0
12.86,0.010594836095527313,1.0
12.87,0.010582490200678875,1.0
12.88,0.01057016826448318,1.0
12.89,0.010557870221898337,1.0
12.9,0.010545596008109283,1.0
12.91,0.010533345558526839,1.0
12.92,0.010521118808786745,1.0
12.93,0.010508915694748709,1.0
12.94,0.010496736152495441,1.0
12.95,0.010484580118331716,1.0
12.96,0.010472447528783435,1.0
12.97,0.010460338320596679,1.0
12.98,0.010448252430736786,1.0
12.99,0.010436189796387406,1.0
13.0,0.010424150354949598,1.0
13.01,0.010412134044040894,1.0
13.02,0.010400140801494403,1.0
13.03,0.010388170565357872,1.0
13.04,0.010376223273892825,1.0
13.05,0.010364298865573609,1.0
13.06,0.010352397279086547,1.0
13.07,0.010340518453329013,1.0
13.08,0.010328662327408561,1.0
13.09,0.010316828840642032,1.0
13.1,0.01030501793255469,1.0
13.11,0.010293229542879328,1.0
13.12,0.010281463611555417,1.0
13.13,0.010269720078728225,1.0
13.14,0.010257998884747974,1.0
13.15,0.01024629997016896,1.0
13.16,0.010234623275748716,1.0
13.17,0.010222968742447162,1.0
13.18,0.01021133631142576,1.0
13.19,0.010199725924046664,1.0
13.2,0.010188137521871898,1.0
13.21,0.010176571046662516,1.0
13.22,0.010165026440377777,1.0
13.23,0.010153503645174321,1.0
13.24,0.010142002603405344,1.0
13.25,0.010130523257619792,1.0
13.26,0.01011906555056154,1.0
13.27,0.010107629425168591,1.0
13.28,0.010096214824572267,1.0
13.29,0.010084821692096412,1.0
13.3,0.010073449971256592,1.0
13.31,0.010062099605759316,1.0
13.32,0.010050770539501229,1.0
13.33,0.010039462716568337,1.0
13.34,0.010028176081235234,1.0
13.35,0.010016910577964309,1.0
13.36,0.010005666151404982,1.0
13.37,0.009994442746392936,1.0
13.38,0.009983240307949351,1.0
13.39,0.009972058781280142,1.0
13.4,0.009960898111775194,1.0
13.41,0.009949758245007618,1.0
13.42,0.009938639126732991,1.0
13.43,0.009927540702888616,1.0
13.44,0.009916462919592778,1.0
13.45,0.009905405723144,1.0
13.46,0.009894369060020303,1.0
13.47,0.00988335287687849,1.0
13.48,0.009872357120553399,1.0
13.49,0.00986138173805718,1.0
13.5,0.009850426676578585,1.0
13.51,0.009839491883482234,1.0
13.52,0.009828577306307904,1.0
13.53,0.009817682892769833,1.0
13.54,0.009806808590755983,1.0
13.55,0.009795954348327352,1.0
13.56,0.009785120113717282,1.0
13.57,0.009774305835330737,1.0
13.58,0.009763511461743623,1.0
13.59,0.009752736941702093,1.0
13.6,0.00974198222412186,1.0
13.61,0.00973124725808751,1.0
13.62,0.009720531992851817,1.0
13.63,0.009709836377835077,1.0
13.64,0.009699160362624418,1.0
13.65,0.009688503896973132,1.0
13.66,0.009677866930800017,1.0
13.67,0.009667249414188688,1.0
13.68,0.009656651297386938,1.0
13.69,0.009646072530806071,1.0
13.7,0.009635513065020241,1.0
13.71,0.009624972850765794,1.0
13.72,0.009614451838940637,1.0
13.73,0.009603949980603581,1.0
13.74,0.009593467226973679,1.0
13.75,0.009583003529429621,1.0
13.76,0.009572558839509063,1.0
13.77,0.009562133108908013,1.0
13.78,0.00955172628948019,1.0
13.79,0.009541338333236397,1.0
13.8,0.009530969192343893,1.0
13.81,0.00952061881912578,1.0
13.82,0.009510287166060363,1.0
13.83,0.009499974185780559,1.0
13.84,0.009489679831073253,1.0
13.85,0.009479404054878715,1.0
13.86,0.009469146810289973,1.0
13.87,0.009458908050552217,1.0
13.88,0.009448687729062183,1.0
13.89,0.009438485799367576,1.0
13.9,0.009428302215166447,1.0
13.91,0.009418136930306619,1.0
13.92,0.009407989898785081,1.0
13.93,0.00939786107474741,1.0
13.94,0.009387750412487175,1.0
13.95,0.009377657866445366,1.0
13.96,0.009367583391209798,1.0
13.97,0.009357526941514543,1.0
13.98,0.00934748847223936,1.0
13.99,0.009337467938409106,1.0
14.0,0.009327465295193177,1.0
14.01,0.009317480497904942,1.0
14.02,0.009307513502001175,1.0
14.03,0.009297564263081488,1.0
14.04,0.009287632736887784,1.0
14.05,0.009277718879303681,1.0
14.06,0.009267822646353986,1.0
14.07,0.009257943994204113,1.0
14.08,0.009248082879159552,1.0
14.09,0.009238239257665322,1.0
14.1,0.009228413086305412,1.0
14.11,0.009218604321802262,1.0
14.12,0.009208812921016203,1.0
14.13,0.009199038840944931,1.0
14.14,0.009189282038722978,1.0
14.15,0.009179542471621163,1.0
14.16,0.009169820097046078,1.0
14.17,0.009160114872539558,1.0
14.18,0.009150426755778153,1.0
14.19,0.0091407557045726,1.0
14.2,0.009131101676867323,1.0
14.21,0.009121464630739892,1.0
14.22,0.009111844524400533,1.0
14.23,0.00910224131619159,1.0
14.24,0.009092654964587034,1.0
14.25,0.00908308542819194,1.0
14.26,0.009073532665741997,1.0
14.27,0.009063996636102993,1.0
14.28,0.00905447729827032,1.0
14.29,0.009044974611368472,1.0
14.3,0.009035488534650549,1.0
14.31,0.009026019027497764,1.0
14.32,0.009016566049418953,1.0
14.33,0.00900712956005008,1.0
14.34,0.008997709519153753,1.0
14.35,0.008988305886618735,1.0
14.36,0.008978918622459472,1.0
14.37,0.008969547686815594,1.0
14.38,0.008960193039951452,1.0
14.39,0.008950854642255635,1.0
14.4,0.0089415324542405,1.0
14.41,0.008932226436541686,1.0
14.42,0.00892293654991766,1.0
14.43,0.008913662755249244,1.0
14.44,0.008904405013539144,1.0
14.45,0.008895163285911493,1.0
14.46,0.008885937533611383,1.0
14.47,0.00887672771800441,1.0
14.48,0.008867533800576215,1.0
14.49,0.008858355742932027,1.0
14.5,0.008849193506796213,1.0
14.51,0.008840047054011821,1.0
14.52,0.008830916346540136,1.0
14.53,0.008821801346460231,1.0
14.54,0.008812702015968517,1.0
14.55,0.008803618317378303,1.0
14.56,0.008794550213119359,1.0
14.57,0.008785497665737474,1.0
14.58,0.008776460637894007,1.0
14.59,0.008767439092365471,1.0
14.6,0.00875843299204308,1.0
14.61,0.008749442299932336,1.0
14.62,0.008740466979152582,1.0
14.63,0.008731506992936587,1.0
14.64,0.008722562304630114,1.0
14.65,0.008713632877691493,1.0
14.66,0.008704718675691206,1.0
14.67,0.00869581966231146,1.0
14.68,0.008686935801345774,1.0
14.69,0.008678067056698558,1.0
14.7,0.008669213392384701,1.0
14.71,0.008660374772529154,1.0
14.72,0.00865155116136653,1.0
14.73,0.008642742523240675,1.0
14.74,0.00863394882260428,1.0
14.75,0.008625170024018466,1.0
14.76,0.008616406092152376,1.0
14.77,0.008607656991782781,1.0
14.78,0.00859892268779368,1.0
14.79,0.008590203145175895,1.0
14.8,0.00858149832902667,1.0
14.81,0.008572808204549295,1.0
14.82,0.008564132737052695,1.0
14.83,0.008555471891951038,1.0
14.84,0.00854682563476336,1.0
14.85,0.008538193931113157,1.0
14.86,0.008529576746728017,1.0
14.87,0.008520974047439227,1.0
14.88,0.008512385799181376,1.0
14.89,0.00850381196799201,1.0
14.9,0.008495252520011206,1.0
14.91,0.00848670742148123,1.0
14.92,0.008478176638746147,1.0
14.93,0.008469660138251438,1.0
14.94,0.008461157886543643,1.0
14.95,0.008452669850269977,1.0
14.96,0.008444195996177965,1.0
14.97,0.008435736291115074,1.0
14.98,0.008427290702028344,1.0
14.99,0.008418859195964022,1.0
0.0,inf,1.0
0.01,488.60251190291996,1.0
0.02,172.74707473566775,1.0
0.03,94.03159725795938,1.0
0.04,61.075313987864995,1.0
0.05,43.70193722368316,1.0
0.06,33.24519003345273,1.0
0.07,26.382055846053113,1.0
0.08,21.59338434195847,1.0
0.09,18.096389329737775,1.0
0.1,15.450968080927582,1.0
0.11,13.392654575265649,1.0
0.12,11.753949657244922,1.0
0.13,10.424150354949598,1.0
0.14,9.327465295193177,1.0
0.15,8.410441740067201,1.0
0.16,7.634414248483124,1.0
0.17,6.970795036393942,1.0
0.18,6.398039805024732,1.0
0.19,5.899637044168856,1.0
0.2,5.462742152960395,1.0
0.21,5.077229014831502,1.0
0.22,4.735018434129691,1.0
0.23,4.429594194619663,1.0
0.24,4.155648754181591,1.0
0.25,3.908820095223359,1.0
0.26,3.685493702046508,1.0
0.27,3.482651750294792,1.0
0.28,3.297756980756639,1.0
0.29,3.1286623683437838,1.0
0.3,2.973540193587952,1.0
0.31,2.83082586197951,1.0
0.32,2.6991730427448086,1.0
0.33,2.577417574731099,1.0
0.34,2.464548220247841,1.0
0.35,2.35968281031882,1.0
0.36,2.262048666217222,1.0
0.37,2.1709664365322654,1.0
0.38,2.085836680235579,1.0
0.39,2.006128671167761,1.0
0.4,1.9313710101159478,1.0
0.41,1.861143715904913,1.0
0.42,1.7950715330122247,1.0
0.43,1.732818244793366,1.0
0.44,1.674081821908206,1.0
0.45,1.6185902675438208,1.0
0.46,1.5660980464600633,1.0
0.47,1.5163830052036031,1.0
0.48,1.4692437071556153,1.0
0.49,1.4244971192504956,1.0
0.5,1.3819765978853418,1.0
0.51,1.3415301302425833,1.0
0.52,1.3030187943686997,1.0
0.53,1.2663154072024738,1.0
0.54,1.231303334572323,1.0
0.55,1.1978754411787025,1.0
0.56,1.165933161899147,1.0
0.5700000000000001,1.135385678523992,1.0
0.58,1.1061491883495267,1.0
0.59,1.078146253002308,1.0
0.6,1.0513052175084001,1.0
0.61,1.025559691006976,1.0
0.62,1.0008480816819827,1.0
0.63,0.9771131794834486,1.0
0.64,0.9543017810603905,1.0
0.65,0.9323643520538343,1.0
0.66,0.9112547225208723,1.0
0.67,0.8909298117951452,1.0
0.68,0.8713493795492427,1.0
0.6900000000000001,0.8524758002214886,1.0
0.7000000000000001,0.8342738583128836,1.0
0.71,0.816710562357506,1.0
0.72,0.7997549756280915,1.0
0.73,0.7833780618634081,1.0
0.74,0.7675525445001798,1.0
0.75,0.7522527780636751,1.0
0.76,0.737454630521107,1.0
0.77,0.7231353755335567,1.0
0.78,0.7092735936577406,1.0
0.79,0.6958490816506819,1.0
0.8,0.6828427691200494,1.0
0.81,0.6702366418421398,1.0
0.8200000000000001,0.6580136711395466,1.0
0.8300000000000001,0.646157748772625,1.0
0.84,0.6346536268539378,1.0
0.85,0.623486862343799,1.0
0.86,0.61264376572858,1.0
0.87,0.6021113535222452,1.0
0.88,0.5918773042662113,1.0
0.89,0.5819299177335702,1.0
0.9,0.572258077071392,1.0
0.91,0.562851213639639,1.0
0.92,0.5536992743274579,1.0
0.93,0.5447926911476081,1.0
0.94,0.5361223529277518,1.0
0.95,0.5276795789334997,1.0
0.96,0.5194560942726989,1.0
0.97,0.5114440069435909,1.0
0.98,0.5036357864013636,1.0
0.99,0.49602424352835744,1.0
1.0,0.48860251190291987,1.0
1.01,0.4813640302707171,1.0
1.02,0.4743025261303013,1.0
1.03,0.4674120003520044,1.0
1.04,0.4606867127558135,1.0
1.05,0.45412116857990104,1.0
1.06,0.4477101057769368,1.0
1.07,0.4414484830802998,1.0
1.08,0.435331468786849,1.0
1.09,0.42935443020706165,1.0
1.1,0.4235129237371439,1.0
1.11,0.41780268551118194,1.0
1.12,0.4122196225945799,1.0
1.13,0.40675980468293965,1.0
1.14,0.40141945627320236,1.0
1.15,0.39619494927632004,1.0
1.16,0.39108279604297297,1.0
1.17,0.38607964277591106,1.0
1.18,0.38118226330439964,1.0
1.19,0.3763875531979962,1.0
1.2,0.371692524198494,1.0
1.21,0.36709429895035306,1.0
1.22,0.3625901060113066,1.0
1.23,0.35817727512609393,1.0
1.24,0.35385323274743874,1.0
1.25,0.3496154977894653,1.0
1.26,0.3454616775997474,1.0
1.27,0.34138946413710247,1.0
1.28,0.3373966303431011,1.0
1.29,0.33348102669604823,1.0
1.3,0.32964057793693397,1.0
1.31,0.3258732799575223,1.0
1.32,0.32217719684138735,1.0
1.33,0.31855045804928517,1.0
1.34,0.31499125574080084,1.0
1.35,0.3114978422247111,1.0
1.36,0.30806852753098013,1.0
1.37,0.3047016770977405,1.0
1.38,0.3013957095670216,1.0
1.39,0.29814909468336903,1.0
1.4,0.2949603512898525,1.0
1.41,0.29182804541629126,1.0
1.42,0.2887507884548356,1.0
1.43,0.28572723541832956,1.0
1.44,0.28275608327715274,1.0
1.45,0.2798360693704875,1.0
1.46,0.2769659698881953,1.0
1.47,0.2741445984197066,1.0
1.48,0.2713708045665332,1.0
1.49,0.26864347261520566,1.0
1.5,0.2659615202676218,1.0
1.51,0.2633238974259565,1.0
1.52,0.2607295850294474,1.0
1.53,0.25817759394051637,1.0
1.54,0.2556669638778293,1.0
1.55,0.2531967623940249,1.0
1.56,0.2507660838959701,1.0
1.57,0.24837404870551313,1.0
1.58,0.24601980215881442,1.0
1.59,0.24370251374243962,1.0
1.6,0.24142137626449348,1.0
1.61,0.2391756050591647,1.0
1.62,0.23696443722313815,1.0
1.63,0.23478713088240946,1.0
1.64,0.2326429644881141,1.0
1.65,0.23053123614005527,1.0
1.66,0.22845126293667836,1.0
1.67,0.2264023803503093,1.0
1.68,0.22438394162652808,1.0
1.69,0.222395317206609,1.0
1.7,0.2204358941720119,1.0
1.71,0.21850507570995767,1.0
1.72,0.21660228059917075,1.0
1.73,0.21472694271491544,1.0
1.74,0.2128785105524951,1.0
1.75,0.21105644676842492,1.0
1.76,0.20926022773852576,1.0
1.77,0.20748934313222298,1.0
1.78,0.20574329550236856,1.0
1.79,0.20402159988993734,1.0
1.8,0.2023237834429776,1.0
1.81,0.20064938504922747,1.0
1.82,0.19899795498183348,1.0
1.83,0.19736905455763565,1.0
1.84,0.19576225580750792,1.0
1.85,0.19417714115826512,1.0
1.86,0.19261330312567104,1.0
1.87,0.19107034401810344,1.0
1.88,0.1895478756504504,1.0
1.89,0.1880455190678334,1.0
1.9,0.18656290427876984,1.0
1.91,0.18509966999740368,1.0
1.92,0.1836554633944519,1.0
1.93,0.1822299398565276,1.0
1.94,0.18082276275351644,1.0
1.95,0.17943360321369747,1.0
1.96,0.17806213990631195,1.0
1.97,0.17670805883129723,1.0
1.98,0.1753710531159145,1.0
1.99,0.1740508228180109,1.0
2.0,0.17274707473566772,1.0
2.01,0.17145952222299662,1.0
2.02,0.1701878850118553,1.0
2.03,0.1689318890392656,1.0
2.04,0.1676912662803229,1.0
2.05,0.1664657545863977,1.0
2.06,0.16525509752843562,1.0
2.07,0.16405904424517273,1.0
2.08,0.16287734929608746,1.0
2.09,0.16170977251892135,1.0
2.1,0.1605560788916037,1.0
2.11,0.15941603839842508,1.0
2.12,0.15828942590030923,1.0
2.13,0.15717602100903896,1.0
2.14,0.15607560796529746,1.0
2.15,0.15498797552039353,1.0
2.16,0.15391291682154037,1.0
2.17,0.15285022930056816,1.0
2.18,0.15179971456594976,1.0
2.19,0.15076117829802865,1.0
2.2,0.1497344301473378,1.0
2.21,0.14871928363590664,1.0
2.22,0.14771555606145362,1.0
2.23,0.14672306840436908,1.0
2.24,0.14574164523739339,1.0
2.25,0.1447711146379022,1.0
2.26,0.14381130810271112,1.0
2.27,0.1428620604653175,1.0
2.28,0.14192320981549905,1.0
2.29,0.14099459742119166,1.0
2.3000000000000003,0.14007606765257302,1.0
2.31,0.13916746790828005,1.0
2.32,0.13826864854369084,1.0
2.33,0.1373794628012059,1.0
2.34,0.13649976674246328,1.0
2.35,0.13562941918242694,1.0
2.36,0.1347682816252885,1.0
2.37,0.13391621820212504,1.0
2.38,0.13307309561025776,1.0
2.39,0.13223878305425804,1.0
2.4,0.13141315218855001,1.0
2.41,0.1305960770615588,1.0
2.42,0.1297874340613582,1.0
2.43,0.12898710186277007,1.0
2.44,0.128194961375872,1.0
2.45,0.12741089569586928,1.0
2.46,0.12663479005429037,1.0
2.47,0.12586653177146517,1.0
2.48,0.12510601021024784,1.0
2.49,0.12435311673094586,1.0
2.5,0.12360774464742066,1.0
2.51,0.12286978918432304,1.0
2.52,0.12213914743543107,1.0
2.53,0.12141571832305732,1.0
2.54,0.12069940255849346,1.0
2.5500000000000003,0.11999010260346248,1.0
2.56,0.11928772263254882,1.0
2.57,0.1185921684965772,1.0
2.58,0.11790334768691388,1.0
2.59,0.11722116930066252,1.0
2.6,0.11654554400672928,1.0
2.61,0.11587638401273276,1.0
2.62,0.11521360303273312,1.0
2.63,0.11455711625575932,1.0
2.64,0.11390684031510903,1.0
2.65,0.11326269325840235,1.0
2.66,0.1126245945183652,1.0
2.67,0.11199246488432449,1.0
2.68,0.11136622647439315,1.0
2.69,0.11074580270832722,1.0
2.7,0.11013111828103524,1.0
2.71,0.10952209913672306,1.0
2.72,0.10891867244365534,1.0
2.73,0.10832076656951772,1.0
2.74,0.10772831105736301,1.0
2.75,0.10714123660212518,1.0
2.76,0.10655947502768608,1.0
2.77,0.10598295926447977,1.0
2.78,0.10541162332762012,1.0
2.79,0.10484540229553742,1.0
2.8000000000000003,0.10428423228911045,1.0
2.81,0.103728050451281,1.0
2.82,0.10317679492713766,1.0
2.83,0.10263040484445678,1.0
2.84,0.10208882029468826,1.0
2.85,0.10155198231437479,1.0
2.86,0.10101983286699297,1.0
2.87,0.10049231482520506,1.0
2.88,0.09996937195351144,1.0
2.89,0.09945094889129247,1.0
2.9,0.0989369911362304,1.0
2.91,0.09842744502810102,1.0
2.92,0.09792225773292601,1.0
2.93,0.09742137722747644,1.0
2.94,0.09692475228411872,1.0
2.95,0.09643233245599389,1.0
2.96,0.09594406806252248,1.0
2.97,0.09545991017522587,1.0
2.98,0.09497981060385725,1.0
2.99,0.09450372188283317,1.0
3.0,0.09403159725795938,1.0
3.01,0.09356339067344269,1.0
3.02,0.09309905675918234,1.0
3.03,0.09263855081833389,1.0
3.04,0.09218182881513838,1.0
3.0500000000000003,0.09172884736301111,1.0
3.06,0.09127956371288301,1.0
3.0700000000000003,0.09083393574178854,1.0
3.08,0.09039192194169458,1.0
3.09,0.08995348140856374,1.0
3.1,0.08951857383164699,1.0
3.11,0.08908715948300004,1.0
3.12,0.08865919920721757,1.0
3.13,0.08823465441138087,1.0
3.14,0.08781348705521308,1.0
3.15,0.08739565964143778,1.0
3.16,0.08698113520633524,1.0
3.17,0.08656987731049279,1.0
3.18,0.08616185002974341,1.0
3.19,0.08575701794628952,1.0
3.2,0.08535534614000617,1.0
3.21,0.08495680017992104,1.0
3.22,0.08456134611586544,1.0
3.23,0.08416895047029396,1.0
3.24,0.08377958023026748,1.0
3.25,0.08339320283959678,1.0
3.26,0.0830097861911426,1.0
3.27,0.08262929861926849,1.0
3.28,0.08225170889244333,1.0
3.29,0.08187698620598972,1.0
3.3000000000000003,0.08150510017497517,1.0
3.31,0.08113602082724275,1.0
3.3200000000000003,0.08076971859657812,1.0
3.33,0.08040616431600983,1.0
3.34,0.08004532921123986,1.0
3.35,0.07968718489420155,1.0
3.36,0.07933170335674222,1.0
3.37,0.07897885696442719,1.0
3.38,0.07862861845046323,1.0
3.39,0.07828096090973825,1.0
3.4,0.07793585779297488,1.0
3.41,0.07759328290099535,1.0
3.42,0.07725321037909551,1.0
3.43,0.0769156147115251,1.0
3.44,0.0765804707160725,1.0
3.45,0.07624775353875114,1.0
3.46,0.07591743864858602,1.0
3.47,0.07558950183249746,1.0
3.48,0.07526391919028065,1.0
3.49,0.07494066712967838,1.0
3.5,0.07461972236154542,1.0
3.51,0.07430106189510227,1.0
3.52,0.07398466303327642,1.0
3.53,0.07367050336812962,1.0
3.54,0.07335856077636863,1.0
3.5500000000000003,0.07304881341493857,1.0
3.56,0.07274123971669627,1.0
3.5700000000000003,0.07243581838616255,1.0
3.58,0.07213252839535163,1.0
3.59,0.07183134897967577,1.0
3.6,0.071532259633924,1.0
3.61,0.07123524010831316,1.0
3.62,0.07094027040460972,1.0
3.63,0.07064733077232109,1.0
3.64,0.07035640170495487,1.0
3.65,0.07006746393634464,1.0
3.66,0.06978049843704091,1.0
3.67,0.0694954864107662,1.0
3.68,0.06921240929093224,1.0
3.69,0.06893124873721901,1.0
3.7,0.06865198663221336,1.0
3.71,0.06837460507810687,1.0
3.72,0.06809908639345101,1.0
3.73,0.06782541310996917,1.0
3.74,0.06755356796942372,1.0
3.75,0.0672835339205376,1.0
3.76,0.06701529411596897,1.0
3.77,0.06674883190933796,1.0
3.78,0.06648413085230462,1.0
3.79,0.06622117469169683,1.0
3.8,0.06595994736668746,1.0
3.81,0.0657004330060194,1.0
3.82,0.06544261592527814,1.0
3.83,0.0651864806242102,1.0
3.84,0.06493201178408736,1.0
3.85,0.06467919426511484,1.0
3.86,0.0644280131038837,1.0
3.87,0.0641784535108654,1.0
3.88,0.06393050086794887,1.0
3.89,0.06368414072601816,1.0
3.9,0.06343935880257087,1.0
3.91,0.063196140979376,1.0
3.92,0.06295447330017045,1.0
3.93,0.06271434196839393,1.0
3.94,0.06247573334496082,1.0
3.95,0.06223863394606906,1.0
3.96,0.06200303044104468,1.0
3.97,0.061768909650221734,1.0
3.98,0.0615362585428569,1.0
3.99,0.061305064235077804,1.0
4.0,0.06107531398786498,1.0
4.01,0.06084699520506624,1.0
4.0200000000000005,0.060620095431443206,1.0
4.03,0.06039460235074952,1.0
4.04,0.06017050378383964,1.0
4.05,0.05994778768680818,1.0
4.0600000000000005,0.05972644214915903,1.0
4.07,0.059506455392003575,1.0
4.08,0.059287815766287666,1.0
4.09,0.059070511751046766,1.0
4.1,0.058854531951688716,1.0
4.11,0.05863986509830363,1.0
4.12,0.05842650004400055,1.0
4.13,0.05821442576327006,1.0
4.14,0.058003631350372724,1.0
4.15,0.05779410601775283,1.0
4.16,0.05758583909447669,1.0
4.17,0.05737882002469544,1.0
4.18,0.057173038366131655,1.0
4.19,0.056968483788589444,1.0
4.2,0.05676514607248763,1.0
4.21,0.056563015107415474,1.0
4.22,0.056362080890710715,1.0
4.23,0.05616233352605936,1.0
4.24,0.0559637632221171,1.0
4.25,0.05576636029115153,1.0
4.26,0.055570115147705344,1.0
4.2700000000000005,0.055375018307279644,1.0
4.28,0.05518106038503748,1.0
4.29,0.05498823209452672,1.0
4.3,0.05479652424642245,1.0
4.3100000000000005,0.054605927747288244,1.0
4.32,0.05441643359835612,1.0
4.33,0.05422803289432466,1.0
4.34,0.05404071682217524,1.0
4.3500000000000005,0.053854476660005896,1.0
4.36,0.05366930377588271,1.0
4.37,0.05348518962670789,1.0
4.38,0.05330212575710511,1.0
4.39,0.053120103798320994,1.0
4.4,0.052939115467142986,1.0
4.41,0.052759152564833156,1.0
4.42,0.05258020697607756,1.0
4.43,0.05240227066795116,1.0
4.44,0.05222533568889774,1.0
4.45,0.05204939416772492,1.0
4.46,0.05187443831261353,1.0
4.47,0.05170046041014161,1.0
4.48,0.05152745282432249,1.0
4.49,0.05135540799565673,1.0
4.5,0.05118431844019784,1.0
4.51,0.051014176748631415,1.0
4.5200000000000005,0.05084497558536745,1.0
4.53,0.05067670768764579,1.0
4.54,0.050509365864654286,1.0
4.55,0.0503429429966596,1.0
4.5600000000000005,0.05017743203415027,1.0
4.57,0.050012825996992236,1.0
4.58,0.049849117973595966,1.0
4.59,0.049686301120095665,1.0
4.6000000000000005,0.04952436865953999,1.0
4.61,0.049363313881094106,1.0
4.62,0.04920313013925302,1.0
4.63,0.04904381085306598,1.0
4.64,0.04888534950537162,1.0
4.65,0.048727739642043987,1.0
4.66,0.04857097487124887,1.0
4.67,0.04841504886271058,1.0
4.68,0.04825995534698888,1.0
4.69,0.04810568811476601,1.0
4.7,0.04795224101614344,1.0
4.71,0.047799607959948406,1.0
4.72,0.047647782913049955,1.0
4.73,0.047496759899684375,1.0
4.74,0.04734653300078998,1.0
4.75,0.04719709635335085,1.0
4.76,0.04704844414974953,1.0
4.7700000000000005,0.046900570637128665,1.0
4.78,0.046753470116761287,1.0
4.79,0.04660713694342951,1.0
4.8,0.04646156552481175,1.0
4.8100000000000005,0.04631675032087822,1.0
4.82,0.046172685843294564,1.0
4.83,0.04602936665483346,1.0
4.84,0.04588678736879413,1.0
4.8500000000000005,0.04574494264842975,1.0
4.86,0.045603827206382334,1.0
4.87,0.04546343580412529,1.0
4.88,0.045323763251413324,1.0
4.89,0.04518480440573966,1.0
4.9,0.04504655417180053,1.0
4.91,0.04490900750096666,1.0
4.92,0.04477215939076174,1.0
4.93,0.04463600488434786,1.0
4.94,0.04450053907001753,1.0
4.95,0.04436575708069269,1.0
4.96,0.04423165409342984,1.0
4.97,0.04409822532893206,1.0
4.98,0.04396546605106706,1.0
4.99,0.043833371566391846,1.0
5.0,0.043701937223683165,1.0
5.01,0.04357115841347438,1.0
5.0200000000000005,0.043441030567598155,1.0
5.03,0.04331154915873516,1.0
5.04,0.04318270969996842,1.0
5.05,0.0430545077443436,1.0
5.0600000000000005,0.04292693888443479,1.0
5.07,0.04279999875191597,1.0
5.08,0.04267368301713781,1.0
5.09,0.04254798738871004,1.0
5.1000000000000005,0.04242290761308896,1.0
5.11,0.042298439474170405,1.0
5.12,0.042174578792887635,1.0
5.13,0.04205132142681454,1.0
5.14,0.0419286632697737,1.0
5.15,0.0418066002514495,1.0
5.16,0.04168512833700603,1.0
5.17,0.041564243526709836,1.0
5.18,0.04144394185555741,1.0
5.19,0.04132421939290726,1.0
5.2,0.041205072242116746,1.0
5.21,0.041086496540183225,1.0
5.22,0.04096848845738989,1.0
5.23,0.04085104419695575,1.0
5.24,0.04073415999469029,1.0
5.25,0.04061783211865202,1.0
5.26,0.04050205686881154,1.0
5.2700000000000005,0.040386830576718616,1.0
5.28,0.04027214960517342,1.0
5.29,0.040158010347901694,1.0
5.3,0.040044409229234086,1.0
5.3100000000000005,0.03993134270378918,1.0
5.32,0.039818807256160646,1.0
5.33,0.03970679940060797,1.0
5.34,0.03959531568075107,1.0
5.3500000000000005,0.03948435266926865,1.0
5.36,0.039373906967600104,1.0
5.37,0.03926397520565114,1.0
5.38,0.039154554041502844,1.0
5.39,0.03904564016112434,1.0
5.4,0.03893723027808889,1.0
5.41,0.03882932113329336,1.0
5.42,0.03872190949468111,1.0
5.43,0.03861499215696813,1.0
5.44,0.038508565941372516,1.0
5.45,0.03840262769534716,1.0
5.46,0.038297174292315536,1.0
5.47,0.03819220263141074,1.0
5.48,0.03808770963721756,1.0
5.49,0.03798369225951763,1.0
5.5,0.037880147473037536,1.0
5.51,0.037777072277199945,1.0
5.5200000000000005,0.037674463695877694,1.0
5.53,0.03757231877715067,1.0
5.54,0.037470634593065634,1.0
5.55,0.03736940823939878,1.0
5.5600000000000005,0.037268636835421115,1.0
5.57,0.037168317523666644,1.0
5.58,0.037068447469703066,1.0
5.59,0.03696902386190528,1.0
5.6000000000000005,0.036870043911231554,1.0
5.61,0.03677150485100214,1.0
5.62,0.03667340393668055,1.0
5.63,0.03657573844565736,1.0
5.64,0.03647850567703641,1.0
5.65,0.03638170295142361,1.0
5.66,0.036285327610718045,1.0
5.67,0.03618937701790551,1.0
5.68,0.03609384855685445,1.0
5.69,0.03599873963211416,1.0
5.7,0.03590404766871539,1.0
5.71,0.035809770111973005,1.0
5.72,0.035715904427291195,1.0
5.73,0.03562244809997064,1.0
5.74,0.03552939863501795,1.0
5.75,0.0354367535569573,1.0
5.76,0.03534451040964409,1.0
5.7700000000000005,0.0352526667560808,1.0
5.78,0.03516122017823484,1.0
5.79,0.03507016827685851,1.0
5.8,0.03497950867131094,1.0
5.8100000000000005,0.03488923899938197,1.0
5.82,0.034799356917118184,1.0
5.83,0.03470986009865056,1.0
5.84,0.03462074623602441,1.0
5.8500000000000005,0.034532013039030904,1.0
5.86,0.03444365823504065,1.0
5.87,0.03435567956883902,1.0
5.88,0.03426807480246333,1.0
5.89,0.03418084171504184,1.0
5.9,0.03409397810263444,1.0
5.91,0.03400748177807522,1.0
5.92,0.03392135057081665,1.0
5.93,0.033835582326775485,1.0
5.94,0.033750174908180455,1.0
5.95,0.033665126193421505,1.0
5.96,0.03358043407690071,1.0
5.97,0.033496096468884816,1.0
5.98,0.03341211129535943,1.0
5.99,0.03332847649788473,1.0
6.0,0.03324519003345273,1.0
6.01,0.03316224987434615,1.0
6.0200000000000005,0.03307965400799874,1.0
6.03,0.032997400436857234,1.0
6.04,0.032915487178244565,1.0
6.05,0.032833912264224774,1.0
6.0600000000000005,0.032752673741469236,1.0
6.07,0.03267176967112442,1.0
6.08,0.03259119812868092,1.0
6.09,0.03251095720384398,1.0
6.1000000000000005,0.03243104500040545,1.0
6.11,0.03235145963611697,1.0
6.12,0.032272199242564546,1.0
6.13,0.032193261965044545,1.0
6.140000000000001,0.032114645962440895,1.0
6.15,0.03203634940710362,1.0
6.16,0.03195837048472866,1.0
6.17,0.03188070739423894,1.0
6.18,0.031803358347666726,1.0
6.19,0.031726321570037165,1.0
6.2,0.03164959529925311,1.0
6.21,0.03157317778598106,1.0
6.22,0.03149706729353839,1.0
6.23,0.031421262097781684,1.0
6.24,0.03134576048699626,1.0
6.25,0.03127056076178687,1.0
6.26,0.031195661234969464,1.0
6.2700000000000005,0.031121060231464125,1.0
6.28,0.031046756088189142,1.0
6.29,0.030972747153956086,1.0
6.3,0.03089903178936606,1.0
6.3100000000000005,0.030825608366706947,1.0
6.32,0.030752475269851802,1.0
6.33,0.030679630894158146,1.0
6.34,0.030607073646368443,1.0
6.3500000000000005,0.03053480194451151,1.0
6.36,0.030462814217804952,1.0
6.37,0.03039110890655859,1.0
6.38,0.030319684462078885,1.0
6.390000000000001,0.030248539346574295,1.0
6.4,0.030177672033061684,1.0
6.41,0.030107081005273557,1.0
6.42,0.03003676475756633,1.0
6.43,0.02996672179482947,1.0
6.44,0.029896950632395586,1.0
6.45,0.02982744979595144,1.0
6.46,0.02975821782144976,1.0
6.47,0.029689253255022058,1.0
6.48,0.02962055465289227,1.0
6.49,0.029552120581291235,1.0
6.5,0.029483949616372067,1.0
6.51,0.029416040344126343,1.0
6.5200000000000005,0.029348391360301176,1.0
6.53,0.02928100127031704,1.0
6.54,0.02921386868918648,1.0
6.55,0.029146992241433592,1.0
6.5600000000000005,0.029080370561014264,1.0
6.57,0.029014002291237337,1.0
6.58,0.028947886084686375,1.0
6.59,0.028882020603142326,1.0
6.6000000000000005,0.028816404517506902,1.0
6.61,0.028751036507726712,1.0
6.62,0.028685915262718152,1.0
6.63,0.028621039480292997,1.0
6.640000000000001,0.02855640786708479,1.0
6.65,0.028492019138475874,1.0
6.66,0.02842787201852517,1.0
6.67,0.02836396523989669,1.0
6.68,0.028300297543788662,1.0
6.69,0.028236867679863453,1.0
6.7,0.02817367440617807,1.0
6.71,0.028110716489115374,1.0
6.72,0.02804799270331601,1.0
6.73,0.027985501831610894,1.0
6.74,0.027923242664954433,1.0
6.75,0.027861214002358338,1.0
6.76,0.027799414650826124,1.0
6.7700000000000005,0.027737843425288174,1.0
6.78,0.027676499148537485,1.0
6.79,0.027615380651165984,1.0
6.8,0.027554486771501487,1.0
6.8100000000000005,0.027493816355545212,1.0
6.82,0.02743336825691,1.0
6.83,0.027373141336758923,1.0
6.84,0.02731313446374471,1.0
6.8500000000000005,0.027253346513949544,1.0
6.86,0.027193776370825592,1.0
6.87,0.027134422925135973,1.0
6.88,0.027075285074896344,1.0
6.890000000000001,0.02701636172531705,1.0
6.9,0.026957651788745755,1.0
6.91,0.02689915418461071,1.0
6.92,0.02684086783936443,1.0
6.93,0.02678279168642803,1.0
6.94,0.026724924666135953,1.0
6.95,0.026667265725681368,1.0
6.96,0.026609813819061887,1.0
6.97,0.026552567907025967,1.0
6.98,0.026495526957019695,1.0
6.99,0.02643868994313413,1.0
7.0,0.026382055846053114,1.0
7.01,0.02632562365300153,1.0
7.0200000000000005,0.026269392357694096,1.0
7.03,0.02621336096028463,1.0
7.04,0.02615752846731572,1.0
7.05,0.026101893891668934,1.0
7.0600000000000005,0.02604645625251541,1.0
7.07,0.02599121457526704,1.0
7.08,0.025936167891527872,1.0
7.09,0.0258813152390462,1.0
7.1000000000000005,0.02582665566166695,1.0
7.11,0.025772188209284518,1.0
7.12,0.02571791193779607,1.0
7.13,0.02566382590905527,1.0
7.140000000000001,0.02560992919082637,1.0
7.15,0.025556220856738813,1.0
7.16,0.02550269998624216,1.0
7.17,0.025449365664561477,1.0
7.18,0.025396216982653066,1.0
7.19,0.02534325303716071,1.0
7.2,0.0252904729303722,1.0
7.21,0.025237875770176298,1.0
7.22,0.02518546067002008,1.0
7.23,0.025133226748866692,1.0
7.24,0.025081173131153434,1.0
7.25,0.025029298946750263,1.0
7.26,0.02497760333091865,1.0
7.27,0.024926085424270786,1.0
7.28,0.024874744372729185,1.0
7.29,0.02482357932748666,1.0
7.3,0.02477258944496658,1.0
7.31,0.024721773886783555,1.0
7.32,0.024671131819704456,1.0
7.33,0.024620662415609743,1.0
7.34,0.024570364851455168,1.0
7.35,0.024520238309233822,1.0
7.36,0.02447028197593849,1.0
7.37,0.024420495043524375,1.0
7.38,0.024370876708872093,1.0
7.390000000000001,0.024321426173751055,1.0
7.4,0.02427214264478314,1.0
7.41,0.024223025333406676,1.0
7.42,0.02417407345584076,1.0
7.43,0.024125286233049895,1.0
7.44,0.02407666289070888,1.0
7.45,0.02402820265916812,1.0
7.46,0.023979904773419082,1.0
7.47,0.02393176847306019,1.0
7.48,0.02388379300226293,1.0
7.49,0.023835977609738327,1.0
7.5,0.023788321548703615,1.0
7.51,0.02374082407684927,1.0
7.52,0.0236934844563063,1.0
7.53,0.02364630195361382,1.0
7.54,0.023599275839686937,1.0
7.55,0.023552405389784824,1.0
7.56,0.023505689883479175,1.0
7.57,0.02345912860462287,1.0
7.58,0.023412720841318912,1.0
7.59,0.02336646588588964,1.0
7.6,0.02332036303484623,1.0
7.61,0.023274411588858394,1.0
7.62,0.02322861085272439,1.0
7.63,0.0231829601353413,1.0
7.640000000000001,0.023137458749675457,1.0
7.65,0.023092106012733295,1.0
7.66,0.02304690124553227,1.0
7.67,0.02300184377307215,1.0
7.68,0.02295693292430649,1.0
7.69,0.022912168032114377,1.0
7.7,0.02286754843327238,1.0
7.71,0.022823073468426772,1.0
7.72,0.02277874248206595,1.0
7.73,0.022734554822493137,1.0
7.74,0.022690509841799263,1.0
7.75,0.022646606895836086,1.0
7.76,0.022602845344189555,1.0
7.77,0.0225592245501534,1.0
7.78,0.022515743880702904,1.0
7.79,0.02247240270646894,1.0
7.8,0.022429200401712184,1.0
7.81,0.022386136344297553,1.0
7.82,0.022343209915668915,1.0
7.83,0.022300420500823894,1.0
7.84,0.022257767488288994,1.0
7.85,0.022215250270094845,1.0
7.86,0.022172868241751718,1.0
7.87,0.02213062080222522,1.0
7.88,0.022088507353912153,1.0
7.890000000000001,0.022046527302616623,1.0
7.9,0.02200468005752634,1.0
7.91,0.021962965031189066,1.0
7.92,0.021921381639489312,1.0
7.930000000000001,0.021879929301625186,1.0
7.94,0.02183860744008548,1.0
7.95,0.02179741548062687,1.0
7.96,0.021756352852251363,1.0
7.97,0.02171541898718391,1.0
7.98,0.0216746133208502,1.0
7.99,0.021633935291854634,1.0
8.0,0.021593384341958465,1.0
8.01,0.021552959916058153,1.0
8.02,0.021512661462163844,1.0
8.03,0.02147248843137806,1.0
8.040000000000001,0.02143244027787457,1.0
8.05,0.021392516458877395,1.0
8.06,0.021352716434639995,1.0
8.07,0.02131303966842463,1.0
8.08,0.021273485626481913,1.0
8.09,0.021234053778030452,1.0
8.1,0.02119474359523674,1.0
8.11,0.021155554553195174,1.0
8.120000000000001,0.021116486129908192,1.0
8.13,0.021077537806266648,1.0
8.14,0.021038709066030264,1.0
8.15,0.020999999395808308,1.0
8.16,0.020961408285040364,1.0
8.17,0.02092293522597731,1.0
8.18,0.020884579713662407,1.0
8.19,0.020846341245912562,1.0
8.2,0.020808219323299713,1.0
8.21,0.02077021344913239,1.0
8.22,0.020732323129437426,1.0
8.23,0.020694547872941765,1.0
8.24,0.020656887191054452,1.0
8.25,0.020619340597848788,1.0
8.26,0.020581907610044553,1.0
8.27,0.020544587746990445,1.0
8.28,0.02050738053064659,1.0
8.290000000000001,0.02047028548556725,1.0
8.3,0.020433302138883638,1.0
8.31,0.020396430020286845,1.0
8.32,0.020359668662010933,1.0
8.33,0.020323017598816155,1.0
8.34,0.020286476367972303,1.0
8.35,0.020250044509242175,1.0
8.36,0.02021372156486517,1.0
8.370000000000001,0.02017750707954104,1.0
8.38,0.020141400600413743,1.0
8.39,0.02010540167705541,1.0
8.4,0.020069509861450462,1.0
8.41,0.020033724707979823,1.0
8.42,0.019998045773405308,1.0
8.43,0.019962472616854056,1.0
8.44,0.019927004799803135,1.0
8.45,0.019891641886064255,1.0
8.46,0.019856383441768582,1.0
8.47,0.0198212290353517,1.0
8.48,0.019786178237538653,1.0
8.49,0.019751230621329132,1.0
8.5,0.01971638576198273,1.0
8.51,0.019681643237004387,1.0
8.52,0.01964700262612987,1.0
8.53,0.019612463511311382,1.0
8.540000000000001,0.019578025476703325,1.0
8.55,0.019543688108648136,1.0
8.56,0.019509450995662182,1.0
8.57,0.019475313728421876,1.0
8.58,0.019441275899749796,1.0
8.59,0.019407337104600957,1.0
8.6,0.01937349694004919,1.0
8.61,0.019339755005273587,1.0
8.620000000000001,0.019306110901545083,1.0
8.63,0.019272564232213157,1.0
8.64,0.019239114602692547,1.0
8.65,0.019205761620450165,1.0
8.66,0.019172504894992063,1.0
8.67,0.019139344037850472,1.0
8.68,0.01910627866257102,1.0
8.69,0.019073308384699922,1.0
8.700000000000001,0.01904043282177141,1.0
8.71,0.019007651593295132,1.0
8.72,0.01897496432074372,1.0
8.73,0.0189423706275404,1.0
8.74,0.01890987013904677,1.0
8.75,0.018877462482550556,1.0
8.76,0.01884514728725358,1.0
8.77,0.018812924184259724,1.0
8.78,0.018780792806563033,1.0
8.790000000000001,0.01874875278903587,1.0
8.8,0.018716803768417226,1.0
8.81,0.018684945383301028,1.0
8.82,0.018653177274124577,1.0
8.83,0.018621499083157106,1.0
8.84,0.01858991045448833,1.0
8.85,0.018558411034017192,1.0
8.86,0.01852700046944059,1.0
8.870000000000001,0.01849567841024226,1.0
8.88,0.018464444507681702,1.0
8.89,0.0184332984147832,1.0
8.9,0.018402239786324916,1.0
8.91,0.01837126827882805,1.0
8.92,0.018340383550546135,1.0
8.93,0.01830958526145434,1.0
8.94,0.018278873073238885,1.0
8.950000000000001,0.018248246649286533,1.0
8.96,0.018217705654674173,1.0
8.97,0.01818724975615842,1.0
8.98,0.01815687862216536,1.0
8.99,0.018126591922780325,1.0
9.0,0.018096389329737776,1.0
9.01,0.018066270516411208,1.0
9.02,0.01803623515780319,1.0
9.03,0.018006282930535418,1.0
9.04,0.01797641351283889,1.0
9.05,0.017946626584544108,1.0
9.06,0.01791692182707139,1.0
9.07,0.017887298923421224,1.0
9.08,0.017857757558164686,1.0
9.09,0.017828297417433966,1.0
9.1,0.017798918188912907,1.0
9.11,0.01776961956182766,1.0
9.12,0.01774040122693738,1.0
9.13,0.017711262876524997,1.0
9.14,0.01768220420438803,1.0
9.15,0.017653224905829518,1.0
9.16,0.017624324677648958,1.0
9.17,0.017595503218133326,1.0
9.18,0.0175667602270482,1.0
9.19,0.017538095405628885,1.0
9.2,0.01750950845657163,1.0
9.21,0.01748099908402493,1.0
9.22,0.017452566993580835,1.0
9.23,0.017424211892266374,1.0
9.24,0.017395933488535006,1.0
9.25,0.017367731492258124,1.0
9.26,0.01733960561471667,1.0
9.27,0.01731155556859276,1.0
9.28,0.017283581067961355,1.0
9.29,0.01725568182828207,1.0
9.3,0.017227857566390926,1.0
9.31,0.01720010800049229,1.0
9.32,0.017172432850150736,1.0
9.33,0.01714483183628307,1.0
9.34,0.017117304681150348,1.0
9.35,0.01708985110834999,1.0
9.36,0.01706247084280791,1.0
9.37,0.017035163610770745,1.0
9.38,0.017007929139798074,1.0
9.39,0.01698076715875478,1.0
9.4,0.016953677397803367,1.0
9.41,0.016926659588396405,1.0
9.42,0.016899713463269,1.0
9.43,0.016872838756431294,1.0
9.44,0.016846035203161063,1.0
9.45,0.016819302539996334,1.0
9.46,0.016792640504728052,1.0
9.47,0.01676604883639281,1.0
9.48,0.01673952727526563,1.0
9.49,0.016713075562852772,1.0
9.5,0.01668669344188463,1.0
9.51,0.016660380656308628,1.0
9.52,0.01663413695128222,1.0
9.53,0.016607962073165877,1.0
9.54,0.01658185576951618,1.0
9.55,0.016555817789078917,1.0
9.56,0.016529847881782255,1.0
9.57,0.01650394579872994,1.0
9.58,0.016478111292194533,1.0
9.59,0.016452344115610747,1.0
9.6,0.016426644023568752,1.0
9.61,0.016401010771807594,1.0
9.62,0.0163754441172086,1.0
9.63,0.016349943817788884,1.0
9.64,0.01632450963269485,1.0
9.65,0.01629914132219576,1.0
9.66,0.016273838647677348,1.0
9.67,0.01624860137163546,1.0
9.68,0.016223429257669775,1.0
9.69,0.016198322070477503,1.0
9.7,0.016173279575847195,1.0
9.71,0.01614830154065254,1.0
9.72,0.01612338773284626,1.0
9.73,0.016098537921453965,1.0
9.74,0.016073751876568138,1.0
9.75,0.016049029369342088,1.0
9.76,0.016024370171984,1.0
9.77,0.015999774057750975,1.0
9.78,0.015975240800943154,1.0
9.79,0.015950770176897833,1.0
9.8,0.01592636196198366,1.0
9.81,0.015902015933594877,1.0
9.82,0.015877731870145528,1.0
9.83,0.01585350955106379,1.0
9.84,0.015829348756786297,1.0
9.85,0.015805249268752507,1.0
9.86,0.01578121086939911,1.0
9.87,0.01575723334215448,1.0
9.88,0.015733316471433147,1.0
9.89,0.01570946004263032,1.0
9.9,0.015685663842116445,1.0
9.91,0.01566192765723176,1.0
9.92,0.01563825127628098,1.0
9.93,0.015614634488527897,1.0
9.94,0.015591077084190113,1.0
9.95,0.015567578854433757,1.0
9.96,0.015544139591368232,1.0
9.97,0.015520759088041052,1.0
9.98,0.015497437138432638,1.0
9.99,0.015474173537451187,1.0
10.0,0.015450968080927583,1.0
10.01,0.015427820565610336,1.0
10.02,0.015404730789160511,1.0
10.03,0.015381698550146776,1.0
10.04,0.01535872364804038,1.0
10.05,0.015335805883210245,1.0
10.06,0.015312945056918067,1.0
10.07,0.01529014097131341,1.0
10.08,0.015267393429428884,1.0
10.09,0.015244702235175335,1.0
10.1,0.015222067193337041,1.0
10.11,0.015199488109566997,1.0
10.12,0.015176964790382165,1.0
10.13,0.015154497043158795,1.0
10.14,0.015132084676127772,1.0
10.15,0.015109727498369977,1.0
10.16,0.015087425319811682,1.0
10.17,0.015065177951219985,1.0
10.18,0.015042985204198287,1.0
10.19,0.015020846891181747,1.0
10.2,0.014998762825432815,1.0
10.21,0.014976732821036771,1.0
10.22,0.014954756692897317,1.0
10.23,0.014932834256732148,1.0
10.24,0.014910965329068602,1.0
10.25,0.014889149727239303,1.0
10.26,0.01486738726937786,1.0
10.27,0.01484567777441457,1.0
10.28,0.01482402106207215,1.0
10.29,0.014802416952861523,1.0
10.3,0.014780865268077582,1.0
10.31,0.014759365829795035,1.0
10.32,0.014737918460864235,1.0
10.33,0.014716522984907058,1.0
10.34,0.014695179226312796,1.0
10.35,0.014673887010234072,1.0
10.36,0.014652646162582815,1.0
10.37,0.014631456510026201,1.0
10.38,0.014610317879982678,1.0
10.39,0.01458923010061798,1.0
10.4,0.01456819300084116,1.0
10.41,0.014547206410300705,1.0
10.42,0.014526270159380591,1.0
10.43,0.014505384079196425,1.0
10.44,0.014484548001591595,1.0
10.45,0.014463761759133423,1.0
10.46,0.014443025185109388,1.0
10.47,0.014422338113523316,1.0
10.48,0.01440170037909164,1.0
10.49,0.014381111817239653,1.0
10.5,0.014360572264097794,1.0
10.51,0.014340081556497984,1.0
10.52,0.014319639531969915,1.0
10.53,0.014299246028737445,1.0
10.54,0.014278900885714972,1.0
10.55,0.014258603942503806,1.0
10.56,0.014238355039388629,1.0
10.57,0.014218154017333921,1.0
10.58,0.014198000717980417,1.0
10.59,0.014177894983641621,1.0
10.6,0.014157836657300294,1.0
10.61,0.014137825582605,1.0
10.62,0.014117861603866652,1.0
10.63,0.01409794456605508,1.0
10.64,0.01407807431479565,1.0
10.65,0.014058250696365845,1.0
10.66,0.01403847355769192,1.0
10.67,0.01401874274634556,1.0
10.68,0.013999058110540561,1.0
10.69,0.01397941949912951,1.0
10.7,0.013959826761600512,1.0
10.71,0.013940279748073929,1.0
10.72,0.013920778309299144,1.0
10.73,0.013901322296651317,1.0
10.74,0.013881911562128195,1.0
10.75,0.013862545958346928,1.0
10.76,0.013843225338540903,1.0
10.77,0.013823949556556584,1.0
10.78,0.013804718466850411,1.0
10.79,0.013785531924485672,1.0
10.8,0.013766389785129405,1.0
10.81,0.013747291905049365,1.0
10.82,0.013728238141110925,1.0
10.83,0.013709228350774075,1.0
10.84,0.013690262392090383,1.0
10.85,0.01367134012370002,1.0
10.86,0.013652461404828755,1.0
10.87,0.013633626095285012,1.0
10.88,0.013614834055456918,1.0
10.89,0.01359608514630937,1.0
10.9,0.013577379229381143,1.0
10.91,0.01355871616678198,1.0
10.92,0.013540095821189715,1.0
10.93,0.013521518055847434,1.0
10.94,0.013502982734560617,1.0
10.95,0.013484489721694326,1.0
10.96,0.013466038882170376,1.0
10.97,0.01344763008146458,1.0
10.98,0.013429263185603946,1.0
10.99,0.013410938061163915,1.0
11.0,0.013392654575265648,1.0
11.01,0.01337441259557328,1.0
11.02,0.013356211990291205,1.0
11.03,0.01333805262816141,1.0
11.04,0.01331993437846076,1.0
11.05,0.013301857110998372,1.0
11.06,0.013283820696112949,1.0
11.07,0.013265825004670145,1.0
11.08,0.013247869908059972,1.0
11.09,0.013229955278194172,1.0
11.1,0.01321208098750366,1.0
11.11,0.013194246908935928,1.0
11.12,0.013176452915952515,1.0
11.13,0.01315869888252645,1.0
11.14,0.013140984683139735,1.0
11.15,0.013123310192780836,1.0
11.16,0.013105675286942177,1.0
11.17,0.013088079841617674,1.0
11.18,0.013070523733300256,1.0
11.19,0.013053006838979427,1.0
11.2,0.01303552903613881,1.0
11.21,0.01301809020275373,1.0
11.22,0.013000690217288821,1.0
11.23,0.012983328958695606,1.0
11.24,0.012966006306410125,1.0
11.25,0.012948722140350567,1.0
11.26,0.012931476340914917,1.0
11.27,0.01291426878897861,1.0
11.28,0.012897099365892208,1.0
11.29,0.01287996795347909,1.0
11.3,0.01286287443403313,1.0
11.31,0.01284581869031645,1.0
11.32,0.012828800605557097,1.0
11.33,0.012811820063446815,1.0
11.34,0.01279487694813879,1.0
11.35,0.012777971144245406,1.0
11.36,0.012761102536836032,1.0
11.37,0.012744271011434802,1.0
11.38,0.012727476454018425,1.0
11.39,0.012710718751014002,1.0
11.4,0.012693997789296849,1.0
11.41,0.012677313456188333,1.0
11.42,0.012660665639453733,1.0
11.43,0.012644054227300095,1.0
11.44,0.012627479108374121,1.0
11.45,0.012610940171760045,1.0
11.46,0.012594437306977539,1.0
11.47,0.012577970403979635,1.0
11.48,0.012561539353150632,1.0
11.49,0.012545144045304034,1.0
11.5,0.01252878437168051,1.0
11.51,0.01251246022394585,1.0
11.52,0.01249617149418893,1.0
11.53,0.012479918074919692,1.0
11.54,0.012463699859067156,1.0
11.55,0.012447516739977385,1.0
11.56,0.012431368611411558,1.0
11.57,0.012415255367543952,1.0
11.58,0.012399176902959995,1.0
11.59,0.012383133112654314,1.0
11.6,0.0123671238920288,1.0
11.61,0.012351149136890678,1.0
11.62,0.012335208743450577,1.0
11.63,0.012319302608320643,1.0
11.64,0.012303430628512628,1.0
11.65,0.012287592701436003,1.0
11.66,0.012271788724896093,1.0
11.67,0.012256018597092196,1.0
11.68,0.012240282216615751,1.0
11.69,0.012224579482448471,1.0
11.7,0.012208910293960516,1.0
11.71,0.012193274550908677,1.0
11.72,0.012177672153434555,1.0
11.73,0.012162103002062757,1.0
11.74,0.012146566997699096,1.0
11.75,0.012131064041628824,1.0
11.76,0.01211559403551484,1.0
11.77,0.012100156881395943,1.0
11.78,0.012084752481685052,1.0
11.79,0.012069380739167496,1.0
11.8,0.012054041556999236,1.0
11.81,0.012038734838705191,1.0
11.82,0.01202346048817747,1.0
11.83,0.012008218409673697,1.0
11.84,0.01199300850781531,1.0
11.85,0.011977830687585851,1.0
11.86,0.011962684854329326,1.0
11.87,0.011947570913748493,1.0
11.88,0.011932488771903234,1.0
11.89,0.011917438335208886,1.0
11.9,0.011902419510434607,1.0
11.91,0.01188743220470173,1.0
11.92,0.011872476325482157,1.0
11.93,0.011857551780596724,1.0
11.94,0.011842658478213612,1.0
11.95,0.011827796326846734,1.0
11.96,0.011812965235354146,1.0
11.97,0.01179816511293649,1.0
11.98,0.011783395869135384,1.0
11.99,0.011768657413831882,1.0
12.0,0.011753949657244923,1.0
12.01,0.01173927250992976,1.0
12.02,0.011724625882776445,1.0
12.03,0.011710009687008287,1.0
12.04,0.011695423834180336,1.0
12.05,0.011680868236177857,1.0
12.06,0.011666342805214848,1.0
12.07,0.011651847453832513,1.0
12.08,0.011637382094897793,1.0
12.09,0.011622946641601883,1.0
12.1,0.01160854100745874,1.0
12.11,0.01159416510630365,1.0
12.12,0.011579818852291736,1.0
12.13,0.01156550215989653,1.0
12.14,0.011551214943908528,1.0
12.15,0.011536957119433745,1.0
12.16,0.011522728601892298,1.0
12.17,0.01150852930701698,1.0
12.18,0.011494359150851861,1.0
12.19,0.011480218049750865,1.0
12.2,0.01146610592037639,1.0
12.21,0.011452022679697908,1.0
12.22,0.011437968244990592,1.0
12.23,0.011423942533833933,1.0
12.24,0.011409945464110376,1.0
12.25,0.011395976954003963,1.0
12.26,0.011382036921998977,1.0
12.27,0.011368125286878602,1.0
12.28,0.01135424196772357,1.0
12.29,0.011340386883910848,1.0
12.3,0.011326559955112302,1.0
12.31,0.011312761101293384,1.0
12.32,0.011298990242711823,1.0
12.33,0.011285247299916314,1.0
12.34,0.01127153219374523,1.0
12.35,0.011257844845325328,1.0
12.36,0.011244185176070468,1.0
12.37,0.01123055310768033,1.0
12.38,0.011216948562139156,1.0
12.39,0.011203371461714481,1.0
12.4,0.011189821728955874,1.0
12.41,0.011176299286693694,1.0
12.42,0.011162804058037839,1.0
12.43,0.011149335966376513,1.0
12.44,0.011135894935375005,1.0
12.45,0.011122480888974457,1.0
12.46,0.011109093751390636,1.0
12.47,0.011095733447112744,1.0
12.48,0.011082399900902196,1.0
12.49,0.01106909303779144,1.0
12.5,0.011055812783082736,1.0
12.51,0.011042559062347001,1.0
12.52,0.011029331801422609,1.0
12.53,0.011016130926414226,1.0
12.54,0.011002956363691635,1.0
12.55,0.01098980803988859,1.0
12.56,0.010976685881901635,1.0
12.57,0.010963589816888983,1.0
12.58,0.010950519772269345,1.0
12.59,0.010937475675720815,1.0
12.6,0.010924457455179722,1.0
12.61,0.010911465038839514,1.0
12.62,0.010898498355149633,1.0
12.63,0.010885557332814396,1.0
12.64,0.010872641900791905,1.0
12.65,0.010859751988292917,1.0
12.66,0.010846887524779764,1.0
12.67,0.010834048439965256,1.0
12.68,0.010821234663811598,1.0
12.69,0.010808446126529307,1.0
12.7,0.010795682758576137,1.0
12.71,0.010782944490656001,1.0
12.72,0.010770231253717927,1.0
12.73,0.010757542978954985,1.0
12.74,0.010744879597803231,1.0
12.75,0.010732241041940664,1.0
12.76,0.01071962724328619,1.0
12.77,0.010707038133998566,1.0
12.78,0.010694473646475394,1.0
12.79,0.010681933713352068,1.0
12.8,0.010669418267500771,1.0
12.81,0.010656927242029456,1.0
12.82,0.010644460570280815,1.0
12.83,0.01063201818583131,1.0
12.84,0.01061960002249013,1.0
12.85,0.010607206014298227,1.0
12.86,0.010594836095527313,1.0
12.87,0.010582490200678875,1.0
12.88,0.01057016826448318,1.0
12.89,0.010557870221898337,1.0
12.9,0.010545596008109283,1.0
12.91,0.010533345558526839,1.0
12.92,0.010521118808786745,1.0
12.93,0.010508915694748709,1.0
12.94,0.010496736152495441,1.0
12.95,0.010484580118331716,1.0
12.96,0.010472447528783435,1.0
12.97,0.010460338320596679,1.0
12.98,0.010448252430736786,1.0
12.99,0.010436189796387406,1.0
13.0,0.010424150354949598,1.0
13.01,0.010412134044040894,1.0
13.02,0.010400140801494403,1.0
13.03,0.010388170565357872,1.0
13.04,0.010376223273892825,1.0
13.05,0.010364298865573609,1.0
13.06,0.010352397279086547,1.0
13.07,0.010340518453329013,1.0
13.08,0.010328662327408561,1.0
13.09,0.010316828840642032,1.0
13.1,0.01030501793255469,1.0
13.11,0.010293229542879328,1.0
13.12,0.010281463611555417,1.0
13.13,0.010269720078728225,1.0
13.14,0.010257998884747974,1.0
13.15,0.01024629997016896,1.0
13.16,0.010234623275748716,1.0
13.17,0.010222968742447162,1.0
13.18,0.01021133631142576,1.0
13.19,0.010199725924046664,1.0
13.2,0.010188137521871898,1.0
13.21,0.010176571046662516,1.0
13.22,0.010165026440377777,1.0
13.23,0.010153503645174321,1.0
13.24,0.010142002603405344,1.0
13.25,0.010130523257619792,1.0
13.26,0.01011906555056154,1.0
13.27,0.010107629425168591,1.0
13.28,0.010096214824572267,1.0
13.29,0.010084821692096412,1.0
13.3,0.010073449971256592,1.0
13.31,0.010062099605759316,1.0
13.32,0.010050770539501229,1.0
13.33,0.010039462716568337,1.0
13.34,0.010028176081235234,1.0
13.35,0.010016910577964309,1.0
13.36,0.010005666151404982,1.0
13.37,0.009994442746392936,1.0
13.38,0.009983240307949351,1.0
13.39,0.009972058781280142,1.0
13.4,0.009960898111775194,1.0
13.41,0.009949758245007618,1.0
13.42,0.009938639126732991,1.0
13.43,0.009927540702888616,1.0
13.44,0.009916462919592778,1.0
13.45,0.009905405723144,1.0
13.46,0.009894369060020303,1.0
13.47,0.00988335287687849,1.0
13.48,0.009872357120553399,1.0
13.49,0.00986138173805718,1.0
13.5,0.009850426676578585,1.0
13.51,0.009839491883482234,1.0
13.52,0.009828577306307904,1.0
13.53,0.009817682892769833,1.0
13.54,0.009806808590755983,1.0
13.55,0.009795954348327352,1.0
13.56,0.009785120113717282,1.0
13.57,0.009774305835330737,1.0
13.58,0.009763511461743623,1.0
13.59,0.009752736941702093,1.0
13.6,0.00974198222412186,1.0
13.61,0.00973124725808751,1.0
13.62,0.009720531992851817,1.0
13.63,0.009709836377835077,1.0
13.64,0.009699160362624418,1.0
13.65,0.009688503896973132,1.0
13.66,0.009677866930800017,1.0
13.67,0.009667249414188688,1.0
13.68,0.009656651297386938,1.0
13.69,0.009646072530806071,1.0
13.7,0.009635513065020241,1.0
13.71,0.009624972850765794,1.0
13.72,0.009614451838940637,1.0
13.73,0.009603949980603581,1.0
13.74,0.009593467226973679,1.0
13.75,0.009583003529429621,1.0
13.76,0.009572558839509063,1.0
13.77,0.009562133108908013,1.0
13.78,0.00955172628948019,1.0
13.79,0.009541338333236397,1.0
13.8,0.009530969192343893,1.0
13.81,0.00952061881912578,1.0
13.82,0.009510287166060363,1.0
13.83,0.009499974185780559,1.0
13.84,0.009489679831073253,1.0
13.85,0.009479404054878715,1.0
13.86,0.009469146810289973,1.0
13.87,0.009458908050552217,1.0
13.88,0.009448687729062183,1.0
13.89,0.009438485799367576,1.0
13.9,0.009428302215166447,1.0
13.91,0.009418136930306619,1.0
13.92,0.009407989898785081,1.0
13.93,0.00939786107474741,1.0
13.94,0.009387750412487175,1.0
13.95,0.009377657866445366,1.0
13.96,0.009367583391209798,1.0
13.97,0.009357526941514543,1.0
13.98,0.00934748847223936,1.0
13.99,0.009337467938409106,1.0
14.0,0.009327465295193177,1.0
14.01,0.009317480497904942,1.0
14.02,0.009307513502001175,1.0
14.03,0.009297564263081488,1.0
14.04,0.009287632736887784,1.0
14.05,0.009277718879303681,1.0
14.06,0.009267822646353986,1.0
14.07,0.009257943994204113,1.0
14.08,0.009248082879159552,1.0
14.09,0.009238239257665322,1.0
14.1,0.009228413086305412,1.0
14.11,0.009218604321802262,1.0
14.12,0.009208812921016203,1.0
14.13,0.009199038840944931,1.0
14.14,0.009189282038722978,1.0
14.15,0.009179542471621163,1.0
14.16,0.009169820097046078,1.0
14.17,0.009160114872539558,1.0
14.18,0.009150426755778153,1.0
14.19,0.0091407557045726,1.0
14.2,0.009131101676867323,1.0
14.21,0.009121464630739892,1.0
14.22,0.009111844524400533,1.0
14.23,0.00910224131619159,1.0
14.24,0.009092654964587034,1.0
14.25,0.00908308542819194,1.0
14.26,0.009073532665741997,1.0
14.27,0.009063996636102993,1.0
14.28,0.00905447729827032,1.0
14.29,0.009044974611368472,1.0
14.3,0.009035488534650549,1.0
14.31,0.009026019027497764,1.0
14.32,0.009016566049418953,1.0
14.33,0.00900712956005008,1.0
14.34,0.008997709519153753,1.0
14.35,0.008988305886618735,1.0
14.36,0.008978918622459472,1.0
14.37,0.008969547686815594,1.0
14.38,0.008960193039951452,1.0
14.39,0.008950854642255635,1.0
14.4,0.0089415324542405,1.0
14.41,0.008932226436541686,1.0
14.42,0.00892293654991766,1.0
14.43,0.008913662755249244,1.0
14.44,0.008904405013539144,1.0
14.45,0.008895163285911493,1.0
14.46,0.008885937533611383,1.0
14.47,0.00887672771800441,1.0
14.48,0.008867533800576215,1.0
14.49,0.008858355742932027,1.0
14.5,0.008849193506796213,1.0
14.51,0.008840047054011821,1.0
14.52,0.008830916346540136,1.0
14.53,0.008821801346460231,1.0
14.54,0.008812702015968517,1.0
14.55,0.008803618317378303,1.0
14.56,0.008794550213119359,1.0
14.57,0.008785497665737474,1.0
14.58,0.008776460637894007,1.0
14.59,0.008767439092365471,1.0
14.6,0.00875843299204308,1.0
14.61,0.008749442299932336,1.0
14.62,0.008740466979152582,1.0
14.63,0.008731506992936587,1.0
14.64,0.008722562304630114,1.0
14.65,0.008713632877691493,1.0
14.66,0.008704718675691206,1.0
14.67,0.00869581966231146,1.0
14.68,0.008686935801345774,1.0
14.69,0.008678067056698558,1.0
14.7,0.008669213392384701,1.0
14.71,0.008660374772529154,1.0
14.72,0.00865155116136653,1.0
14.73,0.008642742523240675,1.0
14.74,0.00863394882260428,1.0
14.75,0.008625170024018466,1.0
14.76,0.008616406092152376,1.0
14.77,0.008607656991782781,1.0
14.78,0.00859892268779368,1.0
14.79,0.008590203145175895,1.0
14.8,0.00858149832902667,1.0
14.81,0.008572808204549295,1.0
14.82,0.008564132737052695,1.0
14.83,0.008555471891951038,1.0
14.84,0.00854682563476336,1.0
14.85,0.008538193931113157,1.0
14.86,0.008529576746728017,1.0
14.87,0.008520974047439227,1.0
14.88,0.008512385799181376,1.0
14.89,0.00850381196799201,1.0
14.9,0.008495252520011206,1.0
14.91,0.00848670742148123,1.0
14.92,0.008478176638746147,1.0
14.93,0.008469660138251438,1.0
14.94,0.008461157886543643,1.0
14.95,0.008452669850269977,1.0
14.96,0.008444195996177965,1.0
14.97,0.008435736291115074,1.0
14.98,0.008427290702028344,1.0
14.99,0.008418859195964022,1.0
0.0,inf,1.0
0.01,488.60251190291996,1.0
0.02,172.74707473566775,1.0
0.03,94.03159725795938,1.0
0.04,61.075313987864995,1.0
0.05,43.70193722368316,1.0
0.06,33.24519003345273,1.0
0.07,26.382055846053113,1.0
0.08,21.59338434195847,1.0
0.09,18.096389329737775,1.0
0.1,15.450968080927582,1.0
0.11,13.392654575265649,1.0
0.12,11.753949657244922,1.0
0.13,10.424150354949598,1.0
0.14,9.327465295193177,1.0
0.15,8.410441740067201,1.0
0.16,7.634414248483124,1.0
0.17,6.970795036393942,1.0
0.18,6.398039805024732,1.0
0.19,5.899637044168856,1.0
0.2,5.462742152960395,1.0
0.21,5.077229014831502,1.0
0.22,4.735018434129691,1.0
0.23,4.429594194619663,1.0
0.24,4.155648754181591,1.0
0.25,3.908820095223359,1.0
0.26,3.685493702046508,1.0
0.27,3.482651750294792,1.0
0.28,3.297756980756639,1.0
0.29,3.1286623683437838,1.0
0.3,2.973540193587952,1.0
0.31,2.83082586197951,1.0
0.32,2.6991730427448086,1.0
0.33,2.577417574731099,1.0
0.34,2.464548220247841,1.0
0.35,2.35968281031882,1.0
0.36,2.262048666217222,1.0
0.37,2.1709664365322654,1.0
0.38,2.085836680235579,1.0
0.39,2.006128671167761,1.0
0.4,1.9313710101159478,1.0
0.41,1.861143715904913,1.0
0.42,1.7950715330122247,1.0
0.43,1.732818244793366,1.0
0.44,1.674081821908206,1.0
0.45,1.6185902675438208,1.0
0.46,1.5660980464600633,1.0
0.47,1.5163830052036031,1.0
0.48,1.4692437071556153,1.0
0.49,1.4244971192504956,1.0
0.5,1.3819765978853418,1.0
0.51,1.3415301302425833,1.0
0.52,1.3030187943686997,1.0
0.53,1.2663154072024738,1.0
0.54,1.231303334572323,1.0
0.55,1.1978754411787025,1.0
0.56,1.165933161899147,1.0
0.5700000000000001,1.135385678523992,1.0
0.58,1.1061491883495267,1.0
0.59,1.078146253002308,1.0
0.6,1.0513052175084001,1.0
0.61,1.025559691006976,1.0
0.62,1.0008480816819827,1.0
0.63,0.9771131794834486,1.0
0.64,0.9543017810603905,1.0
0.65,0.9323643520538343,1.0
0.66,0.9112547225208723,1.0
0.67,0.8909298117951452,1.0
0.68,0.8713493795492427,1.0
0.6900000000000001,0.8524758002214886,1.0
0.7000000000000001,0.8342738583128836,1.0
0.71,0.816710562357506,1.0
0.72,0.7997549756280915,1.0
0.73,0.7833780618634081,1.0
0.74,0.7675525445001798,1.0
0.75,0.7522527780636751,1.0
0.76,0.737454630521107,1.0
0.77,0.7231353755335567,1.0
0.78,0.7092735936577406,1.0
0.79,0.6958490816506819,1.0
0.8,0.6828427691200494,1.0
0.81,0.6702366418421398,1.0
0.8200000000000001,0.6580136711395466,1.0
0.8300000000000001,0.646157748772625,1.0
0.84,0.6346536268539378,1.0
0.85,0.623486862343799,1.0
0.86,0.61264376572858,1.0
0.87,0.6021113535222452,1.0
0.88,0.5918773042662113,1.0
0.89,0.5819299177335702,1.0
0.9,0.572258077071392,1.0
0.91,0.562851213639639,1.0
0.92,0.5536992743274579,1.0
0.93,0.5447926911476081,1.0
0.94,0.5361223529277518,1.0
0.95,0.5276795789334997,1.0
0.96,0.5194560942726989,1.0
0.97,0.5114440069435909,1.0
0.98,0.5036357864013636,1.0
0.99,0.49602424352835744,1.0
1.0,0.48860251190291987,1.0
1.01,0.4813640302707171,1.0
1.02,0.4743025261303013,1.0
1.03,0.4674120003520044,1.0
1.04,0.4606867127558135,1.0
1.05,0.45412116857990104,1.0
1.06,0.4477101057769368,1.0
1.07,0.4414484830802998,1.0
1.08,0.435331468786849,1.0
1.09,0.42935443020706165,1.0
1.1,0.4235129237371439,1.0
1.11,0.41780268551118194,1.0
1.12,0.4122196225945799,1.0
1.13,0.40675980468293965,1.0
1.14,0.40141945627320236,1.0
1.15,0.39619494927632004,1.0
1.16,0.39108279604297297,1.0
1.17,0.38607964277591106,1.0
1.18,0.38118226330439964,1.0
1.19,0.3763875531979962,1.0
1.2,0.371692524198494,1.0
1.21,0.36709429895035306,1.0
1.22,0.3625901060113066,1.0
1.23,0.35817727512609393,1.0
1.24,0.35385323274743874,1.0
1.25,0.3496154977894653,1.0
1.26,0.3454616775997474,1.0
1.27,0.34138946413710247,1.0
1.28,0.3373966303431011,1.0
1.29,0.33348102669604823,1.0
1.3,0.32964057793693397,1.0
1.31,0.3258732799575223,1.0
1.32,0.32217719684138735,1.0
1.33,0.31855045804928517,1.0
1.34,0.31499125574080084,1.0
1.35,0.3114978422247111,1.0
1.36,0.30806852753098013,1.0
1.37,0.3047016770977405,1.0
1.38,0.3013957095670216,1.0
1.39,0.29814909468336903,1.0
1.4,0.2949603512898525,1.0
1.41,0.29182804541629126,1.0
1.42,0.2887507884548356,1.0
1.43,0.28572723541832956,1.0
1.44,0.28275608327715274,1.0
1.45,0.2798360693704875,1.0
1.46,0.2769659698881953,1.0
1.47,0.2741445984197066,1.0
1.48,0.2713708045665332,1.0
1.49,0.26864347261520566,1.0
1.5,0.2659615202676218,1.0
1.51,0.2633238974259565,1.0
1.52,0.2607295850294474,1.0
1.53,0.25817759394051637,1.0
1.54,0.2556669638778293,1.0
1.55,0.2531967623940249,1.0
1.56,0.2507660838959701,1.0
1.57,0.24837404870551313,1.0
1.58,0.24601980215881442,1.0
1.59,0.24370251374243962,1.0
1.6,0.24142137626449348,1.0
1.61,0.2391756050591647,1.0
1.62,0.23696443722313815,1.0
1.63,0.23478713088240946,1.0
1.64,0.2326429644881141,1.0
1.65,0.23053123614005527,1.0
1.66,0.22845126293667836,1.0
1.67,0.2264023803503093,1.0
1.68,0.22438394162652808,1.0
1.69,0.222395317206609,1.0
1.7,0.2204358941720119,1.0
1.71,0.21850507570995767,1.0
1.72,0.21660228059917075,1.0
1.73,0.21472694271491544,1.0
1.74,0.2128785105524951,1.0
1.75,0.21105644676842492,1.0
1.76,0.20926022773852576,1.0
1.77,0.20748934313222298,1.0
1.78,0.20574329550236856,1.0
1.79,0.20402159988993734,1.0
1.8,0.2023237834429776,1.0
1.81,0.20064938504922747,1.0
1.82,0.19899795498183348,1.0
1.83,0.19736905455763565,1.0
1.84,0.19576225580750792,1.0
1.85,0.19417714115826512,1.0
1.86,0.19261330312567104,1.0
1.87,0.19107034401810344,1.0
1.88,0.1895478756504504,1.0
1.89,0.1880455190678334,1.0
1.9,0.18656290427876984,1.0
1.91,0.18509966999740368,1.0
1.92,0.1836554633944519,1.0
1.93,0.1822299398565276,1.0
1.94,0.18082276275351644,1.0
1.95,0.17943360321369747,1.0
1.96,0.17806213990631195,1.0
1.97,0.17670805883129723,1.0
1.98,0.1753710531159145,1.0
1.99,0.1740508228180109,1.0
2.0,0.17274707473566772,1.0
2.01,0.17145952222299662,1.0
2.02,0.1701878850118553,1.0
2.03,0.1689318890392656,1.0
2.04,0.1676912662803229,1.0
2.05,0.1664657545863977,1.0
2.06,0.16525509752843562,1.0
2.07,0.16405904424517273,1.0
2.08,0.16287734929608746,1.0
2.09,0.16170977251892135,1.0
2.1,0.1605560788916037,1.0
2.11,0.15941603839842508,1.0
2.12,0.15828942590030923,1.0
2.13,0.15717602100903896,1.0
2.14,0.15607560796529746,1.0
2.15,0.15498797552039353,1.0
2.16,0.15391291682154037,1.0
2.17,0.15285022930056816,1.0
2.18,0.15179971456594976,1.0
2.19,0.15076117829802865,1.0
2.2,0.1497344301473378,1.0
2.21,0.14871928363590664,1.0
2.22,0.14771555606145362,1.0
2.23,0.14672306840436908,1.0
2.24,0.14574164523739339,1.0
2.25,0.1447711146379022,1.0
2.26,0.14381130810271112,1.0
2.27,0.1428620604653175,1.0
2.28,0.14192320981549905,1.0
2.29,0.14099459742119166,1.0
2.3000000000000003,0.14007606765257302,1.0
2.31,0.13916746790828005,1.0
2.32,0.13826864854369084,1.0
2.33,0.1373794628012059,1.0
2.34,0.13649976674246328,1.0
2.35,0.13562941918242694,1.0
2.36,0.1347682816252885,1.0
2.37,0.13391621820212504,1.0
2.38,0.13307309561025776,1.0
2.39,0.13223878305425804,1.0
2.4,0.13141315218855001,1.0
2.41,0.1305960770615588,1.0
2.42,0.1297874340613582,1.0
2.43,0.12898710186277007,1.0
2.44,0.128194961375872,1.0
2.45,0.12741089569586928,1.0
2.46,0.12663479005429037,1.0
2.47,0.12586653177146517,1.0
2.48,0.12510601021024784,1.0
2.49,0.12435311673094586,1.0
2.5,0.12360774464742066,1.0
2.51,0.12286978918432304,1.0
2.52,0.12213914743543107,1.0
2.53,0.12141571832305732,1.0
2.54,0.12069940255849346,1.0
2.5500000000000003,0.11999010260346248,1.0
2.56,0.11928772263254882,1.0
2.57,0.1185921684965772,1.0
2.58,0.11790334768691388,1.0
2.59,0.11722116930066252,1.0
2.6,0.11654554400672928,1.0
2.61,0.11587638401273276,1.0
2.62,0.11521360303273312,1.0
2.63,0.11455711625575932,1.0
2.64,0.11390684031510903,1.0
2.65,0.11326269325840235,1.0
2.66,0.1126245945183652,1.0
2.67,0.11199246488432449,1.0
2.68,0.11136622647439315,1.0
2.69,0.11074580270832722,1.0
2.7,0.11013111828103524,1.0
2.71,0.10952209913672306,1.0
2.72,0.10891867244365534,1.0
2.73,0.10832076656951772,1.0
2.74,0.10772831105736301,1.0
2.75,0.10714123660212518,1.0
2.76,0.10655947502768608,1.0
2.77,0.10598295926447977,1.0
2.78,0.10541162332762012,1.0
2.79,0.10484540229553742,1.0
2.8000000000000003,0.10428423228911045,1.0
2.81,0.103728050451281,1.0
2.82,0.10317679492713766,1.0
2.83,0.10263040484445678,1.0
2.84,0.10208882029468826,1.0
2.85,0.10155198231437479,1.0
2.86,0.10101983286699297,1.0
2.87,0.10049231482520506,1.0
2.88,0.09996937195351144,1.0
2.89,0.09945094889129247,1.0
2.9,0.0989369911362304,1.0
2.91,0.09842744502810102,1.0
2.92,0.09792225773292601,1.0
2.93,0.09742137722747644,1.0
2.94,0.09692475228411872,1.0
2.95,0.09643233245599389,1.0
2.96,0.09594406806252248,1.0
2.97,0.09545991017522587,1.0
2.98,0.09497981060385725,1.0
2.99,0.09450372188283317,1.0
3.0,0.09403159725795938,1.0
3.01,0.09356339067344269,1.0
3.02,0.09309905675918234,1.0
3.03,0.09263855081833389,1.0
3.04,0.09218182881513838,1.0
3.0500000000000003,0.09172884736301111,1.0
3.06,0.09127956371288301,1.0
3.0700000000000003,0.09083393574178854,1.0
3.08,0.09039192194169458,1.0
3.09,0.08995348140856374,1.0
3.1,0.08951857383164699,1.0
3.11,0.08908715948300004,1.0
3.12,0.08865919920721757,1.0
3.13,0.08823465441138087,1.0
3.14,0.08781348705521308,1.0
3.15,0.08739565964143778,1.0
3.16,0.08698113520633524,1.0
3.17,0.08656987731049279,1.0
3.18,0.08616185002974341,1.0
3.19,0.08575701794628952,1.0
3.2,0.08535534614000617,1.0
3.21,0.08495680017992104,1.0
3.22,0.08456134611586544,1.0
3.23,0.08416895047029396,1.0
3.24,0.08377958023026748,1.0
3.25,0.08339320283959678,1.0
3.26,0.0830097861911426,1.0
3.27,0.08262929861926849,1.0
3.28,0.08225170889244333,1.0
3.29,0.08187698620598972,1.0
3.3000000000000003,0.08150510017497517,1.0
3.31,0.08113602082724275,1.0
3.3200000000000003,0.08076971859657812,1.0
3.33,0.08040616431600983,1.0
3.34,0.08004532921123986,1.0
3.35,0.07968718489420155,1.0
3.36,0.07933170335674222,1.0
3.37,0.07897885696442719,1.0
3.38,0.07862861845046323,1.0
3.39,0.07828096090973825,1.0
3.4,0.07793585779297488,1.0
3.41,0.07759328290099535,1.0
3.42,0.07725321037909551,1.0
3.43,0.0769156147115251,1.0
3.44,0.0765804707160725,1.0
3.45,0.07624775353875114,1.0
3.46,0.07591743864858602,1.0
3.47,0.07558950183249746,1.0
3.48,0.07526391919028065,1.0
3.49,0.07494066712967838,1.0
3.5,0.07461972236154542,1.0
3.51,0.07430106189510227,1.0
3.52,0.07398466303327642,1.0
3.53,0.07367050336812962,1.0
3.54,0.07335856077636863,1.0
3.5500000000000003,0.07304881341493857,1.0
3.56,0.07274123971669627,1.0
3.5700000000000003,0.07243581838616255,1.0
3.58,0.07213252839535163,1.0
3.59,0.07183134897967577,1.0
3.6,0.071532259633924,1.0
3.61,0.07123524010831316,1.0
3.62,0.07094027040460972,1.0
3.63,0.07064733077232109,1.0
3.64,0.07035640170495487,1.0
3.65,0.07006746393634464,1.0
3.66,0.06978049843704091,1.0
3.67,0.0694954864107662,1.0
3.68,0.06921240929093224,1.0
3.69,0.06893124873721901,1.0
3.7,0.06865198663221336,1.0
3.71,0.06837460507810687,1.0
3.72,0.06809908639345101,1.0
3.73,0.06782541310996917,1.0
3.74,0.06755356796942372,1.0
3.75,0.0672835339205376,1.0
3.76,0.06701529411596897,1.0
3.77,0.06674883190933796,1.0
3.78,0.06648413085230462,1.0
3.79,0.06622117469169683,1.0
3.8,0.06595994736668746,1.0
3.81,0.0657004330060194,1.0
3.82,0.06544261592527814,1.0
3.83,0.0651864806242102,1.0
3.84,0.06493201178408736,1.0
3.85,0.06467919426511484,1.0
3.86,0.0644280131038837,1.0
3.87,0.0641784535108654,1.0
3.88,0.06393050086794887,1.0
3.89,0.06368414072601816,1.0
3.9,0.06343935880257087,1.0
3.91,0.063196140979376,1.0
3.92,0.06295447330017045,1.0
3.93,0.06271434196839393,1.0
3.94,0.06247573334496082,1.0
3.95,0.06223863394606906,1.0
3.96,0.06200303044104468,1.0
3.97,0.061768909650221734,1.0
3.98,0.0615362585428569,1.0
3.99,0.061305064235077804,1.0
4.0,0.06107531398786498,1.0
4.01,0.06084699520506624,1.0
4.0200000000000005,0.060620095431443206,1.0
4.03,0.06039460235074952,1.0
4.04,0.06017050378383964,1.0
4.05,0.05994778768680818,1.0
4.0600000000000005,0.05972644214915903,1.0
4.07,0.059506455392003575,1.0
4.08,0.059287815766287666,1.0
4.09,0.059070511751046766,1.0
4.1,0.058854531951688716,1.0
4.11,0.05863986509830363,1.0
4.12,0.05842650004400055,1.0
4.13,0.05821442576327006,1.0
4.14,0.058003631350372724,1.0
4.15,0.05779410601775283,1.0
4.16,0.05758583909447669,1.0
4.17,0.05737882002469544,1.0
4.18,0.057173038366131655,1.0
4.19,0.056968483788589444,1.0
4.2,0.05676514607248763,1.0
4.21,0.056563015107415474,1.0
4.22,0.056362080890710715,1.0
4.23,0.05616233352605936,1.0
4.24,0.0559637632221171,1.0
4.25,0.05576636029115153,1.0
4.26,0.055570115147705344,1.0
4.2700000000000005,0.055375018307279644,1.0
4.28,0.05518106038503748,1.0
4.29,0.05498823209452672,1.0
4.3,0.05479652424642245,1.0
4.3100000000000005,0.054605927747288244,1.0
4.32,0.05441643359835612,1.0
4.33,0.05422803289432466,1.0
4.34,0.05404071682217524,1.0
4.3500000000000005,0.053854476660005896,1.0
4.36,0.05366930377588271,1.0
4.37,0.05348518962670789,1.0
4.38,0.05330212575710511,1.0
4.39,0.053120103798320994,1.0
4.4,0.052939115467142986,1.0
4.41,0.052759152564833156,1.0
4.42,0.05258020697607756,1.0
4.43,0.05240227066795116,1.0
4.44,0.05222533568889774,1.0
4.45,0.05204939416772492,1.0
4.46,0.05187443831261353,1.0
4.47,0.05170046041014161,1.0
4.48,0.05152745282432249,1.0
4.49,0.05135540799565673,1.0
4.5,0.05118431844019784,1.0
4.51,0.051014176748631415,1.0
4.5200000000000005,0.05084497558536745,1.0
4.53,0.05067670768764579,1.0
4.54,0.050509365864654286,1.0
4.55,0.0503429429966596,1.0
4.5600000000000005,0.05017743203415027,1.0
4.57,0.050012825996992236,1.0
4.58,0.049849117973595966,1.0
4.59,0.049686301120095665,1.0
4.6000000000000005,0.04952436865953999,1.0
4.61,0.049363313881094106,1.0
4.62,0.04920313013925302,1.0
4.63,0.04904381085306598,1.0
4.64,0.04888534950537162,1.0
4.65,0.048727739642043987,1.0
4.66,0.04857097487124887,1.0
4.67,0.04841504886271058,1.0
4.68,0.04825995534698888,1.0
4.69,0.04810568811476601,1.0
4.7,0.04795224101614344,1.0
4.71,0.047799607959948406,1.0
4.72,0.047647782913049955,1.0
4.73,0.047496759899684375,1.0
4.74,0.04734653300078998,1.0
4.75,0.04719709635335085,1.0
4.76,0.04704844414974953,1.0
4.7700000000000005,0.046900570637128665,1.0
4.78,0.046753470116761287,1.0
4.79,0.04660713694342951,1.0
4.8,0.04646156552481175,1.0
4.8100000000000005,0.04631675032087822,1.0
4.82,0.046172685843294564,1.0
4.83,0.04602936665483346,1.0
4.84,0.04588678736879413,1.0
4.8500000000000005,0.04574494264842975,1.0
4.86,0.045603827206382334,1.0
4.87,0.04546343580412529,1.0
4.88,0.045323763251413324,1.0
4.89,0.04518480440573966,1.0
4.9,0.04504655417180053,1.0
4.91,0.04490900750096666,1.0
4.92,0.04477215939076174,1.0
4.93,0.04463600488434786,1.0
4.94,0.04450053907001753,1.0
4.95,0.04436575708069269,1.0
4.96,0.04423165409342984,1.0
4.97,0.04409822532893206,1.0
4.98,0.04396546605106706,1.0
4.99,0.043833371566391846,1.0
5.0,0.043701937223683165,1.0
5.01,0.04357115841347438,1.0
5.0200000000000005,0.043441030567598155,1.0
5.03,0.04331154915873516,1.0
5.04,0.04318270969996842,1.0
5.05,0.0430545077443436,1.0
5.0600000000000005,0.04292693888443479,1.0
5.07,0.04279999875191597,1.0
5.08,0.04267368301713781,1.0
5.09,0.04254798738871004,1.0
5.1000000000000005,0.04242290761308896,1.0
5.11,0.042298439474170405,1.0
5.12,0.042174578792887635,1.0
5.13,0.04205132142681454,1.0
5.14,0.0419286632697737,1.0
5.15,0.0418066002514495,1.0
5.16,0.04168512833700603,1.0
5.17,0.041564243526709836,1.0
5.18,0.04144394185555741,1.0
5.19,0.04132421939290726,1.0
5.2,0.041205072242116746,1.0
5.21,0.041086496540183225,1.0
5.22,0.04096848845738989,1.0
5.23,0.04085104419695575,1.0
5.24,0.04073415999469029,1.0
5.25,0.04061783211865202,1.0
5.26,0.04050205686881154,1.0
5.2700000000000005,0.040386830576718616,1.0
5.28,0.04027214960517342,1.0
5.29,0.040158010347901694,1.0
5.3,0.040044409229234086,1.0
5.3100000000000005,0.03993134270378918,1.0
5.32,0.039818807256160646,1.0
5.33,0.03970679940060797,1.0
5.34,0.03959531568075107,1.0
5.3500000000000005,0.03948435266926865,1.0
5.36,0.039373906967600104,1.0
5.37,0.03926397520565114,1.0
5.38,0.039154554041502844,1.0
5.39,0.03904564016112434,1.0
5.4,0.03893723027808889,1.0
5.41,0.03882932113329336,1.0
5.42,0.03872190949468111,1.0
5.43,0.03861499215696813,1.0
5.44,0.038508565941372516,1.0
5.45,0.03840262769534716,1.0
5.46,0.038297174292315536,1.0
5.47,0.03819220263141074,1.0
5.48,0.03808770963721756,1.0
5.49,0.03798369225951763,1.0
5.5,0.037880147473037536,1.0
5.51,0.037777072277199945,1.0
5.5200000000000005,0.037674463695877694,1.0
5.53,0.03757231877715067,1.0
5.54,0.037470634593065634,1.0
5.55,0.03736940823939878,1.0
5.5600000000000005,0.037268636835421115,1.0
5.57,0.037168317523666644,1.0
5.58,0.037068447469703066,1.0
5.59,0.03696902386190528,1.0
5.6000000000000005,0.036870043911231554,1.0
5.61,0.03677150485100214,1.0
5.62,0.03667340393668055,1.0
5.63,0.03657573844565736,1.0
5.64,0.03647850567703641,1.0
5.65,0.03638170295142361,1.0
5.66,0.036285327610718045,1.0
5.67,0.03618937701790551,1.0
5.68,0.03609384855685445,1.0
5.69,0.03599873963211416,1.0
5.7,0.03590404766871539,1.0
5.71,0.035809770111973005,1.0
5.72,0.035715904427291195,1.0
5.73,0.03562244809997064,1.0
5.74,0.03552939863501795,1.0
5.75,0.0354367535569573,1.0
5.76,0.03534451040964409,1.0
5.7700000000000005,0.0352526667560808,1.0
5.78,0.03516122017823484,1.0
5.79,0.03507016827685851,1.0
5.8,0.03497950867131094,1.0
5.8100000000000005,0.03488923899938197,1.0
5.82,0.034799356917118184,1.0
5.83,0.03470986009865056,1.0
5.84,0.03462074623602441,1.0
5.8500000000000005,0.034532013039030904,1.0
5.86,0.03444365823504065,1.0
5.87,0.03435567956883902,1.0
5.88,0.03426807480246333,1.0
5.89,0.03418084171504184,1.0
5.9,0.03409397810263444,1.0
5.91,0.03400748177807522,1.0
5.92,0.03392135057081665,1.0
5.93,0.033835582326775485,1.0
5.94,0.033750174908180455,1.0
5.95,0.033665126193421505,1.0
5.96,0.03358043407690071,1.0
5.97,0.033496096468884816,1.0
5.98,0.03341211129535943,1.0
5.99,0.03332847649788473,1.0
6.0,0.03324519003345273,1.0
6.01,0.03316224987434615,1.0
6.0200000000000005,0.03307965400799874,1.0
6.03,0.032997400436857234,1.0
6.04,0.032915487178244565,1.0
6.05,0.032833912264224774,1.0
6.0600000000000005,0.032752673741469236,1.0
6.07,0.03267176967112442,1.0
6.08,0.03259119812868092,1.0
6.09,0.03251095720384398,1.0
6.1000000000000005,0.03243104500040545,1.0
6.11,0.03235145963611697,1.0
6.12,0.032272199242564546,1.0
6.13,0.032193261965044545,1.0
6.140000000000001,0.032114645962440895,1.0
6.15,0.03203634940710362,1.0
6.16,0.03195837048472866,1.0
6.17,0.03188070739423894,1.0
6.18,0.031803358347666726,1.0
6.19,0.031726321570037165,1.0
6.2,0.03164959529925311,1.0
6.21,0.03157317778598106,1.0
6.22,0.03149706729353839,1.0
6.23,0.031421262097781684,1.0
6.24,0.03134576048699626,1.0
6.25,0.03127056076178687,1.0
6.26,0.031195661234969464,1.0
6.2700000000000005,0.031121060231464125,1.0
6.28,0.031046756088189142,1.0
6.29,0.030972747153956086,1.0
6.3,0.03089903178936606,1.0
6.3100000000000005,0.030825608366706947,1.0
6.32,0.030752475269851802,1.0
6.33,0.030679630894158146,1.0
6.34,0.030607073646368443,1.0
6.3500000000000005,0.03053480194451151,1.0
6.36,0.030462814217804952,1.0
6.37,0.03039110890655859,1.0
6.38,0.030319684462078885,1.0
6.390000000000001,0.030248539346574295,1.0
6.4,0.030177672033061684,1.0
6.41,0.030107081005273557,1.0
6.42,0.03003676475756633,1.0
6.43,0.02996672179482947,1.0
6.44,0.029896950632395586,1.0
6.45,0.02982744979595144,1.0
6.46,0.02975821782144976,1.0
6.47,0.029689253255022058,1.0
6.48,0.02962055465289227,1.0
6.49,0.029552120581291235,1.0
6.5,0.029483949616372067,1.0
6.51,0.029416040344126343,1.0
6.5200000000000005,0.029348391360301176,1.0
6.53,0.02928100127031704,1.0
6.54,0.02921386868918648,1.0
6.55,0.029146992241433592,1.0
6.5600000000000005,0.029080370561014264,1.0
6.57,0.029014002291237337,1.0
6.58,0.028947886084686375,1.0
6.59,0.028882020603142326,1.0
6.6000000000000005,0.028816404517506902,1.0
6.61,0.028751036507726712,1.0
6.62,0.028685915262718152,1.0
6.63,0.028621039480292997,1.0
6.640000000000001,0.02855640786708479,1.0
6.65,0.028492019138475874,1.0
6.66,0.02842787201852517,1.0
6.67,0.02836396523989669,1.0
6.68,0.028300297543788662,1.0
6.69,0.028236867679863453,1.0
6.7,0.02817367440617807,1.0
6.71,0.028110716489115374,1.0
6.72,0.02804799270331601,1.0
6.73,0.027985501831610894,1.0
6.74,0.027923242664954433,1.0
6.75,0.027861214002358338,1.0
6.76,0.027799414650826124,1.0
6.7700000000000005,0.027737843425288174,1.0
6.78,0.027676499148537485,1.0
6.79,0.027615380651165984,1.0
6.8,0.027554486771501487,1.0
6.8100000000000005,0.027493816355545212,1.0
6.82,0.02743336825691,1.0
6.83,0.027373141336758923,1.0
6.84,0.02731313446374471,1.0
6.8500000000000005,0.027253346513949544,1.0
6.86,0.027193776370825592,1.0
6.87,0.027134422925135973,1.0
6.88,0.027075285074896344,1.0
6.890000000000001,0.02701636172531705,1.0
6.9,0.026957651788745755,1.0
6.91,0.02689915418461071,1.0
6.92,0.02684086783936443,1.0
6.93,0.02678279168642803,1.0
6.94,0.026724924666135953,1.0
6.95,0.026667265725681368,1.0
6.96,0.026609813819061887,1.0
6.97,0.026552567907025967,1.0
6.98,0.026495526957019695,1.0
6.99,0.02643868994313413,1.0
7.0,0.026382055846053114,1.0
7.01,0.02632562365300153,1.0
7.0200000000000005,0.026269392357694096,1.0
7.03,0.02621336096028463,1.0
7.04,0.02615752846731572,1.0
7.05,0.026101893891668934,1.0
7.0600000000000005,0.02604645625251541,1.0
7.07,0.02599121457526704,1.0
7.08,0.025936167891527872,1.0
7.09,0.0258813152390462,1.0
7.1000000000000005,0.02582665566166695,1.0
7.11,0.025772188209284518,1.0
7.12,0.02571791193779607,1.0
7.13,0.02566382590905527,1.0
7.140000000000001,0.02560992919082637,1.0
7.15,0.025556220856738813,1.0
7.16,0.02550269998624216,1.0
7.17,0.025449365664561477,1.0
7.18,0.025396216982653066,1.0
7.19,0.02534325303716071,1.0
7.2,0.0252904729303722,1.0
7.21,0.025237875770176298,1.0
7.22,0.02518546067002008,1.0
7.23,0.025133226748866692,1.0
7.24,0.025081173131153434,1.0
7.25,0.025029298946750263,1.0
7.26,0.02497760333091865,1.0
7.27,0.024926085424270786,1.0
7.28,0.024874744372729185,1.0
7.29,0.02482357932748666,1.0
7.3,0.02477258944496658,1.0
7.31,0.024721773886783555,1.0
7.32,0.024671131819704456,1.0
7.33,0.024620662415609743,1.0
7.34,0.024570364851455168,1.0
7.35,0.024520238309233822,1.0
7.36,0.02447028197593849,1.0
7.37,0.024420495043524375,1.0
7.38,0.024370876708872093,1.0
7.390000000000001,0.024321426173751055,1.0
7.4,0.02427214264478314,1.0
7.41,0.024223025333406676,1.0
7.42,0.02417407345584076,1.0
7.43,0.024125286233049895,1.0
7.44,0.02407666289070888,1.0
7.45,0.02402820265916812,1.0
7.46,0.023979904773419082,1.0
7.47,0.02393176847306019,1.0
7.48,0.02388379300226293,1.0
7.49,0.023835977609738327,1.0
7.5,0.023788321548703615,1.0
7.51,0.02374082407684927,1.0
7.52,0.0236934844563063,1.0
7.53,0.02364630195361382,1.0
7.54,0.023599275839686937,1.0
7.55,0.023552405389784824,1.0
7.56,0.023505689883479175,1.0
7.57,0.02345912860462287,1.0
7.58,0.023412720841318912,1.0
7.59,0.02336646588588964,1.0
7.6,0.02332036303484623,1.0
7.61,0.023274411588858394,1.0
7.62,0.02322861085272439,1.0
7.63,0.0231829601353413,1.0
7.640000000000001,0.023137458749675457,1.0
7.65,0.023092106012733295,1.0
7.66,0.02304690124553227,1.0
7.67,0.02300184377307215,1.0
7.68,0.02295693292430649,1.0
7.69,0.022912168032114377,1.0
7.7,0.02286754843327238,1.0
7.71,0.022823073468426772,1.0
7.72,0.02277874248206595,1.0
7.73,0.022734554822493137,1.0
7.74,0.022690509841799263,1.0
7.75,0.022646606895836086,1.0
7.76,0.022602845344189555,1.0
7.77,0.0225592245501534,1.0
7.78,0.022515743880702904,1.0
7.79,0.02247240270646894,1.0
7.8,0.022429200401712184,1.0
7.81,0.022386136344297553,1.0
7.82,0.022343209915668915,1.0
7.83,0.022300420500823894,1.0
7.84,0.022257767488288994,1.0
7.85,0.022215250270094845,1.0
7.86,0.022172868241751718,1.0
7.87,0.02213062080222522,1.0
7.88,0.022088507353912153,1.0
7.890000000000001,0.022046527302616623,1.0
7.9,0.02200468005752634,1.0
7.91,0.021962965031189066,1.0
7.92,0.021921381639489312,1.0
7.930000000000001,0.021879929301625186,1.0
7.94,0.02183860744008548,1.0
7.95,0.02179741548062687,1.0
7.96,0.021756352852251363,1.0
7.97,0.02171541898718391,1.0
7.98,0.0216746133208502,1.0
7.99,0.021633935291854634,1.0
8.0,0.021593384341958465,1.0
8.01,0.021552959916058153,1.0
8.02,0.021512661462163844,1.0
8.03,0.02147248843137806,1.0
8.040000000000001,0.02143244027787457,1.0
8.05,0.021392516458877395,1.0
8.06,0.021352716434639995,1.0
8.07,0.02131303966842463,1.0
8.08,0.021273485626481913,1.0
8.09,0.021234053778030452,1.0
8.1,0.02119474359523674,1.0
8.11,0.021155554553195174,1.0
8.120000000000001,0.021116486129908192,1.0
8.13,0.021077537806266648,1.0
8.14,0.021038709066030264,1.0
8.15,0.020999999395808308,1.0
8.16,0.020961408285040364,1.0
8.17,0.02092293522597731,1.0
8.18,0.020884579713662407,1.0
8.19,0.020846341245912562,1.0
8.2,0.020808219323299713,1.0
8.21,0.02077021344913239,1.0
8.22,0.020732323129437426,1.0
8.23,0.020694547872941765,1.0
8.24,0.020656887191054452,1.0
8.25,0.020619340597848788,1.0
8.26,0.020581907610044553,1.0
8.27,0.020544587746990445,1.0
8.28,0.02050738053064659,1.0
8.290000000000001,0.02047028548556725,1.0
8.3,0.020433302138883638,1.0
8.31,0.020396430020286845,1.0
8.32,0.020359668662010933,1.0
8.33,0.020323017598816155,1.0
8.34,0.020286476367972303,1.0
8.35,0.020250044509242175,1.0
8.36,0.02021372156486517,1.0
8.370000000000001,0.02017750707954104,1.0
8.38,0.020141400600413743,1.0
8.39,0.02010540167705541,1.0
8.4,0.020069509861450462,1.0
8.41,0.020033724707979823,1.0
8.42,0.019998045773405308,1.0
8.43,0.019962472616854056,1.0
8.44,0.019927004799803135,1.0
8.45,0.019891641886064255,1.0
8.46,0.019856383441768582,1.0
8.47,0.0198212290353517,1.0
8.48,0.019786178237538653,1.0
8.49,0.019751230621329132,1.0
8.5,0.01971638576198273,1.0
8.51,0.019681643237004387,1.0
8.52,0.01964700262612987,1.0
8.53,0.019612463511311382,1.0
8.540000000000001,0.019578025476703325,1.0
8.55,0.019543688108648136,1.0
8.56,0.019509450995662182,1.0
8.57,0.019475313728421876,1.0
8.58,0.019441275899749796,1.0
8.59,0.019407337104600957,1.0
8.6,0.01937349694004919,1.0
8.61,0.019339755005273587,1.0
8.620000000000001,0.019306110901545083,1.0
8.63,0.019272564232213157,1.0
8.64,0.019239114602692547,1.0
8.65,0.019205761620450165,1.0
8.66,0.019172504894992063,1.0
8.67,0.019139344037850472,1.0
8.68,0.01910627866257102,1.0
8.69,0.019073308384699922,1.0
8.700000000000001,0.01904043282177141,1.0
8.71,0.019007651593295132,1.0
8.72,0.01897496432074372,1.0
8.73,0.0189423706275404,1.0
8.74,0.01890987013904677,1.0
8.75,0.018877462482550556,1.0
8.76,0.01884514728725358,1.0
8.77,0.018812924184259724,1.0
8.78,0.018780792806563033,1.0
8.790000000000001,0.01874875278903587,1.0
8.8,0.018716803768417226,1.0
8.81,0.018684945383301028,1.0
8.82,0.018653177274124577,1.0
8.83,0.018621499083157106,1.0
8.84,0.01858991045448833,1.0
8.85,0.018558411034017192,1.0
8.86,0.01852700046944059,1.0
8.870000000000001,0.01849567841024226,1.0
8.88,0.018464444507681702,1.0
8.89,0.0184332984147832,1.0
8.9,0.018402239786324916,1.0
8.91,0.01837126827882805,1.0
8.92,0.018340383550546135,1.0
8.93,0.01830958526145434,1.0
8.94,0.018278873073238885,1.0
8.950000000000001,0.018248246649286533,1.0
8.96,0.018217705654674173,1.0
8.97,0.01818724975615842,1.0
8.98,0.01815687862216536,1.0
8.99,0.018126591922780325,1.0
9.0,0.018096389329737776,1.0
9.01,0.018066270516411208,1.0
9.02,0.01803623515780319,1.0
9.03,0.018006282930535418,1.0
9.04,0.01797641351283889,1.0
9.05,0.017946626584544108,1.0
9.06,0.01791692182707139,1.0
9.07,0.017887298923421224,1.0
9.08,0.017857757558164686,1.0
9.09,0.017828297417433966,1.0
9.1,0.017798918188912907,1.0
9.11,0.01776961956182766,1.0
9.12,0.01774040122693738,1.0
9.13,0.017711262876524997,1.0
9.14,0.01768220420438803,1.0
9.15,0.017653224905829518,1.0
9.16,0.017624324677648958,1.0
9.17,0.017595503218133326,1.0
9.18,0.0175667602270482,1.0
9.19,0.017538095405628885,1.0
9.2,0.01750950845657163,1.0
9.21,0.01748099908402493,1.0
9.22,0.017452566993580835,1.0
9.23,0.017424211892266374,1.0
9.24,0.017395933488535006,1.0
9.25,0.017367731492258124,1.0
9.26,0.01733960561471667,1.0
9.27,0.01731155556859276,1.0
9.28,0.017283581067961355,1.0
9.29,0.01725568182828207,1.0
9.3,0.017227857566390926,1.0
9.31,0.01720010800049229,1.0
9.32,0.017172432850150736,1.0
9.33,0.01714483183628307,1.0
9.34,0.017117304681150348,1.0
9.35,0.01708985110834999,1.0
9.36,0.01706247084280791,1.0
9.37,0.017035163610770745,1.0
9.38,0.017007929139798074,1.0
9.39,0.01698076715875478,1.0
9.4,0.016953677397803367,1.0
9.41,0.016926659588396405,1.0
9.42,0.016899713463269,1.0
9.43,0.016872838756431294,1.0
9.44,0.016846035203161063,1.0
9.45,0.016819302539996334,1.0
9.46,0.016792640504728052,1.0
9.47,0.01676604883639281,1.0
9.48,0.01673952727526563,1.0
9.49,0.016713075562852772,1.0
9.5,0.01668669344188463,1.0
9.51,0.016660380656308628,1.0
9.52,0.01663413695128222,1.0
9.53,0.016607962073165877,1.0
9.54,0.01658185576951618,1.0
9.55,0.016555817789078917,1.0
9.56,0.016529847881782255,1.0
9.57,0.01650394579872994,1.0
9.58,0.016478111292194533,1.0
9.59,0.016452344115610747,1.0
9.6,0.016426644023568752,1.0
9.61,0.016401010771807594,1.0
9.62,0.0163754441172086,1.0
9.63,0.016349943817788884,1.0
9.64,0.01632450963269485,1.0
9.65,0.01629914132219576,1.0
9.66,0.016273838647677348,1.0
9.67,0.01624860137163546,1.0
9.68,0.016223429257669775,1.0
9.69,0.016198322070477503,1.0
9.7,0.016173279575847195,1.0
9.71,0.01614830154065254,1.0
9.72,0.01612338773284626,1.0
9.73,0.016098537921453965,1.0
9.74,0.016073751876568138,1.0
9.75,0.016049029369342088,1.0
9.76,0.016024370171984,1.0
9.77,0.015999774057750975,1.0
9.78,0.015975240800943154,1.0
9.79,0.015950770176897833,1.0
9.8,0.01592636196198366,1.0
9.81,0.015902015933594877,1.0
9.82,0.015877731870145528,1.0
9.83,0.01585350955106379,1.0
9.84,0.015829348756786297,1.0
9.85,0.015805249268752507,1.0
9.86,0.01578121086939911,1.0
9.87,0.01575723334215448,1.0
9.88,0.015733316471433147,1.0
9.89,0.01570946004263032,1.0
9.9,0.015685663842116445,1.0
9.91,0.01566192765723176,1.0
9.92,0.01563825127628098,1.0
9.93,0.015614634488527897,1.0
9.94,0.015591077084190113,1.0
9.95,0.015567578854433757,1.0
9.96,0.015544139591368232,1.0
9.97,0.015520759088041052,1.0
9.98,0.015497437138432638,1.0
9.99,0.015474173537451187,1.0
10.0,0.015450968080927583,1.0
10.01,0.015427820565610336,1.0
10.02,0.015404730789160511,1.0
10.03,0.015381698550146776,1.0
10.04,0.01535872364804038,1.0
10.05,0.015335805883210245,1.0
10.06,0.015312945056918067,1.0
10.07,0.01529014097131341,1.0
10.08,0.015267393429428884,1.0
10.09,0.015244702235175335,1.0
10.1,0.015222067193337041,1.0
10.11,0.015199488109566997,1.0
10.12,0.015176964790382165,1.0
10.13,0.015154497043158795,1.0
10.14,0.015132084676127772,1.0
10.15,0.015109727498369977,1.0
10.16,0.015087425319811682,1.0
10.17,0.015065177951219985,1.0
10.18,0.015042985204198287,1.0
10.19,0.015020846891181747,1.0
10.2,0.014998762825432815,1.0
10.21,0.014976732821036771,1.0
10.22,0.014954756692897317,1.0
10.23,0.014932834256732148,1.0
10.24,0.014910965329068602,1.0
10.25,0.014889149727239303,1.0
10.26,0.01486738726937786,1.0
10.27,0.01484567777441457,1.0
10.28,0.01482402106207215,1.0
10.29,0.014802416952861523,1.0
10.3,0.014780865268077582,1.0
10.31,0.014759365829795035,1.0
10.32,0.014737918460864235,1.0
10.33,0.014716522984907058,1.0
10.34,0.014695179226312796,1.0
10.35,0.014673887010234072,1.0
10.36,0.014652646162582815,1.0
10.37,0.014631456510026201,1.0
10.38,0.014610317879982678,1.0
10.39,0.01458923010061798,1.0
10.4,0.01456819300084116,1.0
10.41,0.014547206410300705,1.0
10.42,0.014526270159380591,1.0
10.43,0.014505384079196425,1.0
10.44,0.014484548001591595,1.0
10.45,0.014463761759133423,1.0
10.46,0.014443025185109388,1.0
10.47,0.014422338113523316,1.0
10.48,0.01440170037909164,1.0
10.49,0.014381111817239653,1.0
10.5,0.014360572264097794,1.0
10.51,0.014340081556497984,1.0
10.52,0.014319639531969915,1.0
10.53,0.014299246028737445,1.0
10.54,0.014278900885714972,1.0
10.55,0.014258603942503806,1.0
10.56,0.014238355039388629,1.0
10.57,0.014218154017333921,1.0
10.58,0.014198000717980417,1.0
10.59,0.014177894983641621,1.0
10.6,0.014157836657300294,1.0
10.61,0.014137825582605,1.0
10.62,0.014117861603866652,1.0
10.63,0.01409794456605508,1.0
10.64,0.01407807431479565,1.0
10.65,0.014058250696365845,1.0
10.66,0.01403847355769192,1.0
10.67,0.01401874274634556,1.0
10.68,0.013999058110540561,1.0
10.69,0.01397941949912951,1.0
10.7,0.013959826761600512,1.0
10.71,0.013940279748073929,1.0
10.72,0.013920778309299144,1.0
10.73,0.013901322296651317,1.0
10.74,0.013881911562128195,1.0
10.75,0.013862545958346928,1.0
10.76,0.013843225338540903,1.0
10.77,0.013823949556556584,1.0
10.78,0.013804718466850411,1.0
10.79,0.013785531924485672,1.0
10.8,0.013766389785129405,1.0
10.81,0.013747291905049365,1.0
10.82,0.013728238141110925,1.0
10.83,0.013709228350774075,1.0
10.84,0.013690262392090383,1.0
10.85,0.01367134012370002,1.0
10.86,0.013652461404828755,1.0
10.87,0.013633626095285012,1.0
10.88,0.013614834055456918,1.0
10.89,0.01359608514630937,1.0
10.9,0.013577379229381143,1.0
10.91,0.01355871616678198,1.0
10.92,0.013540095821189715,1.0
10.93,0.013521518055847434,1.0
10.94,0.013502982734560617,1.0
10.95,0.013484489721694326,1.0
10.96,0.013466038882170376,1.0
10.97,0.01344763008146458,1.0
10.98,0.013429263185603946,1.0
10.99,0.013410938061163915,1.0
11.0,0.013392654575265648,1.0
11.01,0.01337441259557328,1.0
11.02,0.013356211990291205,1.0
11.03,0.01333805262816141,1.0
11.04,0.01331993437846076,1.0
11.05,0.013301857110998372,1.0
11.06,0.013283820696112949,1.0
11.07,0.013265825004670145,1.0
11.08,0.013247869908059972,1.0
11.09,0.013229955278194172,1.0
11.1,0.01321208098750366,1.0
11.11,0.013194246908935928,1.0
11.12,0.013176452915952515,1.0
11.13,0.01315869888252645,1.0
11.14,0.013140984683139735,1.0
11.15,0.013123310192780836,1.0
11.16,0.013105675286942177,1.0
11.17,0.013088079841617674,1.0
11.18,0.013070523733300256,1.0
11.19,0.013053006838979427,1.0
11.2,0.01303552903613881,1.0
11.21,0.01301809020275373,1.0
11.22,0.013000690217288821,1.0
11.23,0.012983328958695606,1.0
11.24,0.012966006306410125,1.0
11.25,0.012948722140350567,1.0
11.26,0.012931476340914917,1.0
11.27,0.01291426878897861,1.0
11.28,0.012897099365892208,1.0
11.29,0.01287996795347909,1.0
11.3,0.01286287443403313,1.0
11.31,0.01284581869031645,1.0
11.32,0.012828800605557097,1.0
11.33,0.012811820063446815,1.0
11.34,0.01279487694813879,1.0
11.35,0.012777971144245406,1.0
11.36,0.012761102536836032,1.0
11.37,0.012744271011434802,1.0
11.38,0.012727476454018425,1.0
11.39,0.012710718751014002,1.0
11.4,0.012693997789296849,1.0
11.41,0.012677313456188333,1.0
11.42,0.012660665639453733,1.0
11.43,0.012644054227300095,1.0
11.44,0.012627479108374121,1.0
11.45,0.012610940171760045,1.0
11.46,0.012594437306977539,1.0
11.47,0.012577970403979635,1.0
11.48,0.012561539353150632,1.0
11.49,0.012545144045304034,1.0
11.5,0.01252878437168051,1.0
11.51,0.01251246022394585,1.0
11.52,0.01249617149418893,1.0
11.53,0.012479918074919692,1.0
11.54,0.012463699859067156,1.0
11.55,0.012447516739977385,1.0
11.56,0.012431368611411558,1.0
11.57,0.012415255367543952,1.0
11.58,0.012399176902959995,1.0
11.59,0.012383133112654314,1.0
11.6,0.0123671238920288,1.0
11.61,0.012351149136890678,1.0
11.62,0.012335208743450577,1.0
11.63,0.012319302608320643,1.0
11.64,0.012303430628512628,1.0
11.65,0.012287592701436003,1.0
11.66,0.012271788724896093,1.0
11.67,0.012256018597092196,1.0
11.68,0.012240282216615751,1.0
11.69,0.012224579482448471,1.0
11.7,0.012208910293960516,1.0
11.71,0.012193274550908677,1.0
11.72,0.012177672153434555,1.0
11.73,0.012162103002062757,1.0
11.74,0.012146566997699096,1.0
11.75,0.012131064041628824,1.0
11.76,0.01211559403551484,1.0
11.77,0.012100156881395943,1.0
11.78,0.012084752481685052,1.0
11.79,0.012069380739167496,1.0
11.8,0.012054041556999236,1.0
11.81,0.012038734838705191,1.0
11.82,0.01202346048817747,1.0
11.83,0.012008218409673697,1.0
11.84,0.01199300850781531,1.0
11.85,0.011977830687585851,1.0
11.86,0.011962684854329326,1.0
11.87,0.011947570913748493,1.0
11.88,0.011932488771903234,1.0
11.89,0.011917438335208886,1.0
11.9,0.011902419510434607,1.0
11.91,0.01188743220470173,1.0
11.92,0.011872476325482157,1.0
11.93,0.011857551780596724,1.0
11.94,0.011842658478213612,1.0
11.95,0.011827796326846734,1.0
11.96,0.011812965235354146,1.0
11.97,0.01179816511293649,1.0
11.98,0.011783395869135384,1.0
11.99,0.011768657413831882,1.0
12.0,0.011753949657244923,1.0
12.01,0.01173927250992976,1.0
12.02,0.011724625882776445,1.0
12.03,0.011710009687008287,1.0
12.04,0.011695423834180336,1.0
12.05,0.011680868236177857,1.0
12.06,0.011666342805214848,1.0
12.07,0.011651847453832513,1.0
12.08,0.011637382094897793,1.0
12.09,0.011622946641601883,1.0
12.1,0.01160854100745874,1.0
12.11,0.01159416510630365,1.0
12.12,0.011579818852291736,1.0
12.13,0.01156550215989653,1.0
12.14,0.011551214943908528,1.0
12.15,0.011536957119433745,1.0
12.16,0.011522728601892298,1.0
12.17,0.01150852930701698,1.0
12.18,0.011494359150851861,1.0
12.19,0.011480218049750865,1.0
12.2,0.01146610592037639,1.0
12.21,0.011452022679697908,1.0
12.22,0.011437968244990592,1.0
12.23,0.011423942533833933,1.0
12.24,0.011409945464110376,1.0
12.25,0.011395976954003963,1.0
12.26,0.011382036921998977,1.0
12.27,0.011368125286878602,1.0
12.28,0.01135424196772357,1.0
12.29,0.011340386883910848,1.0
12.3,0.011326559955112302,1.0
12.31,0.011312761101293384,1.0
12.32,0.011298990242711823,1.0
12.33,0.011285247299916314,1.0
12.34,0.01127153219374523,1.0
12.35,0.011257844845325328,1.0
12.36,0.011244185176070468,1.0
12.37,0.01123055310768033,1.0
12.38,0.011216948562139156,1.0
12.39,0.011203371461714481,1.0
12.4,0.011189821728955874,1.0
12.41,0.011176299286693694,1.0
12.42,0.011162804058037839,1.0
12.43,0.011149335966376513,1.0
12.44,0.011135894935375005,1.0
12.45,0.011122480888974457,1.0
12.46,0.011109093751390636,1.0
12.47,0.011095733447112744,1.0
12.48,0.011082399900902196,1.0
12.49,0.01106909303779144,1.0
12.5,0.011055812783082736,1.0
12.51,0.011042559062347001,1.0
12.52,0.011029331801422609,1.0
12.53,0.011016130926414226,1.0
12.54,0.011002956363691635,1.0
12.55,0.01098980803988859,1.0
12.56,0.010976685881901635,1.0
12.57,0.010963589816888983,1.0
12.58,0.010950519772269345,1.0
12.59,0.010937475675720815,1.0
12.6,0.010924457455179722,1.0
12.61,0.010911465038839514,1.0
12.62,0.010898498355149633,1.0
12.63,0.010885557332814396,1.0
12.64,0.010872641900791905,1.0
12.65,0.010859751988292917,1.0
12.66,0.010846887524779764,1.0
12.67,0.010834048439965256,1.0
12.68,0.010821234663811598,1.0
12.69,0.010808446126529307,1.0
12.7,0.010795682758576137,1.0
12.71,0.010782944490656001,1.0
12.72,0.010770231253717927,1.0
12.73,0.010757542978954985,1.0
12.74,0.010744879597803231,1.0
12.75,0.010732241041940664,1.0
12.76,0.01071962724328619,1.0
12.77,0.010707038133998566,1.0
12.78,0.010694473646475394,1.0
12.79,0.010681933713352068,1.0
12.8,0.010669418267500771,1.0
12.81,0.010656927242029456,1.0
12.82,0.010644460570280815,1.0
12.83,0.01063201818583131,1.0
12.84,0.01061960002249013,1.0
12.85,0.010607206014298227,1.0
12.86,0.010594836095527313,1.0
12.87,0.010582490200678875,1.0
12.88,0.01057016826448318,1.0
12.89,0.010557870221898337,1.0
12.9,0.010545596008109283,1.0
12.91,0.010533345558526839,1.0
12.92,0.010521118808786745,1.0
12.93,0.010508915694748709,1.0
12.94,0.010496736152495441,1.0
12.95,0.010484580118331716,1.0
12.96,0.010472447528783435,1.0
12.97,0.010460338320596679,1.0
12.98,0.010448252430736786,1.0
12.99,0.010436189796387406,1.0
13.0,0.010424150354949598,1.0
13.01,0.010412134044040894,1.0
13.02,0.010400140801494403,1.0
13.03,0.010388170565357872,1.0
13.04,0.010376223273892825,1.0
13.05,0.010364298865573609,1.0
13.06,0.010352397279086547,1.0
13.07,0.010340518453329013,1.0
13.08,0.010328662327408561,1.0
13.09,0.010316828840642032,1.0
13.1,0.01030501793255469,1.0
13.11,0.010293229542879328,1.0
13.12,0.010281463611555417,1.0
13.13,0.010269720078728225,1.0
13.14,0.010257998884747974,1.0
13.15,0.01024629997016896,1.0
13.16,0.010234623275748716,1.0
13.17,0.010222968742447162,1.0
13.18,0.01021133631142576,1.0
13.19,0.010199725924046664,1.0
13.2,0.010188137521871898,1.0
13.21,0.010176571046662516,1.0
13.22,0.010165026440377777,1.0
13.23,0.010153503645174321,1.0
13.24,0.010142002603405344,1.0
13.25,0.010130523257619792,1.0
13.26,0.01011906555056154,1.0
13.27,0.010107629425168591,1.0
13.28,0.010096214824572267,1.0
13.29,0.010084821692096412,1.0
13.3,0.010073449971256592,1.0
13.31,0.010062099605759316,1.0
13.32,0.010050770539501229,1.0
13.33,0.010039462716568337,1.0
13.34,0.010028176081235234,1.0
13.35,0.010016910577964309,1.0
13.36,0.010005666151404982,1.0
13.37,0.009994442746392936,1.0
13.38,0.009983240307949351,1.0
13.39,0.009972058781280142,1.0
13.4,0.009960898111775194,1.0
13.41,0.009949758245007618,1.0
13.42,0.009938639126732991,1.0
13.43,0.009927540702888616,1.0
13.44,0.009916462919592778,1.0
13.45,0.009905405723144,1.0
13.46,0.009894369060020303,1.0
13.47,0.00988335287687849,1.0
13.48,0.009872357120553399,1.0
13.49,0.00986138173805718,1.0
13.5,0.009850426676578585,1.0
13.51,0.009839491883482234,1.0
13.52,0.009828577306307904,1.0
13.53,0.009817682892769833,1.0
13.54,0.009806808590755983,1.0
13.55,0.009795954348327352,1.0
13.56,0.009785120113717282,1.0
13.57,0.009774305835330737,1.0
13.58,0.009763511461743623,1.0
13.59,0.009752736941702093,1.0
13.6,0.00974198222412186,1.0
13.61,0.00973124725808751,1.0
13.62,0.009720531992851817,1.0
13.63,0.009709836377835077,1.0
13.64,0.009699160362624418,1.0
13.65,0.009688503896973132,1.0
13.66,0.009677866930800017,1.0
13.67,0.009667249414188688,1.0
13.68,0.009656651297386938,1.0
13.69,0.009646072530806071,1.0
13.7,0.009635513065020241,1.0
13.71,0.009624972850765794,1.0
13.72,0.009614451838940637,1.0
13.73,0.009603949980603581,1.0
13.74,0.009593467226973679,1.0
13.75,0.009583003529429621,1.0
13.76,0.009572558839509063,1.0
13.77,0.009562133108908013,1.0
13.78,0.00955172628948019,1.0
13.79,0.009541338333236397,1.0
13.8,0.009530969192343893,1.0
13.81,0.00952061881912578,1.0
13.82,0.009510287166060363,1.0
13.83,0.009499974185780559,1.0
13.84,0.009489679831073253,1.0
13.85,0.009479404054878715,1.0
13.86,0.009469146810289973,1.0
13.87,0.009458908050552217,1.0
13.88,0.009448687729062183,1.0
13.89,0.009438485799367576,1.0
13.9,0.009428302215166447,1.0
13.91,0.009418136930306619,1.0
13.92,0.009407989898785081,1.0
13.93,0.00939786107474741,1.0
13.94,0.009387750412487175,1.0
13.95,0.009377657866445366,1.0
13.96,0.009367583391209798,1.0
13.97,0.009357526941514543,1.0
13.98,0.00934748847223936,1.0
13.99,0.009337467938409106,1.0
14.0,0.009327465295193177,1.0
14.01,0.009317480497904942,1.0
14.02,0.009307513502001175,1.0
14.03,0.009297564263081488,1.0
14.04,0.009287632736887784,1.0
14.05,0.009277718879303681,1.0
14.06,0.009267822646353986,1.0
14.07,0.009257943994204113,1.0
14.08,0.009248082879159552,1.0
14.09,0.009238239257665322,1.0
14.1,0.009228413086305412,1.0
14.11,0.009218604321802262,1.0
14.12,0.009208812921016203,1.0
14.13,0.009199038840944931,1.0
14.14,0.009189282038722978,1.0
14.15,0.009179542471621163,1.0
14.16,0.009169820097046078,1.0
14.17,0.009160114872539558,1.0
14.18,0.009150426755778153,1.0
14.19,0.0091407557045726,1.0
14.2,0.009131101676867323,1.0
14.21,0.009121464630739892,1.0
14.22,0.009111844524400533,1.0
14.23,0.00910224131619159,1.0
14.24,0.009092654964587034,1.0
14.25,0.00908308542819194,1.0
14.26,0.009073532665741997,1.0
14.27,0.009063996636102993,1.0
14.28,0.00905447729827032,1.0
14.29,0.009044974611368472,1.0
14.3,0.009035488534650549,1.0
14.31,0.009026019027497764,1.0
14.32,0.009016566049418953,1.0
14.33,0.00900712956005008,1.0
14.34,0.008997709519153753,1.0
14.35,0.008988305886618735,1.0
14.36,0.008978918622459472,1.0
14.37,0.008969547686815594,1.0
14.38,0.008960193039951452,1.0
14.39,0.008950854642255635,1.0
14.4,0.0089415324542405,1.0
14.41,0.008932226436541686,1.0
14.42,0.00892293654991766,1.0
14.43,0.008913662755249244,1.0
14.44,0.008904405013539144,1.0
14.45,0.008895163285911493,1.0
14.46,0.008885937533611383,1.0
14.47,0.00887672771800441,1.0
14.48,0.008867533800576215,1.0
14.49,0.008858355742932027,1.0
14.5,0.008849193506796213,1.0
14.51,0.008840047054011821,1.0
14.52,0.008830916346540136,1.0
14.53,0.008821801346460231,1.0
14.54,0.008812702015968517,1.0
14.55,0.008803618317378303,1.0
14.56,0.008794550213119359,1.0
14.57,0.008785497665737474,1.0
14.58,0.008776460637894007,1.0
14.59,0.008767439092365471,1.0
14.6,0.00875843299204308,1.0
14.61,0.008749442299932336,1.0
14.62,0.008740466979152582,1.0
14.63,0.008731506992936587,1.0
14.64,0.008722562304630114,1.0
14.65,0.008713632877691493,1.0
14.66,0.008704718675691206,1.0
14.67,0.00869581966231146,1.0
14.68,0.008686935801345774,1.0
14.69,0.008678067056698558,1.0
14.7,0.008669213392384701,1.0
14.71,0.008660374772529154,1.0
14.72,0.00865155116136653,1.0
14.73,0.008642742523240675,1.0
14.74,0.00863394882260428,1.0
14.75,0.008625170024018466,1.0
14.76,0.008616406092152376,1.0
14.77,0.008607656991782781,1.0
14.78,0.00859892268779368,1.0
14.79,0.008590203145175895,1.0
14.8,0.00858149832902667,1.0
14.81,0.008572808204549295,1.0
14.82,0.008564132737052695,1.0
14.83,0.008555471891951038,1.0
14.84,0.00854682563476336,1.0
14.85,0.008538193931113157,1.0
14.86,0.008529576746728017,1.0
14.87,0.008520974047439227,1.0
14.88,0.008512385799181376,1.0
14.89,0.00850381196799201,1.0
14.9,0.008495252520011206,1.0
14.91,0.00848670742148123,1.0
14.92,0.008478176638746147,1.0
14.93,0.008469660138251438,1.0
14.94,0.008461157886543643,1.0
14.95,0.008452669850269977,1.0
14.96,0.008444195996177965,1.0
14.97,0.008435736291115074,1.0
14.98,0.008427290702028344,1.0
14.99,0.008418859195964022,1.0
0.0,inf,1.0
0.01,488.60251190291996,1.0
0.02,172.74707473566775,1.0
0.03,94.03159725795938,1.0
0.04,61.075313987864995,1.0
0.05,43.70193722368316,1.0
0.06,33.24519003345273,1.0
0.07,26.382055846053113,1.0
0.08,21.59338434195847,1.0
0.09,18.096389329737775,1.0
0.1,15.450968080927582,1.0
0.11,13.392654575265649,1.0
0.12,11.753949657244922,1.0
0.13,10.424150354949598,1.0
0.14,9.327465295193177,1.0
0.15,8.410441740067201,1.0
0.16,7.634414248483124,1.0
0.17,6.970795036393942,1.0
0.18,6.398039805024732,1.0
0.19,5.899637044168856,1.0
0.2,5.462742152960395,1.0
0.21,5.077229014831502,1.0
0.22,4.735018434129691,1.0
0.23,4.429594194619663,1.0
0.24,4.155648754181591,1.0
0.25,3.908820095223359,1.0
0.26,3.685493702046508,1.0
0.27,3.482651750294792,1.0
0.28,3.297756980756639,1.0
0.29,3.1286623683437838,1.0
0.3,2.973540193587952,1.0
0.31,2.83082586197951,1.0
0.32,2.6991730427448086,1.0
0.33,2.577417574731099,1.0
0.34,2.464548220247841,1.0
0.35,2.35968281031882,1.0
0.36,2.262048666217222,1.0
0.37,2.1709664365322654,1.0
0.38,2.085836680235579,1.0
0.39,2.006128671167761,1.0
0.4,1.9313710101159478,1.0
0.41,1.861143715904913,1.0
0.42,1.7950715330122247,1.0
0.43,1.732818244793366,1.0
0.44,1.674081821908206,1.0
0.45,1.6185902675438208,1.0
0.46,1.5660980464600633,1.0
0.47,1.5163830052036031,1.0
0.48,1.4692437071556153,1.0
0.49,1.4244971192504956,1.0
0.5,1.3819765978853418,1.0
0.51,1.3415301302425833,1.0
0.52,1.3030187943686997,1.0
0.53,1.2663154072024738,1.0
0.54,1.231303334572323,1.0
0.55,1.1978754411787025,1.0
0.56,1.165933161899147,1.0
0.5700000000000001,1.135385678523992,1.0
0.58,1.1061491883495267,1.0
0.59,1.078146253002308,1.0
0.6,1.0513052175084001,1.0
0.61,1.025559691006976,1.0
0.62,1.0008480816819827,1.0
0.63,0.9771131794834486,1.0
0.64,0.9543017810603905,1.0
0.65,0.9323643520538343,1.0
0.66,0.9112547225208723,1.0
0.67,0.8909298117951452,1.0
0.68,0.8713493795492427,1.0
0.6900000000000001,0.8524758002214886,1.0
0.7000000000000001,0.8342738583128836,1.0
0.71,0.816710562357506,1.0
0.72,0.7997549756280915,1.0
0.73,0.7833780618634081,1.0
0.74,0.7675525445001798,1.0
0.75,0.7522527780636751,1.0
0.76,0.737454630521107,1.0
0.77,0.7231353755335567,1.0
0.78,0.7092735936577406,1.0
0.79,0.6958490816506819,1.0
0.8,0.6828427691200494,1.0
0.81,0.6702366418421398,1.0
0.8200000000000001,0.6580136711395466,1.0
0.8300000000000001,0.646157748772625,1.0
0.84,0.6346536268539378,1.0
0.85,0.623486862343799,1.0
0.86,0.61264376572858,1.0
0.87,0.6021113535222452,1.0
0.88,0.5918773042662113,1.0
0.89,0.5819299177335702,1.0
0.9,0.572258077071392,1.0
0.91,0.562851213639639,1.0
0.92,0.5536992743274579,1.0
0.93,0.5447926911476081,1.0
0.94,0.5361223529277518,1.0
0.95,0.5276795789334997,1.0
0.96,0.5194560942726989,1.0
0.97,0.5114440069435909,1.0
0.98,0.5036357864013636,1.0
0.99,0.49602424352835744,1.0
1.0,0.48860251190291987,1.0
1.01,0.4813640302707171,1.0
1.02,0.4743025261303013,1.0
1.03,0.4674120003520044,1.0
1.04,0.4606867127558135,1.0
1.05,0.45412116857990104,1.0
1.06,0.4477101057769368,1.0
1.07,0.4414484830802998,1.0
1.08,0.435331468786849,1.0
1.09,0.42935443020706165,1.0
1.1,0.4235129237371439,1.0
1.11,0.41780268551118194,1.0
1.12,0.4122196225945799,1.0
1.13,0.40675980468293965,1.0
1.14,0.40141945627320236,1.0
1.15,0.39619494927632004,1.0
1.16,0.39108279604297297,1.0
1.17,0.38607964277591106,1.0
1.18,0.38118226330439964,1.0
1.19,0.3763875531979962,1.0
1.2,0.371692524198494,1.0
1.21,0.36709429895035306,1.0
1.22,0.3625901060113066,1.0
1.23,0.35817727512609393,1.0
1.24,0.35385323274743874,1.0
1.25,0.3496154977894653,1.0
1.26,0.3454616775997474,1.0
1.27,0.34138946413710247,1.0
1.28,0.3373966303431011,1.0
1.29,0.33348102669604823,1.0
1.3,0.32964057793693397,1.0
1.31,0.3258732799575223,1.0
1.32,0.32217719684138735,1.0
1.33,0.31855045804928517,1.0
1.34,0.31499125574080084,1.0
1.35,0.3114978422247111,1.0
1.36,0.30806852753098013,1.0
1.37,0.3047016770977405,1.0
1.38,0.3013957095670216,1.0
1.39,0.29814909468336903,1.0
1.4,0.2949603512898525,1.0
1.41,0.29182804541629126,1.0
1.42,0.2887507884548356,1.0
1.43,0.28572723541832956,1.0
1.44,0.28275608327715274,1.0
1.45,0.2798360693704875,1.0
1.46,0.2769659698881953,1.0
1.47,0.2741445984197066,1.0
1.48,0.2713708045665332,1.0
1.49,0.26864347261520566,1.0
1.5,0.2659615202676218,1.0
1.51,0.2633238974259565,1.0
1.52,0.2607295850294474,1.0
1.53,0.25817759394051637,1.0
1.54,0.2556669638778293,1.0
1.55,0.2531967623940249,1.0
1.56,0.2507660838959701,1.0
1.57,0.24837404870551313,1.0
1.58,0.24601980215881442,1.0
1.59,0.24370251374243962,1.0
1.6,0.24142137626449348,1.0
1.61,0.2391756050591647,1.0
1.62,0.23696443722313815,1.0
1.63,0.23478713088240946,1.0
1.64,0.2326429644881141,1.0
1.65,0.23053123614005527,1.0
1.66,0.22845126293667836,1.0
1.67,0.2264023803503093,1.0
1.68,0.22438394162652808,1.0
1.69,0.222395317206609,1.0
1.7,0.2204358941720119,1.0
1.71,0.21850507570995767,1.0
1.72,0.21660228059917075,1.0
1.73,0.21472694271491544,1.0
1.74,0.2128785105524951,1.0
1.75,0.21105644676842492,1.0
1.76,0.20926022773852576,1.0
1.77,0.20748934313222298,1.0
1.78,0.20574329550236856,1.0
1.79,0.20402159988993734,1.0
1.8,0.2023237834429776,1.0
1.81,0.20064938504922747,1.0
1.82,0.19899795498183348,1.0
1.83,0.19736905455763565,1.0
1.84,0.19576225580750792,1.0
1.85,0.19417714115826512,1.0
1.86,0.19261330312567104,1.0
1.87,0.19107034401810344,1.0
1.88,0.1895478756504504,1.0
1.89,0.1880455190678334,1.0
1.9,0.18656290427876984,1.0
1.91,0.18509966999740368,1.0
1.92,0.1836554633944519,1.0
1.93,0.1822299398565276,1.0
1.94,0.18082276275351644,1.0
1.95,0.17943360321369747,1.0
1.96,0.17806213990631195,1.0
1.97,0.17670805883129723,1.0
1.98,0.1753710531159145,1.0
1.99,0.1740508228180109,1.0
2.0,0.17274707473566772,1.0
2.01,0.17145952222299662,1.0
2.02,0.1701878850118553,1.0
2.03,0.1689318890392656,1.0
2.04,0.1676912662803229,1.0
2.05,0.1664657545863977,1.0
2.06,0.16525509752843562,1.0
2.07,0.16405904424517273,1.0
2.08,0.16287734929608746,1.0
2.09,0.16170977251892135,1.0
2.1,0.1605560788916037,1.0
2.11,0.15941603839842508,1.0
2.12,0.15828942590030923,1.0
2.13,0.15717602100903896,1.0
2.14,0.15607560796529746,1.0
2.15,0.15498797552039353,1.0
2.16,0.15391291682154037,1.0
2.17,0.15285022930056816,1.0
2.18,0.15179971456594976,1.0
2.19,0.15076117829802865,1.0
2.2,0.1497344301473378,1.0
2.21,0.14871928363590664,1.0
2.22,0.14771555606145362,1.0
2.23,0.14672306840436908,1.0
2.24,0.14574164523739339,1.0
2.25,0.1447711146379022,1.0
2.26,0.14381130810271112,1.0
2.27,0.1428620604653175,1.0
2.28,0.14192320981549905,1.0
2.29,0.14099459742119166,1.0
2.3000000000000003,0.14007606765257302,1.0
2.31,0.13916746790828005,1.0
2.32,0.13826864854369084,1.0
2.33,0.1373794628012059,1.0
2.34,0.13649976674246328,1.0
2.35,0.13562941918242694,1.0
2.36,0.1347682816252885,1.0
2.37,0.13391621820212504,1.0
2.38,0.13307309561025776,1.0
2.39,0.13223878305425804,1.0
2.4,0.13141315218855001,1.0
2.41,0.1305960770615588,1.0
2.42,0.1297874340613582,1.0
2.43,0.12898710186277007,1.0
2.44,0.128194961375872,1.0
2.45,0.12741089569586928,1.0
2.46,0.12663479005429037,1.0
2.47,0.12586653177146517,1.0
2.48,0.12510601021024784,1.0
2.49,0.12435311673094586,1.0
2.5,0.12360774464742066,1.0
2.51,0.12286978918432304,1.0
2.52,0.12213914743543107,1.0
2.53,0.12141571832305732,1.0
2.54,0.12069940255849346,1.0
2.5500000000000003,0.11999010260346248,1.0
2.56,0.11928772263254882,1.0
2.57,0.1185921684965772,1.0
2.58,0.11790334768691388,1.0
2.59,0.11722116930066252,1.0
2.6,0.11654554400672928,1.0
2.61,0.11587638401273276,1.0
2.62,0.11521360303273312,1.0
2.63,0.11455711625575932,1.0
2.64,0.11390684031510903,1.0
2.65,0.11326269325840235,1.0
2.66,0.1126245945183652,1.0
2.67,0.11199246488432449,1.0
2.68,0.11136622647439315,1.0
2.69,0.11074580270832722,1.0
2.7,0.11013111828103524,1.0
2.71,0.10952209913672306,1.0
2.72,0.10891867244365534,1.0
2.73,0.10832076656951772,1.0
2.74,0.10772831105736301,1.0
2.75,0.10714123660212518,1.0
2.76,0.10655947502768608,1.0
2.77,0.10598295926447977,1.0
2.78,0.10541162332762012,1.0
2.79,0.10484540229553742,1.0
2.8000000000000003,0.10428423228911045,1.0
2.81,0.103728050451281,1.0
2.82,0.10317679492713766,1.0
2.83,0.10263040484445678,1.0
2.84,0.10208882029468826,1.0
2.85,0.10155198231437479,1.0
2.86,0.10101983286699297,1.0
2.87,0.10049231482520506,1.0
2.88,0.09996937195351144,1.0
2.89,0.09945094889129247,1.0
2.9,0.0989369911362304,1.0
2.91,0.09842744502810102,1.0
2.92,0.09792225773292601,1.0
2.93,0.09742137722747644,1.0
2.94,0.09692475228411872,1.0
2.95,0.09643233245599389,1.0
2.96,0.09594406806252248,1.0
2.97,0.09545991017522587,1.0
2.98,0.09497981060385725,1.0
2.99,0.09450372188283317,1.0
3.0,0.09403159725795938,1.0
3.01,0.09356339067344269,1.0
3.02,0.09309905675918234,1.0
3.03,0.09263855081833389,1.0
3.04,0.09218182881513838,1.0
3.0500000000000003,0.09172884736301111,1.0
3.06,0.09127956371288301,1.0
3.0700000000000003,0.09083393574178854,1.0
3.08,0.09039192194169458,1.0
3.09,0.08995348140856374,1.0
3.1,0.08951857383164699,1.0
3.11,0.08908715948300004,1.0
3.12,0.08865919920721757,1.0
3.13,0.08823465441138087,1.0
3.14,0.08781348705521308,1.0
3.15,0.08739565964143778,1.0
3.16,0.08698113520633524,1.0
3.17,0.08656987731049279,1.0
3.18,0.08616185002974341,1.0
3.19,0.08575701794628952,1.0
3.2,0.08535534614000617,1.0
3.21,0.08495680017992104,1.0
3.22,0.08456134611586544,1.0
3.23,0.08416895047029396,1.0
3.24,0.08377958023026748,1.0
3.25,0.08339320283959678,1.0
3.26,0.0830097861911426,1.0
3.27,0.08262929861926849,1.0
3.28,0.08225170889244333,1.0
3.29,0.08187698620598972,1.0
3.3000000000000003,0.08150510017497517,1.0
3.31,0.08113602082724275,1.0
3.3200000000000003,0.08076971859657812,1.0
3.33,0.08040616431600983,1.0
3.34,0.08004532921123986,1.0
3.35,0.07968718489420155,1.0
3.36,0.07933170335674222,1.0
3.37,0.07897885696442719,1.0
3.38,0.07862861845046323,1.0
3.39,0.07828096090973825,1.0
3.4,0.07793585779297488,1.0
3.41,0.07759328290099535,1.0
3.42,0.07725321037909551,1.0
3.43,0.0769156147115251,1.0
3.44,0.0765804707160725,1.0
3.45,0.07624775353875114,1.0
3.46,0.07591743864858602,1.0
3.47,0.07558950183249746,1.0
3.48,0.07526391919028065,1.0
3.49,0.07494066712967838,1.0
3.5,0.07461972236154542,1.0
3.51,0.07430106189510227,1.0
3.52,0.07398466303327642,1.0
3.53,0.07367050336812962,1.0
3.54,0.07335856077636863,1.0
3.5500000000000003,0.07304881341493857,1.0
3.56,0.07274123971669627,1.0
3.5700000000000003,0.07243581838616255,1.0
3.58,0.07213252839535163,1.0
3.59,0.07183134897967577,1.0
3.6,0.071532259633924,1.0
3.61,0.07123524010831316,1.0
3.62,0.07094027040460972,1.0
3.63,0.07064733077232109,1.0
3.64,0.07035640170495487,1.0
3.65,0.07006746393634464,1.0
3.66,0.06978049843704091,1.0
3.67,0.0694954864107662,1.0
3.68,0.06921240929093224,1.0
3.69,0.06893124873721901,1.0
3.7,0.06865198663221336,1.0
3.71,0.06837460507810687,1.0
3.72,0.06809908639345101,1.0
3.73,0.06782541310996917,1.0
3.74,0.06755356796942372,1.0
3.75,0.0672835339205376,1.0
3.76,0.06701529411596897,1.0
3.77,0.06674883190933796,1.0
3.78,0.06648413085230462,1.0
3.79,0.06622117469169683,1.0
3.8,0.06595994736668746,1.0
3.81,0.0657004330060194,1.0
3.82,0.06544261592527814,1.0
3.83,0.0651864806242102,1.0
3.84,0.06493201178408736,1.0
3.85,0.06467919426511484,1.0
3.86,0.0644280131038837,1.0
3.87,0.0641784535108654,1.0
3.88,0.06393050086794887,1.0
3.89,0.06368414072601816,1.0
3.9,0.06343935880257087,1.0
3.91,0.063196140979376,1.0
3.92,0.06295447330017045,1.0
3.93,0.06271434196839393,1.0
3.94,0.06247573334496082,1.0
3.95,0.06223863394606906,1.0
3.96,0.06200303044104468,1.0
3.97,0.061768909650221734,1.0
3.98,0.0615362585428569,1.0
3.99,0.061305064235077804,1.0
4.0,0.06107531398786498,1.0
4.01,0.06084699520506624,1.0
4.0200000000000005,0.060620095431443206,1.0
4.03,0.06039460235074952,1.0
4.04,0.06017050378383964,1.0
4.05,0.05994778768680818,1.0
4.0600000000000005,0.05972644214915903,1.0
4.07,0.059506455392003575,1.0
4.08,0.059287815766287666,1.0
4.09,0.059070511751046766,1.0
4.1,0.058854531951688716,1.0
4.11,0.05863986509830363,1.0
4.12,0.05842650004400055,1.0
4.13,0.05821442576327006,1.0
4.14,0.058003631350372724,1.0
4.15,0.05779410601775283,1.0
4.16,0.05758583909447669,1.0
4.17,0.05737882002469544,1.0
4.18,0.057173038366131655,1.0
4.19,0.056968483788589444,1.0
4.2,0.05676514607248763,1.0
4.21,0.056563015107415474,1.0
4.22,0.056362080890710715,1.0
4.23,0.05616233352605936,1.0
4.24,0.0559637632221171,1.0
4.25,0.05576636029115153,1.0
4.26,0.055570115147705344,1.0
4.2700000000000005,0.055375018307279644,1.0
4.28,0.05518106038503748,1.0
4.29,0.05498823209452672,1.0
4.3,0.05479652424642245,1.0
4.3100000000000005,0.054605927747288244,1.0
4.32,0.05441643359835612,1.0
4.33,0.05422803289432466,1.0
4.34,0.05404071682217524,1.0
4.3500000000000005,0.053854476660005896,1.0
4.36,0.05366930377588271,1.0
4.37,0.05348518962670789,1.0
4.38,0.05330212575710511,1.0
4.39,0.053120103798320994,1.0
4.4,0.052939115467142986,1.0
4.41,0.052759152564833156,1.0
4.42,0.05258020697607756,1.0
4.43,0.05240227066795116,1.0
4.44,0.05222533568889774,1.0
4.45,0.05204939416772492,1.0
4.46,0.05187443831261353,1.0
4.47,0.05170046041014161,1.0
4.48,0.05152745282432249,1.0
4.49,0.05135540799565673,1.0
4.5,0.05118431844019784,1.0
4.51,0.051014176748631415,1.0
4.5200000000000005,0.05084497558536745,1.0
4.53,0.05067670768764579,1.0
4.54,0.050509365864654286,1.0
4.55,0.0503429429966596,1.0
4.5600000000000005,0.05017743203415027,1.0
4.57,0.050012825996992236,1.0
4.58,0.049849117973595966,1.0
4.59,0.049686301120095665,1.0
4.6000000000000005,0.04952436865953999,1.0
4.61,0.049363313881094106,1.0
4.62,0.04920313013925302,1.0
4.63,0.04904381085306598,1.0
4.64,0.04888534950537162,1.0
4.65,0.048727739642043987,1.0
4.66,0.04857097487124887,1.0
4.67,0.04841504886271058,1.0
4.68,0.04825995534698888,1.0
4.69,0.04810568811476601,1.0
4.7,0.04795224101614344,1.0
4.71,0.047799607959948406,1.0
4.72,0.047647782913049955,1.0
4.73,0.047496759899684375,1.0
4.74,0.04734653300078998,1.0
4.75,0.04719709635335085,1.0
4.76,0.04704844414974953,1.0
4.7700000000000005,0.046900570637128665,1.0
4.78,0.046753470116761287,1.0
4.79,0.04660713694342951,1.0
4.8,0.04646156552481175,1.0
4.8100000000000005,0.04631675032087822,1.0
4.82,0.046172685843294564,1.0
4.83,0.04602936665483346,1.0
4.84,0.04588678736879413,1.0
4.8500000000000005,0.04574494264842975,1.0
4.86,0.045603827206382334,1.0
4.87,0.04546343580412529,1.0
4.88,0.045323763251413324,1.0
4.89,0.04518480440573966,1.0
4.9,0.04504655417180053,1.0
4.91,0.04490900750096666,1.0
4.92,0.04477215939076174,1.0
4.93,0.04463600488434786,1.0
4.94,0.04450053907001753,1.0
4.95,0.04436575708069269,1.0
4.96,0.04423165409342984,1.0
4.97,0.04409822532893206,1.0
4.98,0.04396546605106706,1.0
4.99,0.043833371566391846,1.0
5.0,0.043701937223683165,1.0
5.01,0.04357115841347438,1.0
5.0200000000000005,0.043441030567598155,1.0
5.03,0.04331154915873516,1.0
5.04,0.04318270969996842,1.0
5.05,0.0430545077443436,1.0
5.0600000000000005,0.04292693888443479,1.0
5.07,0.04279999875191597,1.0
5.08,0.04267368301713781,1.0
5.09,0.04254798738871004,1.0
5.1000000000000005,0.04242290761308896,1.0
5.11,0.042298439474170405,1.0
5.12,0.042174578792887635,1.0
5.13,0.04205132142681454,1.0
5.14,0.0419286632697737,1.0
5.15,0.0418066002514495,1.0
5.16,0.04168512833700603,1.0
5.17,0.041564243526709836,1.0
5.18,0.04144394185555741,1.0
5.19,0.04132421939290726,1.0
5.2,0.041205072242116746,1.0
5.21,0.041086496540183225,1.0
5.22,0.04096848845738989,1.0
5.23,0.04085104419695575,1.0
5.24,0.04073415999469029,1.0
5.25,0.04061783211865202,1.0
5.26,0.04050205686881154,1.0
5.2700000000000005,0.040386830576718616,1.0
5.28,0.04027214960517342,1.0
5.29,0.040158010347901694,1.0
5.3,0.040044409229234086,1.0
5.3100000000000005,0.03993134270378918,1.0
5.32,0.039818807256160646,1.0
5.33,0.03970679940060797,1.0
5.34,0.03959531568075107,1.0
5.3500000000000005,0.03948435266926865,1.0
5.36,0.039373906967600104,1.0
5.37,0.03926397520565114,1.0
5.38,0.039154554041502844,1.0
5.39,0.03904564016112434,1.0
5.4,0.03893723027808889,1.0
5.41,0.03882932113329336,1.0
5.42,0.03872190949468111,1.0
5.43,0.03861499215696813,1.0
5.44,0.038508565941372516,1.0
5.45,0.03840262769534716,1.0
5.46,0.038297174292315536,1.0
5.47,0.03819220263141074,1.0
5.48,0.03808770963721756,1.0
5.49,0.03798369225951763,1.0
5.5,0.037880147473037536,1.0
5.51,0.037777072277199945,1.0
5.5200000000000005,0.037674463695877694,1.0
5.53,0.03757231877715067,1.0
5.54,0.037470634593065634,1.0
5.55,0.03736940823939878,1.0
5.5600000000000005,0.037268636835421115,1.0
5.57,0.037168317523666644,1.0
5.58,0.037068447469703066,1.0
5.59,0.03696902386190528,1.0
5.6000000000000005,0.036870043911231554,1.0
5.61,0.03677150485100214,1.0
5.62,0.03667340393668055,1.0
5.63,0.03657573844565736,1.0
5.64,0.03647850567703641,1.0
5.65,0.03638170295142361,1.0
5.66,0.036285327610718045,1.0
5.67,0.03618937701790551,1.0
5.68,0.03609384855685445,1.0
5.69,0.03599873963211416,1.0
5.7,0.03590404766871539,1.0
5.71,0.035809770111973005,1.0
5.72,0.035715904427291195,1.0
5.73,0.03562244809997064,1.0
5.74,0.03552939863501795,1.0
5.75,0.0354367535569573,1.0
5.76,0.03534451040964409,1.0
5.7700000000000005,0.0352526667560808,1.0
5.78,0.03516122017823484,1.0
5.79,0.03507016827685851,1.0
5.8,0.03497950867131094,1.0
5.8100000000000005,0.03488923899938197,1.0
5.82,0.034799356917118184,1.0
5.83,0.03470986009865056,1.0
5.84,0.03462074623602441,1.0
5.8500000000000005,0.034532013039030904,1.0
5.86,0.03444365823504065,1.0
5.87,0.03435567956883902,1.0
5.88,0.03426807480246333,1.0
5.89,0.03418084171504184,1.0
5.9,0.03409397810263444,1.0
5.91,0.03400748177807522,1.0
5.92,0.03392135057081665,1.0
5.93,0.033835582326775485,1.0
5.94,0.033750174908180455,1.0
5.95,0.033665126193421505,1.0
5.96,0.03358043407690071,1.0
5.97,0.033496096468884816,1.0
5.98,0.03341211129535943,1.0
5.99,0.03332847649788473,1.0
6.0,0.03324519003345273,1.0
6.01,0.03316224987434615,1.0
6.0200000000000005,0.03307965400799874,1.0
6.03,0.032997400436857234,1.0
6.04,0.032915487178244565,1.0
6.05,0.032833912264224774,1.0
6.0600000000000005,0.032752673741469236,1.0
6.07,0.03267176967112442,1.0
6.08,0.03259119812868092,1.0
6.09,0.03251095720384398,1.0
6.1000000000000005,0.03243104500040545,1.0
6.11,0.03235145963611697,1.0
6.12,0.032272199242564546,1.0
6.13,0.032193261965044545,1.0
6.140000000000001,0.032114645962440895,1.0
6.15,0.03203634940710362,1.0
6.16,0.03195837048472866,1.0
6.17,0.03188070739423894,1.0
6.18,0.031803358347666726,1.0
6.19,0.031726321570037165,1.0
6.2,0.03164959529925311,1.0
6.21,0.03157317778598106,1.0
6.22,0.03149706729353839,1.0
6.23,0.031421262097781684,1.0
6.24,0.03134576048699626,1.0
6.25,0.03127056076178687,1.0
6.26,0.031195661234969464,1.0
6.2700000000000005,0.031121060231464125,1.0
6.28,0.031046756088189142,1.0
6.29,0.030972747153956086,1.0
6.3,0.03089903178936606,1.0
6.3100000000000005,0.030825608366706947,1.0
6.32,0.030752475269851802,1.0
6.33,0.030679630894158146,1.0
6.34,0.030607073646368443,1.0
6.3500000000000005,0.03053480194451151,1.0
6.36,0.030462814217804952,1.0
6.37,0.03039110890655859,1.0
6.38,0.030319684462078885,1.0
6.390000000000001,0.030248539346574295,1.0
6.4,0.030177672033061684,1.0
6.41,0.030107081005273557,1.0
6.42,0.03003676475756633,1.0
6.43,0.02996672179482947,1.0
6.44,0.029896950632395586,1.0
6.45,0.02982744979595144,1.0
6.46,0.02975821782144976,1.0
6.47,0.029689253255022058,1.0
6.48,0.02962055465289227,1.0
6.49,0.029552120581291235,1.0
6.5,0.029483949616372067,1.0
6.51,0.029416040344126343,1.0
6.5200000000000005,0.029348391360301176,1.0
6.53,0.02928100127031704,1.0
6.54,0.02921386868918648,1.0
6.55,0.029146992241433592,1.0
6.5600000000000005,0.029080370561014264,1.0
6.57,0.029014002291237337,1.0
6.58,0.028947886084686375,1.0
6.59,0.028882020603142326,1.0
6.6000000000000005,0.028816404517506902,1.0
6.61,0.028751036507726712,1.0
6.62,0.028685915262718152,1.0
6.63,0.028621039480292997,1.0
6.640000000000001,0.02855640786708479,1.0
6.65,0.028492019138475874,1.0
6.66,0.02842787201852517,1.0
6.67,0.02836396523989669,1.0
6.68,0.028300297543788662,1.0
6.69,0.028236867679863453,1.0
6.7,0.02817367440617807,1.0
6.71,0.028110716489115374,1.0
6.72,0.02804799270331601,1.0
6.73,0.027985501831610894,1.0
6.74,0.027923242664954433,1.0
6.75,0.027861214002358338,1.0
6.76,0.027799414650826124,1.0
6.7700000000000005,0.027737843425288174,1.0
6.78,0.027676499148537485,1.0
6.79,0.027615380651165984,1.0
6.8,0.027554486771501487,1.0
6.8100000000000005,0.027493816355545212,1.0
6.82,0.02743336825691,1.0
6.83,0.027373141336758923,1.0
6.84,0.02731313446374471,1.0
6.8500000000000005,0.027253346513949544,1.0
6.86,0.027193776370825592,1.0
6.87,0.027134422925135973,1.0
6.88,0.027075285074896344,1.0
6.890000000000001,0.02701636172531705,1.0
6.9,0.026957651788745755,1.0
6.91,0.02689915418461071,1.0
6.92,0.02684086783936443,1.0
6.93,0.02678279168642803,1.0
6.94,0.026724924666135953,1.0
6.95,0.026667265725681368,1.0
6.96,0.026609813819061887,1.0
6.97,0.026552567907025967,1.0
6.98,0.026495526957019695,1.0
6.99,0.02643868994313413,1.0
7.0,0.026382055846053114,1.0
7.01,0.02632562365300153,1.0
7.0200000000000005,0.026269392357694096,1.0
7.03,0.02621336096028463,1.0
7.04,0.02615752846731572,1.0
7.05,0.026101893891668934,1.0
7.0600000000000005,0.02604645625251541,1.0
7.07,0.02599121457526704,1.0
7.08,0.025936167891527872,1.0
7.09,0.0258813152390462,1.0
7.1000000000000005,0.02582665566166695,1.0
7.11,0.025772188209284518,1.0
7.12,0.02571791193779607,1.0
7.13,0.02566382590905527,1.0
7.140000000000001,0.02560992919082637,1.0
7.15,0.025556220856738813,1.0
7.16,0.02550269998624216,1.0
7.17,0.025449365664561477,1.0
7.18,0.025396216982653066,1.0
7.19,0.02534325303716071,1.0
7.2,0.0252904729303722,1.0
7.21,0.025237875770176298,1.0
7.22,0.02518546067002008,1.0
7.23,0.025133226748866692,1.0
7.24,0.025081173131153434,1.0
7.25,0.025029298946750263,1.0
7.26,0.02497760333091865,1.0
7.27,0.024926085424270786,1.0
7.28,0.024874744372729185,1.0
7.29,0.02482357932748666,1.0
7.3,0.02477258944496658,1.0
7.31,0.024721773886783555,1.0
7.32,0.024671131819704456,1.0
7.33,0.024620662415609743,1.0
7.34,0.024570364851455168,1.0
7.35,0.024520238309233822,1.0
7.36,0.02447028197593849,1.0
7.37,0.024420495043524375,1.0
7.38,0.024370876708872093,1.0
7.390000000000001,0.024321426173751055,1.0
7.4,0.02427214264478314,1.0
7.41,0.024223025333406676,1.0
7.42,0.02417407345584076,1.0
7.43,0.024125286233049895,1.0
7.44,0.02407666289070888,1.0
7.45,0.02402820265916812,1.0
7.46,0.023979904773419082,1.0
7.47,0.02393176847306019,1.0
7.48,0.02388379300226293,1.0
7.49,0.023835977609738327,1.0
7.5,0.023788321548703615,1.0
7.51,0.02374082407684927,1.0
7.52,0.0236934844563063,1.0
7.53,0.02364630195361382,1.0
7.54,0.023599275839686937,1.0
7.55,0.023552405389784824,1.0
7.56,0.023505689883479175,1.0
7.57,0.02345912860462287,1.0
7.58,0.023412720841318912,1.0
7.59,0.02336646588588964,1.0
7.6,0.02332036303484623,1.0
7.61,0.023274411588858394,1.0
7.62,0.02322861085272439,1.0
7.63,0.0231829601353413,1.0
7.640000000000001,0.023137458749675457,1.0
7.65,0.023092106012733295,1.0
7.66,0.02304690124553227,1.0
7.67,0.02300184377307215,1.0
7.68,0.02295693292430649,1.0
7.69,0.022912168032114377,1.0
7.7,0.02286754843327238,1.0
7.71,0.022823073468426772,1.0
7.72,0.02277874248206595,1.0
7.73,0.022734554822493137,1.0
7.74,0.022690509841799263,1.0
7.75,0.022646606895836086,1.0
7.76,0.022602845344189555,1.0
7.77,0.0225592245501534,1.0
7.78,0.022515743880702904,1.0
7.79,0.02247240270646894,1.0
7.8,0.022429200401712184,1.0
7.81,0.022386136344297553,1.0
7.82,0.022343209915668915,1.0
7.83,0.022300420500823894,1.0
7.84,0.022257767488288994,1.0
7.85,0.022215250270094845,1.0
7.86,0.022172868241751718,1.0
7.87,0.02213062080222522,1.0
7.88,0.022088507353912153,1.0
7.890000000000001,0.022046527302616623,1.0
7.9,0.02200468005752634,1.0
7.91,0.021962965031189066,1.0
7.92,0.021921381639489312,1.0
7.930000000000001,0.021879929301625186,1.0
7.94,0.02183860744008548,1.0
7.95,0.02179741548062687,1.0
7.96,0.021756352852251363,1.0
7.97,0.02171541898718391,1.0
7.98,0.0216746133208502,1.0
7.99,0.021633935291854634,1.0
8.0,0.021593384341958465,1.0
8.01,0.021552959916058153,1.0
8.02,0.021512661462163844,1.0
8.03,0.02147248843137806,1.0
8.040000000000001,0.02143244027787457,1.0
8.05,0.021392516458877395,1.0
8.06,0.021352716434639995,1.0
8.07,0.02131303966842463,1.0
8.08,0.021273485626481913,1.0
8.09,0.021234053778030452,1.0
8.1,0.02119474359523674,1.0
8.11,0.021155554553195174,1.0
8.120000000000001,0.021116486129908192,1.0
8.13,0.021077537806266648,1.0
8.14,0.021038709066030264,1.0
8.15,0.020999999395808308,1.0
8.16,0.020961408285040364,1.0
8.17,0.02092293522597731,1.0
8.18,0.020884579713662407,1.0
8.19,0.020846341245912562,1.0
8.2,0.020808219323299713,1.0
8.21,0.02077021344913239,1.0
8.22,0.020732323129437426,1.0
8.23,0.020694547872941765,1.0
8.24,0.020656887191054452,1.0
8.25,0.020619340597848788,1.0
8.26,0.020581907610044553,1.0
8.27,0.020544587746990445,1.0
8.28,0.02050738053064659,1.0
8.290000000000001,0.02047028548556725,1.0
8.3,0.020433302138883638,1.0
8.31,0.020396430020286845,1.0
8.32,0.020359668662010933,1.0
8.33,0.020323017598816155,1.0
8.34,0.020286476367972303,1.0
8.35,0.020250044509242175,1.0
8.36,0.02021372156486517,1.0
8.370000000000001,0.02017750707954104,1.0
8.38,0.020141400600413743,1.0
8.39,0.02010540167705541,1.0
8.4,0.020069509861450462,1.0
8.41,0.020033724707979823,1.0
8.42,0.019998045773405308,1.0
8.43,0.019962472616854056,1.0
8.44,0.019927004799803135,1.0
8.45,0.019891641886064255,1.0
8.46,0.019856383441768582,1.0
8.47,0.0198212290353517,1.0
8.48,0.019786178237538653,1.0
8.49,0.019751230621329132,1.0
8.5,0.01971638576198273,1.0
8.51,0.019681643237004387,1.0
8.52,0.01964700262612987,1.0
8.53,0.019612463511311382,1.0
8.540000000000001,0.019578025476703325,1.0
8.55,0.019543688108648136,1.0
8.56,0.019509450995662182,1.0
8.57,0.019475313728421876,1.0
8.58,0.019441275899749796,1.0
8.59,0.019407337104600957,1.0
8.6,0.01937349694004919,1.0
8.61,0.019339755005273587,1.0
8.620000000000001,0.019306110901545083,1.0
8.63,0.019272564232213157,1.0
8.64,0.019239114602692547,1.0
8.65,0.019205761620450165,1.0
8.66,0.019172504894992063,1.0
8.67,0.019139344037850472,1.0
8.68,0.01910627866257102,1.0
8.69,0.019073308384699922,1.0
8.700000000000001,0.01904043282177141,1.0
8.71,0.019007651593295132,1.0
8.72,0.01897496432074372,1.0
8.73,0.0189423706275404,1.0
8.74,0.01890987013904677,1.0
8.75,0.018877462482550556,1.0
8.76,0.01884514728725358,1.0
8.77,0.018812924184259724,1.0
8.78,0.018780792806563033,1.0
8.790000000000001,0.01874875278903587,1.0
8.8,0.018716803768417226,1.0
8.81,0.018684945383301028,1.0
8.82,0.018653177274124577,1.0
8.83,0.018621499083157106,1.0
8.84,0.01858991045448833,1.0
8.85,0.018558411034017192,1.0
8.86,0.01852700046944059,1.0
8.870000000000001,0.01849567841024226,1.0
8.88,0.018464444507681702,1.0
8.89,0.0184332984147832,1.0
8.9,0.018402239786324916,1.0
8.91,0.01837126827882805,1.0
8.92,0.018340383550546135,1.0
8.93,0.01830958526145434,1.0
8.94,0.018278873073238885,1.0
8.950000000000001,0.018248246649286533,1.0
8.96,0.018217705654674173,1.0
8.97,0.01818724975615842,1.0
8.98,0.01815687862216536,1.0
8.99,0.018126591922780325,1.0
9.0,0.018096389329737776,1.0
9.01,0.018066270516411208,1.0
9.02,0.01803623515780319,1.0
9.03,0.018006282930535418,1.0
9.04,0.01797641351283889,1.0
9.05,0.017946626584544108,1.0
9.06,0.01791692182707139,1.0
9.07,0.017887298923421224,1.0
9.08,0.017857757558164686,1.0
9.09,0.017828297417433966,1.0
9.1,0.017798918188912907,1.0
9.11,0.01776961956182766,1.0
9.12,0.01774040122693738,1.0
9.13,0.017711262876524997,1.0
9.14,0.01768220420438803,1.0
9.15,0.017653224905829518,1.0
9.16,0.017624324677648958,1.0
9.17,0.017595503218133326,1.0
9.18,0.0175667602270482,1.0
9.19,0.017538095405628885,1.0
9.2,0.01750950845657163,1.0
9.21,0.01748099908402493,1.0
9.22,0.017452566993580835,1.0
9.23,0.017424211892266374,1.0
9.24,0.017395933488535006,1.0
9.25,0.017367731492258124,1.0
9.26,0.01733960561471667,1.0
9.27,0.01731155556859276,1.0
9.28,0.017283581067961355,1.0
9.29,0.01725568182828207,1.0
9.3,0.017227857566390926,1.0
9.31,0.01720010800049229,1.0
9.32,0.017172432850150736,1.0
9.33,0.01714483183628307,1.0
9.34,0.017117304681150348,1.0
9.35,0.01708985110834999,1.0
9.36,0.01706247084280791,1.0
9.37,0.017035163610770745,1.0
9.38,0.017007929139798074,1.0
9.39,0.01698076715875478,1.0
9.4,0.016953677397803367,1.0
9.41,0.016926659588396405,1.0
9.42,0.016899713463269,1.0
9.43,0.016872838756431294,1.0
9.44,0.016846035203161063,1.0
9.45,0.016819302539996334,1.0
9.46,0.016792640504728052,1.0
9.47,0.01676604883639281,1.0
9.48,0.01673952727526563,1.0
9.49,0.016713075562852772,1.0
9.5,0.01668669344188463,1.0
9.51,0.016660380656308628,1.0
9.52,0.01663413695128222,1.0
9.53,0.016607962073165877,1.0
9.54,0.01658185576951618,1.0
9.55,0.016555817789078917,1.0
9.56,0.016529847881782255,1.0
9.57,0.01650394579872994,1.0
9.58,0.016478111292194533,1.0
9.59,0.016452344115610747,1.0
9.6,0.016426644023568752,1.0
9.61,0.016401010771807594,1.0
9.62,0.0163754441172086,1.0
9.63,0.016349943817788884,1.0
9.64,0.01632450963269485,1.0
9.65,0.01629914132219576,1.0
9.66,0.016273838647677348,1.0
9.67,0.01624860137163546,1.0
9.68,0.016223429257669775,1.0
9.69,0.016198322070477503,1.0
9.7,0.016173279575847195,1.0
9.71,0.01614830154065254,1.0
9.72,0.01612338773284626,1.0
9.73,0.016098537921453965,1.0
9.74,0.016073751876568138,1.0
9.75,0.016049029369342088,1.0
9.76,0.016024370171984,1.0
9.77,0.015999774057750975,1.0
9.78,0.015975240800943154,1.0
9.79,0.015950770176897833,1.0
9.8,0.01592636196198366,1.0
9.81,0.015902015933594877,1.0
9.82,0.015877731870145528,1.0
9.83,0.01585350955106379,1.0
9.84,0.015829348756786297,1.0
9.85,0.015805249268752507,1.0
9.86,0.01578121086939911,1.0
9.87,0.01575723334215448,1.0
9.88,0.015733316471433147,1.0
9.89,0.01570946004263032,1.0
9.9,0.015685663842116445,1.0
9.91,0.01566192765723176,1.0
9.92,0.01563825127628098,1.0
9.93,0.015614634488527897,1.0
9.94,0.015591077084190113,1.0
9.95,0.015567578854433757,1.0
9.96,0.015544139591368232,1.0
9.97,0.015520759088041052,1.0
9.98,0.015497437138432638,1.0
9.99,0.015474173537451187,1.0
10.0,0.015450968080927583,1.0
10.01,0.015427820565610336,1.0
10.02,0.015404730789160511,1.0
10.03,0.015381698550146776,1.0
10.04,0.01535872364804038,1.0
10.05,0.015335805883210245,1.0
10.06,0.015312945056918067,1.0
10.07,0.01529014097131341,1.0
10.08,0.015267393429428884,1.0
10.09,0.015244702235175335,1.0
10.1,0.015222067193337041,1.0
10.11,0.015199488109566997,1.0
10.12,0.015176964790382165,1.0
10.13,0.015154497043158795,1.0
10.14,0.015132084676127772,1.0
10.15,0.015109727498369977,1.0
10.16,0.015087425319811682,1.0
10.17,0.015065177951219985,1.0
10.18,0.015042985204198287,1.0
10.19,0.015020846891181747,1.0
10.2,0.014998762825432815,1.0
10.21,0.014976732821036771,1.0
10.22,0.014954756692897317,1.0
10.23,0.014932834256732148,1.0
10.24,0.014910965329068602,1.0
10.25,0.014889149727239303,1.0
10.26,0.01486738726937786,1.0
10.27,0.01484567777441457,1.0
10.28,0.01482402106207215,1.0
10.29,0.014802416952861523,1.0
10.3,0.014780865268077582,1.0
10.31,0.014759365829795035,1.0
10.32,0.014737918460864235,1.0
10.33,0.014716522984907058,1.0
10.34,0.014695179226312796,1.0
10.35,0.014673887010234072,1.0
10.36,0.014652646162582815,1.0
10.37,0.014631456510026201,1.0
10.38,0.014610317879982678,1.0
10.39,0.01458923010061798,1.0
10.4,0.01456819300084116,1.0
10.41,0.014547206410300705,1.0
10.42,0.014526270159380591,1.0
10.43,0.014505384079196425,1.0
10.44,0.014484548001591595,1.0
10.45,0.014463761759133423,1.0
10.46,0.014443025185109388,1.0
10.47,0.014422338113523316,1.0
10.48,0.01440170037909164,1.0
10.49,0.014381111817239653,1.0
10.5,0.014360572264097794,1.0
10.51,0.014340081556497984,1.0
10.52,0.014319639531969915,1.0
10.53,0.014299246028737445,1.0
10.54,0.014278900885714972,1.0
10.55,0.014258603942503806,1.0
10.56,0.014238355039388629,1.0
10.57,0.014218154017333921,1.0
10.58,0.014198000717980417,1.0
10.59,0.014177894983641621,1.0
10.6,0.014157836657300294,1.0
10.61,0.014137825582605,1.0
10.62,0.014117861603866652,1.0
10.63,0.01409794456605508,1.0
10.64,0.01407807431479565,1.0
10.65,0.014058250696365845,1.0
10.66,0.01403847355769192,1.0
10.67,0.01401874274634556,1.0
10.68,0.013999058110540561,1.0
10.69,0.01397941949912951,1.0
10.7,0.013959826761600512,1.0
10.71,0.013940279748073929,1.0
10.72,0.013920778309299144,1.0
10.73,0.013901322296651317,1.0
10.74,0.013881911562128195,1.0
10.75,0.013862545958346928,1.0
10.76,0.013843225338540903,1.0
10.77,0.013823949556556584,1.0
10.78,0.013804718466850411,1.0
10.79,0.013785531924485672,1.0
10.8,0.013766389785129405,1.0
10.81,0.013747291905049365,1.0
10.82,0.013728238141110925,1.0
10.83,0.013709228350774075,1.0
10.84,0.013690262392090383,1.0
10.85,0.01367134012370002,1.0
10.86,0.013652461404828755,1.0
10.87,0.013633626095285012,1.0
10.88,0.013614834055456918,1.0
10.89,0.01359608514630937,1.0
10.9,0.013577379229381143,1.0
10.91,0.01355871616678198,1.0
10.92,0.013540095821189715,1.0
10.93,0.013521518055847434,1.0
10.94,0.013502982734560617,1.0
10.95,0.013484489721694326,1.0
10.96,0.013466038882170376,1.0
10.97,0.01344763008146458,1.0
10.98,0.013429263185603946,1.0
10.99,0.013410938061163915,1.0
11.0,0.013392654575265648,1.0
11.01,0.01337441259557328,1.0
11.02,0.013356211990291205,1.0
11.03,0.01333805262816141,1.0
11.04,0.01331993437846076,1.0
11.05,0.013301857110998372,1.0
11.06,0.013283820696112949,1.0
11.07,0.013265825004670145,1.0
11.08,0.013247869908059972,1.0
11.09,0.013229955278194172,1.0
11.1,0.01321208098750366,1.0
11.11,0.013194246908935928,1.0
11.12,0.013176452915952515,1.0
11.13,0.01315869888252645,1.0
11.14,0.013140984683139735,1.0
11.15,0.013123310192780836,1.0
11.16,0.013105675286942177,1.0
11.17,0.013088079841617674,1.0
11.18,0.013070523733300256,1.0
11.19,0.013053006838979427,1.0
11.2,0.01303552903613881,1.0
11.21,0.01301809020275373,1.0
11.22,0.013000690217288821,1.0
11.23,0.012983328958695606,1.0
11.24,0.012966006306410125,1.0
11.25,0.012948722140350567,1.0
11.26,0.012931476340914917,1.0
11.27,0.01291426878897861,1.0
11.28,0.012897099365892208,1.0
11.29,0.01287996795347909,1.0
11.3,0.01286287443403313,1.0
11.31,0.01284581869031645,1.0
11.32,0.012828800605557097,1.0
11.33,0.012811820063446815,1.0
11.34,0.01279487694813879,1.0
11.35,0.012777971144245406,1.0
11.36,0.012761102536836032,1.0
11.37,0.012744271011434802,1.0
11.38,0.012727476454018425,1.0
11.39,0.012710718751014002,1.0
11.4,0.012693997789296849,1.0
11.41,0.012677313456188333,1.0
11.42,0.012660665639453733,1.0
11.43,0.012644054227300095,1.0
11.44,0.012627479108374121,1.0
11.45,0.012610940171760045,1.0
11.46,0.012594437306977539,1.0
11.47,0.012577970403979635,1.0
11.48,0.012561539353150632,1.0
11.49,0.012545144045304034,1.0
11.5,0.01252878437168051,1.0
11.51,0.01251246022394585,1.0
11.52,0.01249617149418893,1.0
11.53,0.012479918074919692,1.0
11.54,0.012463699859067156,1.0
11.55,0.012447516739977385,1.0
11.56,0.012431368611411558,1.0
11.57,0.012415255367543952,1.0
11.58,0.012399176902959995,1.0
11.59,0.012383133112654314,1.0
11.6,0.0123671238920288,1.0
11.61,0.012351149136890678,1.0
11.62,0.012335208743450577,1.0
11.63,0.012319302608320643,1.0
11.64,0.012303430628512628,1.0
11.65,0.012287592701436003,1.0
11.66,0.012271788724896093,1.0
11.67,0.012256018597092196,1.0
11.68,0.012240282216615751,1.0
11.69,0.012224579482448471,1.0
11.7,0.012208910293960516,1.0
11.71,0.012193274550908677,1.0
11.72,0.012177672153434555,1.0
11.73,0.012162103002062757,1.0
11.74,0.012146566997699096,1.0
11.75,0.012131064041628824,1.0
11.76,0.01211559403551484,1.0
11.77,0.012100156881395943,1.0
11.78,0.012084752481685052,1.0
11.79,0.012069380739167496,1.0
11.8,0.012054041556999236,1.0
11.81,0.012038734838705191,1.0
11.82,0.01202346048817747,1.0
11.83,0.012008218409673697,1.0
11.84,0.01199300850781531,1.0
11.85,0.011977830687585851,1.0
11.86,0.011962684854329326,1.0
11.87,0.011947570913748493,1.0
11.88,0.011932488771903234,1.0
11.89,0.011917438335208886,1.0
11.9,0.011902419510434607,1.0
11.91,0.01188743220470173,1.0
11.92,0.011872476325482157,1.0
11.93,0.011857551780596724,1.0
11.94,0.011842658478213612,1.0
11.95,0.011827796326846734,1.0
11.96,0.011812965235354146,1.0
11.97,0.01179816511293649,1.0
11.98,0.011783395869135384,1.0
11.99,0.011768657413831882,1.0
12.0,0.011753949657244923,1.0
12.01,0.01173927250992976,1.0
12.02,0.011724625882776445,1.0
12.03,0.011710009687008287,1.0
12.04,0.011695423834180336,1.0
12.05,0.011680868236177857,1.0
12.06,0.011666342805214848,1.0
12.07,0.011651847453832513,1.0
12.08,0.011637382094897793,1.0
12.09,0.011622946641601883,1.0
12.1,0.01160854100745874,1.0
12.11,0.01159416510630365,1.0
12.12,0.011579818852291736,1.0
12.13,0.01156550215989653,1.0
12.14,0.011551214943908528,1.0
12.15,0.011536957119433745,1.0
12.16,0.011522728601892298,1.0
12.17,0.01150852930701698,1.0
12.18,0.011494359150851861,1.0
12.19,0.011480218049750865,1.0
12.2,0.01146610592037639,1.0
12.21,0.011452022679697908,1.0
12.22,0.011437968244990592,1.0
12.23,0.011423942533833933,1.0
12.24,0.011409945464110376,1.0
12.25,0.011395976954003963,1.0
12.26,0.011382036921998977,1.0
12.27,0.011368125286878602,1.0
12.28,0.01135424196772357,1.0
12.29,0.011340386883910848,1.0
12.3,0.011326559955112302,1.0
12.31,0.011312761101293384,1.0
12.32,0.011298990242711823,1.0
12.33,0.011285247299916314,1.0
12.34,0.01127153219374523,1.0
12.35,0.011257844845325328,1.0
12.36,0.011244185176070468,1.0
12.37,0.01123055310768033,1.0
12.38,0.011216948562139156,1.0
12.39,0.011203371461714481,1.0
12.4,0.011189821728955874,1.0
12.41,0.011176299286693694,1.0
12.42,0.011162804058037839,1.0
12.43,0.011149335966376513,1.0
12.44,0.011135894935375005,1.0
12.45,0.011122480888974457,1.0
12.46,0.011109093751390636,1.0
12.47,0.011095733447112744,1.0
12.48,0.011082399900902196,1.0
12.49,0.01106909303779144,1.0
12.5,0.011055812783082736,1.0
12.51,0.011042559062347001,1.0
12.52,0.011029331801422609,1.0
12.53,0.011016130926414226,1.0
12.54,0.011002956363691635,1.0
12.55,0.01098980803988859,1.0
12.56,0.010976685881901635,1.0
12.57,0.010963589816888983,1.0
12.58,0.010950519772269345,1.0
12.59,0.010937475675720815,1.0
12.6,0.010924457455179722,1.0
12.61,0.010911465038839514,1.0
12.62,0.010898498355149633,1.0
12.63,0.010885557332814396,1.0
12.64,0.010872641900791905,1.0
12.65,0.010859751988292917,1.0
12.66,0.010846887524779764,1.0
12.67,0.010834048439965256,1.0
12.68,0.010821234663811598,1.0
12.69,0.010808446126529307,1.0
12.7,0.010795682758576137,1.0
12.71,0.010782944490656001,1.0
12.72,0.010770231253717927,1.0
12.73,0.010757542978954985,1.0
12.74,0.010744879597803231,1.0
12.75,0.010732241041940664,1.0
12.76,0.01071962724328619,1.0
12.77,0.010707038133998566,1.0
12.78,0.010694473646475394,1.0
12.79,0.010681933713352068,1.0
12.8,0.010669418267500771,1.0
12.81,0.010656927242029456,1.0
12.82,0.010644460570280815,1.0
12.83,0.01063201818583131,1.0
12.84,0.01061960002249013,1.0
12.85,0.010607206014298227,1.0
12.86,0.010594836095527313,1.0
12.87,0.010582490200678875,1.0
12.88,0.01057016826448318,1.0
12.89,0.010557870221898337,1.0
12.9,0.010545596008109283,1.0
12.91,0.010533345558526839,1.0
12.92,0.010521118808786745,1.0
12.93,0.010508915694748709,1.0
12.94,0.010496736152495441,1.0
12.95,0.010484580118331716,1.0
12.96,0.010472447528783435,1.0
12.97,0.010460338320596679,1.0
12.98,0.010448252430736786,1.0
12.99,0.010436189796387406,1.0
13.0,0.010424150354949598,1.0
13.01,0.010412134044040894,1.0
13.02,0.010400140801494403,1.0
13.03,0.010388170565357872,1.0
13.04,0.010376223273892825,1.0
13.05,0.010364298865573609,1.0
13.06,0.010352397279086547,1.0
13.07,0.010340518453329013,1.0
13.08,0.010328662327408561,1.0
13.09,0.010316828840642032,1.0
13.1,0.01030501793255469,1.0
13.11,0.010293229542879328,1.0
13.12,0.010281463611555417,1.0
13.13,0.010269720078728225,1.0
13.14,0.010257998884747974,1.0
13.15,0.01024629997016896,1.0
13.16,0.010234623275748716,1.0
13.17,0.010222968742447162,1.0
13.18,0.01021133631142576,1.0
13.19,0.010199725924046664,1.0
13.2,0.010188137521871898,1.0
13.21,0.010176571046662516,1.0
13.22,0.010165026440377777,1.0
13.23,0.010153503645174321,1.0
13.24,0.010142002603405344,1.0
13.25,0.010130523257619792,1.0
13.26,0.01011906555056154,1.0
13.27,0.010107629425168591,1.0
13.28,0.010096214824572267,1.0
13.29,0.010084821692096412,1.0
13.3,0.010073449971256592,1.0
13.31,0.010062099605759316,1.0
13.32,0.010050770539501229,1.0
13.33,0.010039462716568337,1.0
13.34,0.010028176081235234,1.0
13.35,0.010016910577964309,1.0
13.36,0.010005666151404982,1.0
13.37,0.009994442746392936,1.0
13.38,0.009983240307949351,1.0
13.39,0.009972058781280142,1.0
13.4,0.009960898111775194,1.0
13.41,0.009949758245007618,1.0
13.42,0.009938639126732991,1.0
13.43,0.009927540702888616,1.0
13.44,0.009916462919592778,1.0
13.45,0.009905405723144,1.0
13.46,0.009894369060020303,1.0
13.47,0.00988335287687849,1.0
13.48,0.009872357120553399,1.0
13.49,0.00986138173805718,1.0
13.5,0.009850426676578585,1.0
13.51,0.009839491883482234,1.0
13.52,0.009828577306307904,1.0
13.53,0.009817682892769833,1.0
13.54,0.009806808590755983,1.0
13.55,0.009795954348327352,1.0
13.56,0.009785120113717282,1.0
13.57,0.009774305835330737,1.0
13.58,0.009763511461743623,1.0
13.59,0.009752736941702093,1.0
13.6,0.00974198222412186,1.0
13.61,0.00973124725808751,1.0
13.62,0.009720531992851817,1.0
13.63,0.009709836377835077,1.0
13.64,0.009699160362624418,1.0
13.65,0.009688503896973132,1.0
13.66,0.009677866930800017,1.0
13.67,0.009667249414188688,1.0
13.68,0.009656651297386938,1.0
13.69,0.009646072530806071,1.0
13.7,0.009635513065020241,1.0
13.71,0.009624972850765794,1.0
13.72,0.009614451838940637,1.0
13.73,0.009603949980603581,1.0
13.74,0.009593467226973679,1.0
13.75,0.009583003529429621,1.0
13.76,0.009572558839509063,1.0
13.77,0.009562133108908013,1.0
13.78,0.00955172628948019,1.0
13.79,0.009541338333236397,1.0
13.8,0.009530969192343893,1.0
13.81,0.00952061881912578,1.0
13.82,0.009510287166060363,1.0
13.83,0.009499974185780559,1.0
13.84,0.009489679831073253,1.0
13.85,0.009479404054878715,1.0
13.86,0.009469146810289973,1.0
13.87,0.009458908050552217,1.0
13.88,0.009448687729062183,1.0
13.89,0.009438485799367576,1.0
13.9,0.009428302215166447,1.0
13.91,0.009418136930306619,1.0
13.92,0.009407989898785081,1.0
13.93,0.00939786107474741,1.0
13.94,0.009387750412487175,1.0
13.95,0.009377657866445366,1.0
13.96,0.009367583391209798,1.0
13.97,0.009357526941514543,1.0
13.98,0.00934748847223936,1.0
13.99,0.009337467938409106,1.0
14.0,0.009327465295193177,1.0
14.01,0.009317480497904942,1.0
14.02,0.009307513502001175,1.0
14.03,0.009297564263081488,1.0
14.04,0.009287632736887784,1.0
14.05,0.009277718879303681,1.0
14.06,0.009267822646353986,1.0
14.07,0.009257943994204113,1.0
14.08,0.009248082879159552,1.0
14.09,0.009238239257665322,1.0
14.1,0.009228413086305412,1.0
14.11,0.009218604321802262,1.0
14.12,0.009208812921016203,1.0
14.13,0.009199038840944931,1.0
14.14,0.009189282038722978,1.0
14.15,0.009179542471621163,1.0
14.16,0.009169820097046078,1.0
14.17,0.009160114872539558,1.0
14.18,0.009150426755778153,1.0
14.19,0.0091407557045726,1.0
14.2,0.009131101676867323,1.0
14.21,0.009121464630739892,1.0
14.22,0.009111844524400533,1.0
14.23,0.00910224131619159,1.0
14.24,0.009092654964587034,1.0
14.25,0.00908308542819194,1.0
14.26,0.009073532665741997,1.0
14.27,0.009063996636102993,1.0
14.28,0.00905447729827032,1.0
14.29,0.009044974611368472,1.0
14.3,0.009035488534650549,1.0
14.31,0.009026019027497764,1.0
14.32,0.009016566049418953,1.0
14.33,0.00900712956005008,1.0
14.34,0.008997709519153753,1.0
14.35,0.008988305886618735,1.0
14.36,0.008978918622459472,1.0
14.37,0.008969547686815594,1.0
14.38,0.008960193039951452,1.0
14.39,0.008950854642255635,1.0
14.4,0.0089415324542405,1.0
14.41,0.008932226436541686,1.0
14.42,0.00892293654991766,1.0
14.43,0.008913662755249244,1.0
14.44,0.008904405013539144,1.0
14.45,0.008895163285911493,1.0
14.46,0.008885937533611383,1.0
14.47,0.00887672771800441,1.0
14.48,0.008867533800576215,1.0
14.49,0.008858355742932027,1.0
14.5,0.008849193506796213,1.0
14.51,0.008840047054011821,1.0
14.52,0.008830916346540136,1.0
14.53,0.008821801346460231,1.0
14.54,0.008812702015968517,1.0
14.55,0.008803618317378303,1.0
14.56,0.008794550213119359,1.0
14.57,0.008785497665737474,1.0
14.58,0.008776460637894007,1.0
14.59,0.008767439092365471,1.0
14.6,0.00875843299204308,1.0
14.61,0.008749442299932336,1.0
14.62,0.008740466979152582,1.0
14.63,0.008731506992936587,1.0
14.64,0.008722562304630114,1.0
14.65,0.008713632877691493,1.0
14.66,0.008704718675691206,1.0
14.67,0.00869581966231146,1.0
14.68,0.008686935801345774,1.0
14.69,0.008678067056698558,1.0
14.7,0.008669213392384701,1.0
14.71,0.008660374772529154,1.0
14.72,0.00865155116136653,1.0
14.73,0.008642742523240675,1.0
14.74,0.00863394882260428,1.0
14.75,0.008625170024018466,1.0
14.76,0.008616406092152376,1.0
14.77,0.008607656991782781,1.0
14.78,0.00859892268779368,1.0
14.79,0.008590203145175895,1.0
14.8,0.00858149832902667,1.0
14.81,0.008572808204549295,1.0
14.82,0.008564132737052695,1.0
14.83,0.008555471891951038,1.0
14.84,0.00854682563476336,1.0
14.85,0.008538193931113157,1.0
14.86,0.008529576746728017,1.0
14.87,0.008520974047439227,1.0
14.88,0.008512385799181376,1.0
14.89,0.00850381196799201,1.0
14.9,0.008495252520011206,1.0
14.91,0.00848670742148123,1.0
14.92,0.008478176638746147,1.0
14.93,0.008469660138251438,1.0
14.94,0.008461157886543643,1.0
14.95,0.008452669850269977,1.0
14.96,0.008444195996177965,1.0
14.97,0.008435736291115074,1.0
14.98,0.008427290702028344,1.0
14.99,0.008418859195964022,1.0
0.0,inf,1.0
0.01,488.60251190291996,1.0
0.02,172.74707473566775,1.0
0.03,94.03159725795938,1.0
0.04,61.075313987864995,1.0
0.05,43.70193722368316,1.0
0.06,33.24519003345273,1.0
0.07,26.382055846053113,1.0
0.08,21.59338434195847,1.0
0.09,18.096389329737775,1.0
0.1,15.450968080927582,1.0
0.11,13.392654575265649,1.0
0.12,11.753949657244922,1.0
0.13,10.424150354949598,1.0
0.14,9.327465295193177,1.0
0.15,8.410441740067201,1.0
0.16,7.634414248483124,1.0
0.17,6.970795036393942,1.0
0.18,6.398039805024732,1.0
0.19,5.899637044168856,1.0
0.2,5.462742152960395,1.0
0.21,5.077229014831502,1.0
0.22,4.735018434129691,1.0
0.23,4.429594194619663,1.0
0.24,4.155648754181591,1.0
0.25,3.908820095223359,1.0
0.26,3.685493702046508,1.0
0.27,3.482651750294792,1.0
0.28,3.297756980756639,1.0
0.29,3.1286623683437838,1.0
0.3,2.973540193587952,1.0
0.31,2.83082586197951,1.0
0.32,2.6991730427448086,1.0
0.33,2.577417574731099,1.0
0.34,2.464548220247841,1.0
0.35,2.35968281031882,1.0
0.36,2.262048666217222,1.0
0.37,2.1709664365322654,1.0
0.38,2.085836680235579,1.0
0.39,2.006128671167761,1.0
0.4,1.9313710101159478,1.0
0.41,1.861143715904913,1.0
0.42,1.7950715330122247,1.0
0.43,1.732818244793366,1.0
0.44,1.674081821908206,1.0
0.45,1.6185902675438208,1.0
0.46,1.5660980464600633,1.0
0.47,1.5163830052036031,1.0
0.48,1.4692437071556153,1.0
0.49,1.4244971192504956,1.0
0.5,1.3819765978853418,1.0
0.51,1.3415301302425833,1.0
0.52,1.3030187943686997,1.0
0.53,1.2663154072024738,1.0
0.54,1.231303334572323,1.0
0.55,1.1978754411787025,1.0
0.56,1.165933161899147,1.0
0.5700000000000001,1.135385678523992,1.0
0.58,1.1061491883495267,1.0
0.59,1.078146253002308,1.0
0.6,1.0513052175084001,1.0
0.61,1.025559691006976,1.0
0.62,1.0008480816819827,1.0
0.63,0.9771131794834486,1.0
0.64,0.9543017810603905,1.0
0.65,0.9323643520538343,1.0
0.66,0.9112547225208723,1.0
0.67,0.8909298117951452,1.0
0.68,0.8713493795492427,1.0
0.6900000000000001,0.8524758002214886,1.0
0.7000000000000001,0.8342738583128836,1.0
0.71,0.816710562357506,1.0
0.72,0.7997549756280915,1.0
0.73,0.7833780618634081,1.0
0.74,0.7675525445001798,1.0
0.75,0.7522527780636751,1.0
0.76,0.737454630521107,1.0
0.77,0.7231353755335567,1.0
0.78,0.7092735936577406,1.0
0.79,0.6958490816506819,1.0
0.8,0.6828427691200494,1.0
0.81,0.6702366418421398,1.0
0.8200000000000001,0.6580136711395466,1.0
0.8300000000000001,0.646157748772625,1.0
0.84,0.6346536268539378,1.0
0.85,0.623486862343799,1.0
0.86,0.61264376572858,1.0
0.87,0.6021113535222452,1.0
0.88,0.5918773042662113,1.0
0.89,0.5819299177335702,1.0
0.9,0.572258077071392,1.0
0.91,0.562851213639639,1.0
0.92,0.5536992743274579,1.0
0.93,0.5447926911476081,1.0
0.94,0.5361223529277518,1.0
0.95,0.5276795789334997,1.0
0.96,0.5194560942726989,1.0
0.97,0.5114440069435909,1.0
0.98,0.5036357864013636,1.0
0.99,0.49602424352835744,1.0
1.0,0.48860251190291987,1.0
1.01,0.4813640302707171,1.0
1.02,0.4743025261303013,1.0
1.03,0.4674120003520044,1.0
1.04,0.4606867127558135,1.0
1.05,0.45412116857990104,1.0
1.06,0.4477101057769368,1.0
1.07,0.4414484830802998,1.0
1.08,0.435331468786849,1.0
1.09,0.42935443020706165,1.0
1.1,0.4235129237371439,1.0
1.11,0.41780268551118194,1.0
1.12,0.4122196225945799,1.0
1.13,0.40675980468293965,1.0
1.14,0.40141945627320236,1.0
1.15,0.39619494927632004,1.0
1.16,0.39108279604297297,1.0
1.17,0.38607964277591106,1.0
1.18,0.38118226330439964,1.0
1.19,0.3763875531979962,1.0
1.2,0.371692524198494,1.0
1.21,0.36709429895035306,1.0
1.22,0.3625901060113066,1.0
1.23,0.35817727512609393,1.0
1.24,0.35385323274743874,1.0
1.25,0.3496154977894653,1.0
1.26,0.3454616775997474,1.0
1.27,0.34138946413710247,1.0
1.28,0.3373966303431011,1.0
1.29,0.33348102669604823,1.0
1.3,0.32964057793693397,1.0
1.31,0.3258732799575223,1.0
1.32,0.32217719684138735,1.0
1.33,0.31855045804928517,1.0
1.34,0.31499125574080084,1.0
1.35,0.3114978422247111,1.0
1.36,0.30806852753098013,1.0
1.37,0.3047016770977405,1.0
1.38,0.3013957095670216,1.0
1.39,0.29814909468336903,1.0
1.4,0.2949603512898525,1.0
1.41,0.29182804541629126,1.0
1.42,0.2887507884548356,1.0
1.43,0.28572723541832956,1.0
1.44,0.28275608327715274,1.0
1.45,0.2798360693704875,1.0
1.46,0.2769659698881953,1.0
1.47,0.2741445984197066,1.0
1.48,0.2713708045665332,1.0
1.49,0.26864347261520566,1.0
1.5,0.2659615202676218,1.0
1.51,0.2633238974259565,1.0
1.52,0.2607295850294474,1.0
1.53,0.25817759394051637,1.0
1.54,0.2556669638778293,1.0
1.55,0.2531967623940249,1.0
1.56,0.2507660838959701,1.0
1.57,0.24837404870551313,1.0
1.58,0.24601980215881442,1.0
1.59,0.24370251374243962,1.0
1.6,0.24142137626449348,1.0
1.61,0.2391756050591647,1.0
1.62,0.23696443722313815,1.0
1.63,0.23478713088240946,1.0
1.64,0.2326429644881141,1.0
1.65,0.23053123614005527,1.0
1.66,0.22845126293667836,1.0
1.67,0.2264023803503093,1.0
1.68,0.22438394162652808,1.0
1.69,0.222395317206609,1.0
1.7,0.2204358941720119,1.0
1.71,0.21850507570995767,1.0
1.72,0.21660228059917075,1.0
1.73,0.21472694271491544,1.0
1.74,0.2128785105524951,1.0
1.75,0.21105644676842492,1.0
1.76,0.20926022773852576,1.0
1.77,0.20748934313222298,1.0
1.78,0.20574329550236856,1.0
1.79,0.20402159988993734,1.0
1.8,0.2023237834429776,1.0
1.81,0.20064938504922747,1.0
1.82,0.19899795498183348,1.0
1.83,0.19736905455763565,1.0
1.84,0.19576225580750792,1.0
1.85,0.19417714115826512,1.0
1.86,0.19261330312567104,1.0
1.87,0.19107034401810344,1.0
1.88,0.1895478756504504,1.0
1.89,0.1880455190678334,1.0
1.9,0.18656290427876984,1.0
1.91,0.18509966999740368,1.0
1.92,0.1836554633944519,1.0
1.93,0.1822299398565276,1.0
1.94,0.18082276275351644,1.0
1.95,0.17943360321369747,1.0
1.96,0.17806213990631195,1.0
1.97,0.17670805883129723,1.0
1.98,0.1753710531159145,1.0
1.99,0.1740508228180109,1.0
2.0,0.17274707473566772,1.0
2.01,0.17145952222299662,1.0
2.02,0.1701878850118553,1.0
2.03,0.1689318890392656,1.0
2.04,0.1676912662803229,1.0
2.05,0.1664657545863977,1.0
2.06,0.16525509752843562,1.0
2.07,0.16405904424517273,1.0
2.08,0.16287734929608746,1.0
2.09,0.16170977251892135,1.0
2.1,0.1605560788916037,1.0
2.11,0.15941603839842508,1.0
2.12,0.15828942590030923,1.0
2.13,0.15717602100903896,1.0
2.14,0.15607560796529746,1.0
2.15,0.15498797552039353,1.0
2.16,0.15391291682154037,1.0
2.17,0.15285022930056816,1.0
2.18,0.15179971456594976,1.0
2.19,0.15076117829802865,1.0
2.2,0.1497344301473378,1.0
2.21,0.14871928363590664,1.0
2.22,0.14771555606145362,1.0
2.23,0.14672306840436908,1.0
2.24,0.14574164523739339,1.0
2.25,0.1447711146379022,1.0
2.26,0.14381130810271112,1.0
2.27,0.1428620604653175,1.0
2.28,0.14192320981549905,1.0
2.29,0.14099459742119166,1.0
2.3000000000000003,0.14007606765257302,1.0
2.31,0.13916746790828005,1.0
2.32,0.13826864854369084,1.0
2.33,0.1373794628012059,1.0
2.34,0.13649976674246328,1.0
2.35,0.13562941918242694,1.0
2.36,0.1347682816252885,1.0
2.37,0.13391621820212504,1.0
2.38,0.13307309561025776,1.0
2.39,0.13223878305425804,1.0
2.4,0.13141315218855001,1.0
2.41,0.1305960770615588,1.0
2.42,0.1297874340613582,1.0
2.43,0.12898710186277007,1.0
2.44,0.128194961375872,1.0
2.45,0.12741089569586928,1.0
2.46,0.12663479005429037,1.0
2.47,0.12586653177146517,1.0
2.48,0.12510601021024784,1.0
2.49,0.12435311673094586,1.0
2.5,0.12360774464742066,1.0
2.51,0.12286978918432304,1.0
2.52,0.12213914743543107,1.0
2.53,0.12141571832305732,1.0
2.54,0.12069940255849346,1.0
2.5500000000000003,0.11999010260346248,1.0
2.56,0.11928772263254882,1.0
2.57,0.1185921684965772,1.0
2.58,0.11790334768691388,1.0
2.59,0.11722116930066252,1.0
2.6,0.11654554400672928,1.0
2.61,0.11587638401273276,1.0
2.62,0.11521360303273312,1.0
2.63,0.11455711625575932,1.0
2.64,0.11390684031510903,1.0
2.65,0.11326269325840235,1.0
2.66,0.1126245945183652,1.0
2.67,0.11199246488432449,1.0
2.68,0.11136622647439315,1.0
2.69,0.11074580270832722,1.0
2.7,0.11013111828103524,1.0
2.71,0.10952209913672306,1.0
2.72,0.10891867244365534,1.0
2.73,0.10832076656951772,1.0
2.74,0.10772831105736301,1.0
2.75,0.10714123660212518,1.0
2.76,0.10655947502768608,1.0
2.77,0.10598295926447977,1.0
2.78,0.10541162332762012,1.0
2.79,0.10484540229553742,1.0
2.8000000000000003,0.10428423228911045,1.0
2.81,0.103728050451281,1.0
2.82,0.10317679492713766,1.0
2.83,0.10263040484445678,1.0
2.84,0.10208882029468826,1.0
2.85,0.10155198231437479,1.0
2.86,0.10101983286699297,1.0
2.87,0.10049231482520506,1.0
2.88,0.09996937195351144,1.0
2.89,0.09945094889129247,1.0
2.9,0.0989369911362304,1.0
2.91,0.09842744502810102,1.0
2.92,0.09792225773292601,1.0
2.93,0.09742137722747644,1.0
2.94,0.09692475228411872,1.0
2.95,0.09643233245599389,1.0
2.96,0.09594406806252248,1.0
2.97,0.09545991017522587,1.0
2.98,0.09497981060385725,1.0
2.99,0.09450372188283317,1.0
3.0,0.09403159725795938,1.0
3.01,0.09356339067344269,1.0
3.02,0.09309905675918234,1.0
3.03,0.09263855081833389,1.0
3.04,0.09218182881513838,1.0
3.0500000000000003,0.09172884736301111,1.0
3.06,0.09127956371288301,1.0
3.0700000000000003,0.09083393574178854,1.0
3.08,0.09039192194169458,1.0
3.09,0.08995348140856374,1.0
3.1,0.08951857383164699,1.0
3.11,0.08908715948300004,1.0
3.12,0.08865919920721757,1.0
3.13,0.08823465441138087,1.0
3.14,0.08781348705521308,1.0
3.15,0.08739565964143778,1.0
3.16,0.08698113520633524,1.0
3.17,0.08656987731049279,1.0
3.18,0.08616185002974341,1.0
3.19,0.08575701794628952,1.0
3.2,0.08535534614000617,1.0
3.21,0.08495680017992104,1.0
3.22,0.08456134611586544,1.0
3.23,0.08416895047029396,1.0
3.24,0.08377958023026748,1.0
3.25,0.08339320283959678,1.0
3.26,0.0830097861911426,1.0
3.27,0.08262929861926849,1.0
3.28,0.08225170889244333,1.0
3.29,0.08187698620598972,1.0
3.3000000000000003,0.08150510017497517,1.0
3.31,0.08113602082724275,1.0
3.3200000000000003,0.08076971859657812,1.0
3.33,0.08040616431600983,1.0
3.34,0.08004532921123986,1.0
3.35,0.07968718489420155,1.0
3.36,0.07933170335674222,1.0
3.37,0.07897885696442719,1.0
3.38,0.07862861845046323,1.0
3.39,0.07828096090973825,1.0
3.4,0.07793585779297488,1.0
3.41,0.07759328290099535,1.0
3.42,0.07725321037909551,1.0
3.43,0.0769156147115251,1.0
3.44,0.0765804707160725,1.0
3.45,0.07624775353875114,1.0
3.46,0.07591743864858602,1.0
3.47,0.07558950183249746,1.0
3.48,0.07526391919028065,1.0
3.49,0.07494066712967838,1.0
3.5,0.07461972236154542,1.0
3.51,0.07430106189510227,1.0
3.52,0.07398466303327642,1.0
3.53,0.07367050336812962,1.0
3.54,0.07335856077636863,1.0
3.5500000000000003,0.07304881341493857,1.0
3.56,0.07274123971669627,1.0
3.5700000000000003,0.07243581838616255,1.0
3.58,0.07213252839535163,1.0
3.59,0.07183134897967577,1.0
3.6,0.071532259633924,1.0
3.61,0.07123524010831316,1.0
3.62,0.07094027040460972,1.0
3.63,0.07064733077232109,1.0
3.64,0.07035640170495487,1.0
3.65,0.07006746393634464,1.0
3.66,0.06978049843704091,1.0
3.67,0.0694954864107662,1.0
3.68,0.06921240929093224,1.0
3.69,0.06893124873721901,1.0
3.7,0.06865198663221336,1.0
3.71,0.06837460507810687,1.0
3.72,0.06809908639345101,1.0
3.73,0.06782541310996917,1.0
3.74,0.06755356796942372,1.0
3.75,0.0672835339205376,1.0
3.76,0.06701529411596897,1.0
3.77,0.06674883190933796,1.0
3.78,0.06648413085230462,1.0
3.79,0.06622117469169683,1.0
3.8,0.06595994736668746,1.0
3.81,0.0657004330060194,1.0
3.82,0.06544261592527814,1.0
3.83,0.0651864806242102,1.0
3.84,0.06493201178408736,1.0
3.85,0.06467919426511484,1.0
3.86,0.0644280131038837,1.0
3.87,0.0641784535108654,1.0
3.88,0.06393050086794887,1.0
3.89,0.06368414072601816,1.0
3.9,0.06343935880257087,1.0
3.91,0.063196140979376,1.0
3.92,0.06295447330017045,1.0
3.93,0.06271434196839393,1.0
3.94,0.06247573334496082,1.0
3.95,0.06223863394606906,1.0
3.96,0.06200303044104468,1.0
3.97,0.061768909650221734,1.0
3.98,0.0615362585428569,1.0
3.99,0.061305064235077804,1.0
4.0,0.06107531398786498,1.0
4.01,0.06084699520506624,1.0
4.0200000000000005,0.060620095431443206,1.0
4.03,0.06039460235074952,1.0
4.04,0.06017050378383964,1.0
4.05,0.05994778768680818,1.0
4.0600000000000005,0.05972644214915903,1.0
4.07,0.059506455392003575,1.0
4.08,0.059287815766287666,1.0
4.09,0.059070511751046766,1.0
4.1,0.058854531951688716,1.0
4.11,0.05863986509830363,1.0
4.12,0.05842650004400055,1.0
4.13,0.05821442576327006,1.0
4.14,0.058003631350372724,1.0
4.15,0.05779410601775283,1.0
4.16,0.05758583909447669,1.0
4.17,0.05737882002469544,1.0
4.18,0.057173038366131655,1.0
4.19,0.056968483788589444,1.0
4.2,0.05676514607248763,1.0
4.21,0.056563015107415474,1.0
4.22,0.056362080890710715,1.0
4.23,0.05616233352605936,1.0
4.24,0.0559637632221171,1.0
4.25,0.05576636029115153,1.0
4.26,0.055570115147705344,1.0
4.2700000000000005,0.055375018307279644,1.0
4.28,0.05518106038503748,1.0
4.29,0.05498823209452672,1.0
4.3,0.05479652424642245,1.0
4.3100000000000005,0.054605927747288244,1.0
4.32,0.05441643359835612,1.0
4.33,0.05422803289432466,1.0
4.34,0.05404071682217524,1.0
4.3500000000000005,0.053854476660005896,1.0
4.36,0.05366930377588271,1.0
4.37,0.05348518962670789,1.0
4.38,0.05330212575710511,1.0
4.39,0.053120103798320994,1.0
4.4,0.052939115467142986,1.0
4.41,0.052759152564833156,1.0
4.42,0.05258020697607756,1.0
4.43,0.05240227066795116,1.0
4.44,0.05222533568889774,1.0
4.45,0.05204939416772492,1.0
4.46,0.05187443831261353,1.0
4.47,0.05170046041014161,1.0
4.48,0.05152745282432249,1.0
4.49,0.05135540799565673,1.0
4.5,0.05118431844019784,1.0
4.51,0.051014176748631415,1.0
4.5200000000000005,0.05084497558536745,1.0
4.53,0.05067670768764579,1.0
4.54,0.050509365864654286,1.0
4.55,0.0503429429966596,1.0
4.5600000000000005,0.05017743203415027,1.0
4.57,0.050012825996992236,1.0
4.58,0.049849117973595966,1.0
4.59,0.049686301120095665,1.0
4.6000000000000005,0.04952436865953999,1.0
4.61,0.049363313881094106,1.0
4.62,0.04920313013925302,1.0
4.63,0.04904381085306598,1.0
4.64,0.04888534950537162,1.0
4.65,0.048727739642043987,1.0
4.66,0.04857097487124887,1.0
4.67,0.04841504886271058,1.0
4.68,0.04825995534698888,1.0
4.69,0.04810568811476601,1.0
4.7,0.04795224101614344,1.0
4.71,0.047799607959948406,1.0
4.72,0.047647782913049955,1.0
4.73,0.047496759899684375,1.0
4.74,0.04734653300078998,1.0
4.75,0.04719709635335085,1.0
4.76,0.04704844414974953,1.0
4.7700000000000005,0.046900570637128665,1.0
4.78,0.046753470116761287,1.0
4.79,0.04660713694342951,1.0
4.8,0.04646156552481175,1.0
4.8100000000000005,0.04631675032087822,1.0
4.82,0.046172685843294564,1.0
4.83,0.04602936665483346,1.0
4.84,0.04588678736879413,1.0
4.8500000000000005,0.04574494264842975,1.0
4.86,0.045603827206382334,1.0
4.87,0.04546343580412529,1.0
4.88,0.045323763251413324,1.0
4.89,0.04518480440573966,1.0
4.9,0.04504655417180053,1.0
4.91,0.04490900750096666,1.0
4.92,0.04477215939076174,1.0
4.93,0.04463600488434786,1.0
4.94,0.04450053907001753,1.0
4.95,0.04436575708069269,1.0
4.96,0.04423165409342984,1.0
4.97,0.04409822532893206,1.0
4.98,0.04396546605106706,1.0
4.99,0.043833371566391846,1.0
5.0,0.043701937223683165,1.0
5.01,0.04357115841347438,1.0
5.0200000000000005,0.043441030567598155,1.0
5.03,0.04331154915873516,1.0
5.04,0.04318270969996842,1.0
5.05,0.0430545077443436,1.0
5.0600000000000005,0.04292693888443479,1.0
5.07,0.04279999875191597,1.0
5.08,0.04267368301713781,1.0
5.09,0.04254798738871004,1.0
5.1000000000000005,0.04242290761308896,1.0
5.11,0.042298439474170405,1.0
5.12,0.042174578792887635,1.0
5.13,0.04205132142681454,1.0
5.14,0.0419286632697737,1.0
5.15,0.0418066002514495,1.0
5.16,0.04168512833700603,1.0
5.17,0.041564243526709836,1.0
5.18,0.04144394185555741,1.0
5.19,0.04132421939290726,1.0
5.2,0.041205072242116746,1.0
5.21,0.041086496540183225,1.0
5.22,0.04096848845738989,1.0
5.23,0.04085104419695575,1.0
5.24,0.04073415999469029,1.0
5.25,0.04061783211865202,1.0
5.26,0.04050205686881154,1.0
5.2700000000000005,0.040386830576718616,1.0
5.28,0.04027214960517342,1.0
5.29,0.040158010347901694,1.0
5.3,0.040044409229234086,1.0
5.3100000000000005,0.03993134270378918,1.0
5.32,0.039818807256160646,1.0
5.33,0.03970679940060797,1.0
5.34,0.03959531568075107,1.0
5.3500000000000005,0.03948435266926865,1.0
5.36,0.039373906967600104,1.0
5.37,0.03926397520565114,1.0
5.38,0.039154554041502844,1.0
5.39,0.03904564016112434,1.0
5.4,0.03893723027808889,1.0
5.41,0.03882932113329336,1.0
5.42,0.03872190949468111,1.0
5.43,0.03861499215696813,1.0
5.44,0.038508565941372516,1.0
5.45,0.03840262769534716,1.0
5.46,0.038297174292315536,1.0
5.47,0.03819220263141074,1.0
5.48,0.03808770963721756,1.0
5.49,0.03798369225951763,1.0
5.5,0.037880147473037536,1.0
5.51,0.037777072277199945,1.0
5.5200000000000005,0.037674463695877694,1.0
5.53,0.03757231877715067,1.0
5.54,0.037470634593065634,1.0
5.55,0.03736940823939878,1.0
5.5600000000000005,0.037268636835421115,1.0
5.57,0.037168317523666644,1.0
5.58,0.037068447469703066,1.0
5.59,0.03696902386190528,1.0
5.6000000000000005,0.036870043911231554,1.0
5.61,0.03677150485100214,1.0
5.62,0.03667340393668055,1.0
5.63,0.03657573844565736,1.0
5.64,0.03647850567703641,1.0
5.65,0.03638170295142361,1.0
5.66,0.036285327610718045,1.0
5.67,0.03618937701790551,1.0
5.68,0.03609384855685445,1.0
5.69,0.03599873963211416,1.0
5.7,0.03590404766871539,1.0
5.71,0.035809770111973005,1.0
5.72,0.035715904427291195,1.0
5.73,0.03562244809997064,1.0
5.74,0.03552939863501795,1.0
5.75,0.0354367535569573,1.0
5.76,0.03534451040964409,1.0
5.7700000000000005,0.0352526667560808,1.0
5.78,0.03516122017823484,1.0
5.79,0.03507016827685851,1.0
5.8,0.03497950867131094,1.0
5.8100000000000005,0.03488923899938197,1.0
5.82,0.034799356917118184,1.0
5.83,0.03470986009865056,1.0
5.84,0.03462074623602441,1.0
5.8500000000000005,0.034532013039030904,1.0
5.86,0.03444365823504065,1.0
5.87,0.03435567956883902,1.0
5.88,0.03426807480246333,1.0
5.89,0.03418084171504184,1.0
5.9,0.03409397810263444,1.0
5.91,0.03400748177807522,1.0
5.92,0.03392135057081665,1.0
5.93,0.033835582326775485,1.0
5.94,0.033750174908180455,1.0
5.95,0.033665126193421505,1.0
5.96,0.03358043407690071,1.0
5.97,0.033496096468884816,1.0
5.98,0.03341211129535943,1.0
5.99,0.03332847649788473,1.0
6.0,0.03324519003345273,1.0
6.01,0.03316224987434615,1.0
6.0200000000000005,0.03307965400799874,1.0
6.03,0.032997400436857234,1.0
6.04,0.032915487178244565,1.0
6.05,0.032833912264224774,1.0
6.0600000000000005,0.032752673741469236,1.0
6.07,0.03267176967112442,1.0
6.08,0.03259119812868092,1.0
6.09,0.03251095720384398,1.0
6.1000000000000005,0.03243104500040545,1.0
6.11,0.03235145963611697,1.0
6.12,0.032272199242564546,1.0
6.13,0.032193261965044545,1.0
6.140000000000001,0.032114645962440895,1.0
6.15,0.03203634940710362,1.0
6.16,0.03195837048472866,1.0
6.17,0.03188070739423894,1.0
6.18,0.031803358347666726,1.0
6.19,0.031726321570037165,1.0
6.2,0.03164959529925311,1.0
6.21,0.03157317778598106,1.0
6.22,0.03149706729353839,1.0
6.23,0.031421262097781684,1.0
6.24,0.03134576048699626,1.0
6.25,0.03127056076178687,1.0
6.26,0.031195661234969464,1.0
6.2700000000000005,0.031121060231464125,1.0
6.28,0.031046756088189142,1.0
6.29,0.030972747153956086,1.0
6.3,0.03089903178936606,1.0
6.3100000000000005,0.030825608366706947,1.0
6.32,0.030752475269851802,1.0
6.33,0.030679630894158146,1.0
6.34,0.030607073646368443,1.0
6.3500000000000005,0.03053480194451151,1.0
6.36,0.030462814217804952,1.0
6.37,0.03039110890655859,1.0
6.38,0.030319684462078885,1.0
6.390000000000001,0.030248539346574295,1.0
6.4,0.030177672033061684,1.0
6.41,0.030107081005273557,1.0
6.42,0.03003676475756633,1.0
6.43,0.02996672179482947,1.0
6.44,0.029896950632395586,1.0
6.45,0.02982744979595144,1.0
6.46,0.02975821782144976,1.0
6.47,0.029689253255022058,1.0
6.48,0.02962055465289227,1.0
6.49,0.029552120581291235,1.0
6.5,0.029483949616372067,1.0
6.51,0.029416040344126343,1.0
6.5200000000000005,0.029348391360301176,1.0
6.53,0.02928100127031704,1.0
6.54,0.02921386868918648,1.0
6.55,0.029146992241433592,1.0
6.5600000000000005,0.029080370561014264,1.0
6.57,0.029014002291237337,1.0
6.58,0.028947886084686375,1.0
6.59,0.028882020603142326,1.0
6.6000000000000005,0.028816404517506902,1.0
6.61,0.028751036507726712,1.0
6.62,0.028685915262718152,1.0
6.63,0.028621039480292997,1.0
6.640000000000001,0.02855640786708479,1.0
6.65,0.028492019138475874,1.0
6.66,0.02842787201852517,1.0
6.67,0.02836396523989669,1.0
6.68,0.028300297543788662,1.0
6.69,0.028236867679863453,1.0
6.7,0.02817367440617807,1.0
6.71,0.028110716489115374,1.0
6.72,0.02804799270331601,1.0
6.73,0.027985501831610894,1.0
6.74,0.027923242664954433,1.0
6.75,0.027861214002358338,1.0
6.76,0.027799414650826124,1.0
6.7700000000000005,0.027737843425288174,1.0
6.78,0.027676499148537485,1.0
6.79,0.027615380651165984,1.0
6.8,0.027554486771501487,1.0
6.8100000000000005,0.027493816355545212,1.0
6.82,0.02743336825691,1.0
6.83,0.027373141336758923,1.0
6.84,0.02731313446374471,1.0
6.8500000000000005,0.027253346513949544,1.0
6.86,0.027193776370825592,1.0
6.87,0.027134422925135973,1.0
6.88,0.027075285074896344,1.0
6.890000000000001,0.02701636172531705,1.0
6.9,0.026957651788745755,1.0
6.91,0.02689915418461071,1.0
6.92,0.02684086783936443,1.0
6.93,0.02678279168642803,1.0
6.94,0.026724924666135953,1.0
6.95,0.026667265725681368,1.0
6.96,0.026609813819061887,1.0
6.97,0.026552567907025967,1.0
6.98,0.026495526957019695,1.0
6.99,0.02643868994313413,1.0
7.0,0.026382055846053114,1.0
7.01,0.02632562365300153,1.0
7.0200000000000005,0.026269392357694096,1.0
7.03,0.02621336096028463,1.0
7.04,0.02615752846731572,1.0
7.05,0.026101893891668934,1.0
7.0600000000000005,0.02604645625251541,1.0
7.07,0.02599121457526704,1.0
7.08,0.025936167891527872,1.0
7.09,0.0258813152390462,1.0
7.1000000000000005,0.02582665566166695,1.0
7.11,0.025772188209284518,1.0
7.12,0.02571791193779607,1.0
7.13,0.02566382590905527,1.0
7.140000000000001,0.02560992919082637,1.0
7.15,0.025556220856738813,1.0
7.16,0.02550269998624216,1.0
7.17,0.025449365664561477,1.0
7.18,0.025396216982653066,1.0
7.19,0.02534325303716071,1.0
7.2,0.0252904729303722,1.0
7.21,0.025237875770176298,1.0
7.22,0.02518546067002008,1.0
7.23,0.025133226748866692,1.0
7.24,0.025081173131153434,1.0
7.25,0.025029298946750263,1.0
7.26,0.02497760333091865,1.0
7.27,0.024926085424270786,1.0
7.28,0.024874744372729185,1.0
7.29,0.02482357932748666,1.0
7.3,0.02477258944496658,1.0
7.31,0.024721773886783555,1.0
7.32,0.024671131819704456,1.0
7.33,0.024620662415609743,1.0
7.34,0.024570364851455168,1.0
7.35,0.024520238309233822,1.0
7.36,0.02447028197593849,1.0
7.37,0.024420495043524375,1.0
7.38,0.024370876708872093,1.0
7.390000000000001,0.024321426173751055,1.0
7.4,0.02427214264478314,1.0
7.41,0.024223025333406676,1.0
7.42,0.02417407345584076,1.0
7.43,0.024125286233049895,1.0
7.44,0.02407666289070888,1.0
7.45,0.02402820265916812,1.0
7.46,0.023979904773419082,1.0
7.47,0.02393176847306019,1.0
7.48,0.02388379300226293,1.0
7.49,0.023835977609738327,1.0
7.5,0.023788321548703615,1.0
7.51,0.02374082407684927,1.0
7.52,0.0236934844563063,1.0
7.53,0.02364630195361382,1.0
7.54,0.023599275839686937,1.0
7.55,0.023552405389784824,1.0
7.56,0.023505689883479175,1.0
7.57,0.02345912860462287,1.0
7.58,0.023412720841318912,1.0
7.59,0.02336646588588964,1.0
7.6,0.02332036303484623,1.0
7.61,0.023274411588858394,1.0
7.62,0.02322861085272439,1.0
7.63,0.0231829601353413,1.0
7.640000000000001,0.023137458749675457,1.0
7.65,0.023092106012733295,1.0
7.66,0.02304690124553227,1.0
7.67,0.02300184377307215,1.0
7.68,0.02295693292430649,1.0
7.69,0.022912168032114377,1.0
7.7,0.02286754843327238,1.0
7.71,0.022823073468426772,1.0
7.72,0.02277874248206595,1.0
7.73,0.022734554822493137,1.0
7.74,0.022690509841799263,1.0
7.75,0.022646606895836086,1.0
7.76,0.022602845344189555,1.0
7.77,0.0225592245501534,1.0
7.78,0.022515743880702904,1.0
7.79,0.02247240270646894,1.0
7.8,0.022429200401712184,1.0
7.81,0.022386136344297553,1.0
7.82,0.022343209915668915,1.0
7.83,0.022300420500823894,1.0
7.84,0.022257767488288994,1.0
7.85,0.022215250270094845,1.0
7.86,0.022172868241751718,1.0
7.87,0.02213062080222522,1.0
7.88,0.022088507353912153,1.0
7.890000000000001,0.022046527302616623,1.0
7.9,0.02200468005752634,1.0
7.91,0.021962965031189066,1.0
7.92,0.021921381639489312,1.0
7.930000000000001,0.021879929301625186,1.0
7.94,0.02183860744008548,1.0
7.95,0.02179741548062687,1.0
7.96,0.021756352852251363,1.0
7.97,0.02171541898718391,1.0
7.98,0.0216746133208502,1.0
7.99,0.021633935291854634,1.0
8.0,0.021593384341958465,1.0
8.01,0.021552959916058153,1.0
8.02,0.021512661462163844,1.0
8.03,0.02147248843137806,1.0
8.040000000000001,0.02143244027787457,1.0
8.05,0.021392516458877395,1.0
8.06,0.021352716434639995,1.0
8.07,0.02131303966842463,1.0
8.08,0.021273485626481913,1.0
8.09,0.021234053778030452,1.0
8.1,0.02119474359523674,1.0
8.11,0.021155554553195174,1.0
8.120000000000001,0.021116486129908192,1.0
8.13,0.021077537806266648,1.0
8.14,0.021038709066030264,1.0
8.15,0.020999999395808308,1.0
8.16,0.020961408285040364,1.0
8.17,0.02092293522597731,1.0
8.18,0.020884579713662407,1.0
8.19,0.020846341245912562,1.0
8.2,0.020808219323299713,1.0
8.21,0.02077021344913239,1.0
8.22,0.020732323129437426,1.0
8.23,0.020694547872941765,1.0
8.24,0.020656887191054452,1.0
8.25,0.020619340597848788,1.0
8.26,0.020581907610044553,1.0
8.27,0.020544587746990445,1.0
8.28,0.02050738053064659,1.0
8.290000000000001,0.02047028548556725,1.0
8.3,0.020433302138883638,1.0
8.31,0.020396430020286845,1.0
8.32,0.020359668662010933,1.0
8.33,0.020323017598816155,1.0
8.34,0.020286476367972303,1.0
8.35,0.020250044509242175,1.0
8.36,0.02021372156486517,1.0
8.370000000000001,0.02017750707954104,1.0
8.38,0.020141400600413743,1.0
8.39,0.02010540167705541,1.0
8.4,0.020069509861450462,1.0
8.41,0.020033724707979823,1.0
8.42,0.019998045773405308,1.0
8.43,0.019962472616854056,1.0
8.44,0.019927004799803135,1.0
8.45,0.019891641886064255,1.0
8.46,0.019856383441768582,1.0
8.47,0.0198212290353517,1.0
8.48,0.019786178237538653,1.0
8.49,0.019751230621329132,1.0
8.5,0.01971638576198273,1.0
8.51,0.019681643237004387,1.0
8.52,0.01964700262612987,1.0
8.53,0.019612463511311382,1.0
8.540000000000001,0.019578025476703325,1.0
8.55,0.019543688108648136,1.0
8.56,0.019509450995662182,1.0
8.57,0.019475313728421876,1.0
8.58,0.019441275899749796,1.0
8.59,0.019407337104600957,1.0
8.6,0.01937349694004919,1.0
8.61,0.019339755005273587,1.0
8.620000000000001,0.019306110901545083,1.0
8.63,0.019272564232213157,1.0
8.64,0.019239114602692547,1.0
8.65,0.019205761620450165,1.0
8.66,0.019172504894992063,1.0
8.67,0.019139344037850472,1.0
8.68,0.01910627866257102,1.0
8.69,0.019073308384699922,1.0
8.700000000000001,0.01904043282177141,1.0
8.71,0.019007651593295132,1.0
8.72,0.01897496432074372,1.0
8.73,0.0189423706275404,1.0
8.74,0.01890987013904677,1.0
8.75,0.018877462482550556,1.0
8.76,0.01884514728725358,1.0
8.77,0.018812924184259724,1.0
8.78,0.018780792806563033,1.0
8.790000000000001,0.01874875278903587,1.0
8.8,0.018716803768417226,1.0
8.81,0.018684945383301028,1.0
8.82,0.018653177274124577,1.0
8.83,0.018621499083157106,1.0
8.84,0.01858991045448833,1.0
8.85,0.018558411034017192,1.0
8.86,0.01852700046944059,1.0
8.870000000000001,0.01849567841024226,1.0
8.88,0.018464444507681702,1.0
8.89,0.0184332984147832,1.0
8.9,0.018402239786324916,1.0
8.91,0.01837126827882805,1.0
8.92,0.018340383550546135,1.0
8.93,0.01830958526145434,1.0
8.94,0.018278873073238885,1.0
8.950000000000001,0.018248246649286533,1.0
8.96,0.018217705654674173,1.0
8.97,0.01818724975615842,1.0
8.98,0.01815687862216536,1.0
8.99,0.018126591922780325,1.0
9.0,0.018096389329737776,1.0
9.01,0.018066270516411208,1.0
9.02,0.01803623515780319,1.0
9.03,0.018006282930535418,1.0
9.04,0.01797641351283889,1.0
9.05,0.017946626584544108,1.0
9.06,0.01791692182707139,1.0
9.07,0.017887298923421224,1.0
9.08,0.017857757558164686,1.0
9.09,0.017828297417433966,1.0
9.1,0.017798918188912907,1.0
9.11,0.01776961956182766,1.0
9.12,0.01774040122693738,1.0
9.13,0.017711262876524997,1.0
9.14,0.01768220420438803,1.0
9.15,0.017653224905829518,1.0
9.16,0.017624324677648958,1.0
9.17,0.017595503218133326,1.0
9.18,0.0175667602270482,1.0
9.19,0.017538095405628885,1.0
9.2,0.01750950845657163,1.0
9.21,0.01748099908402493,1.0
9.22,0.017452566993580835,1.0
9.23,0.017424211892266374,1.0
9.24,0.017395933488535006,1.0
9.25,0.017367731492258124,1.0
9.26,0.01733960561471667,1.0
9.27,0.01731155556859276,1.0
9.28,0.017283581067961355,1.0
9.29,0.01725568182828207,1.0
9.3,0.017227857566390926,1.0
9.31,0.01720010800049229,1.0
9.32,0.017172432850150736,1.0
9.33,0.01714483183628307,1.0
9.34,0.017117304681150348,1.0
9.35,0.01708985110834999,1.0
9.36,0.01706247084280791,1.0
9.37,0.017035163610770745,1.0
9.38,0.017007929139798074,1.0
9.39,0.01698076715875478,1.0
9.4,0.016953677397803367,1.0
9.41,0.016926659588396405,1.0
9.42,0.016899713463269,1.0
9.43,0.016872838756431294,1.0
9.44,0.016846035203161063,1.0
9.45,0.016819302539996334,1.0
9.46,0.016792640504728052,1.0
9.47,0.01676604883639281,1.0
9.48,0.01673952727526563,1.0
9.49,0.016713075562852772,1.0
9.5,0.01668669344188463,1.0
9.51,0.016660380656308628,1.0
9.52,0.01663413695128222,1.0
9.53,0.016607962073165877,1.0
9.54,0.01658185576951618,1.0
9.55,0.016555817789078917,1.0
9.56,0.016529847881782255,1.0
9.57,0.01650394579872994,1.0
9.58,0.016478111292194533,1.0
9.59,0.016452344115610747,1.0
9.6,0.016426644023568752,1.0
9.61,0.016401010771807594,1.0
9.62,0.0163754441172086,1.0
9.63,0.016349943817788884,1.0
9.64,0.01632450963269485,1.0
9.65,0.01629914132219576,1.0
9.66,0.016273838647677348,1.0
9.67,0.01624860137163546,1.0
9.68,0.016223429257669775,1.0
9.69,0.016198322070477503,1.0
9.7,0.016173279575847195,1.0
9.71,0.01614830154065254,1.0
9.72,0.01612338773284626,1.0
9.73,0.016098537921453965,1.0
9.74,0.016073751876568138,1.0
9.75,0.016049029369342088,1.0
9.76,0.016024370171984,1.0
9.77,0.015999774057750975,1.0
9.78,0.015975240800943154,1.0
9.79,0.015950770176897833,1.0
9.8,0.01592636196198366,1.0
9.81,0.015902015933594877,1.0
9.82,0.015877731870145528,1.0
9.83,0.01585350955106379,1.0
9.84,0.015829348756786297,1.0
9.85,0.015805249268752507,1.0
9.86,0.01578121086939911,1.0
9.87,0.01575723334215448,1.0
9.88,0.015733316471433147,1.0
9.89,0.01570946004263032,1.0
9.9,0.015685663842116445,1.0
9.91,0.01566192765723176,1.0
9.92,0.01563825127628098,1.0
9.93,0.015614634488527897,1.0
9.94,0.015591077084190113,1.0
9.95,0.015567578854433757,1.0
9.96,0.015544139591368232,1.0
9.97,0.015520759088041052,1.0
9.98,0.015497437138432638,1.0
9.99,0.015474173537451187,1.0
10.0,0.015450968080927583,1.0
10.01,0.015427820565610336,1.0
10.02,0.015404730789160511,1.0
10.03,0.015381698550146776,1.0
10.04,0.01535872364804038,1.0
10.05,0.015335805883210245,1.0
10.06,0.015312945056918067,1.0
10.07,0.01529014097131341,1.0
10.08,0.015267393429428884,1.0
10.09,0.015244702235175335,1.0
10.1,0.015222067193337041,1.0
10.11,0.015199488109566997,1.0
10.12,0.015176964790382165,1.0
10.13,0.015154497043158795,1.0
10.14,0.015132084676127772,1.0
10.15,0.015109727498369977,1.0
10.16,0.015087425319811682,1.0
10.17,0.015065177951219985,1.0
10.18,0.015042985204198287,1.0
10.19,0.015020846891181747,1.0
10.2,0.014998762825432815,1.0
10.21,0.014976732821036771,1.0
10.22,0.014954756692897317,1.0
10.23,0.014932834256732148,1.0
10.24,0.014910965329068602,1.0
10.25,0.014889149727239303,1.0
10.26,0.01486738726937786,1.0
10.27,0.01484567777441457,1.0
10.28,0.01482402106207215,1.0
10.29,0.014802416952861523,1.0
10.3,0.014780865268077582,1.0
10.31,0.014759365829795035,1.0
10.32,0.014737918460864235,1.0
10.33,0.014716522984907058,1.0
10.34,0.014695179226312796,1.0
10.35,0.014673887010234072,1.0
10.36,0.014652646162582815,1.0
10.37,0.014631456510026201,1.0
10.38,0.014610317879982678,1.0
10.39,0.01458923010061798,1.0
10.4,0.01456819300084116,1.0
10.41,0.014547206410300705,1.0
10.42,0.014526270159380591,1.0
10.43,0.014505384079196425,1.0
10.44,0.014484548001591595,1.0
10.45,0.014463761759133423,1.0
10.46,0.014443025185109388,1.0
10.47,0.014422338113523316,1.0
10.48,0.01440170037909164,1.0
10.49,0.014381111817239653,1.0
10.5,0.014360572264097794,1.0
10.51,0.014340081556497984,1.0
10.52,0.014319639531969915,1.0
10.53,0.014299246028737445,1.0
10.54,0.014278900885714972,1.0
10.55,0.014258603942503806,1.0
10.56,0.014238355039388629,1.0
10.57,0.014218154017333921,1.0
10.58,0.014198000717980417,1.0
10.59,0.014177894983641621,1.0
10.6,0.014157836657300294,1.0
10.61,0.014137825582605,1.0
10.62,0.014117861603866652,1.0
10.63,0.01409794456605508,1.0
10.64,0.01407807431479565,1.0
10.65,0.014058250696365845,1.0
10.66,0.01403847355769192,1.0
10.67,0.01401874274634556,1.0
10.68,0.013999058110540561,1.0
10.69,0.01397941949912951,1.0
10.7,0.013959826761600512,1.0
10.71,0.013940279748073929,1.0
10.72,0.013920778309299144,1.0
10.73,0.013901322296651317,1.0
10.74,0.013881911562128195,1.0
10.75,0.013862545958346928,1.0
10.76,0.013843225338540903,1.0
10.77,0.013823949556556584,1.0
10.78,0.013804718466850411,1.0
10.79,0.013785531924485672,1.0
10.8,0.013766389785129405,1.0
10.81,0.013747291905049365,1.0
10.82,0.013728238141110925,1.0
10.83,0.013709228350774075,1.0
10.84,0.013690262392090383,1.0
10.85,0.01367134012370002,1.0
10.86,0.013652461404828755,1.0
10.87,0.013633626095285012,1.0
10.88,0.013614834055456918,1.0
10.89,0.01359608514630937,1.0
10.9,0.013577379229381143,1.0
10.91,0.01355871616678198,1.0
10.92,0.013540095821189715,1.0
10.93,0.013521518055847434,1.0
10.94,0.013502982734560617,1.0
10.95,0.013484489721694326,1.0
10.96,0.013466038882170376,1.0
10.97,0.01344763008146458,1.0
10.98,0.013429263185603946,1.0
10.99,0.013410938061163915,1.0
11.0,0.013392654575265648,1.0
11.01,0.01337441259557328,1.0
11.02,0.013356211990291205,1.0
11.03,0.01333805262816141,1.0
11.04,0.01331993437846076,1.0
11.05,0.013301857110998372,1.0
11.06,0.013283820696112949,1.0
11.07,0.013265825004670145,1.0
11.08,0.013247869908059972,1.0
11.09,0.013229955278194172,1.0
11.1,0.01321208098750366,1.0
11.11,0.013194246908935928,1.0
11.12,0.013176452915952515,1.0
11.13,0.01315869888252645,1.0
11.14,0.013140984683139735,1.0
11.15,0.013123310192780836,1.0
11.16,0.013105675286942177,1.0
11.17,0.013088079841617674,1.0
11.18,0.013070523733300256,1.0
11.19,0.013053006838979427,1.0
11.2,0.01303552903613881,1.0
11.21,0.01301809020275373,1.0
11.22,0.013000690217288821,1.0
11.23,0.012983328958695606,1.0
11.24,0.012966006306410125,1.0
11.25,0.012948722140350567,1.0
11.26,0.012931476340914917,1.0
11.27,0.01291426878897861,1.0
11.28,0.012897099365892208,1.0
11.29,0.01287996795347909,1.0
11.3,0.01286287443403313,1.0
11.31,0.01284581869031645,1.0
11.32,0.012828800605557097,1.0
11.33,0.012811820063446815,1.0
11.34,0.01279487694813879,1.0
11.35,0.012777971144245406,1.0
11.36,0.012761102536836032,1.0
11.37,0.012744271011434802,1.0
11.38,0.012727476454018425,1.0
11.39,0.012710718751014002,1.0
11.4,0.012693997789296849,1.0
11.41,0.012677313456188333,1.0
11.42,0.012660665639453733,1.0
11.43,0.012644054227300095,1.0
11.44,0.012627479108374121,1.0
11.45,0.012610940171760045,1.0
11.46,0.012594437306977539,1.0
11.47,0.012577970403979635,1.0
11.48,0.012561539353150632,1.0
11.49,0.012545144045304034,1.0
11.5,0.01252878437168051,1.0
11.51,0.01251246022394585,1.0
11.52,0.01249617149418893,1.0
11.53,0.012479918074919692,1.0
11.54,0.012463699859067156,1.0
11.55,0.012447516739977385,1.0
11.56,0.012431368611411558,1.0
11.57,0.012415255367543952,1.0
11.58,0.012399176902959995,1.0
11.59,0.012383133112654314,1.0
11.6,0.0123671238920288,1.0
11.61,0.012351149136890678,1.0
11.62,0.012335208743450577,1.0
11.63,0.012319302608320643,1.0
11.64,0.012303430628512628,1.0
11.65,0.012287592701436003,1.0
11.66,0.012271788724896093,1.0
11.67,0.012256018597092196,1.0
11.68,0.012240282216615751,1.0
11.69,0.012224579482448471,1.0
11.7,0.012208910293960516,1.0
11.71,0.012193274550908677,1.0
11.72,0.012177672153434555,1.0
11.73,0.012162103002062757,1.0
11.74,0.012146566997699096,1.0
11.75,0.012131064041628824,1.0
11.76,0.01211559403551484,1.0
11.77,0.012100156881395943,1.0
11.78,0.012084752481685052,1.0
11.79,0.012069380739167496,1.0
11.8,0.012054041556999236,1.0
11.81,0.012038734838705191,1.0
11.82,0.01202346048817747,1.0
11.83,0.012008218409673697,1.0
11.84,0.01199300850781531,1.0
11.85,0.011977830687585851,1.0
11.86,0.011962684854329326,1.0
11.87,0.011947570913748493,1.0
11.88,0.011932488771903234,1.0
11.89,0.011917438335208886,1.0
11.9,0.011902419510434607,1.0
11.91,0.01188743220470173,1.0
11.92,0.011872476325482157,1.0
11.93,0.011857551780596724,1.0
11.94,0.011842658478213612,1.0
11.95,0.011827796326846734,1.0
11.96,0.011812965235354146,1.0
11.97,0.01179816511293649,1.0
11.98,0.011783395869135384,1.0
11.99,0.011768657413831882,1.0
12.0,0.011753949657244923,1.0
12.01,0.01173927250992976,1.0
12.02,0.011724625882776445,1.0
12.03,0.011710009687008287,1.0
12.04,0.011695423834180336,1.0
12.05,0.011680868236177857,1.0
12.06,0.011666342805214848,1.0
12.07,0.011651847453832513,1.0
12.08,0.011637382094897793,1.0
12.09,0.011622946641601883,1.0
12.1,0.01160854100745874,1.0
12.11,0.01159416510630365,1.0
12.12,0.011579818852291736,1.0
12.13,0.01156550215989653,1.0
12.14,0.011551214943908528,1.0
12.15,0.011536957119433745,1.0
12.16,0.011522728601892298,1.0
12.17,0.01150852930701698,1.0
12.18,0.011494359150851861,1.0
12.19,0.011480218049750865,1.0
12.2,0.01146610592037639,1.0
12.21,0.011452022679697908,1.0
12.22,0.011437968244990592,1.0
12.23,0.011423942533833933,1.0
12.24,0.011409945464110376,1.0
12.25,0.011395976954003963,1.0
12.26,0.011382036921998977,1.0
12.27,0.011368125286878602,1.0
12.28,0.01135424196772357,1.0
12.29,0.011340386883910848,1.0
12.3,0.011326559955112302,1.0
12.31,0.011312761101293384,1.0
12.32,0.011298990242711823,1.0
12.33,0.011285247299916314,1.0
12.34,0.01127153219374523,1.0
12.35,0.011257844845325328,1.0
12.36,0.011244185176070468,1.0
12.37,0.01123055310768033,1.0
12.38,0.011216948562139156,1.0
12.39,0.011203371461714481,1.0
12.4,0.011189821728955874,1.0
12.41,0.011176299286693694,1.0
12.42,0.011162804058037839,1.0
12.43,0.011149335966376513,1.0
12.44,0.011135894935375005,1.0
12.45,0.011122480888974457,1.0
12.46,0.011109093751390636,1.0
12.47,0.011095733447112744,1.0
12.48,0.011082399900902196,1.0
12.49,0.01106909303779144,1.0
12.5,0.011055812783082736,1.0
12.51,0.011042559062347001,1.0
12.52,0.011029331801422609,1.0
12.53,0.011016130926414226,1.0
12.54,0.011002956363691635,1.0
12.55,0.01098980803988859,1.0
12.56,0.010976685881901635,1.0
12.57,0.010963589816888983,1.0
12.58,0.010950519772269345,1.0
12.59,0.010937475675720815,1.0
12.6,0.010924457455179722,1.0
12.61,0.010911465038839514,1.0
12.62,0.010898498355149633,1.0
12.63,0.010885557332814396,1.0
12.64,0.010872641900791905,1.0
12.65,0.010859751988292917,1.0
12.66,0.010846887524779764,1.0
12.67,0.010834048439965256,1.0
12.68,0.010821234663811598,1.0
12.69,0.010808446126529307,1.0
12.7,0.010795682758576137,1.0
12.71,0.010782944490656001,1.0
12.72,0.010770231253717927,1.0
12.73,0.010757542978954985,1.0
12.74,0.010744879597803231,1.0
12.75,0.010732241041940664,1.0
12.76,0.01071962724328619,1.0
12.77,0.010707038133998566,1.0
12.78,0.010694473646475394,1.0
12.79,0.010681933713352068,1.0
12.8,0.010669418267500771,1.0
12.81,0.010656927242029456,1.0
12.82,0.010644460570280815,1.0
12.83,0.01063201818583131,1.0
12.84,0.01061960002249013,1.0
12.85,0.010607206014298227,1.0
12.86,0.010594836095527313,1.0
12.87,0.010582490200678875,1.0
12.88,0.01057016826448318,1.0
12.89,0.010557870221898337,1.0
12.9,0.010545596008109283,1.0
12.91,0.010533345558526839,1.0
12.92,0.010521118808786745,1.0
12.93,0.010508915694748709,1.0
12.94,0.010496736152495441,1.0
12.95,0.010484580118331716,1.0
12.96,0.010472447528783435,1.0
12.97,0.010460338320596679,1.0
12.98,0.010448252430736786,1.0
12.99,0.010436189796387406,1.0
13.0,0.010424150354949598,1.0
13.01,0.010412134044040894,1.0
13.02,0.010400140801494403,1.0
13.03,0.010388170565357872,1.0
13.04,0.010376223273892825,1.0
13.05,0.010364298865573609,1.0
13.06,0.010352397279086547,1.0
13.07,0.010340518453329013,1.0
13.08,0.010328662327408561,1.0
13.09,0.010316828840642032,1.0
13.1,0.01030501793255469,1.0
13.11,0.010293229542879328,1.0
13.12,0.010281463611555417,1.0
13.13,0.010269720078728225,1.0
13.14,0.010257998884747974,1.0
13.15,0.01024629997016896,1.0
13.16,0.010234623275748716,1.0
13.17,0.010222968742447162,1.0
13.18,0.01021133631142576,1.0
13.19,0.010199725924046664,1.0
13.2,0.010188137521871898,1.0
13.21,0.010176571046662516,1.0
13.22,0.010165026440377777,1.0
13.23,0.010153503645174321,1.0
13.24,0.010142002603405344,1.0
13.25,0.010130523257619792,1.0
13.26,0.01011906555056154,1.0
13.27,0.010107629425168591,1.0
13.28,0.010096214824572267,1.0
13.29,0.010084821692096412,1.0
13.3,0.010073449971256592,1.0
13.31,0.010062099605759316,1.0
13.32,0.010050770539501229,1.0
13.33,0.010039462716568337,1.0
13.34,0.010028176081235234,1.0
13.35,0.010016910577964309,1.0
13.36,0.010005666151404982,1.0
13.37,0.009994442746392936,1.0
13.38,0.009983240307949351,1.0
13.39,0.009972058781280142,1.0
13.4,0.009960898111775194,1.0
13.41,0.009949758245007618,1.0
13.42,0.009938639126732991,1.0
13.43,0.009927540702888616,1.0
13.44,0.009916462919592778,1.0
13.45,0.009905405723144,1.0
13.46,0.009894369060020303,1.0
13.47,0.00988335287687849,1.0
13.48,0.009872357120553399,1.0
13.49,0.00986138173805718,1.0
13.5,0.009850426676578585,1.0
13.51,0.009839491883482234,1.0
13.52,0.009828577306307904,1.0
13.53,0.009817682892769833,1.0
13.54,0.009806808590755983,1.0
13.55,0.009795954348327352,1.0
13.56,0.009785120113717282,1.0
13.57,0.009774305835330737,1.0
13.58,0.009763511461743623,1.0
13.59,0.009752736941702093,1.0
13.6,0.00974198222412186,1.0
13.61,0.00973124725808751,1.0
13.62,0.009720531992851817,1.0
13.63,0.009709836377835077,1.0
13.64,0.009699160362624418,1.0
13.65,0.009688503896973132,1.0
13.66,0.009677866930800017,1.0
13.67,0.009667249414188688,1.0
13.68,0.009656651297386938,1.0
13.69,0.009646072530806071,1.0
13.7,0.009635513065020241,1.0
13.71,0.009624972850765794,1.0
13.72,0.009614451838940637,1.0
13.73,0.009603949980603581,1.0
13.74,0.009593467226973679,1.0
13.75,0.009583003529429621,1.0
13.76,0.009572558839509063,1.0
13.77,0.009562133108908013,1.0
13.78,0.00955172628948019,1.0
13.79,0.009541338333236397,1.0
13.8,0.009530969192343893,1.0
13.81,0.00952061881912578,1.0
13.82,0.009510287166060363,1.0
13.83,0.009499974185780559,1.0
13.84,0.009489679831073253,1.0
13.85,0.009479404054878715,1.0
13.86,0.009469146810289973,1.0
13.87,0.009458908050552217,1.0
13.88,0.009448687729062183,1.0
13.89,0.009438485799367576,1.0
13.9,0.009428302215166447,1.0
13.91,0.009418136930306619,1.0
13.92,0.009407989898785081,1.0
13.93,0.00939786107474741,1.0
13.94,0.009387750412487175,1.0
13.95,0.009377657866445366,1.0
13.96,0.009367583391209798,1.0
13.97,0.009357526941514543,1.0
13.98,0.00934748847223936,1.0
13.99,0.009337467938409106,1.0
14.0,0.009327465295193177,1.0
14.01,0.009317480497904942,1.0
14.02,0.009307513502001175,1.0
14.03,0.009297564263081488,1.0
14.04,0.009287632736887784,1.0
14.05,0.009277718879303681,1.0
14.06,0.009267822646353986,1.0
14.07,0.009257943994204113,1.0
14.08,0.009248082879159552,1.0
14.09,0.009238239257665322,1.0
14.1,0.009228413086305412,1.0
14.11,0.009218604321802262,1.0
14.12,0.009208812921016203,1.0
14.13,0.009199038840944931,1.0
14.14,0.009189282038722978,1.0
14.15,0.009179542471621163,1.0
14.16,0.009169820097046078,1.0
14.17,0.009160114872539558,1.0
14.18,0.009150426755778153,1.0
14.19,0.0091407557045726,1.0
14.2,0.009131101676867323,1.0
14.21,0.009121464630739892,1.0
14.22,0.009111844524400533,1.0
14.23,0.00910224131619159,1.0
14.24,0.009092654964587034,1.0
14.25,0.00908308542819194,1.0
14.26,0.009073532665741997,1.0
14.27,0.009063996636102993,1.0
14.28,0.00905447729827032,1.0
14.29,0.009044974611368472,1.0
14.3,0.009035488534650549,1.0
14.31,0.009026019027497764,1.0
14.32,0.009016566049418953,1.0
14.33,0.00900712956005008,1.0
14.34,0.008997709519153753,1.0
14.35,0.008988305886618735,1.0
14.36,0.008978918622459472,1.0
14.37,0.008969547686815594,1.0
14.38,0.008960193039951452,1.0
14.39,0.008950854642255635,1.0
14.4,0.0089415324542405,1.0
14.41,0.008932226436541686,1.0
14.42,0.00892293654991766,1.0
14.43,0.008913662755249244,1.0
14.44,0.008904405013539144,1.0
14.45,0.008895163285911493,1.0
14.46,0.008885937533611383,1.0
14.47,0.00887672771800441,1.0
14.48,0.008867533800576215,1.0
14.49,0.008858355742932027,1.0
14.5,0.008849193506796213,1.0
14.51,0.008840047054011821,1.0
14.52,0.008830916346540136,1.0
14.53,0.008821801346460231,1.0
14.54,0.008812702015968517,1.0
14.55,0.008803618317378303,1.0
14.56,0.008794550213119359,1.0
14.57,0.008785497665737474,1.0
14.58,0.008776460637894007,1.0
14.59,0.008767439092365471,1.0
14.6,0.00875843299204308,1.0
14.61,0.008749442299932336,1.0
14.62,0.008740466979152582,1.0
14.63,0.008731506992936587,1.0
14.64,0.008722562304630114,1.0
14.65,0.008713632877691493,1.0
14.66,0.008704718675691206,1.0
14.67,0.00869581966231146,1.0
14.68,0.008686935801345774,1.0
14.69,0.008678067056698558,1.0
14.7,0.008669213392384701,1.0
14.71,0.008660374772529154,1.0
14.72,0.00865155116136653,1.0
14.73,0.008642742523240675,1.0
14.74,0.00863394882260428,1.0
14.75,0.008625170024018466,1.0
14.76,0.008616406092152376,1.0
14.77,0.008607656991782781,1.0
14.78,0.00859892268779368,1.0
14.79,0.008590203145175895,1.0
14.8,0.00858149832902667,1.0
14.81,0.008572808204549295,1.0
14.82,0.008564132737052695,1.0
14.83,0.008555471891951038,1.0
14.84,0.00854682563476336,1.0
14.85,0.008538193931113157,1.0
14.86,0.008529576746728017,1.0
14.87,0.008520974047439227,1.0
14.88,0.008512385799181376,1.0
14.89,0.00850381196799201,1.0
14.9,0.008495252520011206,1.0
14.91,0.00848670742148123,1.0
14.92,0.008478176638746147,1.0
14.93,0.008469660138251438,1.0
14.94,0.008461157886543643,1.0
14.95,0.008452669850269977,1.0
14.96,0.008444195996177965,1.0
14.97,0.008435736291115074,1.0
14.98,0.008427290702028344,1.0
14.99,0.008418859195964022,1.0
0.01,1791.5425436440391,5.0
0.02,633.4059406974483,5.0
0.03,344.78252327918426,5.0
0.04,223.9428179555049,5.0
0.05,160.2404364868382,5.0
0.06,121.89903012265997,5.0
0.07,96.73420476886137,5.0
0.08,79.17574258718103,5.0
0.09,66.35342754237182,5.0
0.1,56.653549630067786,5.0
0.11,49.10640010930736,5.0
0.12,43.09781540989803,5.0
0.13,38.221884634815176,5.0
0.14,34.20070608237497,5.0
0.15,30.83828638024639,5.0
0.16,27.99285224443811,5.0
0.17,25.55958180011111,5.0
0.18,23.459479285090676,5.0
0.19,21.632002495285796,5.0
0.2,20.030054560854776,5.0
0.21,18.616506387715503,5.0
0.22,17.361734258475526,5.0
0.23,16.241845380272093,5.0
0.24,15.237378765332496,5.0
0.25,14.332340349152311,5.0
0.26,13.513476907503858,5.0
0.27,12.769723084414231,5.0
0.28,12.091775596107672,5.0
0.29,11.471762017260536,5.0
0.3,10.902980709822488,5.0
0.31,10.3796948272582,5.0
0.32,9.89696782339763,5.0
0.33,9.45053110734736,5.0
0.34,9.036676807575414,5.0
0.35,8.652170304502336,5.0
0.36,8.294178442796477,5.0
0.37,7.960210267284971,5.0
0.38,7.648067827530453,5.0
0.39,7.35580512761512,5.0
0.4,7.081693703758473,5.0
0.41,6.8241936249846775,5.0
0.42,6.581928954378155,5.0
0.43,6.353666897575673,5.0
0.44,6.13830001366342,5.0
0.45,5.934830980994008,5.0
0.46,5.742359503686897,5.0
0.47,5.560071019079876,5.0
0.48,5.387226926237254,5.0
0.49,5.223156103918482,5.0
0.5,5.067247525579584,5.0
0.51,4.91894381088947,5.0
0.52,4.777735579351897,5.0
0.53,4.643156493075736,5.0
0.54,4.514778893431849,5.0
0.55,4.392209950988574,5.0
0.56,4.275088260296871,5.0
0.5700000000000001,4.163080821254636,5.0
0.58,4.0558803572815965,5.0
0.59,3.9532029276751284,5.0
0.6,3.854785797530799,5.0
0.61,3.760385533692244,5.0
0.62,3.6697762995006014,5.0
0.63,3.5827483247726435,5.0
0.64,3.499106530554764,5.0
0.65,3.418669290864058,5.0
0.66,3.341267315909864,5.0
0.67,3.2667426432488647,5.0
0.68,3.194947725013889,5.0
0.6900000000000001,3.1257446008121237,5.0
0.7000000000000001,3.0590041471472387,5.0
0.71,2.9946053953108547,5.0
0.72,2.9324349106363345,5.0
0.73,2.872386226832495,5.0
0.74,2.8143593298339917,5.0
0.75,2.7582601862334744,5.0
0.76,2.7040003119107245,5.0
0.77,2.6514963769563735,5.0
0.78,2.6006698434117146,5.0
0.79,2.5514466327191663,5.0
0.8,2.503756820106847,5.0
0.81,2.4575343534211784,5.0
0.8200000000000001,2.4127167941783365,5.0
0.8300000000000001,2.3692450788329573,5.0
0.84,2.327063298464438,5.0
0.85,2.2861184952605957,5.0
0.86,2.246360474338126,5.0
0.87,2.207741629581565,5.0
0.88,2.1702167823094407,5.0
0.89,2.1337430316897565,5.0
0.9,2.0982796159284365,5.0
0.91,2.0637877833453424,5.0
0.92,2.0302306725340116,5.0
0.93,1.9975732008745624,5.0
0.94,1.9657819607350895,5.0
0.95,1.934825122756165,5.0
0.96,1.904672345666562,5.0
0.97,1.8752946921264995,5.0
0.98,1.8466645501383327,5.0
0.99,1.8187555596039766,5.0
1.0,1.7915425436440389,5.0
1.01,1.7650014443259623,5.0
1.02,1.739109262477771,5.0
1.03,1.7138440012906824,5.0
1.04,1.6891846134379822,5.0
1.05,1.6651109514596365,5.0
1.06,1.641603721182101,5.0
1.07,1.6186444379610987,5.0
1.08,1.5962153855517789,5.0
1.09,1.574299577425892,5.0
1.1,1.552880720369527,5.0
1.11,1.5319431802076666,5.0
1.12,1.511471949513459,5.0
1.13,1.4914526171707783,5.0
1.14,1.471871339668408,5.0
1.15,1.452714814013173,5.0
1.16,1.433970252157567,5.0
1.17,1.4156253568450068,5.0
1.18,1.3976682987827982,5.0
1.19,1.3800876950593188,5.0
1.2,1.362872588727811,5.0
1.21,1.3460124294846274,5.0
1.22,1.3294970553747902,5.0
1.23,1.313316675462344,5.0
1.24,1.297461853407275,5.0
1.25,1.2819234918947058,5.0
1.26,1.26669281786574,5.0
1.27,1.2517613685027087,5.0
1.28,1.2371209779247037,5.0
1.29,1.2227637645521765,5.0
1.3,1.2086821191020907,5.0
1.31,1.1948686931775814,5.0
1.32,1.18131638841842,5.0
1.33,1.1680183461807119,5.0
1.34,1.1549679377162694,5.0
1.35,1.1421587548239402,5.0
1.36,1.1295846009469268,5.0
1.37,1.1172394826917147,5.0
1.38,1.1051176017457454,5.0
1.39,1.0932133471723526,5.0
1.4,1.081521288062792,5.0
1.41,1.070036166526401,5.0
1.42,1.0587528910010635,5.0
1.43,1.047666529867208,5.0
1.44,1.0367723053495597,5.0
1.45,1.026065587691787,5.0
1.46,1.015541889590049,5.0
1.47,1.0051968608722575,5.0
1.48,0.9950262834106214,5.0
1.49,0.9850260662557537,5.0
1.5,0.9751922409812797,5.0
1.51,0.9655209572285068,5.0
1.52,0.9560084784413067,5.0
1.53,0.9466511777818929,5.0
1.54,0.9374455342187069,5.0
1.55,0.9283881287780908,5.0
1.56,0.91947564095189,5.0
1.57,0.9107048452535478,5.0
1.58,0.9020726079156525,5.0
1.59,0.8935758837222784,5.0
1.6,0.8852117129698092,5.0
1.61,0.8769772185502702,5.0
1.62,0.8688696031515063,5.0
1.63,0.8608861465688343,5.0
1.64,0.8530242031230847,5.0
1.65,0.8452811991802023,5.0
1.66,0.8376546307678203,5.0
1.67,0.8301420612844671,5.0
1.68,0.8227411192972693,5.0
1.69,0.8154494964242326,5.0
1.7,0.8082649452973767,5.0
1.71,0.8011852776031778,5.0
1.72,0.7942083621969591,5.0
1.73,0.787332123288023,5.0
1.74,0.7805545386924818,5.0
1.75,0.773873638150891,5.0
1.76,0.7672875017079275,5.0
1.77,0.7607942581514839,5.0
1.78,0.7543920835086845,5.0
1.79,0.7480791995964367,5.0
1.8,0.741853872624251,5.0
1.81,0.7357144118471671,5.0
1.82,0.7296591682667225,5.0
1.83,0.7236865333779972,5.0
1.84,0.7177949379608621,5.0
1.85,0.7119828509136384,5.0
1.86,0.7062487781274603,5.0
1.87,0.7005912613997123,5.0
1.88,0.6950088773849845,5.0
1.89,0.6895002365820556,5.0
1.9,0.6840639823554893,5.0
1.91,0.67869878999048,5.0
1.92,0.6734033657796568,5.0
1.93,0.668176446140601,5.0
1.94,0.6630167967628934,5.0
1.95,0.6579232117835572,5.0
1.96,0.6528945129898103,5.0
1.97,0.6479295490480895,5.0
1.98,0.643027194758353,5.0
1.99,0.6381863503327064,5.0
2.0,0.633405940697448,5.0
2.01,0.6286849148176541,5.0
2.02,0.6240222450434693,5.0
2.03,0.619416926477307,5.0
2.04,0.6148679763611837,5.0
2.05,0.6103744334834581,5.0
2.06,0.6059353576042638,5.0
2.07,0.6015498288989665,5.0
2.08,0.5972169474189871,5.0
2.09,0.5929358325693781,5.0
2.1,0.5887056226025467,5.0
2.11,0.5845254741275585,5.0
2.12,0.580394561634467,5.0
2.13,0.5763120770331426,5.0
2.14,0.5722772292060905,5.0
2.15,0.5682892435747761,5.0
2.16,0.5643473616789811,5.0
2.17,0.5604508407687497,5.0
2.18,0.5565989534084823,5.0
2.19,0.5527909870927715,5.0
2.2,0.5490262438735718,5.0
2.21,0.5453040399983242,5.0
2.22,0.5416237055586631,5.0
2.23,0.5379845841493531,5.0
2.24,0.5343860325371089,5.0
2.25,0.5308274203389746,5.0
2.26,0.5273081297099406,5.0
2.27,0.5238275550394973,5.0
2.28,0.5203851026568297,5.0
2.29,0.5169801905443692,5.0
2.3000000000000003,0.5136122480594343,5.0
2.31,0.5102807156636933,5.0
2.32,0.5069850446601996,5.0
2.33,0.5037246969377547,5.0
2.34,0.5004991447223652,5.0
2.35,0.4973078703355653,5.0
2.36,0.49415036595939105,5.0
2.37,0.49102613340779167,5.0
2.38,0.4879346839042783,5.0
2.39,0.4848755378656126,5.0
2.4,0.48184822469134986,5.0
2.41,0.4788522825590487,5.0
2.42,0.4758872582249799,5.0
2.43,0.4729527068301568,5.0
2.44,0.4700481917115305,5.0
2.45,0.46717328421818716,5.0
2.46,0.4643275635323979,5.0
2.47,0.4615106164953721,5.0
2.48,0.45872203743757517,5.0
2.49,0.455961428013468,5.0
2.5,0.4532283970405423,5.0
2.51,0.45052256034251764,5.0
2.52,0.44784354059658044,5.0
2.53,0.4451909671845434,5.0
2.54,0.4425644760478092,5.0
2.5500000000000003,0.4399637095460289,5.0
2.56,0.4373883163193455,5.0
2.57,0.4348379511541163,5.0
2.58,0.4323122748520174,5.0
2.59,0.4298109541024291,5.0
2.6,0.42733366135800727,5.0
2.61,0.42488007471335326,5.0
2.62,0.42244987778668797,5.0
2.63,0.42004275960445064,5.0
2.64,0.417658414488733,5.0
2.65,0.4152965419474752,5.0
2.66,0.41295684656733894,5.0
2.67,0.41063903790918965,5.0
2.68,0.4083428304061081,5.0
2.69,0.4060679432638663,5.0
2.7,0.4038141003637957,5.0
2.71,0.40158103016798447,5.0
2.72,0.3993684656267361,5.0
2.73,0.3971761440882315,5.0
2.74,0.3950038072103309,5.0
2.75,0.3928512008744589,5.0
2.76,0.39071807510151546,5.0
2.77,0.388604183969759,5.0
2.78,0.386509285534607,5.0
2.79,0.38443314175030374,5.0
2.8000000000000003,0.38237551839340483,5.0
2.81,0.38033618498803023,5.0
2.82,0.37831491473283796,5.0
2.83,0.3763114844296747,5.0
2.84,0.37432567441385683,5.0
2.85,0.3723572684860407,5.0
2.86,0.37040605384564074,5.0
2.87,0.3684718210257517,5.0
2.88,0.3665543638295418,5.0
2.89,0.3646534792680723,5.0
2.9,0.3627689674995114,5.0
2.91,0.3609006317697036,5.0
2.92,0.3590482783540619,5.0
2.93,0.35721171650074685,5.0
2.94,0.3553907583751018,5.0
2.95,0.3535852190053108,5.0
2.96,0.35179491622924897,5.0
2.97,0.35001967064249473,5.0
2.98,0.34825930554747647,5.0
2.99,0.3465136469037215,5.0
3.0,0.3447825232791843,5.0
3.01,0.3430657658026231,5.0
3.02,0.3413632081170018,5.0
3.03,0.3396746863338908,5.0
3.04,0.33800003898884057,5.0
3.0500000000000003,0.3363391069977073,5.0
3.06,0.33469173361390425,5.0
3.0700000000000003,0.3330577643865578,5.0
3.08,0.3314370471195467,5.0
3.09,0.32982943183140023,5.0
3.1,0.3282347707160389,5.0
3.11,0.3266529181043334,5.0
3.12,0.3250837304264643,5.0
3.13,0.3235270661750631,5.0
3.14,0.32198278586911455,5.0
3.15,0.32045075201860507,5.0
3.16,0.3189308290898958,5.0
3.17,0.3174228834718068,5.0
3.18,0.31592678344239244,5.0
3.19,0.3144423991363948,5.0
3.2,0.31296960251335587,5.0
3.21,0.31150826732637704,5.0
3.22,0.3100582690915065,5.0
3.23,0.3086194850577444,5.0
3.24,0.3071917941776473,5.0
3.25,0.3057750770785214,5.0
3.26,0.3043692160341894,5.0
3.27,0.3029740949373177,5.0
3.28,0.3015895992722921,5.0
3.29,0.3002156160886289,5.0
3.3000000000000003,0.29885203397490884,5.0
3.31,0.2974987430332233,5.0
3.3200000000000003,0.29615563485411966,5.0
3.33,0.29482260249203596,5.0
3.34,0.2934995404412127,5.0
3.35,0.29218634461207227,5.0
3.36,0.29088291230805474,5.0
3.37,0.2895891422028996,5.0
3.38,0.2883049343183651,5.0
3.39,0.2870301900023735,5.0
3.4,0.28576481190757447,5.0
3.41,0.2845087039703162,5.0
3.42,0.28326177139001674,5.0
3.43,0.2820239206089253,5.0
3.44,0.2807950592922657,5.0
3.45,0.2795750963087541,5.0
3.46,0.278363941711482,5.0
3.47,0.2771615067191573,5.0
3.48,0.27596770369769563,5.0
3.49,0.27478244614215397,5.0
3.5,0.2736056486589998,5.0
3.51,0.27243722694870826,5.0
3.52,0.2712770977886801,5.0
3.53,0.27012517901647515,5.0
3.54,0.26898138951335154,5.0
3.5500000000000003,0.267845649188108,5.0
3.56,0.26671787896121957,5.0
3.5700000000000003,0.2655980007492626,5.0
3.58,0.26448593744962257,5.0
3.59,0.26338161292547774,5.0
3.6,0.26228495199105456,5.0
3.61,0.26119588039714814,5.0
3.62,0.2601143248169022,5.0
3.63,0.2590402128318439,5.0
3.64,0.2579734729181678,5.0
3.65,0.2569140344332636,5.0
3.66,0.25586182760248327,5.0
3.67,0.2548167835061426,5.0
3.68,0.25377883406675145,5.0
3.69,0.25274791203646957,5.0
3.7,0.25172395098478223,5.0
3.71,0.2507068852863918,5.0
3.72,0.2496966501093203,5.0
3.73,0.24869318140322022,5.0
3.74,0.24769641588788685,5.0
3.75,0.24670629104197112,5.0
3.76,0.24572274509188619,5.0
3.77,0.24474571700090578,5.0
3.78,0.2437751464584502,5.0
3.79,0.242810973869555,5.0
3.8,0.24185314034452063,5.0
3.81,0.24090158768873773,5.0
3.82,0.23995625839268644,5.0
3.83,0.23901709562210402,5.0
3.84,0.23808404320832025,5.0
3.85,0.23715704563875437,5.0
3.86,0.23623604804757345,5.0
3.87,0.2353209962065064,5.0
3.88,0.23441183651581243,5.0
3.89,0.23350851599539982,5.0
3.9,0.23261098227609311,5.0
3.91,0.23171918359104524,5.0
3.92,0.2308330687672916,5.0
3.93,0.22995258721744433,5.0
3.94,0.22907768893152294,5.0
3.95,0.2282083244689198,5.0
3.96,0.22734444495049708,5.0
3.97,0.22648600205081296,5.0
3.98,0.2256329479904752,5.0
3.99,0.22478523552861854,5.0
4.0,0.22394281795550486,5.0
4.01,0.2231056490852428,5.0
4.0200000000000005,0.222273683248625,5.0
4.03,0.22144687528608148,5.0
4.04,0.22062518054074529,5.0
4.05,0.21980855485162992,5.0
4.0600000000000005,0.21899695454691637,5.0
4.07,0.21819033643734637,5.0
4.08,0.2173886578097214,5.0
4.09,0.21659187642050473,5.0
4.1,0.21579995048952522,5.0
4.11,0.2150128386937799,5.0
4.12,0.2142305001613353,5.0
4.13,0.21345289446532348,5.0
4.14,0.21267998161803325,5.0
4.15,0.21191172206509362,5.0
4.16,0.21114807667974778,5.0
4.17,0.21038900675721653,5.0
4.18,0.20963447400914934,5.0
4.19,0.20888444055816122,5.0
4.2,0.20813886893245456,5.0
4.21,0.20739772206052334,5.0
4.22,0.20666096326593922,5.0
4.23,0.20592855626221757,5.0
4.24,0.20520046514776263,5.0
4.25,0.20447665440088889,5.0
4.26,0.20375708887491953,5.0
4.2700000000000005,0.20304173379335863,5.0
4.28,0.20233055474513734,5.0
4.29,0.20162351767993122,5.0
4.3,0.2009205889035489,5.0
4.3100000000000005,0.20022173507339017,5.0
4.32,0.19952692319397236,5.0
4.33,0.19883612061252368,5.0
4.34,0.19814929501464246,5.0
4.3500000000000005,0.19746641442002155,5.0
4.36,0.1967874471782365,5.0
4.37,0.19611236196459553,5.0
4.38,0.195441127776052,5.0
4.39,0.1947737139271769,5.0
4.4,0.19411009004619087,5.0
4.41,0.19345022607105483,5.0
4.42,0.19279409224561767,5.0
4.43,0.19214165911582085,5.0
4.44,0.19149289752595833,5.0
4.45,0.1908477786149913,5.0
4.46,0.19020627381291622,5.0
4.47,0.18956835483718584,5.0
4.48,0.18893399368918237,5.0
4.49,0.1883031626507413,5.0
4.5,0.18767583428072535,5.0
4.51,0.18705198141164847,5.0
4.5200000000000005,0.18643157714634723,5.0
4.53,0.18581459485470117,5.0
4.54,0.185201008170399,5.0
4.55,0.18459079098775177,5.0
4.5600000000000005,0.18398391745855092,5.0
4.57,0.18338036198897145,5.0
4.58,0.18278009923651847,5.0
4.59,0.18218310410701738,5.0
4.6000000000000005,0.18158935175164656,5.0
4.61,0.18099881756401165,5.0
4.62,0.180411477177261,5.0
4.63,0.17982730646124184,5.0
4.64,0.17924628151969588,5.0
4.65,0.17866837868749455,5.0
4.66,0.17809357452791244,5.0
4.67,0.1775218458299387,5.0
4.68,0.17695316960562585,5.0
4.69,0.1763875230874753,5.0
4.7,0.17582488372585922,5.0
4.71,0.17526522918647744,5.0
4.72,0.17470853734784977,5.0
4.73,0.17415478629884265,5.0
4.74,0.17360395433622988,5.0
4.75,0.1730560199622864,5.0
4.76,0.17251096188241485,5.0
4.7700000000000005,0.17196875900280506,5.0
4.78,0.17142939042812466,5.0
4.79,0.17089283545924147,5.0
4.8,0.17035907359097638,5.0
4.8100000000000005,0.16982808450988673,5.0
4.82,0.16929984809208,5.0
4.83,0.16877434440105596,5.0
4.84,0.16825155368557843,5.0
4.8500000000000005,0.1677314563775757,5.0
4.86,0.1672140330900685,5.0
4.87,0.166699264615126,5.0
4.88,0.16618713192184878,5.0
4.89,0.1656776161543787,5.0
4.9,0.16517069862993522,5.0
4.91,0.1646663608368777,5.0
4.92,0.164164584432793,5.0
4.93,0.16366535124260875,5.0
4.94,0.1631686432567309,5.0
4.95,0.16267444262920647,5.0
4.96,0.16218273167590938,5.0
4.97,0.1616934928727508,5.0
4.98,0.1612067088539125,5.0
4.99,0.16072236241010338,5.0
5.0,0.16024043648683822,5.0
5.01,0.15976091418273933,5.0
5.0200000000000005,0.15928377874785984,5.0
5.03,0.15880901358202887,5.0
5.04,0.1583366022332175,5.0
5.05,0.15786652839592646,5.0
5.0600000000000005,0.15739877590959417,5.0
5.07,0.15693332875702518,5.0
5.08,0.1564701710628386,5.0
5.09,0.15600928709193676,5.0
5.1000000000000005,0.1555506612479928,5.0
5.11,0.15509427807195808,5.0
5.12,0.15464012224058796,5.0
5.13,0.1541881785649866,5.0
5.14,0.1537384319891702,5.0
5.15,0.1532908675886481,5.0
5.16,0.15284547056902206,5.0
5.17,0.15240222626460267,5.0
5.18,0.15196112013704377,5.0
5.19,0.1515221377739932,5.0
5.2,0.15108526488776133,5.0
5.21,0.15065048731400513,5.0
5.22,0.15021779101042954,5.0
5.23,0.14978716205550438,5.0
5.24,0.14935858664719767,5.0
5.25,0.148932051101724,5.0
5.26,0.1485075418523089,5.0
5.2700000000000005,0.14808504544796822,5.0
5.28,0.1476645485523025,5.0
5.29,0.14724603794230617,5.0
5.3,0.1468295005071916,5.0
5.3100000000000005,0.14641492324722694,5.0
5.32,0.14600229327258898,5.0
5.33,0.1455915978022292,5.0
5.34,0.14518282416275388,5.0
5.3500000000000005,0.1447759597873183,5.0
5.36,0.14437099221453367,5.0
5.37,0.14396790908738746,5.0
5.38,0.14356669815217704,5.0
5.39,0.1431673472574559,5.0
5.4,0.14276984435299253,5.0
5.41,0.1423741774887423,5.0
5.42,0.14198033481383066,5.0
5.43,0.14158830457554974,5.0
5.44,0.14119807511836585,5.0
5.45,0.14080963488293954,5.0
5.46,0.14042297240515692,5.0
5.47,0.14003807631517265,5.0
5.48,0.13965493533646434,5.0
5.49,0.1392735382848979,5.0
5.5,0.13889387406780423,5.0
5.51,0.13851593168306642,5.0
5.5200000000000005,0.13813970021821817,5.0
5.53,0.13776516884955242,5.0
5.54,0.13739232684124061,5.0
5.55,0.13702116354446214,5.0
5.5600000000000005,0.13665166839654405,5.0
5.57,0.13628383092011098,5.0
5.58,0.13591764072224452,5.0
5.59,0.13555308749365266,5.0
5.6000000000000005,0.13519016100784897,5.0
5.61,0.13482885112034115,5.0
5.62,0.13446914776782865,5.0
5.63,0.13411104096741028,5.0
5.64,0.13375452081580014,5.0
5.65,0.1333995774885532,5.0
5.66,0.13304620123929944,5.0
5.67,0.13269438239898682,5.0
5.68,0.13234411137513294,5.0
5.69,0.1319953786510852,5.0
5.7,0.1316481747852897,5.0
5.71,0.13130249041056763,5.0
5.72,0.130958316233401,5.0
5.73,0.13061564303322562,5.0
5.74,0.13027446166173243,5.0
5.75,0.12993476304217674,5.0
5.76,0.12959653816869496,5.0
5.7700000000000005,0.12925977810562952,5.0
5.78,0.12892447398686102,5.0
5.79,0.12859061701514782,5.0
5.8,0.12825819846147338,5.0
5.8100000000000005,0.12792720966440052,5.0
5.82,0.12759764202943327,5.0
5.83,0.12726948702838536,5.0
5.84,0.12694273619875612,5.0
5.8500000000000005,0.12661738114311327,5.0
5.86,0.12629341352848233,5.0
5.87,0.125970825085743,5.0
5.88,0.12564960760903218,5.0
5.89,0.12532975295515336,5.0
5.9,0.1250112530429929,5.0
5.91,0.12469409985294244,5.0
5.92,0.12437828542632767,5.0
5.93,0.1240638018648434,5.0
5.94,0.12375064132999496,5.0
5.95,0.12343879604254547,5.0
5.96,0.12312825828196922,5.0
5.97,0.12281902038591096,5.0
5.98,0.12251107474965121,5.0
5.99,0.12220441382557728,5.0
6.0,0.12189903012265996,5.0
6.01,0.12159491620593582,5.0
6.0200000000000005,0.12129206469599534,5.0
6.03,0.1209904682684765,5.0
6.04,0.12069011965356335,5.0
6.05,0.12039101163549078,5.0
6.0600000000000005,0.12009313705205384,5.0
6.07,0.11979648879412284,5.0
6.08,0.11950105980516333,5.0
6.09,0.11920684308076124,5.0
6.1000000000000005,0.1189138316681533,5.0
6.11,0.11862201866576218,5.0
6.12,0.11833139722273661,5.0
6.13,0.11804196053849664,5.0
6.140000000000001,0.11775370186228325,5.0
6.15,0.11746661449271324,5.0
6.16,0.11718069177733836,5.0
6.17,0.1168959271122094,5.0
6.18,0.11661231394144463,5.0
6.19,0.11632984575680291,5.0
6.2,0.11604851609726136,5.0
6.21,0.11576831854859719,5.0
6.22,0.11548924674297406,5.0
6.23,0.11521129435853279,5.0
6.24,0.11493445511898626,5.0
6.25,0.11465872279321851,5.0
6.26,0.114384091194888,5.0
6.2700000000000005,0.11411055418203508,5.0
6.28,0.11383810565669347,5.0
6.29,0.11356673956450561,5.0
6.3,0.11329644989434218,5.0
6.3100000000000005,0.11302723067792543,5.0
6.32,0.11275907598945656,5.0
6.33,0.1124919799452465,5.0
6.34,0.11222593670335092,5.0
6.3500000000000005,0.11196094046320883,5.0
6.36,0.1116969854652848,5.0
6.37,0.11143406599071479,5.0
6.38,0.11117217636095587,5.0
6.390000000000001,0.11091131093743904,5.0
6.4,0.11065146412122615,5.0
6.41,0.11039263035266968,5.0
6.42,0.1101348041110765,5.0
6.43,0.10987797991437469,5.0
6.44,0.10962215231878378,5.0
6.45,0.10936731591848857,5.0
6.46,0.10911346534531575,5.0
6.47,0.10886059526841417,5.0
6.48,0.10860870039393829,5.0
6.49,0.10835777546473449,5.0
6.5,0.10810781526003088,5.0
6.51,0.10785881459512989,5.0
6.5200000000000005,0.10761076832110428,5.0
6.53,0.10736367132449577,5.0
6.54,0.10711751852701705,5.0
6.55,0.10687230488525647,5.0
6.5600000000000005,0.10662802539038559,5.0
6.57,0.1063846750678702,5.0
6.58,0.10614224897718333,5.0
6.59,0.10590074221152182,5.0
6.6000000000000005,0.10566014989752527,5.0
6.61,0.10542046719499791,5.0
6.62,0.10518168929663319,5.0
6.63,0.10494381142774095,5.0
6.640000000000001,0.10470682884597751,5.0
6.65,0.10447073684107816,5.0
6.66,0.10423553073459225,5.0
6.67,0.10400120587962117,5.0
6.68,0.10376775766055839,5.0
6.69,0.10353518149283263,5.0
6.7,0.10330347282265288,5.0
6.71,0.10307262712675634,5.0
6.72,0.10284263991215867,5.0
6.73,0.10261350671590658,5.0
6.74,0.10238522310483288,5.0
6.75,0.10215778467531386,5.0
6.76,0.10193118705302907,5.0
6.7700000000000005,0.10170542589272327,5.0
6.78,0.10148049687797074,5.0
6.79,0.1012563957209419,5.0
6.8,0.10103311816217209,5.0
6.8100000000000005,0.10081065997033241,5.0
6.82,0.1005890169420033,5.0
6.83,0.10036818490144934,5.0
6.84,0.10014815970039723,5.0
6.8500000000000005,0.09992893721781496,5.0
6.86,0.09971051335969379,5.0
6.87,0.09949288405883186,5.0
6.88,0.09927604527461989,5.0
6.890000000000001,0.09905999299282915,5.0
6.9,0.09884472322540107,5.0
6.91,0.09863023201023924,5.0
6.92,0.09841651541100288,5.0
6.93,0.09820356951690275,5.0
6.94,0.09799139044249847,5.0
6.95,0.09777997432749833,5.0
6.96,0.09756931733656023,5.0
6.97,0.09735941565909517,5.0
6.98,0.09715026550907219,5.0
6.99,0.09694186312482511,5.0
7.0,0.09673420476886138,5.0
7.01,0.09652728672767225,5.0
7.0200000000000005,0.09632110531154499,5.0
7.03,0.09611565685437694,5.0
7.04,0.09591093771349093,5.0
7.05,0.09570694426945273,5.0
7.0600000000000005,0.09550367292588981,5.0
7.07,0.09530112010931244,5.0
7.08,0.09509928226893549,5.0
7.09,0.09489815587650272,5.0
7.1000000000000005,0.09469773742611212,5.0
7.11,0.0944980234340432,5.0
7.12,0.09429901043858556,5.0
7.13,0.09410069499986928,5.0
7.140000000000001,0.09390307369969665,5.0
7.15,0.09370614314137561,5.0
7.16,0.09350989994955455,5.0
7.17,0.09331434077005872,5.0
7.18,0.09311946226972788,5.0
7.19,0.09292526113625592,5.0
7.2,0.09273173407803137,5.0
7.21,0.09253887782397972,5.0
7.22,0.09234668912340693,5.0
7.23,0.09215516474584451,5.0
7.24,0.09196430148089589,5.0
7.25,0.09177409613808428,5.0
7.26,0.09158454554670169,5.0
7.27,0.09139564655565952,5.0
7.28,0.09120739603334031,5.0
7.29,0.09101979086745106,5.0
7.3,0.09083282796487743,5.0
7.31,0.09064650425153968,5.0
7.32,0.09046081667224964,5.0
7.33,0.09027576219056901,5.0
7.34,0.09009133778866892,5.0
7.35,0.08990754046719066,5.0
7.36,0.08972436724510777,5.0
7.37,0.08954181515958935,5.0
7.38,0.08935988126586432,5.0
7.390000000000001,0.08917856263708718,5.0
7.4,0.0889978563642048,5.0
7.41,0.08881775955582445,5.0
7.42,0.08863826933808275,5.0
7.43,0.08845938285451624,5.0
7.44,0.08828109726593254,5.0
7.45,0.08810340975028308,5.0
7.46,0.0879263175025366,5.0
7.47,0.087749817734554,5.0
7.48,0.08757390767496404,5.0
7.49,0.0873985845690405,5.0
7.5,0.0872238456785799,5.0
7.51,0.08704968828178063,5.0
7.52,0.08687610967312306,5.0
7.53,0.08670310716325065,5.0
7.54,0.08653067807885208,5.0
7.55,0.08635881976254432,5.0
7.56,0.08618752957275695,5.0
7.57,0.08601680488361715,5.0
7.58,0.08584664308483599,5.0
7.59,0.08567704158159531,5.0
7.6,0.08550799779443616,5.0
7.61,0.08533950915914743,5.0
7.62,0.08517157312665607,5.0
7.63,0.08500418716291806,5.0
7.640000000000001,0.08483734874880998,5.0
7.65,0.08467105538002205,5.0
7.66,0.08450530456695163,5.0
7.67,0.08434009383459785,5.0
7.68,0.0841754207224571,5.0
7.69,0.08401128278441936,5.0
7.7,0.08384767758866538,5.0
7.71,0.0836846027175648,5.0
7.72,0.08352205576757513,5.0
7.73,0.08336003434914147,5.0
7.74,0.08319853608659726,5.0
7.75,0.08303755861806561,5.0
7.76,0.08287709959536167,5.0
7.77,0.08271715668389577,5.0
7.78,0.08255772756257729,5.0
7.79,0.08239880992371942,5.0
7.8,0.08224040147294465,5.0
7.81,0.082082499929091,5.0
7.82,0.08192510302411932,5.0
7.83,0.08176820850302091,5.0
7.84,0.08161181412372628,5.0
7.85,0.0814559176570144,5.0
7.86,0.08130051688642294,5.0
7.87,0.08114560960815911,5.0
7.88,0.08099119363101119,5.0
7.890000000000001,0.08083726677626092,5.0
7.9,0.08068382687759655,5.0
7.91,0.08053087178102655,5.0
7.92,0.08037839934479413,5.0
7.930000000000001,0.08022640743929231,5.0
7.94,0.08007489394698007,5.0
7.95,0.07992385676229849,5.0
7.96,0.0797732937915883,5.0
7.97,0.07962320295300765,5.0
7.98,0.0794735821764507,5.0
7.99,0.07932442940346697,5.0
8.0,0.079175742587181,5.0
8.01,0.0790275196922132,5.0
8.02,0.07887975869460073,5.0
8.03,0.07873245758171953,5.0
8.040000000000001,0.07858561435220673,5.0
8.05,0.07843922701588375,5.0
8.06,0.07829329359367995,5.0
8.07,0.07814781211755695,5.0
8.08,0.07800278063043366,5.0
8.09,0.07785819718611163,5.0
8.1,0.07771405984920136,5.0
8.11,0.07757036669504895,5.0
8.120000000000001,0.07742711580966334,5.0
8.13,0.07728430528964435,5.0
8.14,0.07714193324211094,5.0
8.15,0.07699999778463043,5.0
8.16,0.07685849704514797,5.0
8.17,0.07671742916191678,5.0
8.18,0.0765767922834288,5.0
8.19,0.07643658456834602,5.0
8.2,0.07629680418543226,5.0
8.21,0.0761574493134854,5.0
8.22,0.07601851814127054,5.0
8.23,0.07588000886745311,5.0
8.24,0.07574191970053297,5.0
8.25,0.07560424885877887,5.0
8.26,0.07546699457016334,5.0
8.27,0.07533015507229827,5.0
8.28,0.07519372861237081,5.0
8.290000000000001,0.0750577134470799,5.0
8.3,0.07492210784257332,5.0
8.31,0.07478691007438507,5.0
8.32,0.07465211842737339,5.0
8.33,0.0745177311956592,5.0
8.34,0.07438374668256509,5.0
8.35,0.07425016320055461,5.0
8.36,0.07411697907117226,5.0
8.370000000000001,0.07398419262498379,5.0
8.38,0.07385180220151703,5.0
8.39,0.07371980614920313,5.0
8.4,0.07358820282531833,5.0
8.41,0.073456990595926,5.0
8.42,0.07332616783581944,5.0
8.43,0.07319573292846485,5.0
8.44,0.07306568426594481,5.0
8.45,0.07293602024890225,5.0
8.46,0.07280673928648478,5.0
8.47,0.07267783979628954,5.0
8.48,0.07254932020430838,5.0
8.49,0.07242117894487346,5.0
8.5,0.07229341446060332,5.0
8.51,0.0721660252023494,5.0
8.52,0.07203900962914282,5.0
8.53,0.07191236620814172,5.0
8.540000000000001,0.07178609341457884,5.0
8.55,0.0716601897317098,5.0
8.56,0.07153465365076131,5.0
8.57,0.0714094836708802,5.0
8.58,0.07128467829908255,5.0
8.59,0.07116023605020348,5.0
8.6,0.07103615544684701,5.0
8.61,0.07091243501933646,5.0
8.620000000000001,0.07078907330566528,5.0
8.63,0.07066606885144822,5.0
8.64,0.07054342020987264,5.0
8.65,0.07042112594165059,5.0
8.66,0.07029918461497087,5.0
8.67,0.07017759480545172,5.0
8.68,0.07005635509609372,5.0
8.69,0.06993546407723303,5.0
8.700000000000001,0.06981492034649514,5.0
8.71,0.0696947225087488,5.0
8.72,0.06957486917606029,5.0
8.73,0.06945535896764811,5.0
8.74,0.06933619050983812,5.0
8.75,0.06921736243601868,5.0
8.76,0.06909887338659644,5.0
8.77,0.06898072200895229,5.0
8.78,0.06886290695739776,5.0
8.790000000000001,0.06874542689313148,5.0
8.8,0.06862828048419647,5.0
8.81,0.06851146640543707,5.0
8.82,0.06839498333845677,5.0
8.83,0.06827882997157603,5.0
8.84,0.06816300499979053,5.0
8.85,0.06804750712472968,5.0
8.86,0.06793233505461548,5.0
8.870000000000001,0.06781748750422159,5.0
8.88,0.06770296319483289,5.0
8.89,0.06758876085420505,5.0
8.9,0.06747487921652466,5.0
8.91,0.0673613170223695,5.0
8.92,0.06724807301866914,5.0
8.93,0.06713514595866589,5.0
8.94,0.06702253460187589,5.0
8.950000000000001,0.0669102377140506,5.0
8.96,0.06679825406713862,5.0
8.97,0.06668658243924752,5.0
8.98,0.0665752216146063,5.0
8.99,0.06646417038352784,5.0
9.0,0.06635342754237182,5.0
9.01,0.06624299189350774,5.0
9.02,0.06613286224527834,5.0
9.03,0.06602303741196318,5.0
9.04,0.06591351621374257,5.0
9.05,0.06580429747666171,5.0
9.06,0.06569538003259508,5.0
9.07,0.06558676271921113,5.0
9.08,0.06547844437993716,5.0
9.09,0.06537042386392451,5.0
9.1,0.06526270002601396,5.0
9.11,0.0651552717267014,5.0
9.12,0.06504813783210371,5.0
9.13,0.06494129721392497,5.0
9.14,0.06483474874942276,5.0
9.15,0.06472849132137488,5.0
9.16,0.06462252381804615,5.0
9.17,0.0645168451331555,5.0
9.18,0.06441145416584339,5.0
9.19,0.06430634982063922,5.0
9.2,0.0642015310074293,5.0
9.21,0.06409699664142472,5.0
9.22,0.0639927456431297,5.0
9.23,0.06388877693831002,5.0
9.24,0.06378508945796166,5.0
9.25,0.06368168213827977,5.0
9.26,0.06357855392062776,5.0
9.27,0.06347570375150675,5.0
9.28,0.06337313058252494,5.0
9.29,0.06327083337036757,5.0
9.3,0.06316881107676671,5.0
9.31,0.06306706266847172,5.0
9.32,0.06296558711721933,5.0
9.33,0.06286438339970456,5.0
9.34,0.06276345049755125,5.0
9.35,0.06266278739728327,5.0
9.36,0.06256239309029565,5.0
9.37,0.062462266572826046,5.0
9.38,0.06236240684592625,5.0
9.39,0.062262812915434174,5.0
9.4,0.06216348379194566,5.0
9.41,0.0620644184907868,5.0
9.42,0.06196561603198631,5.0
9.43,0.06186707544024806,5.0
9.44,0.06176879574492388,5.0
9.45,0.06167077597998654,5.0
9.46,0.06157301518400283,5.0
9.47,0.06147551240010696,5.0
9.48,0.06137826667597396,5.0
9.49,0.06128127706379348,5.0
9.5,0.061184542620243615,5.0
9.51,0.06108806240646495,5.0
9.52,0.06099183548803479,5.0
9.53,0.06089586093494152,5.0
9.54,0.060800137821559304,5.0
9.55,0.06070466522662268,5.0
9.56,0.060609442233201576,5.0
9.57,0.06051446792867642,5.0
9.58,0.06041974140471327,5.0
9.59,0.06032526175723938,5.0
9.6,0.06023102808641873,5.0
9.61,0.06013703949662782,5.0
9.62,0.06004329509643152,5.0
9.63,0.05994979399855922,5.0
9.64,0.05985653531988109,5.0
9.65,0.05976351818138443,5.0
9.66,0.05967074170815025,5.0
9.67,0.059578205029330006,5.0
9.68,0.05948590727812249,5.0
9.69,0.05939384759175083,5.0
9.7,0.05930202511143969,5.0
9.71,0.05921043898239263,5.0
9.72,0.0591190883537696,5.0
9.73,0.059027972378664514,5.0
9.74,0.05893709021408315,5.0
9.75,0.058846441020920966,5.0
9.76,0.05875602396394131,5.0
9.77,0.05866583821175356,5.0
9.78,0.058575882936791536,5.0
9.79,0.058486157315292026,5.0
9.8,0.058396660527273395,5.0
9.81,0.058307391756514525,5.0
9.82,0.058218350190533584,5.0
9.83,0.05812953502056721,5.0
9.84,0.05804094544154974,5.0
9.85,0.0579525806520925,5.0
9.86,0.05786443985446338,5.0
9.87,0.057776522254566406,5.0
9.88,0.057688827061921515,5.0
9.89,0.05760135348964449,5.0
9.9,0.05751410075442694,5.0
9.91,0.05742706807651644,5.0
9.92,0.057340254679696896,5.0
9.93,0.05725365979126894,5.0
9.94,0.057167282642030394,5.0
9.95,0.057081122466257087,5.0
9.96,0.0569951785016835,5.0
9.97,0.056909449989483836,5.0
9.98,0.056823936174252986,5.0
9.99,0.05673863630398766,5.0
10.0,0.05665354963006779,5.0
10.01,0.05656867540723788,5.0
10.02,0.05648401289358852,5.0
10.03,0.05639956135053816,5.0
10.04,0.056315320042814705,5.0
10.05,0.05623128823843755,5.0
10.06,0.056147465208699565,5.0
10.07,0.05606385022814916,5.0
10.08,0.055980442574572555,5.0
10.09,0.0558972415289762,5.0
10.1,0.05581424637556913,5.0
10.11,0.055731456401745635,5.0
10.12,0.05564887089806792,5.0
10.13,0.0555664891582489,5.0
10.14,0.05548431047913515,5.0
10.15,0.055402334160689896,5.0
10.16,0.05532055950597615,5.0
10.17,0.05523898582113993,5.0
10.18,0.0551576124153937,5.0
10.19,0.05507643860099972,5.0
10.2,0.054995463693253636,5.0
10.21,0.05491468701046814,5.0
10.22,0.05483410787395681,5.0
10.23,0.054753725608017854,5.0
10.24,0.05467353953991819,5.0
10.25,0.05459354899987742,5.0
10.26,0.05451375332105213,5.0
10.27,0.05443415183952007,5.0
10.28,0.054354743894264534,5.0
10.29,0.0542755288271589,5.0
10.3,0.054196505982951115,5.0
10.31,0.05411767470924844,5.0
10.32,0.054039034356502175,5.0
10.33,0.05396058427799253,5.0
10.34,0.05388232382981356,5.0
10.35,0.05380425237085825,5.0
10.36,0.053726369262803636,5.0
10.37,0.05364867387009605,5.0
10.38,0.05357116555993647,5.0
10.39,0.053493843702265904,5.0
10.4,0.05341670766975091,5.0
10.41,0.05333975683776924,5.0
10.42,0.05326299058439548,5.0
10.43,0.05318640829038687,5.0
10.44,0.05311000933916916,5.0
10.45,0.053033793116822533,5.0
10.46,0.052957759012067736,5.0
10.47,0.052881906416252136,5.0
10.48,0.052806234723335996,5.0
10.49,0.052730743329878704,5.0
10.5,0.05265543163502523,5.0
10.51,0.052580299040492585,5.0
10.52,0.05250534495055633,5.0
10.53,0.05243056877203728,5.0
10.54,0.05235596991428822,5.0
10.55,0.0522815477891806,5.0
10.56,0.05220730181109162,5.0
10.57,0.05213323139689103,5.0
10.58,0.052059335965928176,5.0
10.59,0.051985614940019256,5.0
10.6,0.0519120677434344,5.0
10.61,0.051838693802884986,5.0
10.62,0.05176549254751104,5.0
10.63,0.051692463408868614,5.0
10.64,0.05161960582091737,5.0
10.65,0.05154691922000808,5.0
10.66,0.05147440304487035,5.0
10.67,0.05140205673660037,5.0
10.68,0.05132987973864871,5.0
10.69,0.05125787149680819,5.0
10.7,0.05118603145920186,5.0
10.71,0.05111435907627106,5.0
10.72,0.05104285380076351,5.0
10.73,0.05097151508772148,5.0
10.74,0.05090034239447003,5.0
10.75,0.05082933518060539,5.0
10.76,0.05075849290798329,5.0
10.77,0.05068781504070746,5.0
10.78,0.05061730104511816,5.0
10.79,0.05054695038978078,5.0
10.8,0.050476762545474466,5.0
10.81,0.050406736985180986,5.0
10.82,0.05033687318407337,5.0
10.83,0.05026717061950492,5.0
10.84,0.05019762877099806,5.0
10.85,0.050128247120233387,5.0
10.86,0.05005902515103875,5.0
10.87,0.04998996234937836,5.0
10.88,0.049921058203342014,5.0
10.89,0.04985231220313434,5.0
10.9,0.04978372384106417,5.0
10.91,0.04971529261153391,5.0
10.92,0.049647018011028936,5.0
10.93,0.04957889953810724,5.0
10.94,0.049510936693388914,5.0
10.95,0.04944312897954584,5.0
10.96,0.04937547590129136,5.0
10.97,0.04930797696537011,5.0
10.98,0.04924063168054778,5.0
10.99,0.049173439557601006,5.0
11.0,0.04910640010930736,5.0
11.01,0.04903951285043534,5.0
11.02,0.0489727772977344,5.0
11.03,0.048906192969925155,5.0
11.04,0.04883975938768943,5.0
11.05,0.048773476073660685,5.0
11.06,0.04870734255241413,5.0
11.07,0.04864135835045718,5.0
11.08,0.04857552299621987,5.0
11.09,0.048509836020045285,5.0
11.1,0.048444296954180066,5.0
11.11,0.04837890533276505,5.0
11.12,0.048313660691825876,5.0
11.13,0.04824856256926363,5.0
11.14,0.04818361050484568,5.0
11.15,0.04811880404019638,5.0
11.16,0.04805414271878797,5.0
11.17,0.04798962608593146,5.0
11.18,0.047925253688767586,5.0
11.19,0.047861025076257876,5.0
11.2,0.04779693979917562,5.0
11.21,0.047732997410097,5.0
11.22,0.04766919746339233,5.0
11.23,0.047605539515217205,5.0
11.24,0.04754202312350378,5.0
11.25,0.04747864784795206,5.0
11.26,0.04741541325002134,5.0
11.27,0.047352318892921554,5.0
11.28,0.047289364341604745,5.0
11.29,0.04722654916275665,5.0
11.3,0.04716387292478813,5.0
11.31,0.04710133519782697,5.0
11.32,0.04703893555370934,5.0
11.33,0.046976673565971634,5.0
11.34,0.046914548809842214,5.0
11.35,0.04685256086223314,5.0
11.36,0.046790709301732104,5.0
11.37,0.046728993708594256,5.0
11.38,0.04666741366473421,5.0
11.39,0.046605968753717995,5.0
11.4,0.04654465856075509,5.0
11.41,0.046483482672690535,5.0
11.42,0.046422440677997,5.0
11.43,0.046361532166767,5.0
11.44,0.04630075673070509,5.0
11.45,0.046240113963120145,5.0
11.46,0.046179603458917626,5.0
11.47,0.046119224814591984,5.0
11.48,0.046058977628218964,5.0
11.49,0.04599886149944811,5.0
11.5,0.04593887602949519,5.0
11.51,0.045879020821134764,5.0
11.52,0.04581929547869273,5.0
11.53,0.04575969960803885,5.0
11.54,0.045700232816579554,5.0
11.55,0.0456408947132504,5.0
11.56,0.045581684908509036,5.0
11.57,0.045522603014327805,5.0
11.58,0.04546364864418663,5.0
11.59,0.0454048214130658,5.0
11.6,0.04534612093743892,5.0
11.61,0.0452875468352658,5.0
11.62,0.045229098725985434,5.0
11.63,0.04517077623050901,5.0
11.64,0.04511257897121295,5.0
11.65,0.045054506571931996,5.0
11.66,0.044996558657952324,5.0
11.67,0.0449387348560047,5.0
11.68,0.044881034794257736,5.0
11.69,0.044823458102311045,5.0
11.7,0.04476600441118854,5.0
11.71,0.0447086733533318,5.0
11.72,0.044651464562593356,5.0
11.73,0.04459437767423009,5.0
11.74,0.04453741232489667,5.0
11.75,0.044480568152639004,5.0
11.76,0.044423844796887726,5.0
11.77,0.04436724189845177,5.0
11.78,0.04431075909951184,5.0
11.79,0.044254396043614135,5.0
11.8,0.04419815237566385,5.0
11.81,0.04414202774191901,5.0
11.82,0.044086021789984046,5.0
11.83,0.044030134168803546,5.0
11.84,0.04397436452865612,5.0
11.85,0.04391871252114811,5.0
11.86,0.043863177799207516,5.0
11.87,0.04380776001707779,5.0
11.88,0.04375245883031184,5.0
11.89,0.043697273895765894,5.0
11.9,0.043642204871593544,5.0
11.91,0.04358725141723965,5.0
11.92,0.04353241319343456,5.0
11.93,0.043477689862187974,5.0
11.94,0.04342308108678323,5.0
11.95,0.04336858653177134,5.0
11.96,0.04331420586296519,5.0
11.97,0.04325993874743378,5.0
11.98,0.043205784853496396,5.0
11.99,0.043151743850716885,5.0
12.0,0.04309781540989804,5.0
12.01,0.04304399920307577,5.0
12.02,0.042990294903513616,5.0
12.03,0.04293670218569704,5.0
12.04,0.04288322072532789,5.0
12.05,0.04282985019931879,5.0
12.06,0.04277659028578776,5.0
12.07,0.04272344066405253,5.0
12.08,0.04267040101462523,5.0
12.09,0.04261747101920689,5.0
12.1,0.04256465036068203,5.0
12.11,0.04251193872311337,5.0
12.12,0.04245933579173635,5.0
12.13,0.04240684125295393,5.0
12.14,0.04235445479433125,5.0
12.15,0.04230217610459038,5.0
12.16,0.04225000487360507,5.0
12.17,0.042197940792395576,5.0
12.18,0.04214598355312348,5.0
12.19,0.04209413284908649,5.0
12.2,0.04204238837471341,5.0
12.21,0.04199074982555898,5.0
12.22,0.04193921689829882,5.0
12.23,0.041887789290724405,5.0
12.24,0.04183646670173803,5.0
12.25,0.04178524883134785,5.0
12.26,0.0417341353806629,5.0
12.27,0.041683126051888196,5.0
12.28,0.04163222054831975,5.0
12.29,0.04158141857433976,5.0
12.3,0.041530719835411754,5.0
12.31,0.04148012403807573,5.0
12.32,0.041429630889943336,5.0
12.33,0.04137924009969313,5.0
12.34,0.041328951377065826,5.0
12.35,0.04127876443285952,5.0
12.36,0.04122867897892503,5.0
12.37,0.04117869472816119,5.0
12.38,0.041128811394510224,5.0
12.39,0.04107902869295308,5.0
12.4,0.04102934633950486,5.0
12.41,0.0409797640512102,5.0
12.42,0.04093028154613872,5.0
12.43,0.040880898543380534,5.0
12.44,0.040831614763041674,5.0
12.45,0.04078242992623966,5.0
12.46,0.04073334375509899,5.0
12.47,0.040684355972746715,5.0
12.48,0.04063546630330804,5.0
12.49,0.04058667447190194,5.0
12.5,0.040537980204636684,5.0
12.51,0.04048938322860566,5.0
12.52,0.04044088327188289,5.0
12.53,0.04039248006351882,5.0
12.54,0.04034417333353598,5.0
12.55,0.04029596281292481,5.0
12.56,0.04024784823363932,5.0
12.57,0.04019982932859292,5.0
12.58,0.04015190583165425,5.0
12.59,0.040104077477642976,5.0
12.6,0.04005634400232563,5.0
12.61,0.04000870514241154,5.0
12.62,0.03996116063554864,5.0
12.63,0.03991371022031944,5.0
12.64,0.03986635363623697,5.0
12.65,0.03981909062374068,5.0
12.66,0.039771920924192454,5.0
12.67,0.03972484427987259,5.0
12.68,0.03967786043397585,5.0
12.69,0.039630969130607444,5.0
12.7,0.03958417011477915,5.0
12.71,0.039537463132405325,5.0
12.72,0.039490847930299056,5.0
12.73,0.03944432425616826,5.0
12.74,0.03939789185861183,5.0
12.75,0.039351550487115756,5.0
12.76,0.03930529989204935,5.0
12.77,0.03925913982466139,5.0
12.78,0.03921307003707643,5.0
12.79,0.0391670902822909,5.0
12.8,0.039121200314169484,5.0
12.81,0.039075399887441326,5.0
12.82,0.03902968875769631,5.0
12.83,0.038984066681381456,5.0
12.84,0.03893853341579713,5.0
12.85,0.038893088719093485,5.0
12.86,0.038847732350266805,5.0
12.87,0.038802464069155856,5.0
12.88,0.038757283636438315,5.0
12.89,0.03871219081362722,5.0
12.9,0.03866718536306736,5.0
12.91,0.03862226704793173,5.0
12.92,0.03857743563221805,5.0
12.93,0.03853269088074525,5.0
12.94,0.03848803255914994,5.0
12.95,0.03844346043388294,5.0
12.96,0.03839897427220591,5.0
12.97,0.038354573842187815,5.0
12.98,0.03831025891270153,5.0
12.99,0.03826602925342047,5.0
13.0,0.03822188463481518,5.0
13.01,0.03817782482814994,5.0
13.02,0.03813384960547946,5.0
13.03,0.03808995873964552,5.0
13.04,0.03804615200427368,5.0
13.05,0.038002429173769885,5.0
13.06,0.037958790023317326,5.0
13.07,0.03791523432887303,5.0
13.08,0.03787176186716471,5.0
13.09,0.037828372415687435,5.0
13.1,0.03778506575270051,5.0
13.11,0.03774184165722419,5.0
13.12,0.037698699909036515,5.0
13.13,0.03765564028867015,5.0
13.14,0.03761266257740922,5.0
13.15,0.037569766557286166,5.0
13.16,0.03752695201107861,5.0
13.17,0.03748421872230624,5.0
13.18,0.03744156647522777,5.0
13.19,0.03739899505483776,5.0
13.2,0.03735650424686361,5.0
13.21,0.037314093837762546,5.0
13.22,0.037271763614718505,5.0
13.23,0.037229513365639164,5.0
13.24,0.037187342879152915,5.0
13.25,0.03714525194460589,5.0
13.26,0.03710324035205897,5.0
13.27,0.037061307892284824,5.0
13.28,0.037019454356764965,5.0
13.29,0.03697767953768683,5.0
13.3,0.036935983227940825,5.0
13.31,0.03689436522111748,5.0
13.32,0.036852825311504495,5.0
13.33,0.03681136329408389,5.0
13.34,0.036769978964529174,5.0
13.35,0.03672867211920245,5.0
13.36,0.036687442555151585,5.0
13.37,0.03664629007010742,5.0
13.38,0.036605214462480946,5.0
13.39,0.03656421553136051,5.0
13.4,0.036523293076509034,5.0
13.41,0.03648244689836125,5.0
13.42,0.036441676798020954,5.0
13.43,0.03640098257725825,5.0
13.44,0.03636036403850684,5.0
13.45,0.03631982098486133,5.0
13.46,0.03627935322007443,5.0
13.47,0.03623896054855445,5.0
13.48,0.03619864277536245,5.0
13.49,0.03615839970620965,5.0
13.5,0.0361182311474548,5.0
13.51,0.03607813690610151,5.0
13.52,0.03603811678979564,5.0
13.53,0.035998170606822706,5.0
13.54,0.035958298166105254,5.0
13.55,0.03591849927720028,5.0
13.56,0.03587877375029669,5.0
13.57,0.03583912139621269,5.0
13.58,0.03579954202639327,5.0
13.59,0.03576003545290766,5.0
13.6,0.03572060148844681,5.0
13.61,0.03568123994632086,5.0
13.62,0.03564195064045665,5.0
13.63,0.03560273338539527,5.0
13.64,0.035563587996289524,5.0
13.65,0.03552451428890147,5.0
13.66,0.035485512079600046,5.0
13.67,0.035446581185358504,5.0
13.68,0.03540772142375209,5.0
13.69,0.03536893261295558,5.0
13.7,0.03533021457174087,5.0
13.71,0.03529156711947456,5.0
13.72,0.03525299007611566,5.0
13.73,0.03521448326221312,5.0
13.74,0.03517604649890348,5.0
13.75,0.035137679607908597,5.0
13.76,0.035099382411533216,5.0
13.77,0.0350611547326627,5.0
13.78,0.03502299639476068,5.0
13.79,0.03498490722186678,5.0
13.8,0.03494688703859426,5.0
13.81,0.034908935670127844,5.0
13.82,0.03487105294222132,5.0
13.83,0.034833238681195366,5.0
13.84,0.03479549271393525,5.0
13.85,0.034757814867888606,5.0
13.86,0.03472020497106323,5.0
13.87,0.03468266285202478,5.0
13.88,0.03464518833989466,5.0
13.89,0.03460778126434776,5.0
13.9,0.03457044145561029,5.0
13.91,0.03453316874445759,5.0
13.92,0.034495962962211954,5.0
13.93,0.03445882394074049,5.0
13.94,0.03442175151245296,5.0
13.95,0.03438474551029966,5.0
13.96,0.034347805767769246,5.0
13.97,0.034310932118886646,5.0
13.98,0.034274124398210974,5.0
13.99,0.034237382440833374,5.0
14.0,0.03420070608237497,5.0
14.01,0.034164095158984775,5.0
14.02,0.03412754950733763,5.0
14.03,0.03409106896463211,5.0
14.04,0.03405465336858853,5.0
14.05,0.03401830255744682,5.0
14.06,0.033982016369964604,5.0
14.07,0.03394579464541507,5.0
14.08,0.03390963722358501,5.0
14.09,0.033873543944772835,5.0
14.1,0.033837514649786495,5.0
14.11,0.03380154917994161,5.0
14.12,0.03376564737705939,5.0
14.13,0.033729809083464735,5.0
14.14,0.03369403414198424,5.0
14.15,0.033658322395944254,5.0
14.16,0.03362267368916894,5.0
14.17,0.033587087865978374,5.0
14.18,0.03355156477118655,5.0
14.19,0.03351610425009952,5.0
14.2,0.033480706148513506,5.0
14.21,0.03344537031271293,5.0
14.22,0.03341009658946861,5.0
14.23,0.033374884826035824,5.0
14.24,0.033339734870152446,5.0
14.25,0.033304646570037094,5.0
14.26,0.033269619774387305,5.0
14.27,0.03323465433237763,5.0
14.28,0.03319975009365783,5.0
14.29,0.033164906908351055,5.0
14.3,0.033130124627052,5.0
14.31,0.03309540310082512,5.0
14.32,0.03306074218120282,5.0
14.33,0.033026141720183616,5.0
14.34,0.032991601570230414,5.0
14.35,0.03295712158426868,5.0
14.36,0.03292270161568472,5.0
14.37,0.03288834151832383,5.0
14.38,0.03285404114648864,5.0
14.39,0.03281980035493732,5.0
14.4,0.03278561899888182,5.0
14.41,0.03275149693398617,5.0
14.42,0.03271743401636474,5.0
14.43,0.03268343010258055,5.0
14.44,0.03264948504964352,5.0
14.45,0.0326155987150088,5.0
14.46,0.03258177095657506,5.0
14.47,0.03254800163268282,5.0
14.48,0.03251429060211278,5.0
14.49,0.032480637724084084,5.0
14.5,0.03244704285825277,5.0
14.51,0.03241350586471,5.0
14.52,0.03238002660398049,5.0
14.53,0.03234660493702084,5.0
14.54,0.032313240725217886,5.0
14.55,0.032279933830387096,5.0
14.56,0.032246684114770975,5.0
14.57,0.03221349144103739,5.0
14.58,0.03218035567227802,5.0
14.59,0.03214727667200672,5.0
14.6,0.03211425430415795,5.0
14.61,0.03208128843308522,5.0
14.62,0.03204837892355946,5.0
14.63,0.03201552564076748,5.0
14.64,0.03198272845031041,5.0
14.65,0.03194998721820213,5.0
14.66,0.03191730181086774,5.0
14.67,0.03188467209514201,5.0
14.68,0.03185209793826783,5.0
14.69,0.0318195792078947,5.0
14.7,0.031787115772077226,5.0
14.71,0.03175470749927355,5.0
14.72,0.03172235425834393,5.0
14.73,0.03169005591854913,5.0
14.74,0.031657812349549015,5.0
14.75,0.03162562342140103,5.0
14.76,0.031593489004558696,5.0
14.77,0.03156140896987019,5.0
14.78,0.031529383188576815,5.0
14.79,0.0314974115323116,5.0
14.8,0.03146549387309778,5.0
14.81,0.0314336300833474,5.0
14.82,0.03140182003585987,5.0
14.83,0.03137006360382046,5.0
14.84,0.031338360660798974,5.0
14.85,0.03130671108074823,5.0
14.86,0.03127511473800272,5.0
14.87,0.031243571507277152,5.0
14.88,0.031212081263665037,5.0
14.89,0.031180643882637357,5.0
14.9,0.03114925924004108,5.0
14.91,0.031117927212097832,5.0
14.92,0.031086647675402528,5.0
14.93,0.03105542050692193,5.0
14.94,0.031024245583993346,5.0
14.95,0.030993122784323236,5.0
14.96,0.030962051985985856,5.0
14.97,0.030931033067421926,5.0
14.98,0.03090006590743725,5.0
14.99,0.030869150385201403,5.0
0.0,inf,5.0
0.01,1791.5425436440391,5.0
0.02,633.4059406974483,5.0
0.03,344.78252327918426,5.0
0.04,223.9428179555049,5.0
0.05,160.2404364868382,5.0
0.06,121.89903012265997,5.0
0.07,96.73420476886137,5.0
0.08,79.17574258718103,5.0
0.09,66.35342754237182,5.0
0.1,56.653549630067786,5.0
0.11,49.10640010930736,5.0
0.12,43.09781540989803,5.0
0.13,38.221884634815176,5.0
0.14,34.20070608237497,5.0
0.15,30.83828638024639,5.0
0.16,27.99285224443811,5.0
0.17,25.55958180011111,5.0
0.18,23.459479285090676,5.0
0.19,21.632002495285796,5.0
0.2,20.030054560854776,5.0
0.21,18.616506387715503,5.0
0.22,17.361734258475526,5.0
0.23,16.241845380272093,5.0
0.24,15.237378765332496,5.0
0.25,14.332340349152311,5.0
0.26,13.513476907503858,5.0
0.27,12.769723084414231,5.0
0.28,12.091775596107672,5.0
0.29,11.471762017260536,5.0
0.3,10.902980709822488,5.0
0.31,10.3796948272582,5.0
0.32,9.89696782339763,5.0
0.33,9.45053110734736,5.0
0.34,9.036676807575414,5.0
0.35,8.652170304502336,5.0
0.36,8.294178442796477,5.0
0.37,7.960210267284971,5.0
0.38,7.648067827530453,5.0
0.39,7.35580512761512,5.0
0.4,7.081693703758473,5.0
0.41,6.8241936249846775,5.0
0.42,6.581928954378155,5.0
0.43,6.353666897575673,5.0
0.44,6.13830001366342,5.0
0.45,5.934830980994008,5.0
0.46,5.742359503686897,5.0
0.47,5.560071019079876,5.0
0.48,5.387226926237254,5.0
0.49,5.223156103918482,5.0
0.5,5.067247525579584,5.0
0.51,4.91894381088947,5.0
0.52,4.777735579351897,5.0
0.53,4.643156493075736,5.0
0.54,4.514778893431849,5.0
0.55,4.392209950988574,5.0
0.56,4.275088260296871,5.0
0.5700000000000001,4.163080821254636,5.0
0.58,4.0558803572815965,5.0
0.59,3.9532029276751284,5.0
0.6,3.854785797530799,5.0
0.61,3.760385533692244,5.0
0.62,3.6697762995006014,5.0
0.63,3.5827483247726435,5.0
0.64,3.499106530554764,5.0
0.65,3.418669290864058,5.0
0.66,3.341267315909864,5.0
0.67,3.2667426432488647,5.0
0.68,3.194947725013889,5.0
0.6900000000000001,3.1257446008121237,5.0
0.7000000000000001,3.0590041471472387,5.0
0.71,2.9946053953108547,5.0
0.72,2.9324349106363345,5.0
0.73,2.872386226832495,5.0
0.74,2.8143593298339917,5.0
0.75,2.7582601862334744,5.0
0.76,2.7040003119107245,5.0
0.77,2.6514963769563735,5.0
0.78,2.6006698434117146,5.0
0.79,2.5514466327191663,5.0
0.8,2.503756820106847,5.0
0.81,2.4575343534211784,5.0
0.8200000000000001,2.4127167941783365,5.0
0.8300000000000001,2.3692450788329573,5.0
0.84,2.327063298464438,5.0
0.85,2.2861184952605957,5.0
0.86,2.246360474338126,5.0
0.87,2.207741629581565,5.0
0.88,2.1702167823094407,5.0
0.89,2.1337430316897565,5.0
0.9,2.0982796159284365,5.0
0.91,2.0637877833453424,5.0
0.92,2.0302306725340116,5.0
0.93,1.9975732008745624,5.0
0.94,1.9657819607350895,5.0
0.95,1.934825122756165,5.0
0.96,1.904672345666562,5.0
0.97,1.8752946921264995,5.0
0.98,1.8466645501383327,5.0
0.99,1.8187555596039766,5.0
1.0,1.7915425436440389,5.0
1.01,1.7650014443259623,5.0
1.02,1.739109262477771,5.0
1.03,1.7138440012906824,5.0
1.04,1.6891846134379822,5.0
1.05,1.6651109514596365,5.0
1.06,1.641603721182101,5.0
1.07,1.6186444379610987,5.0
1.08,1.5962153855517789,5.0
1.09,1.574299577425892,5.0
1.1,1.552880720369527,5.0
1.11,1.5319431802076666,5.0
1.12,1.511471949513459,5.0
1.13,1.4914526171707783,5.0
1.14,1.471871339668408,5.0
1.15,1.452714814013173,5.0
1.16,1.433970252157567,5.0
1.17,1.4156253568450068,5.0
1.18,1.3976682987827982,5.0
1.19,1.3800876950593188,5.0
1.2,1.362872588727811,5.0
1.21,1.3460124294846274,5.0
1.22,1.3294970553747902,5.0
1.23,1.313316675462344,5.0
1.24,1.297461853407275,5.0
1.25,1.2819234918947058,5.0
1.26,1.26669281786574,5.0
1.27,1.2517613685027087,5.0
1.28,1.2371209779247037,5.0
1.29,1.2227637645521765,5.0
1.3,1.2086821191020907,5.0
1.31,1.1948686931775814,5.0
1.32,1.18131638841842,5.0
1.33,1.1680183461807119,5.0
1.34,1.1549679377162694,5.0
1.35,1.1421587548239402,5.0
1.36,1.1295846009469268,5.0
1.37,1.1172394826917147,5.0
1.38,1.1051176017457454,5.0
1.39,1.0932133471723526,5.0
1.4,1.081521288062792,5.0
1.41,1.070036166526401,5.0
1.42,1.0587528910010635,5.0
1.43,1.047666529867208,5.0
1.44,1.0367723053495597,5.0
1.45,1.026065587691787,5.0
1.46,1.015541889590049,5.0
1.47,1.0051968608722575,5.0
1.48,0.9950262834106214,5.0
1.49,0.9850260662557537,5.0
1.5,0.9751922409812797,5.0
1.51,0.9655209572285068,5.0
1.52,0.9560084784413067,5.0
1.53,0.9466511777818929,5.0
1.54,0.9374455342187069,5.0
1.55,0.9283881287780908,5.0
1.56,0.91947564095189,5.0
1.57,0.9107048452535478,5.0
1.58,0.9020726079156525,5.0
1.59,0.8935758837222784,5.0
1.6,0.8852117129698092,5.0
1.61,0.8769772185502702,5.0
1.62,0.8688696031515063,5.0
1.63,0.8608861465688343,5.0
1.64,0.8530242031230847,5.0
1.65,0.8452811991802023,5.0
1.66,0.8376546307678203,5.0
1.67,0.8301420612844671,5.0
1.68,0.8227411192972693,5.0
1.69,0.8154494964242326,5.0
1.7,0.8082649452973767,5.0
1.71,0.8011852776031778,5.0
1.72,0.7942083621969591,5.0
1.73,0.787332123288023,5.0
1.74,0.7805545386924818,5.0
1.75,0.773873638150891,5.0
1.76,0.7672875017079275,5.0
1.77,0.7607942581514839,5.0
1.78,0.7543920835086845,5.0
1.79,0.7480791995964367,5.0
1.8,0.741853872624251,5.0
1.81,0.7357144118471671,5.0
1.82,0.7296591682667225,5.0
1.83,0.7236865333779972,5.0
1.84,0.7177949379608621,5.0
1.85,0.7119828509136384,5.0
1.86,0.7062487781274603,5.0
1.87,0.7005912613997123,5.0
1.88,0.6950088773849845,5.0
1.89,0.6895002365820556,5.0
1.9,0.6840639823554893,5.0
1.91,0.67869878999048,5.0
1.92,0.6734033657796568,5.0
1.93,0.668176446140601,5.0
1.94,0.6630167967628934,5.0
1.95,0.6579232117835572,5.0
1.96,0.6528945129898103,5.0
1.97,0.6479295490480895,5.0
1.98,0.643027194758353,5.0
1.99,0.6381863503327064,5.0
2.0,0.633405940697448,5.0
2.01,0.6286849148176541,5.0
2.02,0.6240222450434693,5.0
2.03,0.619416926477307,5.0
2.04,0.6148679763611837,5.0
2.05,0.6103744334834581,5.0
2.06,0.6059353576042638,5.0
2.07,0.6015498288989665,5.0
2.08,0.5972169474189871,5.0
2.09,0.5929358325693781,5.0
2.1,0.5887056226025467,5.0
2.11,0.5845254741275585,5.0
2.12,0.580394561634467,5.0
2.13,0.5763120770331426,5.0
2.14,0.5722772292060905,5.0
2.15,0.5682892435747761,5.0
2.16,0.5643473616789811,5.0
2.17,0.5604508407687497,5.0
2.18,0.5565989534084823,5.0
2.19,0.5527909870927715,5.0
2.2,0.5490262438735718,5.0
2.21,0.5453040399983242,5.0
2.22,0.5416237055586631,5.0
2.23,0.5379845841493531,5.0
2.24,0.5343860325371089,5.0
2.25,0.5308274203389746,5.0
2.26,0.5273081297099406,5.0
2.27,0.5238275550394973,5.0
2.28,0.5203851026568297,5.0
2.29,0.5169801905443692,5.0
2.3000000000000003,0.5136122480594343,5.0
2.31,0.5102807156636933,5.0
2.32,0.5069850446601996,5.0
2.33,0.5037246969377547,5.0
2.34,0.5004991447223652,5.0
2.35,0.4973078703355653,5.0
2.36,0.49415036595939105,5.0
2.37,0.49102613340779167,5.0
2.38,0.4879346839042783,5.0
2.39,0.4848755378656126,5.0
2.4,0.48184822469134986,5.0
2.41,0.4788522825590487,5.0
2.42,0.4758872582249799,5.0
2.43,0.4729527068301568,5.0
2.44,0.4700481917115305,5.0
2.45,0.46717328421818716,5.0
2.46,0.4643275635323979,5.0
2.47,0.4615106164953721,5.0
2.48,0.45872203743757517,5.0
2.49,0.455961428013468,5.0
2.5,0.4532283970405423,5.0
2.51,0.45052256034251764,5.0
2.52,0.44784354059658044,5.0
2.53,0.4451909671845434,5.0
2.54,0.4425644760478092,5.0
2.5500000000000003,0.4399637095460289,5.0
2.56,0.4373883163193455,5.0
2.57,0.4348379511541163,5.0
2.58,0.4323122748520174,5.0
2.59,0.4298109541024291,5.0
2.6,0.42733366135800727,5.0
2.61,0.42488007471335326,5.0
2.62,0.42244987778668797,5.0
2.63,0.42004275960445064,5.0
2.64,0.417658414488733,5.0
2.65,0.4152965419474752,5.0
2.66,0.41295684656733894,5.0
2.67,0.41063903790918965,5.0
2.68,0.4083428304061081,5.0
2.69,0.4060679432638663,5.0
2.7,0.4038141003637957,5.0
2.71,0.40158103016798447,5.0
2.72,0.3993684656267361,5.0
2.73,0.3971761440882315,5.0
2.74,0.3950038072103309,5.0
2.75,0.3928512008744589,5.0
2.76,0.39071807510151546,5.0
2.77,0.388604183969759,5.0
2.78,0.386509285534607,5.0
2.79,0.38443314175030374,5.0
2.8000000000000003,0.38237551839340483,5.0
2.81,0.38033618498803023,5.0
2.82,0.37831491473283796,5.0
2.83,0.3763114844296747,5.0
2.84,0.37432567441385683,5.0
2.85,0.3723572684860407,5.0
2.86,0.37040605384564074,5.0
2.87,0.3684718210257517,5.0
2.88,0.3665543638295418,5.0
2.89,0.3646534792680723,5.0
2.9,0.3627689674995114,5.0
2.91,0.3609006317697036,5.0
2.92,0.3590482783540619,5.0
2.93,0.35721171650074685,5.0
2.94,0.3553907583751018,5.0
2.95,0.3535852190053108,5.0
2.96,0.35179491622924897,5.0
2.97,0.35001967064249473,5.0
2.98,0.34825930554747647,5.0
2.99,0.3465136469037215,5.0
3.0,0.3447825232791843,5.0
3.01,0.3430657658026231,5.0
3.02,0.3413632081170018,5.0
3.03,0.3396746863338908,5.0
3.04,0.33800003898884057,5.0
3.0500000000000003,0.3363391069977073,5.0
3.06,0.33469173361390425,5.0
3.0700000000000003,0.3330577643865578,5.0
3.08,0.3314370471195467,5.0
3.09,0.32982943183140023,5.0
3.1,0.3282347707160389,5.0
3.11,0.3266529181043334,5.0
3.12,0.3250837304264643,5.0
3.13,0.3235270661750631,5.0
3.14,0.32198278586911455,5.0
3.15,0.32045075201860507,5.0
3.16,0.3189308290898958,5.0
3.17,0.3174228834718068,5.0
3.18,0.31592678344239244,5.0
3.19,0.3144423991363948,5.0
3.2,0.31296960251335587,5.0
3.21,0.31150826732637704,5.0
3.22,0.3100582690915065,5.0
3.23,0.3086194850577444,5.0
3.24,0.3071917941776473,5.0
3.25,0.3057750770785214,5.0
3.26,0.3043692160341894,5.0
3.27,0.3029740949373177,5.0
3.28,0.3015895992722921,5.0
3.29,0.3002156160886289,5.0
3.3000000000000003,0.29885203397490884,5.0
3.31,0.2974987430332233,5.0
3.3200000000000003,0.29615563485411966,5.0
3.33,0.29482260249203596,5.0
3.34,0.2934995404412127,5.0
3.35,0.29218634461207227,5.0
3.36,0.29088291230805474,5.0
3.37,0.2895891422028996,5.0
3.38,0.2883049343183651,5.0
3.39,0.2870301900023735,5.0
3.4,0.28576481190757447,5.0
3.41,0.2845087039703162,5.0
3.42,0.28326177139001674,5.0
3.43,0.2820239206089253,5.0
3.44,0.2807950592922657,5.0
3.45,0.2795750963087541,5.0
3.46,0.278363941711482,5.0
3.47,0.2771615067191573,5.0
3.48,0.27596770369769563,5.0
3.49,0.27478244614215397,5.0
3.5,0.2736056486589998,5.0
3.51,0.27243722694870826,5.0
3.52,0.2712770977886801,5.0
3.53,0.27012517901647515,5.0
3.54,0.26898138951335154,5.0
3.5500000000000003,0.267845649188108,5.0
3.56,0.26671787896121957,5.0
3.5700000000000003,0.2655980007492626,5.0
3.58,0.26448593744962257,5.0
3.59,0.26338161292547774,5.0
3.6,0.26228495199105456,5.0
3.61,0.26119588039714814,5.0
3.62,0.2601143248169022,5.0
3.63,0.2590402128318439,5.0
3.64,0.2579734729181678,5.0
3.65,0.2569140344332636,5.0
3.66,0.25586182760248327,5.0
3.67,0.2548167835061426,5.0
3.68,0.25377883406675145,5.0
3.69,0.25274791203646957,5.0
3.7,0.25172395098478223,5.0
3.71,0.2507068852863918,5.0
3.72,0.2496966501093203,5.0
3.73,0.24869318140322022,5.0
3.74,0.24769641588788685,5.0
3.75,0.24670629104197112,5.0
3.76,0.24572274509188619,5.0
3.77,0.24474571700090578,5.0
3.78,0.2437751464584502,5.0
3.79,0.242810973869555,5.0
3.8,0.24185314034452063,5.0
3.81,0.24090158768873773,5.0
3.82,0.23995625839268644,5.0
3.83,0.23901709562210402,5.0
3.84,0.23808404320832025,5.0
3.85,0.23715704563875437,5.0
3.86,0.23623604804757345,5.0
3.87,0.2353209962065064,5.0
3.88,0.23441183651581243,5.0
3.89,0.23350851599539982,5.0
3.9,0.23261098227609311,5.0
3.91,0.23171918359104524,5.0
3.92,0.2308330687672916,5.0
3.93,0.22995258721744433,5.0
3.94,0.22907768893152294,5.0
3.95,0.2282083244689198,5.0
3.96,0.22734444495049708,5.0
3.97,0.22648600205081296,5.0
3.98,0.2256329479904752,5.0
3.99,0.22478523552861854,5.0
4.0,0.22394281795550486,5.0
4.01,0.2231056490852428,5.0
4.0200000000000005,0.222273683248625,5.0
4.03,0.22144687528608148,5.0
4.04,0.22062518054074529,5.0
4.05,0.21980855485162992,5.0
4.0600000000000005,0.21899695454691637,5.0
4.07,0.21819033643734637,5.0
4.08,0.2173886578097214,5.0
4.09,0.21659187642050473,5.0
4.1,0.21579995048952522,5.0
4.11,0.2150128386937799,5.0
4.12,0.2142305001613353,5.0
4.13,0.21345289446532348,5.0
4.14,0.21267998161803325,5.0
4.15,0.21191172206509362,5.0
4.16,0.21114807667974778,5.0
4.17,0.21038900675721653,5.0
4.18,0.20963447400914934,5.0
4.19,0.20888444055816122,5.0
4.2,0.20813886893245456,5.0
4.21,0.20739772206052334,5.0
4.22,0.20666096326593922,5.0
4.23,0.20592855626221757,5.0
4.24,0.20520046514776263,5.0
4.25,0.20447665440088889,5.0
4.26,0.20375708887491953,5.0
4.2700000000000005,0.20304173379335863,5.0
4.28,0.20233055474513734,5.0
4.29,0.20162351767993122,5.0
4.3,0.2009205889035489,5.0
4.3100000000000005,0.20022173507339017,5.0
4.32,0.19952692319397236,5.0
4.33,0.19883612061252368,5.0
4.34,0.19814929501464246,5.0
4.3500000000000005,0.19746641442002155,5.0
4.36,0.1967874471782365,5.0
4.37,0.19611236196459553,5.0
4.38,0.195441127776052,5.0
4.39,0.1947737139271769,5.0
4.4,0.19411009004619087,5.0
4.41,0.19345022607105483,5.0
4.42,0.19279409224561767,5.0
4.43,0.19214165911582085,5.0
4.44,0.19149289752595833,5.0
4.45,0.1908477786149913,5.0
4.46,0.19020627381291622,5.0
4.47,0.18956835483718584,5.0
4.48,0.18893399368918237,5.0
4.49,0.1883031626507413,5.0
4.5,0.18767583428072535,5.0
4.51,0.18705198141164847,5.0
4.5200000000000005,0.18643157714634723,5.0
4.53,0.18581459485470117,5.0
4.54,0.185201008170399,5.0
4.55,0.18459079098775177,5.0
4.5600000000000005,0.18398391745855092,5.0
4.57,0.18338036198897145,5.0
4.58,0.18278009923651847,5.0
4.59,0.18218310410701738,5.0
4.6000000000000005,0.18158935175164656,5.0
4.61,0.18099881756401165,5.0
4.62,0.180411477177261,5.0
4.63,0.17982730646124184,5.0
4.64,0.17924628151969588,5.0
4.65,0.17866837868749455,5.0
4.66,0.17809357452791244,5.0
4.67,0.1775218458299387,5.0
4.68,0.17695316960562585,5.0
4.69,0.1763875230874753,5.0
4.7,0.17582488372585922,5.0
4.71,0.17526522918647744,5.0
4.72,0.17470853734784977,5.0
4.73,0.17415478629884265,5.0
4.74,0.17360395433622988,5.0
4.75,0.1730560199622864,5.0
4.76,0.17251096188241485,5.0
4.7700000000000005,0.17196875900280506,5.0
4.78,0.17142939042812466,5.0
4.79,0.17089283545924147,5.0
4.8,0.17035907359097638,5.0
4.8100000000000005,0.16982808450988673,5.0
4.82,0.16929984809208,5.0
4.83,0.16877434440105596,5.0
4.84,0.16825155368557843,5.0
4.8500000000000005,0.1677314563775757,5.0
4.86,0.1672140330900685,5.0
4.87,0.166699264615126,5.0
4.88,0.16618713192184878,5.0
4.89,0.1656776161543787,5.0
4.9,0.16517069862993522,5.0
4.91,0.1646663608368777,5.0
4.92,0.164164584432793,5.0
4.93,0.16366535124260875,5.0
4.94,0.1631686432567309,5.0
4.95,0.16267444262920647,5.0
4.96,0.16218273167590938,5.0
4.97,0.1616934928727508,5.0
4.98,0.1612067088539125,5.0
4.99,0.16072236241010338,5.0
5.0,0.16024043648683822,5.0
5.01,0.15976091418273933,5.0
5.0200000000000005,0.15928377874785984,5.0
5.03,0.15880901358202887,5.0
5.04,0.1583366022332175,5.0
5.05,0.15786652839592646,5.0
5.0600000000000005,0.15739877590959417,5.0
5.07,0.15693332875702518,5.0
5.08,0.1564701710628386,5.0
5.09,0.15600928709193676,5.0
5.1000000000000005,0.1555506612479928,5.0
5.11,0.15509427807195808,5.0
5.12,0.15464012224058796,5.0
5.13,0.1541881785649866,5.0
5.14,0.1537384319891702,5.0
5.15,0.1532908675886481,5.0
5.16,0.15284547056902206,5.0
5.17,0.15240222626460267,5.0
5.18,0.15196112013704377,5.0
5.19,0.1515221377739932,5.0
5.2,0.15108526488776133,5.0
5.21,0.15065048731400513,5.0
5.22,0.15021779101042954,5.0
5.23,0.14978716205550438,5.0
5.24,0.14935858664719767,5.0
5.25,0.148932051101724,5.0
5.26,0.1485075418523089,5.0
5.2700000000000005,0.14808504544796822,5.0
5.28,0.1476645485523025,5.0
5.29,0.14724603794230617,5.0
5.3,0.1468295005071916,5.0
5.3100000000000005,0.14641492324722694,5.0
5.32,0.14600229327258898,5.0
5.33,0.1455915978022292,5.0
5.34,0.14518282416275388,5.0
5.3500000000000005,0.1447759597873183,5.0
5.36,0.14437099221453367,5.0
5.37,0.14396790908738746,5.0
5.38,0.14356669815217704,5.0
5.39,0.1431673472574559,5.0
5.4,0.14276984435299253,5.0
5.41,0.1423741774887423,5.0
5.42,0.14198033481383066,5.0
5.43,0.14158830457554974,5.0
5.44,0.14119807511836585,5.0
5.45,0.14080963488293954,5.0
5.46,0.14042297240515692,5.0
5.47,0.14003807631517265,5.0
5.48,0.13965493533646434,5.0
5.49,0.1392735382848979,5.0
5.5,0.13889387406780423,5.0
5.51,0.13851593168306642,5.0
5.5200000000000005,0.13813970021821817,5.0
5.53,0.13776516884955242,5.0
5.54,0.13739232684124061,5.0
5.55,0.13702116354446214,5.0
5.5600000000000005,0.13665166839654405,5.0
5.57,0.13628383092011098,5.0
5.58,0.13591764072224452,5.0
5.59,0.13555308749365266,5.0
5.6000000000000005,0.13519016100784897,5.0
5.61,0.13482885112034115,5.0
5.62,0.13446914776782865,5.0
5.63,0.13411104096741028,5.0
5.64,0.13375452081580014,5.0
5.65,0.1333995774885532,5.0
5.66,0.13304620123929944,5.0
5.67,0.13269438239898682,5.0
5.68,0.13234411137513294,5.0
5.69,0.1319953786510852,5.0
5.7,0.1316481747852897,5.0
5.71,0.13130249041056763,5.0
5.72,0.130958316233401,5.0
5.73,0.13061564303322562,5.0
5.74,0.13027446166173243,5.0
5.75,0.12993476304217674,5.0
5.76,0.12959653816869496,5.0
5.7700000000000005,0.12925977810562952,5.0
5.78,0.12892447398686102,5.0
5.79,0.12859061701514782,5.0
5.8,0.12825819846147338,5.0
5.8100000000000005,0.12792720966440052,5.0
5.82,0.12759764202943327,5.0
5.83,0.12726948702838536,5.0
5.84,0.12694273619875612,5.0
5.8500000000000005,0.12661738114311327,5.0
5.86,0.12629341352848233,5.0
5.87,0.125970825085743,5.0
5.88,0.12564960760903218,5.0
5.89,0.12532975295515336,5.0
5.9,0.1250112530429929,5.0
5.91,0.12469409985294244,5.0
5.92,0.12437828542632767,5.0
5.93,0.1240638018648434,5.0
5.94,0.12375064132999496,5.0
5.95,0.12343879604254547,5.0
5.96,0.12312825828196922,5.0
5.97,0.12281902038591096,5.0
5.98,0.12251107474965121,5.0
5.99,0.12220441382557728,5.0
6.0,0.12189903012265996,5.0
6.01,0.12159491620593582,5.0
6.0200000000000005,0.12129206469599534,5.0
6.03,0.1209904682684765,5.0
6.04,0.12069011965356335,5.0
6.05,0.12039101163549078,5.0
6.0600000000000005,0.12009313705205384,5.0
6.07,0.11979648879412284,5.0
6.08,0.11950105980516333,5.0
6.09,0.11920684308076124,5.0
6.1000000000000005,0.1189138316681533,5.0
6.11,0.11862201866576218,5.0
6.12,0.11833139722273661,5.0
6.13,0.11804196053849664,5.0
6.140000000000001,0.11775370186228325,5.0
6.15,0.11746661449271324,5.0
6.16,0.11718069177733836,5.0
6.17,0.1168959271122094,5.0
6.18,0.11661231394144463,5.0
6.19,0.11632984575680291,5.0
6.2,0.11604851609726136,5.0
6.21,0.11576831854859719,5.0
6.22,0.11548924674297406,5.0
6.23,0.11521129435853279,5.0
6.24,0.11493445511898626,5.0
6.25,0.11465872279321851,5.0
6.26,0.114384091194888,5.0
6.2700000000000005,0.11411055418203508,5.0
6.28,0.11383810565669347,5.0
6.29,0.11356673956450561,5.0
6.3,0.11329644989434218,5.0
6.3100000000000005,0.11302723067792543,5.0
6.32,0.11275907598945656,5.0
6.33,0.1124919799452465,5.0
6.34,0.11222593670335092,5.0
6.3500000000000005,0.11196094046320883,5.0
6.36,0.1116969854652848,5.0
6.37,0.11143406599071479,5.0
6.38,0.11117217636095587,5.0
6.390000000000001,0.11091131093743904,5.0
6.4,0.11065146412122615,5.0
6.41,0.11039263035266968,5.0
6.42,0.1101348041110765,5.0
6.43,0.10987797991437469,5.0
6.44,0.10962215231878378,5.0
6.45,0.10936731591848857,5.0
6.46,0.10911346534531575,5.0
6.47,0.10886059526841417,5.0
6.48,0.10860870039393829,5.0
6.49,0.10835777546473449,5.0
6.5,0.10810781526003088,5.0
6.51,0.10785881459512989,5.0
6.5200000000000005,0.10761076832110428,5.0
6.53,0.10736367132449577,5.0
6.54,0.10711751852701705,5.0
6.55,0.10687230488525647,5.0
6.5600000000000005,0.10662802539038559,5.0
6.57,0.1063846750678702,5.0
6.58,0.10614224897718333,5.0
6.59,0.10590074221152182,5.0
6.6000000000000005,0.10566014989752527,5.0
6.61,0.10542046719499791,5.0
6.62,0.10518168929663319,5.0
6.63,0.10494381142774095,5.0
6.640000000000001,0.10470682884597751,5.0
6.65,0.10447073684107816,5.0
6.66,0.10423553073459225,5.0
6.67,0.10400120587962117,5.0
6.68,0.10376775766055839,5.0
6.69,0.10353518149283263,5.0
6.7,0.10330347282265288,5.0
6.71,0.10307262712675634,5.0
6.72,0.10284263991215867,5.0
6.73,0.10261350671590658,5.0
6.74,0.10238522310483288,5.0
6.75,0.10215778467531386,5.0
6.76,0.10193118705302907,5.0
6.7700000000000005,0.10170542589272327,5.0
6.78,0.10148049687797074,5.0
6.79,0.1012563957209419,5.0
6.8,0.10103311816217209,5.0
6.8100000000000005,0.10081065997033241,5.0
6.82,0.1005890169420033,5.0
6.83,0.10036818490144934,5.0
6.84,0.10014815970039723,5.0
6.8500000000000005,0.09992893721781496,5.0
6.86,0.09971051335969379,5.0
6.87,0.09949288405883186,5.0
6.88,0.09927604527461989,5.0
6.890000000000001,0.09905999299282915,5.0
6.9,0.09884472322540107,5.0
6.91,0.09863023201023924,5.0
6.92,0.09841651541100288,5.0
6.93,0.09820356951690275,5.0
6.94,0.09799139044249847,5.0
6.95,0.09777997432749833,5.0
6.96,0.09756931733656023,5.0
6.97,0.09735941565909517,5.0
6.98,0.09715026550907219,5.0
6.99,0.09694186312482511,5.0
7.0,0.09673420476886138,5.0
7.01,0.09652728672767225,5.0
7.0200000000000005,0.09632110531154499,5.0
7.03,0.09611565685437694,5.0
7.04,0.09591093771349093,5.0
7.05,0.09570694426945273,5.0
7.0600000000000005,0.09550367292588981,5.0
7.07,0.09530112010931244,5.0
7.08,0.09509928226893549,5.0
7.09,0.09489815587650272,5.0
7.1000000000000005,0.09469773742611212,5.0
7.11,0.0944980234340432,5.0
7.12,0.09429901043858556,5.0
7.13,0.09410069499986928,5.0
7.140000000000001,0.09390307369969665,5.0
7.15,0.09370614314137561,5.0
7.16,0.09350989994955455,5.0
7.17,0.09331434077005872,5.0
7.18,0.09311946226972788,5.0
7.19,0.09292526113625592,5.0
7.2,0.09273173407803137,5.0
7.21,0.09253887782397972,5.0
7.22,0.09234668912340693,5.0
7.23,0.09215516474584451,5.0
7.24,0.09196430148089589,5.0
7.25,0.09177409613808428,5.0
7.26,0.09158454554670169,5.0
7.27,0.09139564655565952,5.0
7.28,0.09120739603334031,5.0
7.29,0.09101979086745106,5.0
7.3,0.09083282796487743,5.0
7.31,0.09064650425153968,5.0
7.32,0.09046081667224964,5.0
7.33,0.09027576219056901,5.0
7.34,0.09009133778866892,5.0
7.35,0.08990754046719066,5.0
7.36,0.08972436724510777,5.0
7.37,0.08954181515958935,5.0
7.38,0.08935988126586432,5.0
7.390000000000001,0.08917856263708718,5.0
7.4,0.0889978563642048,5.0
7.41,0.08881775955582445,5.0
7.42,0.08863826933808275,5.0
7.43,0.08845938285451624,5.0
7.44,0.08828109726593254,5.0
7.45,0.08810340975028308,5.0
7.46,0.0879263175025366,5.0
7.47,0.087749817734554,5.0
7.48,0.08757390767496404,5.0
7.49,0.0873985845690405,5.0
7.5,0.0872238456785799,5.0
7.51,0.08704968828178063,5.0
7.52,0.08687610967312306,5.0
7.53,0.08670310716325065,5.0
7.54,0.08653067807885208,5.0
7.55,0.08635881976254432,5.0
7.56,0.08618752957275695,5.0
7.57,0.08601680488361715,5.0
7.58,0.08584664308483599,5.0
7.59,0.08567704158159531,5.0
7.6,0.08550799779443616,5.0
7.61,0.08533950915914743,5.0
7.62,0.08517157312665607,5.0
7.63,0.08500418716291806,5.0
7.640000000000001,0.08483734874880998,5.0
7.65,0.08467105538002205,5.0
7.66,0.08450530456695163,5.0
7.67,0.08434009383459785,5.0
7.68,0.0841754207224571,5.0
7.69,0.08401128278441936,5.0
7.7,0.08384767758866538,5.0
7.71,0.0836846027175648,5.0
7.72,0.08352205576757513,5.0
7.73,0.08336003434914147,5.0
7.74,0.08319853608659726,5.0
7.75,0.08303755861806561,5.0
7.76,0.08287709959536167,5.0
7.77,0.08271715668389577,5.0
7.78,0.08255772756257729,5.0
7.79,0.08239880992371942,5.0
7.8,0.08224040147294465,5.0
7.81,0.082082499929091,5.0
7.82,0.08192510302411932,5.0
7.83,0.08176820850302091,5.0
7.84,0.08161181412372628,5.0
7.85,0.0814559176570144,5.0
7.86,0.08130051688642294,5.0
7.87,0.08114560960815911,5.0
7.88,0.08099119363101119,5.0
7.890000000000001,0.08083726677626092,5.0
7.9,0.08068382687759655,5.0
7.91,0.08053087178102655,5.0
7.92,0.08037839934479413,5.0
7.930000000000001,0.08022640743929231,5.0
7.94,0.08007489394698007,5.0
7.95,0.07992385676229849,5.0
7.96,0.0797732937915883,5.0
7.97,0.07962320295300765,5.0
7.98,0.0794735821764507,5.0
7.99,0.07932442940346697,5.0
8.0,0.079175742587181,5.0
8.01,0.0790275196922132,5.0
8.02,0.07887975869460073,5.0
8.03,0.07873245758171953,5.0
8.040000000000001,0.07858561435220673,5.0
8.05,0.07843922701588375,5.0
8.06,0.07829329359367995,5.0
8.07,0.07814781211755695,5.0
8.08,0.07800278063043366,5.0
8.09,0.07785819718611163,5.0
8.1,0.07771405984920136,5.0
8.11,0.07757036669504895,5.0
8.120000000000001,0.07742711580966334,5.0
8.13,0.07728430528964435,5.0
8.14,0.07714193324211094,5.0
8.15,0.07699999778463043,5.0
8.16,0.07685849704514797,5.0
8.17,0.07671742916191678,5.0
8.18,0.0765767922834288,5.0
8.19,0.07643658456834602,5.0
8.2,0.07629680418543226,5.0
8.21,0.0761574493134854,5.0
8.22,0.07601851814127054,5.0
8.23,0.07588000886745311,5.0
8.24,0.07574191970053297,5.0
8.25,0.07560424885877887,5.0
8.26,0.07546699457016334,5.0
8.27,0.07533015507229827,5.0
8.28,0.07519372861237081,5.0
8.290000000000001,0.0750577134470799,5.0
8.3,0.07492210784257332,5.0
8.31,0.07478691007438507,5.0
8.32,0.07465211842737339,5.0
8.33,0.0745177311956592,5.0
8.34,0.07438374668256509,5.0
8.35,0.07425016320055461,5.0
8.36,0.07411697907117226,5.0
8.370000000000001,0.07398419262498379,5.0
8.38,0.07385180220151703,5.0
8.39,0.07371980614920313,5.0
8.4,0.07358820282531833,5.0
8.41,0.073456990595926,5.0
8.42,0.07332616783581944,5.0
8.43,0.07319573292846485,5.0
8.44,0.07306568426594481,5.0
8.45,0.07293602024890225,5.0
8.46,0.07280673928648478,5.0
8.47,0.07267783979628954,5.0
8.48,0.07254932020430838,5.0
8.49,0.07242117894487346,5.0
8.5,0.07229341446060332,5.0
8.51,0.0721660252023494,5.0
8.52,0.07203900962914282,5.0
8.53,0.07191236620814172,5.0
8.540000000000001,0.07178609341457884,5.0
8.55,0.0716601897317098,5.0
8.56,0.07153465365076131,5.0
8.57,0.0714094836708802,5.0
8.58,0.07128467829908255,5.0
8.59,0.07116023605020348,5.0
8.6,0.07103615544684701,5.0
8.61,0.07091243501933646,5.0
8.620000000000001,0.07078907330566528,5.0
8.63,0.07066606885144822,5.0
8.64,0.07054342020987264,5.0
8.65,0.07042112594165059,5.0
8.66,0.07029918461497087,5.0
8.67,0.07017759480545172,5.0
8.68,0.07005635509609372,5.0
8.69,0.06993546407723303,5.0
8.700000000000001,0.06981492034649514,5.0
8.71,0.0696947225087488,5.0
8.72,0.06957486917606029,5.0
8.73,0.06945535896764811,5.0
8.74,0.06933619050983812,5.0
8.75,0.06921736243601868,5.0
8.76,0.06909887338659644,5.0
8.77,0.06898072200895229,5.0
8.78,0.06886290695739776,5.0
8.790000000000001,0.06874542689313148,5.0
8.8,0.06862828048419647,5.0
8.81,0.06851146640543707,5.0
8.82,0.06839498333845677,5.0
8.83,0.06827882997157603,5.0
8.84,0.06816300499979053,5.0
8.85,0.06804750712472968,5.0
8.86,0.06793233505461548,5.0
8.870000000000001,0.06781748750422159,5.0
8.88,0.06770296319483289,5.0
8.89,0.06758876085420505,5.0
8.9,0.06747487921652466,5.0
8.91,0.0673613170223695,5.0
8.92,0.06724807301866914,5.0
8.93,0.06713514595866589,5.0
8.94,0.06702253460187589,5.0
8.950000000000001,0.0669102377140506,5.0
8.96,0.06679825406713862,5.0
8.97,0.06668658243924752,5.0
8.98,0.0665752216146063,5.0
8.99,0.06646417038352784,5.0
9.0,0.06635342754237182,5.0
9.01,0.06624299189350774,5.0
9.02,0.06613286224527834,5.0
9.03,0.06602303741196318,5.0
9.04,0.06591351621374257,5.0
9.05,0.06580429747666171,5.0
9.06,0.06569538003259508,5.0
9.07,0.06558676271921113,5.0
9.08,0.06547844437993716,5.0
9.09,0.06537042386392451,5.0
9.1,0.06526270002601396,5.0
9.11,0.0651552717267014,5.0
9.12,0.06504813783210371,5.0
9.13,0.06494129721392497,5.0
9.14,0.06483474874942276,5.0
9.15,0.06472849132137488,5.0
9.16,0.06462252381804615,5.0
9.17,0.0645168451331555,5.0
9.18,0.06441145416584339,5.0
9.19,0.06430634982063922,5.0
9.2,0.0642015310074293,5.0
9.21,0.06409699664142472,5.0
9.22,0.0639927456431297,5.0
9.23,0.06388877693831002,5.0
9.24,0.06378508945796166,5.0
9.25,0.06368168213827977,5.0
9.26,0.06357855392062776,5.0
9.27,0.06347570375150675,5.0
9.28,0.06337313058252494,5.0
9.29,0.06327083337036757,5.0
9.3,0.06316881107676671,5.0
9.31,0.06306706266847172,5.0
9.32,0.06296558711721933,5.0
9.33,0.06286438339970456,5.0
9.34,0.06276345049755125,5.0
9.35,0.06266278739728327,5.0
9.36,0.06256239309029565,5.0
9.37,0.062462266572826046,5.0
9.38,0.06236240684592625,5.0
9.39,0.062262812915434174,5.0
9.4,0.06216348379194566,5.0
9.41,0.0620644184907868,5.0
9.42,0.06196561603198631,5.0
9.43,0.06186707544024806,5.0
9.44,0.06176879574492388,5.0
9.45,0.06167077597998654,5.0
9.46,0.06157301518400283,5.0
9.47,0.06147551240010696,5.0
9.48,0.06137826667597396,5.0
9.49,0.06128127706379348,5.0
9.5,0.061184542620243615,5.0
9.51,0.06108806240646495,5.0
9.52,0.06099183548803479,5.0
9.53,0.06089586093494152,5.0
9.54,0.060800137821559304,5.0
9.55,0.06070466522662268,5.0
9.56,0.060609442233201576,5.0
9.57,0.06051446792867642,5.0
9.58,0.06041974140471327,5.0
9.59,0.06032526175723938,5.0
9.6,0.06023102808641873,5.0
9.61,0.06013703949662782,5.0
9.62,0.06004329509643152,5.0
9.63,0.05994979399855922,5.0
9.64,0.05985653531988109,5.0
9.65,0.05976351818138443,5.0
9.66,0.05967074170815025,5.0
9.67,0.059578205029330006,5.0
9.68,0.05948590727812249,5.0
9.69,0.05939384759175083,5.0
9.7,0.05930202511143969,5.0
9.71,0.05921043898239263,5.0
9.72,0.0591190883537696,5.0
9.73,0.059027972378664514,5.0
9.74,0.05893709021408315,5.0
9.75,0.058846441020920966,5.0
9.76,0.05875602396394131,5.0
9.77,0.05866583821175356,5.0
9.78,0.058575882936791536,5.0
9.79,0.058486157315292026,5.0
9.8,0.058396660527273395,5.0
9.81,0.058307391756514525,5.0
9.82,0.058218350190533584,5.0
9.83,0.05812953502056721,5.0
9.84,0.05804094544154974,5.0
9.85,0.0579525806520925,5.0
9.86,0.05786443985446338,5.0
9.87,0.057776522254566406,5.0
9.88,0.057688827061921515,5.0
9.89,0.05760135348964449,5.0
9.9,0.05751410075442694,5.0
9.91,0.05742706807651644,5.0
9.92,0.057340254679696896,5.0
9.93,0.05725365979126894,5.0
9.94,0.057167282642030394,5.0
9.95,0.057081122466257087,5.0
9.96,0.0569951785016835,5.0
9.97,0.056909449989483836,5.0
9.98,0.056823936174252986,5.0
9.99,0.05673863630398766,5.0
10.0,0.05665354963006779,5.0
10.01,0.05656867540723788,5.0
10.02,0.05648401289358852,5.0
10.03,0.05639956135053816,5.0
10.04,0.056315320042814705,5.0
10.05,0.05623128823843755,5.0
10.06,0.056147465208699565,5.0
10.07,0.05606385022814916,5.0
10.08,0.055980442574572555,5.0
10.09,0.0558972415289762,5.0
10.1,0.05581424637556913,5.0
10.11,0.055731456401745635,5.0
10.12,0.05564887089806792,5.0
10.13,0.0555664891582489,5.0
10.14,0.05548431047913515,5.0
10.15,0.055402334160689896,5.0
10.16,0.05532055950597615,5.0
10.17,0.05523898582113993,5.0
10.18,0.0551576124153937,5.0
10.19,0.05507643860099972,5.0
10.2,0.054995463693253636,5.0
10.21,0.05491468701046814,5.0
10.22,0.05483410787395681,5.0
10.23,0.054753725608017854,5.0
10.24,0.05467353953991819,5.0
10.25,0.05459354899987742,5.0
10.26,0.05451375332105213,5.0
10.27,0.05443415183952007,5.0
10.28,0.054354743894264534,5.0
10.29,0.0542755288271589,5.0
10.3,0.054196505982951115,5.0
10.31,0.05411767470924844,5.0
10.32,0.054039034356502175,5.0
10.33,0.05396058427799253,5.0
10.34,0.05388232382981356,5.0
10.35,0.05380425237085825,5.0
10.36,0.053726369262803636,5.0
10.37,0.05364867387009605,5.0
10.38,0.05357116555993647,5.0
10.39,0.053493843702265904,5.0
10.4,0.05341670766975091,5.0
10.41,0.05333975683776924,5.0
10.42,0.05326299058439548,5.0
10.43,0.05318640829038687,5.0
10.44,0.05311000933916916,5.0
10.45,0.053033793116822533,5.0
10.46,0.052957759012067736,5.0
10.47,0.052881906416252136,5.0
10.48,0.052806234723335996,5.0
10.49,0.052730743329878704,5.0
10.5,0.05265543163502523,5.0
10.51,0.052580299040492585,5.0
10.52,0.05250534495055633,5.0
10.53,0.05243056877203728,5.0
10.54,0.05235596991428822,5.0
10.55,0.0522815477891806,5.0
10.56,0.05220730181109162,5.0
10.57,0.05213323139689103,5.0
10.58,0.052059335965928176,5.0
10.59,0.051985614940019256,5.0
10.6,0.0519120677434344,5.0
10.61,0.051838693802884986,5.0
10.62,0.05176549254751104,5.0
10.63,0.051692463408868614,5.0
10.64,0.05161960582091737,5.0
10.65,0.05154691922000808,5.0
10.66,0.05147440304487035,5.0
10.67,0.05140205673660037,5.0
10.68,0.05132987973864871,5.0
10.69,0.05125787149680819,5.0
10.7,0.05118603145920186,5.0
10.71,0.05111435907627106,5.0
10.72,0.05104285380076351,5.0
10.73,0.05097151508772148,5.0
10.74,0.05090034239447003,5.0
10.75,0.05082933518060539,5.0
10.76,0.05075849290798329,5.0
10.77,0.05068781504070746,5.0
10.78,0.05061730104511816,5.0
10.79,0.05054695038978078,5.0
10.8,0.050476762545474466,5.0
10.81,0.050406736985180986,5.0
10.82,0.05033687318407337,5.0
10.83,0.05026717061950492,5.0
10.84,0.05019762877099806,5.0
10.85,0.050128247120233387,5.0
10.86,0.05005902515103875,5.0
10.87,0.04998996234937836,5.0
10.88,0.049921058203342014,5.0
10.89,0.04985231220313434,5.0
10.9,0.04978372384106417,5.0
10.91,0.04971529261153391,5.0
10.92,0.049647018011028936,5.0
10.93,0.04957889953810724,5.0
10.94,0.049510936693388914,5.0
10.95,0.04944312897954584,5.0
10.96,0.04937547590129136,5.0
10.97,0.04930797696537011,5.0
10.98,0.04924063168054778,5.0
10.99,0.049173439557601006,5.0
11.0,0.04910640010930736,5.0
11.01,0.04903951285043534,5.0
11.02,0.0489727772977344,5.0
11.03,0.048906192969925155,5.0
11.04,0.04883975938768943,5.0
11.05,0.048773476073660685,5.0
11.06,0.04870734255241413,5.0
11.07,0.04864135835045718,5.0
11.08,0.04857552299621987,5.0
11.09,0.048509836020045285,5.0
11.1,0.048444296954180066,5.0
11.11,0.04837890533276505,5.0
11.12,0.048313660691825876,5.0
11.13,0.04824856256926363,5.0
11.14,0.04818361050484568,5.0
11.15,0.04811880404019638,5.0
11.16,0.04805414271878797,5.0
11.17,0.04798962608593146,5.0
11.18,0.047925253688767586,5.0
11.19,0.047861025076257876,5.0
11.2,0.04779693979917562,5.0
11.21,0.047732997410097,5.0
11.22,0.04766919746339233,5.0
11.23,0.047605539515217205,5.0
11.24,0.04754202312350378,5.0
11.25,0.04747864784795206,5.0
11.26,0.04741541325002134,5.0
11.27,0.047352318892921554,5.0
11.28,0.047289364341604745,5.0
11.29,0.04722654916275665,5.0
11.3,0.04716387292478813,5.0
11.31,0.04710133519782697,5.0
11.32,0.04703893555370934,5.0
11.33,0.046976673565971634,5.0
11.34,0.046914548809842214,5.0
11.35,0.04685256086223314,5.0
11.36,0.046790709301732104,5.0
11.37,0.046728993708594256,5.0
11.38,0.04666741366473421,5.0
11.39,0.046605968753717995,5.0
11.4,0.04654465856075509,5.0
11.41,0.046483482672690535,5.0
11.42,0.046422440677997,5.0
11.43,0.046361532166767,5.0
11.44,0.04630075673070509,5.0
11.45,0.046240113963120145,5.0
11.46,0.046179603458917626,5.0
11.47,0.046119224814591984,5.0
11.48,0.046058977628218964,5.0
11.49,0.04599886149944811,5.0
11.5,0.04593887602949519,5.0
11.51,0.045879020821134764,5.0
11.52,0.04581929547869273,5.0
11.53,0.04575969960803885,5.0
11.54,0.045700232816579554,5.0
11.55,0.0456408947132504,5.0
11.56,0.045581684908509036,5.0
11.57,0.045522603014327805,5.0
11.58,0.04546364864418663,5.0
11.59,0.0454048214130658,5.0
11.6,0.04534612093743892,5.0
11.61,0.0452875468352658,5.0
11.62,0.045229098725985434,5.0
11.63,0.04517077623050901,5.0
11.64,0.04511257897121295,5.0
11.65,0.045054506571931996,5.0
11.66,0.044996558657952324,5.0
11.67,0.0449387348560047,5.0
11.68,0.044881034794257736,5.0
11.69,0.044823458102311045,5.0
11.7,0.04476600441118854,5.0
11.71,0.0447086733533318,5.0
11.72,0.044651464562593356,5.0
11.73,0.04459437767423009,5.0
11.74,0.04453741232489667,5.0
11.75,0.044480568152639004,5.0
11.76,0.044423844796887726,5.0
11.77,0.04436724189845177,5.0
11.78,0.04431075909951184,5.0
11.79,0.044254396043614135,5.0
11.8,0.04419815237566385,5.0
11.81,0.04414202774191901,5.0
11.82,0.044086021789984046,5.0
11.83,0.044030134168803546,5.0
11.84,0.04397436452865612,5.0
11.85,0.04391871252114811,5.0
11.86,0.043863177799207516,5.0
11.87,0.04380776001707779,5.0
11.88,0.04375245883031184,5.0
11.89,0.043697273895765894,5.0
11.9,0.043642204871593544,5.0
11.91,0.04358725141723965,5.0
11.92,0.04353241319343456,5.0
11.93,0.043477689862187974,5.0
11.94,0.04342308108678323,5.0
11.95,0.04336858653177134,5.0
11.96,0.04331420586296519,5.0
11.97,0.04325993874743378,5.0
11.98,0.043205784853496396,5.0
11.99,0.043151743850716885,5.0
12.0,0.04309781540989804,5.0
12.01,0.04304399920307577,5.0
12.02,0.042990294903513616,5.0
12.03,0.04293670218569704,5.0
12.04,0.04288322072532789,5.0
12.05,0.04282985019931879,5.0
12.06,0.04277659028578776,5.0
12.07,0.04272344066405253,5.0
12.08,0.04267040101462523,5.0
12.09,0.04261747101920689,5.0
12.1,0.04256465036068203,5.0
12.11,0.04251193872311337,5.0
12.12,0.04245933579173635,5.0
12.13,0.04240684125295393,5.0
12.14,0.04235445479433125,5.0
12.15,0.04230217610459038,5.0
12.16,0.04225000487360507,5.0
12.17,0.042197940792395576,5.0
12.18,0.04214598355312348,5.0
12.19,0.04209413284908649,5.0
12.2,0.04204238837471341,5.0
12.21,0.04199074982555898,5.0
12.22,0.04193921689829882,5.0
12.23,0.041887789290724405,5.0
12.24,0.04183646670173803,5.0
12.25,0.04178524883134785,5.0
12.26,0.0417341353806629,5.0
12.27,0.041683126051888196,5.0
12.28,0.04163222054831975,5.0
12.29,0.04158141857433976,5.0
12.3,0.041530719835411754,5.0
12.31,0.04148012403807573,5.0
12.32,0.041429630889943336,5.0
12.33,0.04137924009969313,5.0
12.34,0.041328951377065826,5.0
12.35,0.04127876443285952,5.0
12.36,0.04122867897892503,5.0
12.37,0.04117869472816119,5.0
12.38,0.041128811394510224,5.0
12.39,0.04107902869295308,5.0
12.4,0.04102934633950486,5.0
12.41,0.0409797640512102,5.0
12.42,0.04093028154613872,5.0
12.43,0.040880898543380534,5.0
12.44,0.040831614763041674,5.0
12.45,0.04078242992623966,5.0
12.46,0.04073334375509899,5.0
12.47,0.040684355972746715,5.0
12.48,0.04063546630330804,5.0
12.49,0.04058667447190194,5.0
12.5,0.040537980204636684,5.0
12.51,0.04048938322860566,5.0
12.52,0.04044088327188289,5.0
12.53,0.04039248006351882,5.0
12.54,0.04034417333353598,5.0
12.55,0.04029596281292481,5.0
12.56,0.04024784823363932,5.0
12.57,0.04019982932859292,5.0
12.58,0.04015190583165425,5.0
12.59,0.040104077477642976,5.0
12.6,0.04005634400232563,5.0
12.61,0.04000870514241154,5.0
12.62,0.03996116063554864,5.0
12.63,0.03991371022031944,5.0
12.64,0.03986635363623697,5.0
12.65,0.03981909062374068,5.0
12.66,0.039771920924192454,5.0
12.67,0.03972484427987259,5.0
12.68,0.03967786043397585,5.0
12.69,0.039630969130607444,5.0
12.7,0.03958417011477915,5.0
12.71,0.039537463132405325,5.0
12.72,0.039490847930299056,5.0
12.73,0.03944432425616826,5.0
12.74,0.03939789185861183,5.0
12.75,0.039351550487115756,5.0
12.76,0.03930529989204935,5.0
12.77,0.03925913982466139,5.0
12.78,0.03921307003707643,5.0
12.79,0.0391670902822909,5.0
12.8,0.039121200314169484,5.0
12.81,0.039075399887441326,5.0
12.82,0.03902968875769631,5.0
12.83,0.038984066681381456,5.0
12.84,0.03893853341579713,5.0
12.85,0.038893088719093485,5.0
12.86,0.038847732350266805,5.0
12.87,0.038802464069155856,5.0
12.88,0.038757283636438315,5.0
12.89,0.03871219081362722,5.0
12.9,0.03866718536306736,5.0
12.91,0.03862226704793173,5.0
12.92,0.03857743563221805,5.0
12.93,0.03853269088074525,5.0
12.94,0.03848803255914994,5.0
12.95,0.03844346043388294,5.0
12.96,0.03839897427220591,5.0
12.97,0.038354573842187815,5.0
12.98,0.03831025891270153,5.0
12.99,0.03826602925342047,5.0
13.0,0.03822188463481518,5.0
13.01,0.03817782482814994,5.0
13.02,0.03813384960547946,5.0
13.03,0.03808995873964552,5.0
13.04,0.03804615200427368,5.0
13.05,0.038002429173769885,5.0
13.06,0.037958790023317326,5.0
13.07,0.03791523432887303,5.0
13.08,0.03787176186716471,5.0
13.09,0.037828372415687435,5.0
13.1,0.03778506575270051,5.0
13.11,0.03774184165722419,5.0
13.12,0.037698699909036515,5.0
13.13,0.03765564028867015,5.0
13.14,0.03761266257740922,5.0
13.15,0.037569766557286166,5.0
13.16,0.03752695201107861,5.0
13.17,0.03748421872230624,5.0
13.18,0.03744156647522777,5.0
13.19,0.03739899505483776,5.0
13.2,0.03735650424686361,5.0
13.21,0.037314093837762546,5.0
13.22,0.037271763614718505,5.0
13.23,0.037229513365639164,5.0
13.24,0.037187342879152915,5.0
13.25,0.03714525194460589,5.0
13.26,0.03710324035205897,5.0
13.27,0.037061307892284824,5.0
13.28,0.037019454356764965,5.0
13.29,0.03697767953768683,5.0
13.3,0.036935983227940825,5.0
13.31,0.03689436522111748,5.0
13.32,0.036852825311504495,5.0
13.33,0.03681136329408389,5.0
13.34,0.036769978964529174,5.0
13.35,0.03672867211920245,5.0
13.36,0.036687442555151585,5.0
13.37,0.03664629007010742,5.0
13.38,0.036605214462480946,5.0
13.39,0.03656421553136051,5.0
13.4,0.036523293076509034,5.0
13.41,0.03648244689836125,5.0
13.42,0.036441676798020954,5.0
13.43,0.03640098257725825,5.0
13.44,0.03636036403850684,5.0
13.45,0.03631982098486133,5.0
13.46,0.03627935322007443,5.0
13.47,0.03623896054855445,5.0
13.48,0.03619864277536245,5.0
13.49,0.03615839970620965,5.0
13.5,0.0361182311474548,5.0
13.51,0.03607813690610151,5.0
13.52,0.03603811678979564,5.0
13.53,0.035998170606822706,5.0
13.54,0.035958298166105254,5.0
13.55,0.03591849927720028,5.0
13.56,0.03587877375029669,5.0
13.57,0.03583912139621269,5.0
13.58,0.03579954202639327,5.0
13.59,0.03576003545290766,5.0
13.6,0.03572060148844681,5.0
13.61,0.03568123994632086,5.0
13.62,0.03564195064045665,5.0
13.63,0.03560273338539527,5.0
13.64,0.035563587996289524,5.0
13.65,0.03552451428890147,5.0
13.66,0.035485512079600046,5.0
13.67,0.035446581185358504,5.0
13.68,0.03540772142375209,5.0
13.69,0.03536893261295558,5.0
13.7,0.03533021457174087,5.0
13.71,0.03529156711947456,5.0
13.72,0.03525299007611566,5.0
13.73,0.03521448326221312,5.0
13.74,0.03517604649890348,5.0
13.75,0.035137679607908597,5.0
13.76,0.035099382411533216,5.0
13.77,0.0350611547326627,5.0
13.78,0.03502299639476068,5.0
13.79,0.03498490722186678,5.0
13.8,0.03494688703859426,5.0
13.81,0.034908935670127844,5.0
13.82,0.03487105294222132,5.0
13.83,0.034833238681195366,5.0
13.84,0.03479549271393525,5.0
13.85,0.034757814867888606,5.0
13.86,0.03472020497106323,5.0
13.87,0.03468266285202478,5.0
13.88,0.03464518833989466,5.0
13.89,0.03460778126434776,5.0
13.9,0.03457044145561029,5.0
13.91,0.03453316874445759,5.0
13.92,0.034495962962211954,5.0
13.93,0.03445882394074049,5.0
13.94,0.03442175151245296,5.0
13.95,0.03438474551029966,5.0
13.96,0.034347805767769246,5.0
13.97,0.034310932118886646,5.0
13.98,0.034274124398210974,5.0
13.99,0.034237382440833374,5.0
14.0,0.03420070608237497,5.0
14.01,0.034164095158984775,5.0
14.02,0.03412754950733763,5.0
14.03,0.03409106896463211,5.0
14.04,0.03405465336858853,5.0
14.05,0.03401830255744682,5.0
14.06,0.033982016369964604,5.0
14.07,0.03394579464541507,5.0
14.08,0.03390963722358501,5.0
14.09,0.033873543944772835,5.0
14.1,0.033837514649786495,5.0
14.11,0.03380154917994161,5.0
14.12,0.03376564737705939,5.0
14.13,0.033729809083464735,5.0
14.14,0.03369403414198424,5.0
14.15,0.033658322395944254,5.0
14.16,0.03362267368916894,5.0
14.17,0.033587087865978374,5.0
14.18,0.03355156477118655,5.0
14.19,0.03351610425009952,5.0
14.2,0.033480706148513506,5.0
14.21,0.03344537031271293,5.0
14.22,0.03341009658946861,5.0
14.23,0.033374884826035824,5.0
14.24,0.033339734870152446,5.0
14.25,0.033304646570037094,5.0
14.26,0.033269619774387305,5.0
14.27,0.03323465433237763,5.0
14.28,0.03319975009365783,5.0
14.29,0.033164906908351055,5.0
14.3,0.033130124627052,5.0
14.31,0.03309540310082512,5.0
14.32,0.03306074218120282,5.0
14.33,0.033026141720183616,5.0
14.34,0.032991601570230414,5.0
14.35,0.03295712158426868,5.0
14.36,0.03292270161568472,5.0
14.37,0.03288834151832383,5.0
14.38,0.03285404114648864,5.0
14.39,0.03281980035493732,5.0
14.4,0.03278561899888182,5.0
14.41,0.03275149693398617,5.0
14.42,0.03271743401636474,5.0
14.43,0.03268343010258055,5.0
14.44,0.03264948504964352,5.0
14.45,0.0326155987150088,5.0
14.46,0.03258177095657506,5.0
14.47,0.03254800163268282,5.0
14.48,0.03251429060211278,5.0
14.49,0.032480637724084084,5.0
14.5,0.03244704285825277,5.0
14.51,0.03241350586471,5.0
14.52,0.03238002660398049,5.0
14.53,0.03234660493702084,5.0
14.54,0.032313240725217886,5.0
14.55,0.032279933830387096,5.0
14.56,0.032246684114770975,5.0
14.57,0.03221349144103739,5.0
14.58,0.03218035567227802,5.0
14.59,0.03214727667200672,5.0
14.6,0.03211425430415795,5.0
14.61,0.03208128843308522,5.0
14.62,0.03204837892355946,5.0
14.63,0.03201552564076748,5.0
14.64,0.03198272845031041,5.0
14.65,0.03194998721820213,5.0
14.66,0.03191730181086774,5.0
14.67,0.03188467209514201,5.0
14.68,0.03185209793826783,5.0
14.69,0.0318195792078947,5.0
14.7,0.031787115772077226,5.0
14.71,0.03175470749927355,5.0
14.72,0.03172235425834393,5.0
14.73,0.03169005591854913,5.0
14.74,0.031657812349549015,5.0
14.75,0.03162562342140103,5.0
14.76,0.031593489004558696,5.0
14.77,0.03156140896987019,5.0
14.78,0.031529383188576815,5.0
14.79,0.0314974115323116,5.0
14.8,0.03146549387309778,5.0
14.81,0.0314336300833474,5.0
14.82,0.03140182003585987,5.0
14.83,0.03137006360382046,5.0
14.84,0.031338360660798974,5.0
14.85,0.03130671108074823,5.0
14.86,0.03127511473800272,5.0
14.87,0.031243571507277152,5.0
14.88,0.031212081263665037,5.0
14.89,0.031180643882637357,5.0
14.9,0.03114925924004108,5.0
14.91,0.031117927212097832,5.0
14.92,0.031086647675402528,5.0
14.93,0.03105542050692193,5.0
14.94,0.031024245583993346,5.0
14.95,0.030993122784323236,5.0
14.96,0.030962051985985856,5.0
14.97,0.030931033067421926,5.0
14.98,0.03090006590743725,5.0
14.99,0.030869150385201403,5.0
0.0,inf,5.0
0.01,1791.5425436440391,5.0
0.02,633.4059406974483,5.0
0.03,344.78252327918426,5.0
0.04,223.9428179555049,5.0
0.05,160.2404364868382,5.0
0.06,121.89903012265997,5.0
0.07,96.73420476886137,5.0
0.08,79.17574258718103,5.0
0.09,66.35342754237182,5.0
0.1,56.653549630067786,5.0
0.11,49.10640010930736,5.0
0.12,43.09781540989803,5.0
0.13,38.221884634815176,5.0
0.14,34.20070608237497,5.0
0.15,30.83828638024639,5.0
0.16,27.99285224443811,5.0
0.17,25.55958180011111,5.0
0.18,23.459479285090676,5.0
0.19,21.632002495285796,5.0
0.2,20.030054560854776,5.0
0.21,18.616506387715503,5.0
0.22,17.361734258475526,5.0
0.23,16.241845380272093,5.0
0.24,15.237378765332496,5.0
0.25,14.332340349152311,5.0
0.26,13.513476907503858,5.0
0.27,12.769723084414231,5.0
0.28,12.091775596107672,5.0
0.29,11.471762017260536,5.0
0.3,10.902980709822488,5.0
0.31,10.3796948272582,5.0
0.32,9.89696782339763,5.0
0.33,9.45053110734736,5.0
0.34,9.036676807575414,5.0
0.35,8.652170304502336,5.0
0.36,8.294178442796477,5.0
0.37,7.960210267284971,5.0
0.38,7.648067827530453,5.0
0.39,7.35580512761512,5.0
0.4,7.081693703758473,5.0
0.41,6.8241936249846775,5.0
0.42,6.581928954378155,5.0
0.43,6.353666897575673,5.0
0.44,6.13830001366342,5.0
0.45,5.934830980994008,5.0
0.46,5.742359503686897,5.0
0.47,5.560071019079876,5.0
0.48,5.387226926237254,5.0
0.49,5.223156103918482,5.0
0.5,5.067247525579584,5.0
0.51,4.91894381088947,5.0
0.52,4.777735579351897,5.0
0.53,4.643156493075736,5.0
0.54,4.514778893431849,5.0
0.55,4.392209950988574,5.0
0.56,4.275088260296871,5.0
0.5700000000000001,4.163080821254636,5.0
0.58,4.0558803572815965,5.0
0.59,3.9532029276751284,5.0
0.6,3.854785797530799,5.0
0.61,3.760385533692244,5.0
0.62,3.6697762995006014,5.0
0.63,3.5827483247726435,5.0
0.64,3.499106530554764,5.0
0.65,3.418669290864058,5.0
0.66,3.341267315909864,5.0
0.67,3.2667426432488647,5.0
0.68,3.194947725013889,5.0
0.6900000000000001,3.1257446008121237,5.0
0.7000000000000001,3.0590041471472387,5.0
0.71,2.9946053953108547,5.0
0.72,2.9324349106363345,5.0
0.73,2.872386226832495,5.0
0.74,2.8143593298339917,5.0
0.75,2.7582601862334744,5.0
0.76,2.7040003119107245,5.0
0.77,2.6514963769563735,5.0
0.78,2.6006698434117146,5.0
0.79,2.5514466327191663,5.0
0.8,2.503756820106847,5.0
0.81,2.4575343534211784,5.0
0.8200000000000001,2.4127167941783365,5.0
0.8300000000000001,2.3692450788329573,5.0
0.84,2.327063298464438,5.0
0.85,2.2861184952605957,5.0
0.86,2.246360474338126,5.0
0.87,2.207741629581565,5.0
0.88,2.1702167823094407,5.0
0.89,2.1337430316897565,5.0
0.9,2.0982796159284365,5.0
0.91,2.0637877833453424,5.0
0.92,2.0302306725340116,5.0
0.93,1.9975732008745624,5.0
0.94,1.9657819607350895,5.0
0.95,1.934825122756165,5.0
0.96,1.904672345666562,5.0
0.97,1.8752946921264995,5.0
0.98,1.8466645501383327,5.0
0.99,1.8187555596039766,5.0
1.0,1.7915425436440389,5.0
1.01,1.7650014443259623,5.0
1.02,1.739109262477771,5.0
1.03,1.7138440012906824,5.0
1.04,1.6891846134379822,5.0
1.05,1.6651109514596365,5.0
1.06,1.641603721182101,5.0
1.07,1.6186444379610987,5.0
1.08,1.5962153855517789,5.0
1.09,1.574299577425892,5.0
1.1,1.552880720369527,5.0
1.11,1.5319431802076666,5.0
1.12,1.511471949513459,5.0
1.13,1.4914526171707783,5.0
1.14,1.471871339668408,5.0
1.15,1.452714814013173,5.0
1.16,1.433970252157567,5.0
1.17,1.4156253568450068,5.0
1.18,1.3976682987827982,5.0
1.19,1.3800876950593188,5.0
1.2,1.362872588727811,5.0
1.21,1.3460124294846274,5.0
1.22,1.3294970553747902,5.0
1.23,1.313316675462344,5.0
1.24,1.297461853407275,5.0
1.25,1.2819234918947058,5.0
1.26,1.26669281786574,5.0
1.27,1.2517613685027087,5.0
1.28,1.2371209779247037,5.0
1.29,1.2227637645521765,5.0
1.3,1.2086821191020907,5.0
1.31,1.1948686931775814,5.0
1.32,1.18131638841842,5.0
1.33,1.1680183461807119,5.0
1.34,1.1549679377162694,5.0
1.35,1.1421587548239402,5.0
1.36,1.1295846009469268,5.0
1.37,1.1172394826917147,5.0
1.38,1.1051176017457454,5.0
1.39,1.0932133471723526,5.0
1.4,1.081521288062792,5.0
1.41,1.070036166526401,5.0
1.42,1.0587528910010635,5.0
1.43,1.047666529867208,5.0
1.44,1.0367723053495597,5.0
1.45,1.026065587691787,5.0
1.46,1.015541889590049,5.0
1.47,1.0051968608722575,5.0
1.48,0.9950262834106214,5.0
1.49,0.9850260662557537,5.0
1.5,0.9751922409812797,5.0
1.51,0.9655209572285068,5.0
1.52,0.9560084784413067,5.0
1.53,0.9466511777818929,5.0
1.54,0.9374455342187069,5.0
1.55,0.9283881287780908,5.0
1.56,0.91947564095189,5.0
1.57,0.9107048452535478,5.0
1.58,0.9020726079156525,5.0
1.59,0.8935758837222784,5.0
1.6,0.8852117129698092,5.0
1.61,0.8769772185502702,5.0
1.62,0.8688696031515063,5.0
1.63,0.8608861465688343,5.0
1.64,0.8530242031230847,5.0
1.65,0.8452811991802023,5.0
1.66,0.8376546307678203,5.0
1.67,0.8301420612844671,5.0
1.68,0.8227411192972693,5.0
1.69,0.8154494964242326,5.0
1.7,0.8082649452973767,5.0
1.71,0.8011852776031778,5.0
1.72,0.7942083621969591,5.0
1.73,0.787332123288023,5.0
1.74,0.7805545386924818,5.0
1.75,0.773873638150891,5.0
1.76,0.7672875017079275,5.0
1.77,0.7607942581514839,5.0
1.78,0.7543920835086845,5.0
1.79,0.7480791995964367,5.0
1.8,0.741853872624251,5.0
1.81,0.7357144118471671,5.0
1.82,0.7296591682667225,5.0
1.83,0.7236865333779972,5.0
1.84,0.7177949379608621,5.0
1.85,0.7119828509136384,5.0
1.86,0.7062487781274603,5.0
1.87,0.7005912613997123,5.0
1.88,0.6950088773849845,5.0
1.89,0.6895002365820556,5.0
1.9,0.6840639823554893,5.0
1.91,0.67869878999048,5.0
1.92,0.6734033657796568,5.0
1.93,0.668176446140601,5.0
1.94,0.6630167967628934,5.0
1.95,0.6579232117835572,5.0
1.96,0.6528945129898103,5.0
1.97,0.6479295490480895,5.0
1.98,0.643027194758353,5.0
1.99,0.6381863503327064,5.0
2.0,0.633405940697448,5.0
2.01,0.6286849148176541,5.0
2.02,0.6240222450434693,5.0
2.03,0.619416926477307,5.0
2.04,0.6148679763611837,5.0
2.05,0.6103744334834581,5.0
2.06,0.6059353576042638,5.0
2.07,0.6015498288989665,5.0
2.08,0.5972169474189871,5.0
2.09,0.5929358325693781,5.0
2.1,0.5887056226025467,5.0
2.11,0.5845254741275585,5.0
2.12,0.580394561634467,5.0
2.13,0.5763120770331426,5.0
2.14,0.5722772292060905,5.0
2.15,0.5682892435747761,5.0
2.16,0.5643473616789811,5.0
2.17,0.5604508407687497,5.0
2.18,0.5565989534084823,5.0
2.19,0.5527909870927715,5.0
2.2,0.5490262438735718,5.0
2.21,0.5453040399983242,5.0
2.22,0.5416237055586631,5.0
2.23,0.5379845841493531,5.0
2.24,0.5343860325371089,5.0
2.25,0.5308274203389746,5.0
2.26,0.5273081297099406,5.0
2.27,0.5238275550394973,5.0
2.28,0.5203851026568297,5.0
2.29,0.5169801905443692,5.0
2.3000000000000003,0.5136122480594343,5.0
2.31,0.5102807156636933,5.0
2.32,0.5069850446601996,5.0
2.33,0.5037246969377547,5.0
2.34,0.5004991447223652,5.0
2.35,0.4973078703355653,5.0
2.36,0.49415036595939105,5.0
2.37,0.49102613340779167,5.0
2.38,0.4879346839042783,5.0
2.39,0.4848755378656126,5.0
2.4,0.48184822469134986,5.0
2.41,0.4788522825590487,5.0
2.42,0.4758872582249799,5.0
2.43,0.4729527068301568,5.0
2.44,0.4700481917115305,5.0
2.45,0.46717328421818716,5.0
2.46,0.4643275635323979,5.0
2.47,0.4615106164953721,5.0
2.48,0.45872203743757517,5.0
2.49,0.455961428013468,5.0
2.5,0.4532283970405423,5.0
2.51,0.45052256034251764,5.0
2.52,0.44784354059658044,5.0
2.53,0.4451909671845434,5.0
2.54,0.4425644760478092,5.0
2.5500000000000003,0.4399637095460289,5.0
2.56,0.4373883163193455,5.0
2.57,0.4348379511541163,5.0
2.58,0.4323122748520174,5.0
2.59,0.4298109541024291,5.0
2.6,0.42733366135800727,5.0
2.61,0.42488007471335326,5.0
2.62,0.42244987778668797,5.0
2.63,0.42004275960445064,5.0
2.64,0.417658414488733,5.0
2.65,0.4152965419474752,5.0
2.66,0.41295684656733894,5.0
2.67,0.41063903790918965,5.0
2.68,0.4083428304061081,5.0
2.69,0.4060679432638663,5.0
2.7,0.4038141003637957,5.0
2.71,0.40158103016798447,5.0
2.72,0.3993684656267361,5.0
2.73,0.3971761440882315,5.0
2.74,0.3950038072103309,5.0
2.75,0.3928512008744589,5.0
2.76,0.39071807510151546,5.0
2.77,0.388604183969759,5.0
2.78,0.386509285534607,5.0
2.79,0.38443314175030374,5.0
2.8000000000000003,0.38237551839340483,5.0
2.81,0.38033618498803023,5.0
2.82,0.37831491473283796,5.0
2.83,0.3763114844296747,5.0
2.84,0.37432567441385683,5.0
2.85,0.3723572684860407,5.0
2.86,0.37040605384564074,5.0
2.87,0.3684718210257517,5.0
2.88,0.3665543638295418,5.0
2.89,0.3646534792680723,5.0
2.9,0.3627689674995114,5.0
2.91,0.3609006317697036,5.0
2.92,0.3590482783540619,5.0
2.93,0.35721171650074685,5.0
2.94,0.3553907583751018,5.0
2.95,0.3535852190053108,5.0
2.96,0.35179491622924897,5.0
2.97,0.35001967064249473,5.0
2.98,0.34825930554747647,5.0
2.99,0.3465136469037215,5.0
3.0,0.3447825232791843,5.0
3.01,0.3430657658026231,5.0
3.02,0.3413632081170018,5.0
3.03,0.3396746863338908,5.0
3.04,0.33800003898884057,5.0
3.0500000000000003,0.3363391069977073,5.0
3.06,0.33469173361390425,5.0
3.0700000000000003,0.3330577643865578,5.0
3.08,0.3314370471195467,5.0
3.09,0.32982943183140023,5.0
3.1,0.3282347707160389,5.0
3.11,0.3266529181043334,5.0
3.12,0.3250837304264643,5.0
3.13,0.3235270661750631,5.0
3.14,0.32198278586911455,5.0
3.15,0.32045075201860507,5.0
3.16,0.3189308290898958,5.0
3.17,0.3174228834718068,5.0
3.18,0.31592678344239244,5.0
3.19,0.3144423991363948,5.0
3.2,0.31296960251335587,5.0
3.21,0.31150826732637704,5.0
3.22,0.3100582690915065,5.0
3.23,0.3086194850577444,5.0
3.24,0.3071917941776473,5.0
3.25,0.3057750770785214,5.0
3.26,0.3043692160341894,5.0
3.27,0.3029740949373177,5.0
3.28,0.3015895992722921,5.0
3.29,0.3002156160886289,5.0
3.3000000000000003,0.29885203397490884,5.0
3.31,0.2974987430332233,5.0
3.3200000000000003,0.29615563485411966,5.0
3.33,0.29482260249203596,5.0
3.34,0.2934995404412127,5.0
3.35,0.29218634461207227,5.0
3.36,0.29088291230805474,5.0
3.37,0.2895891422028996,5.0
3.38,0.2883049343183651,5.0
3.39,0.2870301900023735,5.0
3.4,0.28576481190757447,5.0
3.41,0.2845087039703162,5.0
3.42,0.28326177139001674,5.0
3.43,0.2820239206089253,5.0
3.44,0.2807950592922657,5.0
3.45,0.2795750963087541,5.0
3.46,0.278363941711482,5.0
3.47,0.2771615067191573,5.0
3.48,0.27596770369769563,5.0
3.49,0.27478244614215397,5.0
3.5,0.2736056486589998,5.0
3.51,0.27243722694870826,5.0
3.52,0.2712770977886801,5.0
3.53,0.27012517901647515,5.0
3.54,0.26898138951335154,5.0
3.5500000000000003,0.267845649188108,5.0
3.56,0.26671787896121957,5.0
3.5700000000000003,0.2655980007492626,5.0
3.58,0.26448593744962257,5.0
3.59,0.26338161292547774,5.0
3.6,0.26228495199105456,5.0
3.61,0.26119588039714814,5.0
3.62,0.2601143248169022,5.0
3.63,0.2590402128318439,5.0
3.64,0.2579734729181678,5.0
3.65,0.2569140344332636,5.0
3.66,0.25586182760248327,5.0
3.67,0.2548167835061426,5.0
3.68,0.25377883406675145,5.0
3.69,0.25274791203646957,5.0
3.7,0.25172395098478223,5.0
3.71,0.2507068852863918,5.0
3.72,0.2496966501093203,5.0
3.73,0.24869318140322022,5.0
3.74,0.24769641588788685,5.0
3.75,0.24670629104197112,5.0
3.76,0.24572274509188619,5.0
3.77,0.24474571700090578,5.0
3.78,0.2437751464584502,5.0
3.79,0.242810973869555,5.0
3.8,0.24185314034452063,5.0
3.81,0.24090158768873773,5.0
3.82,0.23995625839268644,5.0
3.83,0.23901709562210402,5.0
3.84,0.23808404320832025,5.0
3.85,0.23715704563875437,5.0
3.86,0.23623604804757345,5.0
3.87,0.2353209962065064,5.0
3.88,0.23441183651581243,5.0
3.89,0.23350851599539982,5.0
3.9,0.23261098227609311,5.0
3.91,0.23171918359104524,5.0
3.92,0.2308330687672916,5.0
3.93,0.22995258721744433,5.0
3.94,0.22907768893152294,5.0
3.95,0.2282083244689198,5.0
3.96,0.22734444495049708,5.0
3.97,0.22648600205081296,5.0
3.98,0.2256329479904752,5.0
3.99,0.22478523552861854,5.0
4.0,0.22394281795550486,5.0
4.01,0.2231056490852428,5.0
4.0200000000000005,0.222273683248625,5.0
4.03,0.22144687528608148,5.0
4.04,0.22062518054074529,5.0
4.05,0.21980855485162992,5.0
4.0600000000000005,0.21899695454691637,5.0
4.07,0.21819033643734637,5.0
4.08,0.2173886578097214,5.0
4.09,0.21659187642050473,5.0
4.1,0.21579995048952522,5.0
4.11,0.2150128386937799,5.0
4.12,0.2142305001613353,5.0
4.13,0.21345289446532348,5.0
4.14,0.21267998161803325,5.0
4.15,0.21191172206509362,5.0
4.16,0.21114807667974778,5.0
4.17,0.21038900675721653,5.0
4.18,0.20963447400914934,5.0
4.19,0.20888444055816122,5.0
4.2,0.20813886893245456,5.0
4.21,0.20739772206052334,5.0
4.22,0.20666096326593922,5.0
4.23,0.20592855626221757,5.0
4.24,0.20520046514776263,5.0
4.25,0.20447665440088889,5.0
4.26,0.20375708887491953,5.0
4.2700000000000005,0.20304173379335863,5.0
4.28,0.20233055474513734,5.0
4.29,0.20162351767993122,5.0
4.3,0.2009205889035489,5.0
4.3100000000000005,0.20022173507339017,5.0
4.32,0.19952692319397236,5.0
4.33,0.19883612061252368,5.0
4.34,0.19814929501464246,5.0
4.3500000000000005,0.19746641442002155,5.0
4.36,0.1967874471782365,5.0
4.37,0.19611236196459553,5.0
4.38,0.195441127776052,5.0
4.39,0.1947737139271769,5.0
4.4,0.19411009004619087,5.0
4.41,0.19345022607105483,5.0
4.42,0.19279409224561767,5.0
4.43,0.19214165911582085,5.0
4.44,0.19149289752595833,5.0
4.45,0.1908477786149913,5.0
4.46,0.19020627381291622,5.0
4.47,0.18956835483718584,5.0
4.48,0.18893399368918237,5.0
4.49,0.1883031626507413,5.0
4.5,0.18767583428072535,5.0
4.51,0.18705198141164847,5.0
4.5200000000000005,0.18643157714634723,5.0
4.53,0.18581459485470117,5.0
4.54,0.185201008170399,5.0
4.55,0.18459079098775177,5.0
4.5600000000000005,0.18398391745855092,5.0
4.57,0.18338036198897145,5.0
4.58,0.18278009923651847,5.0
4.59,0.18218310410701738,5.0
4.6000000000000005,0.18158935175164656,5.0
4.61,0.18099881756401165,5.0
4.62,0.180411477177261,5.0
4.63,0.17982730646124184,5.0
4.64,0.17924628151969588,5.0
4.65,0.17866837868749455,5.0
4.66,0.17809357452791244,5.0
4.67,0.1775218458299387,5.0
4.68,0.17695316960562585,5.0
4.69,0.1763875230874753,5.0
4.7,0.17582488372585922,5.0
4.71,0.17526522918647744,5.0
4.72,0.17470853734784977,5.0
4.73,0.17415478629884265,5.0
4.74,0.17360395433622988,5.0
4.75,0.1730560199622864,5.0
4.76,0.17251096188241485,5.0
4.7700000000000005,0.17196875900280506,5.0
4.78,0.17142939042812466,5.0
4.79,0.17089283545924147,5.0
4.8,0.17035907359097638,5.0
4.8100000000000005,0.16982808450988673,5.0
4.82,0.16929984809208,5.0
4.83,0.16877434440105596,5.0
4.84,0.16825155368557843,5.0
4.8500000000000005,0.1677314563775757,5.0
4.86,0.1672140330900685,5.0
4.87,0.166699264615126,5.0
4.88,0.16618713192184878,5.0
4.89,0.1656776161543787,5.0
4.9,0.16517069862993522,5.0
4.91,0.1646663608368777,5.0
4.92,0.164164584432793,5.0
4.93,0.16366535124260875,5.0
4.94,0.1631686432567309,5.0
4.95,0.16267444262920647,5.0
4.96,0.16218273167590938,5.0
4.97,0.1616934928727508,5.0
4.98,0.1612067088539125,5.0
4.99,0.16072236241010338,5.0
5.0,0.16024043648683822,5.0
5.01,0.15976091418273933,5.0
5.0200000000000005,0.15928377874785984,5.0
5.03,0.15880901358202887,5.0
5.04,0.1583366022332175,5.0
5.05,0.15786652839592646,5.0
5.0600000000000005,0.15739877590959417,5.0
5.07,0.15693332875702518,5.0
5.08,0.1564701710628386,5.0
5.09,0.15600928709193676,5.0
5.1000000000000005,0.1555506612479928,5.0
5.11,0.15509427807195808,5.0
5.12,0.15464012224058796,5.0
5.13,0.1541881785649866,5.0
5.14,0.1537384319891702,5.0
5.15,0.1532908675886481,5.0
5.16,0.15284547056902206,5.0
5.17,0.15240222626460267,5.0
5.18,0.15196112013704377,5.0
5.19,0.1515221377739932,5.0
5.2,0.15108526488776133,5.0
5.21,0.15065048731400513,5.0
5.22,0.15021779101042954,5.0
5.23,0.14978716205550438,5.0
5.24,0.14935858664719767,5.0
5.25,0.148932051101724,5.0
5.26,0.1485075418523089,5.0
5.2700000000000005,0.14808504544796822,5.0
5.28,0.1476645485523025,5.0
5.29,0.14724603794230617,5.0
5.3,0.1468295005071916,5.0
5.3100000000000005,0.14641492324722694,5.0
5.32,0.14600229327258898,5.0
5.33,0.1455915978022292,5.0
5.34,0.14518282416275388,5.0
5.3500000000000005,0.1447759597873183,5.0
5.36,0.14437099221453367,5.0
5.37,0.14396790908738746,5.0
5.38,0.14356669815217704,5.0
5.39,0.1431673472574559,5.0
5.4,0.14276984435299253,5.0
5.41,0.1423741774887423,5.0
5.42,0.14198033481383066,5.0
5.43,0.14158830457554974,5.0
5.44,0.14119807511836585,5.0
5.45,0.14080963488293954,5.0
5.46,0.14042297240515692,5.0
5.47,0.14003807631517265,5.0
5.48,0.13965493533646434,5.0
5.49,0.1392735382848979,5.0
5.5,0.13889387406780423,5.0
5.51,0.13851593168306642,5.0
5.5200000000000005,0.13813970021821817,5.0
5.53,0.13776516884955242,5.0
5.54,0.13739232684124061,5.0
5.55,0.13702116354446214,5.0
5.5600000000000005,0.13665166839654405,5.0
5.57,0.13628383092011098,5.0
5.58,0.13591764072224452,5.0
5.59,0.13555308749365266,5.0
5.6000000000000005,0.13519016100784897,5.0
5.61,0.13482885112034115,5.0
5.62,0.13446914776782865,5.0
5.63,0.13411104096741028,5.0
5.64,0.13375452081580014,5.0
5.65,0.1333995774885532,5.0
5.66,0.13304620123929944,5.0
5.67,0.13269438239898682,5.0
5.68,0.13234411137513294,5.0
5.69,0.1319953786510852,5.0
5.7,0.1316481747852897,5.0
5.71,0.13130249041056763,5.0
5.72,0.130958316233401,5.0
5.73,0.13061564303322562,5.0
5.74,0.13027446166173243,5.0
5.75,0.12993476304217674,5.0
5.76,0.12959653816869496,5.0
5.7700000000000005,0.12925977810562952,5.0
5.78,0.12892447398686102,5.0
5.79,0.12859061701514782,5.0
5.8,0.12825819846147338,5.0
5.8100000000000005,0.12792720966440052,5.0
5.82,0.12759764202943327,5.0
5.83,0.12726948702838536,5.0
5.84,0.12694273619875612,5.0
5.8500000000000005,0.12661738114311327,5.0
5.86,0.12629341352848233,5.0
5.87,0.125970825085743,5.0
5.88,0.12564960760903218,5.0
5.89,0.12532975295515336,5.0
5.9,0.1250112530429929,5.0
5.91,0.12469409985294244,5.0
5.92,0.12437828542632767,5.0
5.93,0.1240638018648434,5.0
5.94,0.12375064132999496,5.0
5.95,0.12343879604254547,5.0
5.96,0.12312825828196922,5.0
5.97,0.12281902038591096,5.0
5.98,0.12251107474965121,5.0
5.99,0.12220441382557728,5.0
6.0,0.12189903012265996,5.0
6.01,0.12159491620593582,5.0
6.0200000000000005,0.12129206469599534,5.0
6.03,0.1209904682684765,5.0
6.04,0.12069011965356335,5.0
6.05,0.12039101163549078,5.0
6.0600000000000005,0.12009313705205384,5.0
6.07,0.11979648879412284,5.0
6.08,0.11950105980516333,5.0
6.09,0.11920684308076124,5.0
6.1000000000000005,0.1189138316681533,5.0
6.11,0.11862201866576218,5.0
6.12,0.11833139722273661,5.0
6.13,0.11804196053849664,5.0
6.140000000000001,0.11775370186228325,5.0
6.15,0.11746661449271324,5.0
6.16,0.11718069177733836,5.0
6.17,0.1168959271122094,5.0
6.18,0.11661231394144463,5.0
6.19,0.11632984575680291,5.0
6.2,0.11604851609726136,5.0
6.21,0.11576831854859719,5.0
6.22,0.11548924674297406,5.0
6.23,0.11521129435853279,5.0
6.24,0.11493445511898626,5.0
6.25,0.11465872279321851,5.0
6.26,0.114384091194888,5.0
6.2700000000000005,0.11411055418203508,5.0
6.28,0.11383810565669347,5.0
6.29,0.11356673956450561,5.0
6.3,0.11329644989434218,5.0
6.3100000000000005,0.11302723067792543,5.0
6.32,0.11275907598945656,5.0
6.33,0.1124919799452465,5.0
6.34,0.11222593670335092,5.0
6.3500000000000005,0.11196094046320883,5.0
6.36,0.1116969854652848,5.0
6.37,0.11143406599071479,5.0
6.38,0.11117217636095587,5.0
6.390000000000001,0.11091131093743904,5.0
6.4,0.11065146412122615,5.0
6.41,0.11039263035266968,5.0
6.42,0.1101348041110765,5.0
6.43,0.10987797991437469,5.0
6.44,0.10962215231878378,5.0
6.45,0.10936731591848857,5.0
6.46,0.10911346534531575,5.0
6.47,0.10886059526841417,5.0
6.48,0.10860870039393829,5.0
6.49,0.10835777546473449,5.0
6.5,0.10810781526003088,5.0
6.51,0.10785881459512989,5.0
6.5200000000000005,0.10761076832110428,5.0
6.53,0.10736367132449577,5.0
6.54,0.10711751852701705,5.0
6.55,0.10687230488525647,5.0
6.5600000000000005,0.10662802539038559,5.0
6.57,0.1063846750678702,5.0
6.58,0.10614224897718333,5.0
6.59,0.10590074221152182,5.0
6.6000000000000005,0.10566014989752527,5.0
6.61,0.10542046719499791,5.0
6.62,0.10518168929663319,5.0
6.63,0.10494381142774095,5.0
6.640000000000001,0.10470682884597751,5.0
6.65,0.10447073684107816,5.0
6.66,0.10423553073459225,5.0
6.67,0.10400120587962117,5.0
6.68,0.10376775766055839,5.0
6.69,0.10353518149283263,5.0
6.7,0.10330347282265288,5.0
6.71,0.10307262712675634,5.0
6.72,0.10284263991215867,5.0
6.73,0.10261350671590658,5.0
6.74,0.10238522310483288,5.0
6.75,0.10215778467531386,5.0
6.76,0.10193118705302907,5.0
6.7700000000000005,0.10170542589272327,5.0
6.78,0.10148049687797074,5.0
6.79,0.1012563957209419,5.0
6.8,0.10103311816217209,5.0
6.8100000000000005,0.10081065997033241,5.0
6.82,0.1005890169420033,5.0
6.83,0.10036818490144934,5.0
6.84,0.10014815970039723,5.0
6.8500000000000005,0.09992893721781496,5.0
6.86,0.09971051335969379,5.0
6.87,0.09949288405883186,5.0
6.88,0.09927604527461989,5.0
6.890000000000001,0.09905999299282915,5.0
6.9,0.09884472322540107,5.0
6.91,0.09863023201023924,5.0
6.92,0.09841651541100288,5.0
6.93,0.09820356951690275,5.0
6.94,0.09799139044249847,5.0
6.95,0.09777997432749833,5.0
6.96,0.09756931733656023,5.0
6.97,0.09735941565909517,5.0
6.98,0.09715026550907219,5.0
6.99,0.09694186312482511,5.0
7.0,0.09673420476886138,5.0
7.01,0.09652728672767225,5.0
7.0200000000000005,0.09632110531154499,5.0
7.03,0.09611565685437694,5.0
7.04,0.09591093771349093,5.0
7.05,0.09570694426945273,5.0
7.0600000000000005,0.09550367292588981,5.0
7.07,0.09530112010931244,5.0
7.08,0.09509928226893549,5.0
7.09,0.09489815587650272,5.0
7.1000000000000005,0.09469773742611212,5.0
7.11,0.0944980234340432,5.0
7.12,0.09429901043858556,5.0
7.13,0.09410069499986928,5.0
7.140000000000001,0.09390307369969665,5.0
7.15,0.09370614314137561,5.0
7.16,0.09350989994955455,5.0
7.17,0.09331434077005872,5.0
7.18,0.09311946226972788,5.0
7.19,0.09292526113625592,5.0
7.2,0.09273173407803137,5.0
7.21,0.09253887782397972,5.0
7.22,0.09234668912340693,5.0
7.23,0.09215516474584451,5.0
7.24,0.09196430148089589,5.0
7.25,0.09177409613808428,5.0
7.26,0.09158454554670169,5.0
7.27,0.09139564655565952,5.0
7.28,0.09120739603334031,5.0
7.29,0.09101979086745106,5.0
7.3,0.09083282796487743,5.0
7.31,0.09064650425153968,5.0
7.32,0.09046081667224964,5.0
7.33,0.09027576219056901,5.0
7.34,0.09009133778866892,5.0
7.35,0.08990754046719066,5.0
7.36,0.08972436724510777,5.0
7.37,0.08954181515958935,5.0
7.38,0.08935988126586432,5.0
7.390000000000001,0.08917856263708718,5.0
7.4,0.0889978563642048,5.0
7.41,0.08881775955582445,5.0
7.42,0.08863826933808275,5.0
7.43,0.08845938285451624,5.0
7.44,0.08828109726593254,5.0
7.45,0.08810340975028308,5.0
7.46,0.0879263175025366,5.0
7.47,0.087749817734554,5.0
7.48,0.08757390767496404,5.0
7.49,0.0873985845690405,5.0
7.5,0.0872238456785799,5.0
7.51,0.08704968828178063,5.0
7.52,0.08687610967312306,5.0
7.53,0.08670310716325065,5.0
7.54,0.08653067807885208,5.0
7.55,0.08635881976254432,5.0
7.56,0.08618752957275695,5.0
7.57,0.08601680488361715,5.0
7.58,0.08584664308483599,5.0
7.59,0.08567704158159531,5.0
7.6,0.08550799779443616,5.0
7.61,0.08533950915914743,5.0
7.62,0.08517157312665607,5.0
7.63,0.08500418716291806,5.0
7.640000000000001,0.08483734874880998,5.0
7.65,0.08467105538002205,5.0
7.66,0.08450530456695163,5.0
7.67,0.08434009383459785,5.0
7.68,0.0841754207224571,5.0
7.69,0.08401128278441936,5.0
7.7,0.08384767758866538,5.0
7.71,0.0836846027175648,5.0
7.72,0.08352205576757513,5.0
7.73,0.08336003434914147,5.0
7.74,0.08319853608659726,5.0
7.75,0.08303755861806561,5.0
7.76,0.08287709959536167,5.0
7.77,0.08271715668389577,5.0
7.78,0.08255772756257729,5.0
7.79,0.08239880992371942,5.0
7.8,0.08224040147294465,5.0
7.81,0.082082499929091,5.0
7.82,0.08192510302411932,5.0
7.83,0.08176820850302091,5.0
7.84,0.08161181412372628,5.0
7.85,0.0814559176570144,5.0
7.86,0.08130051688642294,5.0
7.87,0.08114560960815911,5.0
7.88,0.08099119363101119,5.0
7.890000000000001,0.08083726677626092,5.0
7.9,0.08068382687759655,5.0
7.91,0.08053087178102655,5.0
7.92,0.08037839934479413,5.0
7.930000000000001,0.08022640743929231,5.0
7.94,0.08007489394698007,5.0
7.95,0.07992385676229849,5.0
7.96,0.0797732937915883,5.0
7.97,0.07962320295300765,5.0
7.98,0.0794735821764507,5.0
7.99,0.07932442940346697,5.0
8.0,0.079175742587181,5.0
8.01,0.0790275196922132,5.0
8.02,0.07887975869460073,5.0
8.03,0.07873245758171953,5.0
8.040000000000001,0.07858561435220673,5.0
8.05,0.07843922701588375,5.0
8.06,0.07829329359367995,5.0
8.07,0.07814781211755695,5.0
8.08,0.07800278063043366,5.0
8.09,0.07785819718611163,5.0
8.1,0.07771405984920136,5.0
8.11,0.07757036669504895,5.0
8.120000000000001,0.07742711580966334,5.0
8.13,0.07728430528964435,5.0
8.14,0.07714193324211094,5.0
8.15,0.07699999778463043,5.0
8.16,0.07685849704514797,5.0
8.17,0.07671742916191678,5.0
8.18,0.0765767922834288,5.0
8.19,0.07643658456834602,5.0
8.2,0.07629680418543226,5.0
8.21,0.0761574493134854,5.0
8.22,0.07601851814127054,5.0
8.23,0.07588000886745311,5.0
8.24,0.07574191970053297,5.0
8.25,0.07560424885877887,5.0
8.26,0.07546699457016334,5.0
8.27,0.07533015507229827,5.0
8.28,0.07519372861237081,5.0
8.290000000000001,0.0750577134470799,5.0
8.3,0.07492210784257332,5.0
8.31,0.07478691007438507,5.0
8.32,0.07465211842737339,5.0
8.33,0.0745177311956592,5.0
8.34,0.07438374668256509,5.0
8.35,0.07425016320055461,5.0
8.36,0.07411697907117226,5.0
8.370000000000001,0.07398419262498379,5.0
8.38,0.07385180220151703,5.0
8.39,0.07371980614920313,5.0
8.4,0.07358820282531833,5.0
8.41,0.073456990595926,5.0
8.42,0.07332616783581944,5.0
8.43,0.07319573292846485,5.0
8.44,0.07306568426594481,5.0
8.45,0.07293602024890225,5.0
8.46,0.07280673928648478,5.0
8.47,0.07267783979628954,5.0
8.48,0.07254932020430838,5.0
8.49,0.07242117894487346,5.0
8.5,0.07229341446060332,5.0
8.51,0.0721660252023494,5.0
8.52,0.07203900962914282,5.0
8.53,0.07191236620814172,5.0
8.540000000000001,0.07178609341457884,5.0
8.55,0.0716601897317098,5.0
8.56,0.07153465365076131,5.0
8.57,0.0714094836708802,5.0
8.58,0.07128467829908255,5.0
8.59,0.07116023605020348,5.0
8.6,0.07103615544684701,5.0
8.61,0.07091243501933646,5.0
8.620000000000001,0.07078907330566528,5.0
8.63,0.07066606885144822,5.0
8.64,0.07054342020987264,5.0
8.65,0.07042112594165059,5.0
8.66,0.07029918461497087,5.0
8.67,0.07017759480545172,5.0
8.68,0.07005635509609372,5.0
8.69,0.06993546407723303,5.0
8.700000000000001,0.06981492034649514,5.0
8.71,0.0696947225087488,5.0
8.72,0.06957486917606029,5.0
8.73,0.06945535896764811,5.0
8.74,0.06933619050983812,5.0
8.75,0.06921736243601868,5.0
8.76,0.06909887338659644,5.0
8.77,0.06898072200895229,5.0
8.78,0.06886290695739776,5.0
8.790000000000001,0.06874542689313148,5.0
8.8,0.06862828048419647,5.0
8.81,0.06851146640543707,5.0
8.82,0.06839498333845677,5.0
8.83,0.06827882997157603,5.0
8.84,0.06816300499979053,5.0
8.85,0.06804750712472968,5.0
8.86,0.06793233505461548,5.0
8.870000000000001,0.06781748750422159,5.0
8.88,0.06770296319483289,5.0
8.89,0.06758876085420505,5.0
8.9,0.06747487921652466,5.0
8.91,0.0673613170223695,5.0
8.92,0.06724807301866914,5.0
8.93,0.06713514595866589,5.0
8.94,0.06702253460187589,5.0
8.950000000000001,0.0669102377140506,5.0
8.96,0.06679825406713862,5.0
8.97,0.06668658243924752,5.0
8.98,0.0665752216146063,5.0
8.99,0.06646417038352784,5.0
9.0,0.06635342754237182,5.0
9.01,0.06624299189350774,5.0
9.02,0.06613286224527834,5.0
9.03,0.06602303741196318,5.0
9.04,0.06591351621374257,5.0
9.05,0.06580429747666171,5.0
9.06,0.06569538003259508,5.0
9.07,0.06558676271921113,5.0
9.08,0.06547844437993716,5.0
9.09,0.06537042386392451,5.0
9.1,0.06526270002601396,5.0
9.11,0.0651552717267014,5.0
9.12,0.06504813783210371,5.0
9.13,0.06494129721392497,5.0
9.14,0.06483474874942276,5.0
9.15,0.06472849132137488,5.0
9.16,0.06462252381804615,5.0
9.17,0.0645168451331555,5.0
9.18,0.06441145416584339,5.0
9.19,0.06430634982063922,5.0
9.2,0.0642015310074293,5.0
9.21,0.06409699664142472,5.0
9.22,0.0639927456431297,5.0
9.23,0.06388877693831002,5.0
9.24,0.06378508945796166,5.0
9.25,0.06368168213827977,5.0
9.26,0.06357855392062776,5.0
9.27,0.06347570375150675,5.0
9.28,0.06337313058252494,5.0
9.29,0.06327083337036757,5.0
9.3,0.06316881107676671,5.0
9.31,0.06306706266847172,5.0
9.32,0.06296558711721933,5.0
9.33,0.06286438339970456,5.0
9.34,0.06276345049755125,5.0
9.35,0.06266278739728327,5.0
9.36,0.06256239309029565,5.0
9.37,0.062462266572826046,5.0
9.38,0.06236240684592625,5.0
9.39,0.062262812915434174,5.0
9.4,0.06216348379194566,5.0
9.41,0.0620644184907868,5.0
9.42,0.06196561603198631,5.0
9.43,0.06186707544024806,5.0
9.44,0.06176879574492388,5.0
9.45,0.06167077597998654,5.0
9.46,0.06157301518400283,5.0
9.47,0.06147551240010696,5.0
9.48,0.06137826667597396,5.0
9.49,0.06128127706379348,5.0
9.5,0.061184542620243615,5.0
9.51,0.06108806240646495,5.0
9.52,0.06099183548803479,5.0
9.53,0.06089586093494152,5.0
9.54,0.060800137821559304,5.0
9.55,0.06070466522662268,5.0
9.56,0.060609442233201576,5.0
9.57,0.06051446792867642,5.0
9.58,0.06041974140471327,5.0
9.59,0.06032526175723938,5.0
9.6,0.06023102808641873,5.0
9.61,0.06013703949662782,5.0
9.62,0.06004329509643152,5.0
9.63,0.05994979399855922,5.0
9.64,0.05985653531988109,5.0
9.65,0.05976351818138443,5.0
9.66,0.05967074170815025,5.0
9.67,0.059578205029330006,5.0
9.68,0.05948590727812249,5.0
9.69,0.05939384759175083,5.0
9.7,0.05930202511143969,5.0
9.71,0.05921043898239263,5.0
9.72,0.0591190883537696,5.0
9.73,0.059027972378664514,5.0
9.74,0.05893709021408315,5.0
9.75,0.058846441020920966,5.0
9.76,0.05875602396394131,5.0
9.77,0.05866583821175356,5.0
9.78,0.058575882936791536,5.0
9.79,0.058486157315292026,5.0
9.8,0.058396660527273395,5.0
9.81,0.058307391756514525,5.0
9.82,0.058218350190533584,5.0
9.83,0.05812953502056721,5.0
9.84,0.05804094544154974,5.0
9.85,0.0579525806520925,5.0
9.86,0.05786443985446338,5.0
9.87,0.057776522254566406,5.0
9.88,0.057688827061921515,5.0
9.89,0.05760135348964449,5.0
9.9,0.05751410075442694,5.0
9.91,0.05742706807651644,5.0
9.92,0.057340254679696896,5.0
9.93,0.05725365979126894,5.0
9.94,0.057167282642030394,5.0
9.95,0.057081122466257087,5.0
9.96,0.0569951785016835,5.0
9.97,0.056909449989483836,5.0
9.98,0.056823936174252986,5.0
9.99,0.05673863630398766,5.0
10.0,0.05665354963006779,5.0
10.01,0.05656867540723788,5.0
10.02,0.05648401289358852,5.0
10.03,0.05639956135053816,5.0
10.04,0.056315320042814705,5.0
10.05,0.05623128823843755,5.0
10.06,0.056147465208699565,5.0
10.07,0.05606385022814916,5.0
10.08,0.055980442574572555,5.0
10.09,0.0558972415289762,5.0
10.1,0.05581424637556913,5.0
10.11,0.055731456401745635,5.0
10.12,0.05564887089806792,5.0
10.13,0.0555664891582489,5.0
10.14,0.05548431047913515,5.0
10.15,0.055402334160689896,5.0
10.16,0.05532055950597615,5.0
10.17,0.05523898582113993,5.0
10.18,0.0551576124153937,5.0
10.19,0.05507643860099972,5.0
10.2,0.054995463693253636,5.0
10.21,0.05491468701046814,5.0
10.22,0.05483410787395681,5.0
10.23,0.054753725608017854,5.0
10.24,0.05467353953991819,5.0
10.25,0.05459354899987742,5.0
10.26,0.05451375332105213,5.0
10.27,0.05443415183952007,5.0
10.28,0.054354743894264534,5.0
10.29,0.0542755288271589,5.0
10.3,0.054196505982951115,5.0
10.31,0.05411767470924844,5.0
10.32,0.054039034356502175,5.0
10.33,0.05396058427799253,5.0
10.34,0.05388232382981356,5.0
10.35,0.05380425237085825,5.0
10.36,0.053726369262803636,5.0
10.37,0.05364867387009605,5.0
10.38,0.05357116555993647,5.0
10.39,0.053493843702265904,5.0
10.4,0.05341670766975091,5.0
10.41,0.05333975683776924,5.0
10.42,0.05326299058439548,5.0
10.43,0.05318640829038687,5.0
10.44,0.05311000933916916,5.0
10.45,0.053033793116822533,5.0
10.46,0.052957759012067736,5.0
10.47,0.052881906416252136,5.0
10.48,0.052806234723335996,5.0
10.49,0.052730743329878704,5.0
10.5,0.05265543163502523,5.0
10.51,0.052580299040492585,5.0
10.52,0.05250534495055633,5.0
10.53,0.05243056877203728,5.0
10.54,0.05235596991428822,5.0
10.55,0.0522815477891806,5.0
10.56,0.05220730181109162,5.0
10.57,0.05213323139689103,5.0
10.58,0.052059335965928176,5.0
10.59,0.051985614940019256,5.0
10.6,0.0519120677434344,5.0
10.61,0.051838693802884986,5.0
10.62,0.05176549254751104,5.0
10.63,0.051692463408868614,5.0
10.64,0.05161960582091737,5.0
10.65,0.05154691922000808,5.0
10.66,0.05147440304487035,5.0
10.67,0.05140205673660037,5.0
10.68,0.05132987973864871,5.0
10.69,0.05125787149680819,5.0
10.7,0.05118603145920186,5.0
10.71,0.05111435907627106,5.0
10.72,0.05104285380076351,5.0
10.73,0.05097151508772148,5.0
10.74,0.05090034239447003,5.0
10.75,0.05082933518060539,5.0
10.76,0.05075849290798329,5.0
10.77,0.05068781504070746,5.0
10.78,0.05061730104511816,5.0
10.79,0.05054695038978078,5.0
10.8,0.050476762545474466,5.0
10.81,0.050406736985180986,5.0
10.82,0.05033687318407337,5.0
10.83,0.05026717061950492,5.0
10.84,0.05019762877099806,5.0
10.85,0.050128247120233387,5.0
10.86,0.05005902515103875,5.0
10.87,0.04998996234937836,5.0
10.88,0.049921058203342014,5.0
10.89,0.04985231220313434,5.0
10.9,0.04978372384106417,5.0
10.91,0.04971529261153391,5.0
10.92,0.049647018011028936,5.0
10.93,0.04957889953810724,5.0
10.94,0.049510936693388914,5.0
10.95,0.04944312897954584,5.0
10.96,0.04937547590129136,5.0
10.97,0.04930797696537011,5.0
10.98,0.04924063168054778,5.0
10.99,0.049173439557601006,5.0
11.0,0.04910640010930736,5.0
11.01,0.04903951285043534,5.0
11.02,0.0489727772977344,5.0
11.03,0.048906192969925155,5.0
11.04,0.04883975938768943,5.0
11.05,0.048773476073660685,5.0
11.06,0.04870734255241413,5.0
11.07,0.04864135835045718,5.0
11.08,0.04857552299621987,5.0
11.09,0.048509836020045285,5.0
11.1,0.048444296954180066,5.0
11.11,0.04837890533276505,5.0
11.12,0.048313660691825876,5.0
11.13,0.04824856256926363,5.0
11.14,0.04818361050484568,5.0
11.15,0.04811880404019638,5.0
11.16,0.04805414271878797,5.0
11.17,0.04798962608593146,5.0
11.18,0.047925253688767586,5.0
11.19,0.047861025076257876,5.0
11.2,0.04779693979917562,5.0
11.21,0.047732997410097,5.0
11.22,0.04766919746339233,5.0
11.23,0.047605539515217205,5.0
11.24,0.04754202312350378,5.0
11.25,0.04747864784795206,5.0
11.26,0.04741541325002134,5.0
11.27,0.047352318892921554,5.0
11.28,0.047289364341604745,5.0
11.29,0.04722654916275665,5.0
11.3,0.04716387292478813,5.0
11.31,0.04710133519782697,5.0
11.32,0.04703893555370934,5.0
11.33,0.046976673565971634,5.0
11.34,0.046914548809842214,5.0
11.35,0.04685256086223314,5.0
11.36,0.046790709301732104,5.0
11.37,0.046728993708594256,5.0
11.38,0.04666741366473421,5.0
11.39,0.046605968753717995,5.0
11.4,0.04654465856075509,5.0
11.41,0.046483482672690535,5.0
11.42,0.046422440677997,5.0
11.43,0.046361532166767,5.0
11.44,0.04630075673070509,5.0
11.45,0.046240113963120145,5.0
11.46,0.046179603458917626,5.0
11.47,0.046119224814591984,5.0
11.48,0.046058977628218964,5.0
11.49,0.04599886149944811,5.0
11.5,0.04593887602949519,5.0
11.51,0.045879020821134764,5.0
11.52,0.04581929547869273,5.0
11.53,0.04575969960803885,5.0
11.54,0.045700232816579554,5.0
11.55,0.0456408947132504,5.0
11.56,0.045581684908509036,5.0
11.57,0.045522603014327805,5.0
11.58,0.04546364864418663,5.0
11.59,0.0454048214130658,5.0
11.6,0.04534612093743892,5.0
11.61,0.0452875468352658,5.0
11.62,0.045229098725985434,5.0
11.63,0.04517077623050901,5.0
11.64,0.04511257897121295,5.0
11.65,0.045054506571931996,5.0
11.66,0.044996558657952324,5.0
11.67,0.0449387348560047,5.0
11.68,0.044881034794257736,5.0
11.69,0.044823458102311045,5.0
11.7,0.04476600441118854,5.0
11.71,0.0447086733533318,5.0
11.72,0.044651464562593356,5.0
11.73,0.04459437767423009,5.0
11.74,0.04453741232489667,5.0
11.75,0.044480568152639004,5.0
11.76,0.044423844796887726,5.0
11.77,0.04436724189845177,5.0
11.78,0.04431075909951184,5.0
11.79,0.044254396043614135,5.0
11.8,0.04419815237566385,5.0
11.81,0.04414202774191901,5.0
11.82,0.044086021789984046,5.0
11.83,0.044030134168803546,5.0
11.84,0.04397436452865612,5.0
11.85,0.04391871252114811,5.0
11.86,0.043863177799207516,5.0
11.87,0.04380776001707779,5.0
11.88,0.04375245883031184,5.0
11.89,0.043697273895765894,5.0
11.9,0.043642204871593544,5.0
11.91,0.04358725141723965,5.0
11.92,0.04353241319343456,5.0
11.93,0.043477689862187974,5.0
11.94,0.04342308108678323,5.0
11.95,0.04336858653177134,5.0
11.96,0.04331420586296519,5.0
11.97,0.04325993874743378,5.0
11.98,0.043205784853496396,5.0
11.99,0.043151743850716885,5.0
12.0,0.04309781540989804,5.0
12.01,0.04304399920307577,5.0
12.02,0.042990294903513616,5.0
12.03,0.04293670218569704,5.0
12.04,0.04288322072532789,5.0
12.05,0.04282985019931879,5.0
12.06,0.04277659028578776,5.0
12.07,0.04272344066405253,5.0
12.08,0.04267040101462523,5.0
12.09,0.04261747101920689,5.0
12.1,0.04256465036068203,5.0
12.11,0.04251193872311337,5.0
12.12,0.04245933579173635,5.0
12.13,0.04240684125295393,5.0
12.14,0.04235445479433125,5.0
12.15,0.04230217610459038,5.0
12.16,0.04225000487360507,5.0
12.17,0.042197940792395576,5.0
12.18,0.04214598355312348,5.0
12.19,0.04209413284908649,5.0
12.2,0.04204238837471341,5.0
12.21,0.04199074982555898,5.0
12.22,0.04193921689829882,5.0
12.23,0.041887789290724405,5.0
12.24,0.04183646670173803,5.0
12.25,0.04178524883134785,5.0
12.26,0.0417341353806629,5.0
12.27,0.041683126051888196,5.0
12.28,0.04163222054831975,5.0
12.29,0.04158141857433976,5.0
12.3,0.041530719835411754,5.0
12.31,0.04148012403807573,5.0
12.32,0.041429630889943336,5.0
12.33,0.04137924009969313,5.0
12.34,0.041328951377065826,5.0
12.35,0.04127876443285952,5.0
12.36,0.04122867897892503,5.0
12.37,0.04117869472816119,5.0
12.38,0.041128811394510224,5.0
12.39,0.04107902869295308,5.0
12.4,0.04102934633950486,5.0
12.41,0.0409797640512102,5.0
12.42,0.04093028154613872,5.0
12.43,0.040880898543380534,5.0
12.44,0.040831614763041674,5.0
12.45,0.04078242992623966,5.0
12.46,0.04073334375509899,5.0
12.47,0.040684355972746715,5.0
12.48,0.04063546630330804,5.0
12.49,0.04058667447190194,5.0
12.5,0.040537980204636684,5.0
12.51,0.04048938322860566,5.0
12.52,0.04044088327188289,5.0
12.53,0.04039248006351882,5.0
12.54,0.04034417333353598,5.0
12.55,0.04029596281292481,5.0
12.56,0.04024784823363932,5.0
12.57,0.04019982932859292,5.0
12.58,0.04015190583165425,5.0
12.59,0.040104077477642976,5.0
12.6,0.04005634400232563,5.0
12.61,0.04000870514241154,5.0
12.62,0.03996116063554864,5.0
12.63,0.03991371022031944,5.0
12.64,0.03986635363623697,5.0
12.65,0.03981909062374068,5.0
12.66,0.039771920924192454,5.0
12.67,0.03972484427987259,5.0
12.68,0.03967786043397585,5.0
12.69,0.039630969130607444,5.0
12.7,0.03958417011477915,5.0
12.71,0.039537463132405325,5.0
12.72,0.039490847930299056,5.0
12.73,0.03944432425616826,5.0
12.74,0.03939789185861183,5.0
12.75,0.039351550487115756,5.0
12.76,0.03930529989204935,5.0
12.77,0.03925913982466139,5.0
12.78,0.03921307003707643,5.0
12.79,0.0391670902822909,5.0
12.8,0.039121200314169484,5.0
12.81,0.039075399887441326,5.0
12.82,0.03902968875769631,5.0
12.83,0.038984066681381456,5.0
12.84,0.03893853341579713,5.0
12.85,0.038893088719093485,5.0
12.86,0.038847732350266805,5.0
12.87,0.038802464069155856,5.0
12.88,0.038757283636438315,5.0
12.89,0.03871219081362722,5.0
12.9,0.03866718536306736,5.0
12.91,0.03862226704793173,5.0
12.92,0.03857743563221805,5.0
12.93,0.03853269088074525,5.0
12.94,0.03848803255914994,5.0
12.95,0.03844346043388294,5.0
12.96,0.03839897427220591,5.0
12.97,0.038354573842187815,5.0
12.98,0.03831025891270153,5.0
12.99,0.03826602925342047,5.0
13.0,0.03822188463481518,5.0
13.01,0.03817782482814994,5.0
13.02,0.03813384960547946,5.0
13.03,0.03808995873964552,5.0
13.04,0.03804615200427368,5.0
13.05,0.038002429173769885,5.0
13.06,0.037958790023317326,5.0
13.07,0.03791523432887303,5.0
13.08,0.03787176186716471,5.0
13.09,0.037828372415687435,5.0
13.1,0.03778506575270051,5.0
13.11,0.03774184165722419,5.0
13.12,0.037698699909036515,5.0
13.13,0.03765564028867015,5.0
13.14,0.03761266257740922,5.0
13.15,0.037569766557286166,5.0
13.16,0.03752695201107861,5.0
13.17,0.03748421872230624,5.0
13.18,0.03744156647522777,5.0
13.19,0.03739899505483776,5.0
13.2,0.03735650424686361,5.0
13.21,0.037314093837762546,5.0
13.22,0.037271763614718505,5.0
13.23,0.037229513365639164,5.0
13.24,0.037187342879152915,5.0
13.25,0.03714525194460589,5.0
13.26,0.03710324035205897,5.0
13.27,0.037061307892284824,5.0
13.28,0.037019454356764965,5.0
13.29,0.03697767953768683,5.0
13.3,0.036935983227940825,5.0
13.31,0.03689436522111748,5.0
13.32,0.036852825311504495,5.0
13.33,0.03681136329408389,5.0
13.34,0.036769978964529174,5.0
13.35,0.03672867211920245,5.0
13.36,0.036687442555151585,5.0
13.37,0.03664629007010742,5.0
13.38,0.036605214462480946,5.0
13.39,0.03656421553136051,5.0
13.4,0.036523293076509034,5.0
13.41,0.03648244689836125,5.0
13.42,0.036441676798020954,5.0
13.43,0.03640098257725825,5.0
13.44,0.03636036403850684,5.0
13.45,0.03631982098486133,5.0
13.46,0.03627935322007443,5.0
13.47,0.03623896054855445,5.0
13.48,0.03619864277536245,5.0
13.49,0.03615839970620965,5.0
13.5,0.0361182311474548,5.0
13.51,0.03607813690610151,5.0
13.52,0.03603811678979564,5.0
13.53,0.035998170606822706,5.0
13.54,0.035958298166105254,5.0
13.55,0.03591849927720028,5.0
13.56,0.03587877375029669,5.0
13.57,0.03583912139621269,5.0
13.58,0.03579954202639327,5.0
13.59,0.03576003545290766,5.0
13.6,0.03572060148844681,5.0
13.61,0.03568123994632086,5.0
13.62,0.03564195064045665,5.0
13.63,0.03560273338539527,5.0
13.64,0.035563587996289524,5.0
13.65,0.03552451428890147,5.0
13.66,0.035485512079600046,5.0
13.67,0.035446581185358504,5.0
13.68,0.03540772142375209,5.0
13.69,0.03536893261295558,5.0
13.7,0.03533021457174087,5.0
13.71,0.03529156711947456,5.0
13.72,0.03525299007611566,5.0
13.73,0.03521448326221312,5.0
13.74,0.03517604649890348,5.0
13.75,0.035137679607908597,5.0
13.76,0.035099382411533216,5.0
13.77,0.0350611547326627,5.0
13.78,0.03502299639476068,5.0
13.79,0.03498490722186678,5.0
13.8,0.03494688703859426,5.0
13.81,0.034908935670127844,5.0
13.82,0.03487105294222132,5.0
13.83,0.034833238681195366,5.0
13.84,0.03479549271393525,5.0
13.85,0.034757814867888606,5.0
13.86,0.03472020497106323,5.0
13.87,0.03468266285202478,5.0
13.88,0.03464518833989466,5.0
13.89,0.03460778126434776,5.0
13.9,0.03457044145561029,5.0
13.91,0.03453316874445759,5.0
13.92,0.034495962962211954,5.0
13.93,0.03445882394074049,5.0
13.94,0.03442175151245296,5.0
13.95,0.03438474551029966,5.0
13.96,0.034347805767769246,5.0
13.97,0.034310932118886646,5.0
13.98,0.034274124398210974,5.0
13.99,0.034237382440833374,5.0
14.0,0.03420070608237497,5.0
14.01,0.034164095158984775,5.0
14.02,0.03412754950733763,5.0
14.03,0.03409106896463211,5.0
14.04,0.03405465336858853,5.0
14.05,0.03401830255744682,5.0
14.06,0.033982016369964604,5.0
14.07,0.03394579464541507,5.0
14.08,0.03390963722358501,5.0
14.09,0.033873543944772835,5.0
14.1,0.033837514649786495,5.0
14.11,0.03380154917994161,5.0
14.12,0.03376564737705939,5.0
14.13,0.033729809083464735,5.0
14.14,0.03369403414198424,5.0
14.15,0.033658322395944254,5.0
14.16,0.03362267368916894,5.0
14.17,0.033587087865978374,5.0
14.18,0.03355156477118655,5.0
14.19,0.03351610425009952,5.0
14.2,0.033480706148513506,5.0
14.21,0.03344537031271293,5.0
14.22,0.03341009658946861,5.0
14.23,0.033374884826035824,5.0
14.24,0.033339734870152446,5.0
14.25,0.033304646570037094,5.0
14.26,0.033269619774387305,5.0
14.27,0.03323465433237763,5.0
14.28,0.03319975009365783,5.0
14.29,0.033164906908351055,5.0
14.3,0.033130124627052,5.0
14.31,0.03309540310082512,5.0
14.32,0.03306074218120282,5.0
14.33,0.033026141720183616,5.0
14.34,0.032991601570230414,5.0
14.35,0.03295712158426868,5.0
14.36,0.03292270161568472,5.0
14.37,0.03288834151832383,5.0
14.38,0.03285404114648864,5.0
14.39,0.03281980035493732,5.0
14.4,0.03278561899888182,5.0
14.41,0.03275149693398617,5.0
14.42,0.03271743401636474,5.0
14.43,0.03268343010258055,5.0
14.44,0.03264948504964352,5.0
14.45,0.0326155987150088,5.0
14.46,0.03258177095657506,5.0
14.47,0.03254800163268282,5.0
14.48,0.03251429060211278,5.0
14.49,0.032480637724084084,5.0
14.5,0.03244704285825277,5.0
14.51,0.03241350586471,5.0
14.52,0.03238002660398049,5.0
14.53,0.03234660493702084,5.0
14.54,0.032313240725217886,5.0
14.55,0.032279933830387096,5.0
14.56,0.032246684114770975,5.0
14.57,0.03221349144103739,5.0
14.58,0.03218035567227802,5.0
14.59,0.03214727667200672,5.0
14.6,0.03211425430415795,5.0
14.61,0.03208128843308522,5.0
14.62,0.03204837892355946,5.0
14.63,0.03201552564076748,5.0
14.64,0.03198272845031041,5.0
14.65,0.03194998721820213,5.0
14.66,0.03191730181086774,5.0
14.67,0.03188467209514201,5.0
14.68,0.03185209793826783,5.0
14.69,0.0318195792078947,5.0
14.7,0.031787115772077226,5.0
14.71,0.03175470749927355,5.0
14.72,0.03172235425834393,5.0
14.73,0.03169005591854913,5.0
14.74,0.031657812349549015,5.0
14.75,0.03162562342140103,5.0
14.76,0.031593489004558696,5.0
14.77,0.03156140896987019,5.0
14.78,0.031529383188576815,5.0
14.79,0.0314974115323116,5.0
14.8,0.03146549387309778,5.0
14.81,0.0314336300833474,5.0
14.82,0.03140182003585987,5.0
14.83,0.03137006360382046,5.0
14.84,0.031338360660798974,5.0
14.85,0.03130671108074823,5.0
14.86,0.03127511473800272,5.0
14.87,0.031243571507277152,5.0
14.88,0.031212081263665037,5.0
14.89,0.031180643882637357,5.0
14.9,0.03114925924004108,5.0
14.91,0.031117927212097832,5.0
14.92,0.031086647675402528,5.0
14.93,0.03105542050692193,5.0
14.94,0.031024245583993346,5.0
14.95,0.030993122784323236,5.0
14.96,0.030962051985985856,5.0
14.97,0.030931033067421926,5.0
14.98,0.03090006590743725,5.0
14.99,0.030869150385201403,5.0
0.0,inf,5.0
0.01,1791.5425436440391,5.0
0.02,633.4059406974483,5.0
0.03,344.78252327918426,5.0
0.04,223.9428179555049,5.0
0.05,160.2404364868382,5.0
0.06,121.89903012265997,5.0
0.07,96.73420476886137,5.0
0.08,79.17574258718103,5.0
0.09,66.35342754237182,5.0
0.1,56.653549630067786,5.0
0.11,49.10640010930736,5.0
0.12,43.09781540989803,5.0
0.13,38.221884634815176,5.0
0.14,34.20070608237497,5.0
0.15,30.83828638024639,5.0
0.16,27.99285224443811,5.0
0.17,25.55958180011111,5.0
0.18,23.459479285090676,5.0
0.19,21.632002495285796,5.0
0.2,20.030054560854776,5.0
0.21,18.616506387715503,5.0
0.22,17.361734258475526,5.0
0.23,16.241845380272093,5.0
0.24,15.237378765332496,5.0
0.25,14.332340349152311,5.0
0.26,13.513476907503858,5.0
0.27,12.769723084414231,5.0
0.28,12.091775596107672,5.0
0.29,11.471762017260536,5.0
0.3,10.902980709822488,5.0
0.31,10.3796948272582,5.0
0.32,9.89696782339763,5.0
0.33,9.45053110734736,5.0
0.34,9.036676807575414,5.0
0.35,8.652170304502336,5.0
0.36,8.294178442796477,5.0
0.37,7.960210267284971,5.0
0.38,7.648067827530453,5.0
0.39,7.35580512761512,5.0
0.4,7.081693703758473,5.0
0.41,6.8241936249846775,5.0
0.42,6.581928954378155,5.0
0.43,6.353666897575673,5.0
0.44,6.13830001366342,5.0
0.45,5.934830980994008,5.0
0.46,5.742359503686897,5.0
0.47,5.560071019079876,5.0
0.48,5.387226926237254,5.0
0.49,5.223156103918482,5.0
0.5,5.067247525579584,5.0
0.51,4.91894381088947,5.0
0.52,4.777735579351897,5.0
0.53,4.643156493075736,5.0
0.54,4.514778893431849,5.0
0.55,4.392209950988574,5.0
0.56,4.275088260296871,5.0
0.5700000000000001,4.163080821254636,5.0
0.58,4.0558803572815965,5.0
0.59,3.9532029276751284,5.0
0.6,3.854785797530799,5.0
0.61,3.760385533692244,5.0
0.62,3.6697762995006014,5.0
0.63,3.5827483247726435,5.0
0.64,3.499106530554764,5.0
0.65,3.418669290864058,5.0
0.66,3.341267315909864,5.0
0.67,3.2667426432488647,5.0
0.68,3.194947725013889,5.0
0.6900000000000001,3.1257446008121237,5.0
0.7000000000000001,3.0590041471472387,5.0
0.71,2.9946053953108547,5.0
0.72,2.9324349106363345,5.0
0.73,2.872386226832495,5.0
0.74,2.8143593298339917,5.0
0.75,2.7582601862334744,5.0
0.76,2.7040003119107245,5.0
0.77,2.6514963769563735,5.0
0.78,2.6006698434117146,5.0
0.79,2.5514466327191663,5.0
0.8,2.503756820106847,5.0
0.81,2.4575343534211784,5.0
0.8200000000000001,2.4127167941783365,5.0
0.8300000000000001,2.3692450788329573,5.0
0.84,2.327063298464438,5.0
0.85,2.2861184952605957,5.0
0.86,2.246360474338126,5.0
0.87,2.207741629581565,5.0
0.88,2.1702167823094407,5.0
0.89,2.1337430316897565,5.0
0.9,2.0982796159284365,5.0
0.91,2.0637877833453424,5.0
0.92,2.0302306725340116,5.0
0.93,1.9975732008745624,5.0
0.94,1.9657819607350895,5.0
0.95,1.934825122756165,5.0
0.96,1.904672345666562,5.0
0.97,1.8752946921264995,5.0
0.98,1.8466645501383327,5.0
0.99,1.8187555596039766,5.0
1.0,1.7915425436440389,5.0
1.01,1.7650014443259623,5.0
1.02,1.739109262477771,5.0
1.03,1.7138440012906824,5.0
1.04,1.6891846134379822,5.0
1.05,1.6651109514596365,5.0
1.06,1.641603721182101,5.0
1.07,1.6186444379610987,5.0
1.08,1.5962153855517789,5.0
1.09,1.574299577425892,5.0
1.1,1.552880720369527,5.0
1.11,1.5319431802076666,5.0
1.12,1.511471949513459,5.0
1.13,1.4914526171707783,5.0
1.14,1.471871339668408,5.0
1.15,1.452714814013173,5.0
1.16,1.433970252157567,5.0
1.17,1.4156253568450068,5.0
1.18,1.3976682987827982,5.0
1.19,1.3800876950593188,5.0
1.2,1.362872588727811,5.0
1.21,1.3460124294846274,5.0
1.22,1.3294970553747902,5.0
1.23,1.313316675462344,5.0
1.24,1.297461853407275,5.0
1.25,1.2819234918947058,5.0
1.26,1.26669281786574,5.0
1.27,1.2517613685027087,5.0
1.28,1.2371209779247037,5.0
1.29,1.2227637645521765,5.0
1.3,1.2086821191020907,5.0
1.31,1.1948686931775814,5.0
1.32,1.18131638841842,5.0
1.33,1.1680183461807119,5.0
1.34,1.1549679377162694,5.0
1.35,1.1421587548239402,5.0
1.36,1.1295846009469268,5.0
1.37,1.1172394826917147,5.0
1.38,1.1051176017457454,5.0
1.39,1.0932133471723526,5.0
1.4,1.081521288062792,5.0
1.41,1.070036166526401,5.0
1.42,1.0587528910010635,5.0
1.43,1.047666529867208,5.0
1.44,1.0367723053495597,5.0
1.45,1.026065587691787,5.0
1.46,1.015541889590049,5.0
1.47,1.0051968608722575,5.0
1.48,0.9950262834106214,5.0
1.49,0.9850260662557537,5.0
1.5,0.9751922409812797,5.0
1.51,0.9655209572285068,5.0
1.52,0.9560084784413067,5.0
1.53,0.9466511777818929,5.0
1.54,0.9374455342187069,5.0
1.55,0.9283881287780908,5.0
1.56,0.91947564095189,5.0
1.57,0.9107048452535478,5.0
1.58,0.9020726079156525,5.0
1.59,0.8935758837222784,5.0
1.6,0.8852117129698092,5.0
1.61,0.8769772185502702,5.0
1.62,0.8688696031515063,5.0
1.63,0.8608861465688343,5.0
1.64,0.8530242031230847,5.0
1.65,0.8452811991802023,5.0
1.66,0.8376546307678203,5.0
1.67,0.8301420612844671,5.0
1.68,0.8227411192972693,5.0
1.69,0.8154494964242326,5.0
1.7,0.8082649452973767,5.0
1.71,0.8011852776031778,5.0
1.72,0.7942083621969591,5.0
1.73,0.787332123288023,5.0
1.74,0.7805545386924818,5.0
1.75,0.773873638150891,5.0
1.76,0.7672875017079275,5.0
1.77,0.7607942581514839,5.0
1.78,0.7543920835086845,5.0
1.79,0.7480791995964367,5.0
1.8,0.741853872624251,5.0
1.81,0.7357144118471671,5.0
1.82,0.7296591682667225,5.0
1.83,0.7236865333779972,5.0
1.84,0.7177949379608621,5.0
1.85,0.7119828509136384,5.0
1.86,0.7062487781274603,5.0
1.87,0.7005912613997123,5.0
1.88,0.6950088773849845,5.0
1.89,0.6895002365820556,5.0
1.9,0.6840639823554893,5.0
1.91,0.67869878999048,5.0
1.92,0.6734033657796568,5.0
1.93,0.668176446140601,5.0
1.94,0.6630167967628934,5.0
1.95,0.6579232117835572,5.0
1.96,0.6528945129898103,5.0
1.97,0.6479295490480895,5.0
1.98,0.643027194758353,5.0
1.99,0.6381863503327064,5.0
2.0,0.633405940697448,5.0
2.01,0.6286849148176541,5.0
2.02,0.6240222450434693,5.0
2.03,0.619416926477307,5.0
2.04,0.6148679763611837,5.0
2.05,0.6103744334834581,5.0
2.06,0.6059353576042638,5.0
2.07,0.6015498288989665,5.0
2.08,0.5972169474189871,5.0
2.09,0.5929358325693781,5.0
2.1,0.5887056226025467,5.0
2.11,0.5845254741275585,5.0
2.12,0.580394561634467,5.0
2.13,0.5763120770331426,5.0
2.14,0.5722772292060905,5.0
2.15,0.5682892435747761,5.0
2.16,0.5643473616789811,5.0
2.17,0.5604508407687497,5.0
2.18,0.5565989534084823,5.0
2.19,0.5527909870927715,5.0
2.2,0.5490262438735718,5.0
2.21,0.5453040399983242,5.0
2.22,0.5416237055586631,5.0
2.23,0.5379845841493531,5.0
2.24,0.5343860325371089,5.0
2.25,0.5308274203389746,5.0
2.26,0.5273081297099406,5.0
2.27,0.5238275550394973,5.0
2.28,0.5203851026568297,5.0
2.29,0.5169801905443692,5.0
2.3000000000000003,0.5136122480594343,5.0
2.31,0.5102807156636933,5.0
2.32,0.5069850446601996,5.0
2.33,0.5037246969377547,5.0
2.34,0.5004991447223652,5.0
2.35,0.4973078703355653,5.0
2.36,0.49415036595939105,5.0
2.37,0.49102613340779167,5.0
2.38,0.4879346839042783,5.0
2.39,0.4848755378656126,5.0
2.4,0.48184822469134986,5.0
2.41,0.4788522825590487,5.0
2.42,0.4758872582249799,5.0
2.43,0.4729527068301568,5.0
2.44,0.4700481917115305,5.0
2.45,0.46717328421818716,5.0
2.46,0.4643275635323979,5.0
2.47,0.4615106164953721,5.0
2.48,0.45872203743757517,5.0
2.49,0.455961428013468,5.0
2.5,0.4532283970405423,5.0
2.51,0.45052256034251764,5.0
2.52,0.44784354059658044,5.0
2.53,0.4451909671845434,5.0
2.54,0.4425644760478092,5.0
2.5500000000000003,0.4399637095460289,5.0
2.56,0.4373883163193455,5.0
2.57,0.4348379511541163,5.0
2.58,0.4323122748520174,5.0
2.59,0.4298109541024291,5.0
2.6,0.42733366135800727,5.0
2.61,0.42488007471335326,5.0
2.62,0.42244987778668797,5.0
2.63,0.42004275960445064,5.0
2.64,0.417658414488733,5.0
2.65,0.4152965419474752,5.0
2.66,0.41295684656733894,5.0
2.67,0.41063903790918965,5.0
2.68,0.4083428304061081,5.0
2.69,0.4060679432638663,5.0
2.7,0.4038141003637957,5.0
2.71,0.40158103016798447,5.0
2.72,0.3993684656267361,5.0
2.73,0.3971761440882315,5.0
2.74,0.3950038072103309,5.0
2.75,0.3928512008744589,5.0
2.76,0.39071807510151546,5.0
2.77,0.388604183969759,5.0
2.78,0.386509285534607,5.0
2.79,0.38443314175030374,5.0
2.8000000000000003,0.38237551839340483,5.0
2.81,0.38033618498803023,5.0
2.82,0.37831491473283796,5.0
2.83,0.3763114844296747,5.0
2.84,0.37432567441385683,5.0
2.85,0.3723572684860407,5.0
2.86,0.37040605384564074,5.0
2.87,0.3684718210257517,5.0
2.88,0.3665543638295418,5.0
2.89,0.3646534792680723,5.0
2.9,0.3627689674995114,5.0
2.91,0.3609006317697036,5.0
2.92,0.3590482783540619,5.0
2.93,0.35721171650074685,5.0
2.94,0.3553907583751018,5.0
2.95,0.3535852190053108,5.0
2.96,0.35179491622924897,5.0
2.97,0.35001967064249473,5.0
2.98,0.34825930554747647,5.0
2.99,0.3465136469037215,5.0
3.0,0.3447825232791843,5.0
3.01,0.3430657658026231,5.0
3.02,0.3413632081170018,5.0
3.03,0.3396746863338908,5.0
3.04,0.33800003898884057,5.0
3.0500000000000003,0.3363391069977073,5.0
3.06,0.33469173361390425,5.0
3.0700000000000003,0.3330577643865578,5.0
3.08,0.3314370471195467,5.0
3.09,0.32982943183140023,5.0
3.1,0.3282347707160389,5.0
3.11,0.3266529181043334,5.0
3.12,0.3250837304264643,5.0
3.13,0.3235270661750631,5.0
3.14,0.32198278586911455,5.0
3.15,0.32045075201860507,5.0
3.16,0.3189308290898958,5.0
3.17,0.3174228834718068,5.0
3.18,0.31592678344239244,5.0
3.19,0.3144423991363948,5.0
3.2,0.31296960251335587,5.0
3.21,0.31150826732637704,5.0
3.22,0.3100582690915065,5.0
3.23,0.3086194850577444,5.0
3.24,0.3071917941776473,5.0
3.25,0.3057750770785214,5.0
3.26,0.3043692160341894,5.0
3.27,0.3029740949373177,5.0
3.28,0.3015895992722921,5.0
3.29,0.3002156160886289,5.0
3.3000000000000003,0.29885203397490884,5.0
3.31,0.2974987430332233,5.0
3.3200000000000003,0.29615563485411966,5.0
3.33,0.29482260249203596,5.0
3.34,0.2934995404412127,5.0
3.35,0.29218634461207227,5.0
3.36,0.29088291230805474,5.0
3.37,0.2895891422028996,5.0
3.38,0.2883049343183651,5.0
3.39,0.2870301900023735,5.0
3.4,0.28576481190757447,5.0
3.41,0.2845087039703162,5.0
3.42,0.28326177139001674,5.0
3.43,0.2820239206089253,5.0
3.44,0.2807950592922657,5.0
3.45,0.2795750963087541,5.0
3.46,0.278363941711482,5.0
3.47,0.2771615067191573,5.0
3.48,0.27596770369769563,5.0
3.49,0.27478244614215397,5.0
3.5,0.2736056486589998,5.0
3.51,0.27243722694870826,5.0
3.52,0.2712770977886801,5.0
3.53,0.27012517901647515,5.0
3.54,0.26898138951335154,5.0
3.5500000000000003,0.267845649188108,5.0
3.56,0.26671787896121957,5.0
3.5700000000000003,0.2655980007492626,5.0
3.58,0.26448593744962257,5.0
3.59,0.26338161292547774,5.0
3.6,0.26228495199105456,5.0
3.61,0.26119588039714814,5.0
3.62,0.2601143248169022,5.0
3.63,0.2590402128318439,5.0
3.64,0.2579734729181678,5.0
3.65,0.2569140344332636,5.0
3.66,0.25586182760248327,5.0
3.67,0.2548167835061426,5.0
3.68,0.25377883406675145,5.0
3.69,0.25274791203646957,5.0
3.7,0.25172395098478223,5.0
3.71,0.2507068852863918,5.0
3.72,0.2496966501093203,5.0
3.73,0.24869318140322022,5.0
3.74,0.24769641588788685,5.0
3.75,0.24670629104197112,5.0
3.76,0.24572274509188619,5.0
3.77,0.24474571700090578,5.0
3.78,0.2437751464584502,5.0
3.79,0.242810973869555,5.0
3.8,0.24185314034452063,5.0
3.81,0.24090158768873773,5.0
3.82,0.23995625839268644,5.0
3.83,0.23901709562210402,5.0
3.84,0.23808404320832025,5.0
3.85,0.23715704563875437,5.0
3.86,0.23623604804757345,5.0
3.87,0.2353209962065064,5.0
3.88,0.23441183651581243,5.0
3.89,0.23350851599539982,5.0
3.9,0.23261098227609311,5.0
3.91,0.23171918359104524,5.0
3.92,0.2308330687672916,5.0
3.93,0.22995258721744433,5.0
3.94,0.22907768893152294,5.0
3.95,0.2282083244689198,5.0
3.96,0.22734444495049708,5.0
3.97,0.22648600205081296,5.0
3.98,0.2256329479904752,5.0
3.99,0.22478523552861854,5.0
4.0,0.22394281795550486,5.0
4.01,0.2231056490852428,5.0
4.0200000000000005,0.222273683248625,5.0
4.03,0.22144687528608148,5.0
4.04,0.22062518054074529,5.0
4.05,0.21980855485162992,5.0
4.0600000000000005,0.21899695454691637,5.0
4.07,0.21819033643734637,5.0
4.08,0.2173886578097214,5.0
4.09,0.21659187642050473,5.0
4.1,0.21579995048952522,5.0
4.11,0.2150128386937799,5.0
4.12,0.2142305001613353,5.0
4.13,0.21345289446532348,5.0
4.14,0.21267998161803325,5.0
4.15,0.21191172206509362,5.0
4.16,0.21114807667974778,5.0
4.17,0.21038900675721653,5.0
4.18,0.20963447400914934,5.0
4.19,0.20888444055816122,5.0
4.2,0.20813886893245456,5.0
4.21,0.20739772206052334,5.0
4.22,0.20666096326593922,5.0
4.23,0.20592855626221757,5.0
4.24,0.20520046514776263,5.0
4.25,0.20447665440088889,5.0
4.26,0.20375708887491953,5.0
4.2700000000000005,0.20304173379335863,5.0
4.28,0.20233055474513734,5.0
4.29,0.20162351767993122,5.0
4.3,0.2009205889035489,5.0
4.3100000000000005,0.20022173507339017,5.0
4.32,0.19952692319397236,5.0
4.33,0.19883612061252368,5.0
4.34,0.19814929501464246,5.0
4.3500000000000005,0.19746641442002155,5.0
4.36,0.1967874471782365,5.0
4.37,0.19611236196459553,5.0
4.38,0.195441127776052,5.0
4.39,0.1947737139271769,5.0
4.4,0.19411009004619087,5.0
4.41,0.19345022607105483,5.0
4.42,0.19279409224561767,5.0
4.43,0.19214165911582085,5.0
4.44,0.19149289752595833,5.0
4.45,0.1908477786149913,5.0
4.46,0.19020627381291622,5.0
4.47,0.18956835483718584,5.0
4.48,0.18893399368918237,5.0
4.49,0.1883031626507413,5.0
4.5,0.18767583428072535,5.0
4.51,0.18705198141164847,5.0
4.5200000000000005,0.18643157714634723,5.0
4.53,0.18581459485470117,5.0
4.54,0.185201008170399,5.0
4.55,0.18459079098775177,5.0
4.5600000000000005,0.18398391745855092,5.0
4.57,0.18338036198897145,5.0
4.58,0.18278009923651847,5.0
4.59,0.18218310410701738,5.0
4.6000000000000005,0.18158935175164656,5.0
4.61,0.18099881756401165,5.0
4.62,0.180411477177261,5.0
4.63,0.17982730646124184,5.0
4.64,0.17924628151969588,5.0
4.65,0.17866837868749455,5.0
4.66,0.17809357452791244,5.0
4.67,0.1775218458299387,5.0
4.68,0.17695316960562585,5.0
4.69,0.1763875230874753,5.0
4.7,0.17582488372585922,5.0
4.71,0.17526522918647744,5.0
4.72,0.17470853734784977,5.0
4.73,0.17415478629884265,5.0
4.74,0.17360395433622988,5.0
4.75,0.1730560199622864,5.0
4.76,0.17251096188241485,5.0
4.7700000000000005,0.17196875900280506,5.0
4.78,0.17142939042812466,5.0
4.79,0.17089283545924147,5.0
4.8,0.17035907359097638,5.0
4.8100000000000005,0.16982808450988673,5.0
4.82,0.16929984809208,5.0
4.83,0.16877434440105596,5.0
4.84,0.16825155368557843,5.0
4.8500000000000005,0.1677314563775757,5.0
4.86,0.1672140330900685,5.0
4.87,0.166699264615126,5.0
4.88,0.16618713192184878,5.0
4.89,0.1656776161543787,5.0
4.9,0.16517069862993522,5.0
4.91,0.1646663608368777,5.0
4.92,0.164164584432793,5.0
4.93,0.16366535124260875,5.0
4.94,0.1631686432567309,5.0
4.95,0.16267444262920647,5.0
4.96,0.16218273167590938,5.0
4.97,0.1616934928727508,5.0
4.98,0.1612067088539125,5.0
4.99,0.16072236241010338,5.0
5.0,0.16024043648683822,5.0
5.01,0.15976091418273933,5.0
5.0200000000000005,0.15928377874785984,5.0
5.03,0.15880901358202887,5.0
5.04,0.1583366022332175,5.0
5.05,0.15786652839592646,5.0
5.0600000000000005,0.15739877590959417,5.0
5.07,0.15693332875702518,5.0
5.08,0.1564701710628386,5.0
5.09,0.15600928709193676,5.0
5.1000000000000005,0.1555506612479928,5.0
5.11,0.15509427807195808,5.0
5.12,0.15464012224058796,5.0
5.13,0.1541881785649866,5.0
5.14,0.1537384319891702,5.0
5.15,0.1532908675886481,5.0
5.16,0.15284547056902206,5.0
5.17,0.15240222626460267,5.0
5.18,0.15196112013704377,5.0
5.19,0.1515221377739932,5.0
5.2,0.15108526488776133,5.0
5.21,0.15065048731400513,5.0
5.22,0.15021779101042954,5.0
5.23,0.14978716205550438,5.0
5.24,0.14935858664719767,5.0
5.25,0.148932051101724,5.0
5.26,0.1485075418523089,5.0
5.2700000000000005,0.14808504544796822,5.0
5.28,0.1476645485523025,5.0
5.29,0.14724603794230617,5.0
5.3,0.1468295005071916,5.0
5.3100000000000005,0.14641492324722694,5.0
5.32,0.14600229327258898,5.0
5.33,0.1455915978022292,5.0
5.34,0.14518282416275388,5.0
5.3500000000000005,0.1447759597873183,5.0
5.36,0.14437099221453367,5.0
5.37,0.14396790908738746,5.0
5.38,0.14356669815217704,5.0
5.39,0.1431673472574559,5.0
5.4,0.14276984435299253,5.0
5.41,0.1423741774887423,5.0
5.42,0.14198033481383066,5.0
5.43,0.14158830457554974,5.0
5.44,0.14119807511836585,5.0
5.45,0.14080963488293954,5.0
5.46,0.14042297240515692,5.0
5.47,0.14003807631517265,5.0
5.48,0.13965493533646434,5.0
5.49,0.1392735382848979,5.0
5.5,0.13889387406780423,5.0
5.51,0.13851593168306642,5.0
5.5200000000000005,0.13813970021821817,5.0
5.53,0.13776516884955242,5.0
5.54,0.13739232684124061,5.0
5.55,0.13702116354446214,5.0
5.5600000000000005,0.13665166839654405,5.0
5.57,0.13628383092011098,5.0
5.58,0.13591764072224452,5.0
5.59,0.13555308749365266,5.0
5.6000000000000005,0.13519016100784897,5.0
5.61,0.13482885112034115,5.0
5.62,0.13446914776782865,5.0
5.63,0.13411104096741028,5.0
5.64,0.13375452081580014,5.0
5.65,0.1333995774885532,5.0
5.66,0.13304620123929944,5.0
5.67,0.13269438239898682,5.0
5.68,0.13234411137513294,5.0
5.69,0.1319953786510852,5.0
5.7,0.1316481747852897,5.0
5.71,0.13130249041056763,5.0
5.72,0.130958316233401,5.0
5.73,0.13061564303322562,5.0
5.74,0.13027446166173243,5.0
5.75,0.12993476304217674,5.0
5.76,0.12959653816869496,5.0
5.7700000000000005,0.12925977810562952,5.0
5.78,0.12892447398686102,5.0
5.79,0.12859061701514782,5.0
5.8,0.12825819846147338,5.0
5.8100000000000005,0.12792720966440052,5.0
5.82,0.12759764202943327,5.0
5.83,0.12726948702838536,5.0
5.84,0.12694273619875612,5.0
5.8500000000000005,0.12661738114311327,5.0
5.86,0.12629341352848233,5.0
5.87,0.125970825085743,5.0
5.88,0.12564960760903218,5.0
5.89,0.12532975295515336,5.0
5.9,0.1250112530429929,5.0
5.91,0.12469409985294244,5.0
5.92,0.12437828542632767,5.0
5.93,0.1240638018648434,5.0
5.94,0.12375064132999496,5.0
5.95,0.12343879604254547,5.0
5.96,0.12312825828196922,5.0
5.97,0.12281902038591096,5.0
5.98,0.12251107474965121,5.0
5.99,0.12220441382557728,5.0
6.0,0.12189903012265996,5.0
6.01,0.12159491620593582,5.0
6.0200000000000005,0.12129206469599534,5.0
6.03,0.1209904682684765,5.0
6.04,0.12069011965356335,5.0
6.05,0.12039101163549078,5.0
6.0600000000000005,0.12009313705205384,5.0
6.07,0.11979648879412284,5.0
6.08,0.11950105980516333,5.0
6.09,0.11920684308076124,5.0
6.1000000000000005,0.1189138316681533,5.0
6.11,0.11862201866576218,5.0
6.12,0.11833139722273661,5.0
6.13,0.11804196053849664,5.0
6.140000000000001,0.11775370186228325,5.0
6.15,0.11746661449271324,5.0
6.16,0.11718069177733836,5.0
6.17,0.1168959271122094,5.0
6.18,0.11661231394144463,5.0
6.19,0.11632984575680291,5.0
6.2,0.11604851609726136,5.0
6.21,0.11576831854859719,5.0
6.22,0.11548924674297406,5.0
6.23,0.11521129435853279,5.0
6.24,0.11493445511898626,5.0
6.25,0.11465872279321851,5.0
6.26,0.114384091194888,5.0
6.2700000000000005,0.11411055418203508,5.0
6.28,0.11383810565669347,5.0
6.29,0.11356673956450561,5.0
6.3,0.11329644989434218,5.0
6.3100000000000005,0.11302723067792543,5.0
6.32,0.11275907598945656,5.0
6.33,0.1124919799452465,5.0
6.34,0.11222593670335092,5.0
6.3500000000000005,0.11196094046320883,5.0
6.36,0.1116969854652848,5.0
6.37,0.11143406599071479,5.0
6.38,0.11117217636095587,5.0
6.390000000000001,0.11091131093743904,5.0
6.4,0.11065146412122615,5.0
6.41,0.11039263035266968,5.0
6.42,0.1101348041110765,5.0
6.43,0.10987797991437469,5.0
6.44,0.10962215231878378,5.0
6.45,0.10936731591848857,5.0
6.46,0.10911346534531575,5.0
6.47,0.10886059526841417,5.0
6.48,0.10860870039393829,5.0
6.49,0.10835777546473449,5.0
6.5,0.10810781526003088,5.0
6.51,0.10785881459512989,5.0
6.5200000000000005,0.10761076832110428,5.0
6.53,0.10736367132449577,5.0
6.54,0.10711751852701705,5.0
6.55,0.10687230488525647,5.0
6.5600000000000005,0.10662802539038559,5.0
6.57,0.1063846750678702,5.0
6.58,0.10614224897718333,5.0
6.59,0.10590074221152182,5.0
6.6000000000000005,0.10566014989752527,5.0
6.61,0.10542046719499791,5.0
6.62,0.10518168929663319,5.0
6.63,0.10494381142774095,5.0
6.640000000000001,0.10470682884597751,5.0
6.65,0.10447073684107816,5.0
6.66,0.10423553073459225,5.0
6.67,0.10400120587962117,5.0
6.68,0.10376775766055839,5.0
6.69,0.10353518149283263,5.0
6.7,0.10330347282265288,5.0
6.71,0.10307262712675634,5.0
6.72,0.10284263991215867,5.0
6.73,0.10261350671590658,5.0
6.74,0.10238522310483288,5.0
6.75,0.10215778467531386,5.0
6.76,0.10193118705302907,5.0
6.7700000000000005,0.10170542589272327,5.0
6.78,0.10148049687797074,5.0
6.79,0.1012563957209419,5.0
6.8,0.10103311816217209,5.0
6.8100000000000005,0.10081065997033241,5.0
6.82,0.1005890169420033,5.0
6.83,0.10036818490144934,5.0
6.84,0.10014815970039723,5.0
6.8500000000000005,0.09992893721781496,5.0
6.86,0.09971051335969379,5.0
6.87,0.09949288405883186,5.0
6.88,0.09927604527461989,5.0
6.890000000000001,0.09905999299282915,5.0
6.9,0.09884472322540107,5.0
6.91,0.09863023201023924,5.0
6.92,0.09841651541100288,5.0
6.93,0.09820356951690275,5.0
6.94,0.09799139044249847,5.0
6.95,0.09777997432749833,5.0
6.96,0.09756931733656023,5.0
6.97,0.09735941565909517,5.0
6.98,0.09715026550907219,5.0
6.99,0.09694186312482511,5.0
7.0,0.09673420476886138,5.0
7.01,0.09652728672767225,5.0
7.0200000000000005,0.09632110531154499,5.0
7.03,0.09611565685437694,5.0
7.04,0.09591093771349093,5.0
7.05,0.09570694426945273,5.0
7.0600000000000005,0.09550367292588981,5.0
7.07,0.09530112010931244,5.0
7.08,0.09509928226893549,5.0
7.09,0.09489815587650272,5.0
7.1000000000000005,0.09469773742611212,5.0
7.11,0.0944980234340432,5.0
7.12,0.09429901043858556,5.0
7.13,0.09410069499986928,5.0
7.140000000000001,0.09390307369969665,5.0
7.15,0.09370614314137561,5.0
7.16,0.09350989994955455,5.0
7.17,0.09331434077005872,5.0
7.18,0.09311946226972788,5.0
7.19,0.09292526113625592,5.0
7.2,0.09273173407803137,5.0
7.21,0.09253887782397972,5.0
7.22,0.09234668912340693,5.0
7.23,0.09215516474584451,5.0
7.24,0.09196430148089589,5.0
7.25,0.09177409613808428,5.0
7.26,0.09158454554670169,5.0
7.27,0.09139564655565952,5.0
7.28,0.09120739603334031,5.0
7.29,0.09101979086745106,5.0
7.3,0.09083282796487743,5.0
7.31,0.09064650425153968,5.0
7.32,0.09046081667224964,5.0
7.33,0.09027576219056901,5.0
7.34,0.09009133778866892,5.0
7.35,0.08990754046719066,5.0
7.36,0.08972436724510777,5.0
7.37,0.08954181515958935,5.0
7.38,0.08935988126586432,5.0
7.390000000000001,0.08917856263708718,5.0
7.4,0.0889978563642048,5.0
7.41,0.08881775955582445,5.0
7.42,0.08863826933808275,5.0
7.43,0.08845938285451624,5.0
7.44,0.08828109726593254,5.0
7.45,0.08810340975028308,5.0
7.46,0.0879263175025366,5.0
7.47,0.087749817734554,5.0
7.48,0.08757390767496404,5.0
7.49,0.0873985845690405,5.0
7.5,0.0872238456785799,5.0
7.51,0.08704968828178063,5.0
7.52,0.08687610967312306,5.0
7.53,0.08670310716325065,5.0
7.54,0.08653067807885208,5.0
7.55,0.08635881976254432,5.0
7.56,0.08618752957275695,5.0
7.57,0.08601680488361715,5.0
7.58,0.08584664308483599,5.0
7.59,0.08567704158159531,5.0
7.6,0.08550799779443616,5.0
7.61,0.08533950915914743,5.0
7.62,0.08517157312665607,5.0
7.63,0.08500418716291806,5.0
7.640000000000001,0.08483734874880998,5.0
7.65,0.08467105538002205,5.0
7.66,0.08450530456695163,5.0
7.67,0.08434009383459785,5.0
7.68,0.0841754207224571,5.0
7.69,0.08401128278441936,5.0
7.7,0.08384767758866538,5.0
7.71,0.0836846027175648,5.0
7.72,0.08352205576757513,5.0
7.73,0.08336003434914147,5.0
7.74,0.08319853608659726,5.0
7.75,0.08303755861806561,5.0
7.76,0.08287709959536167,5.0
7.77,0.08271715668389577,5.0
7.78,0.08255772756257729,5.0
7.79,0.08239880992371942,5.0
7.8,0.08224040147294465,5.0
7.81,0.082082499929091,5.0
7.82,0.08192510302411932,5.0
7.83,0.08176820850302091,5.0
7.84,0.08161181412372628,5.0
7.85,0.0814559176570144,5.0
7.86,0.08130051688642294,5.0
7.87,0.08114560960815911,5.0
7.88,0.08099119363101119,5.0
7.890000000000001,0.08083726677626092,5.0
7.9,0.08068382687759655,5.0
7.91,0.08053087178102655,5.0
7.92,0.08037839934479413,5.0
7.930000000000001,0.08022640743929231,5.0
7.94,0.08007489394698007,5.0
7.95,0.07992385676229849,5.0
7.96,0.0797732937915883,5.0
7.97,0.07962320295300765,5.0
7.98,0.0794735821764507,5.0
7.99,0.07932442940346697,5.0
8.0,0.079175742587181,5.0
8.01,0.0790275196922132,5.0
8.02,0.07887975869460073,5.0
8.03,0.07873245758171953,5.0
8.040000000000001,0.07858561435220673,5.0
8.05,0.07843922701588375,5.0
8.06,0.07829329359367995,5.0
8.07,0.07814781211755695,5.0
8.08,0.07800278063043366,5.0
8.09,0.07785819718611163,5.0
8.1,0.07771405984920136,5.0
8.11,0.07757036669504895,5.0
8.120000000000001,0.07742711580966334,5.0
8.13,0.07728430528964435,5.0
8.14,0.07714193324211094,5.0
8.15,0.07699999778463043,5.0
8.16,0.07685849704514797,5.0
8.17,0.07671742916191678,5.0
8.18,0.0765767922834288,5.0
8.19,0.07643658456834602,5.0
8.2,0.07629680418543226,5.0
8.21,0.0761574493134854,5.0
8.22,0.07601851814127054,5.0
8.23,0.07588000886745311,5.0
8.24,0.07574191970053297,5.0
8.25,0.07560424885877887,5.0
8.26,0.07546699457016334,5.0
8.27,0.07533015507229827,5.0
8.28,0.07519372861237081,5.0
8.290000000000001,0.0750577134470799,5.0
8.3,0.07492210784257332,5.0
8.31,0.07478691007438507,5.0
8.32,0.07465211842737339,5.0
8.33,0.0745177311956592,5.0
8.34,0.07438374668256509,5.0
8.35,0.07425016320055461,5.0
8.36,0.07411697907117226,5.0
8.370000000000001,0.07398419262498379,5.0
8.38,0.07385180220151703,5.0
8.39,0.07371980614920313,5.0
8.4,0.07358820282531833,5.0
8.41,0.073456990595926,5.0
8.42,0.07332616783581944,5.0
8.43,0.07319573292846485,5.0
8.44,0.07306568426594481,5.0
8.45,0.07293602024890225,5.0
8.46,0.07280673928648478,5.0
8.47,0.07267783979628954,5.0
8.48,0.07254932020430838,5.0
8.49,0.07242117894487346,5.0
8.5,0.07229341446060332,5.0
8.51,0.0721660252023494,5.0
8.52,0.07203900962914282,5.0
8.53,0.07191236620814172,5.0
8.540000000000001,0.07178609341457884,5.0
8.55,0.0716601897317098,5.0
8.56,0.07153465365076131,5.0
8.57,0.0714094836708802,5.0
8.58,0.07128467829908255,5.0
8.59,0.07116023605020348,5.0
8.6,0.07103615544684701,5.0
8.61,0.07091243501933646,5.0
8.620000000000001,0.07078907330566528,5.0
8.63,0.07066606885144822,5.0
8.64,0.07054342020987264,5.0
8.65,0.07042112594165059,5.0
8.66,0.07029918461497087,5.0
8.67,0.07017759480545172,5.0
8.68,0.07005635509609372,5.0
8.69,0.06993546407723303,5.0
8.700000000000001,0.06981492034649514,5.0
8.71,0.0696947225087488,5.0
8.72,0.06957486917606029,5.0
8.73,0.06945535896764811,5.0
8.74,0.06933619050983812,5.0
8.75,0.06921736243601868,5.0
8.76,0.06909887338659644,5.0
8.77,0.06898072200895229,5.0
8.78,0.06886290695739776,5.0
8.790000000000001,0.06874542689313148,5.0
8.8,0.06862828048419647,5.0
8.81,0.06851146640543707,5.0
8.82,0.06839498333845677,5.0
8.83,0.06827882997157603,5.0
8.84,0.06816300499979053,5.0
8.85,0.06804750712472968,5.0
8.86,0.06793233505461548,5.0
8.870000000000001,0.06781748750422159,5.0
8.88,0.06770296319483289,5.0
8.89,0.06758876085420505,5.0
8.9,0.06747487921652466,5.0
8.91,0.0673613170223695,5.0
8.92,0.06724807301866914,5.0
8.93,0.06713514595866589,5.0
8.94,0.06702253460187589,5.0
8.950000000000001,0.0669102377140506,5.0
8.96,0.06679825406713862,5.0
8.97,0.06668658243924752,5.0
8.98,0.0665752216146063,5.0
8.99,0.06646417038352784,5.0
9.0,0.06635342754237182,5.0
9.01,0.06624299189350774,5.0
9.02,0.06613286224527834,5.0
9.03,0.06602303741196318,5.0
9.04,0.06591351621374257,5.0
9.05,0.06580429747666171,5.0
9.06,0.06569538003259508,5.0
9.07,0.06558676271921113,5.0
9.08,0.06547844437993716,5.0
9.09,0.06537042386392451,5.0
9.1,0.06526270002601396,5.0
9.11,0.0651552717267014,5.0
9.12,0.06504813783210371,5.0
9.13,0.06494129721392497,5.0
9.14,0.06483474874942276,5.0
9.15,0.06472849132137488,5.0
9.16,0.06462252381804615,5.0
9.17,0.0645168451331555,5.0
9.18,0.06441145416584339,5.0
9.19,0.06430634982063922,5.0
9.2,0.0642015310074293,5.0
9.21,0.06409699664142472,5.0
9.22,0.0639927456431297,5.0
9.23,0.06388877693831002,5.0
9.24,0.06378508945796166,5.0
9.25,0.06368168213827977,5.0
9.26,0.06357855392062776,5.0
9.27,0.06347570375150675,5.0
9.28,0.06337313058252494,5.0
9.29,0.06327083337036757,5.0
9.3,0.06316881107676671,5.0
9.31,0.06306706266847172,5.0
9.32,0.06296558711721933,5.0
9.33,0.06286438339970456,5.0
9.34,0.06276345049755125,5.0
9.35,0.06266278739728327,5.0
9.36,0.06256239309029565,5.0
9.37,0.062462266572826046,5.0
9.38,0.06236240684592625,5.0
9.39,0.062262812915434174,5.0
9.4,0.06216348379194566,5.0
9.41,0.0620644184907868,5.0
9.42,0.06196561603198631,5.0
9.43,0.06186707544024806,5.0
9.44,0.06176879574492388,5.0
9.45,0.06167077597998654,5.0
9.46,0.06157301518400283,5.0
9.47,0.06147551240010696,5.0
9.48,0.06137826667597396,5.0
9.49,0.06128127706379348,5.0
9.5,0.061184542620243615,5.0
9.51,0.06108806240646495,5.0
9.52,0.06099183548803479,5.0
9.53,0.06089586093494152,5.0
9.54,0.060800137821559304,5.0
9.55,0.06070466522662268,5.0
9.56,0.060609442233201576,5.0
9.57,0.06051446792867642,5.0
9.58,0.06041974140471327,5.0
9.59,0.06032526175723938,5.0
9.6,0.06023102808641873,5.0
9.61,0.06013703949662782,5.0
9.62,0.06004329509643152,5.0
9.63,0.05994979399855922,5.0
9.64,0.05985653531988109,5.0
9.65,0.05976351818138443,5.0
9.66,0.05967074170815025,5.0
9.67,0.059578205029330006,5.0
9.68,0.05948590727812249,5.0
9.69,0.05939384759175083,5.0
9.7,0.05930202511143969,5.0
9.71,0.05921043898239263,5.0
9.72,0.0591190883537696,5.0
9.73,0.059027972378664514,5.0
9.74,0.05893709021408315,5.0
9.75,0.058846441020920966,5.0
9.76,0.05875602396394131,5.0
9.77,0.05866583821175356,5.0
9.78,0.058575882936791536,5.0
9.79,0.058486157315292026,5.0
9.8,0.058396660527273395,5.0
9.81,0.058307391756514525,5.0
9.82,0.058218350190533584,5.0
9.83,0.05812953502056721,5.0
9.84,0.05804094544154974,5.0
9.85,0.0579525806520925,5.0
9.86,0.05786443985446338,5.0
9.87,0.057776522254566406,5.0
9.88,0.057688827061921515,5.0
9.89,0.05760135348964449,5.0
9.9,0.05751410075442694,5.0
9.91,0.05742706807651644,5.0
9.92,0.057340254679696896,5.0
9.93,0.05725365979126894,5.0
9.94,0.057167282642030394,5.0
9.95,0.057081122466257087,5.0
9.96,0.0569951785016835,5.0
9.97,0.056909449989483836,5.0
9.98,0.056823936174252986,5.0
9.99,0.05673863630398766,5.0
10.0,0.05665354963006779,5.0
10.01,0.05656867540723788,5.0
10.02,0.05648401289358852,5.0
10.03,0.05639956135053816,5.0
10.04,0.056315320042814705,5.0
10.05,0.05623128823843755,5.0
10.06,0.056147465208699565,5.0
10.07,0.05606385022814916,5.0
10.08,0.055980442574572555,5.0
10.09,0.0558972415289762,5.0
10.1,0.05581424637556913,5.0
10.11,0.055731456401745635,5.0
10.12,0.05564887089806792,5.0
10.13,0.0555664891582489,5.0
10.14,0.05548431047913515,5.0
10.15,0.055402334160689896,5.0
10.16,0.05532055950597615,5.0
10.17,0.05523898582113993,5.0
10.18,0.0551576124153937,5.0
10.19,0.05507643860099972,5.0
10.2,0.054995463693253636,5.0
10.21,0.05491468701046814,5.0
10.22,0.05483410787395681,5.0
10.23,0.054753725608017854,5.0
10.24,0.05467353953991819,5.0
10.25,0.05459354899987742,5.0
10.26,0.05451375332105213,5.0
10.27,0.05443415183952007,5.0
10.28,0.054354743894264534,5.0
10.29,0.0542755288271589,5.0
10.3,0.054196505982951115,5.0
10.31,0.05411767470924844,5.0
10.32,0.054039034356502175,5.0
10.33,0.05396058427799253,5.0
10.34,0.05388232382981356,5.0
10.35,0.05380425237085825,5.0
10.36,0.053726369262803636,5.0
10.37,0.05364867387009605,5.0
10.38,0.05357116555993647,5.0
10.39,0.053493843702265904,5.0
10.4,0.05341670766975091,5.0
10.41,0.05333975683776924,5.0
10.42,0.05326299058439548,5.0
10.43,0.05318640829038687,5.0
10.44,0.05311000933916916,5.0
10.45,0.053033793116822533,5.0
10.46,0.052957759012067736,5.0
10.47,0.052881906416252136,5.0
10.48,0.052806234723335996,5.0
10.49,0.052730743329878704,5.0
10.5,0.05265543163502523,5.0
10.51,0.052580299040492585,5.0
10.52,0.05250534495055633,5.0
10.53,0.05243056877203728,5.0
10.54,0.05235596991428822,5.0
10.55,0.0522815477891806,5.0
10.56,0.05220730181109162,5.0
10.57,0.05213323139689103,5.0
10.58,0.052059335965928176,5.0
10.59,0.051985614940019256,5.0
10.6,0.0519120677434344,5.0
10.61,0.051838693802884986,5.0
10.62,0.05176549254751104,5.0
10.63,0.051692463408868614,5.0
10.64,0.05161960582091737,5.0
10.65,0.05154691922000808,5.0
10.66,0.05147440304487035,5.0
10.67,0.05140205673660037,5.0
10.68,0.05132987973864871,5.0
10.69,0.05125787149680819,5.0
10.7,0.05118603145920186,5.0
10.71,0.05111435907627106,5.0
10.72,0.05104285380076351,5.0
10.73,0.05097151508772148,5.0
10.74,0.05090034239447003,5.0
10.75,0.05082933518060539,5.0
10.76,0.05075849290798329,5.0
10.77,0.05068781504070746,5.0
10.78,0.05061730104511816,5.0
10.79,0.05054695038978078,5.0
10.8,0.050476762545474466,5.0
10.81,0.050406736985180986,5.0
10.82,0.05033687318407337,5.0
10.83,0.05026717061950492,5.0
10.84,0.05019762877099806,5.0
10.85,0.050128247120233387,5.0
10.86,0.05005902515103875,5.0
10.87,0.04998996234937836,5.0
10.88,0.049921058203342014,5.0
10.89,0.04985231220313434,5.0
10.9,0.04978372384106417,5.0
10.91,0.04971529261153391,5.0
10.92,0.049647018011028936,5.0
10.93,0.04957889953810724,5.0
10.94,0.049510936693388914,5.0
10.95,0.04944312897954584,5.0
10.96,0.04937547590129136,5.0
10.97,0.04930797696537011,5.0
10.98,0.04924063168054778,5.0
10.99,0.049173439557601006,5.0
11.0,0.04910640010930736,5.0
11.01,0.04903951285043534,5.0
11.02,0.0489727772977344,5.0
11.03,0.048906192969925155,5.0
11.04,0.04883975938768943,5.0
11.05,0.048773476073660685,5.0
11.06,0.04870734255241413,5.0
11.07,0.04864135835045718,5.0
11.08,0.04857552299621987,5.0
11.09,0.048509836020045285,5.0
11.1,0.048444296954180066,5.0
11.11,0.04837890533276505,5.0
11.12,0.048313660691825876,5.0
11.13,0.04824856256926363,5.0
11.14,0.04818361050484568,5.0
11.15,0.04811880404019638,5.0
11.16,0.04805414271878797,5.0
11.17,0.04798962608593146,5.0
11.18,0.047925253688767586,5.0
11.19,0.047861025076257876,5.0
11.2,0.04779693979917562,5.0
11.21,0.047732997410097,5.0
11.22,0.04766919746339233,5.0
11.23,0.047605539515217205,5.0
11.24,0.04754202312350378,5.0
11.25,0.04747864784795206,5.0
11.26,0.04741541325002134,5.0
11.27,0.047352318892921554,5.0
11.28,0.047289364341604745,5.0
11.29,0.04722654916275665,5.0
11.3,0.04716387292478813,5.0
11.31,0.04710133519782697,5.0
11.32,0.04703893555370934,5.0
11.33,0.046976673565971634,5.0
11.34,0.046914548809842214,5.0
11.35,0.04685256086223314,5.0
11.36,0.046790709301732104,5.0
11.37,0.046728993708594256,5.0
11.38,0.04666741366473421,5.0
11.39,0.046605968753717995,5.0
11.4,0.04654465856075509,5.0
11.41,0.046483482672690535,5.0
11.42,0.046422440677997,5.0
11.43,0.046361532166767,5.0
11.44,0.04630075673070509,5.0
11.45,0.046240113963120145,5.0
11.46,0.046179603458917626,5.0
11.47,0.046119224814591984,5.0
11.48,0.046058977628218964,5.0
11.49,0.04599886149944811,5.0
11.5,0.04593887602949519,5.0
11.51,0.045879020821134764,5.0
11.52,0.04581929547869273,5.0
11.53,0.04575969960803885,5.0
11.54,0.045700232816579554,5.0
11.55,0.0456408947132504,5.0
11.56,0.045581684908509036,5.0
11.57,0.045522603014327805,5.0
11.58,0.04546364864418663,5.0
11.59,0.0454048214130658,5.0
11.6,0.04534612093743892,5.0
11.61,0.0452875468352658,5.0
11.62,0.045229098725985434,5.0
11.63,0.04517077623050901,5.0
11.64,0.04511257897121295,5.0
11.65,0.045054506571931996,5.0
11.66,0.044996558657952324,5.0
11.67,0.0449387348560047,5.0
11.68,0.044881034794257736,5.0
11.69,0.044823458102311045,5.0
11.7,0.04476600441118854,5.0
11.71,0.0447086733533318,5.0
11.72,0.044651464562593356,5.0
11.73,0.04459437767423009,5.0
11.74,0.04453741232489667,5.0
11.75,0.044480568152639004,5.0
11.76,0.044423844796887726,5.0
11.77,0.04436724189845177,5.0
11.78,0.04431075909951184,5.0
11.79,0.044254396043614135,5.0
11.8,0.04419815237566385,5.0
11.81,0.04414202774191901,5.0
11.82,0.044086021789984046,5.0
11.83,0.044030134168803546,5.0
11.84,0.04397436452865612,5.0
11.85,0.04391871252114811,5.0
11.86,0.043863177799207516,5.0
11.87,0.04380776001707779,5.0
11.88,0.04375245883031184,5.0
11.89,0.043697273895765894,5.0
11.9,0.043642204871593544,5.0
11.91,0.04358725141723965,5.0
11.92,0.04353241319343456,5.0
11.93,0.043477689862187974,5.0
11.94,0.04342308108678323,5.0
11.95,0.04336858653177134,5.0
11.96,0.04331420586296519,5.0
11.97,0.04325993874743378,5.0
11.98,0.043205784853496396,5.0
11.99,0.043151743850716885,5.0
12.0,0.04309781540989804,5.0
12.01,0.04304399920307577,5.0
12.02,0.042990294903513616,5.0
12.03,0.04293670218569704,5.0
12.04,0.04288322072532789,5.0
12.05,0.04282985019931879,5.0
12.06,0.04277659028578776,5.0
12.07,0.04272344066405253,5.0
12.08,0.04267040101462523,5.0
12.09,0.04261747101920689,5.0
12.1,0.04256465036068203,5.0
12.11,0.04251193872311337,5.0
12.12,0.04245933579173635,5.0
12.13,0.04240684125295393,5.0
12.14,0.04235445479433125,5.0
12.15,0.04230217610459038,5.0
12.16,0.04225000487360507,5.0
12.17,0.042197940792395576,5.0
12.18,0.04214598355312348,5.0
12.19,0.04209413284908649,5.0
12.2,0.04204238837471341,5.0
12.21,0.04199074982555898,5.0
12.22,0.04193921689829882,5.0
12.23,0.041887789290724405,5.0
12.24,0.04183646670173803,5.0
12.25,0.04178524883134785,5.0
12.26,0.0417341353806629,5.0
12.27,0.041683126051888196,5.0
12.28,0.04163222054831975,5.0
12.29,0.04158141857433976,5.0
12.3,0.041530719835411754,5.0
12.31,0.04148012403807573,5.0
12.32,0.041429630889943336,5.0
12.33,0.04137924009969313,5.0
12.34,0.041328951377065826,5.0
12.35,0.04127876443285952,5.0
12.36,0.04122867897892503,5.0
12.37,0.04117869472816119,5.0
12.38,0.041128811394510224,5.0
12.39,0.04107902869295308,5.0
12.4,0.04102934633950486,5.0
12.41,0.0409797640512102,5.0
12.42,0.04093028154613872,5.0
12.43,0.040880898543380534,5.0
12.44,0.040831614763041674,5.0
12.45,0.04078242992623966,5.0
12.46,0.04073334375509899,5.0
12.47,0.040684355972746715,5.0
12.48,0.04063546630330804,5.0
12.49,0.04058667447190194,5.0
12.5,0.040537980204636684,5.0
12.51,0.04048938322860566,5.0
12.52,0.04044088327188289,5.0
12.53,0.04039248006351882,5.0
12.54,0.04034417333353598,5.0
12.55,0.04029596281292481,5.0
12.56,0.04024784823363932,5.0
12.57,0.04019982932859292,5.0
12.58,0.04015190583165425,5.0
12.59,0.040104077477642976,5.0
12.6,0.04005634400232563,5.0
12.61,0.04000870514241154,5.0
12.62,0.03996116063554864,5.0
12.63,0.03991371022031944,5.0
12.64,0.03986635363623697,5.0
12.65,0.03981909062374068,5.0
12.66,0.039771920924192454,5.0
12.67,0.03972484427987259,5.0
12.68,0.03967786043397585,5.0
12.69,0.039630969130607444,5.0
12.7,0.03958417011477915,5.0
12.71,0.039537463132405325,5.0
12.72,0.039490847930299056,5.0
12.73,0.03944432425616826,5.0
12.74,0.03939789185861183,5.0
12.75,0.039351550487115756,5.0
12.76,0.03930529989204935,5.0
12.77,0.03925913982466139,5.0
12.78,0.03921307003707643,5.0
12.79,0.0391670902822909,5.0
12.8,0.039121200314169484,5.0
12.81,0.039075399887441326,5.0
12.82,0.03902968875769631,5.0
12.83,0.038984066681381456,5.0
12.84,0.03893853341579713,5.0
12.85,0.038893088719093485,5.0
12.86,0.038847732350266805,5.0
12.87,0.038802464069155856,5.0
12.88,0.038757283636438315,5.0
12.89,0.03871219081362722,5.0
12.9,0.03866718536306736,5.0
12.91,0.03862226704793173,5.0
12.92,0.03857743563221805,5.0
12.93,0.03853269088074525,5.0
12.94,0.03848803255914994,5.0
12.95,0.03844346043388294,5.0
12.96,0.03839897427220591,5.0
12.97,0.038354573842187815,5.0
12.98,0.03831025891270153,5.0
12.99,0.03826602925342047,5.0
13.0,0.03822188463481518,5.0
13.01,0.03817782482814994,5.0
13.02,0.03813384960547946,5.0
13.03,0.03808995873964552,5.0
13.04,0.03804615200427368,5.0
13.05,0.038002429173769885,5.0
13.06,0.037958790023317326,5.0
13.07,0.03791523432887303,5.0
13.08,0.03787176186716471,5.0
13.09,0.037828372415687435,5.0
13.1,0.03778506575270051,5.0
13.11,0.03774184165722419,5.0
13.12,0.037698699909036515,5.0
13.13,0.03765564028867015,5.0
13.14,0.03761266257740922,5.0
13.15,0.037569766557286166,5.0
13.16,0.03752695201107861,5.0
13.17,0.03748421872230624,5.0
13.18,0.03744156647522777,5.0
13.19,0.03739899505483776,5.0
13.2,0.03735650424686361,5.0
13.21,0.037314093837762546,5.0
13.22,0.037271763614718505,5.0
13.23,0.037229513365639164,5.0
13.24,0.037187342879152915,5.0
13.25,0.03714525194460589,5.0
13.26,0.03710324035205897,5.0
13.27,0.037061307892284824,5.0
13.28,0.037019454356764965,5.0
13.29,0.03697767953768683,5.0
13.3,0.036935983227940825,5.0
13.31,0.03689436522111748,5.0
13.32,0.036852825311504495,5.0
13.33,0.03681136329408389,5.0
13.34,0.036769978964529174,5.0
13.35,0.03672867211920245,5.0
13.36,0.036687442555151585,5.0
13.37,0.03664629007010742,5.0
13.38,0.036605214462480946,5.0
13.39,0.03656421553136051,5.0
13.4,0.036523293076509034,5.0
13.41,0.03648244689836125,5.0
13.42,0.036441676798020954,5.0
13.43,0.03640098257725825,5.0
13.44,0.03636036403850684,5.0
13.45,0.03631982098486133,5.0
13.46,0.03627935322007443,5.0
13.47,0.03623896054855445,5.0
13.48,0.03619864277536245,5.0
13.49,0.03615839970620965,5.0
13.5,0.0361182311474548,5.0
13.51,0.03607813690610151,5.0
13.52,0.03603811678979564,5.0
13.53,0.035998170606822706,5.0
13.54,0.035958298166105254,5.0
13.55,0.03591849927720028,5.0
13.56,0.03587877375029669,5.0
13.57,0.03583912139621269,5.0
13.58,0.03579954202639327,5.0
13.59,0.03576003545290766,5.0
13.6,0.03572060148844681,5.0
13.61,0.03568123994632086,5.0
13.62,0.03564195064045665,5.0
13.63,0.03560273338539527,5.0
13.64,0.035563587996289524,5.0
13.65,0.03552451428890147,5.0
13.66,0.035485512079600046,5.0
13.67,0.035446581185358504,5.0
13.68,0.03540772142375209,5.0
13.69,0.03536893261295558,5.0
13.7,0.03533021457174087,5.0
13.71,0.03529156711947456,5.0
13.72,0.03525299007611566,5.0
13.73,0.03521448326221312,5.0
13.74,0.03517604649890348,5.0
13.75,0.035137679607908597,5.0
13.76,0.035099382411533216,5.0
13.77,0.0350611547326627,5.0
13.78,0.03502299639476068,5.0
13.79,0.03498490722186678,5.0
13.8,0.03494688703859426,5.0
13.81,0.034908935670127844,5.0
13.82,0.03487105294222132,5.0
13.83,0.034833238681195366,5.0
13.84,0.03479549271393525,5.0
13.85,0.034757814867888606,5.0
13.86,0.03472020497106323,5.0
13.87,0.03468266285202478,5.0
13.88,0.03464518833989466,5.0
13.89,0.03460778126434776,5.0
13.9,0.03457044145561029,5.0
13.91,0.03453316874445759,5.0
13.92,0.034495962962211954,5.0
13.93,0.03445882394074049,5.0
13.94,0.03442175151245296,5.0
13.95,0.03438474551029966,5.0
13.96,0.034347805767769246,5.0
13.97,0.034310932118886646,5.0
13.98,0.034274124398210974,5.0
13.99,0.034237382440833374,5.0
14.0,0.03420070608237497,5.0
14.01,0.034164095158984775,5.0
14.02,0.03412754950733763,5.0
14.03,0.03409106896463211,5.0
14.04,0.03405465336858853,5.0
14.05,0.03401830255744682,5.0
14.06,0.033982016369964604,5.0
14.07,0.03394579464541507,5.0
14.08,0.03390963722358501,5.0
14.09,0.033873543944772835,5.0
14.1,0.033837514649786495,5.0
14.11,0.03380154917994161,5.0
14.12,0.03376564737705939,5.0
14.13,0.033729809083464735,5.0
14.14,0.03369403414198424,5.0
14.15,0.033658322395944254,5.0
14.16,0.03362267368916894,5.0
14.17,0.033587087865978374,5.0
14.18,0.03355156477118655,5.0
14.19,0.03351610425009952,5.0
14.2,0.033480706148513506,5.0
14.21,0.03344537031271293,5.0
14.22,0.03341009658946861,5.0
14.23,0.033374884826035824,5.0
14.24,0.033339734870152446,5.0
14.25,0.033304646570037094,5.0
14.26,0.033269619774387305,5.0
14.27,0.03323465433237763,5.0
14.28,0.03319975009365783,5.0
14.29,0.033164906908351055,5.0
14.3,0.033130124627052,5.0
14.31,0.03309540310082512,5.0
14.32,0.03306074218120282,5.0
14.33,0.033026141720183616,5.0
14.34,0.032991601570230414,5.0
14.35,0.03295712158426868,5.0
14.36,0.03292270161568472,5.0
14.37,0.03288834151832383,5.0
14.38,0.03285404114648864,5.0
14.39,0.03281980035493732,5.0
14.4,0.03278561899888182,5.0
14.41,0.03275149693398617,5.0
14.42,0.03271743401636474,5.0
14.43,0.03268343010258055,5.0
14.44,0.03264948504964352,5.0
14.45,0.0326155987150088,5.0
14.46,0.03258177095657506,5.0
14.47,0.03254800163268282,5.0
14.48,0.03251429060211278,5.0
14.49,0.032480637724084084,5.0
14.5,0.03244704285825277,5.0
14.51,0.03241350586471,5.0
14.52,0.03238002660398049,5.0
14.53,0.03234660493702084,5.0
14.54,0.032313240725217886,5.0
14.55,0.032279933830387096,5.0
14.56,0.032246684114770975,5.0
14.57,0.03221349144103739,5.0
14.58,0.03218035567227802,5.0
14.59,0.03214727667200672,5.0
14.6,0.03211425430415795,5.0
14.61,0.03208128843308522,5.0
14.62,0.03204837892355946,5.0
14.63,0.03201552564076748,5.0
14.64,0.03198272845031041,5.0
14.65,0.03194998721820213,5.0
14.66,0.03191730181086774,5.0
14.67,0.03188467209514201,5.0
14.68,0.03185209793826783,5.0
14.69,0.0318195792078947,5.0
14.7,0.031787115772077226,5.0
14.71,0.03175470749927355,5.0
14.72,0.03172235425834393,5.0
14.73,0.03169005591854913,5.0
14.74,0.031657812349549015,5.0
14.75,0.03162562342140103,5.0
14.76,0.031593489004558696,5.0
14.77,0.03156140896987019,5.0
14.78,0.031529383188576815,5.0
14.79,0.0314974115323116,5.0
14.8,0.03146549387309778,5.0
14.81,0.0314336300833474,5.0
14.82,0.03140182003585987,5.0
14.83,0.03137006360382046,5.0
14.84,0.031338360660798974,5.0
14.85,0.03130671108074823,5.0
14.86,0.03127511473800272,5.0
14.87,0.031243571507277152,5.0
14.88,0.031212081263665037,5.0
14.89,0.031180643882637357,5.0
14.9,0.03114925924004108,5.0
14.91,0.031117927212097832,5.0
14.92,0.031086647675402528,5.0
14.93,0.03105542050692193,5.0
14.94,0.031024245583993346,5.0
14.95,0.030993122784323236,5.0
14.96,0.030962051985985856,5.0
14.97,0.030931033067421926,5.0
14.98,0.03090006590743725,5.0
14.99,0.030869150385201403,5.0
0.0,inf,5.0
0.01,1791.5425436440391,5.0
0.02,633.4059406974483,5.0
0.03,344.78252327918426,5.0
0.04,223.9428179555049,5.0
0.05,160.2404364868382,5.0
0.06,121.89903012265997,5.0
0.07,96.73420476886137,5.0
0.08,79.17574258718103,5.0
0.09,66.35342754237182,5.0
0.1,56.653549630067786,5.0
0.11,49.10640010930736,5.0
0.12,43.09781540989803,5.0
0.13,38.221884634815176,5.0
0.14,34.20070608237497,5.0
0.15,30.83828638024639,5.0
0.16,27.99285224443811,5.0
0.17,25.55958180011111,5.0
0.18,23.459479285090676,5.0
0.19,21.632002495285796,5.0
0.2,20.030054560854776,5.0
0.21,18.616506387715503,5.0
0.22,17.361734258475526,5.0
0.23,16.241845380272093,5.0
0.24,15.237378765332496,5.0
0.25,14.332340349152311,5.0
0.26,13.513476907503858,5.0
0.27,12.769723084414231,5.0
0.28,12.091775596107672,5.0
0.29,11.471762017260536,5.0
0.3,10.902980709822488,5.0
0.31,10.3796948272582,5.0
0.32,9.89696782339763,5.0
0.33,9.45053110734736,5.0
0.34,9.036676807575414,5.0
0.35,8.652170304502336,5.0
0.36,8.294178442796477,5.0
0.37,7.960210267284971,5.0
0.38,7.648067827530453,5.0
0.39,7.35580512761512,5.0
0.4,7.081693703758473,5.0
0.41,6.8241936249846775,5.0
0.42,6.581928954378155,5.0
0.43,6.353666897575673,5.0
0.44,6.13830001366342,5.0
0.45,5.934830980994008,5.0
0.46,5.742359503686897,5.0
0.47,5.560071019079876,5.0
0.48,5.387226926237254,5.0
0.49,5.223156103918482,5.0
0.5,5.067247525579584,5.0
0.51,4.91894381088947,5.0
0.52,4.777735579351897,5.0
0.53,4.643156493075736,5.0
0.54,4.514778893431849,5.0
0.55,4.392209950988574,5.0
0.56,4.275088260296871,5.0
0.5700000000000001,4.163080821254636,5.0
0.58,4.0558803572815965,5.0
0.59,3.9532029276751284,5.0
0.6,3.854785797530799,5.0
0.61,3.760385533692244,5.0
0.62,3.6697762995006014,5.0
0.63,3.5827483247726435,5.0
0.64,3.499106530554764,5.0
0.65,3.418669290864058,5.0
0.66,3.341267315909864,5.0
0.67,3.2667426432488647,5.0
0.68,3.194947725013889,5.0
0.6900000000000001,3.1257446008121237,5.0
0.7000000000000001,3.0590041471472387,5.0
0.71,2.9946053953108547,5.0
0.72,2.9324349106363345,5.0
0.73,2.872386226832495,5.0
0.74,2.8143593298339917,5.0
0.75,2.7582601862334744,5.0
0.76,2.7040003119107245,5.0
0.77,2.6514963769563735,5.0
0.78,2.6006698434117146,5.0
0.79,2.5514466327191663,5.0
0.8,2.503756820106847,5.0
0.81,2.4575343534211784,5.0
0.8200000000000001,2.4127167941783365,5.0
0.8300000000000001,2.3692450788329573,5.0
0.84,2.327063298464438,5.0
0.85,2.2861184952605957,5.0
0.86,2.246360474338126,5.0
0.87,2.207741629581565,5.0
0.88,2.1702167823094407,5.0
0.89,2.1337430316897565,5.0
0.9,2.0982796159284365,5.0
0.91,2.0637877833453424,5.0
0.92,2.0302306725340116,5.0
0.93,1.9975732008745624,5.0
0.94,1.9657819607350895,5.0
0.95,1.934825122756165,5.0
0.96,1.904672345666562,5.0
0.97,1.8752946921264995,5.0
0.98,1.8466645501383327,5.0
0.99,1.8187555596039766,5.0
1.0,1.7915425436440389,5.0
1.01,1.7650014443259623,5.0
1.02,1.739109262477771,5.0
1.03,1.7138440012906824,5.0
1.04,1.6891846134379822,5.0
1.05,1.6651109514596365,5.0
1.06,1.641603721182101,5.0
1.07,1.6186444379610987,5.0
1.08,1.5962153855517789,5.0
1.09,1.574299577425892,5.0
1.1,1.552880720369527,5.0
1.11,1.5319431802076666,5.0
1.12,1.511471949513459,5.0
1.13,1.4914526171707783,5.0
1.14,1.471871339668408,5.0
1.15,1.452714814013173,5.0
1.16,1.433970252157567,5.0
1.17,1.4156253568450068,5.0
1.18,1.3976682987827982,5.0
1.19,1.3800876950593188,5.0
1.2,1.362872588727811,5.0
1.21,1.3460124294846274,5.0
1.22,1.3294970553747902,5.0
1.23,1.313316675462344,5.0
1.24,1.297461853407275,5.0
1.25,1.2819234918947058,5.0
1.26,1.26669281786574,5.0
1.27,1.2517613685027087,5.0
1.28,1.2371209779247037,5.0
1.29,1.2227637645521765,5.0
1.3,1.2086821191020907,5.0
1.31,1.1948686931775814,5.0
1.32,1.18131638841842,5.0
1.33,1.1680183461807119,5.0
1.34,1.1549679377162694,5.0
1.35,1.1421587548239402,5.0
1.36,1.1295846009469268,5.0
1.37,1.1172394826917147,5.0
1.38,1.1051176017457454,5.0
1.39,1.0932133471723526,5.0
1.4,1.081521288062792,5.0
1.41,1.070036166526401,5.0
1.42,1.0587528910010635,5.0
1.43,1.047666529867208,5.0
1.44,1.0367723053495597,5.0
1.45,1.026065587691787,5.0
1.46,1.015541889590049,5.0
1.47,1.0051968608722575,5.0
1.48,0.9950262834106214,5.0
1.49,0.9850260662557537,5.0
1.5,0.9751922409812797,5.0
1.51,0.9655209572285068,5.0
1.52,0.9560084784413067,5.0
1.53,0.9466511777818929,5.0
1.54,0.9374455342187069,5.0
1.55,0.9283881287780908,5.0
1.56,0.91947564095189,5.0
1.57,0.9107048452535478,5.0
1.58,0.9020726079156525,5.0
1.59,0.8935758837222784,5.0
1.6,0.8852117129698092,5.0
1.61,0.8769772185502702,5.0
1.62,0.8688696031515063,5.0
1.63,0.8608861465688343,5.0
1.64,0.8530242031230847,5.0
1.65,0.8452811991802023,5.0
1.66,0.8376546307678203,5.0
1.67,0.8301420612844671,5.0
1.68,0.8227411192972693,5.0
1.69,0.8154494964242326,5.0
1.7,0.8082649452973767,5.0
1.71,0.8011852776031778,5.0
1.72,0.7942083621969591,5.0
1.73,0.787332123288023,5.0
1.74,0.7805545386924818,5.0
1.75,0.773873638150891,5.0
1.76,0.7672875017079275,5.0
1.77,0.7607942581514839,5.0
1.78,0.7543920835086845,5.0
1.79,0.7480791995964367,5.0
1.8,0.741853872624251,5.0
1.81,0.7357144118471671,5.0
1.82,0.7296591682667225,5.0
1.83,0.7236865333779972,5.0
1.84,0.7177949379608621,5.0
1.85,0.7119828509136384,5.0
1.86,0.7062487781274603,5.0
1.87,0.7005912613997123,5.0
1.88,0.6950088773849845,5.0
1.89,0.6895002365820556,5.0
1.9,0.6840639823554893,5.0
1.91,0.67869878999048,5.0
1.92,0.6734033657796568,5.0
1.93,0.668176446140601,5.0
1.94,0.6630167967628934,5.0
1.95,0.6579232117835572,5.0
1.96,0.6528945129898103,5.0
1.97,0.6479295490480895,5.0
1.98,0.643027194758353,5.0
1.99,0.6381863503327064,5.0
2.0,0.633405940697448,5.0
2.01,0.6286849148176541,5.0
2.02,0.6240222450434693,5.0
2.03,0.619416926477307,5.0
2.04,0.6148679763611837,5.0
2.05,0.6103744334834581,5.0
2.06,0.6059353576042638,5.0
2.07,0.6015498288989665,5.0
2.08,0.5972169474189871,5.0
2.09,0.5929358325693781,5.0
2.1,0.5887056226025467,5.0
2.11,0.5845254741275585,5.0
2.12,0.580394561634467,5.0
2.13,0.5763120770331426,5.0
2.14,0.5722772292060905,5.0
2.15,0.5682892435747761,5.0
2.16,0.5643473616789811,5.0
2.17,0.5604508407687497,5.0
2.18,0.5565989534084823,5.0
2.19,0.5527909870927715,5.0
2.2,0.5490262438735718,5.0
2.21,0.5453040399983242,5.0
2.22,0.5416237055586631,5.0
2.23,0.5379845841493531,5.0
2.24,0.5343860325371089,5.0
2.25,0.5308274203389746,5.0
2.26,0.5273081297099406,5.0
2.27,0.5238275550394973,5.0
2.28,0.5203851026568297,5.0
2.29,0.5169801905443692,5.0
2.3000000000000003,0.5136122480594343,5.0
2.31,0.5102807156636933,5.0
2.32,0.5069850446601996,5.0
2.33,0.5037246969377547,5.0
2.34,0.5004991447223652,5.0
2.35,0.4973078703355653,5.0
2.36,0.49415036595939105,5.0
2.37,0.49102613340779167,5.0
2.38,0.4879346839042783,5.0
2.39,0.4848755378656126,5.0
2.4,0.48184822469134986,5.0
2.41,0.4788522825590487,5.0
2.42,0.4758872582249799,5.0
2.43,0.4729527068301568,5.0
2.44,0.4700481917115305,5.0
2.45,0.46717328421818716,5.0
2.46,0.4643275635323979,5.0
2.47,0.4615106164953721,5.0
2.48,0.45872203743757517,5.0
2.49,0.455961428013468,5.0
2.5,0.4532283970405423,5.0
2.51,0.45052256034251764,5.0
2.52,0.44784354059658044,5.0
2.53,0.4451909671845434,5.0
2.54,0.4425644760478092,5.0
2.5500000000000003,0.4399637095460289,5.0
2.56,0.4373883163193455,5.0
2.57,0.4348379511541163,5.0
2.58,0.4323122748520174,5.0
2.59,0.4298109541024291,5.0
2.6,0.42733366135800727,5.0
2.61,0.42488007471335326,5.0
2.62,0.42244987778668797,5.0
2.63,0.42004275960445064,5.0
2.64,0.417658414488733,5.0
2.65,0.4152965419474752,5.0
2.66,0.41295684656733894,5.0
2.67,0.41063903790918965,5.0
2.68,0.4083428304061081,5.0
2.69,0.4060679432638663,5.0
2.7,0.4038141003637957,5.0
2.71,0.40158103016798447,5.0
2.72,0.3993684656267361,5.0
2.73,0.3971761440882315,5.0
2.74,0.3950038072103309,5.0
2.75,0.3928512008744589,5.0
2.76,0.39071807510151546,5.0
2.77,0.388604183969759,5.0
2.78,0.386509285534607,5.0
2.79,0.38443314175030374,5.0
2.8000000000000003,0.38237551839340483,5.0
2.81,0.38033618498803023,5.0
2.82,0.37831491473283796,5.0
2.83,0.3763114844296747,5.0
2.84,0.37432567441385683,5.0
2.85,0.3723572684860407,5.0
2.86,0.37040605384564074,5.0
2.87,0.3684718210257517,5.0
2.88,0.3665543638295418,5.0
2.89,0.3646534792680723,5.0
2.9,0.3627689674995114,5.0
2.91,0.3609006317697036,5.0
2.92,0.3590482783540619,5.0
2.93,0.35721171650074685,5.0
2.94,0.3553907583751018,5.0
2.95,0.3535852190053108,5.0
2.96,0.35179491622924897,5.0
2.97,0.35001967064249473,5.0
2.98,0.34825930554747647,5.0
2.99,0.3465136469037215,5.0
3.0,0.3447825232791843,5.0
3.01,0.3430657658026231,5.0
3.02,0.3413632081170018,5.0
3.03,0.3396746863338908,5.0
3.04,0.33800003898884057,5.0
3.0500000000000003,0.3363391069977073,5.0
3.06,0.33469173361390425,5.0
3.0700000000000003,0.3330577643865578,5.0
3.08,0.3314370471195467,5.0
3.09,0.32982943183140023,5.0
3.1,0.3282347707160389,5.0
3.11,0.3266529181043334,5.0
3.12,0.3250837304264643,5.0
3.13,0.3235270661750631,5.0
3.14,0.32198278586911455,5.0
3.15,0.32045075201860507,5.0
3.16,0.3189308290898958,5.0
3.17,0.3174228834718068,5.0
3.18,0.31592678344239244,5.0
3.19,0.3144423991363948,5.0
3.2,0.31296960251335587,5.0
3.21,0.31150826732637704,5.0
3.22,0.3100582690915065,5.0
3.23,0.3086194850577444,5.0
3.24,0.3071917941776473,5.0
3.25,0.3057750770785214,5.0
3.26,0.3043692160341894,5.0
3.27,0.3029740949373177,5.0
3.28,0.3015895992722921,5.0
3.29,0.3002156160886289,5.0
3.3000000000000003,0.29885203397490884,5.0
3.31,0.2974987430332233,5.0
3.3200000000000003,0.29615563485411966,5.0
3.33,0.29482260249203596,5.0
3.34,0.2934995404412127,5.0
3.35,0.29218634461207227,5.0
3.36,0.29088291230805474,5.0
3.37,0.2895891422028996,5.0
3.38,0.2883049343183651,5.0
3.39,0.2870301900023735,5.0
3.4,0.28576481190757447,5.0
3.41,0.2845087039703162,5.0
3.42,0.28326177139001674,5.0
3.43,0.2820239206089253,5.0
3.44,0.2807950592922657,5.0
3.45,0.2795750963087541,5.0
3.46,0.278363941711482,5.0
3.47,0.2771615067191573,5.0
3.48,0.27596770369769563,5.0
3.49,0.27478244614215397,5.0
3.5,0.2736056486589998,5.0
3.51,0.27243722694870826,5.0
3.52,0.2712770977886801,5.0
3.53,0.27012517901647515,5.0
3.54,0.26898138951335154,5.0
3.5500000000000003,0.267845649188108,5.0
3.56,0.26671787896121957,5.0
3.5700000000000003,0.2655980007492626,5.0
3.58,0.26448593744962257,5.0
3.59,0.26338161292547774,5.0
3.6,0.26228495199105456,5.0
3.61,0.26119588039714814,5.0
3.62,0.2601143248169022,5.0
3.63,0.2590402128318439,5.0
3.64,0.2579734729181678,5.0
3.65,0.2569140344332636,5.0
3.66,0.25586182760248327,5.0
3.67,0.2548167835061426,5.0
3.68,0.25377883406675145,5.0
3.69,0.25274791203646957,5.0
3.7,0.25172395098478223,5.0
3.71,0.2507068852863918,5.0
3.72,0.2496966501093203,5.0
3.73,0.24869318140322022,5.0
3.74,0.24769641588788685,5.0
3.75,0.24670629104197112,5.0
3.76,0.24572274509188619,5.0
3.77,0.24474571700090578,5.0
3.78,0.2437751464584502,5.0
3.79,0.242810973869555,5.0
3.8,0.24185314034452063,5.0
3.81,0.24090158768873773,5.0
3.82,0.23995625839268644,5.0
3.83,0.23901709562210402,5.0
3.84,0.23808404320832025,5.0
3.85,0.23715704563875437,5.0
3.86,0.23623604804757345,5.0
3.87,0.2353209962065064,5.0
3.88,0.23441183651581243,5.0
3.89,0.23350851599539982,5.0
3.9,0.23261098227609311,5.0
3.91,0.23171918359104524,5.0
3.92,0.2308330687672916,5.0
3.93,0.22995258721744433,5.0
3.94,0.22907768893152294,5.0
3.95,0.2282083244689198,5.0
3.96,0.22734444495049708,5.0
3.97,0.22648600205081296,5.0
3.98,0.2256329479904752,5.0
3.99,0.22478523552861854,5.0
4.0,0.22394281795550486,5.0
4.01,0.2231056490852428,5.0
4.0200000000000005,0.222273683248625,5.0
4.03,0.22144687528608148,5.0
4.04,0.22062518054074529,5.0
4.05,0.21980855485162992,5.0
4.0600000000000005,0.21899695454691637,5.0
4.07,0.21819033643734637,5.0
4.08,0.2173886578097214,5.0
4.09,0.21659187642050473,5.0
4.1,0.21579995048952522,5.0
4.11,0.2150128386937799,5.0
4.12,0.2142305001613353,5.0
4.13,0.21345289446532348,5.0
4.14,0.21267998161803325,5.0
4.15,0.21191172206509362,5.0
4.16,0.21114807667974778,5.0
4.17,0.21038900675721653,5.0
4.18,0.20963447400914934,5.0
4.19,0.20888444055816122,5.0
4.2,0.20813886893245456,5.0
4.21,0.20739772206052334,5.0
4.22,0.20666096326593922,5.0
4.23,0.20592855626221757,5.0
4.24,0.20520046514776263,5.0
4.25,0.20447665440088889,5.0
4.26,0.20375708887491953,5.0
4.2700000000000005,0.20304173379335863,5.0
4.28,0.20233055474513734,5.0
4.29,0.20162351767993122,5.0
4.3,0.2009205889035489,5.0
4.3100000000000005,0.20022173507339017,5.0
4.32,0.19952692319397236,5.0
4.33,0.19883612061252368,5.0
4.34,0.19814929501464246,5.0
4.3500000000000005,0.19746641442002155,5.0
4.36,0.1967874471782365,5.0
4.37,0.19611236196459553,5.0
4.38,0.195441127776052,5.0
4.39,0.1947737139271769,5.0
4.4,0.19411009004619087,5.0
4.41,0.19345022607105483,5.0
4.42,0.19279409224561767,5.0
4.43,0.19214165911582085,5.0
4.44,0.19149289752595833,5.0
4.45,0.1908477786149913,5.0
4.46,0.19020627381291622,5.0
4.47,0.18956835483718584,5.0
4.48,0.18893399368918237,5.0
4.49,0.1883031626507413,5.0
4.5,0.18767583428072535,5.0
4.51,0.18705198141164847,5.0
4.5200000000000005,0.18643157714634723,5.0
4.53,0.18581459485470117,5.0
4.54,0.185201008170399,5.0
4.55,0.18459079098775177,5.0
4.5600000000000005,0.18398391745855092,5.0
4.57,0.18338036198897145,5.0
4.58,0.18278009923651847,5.0
4.59,0.18218310410701738,5.0
4.6000000000000005,0.18158935175164656,5.0
4.61,0.18099881756401165,5.0
4.62,0.180411477177261,5.0
4.63,0.17982730646124184,5.0
4.64,0.17924628151969588,5.0
4.65,0.17866837868749455,5.0
4.66,0.17809357452791244,5.0
4.67,0.1775218458299387,5.0
4.68,0.17695316960562585,5.0
4.69,0.1763875230874753,5.0
4.7,0.17582488372585922,5.0
4.71,0.17526522918647744,5.0
4.72,0.17470853734784977,5.0
4.73,0.17415478629884265,5.0
4.74,0.17360395433622988,5.0
4.75,0.1730560199622864,5.0
4.76,0.17251096188241485,5.0
4.7700000000000005,0.17196875900280506,5.0
4.78,0.17142939042812466,5.0
4.79,0.17089283545924147,5.0
4.8,0.17035907359097638,5.0
4.8100000000000005,0.16982808450988673,5.0
4.82,0.16929984809208,5.0
4.83,0.16877434440105596,5.0
4.84,0.16825155368557843,5.0
4.8500000000000005,0.1677314563775757,5.0
4.86,0.1672140330900685,5.0
4.87,0.166699264615126,5.0
4.88,0.16618713192184878,5.0
4.89,0.1656776161543787,5.0
4.9,0.16517069862993522,5.0
4.91,0.1646663608368777,5.0
4.92,0.164164584432793,5.0
4.93,0.16366535124260875,5.0
4.94,0.1631686432567309,5.0
4.95,0.16267444262920647,5.0
4.96,0.16218273167590938,5.0
4.97,0.1616934928727508,5.0
4.98,0.1612067088539125,5.0
4.99,0.16072236241010338,5.0
5.0,0.16024043648683822,5.0
5.01,0.15976091418273933,5.0
5.0200000000000005,0.15928377874785984,5.0
5.03,0.15880901358202887,5.0
5.04,0.1583366022332175,5.0
5.05,0.15786652839592646,5.0
5.0600000000000005,0.15739877590959417,5.0
5.07,0.15693332875702518,5.0
5.08,0.1564701710628386,5.0
5.09,0.15600928709193676,5.0
5.1000000000000005,0.1555506612479928,5.0
5.11,0.15509427807195808,5.0
5.12,0.15464012224058796,5.0
5.13,0.1541881785649866,5.0
5.14,0.1537384319891702,5.0
5.15,0.1532908675886481,5.0
5.16,0.15284547056902206,5.0
5.17,0.15240222626460267,5.0
5.18,0.15196112013704377,5.0
5.19,0.1515221377739932,5.0
5.2,0.15108526488776133,5.0
5.21,0.15065048731400513,5.0
5.22,0.15021779101042954,5.0
5.23,0.14978716205550438,5.0
5.24,0.14935858664719767,5.0
5.25,0.148932051101724,5.0
5.26,0.1485075418523089,5.0
5.2700000000000005,0.14808504544796822,5.0
5.28,0.1476645485523025,5.0
5.29,0.14724603794230617,5.0
5.3,0.1468295005071916,5.0
5.3100000000000005,0.14641492324722694,5.0
5.32,0.14600229327258898,5.0
5.33,0.1455915978022292,5.0
5.34,0.14518282416275388,5.0
5.3500000000000005,0.1447759597873183,5.0
5.36,0.14437099221453367,5.0
5.37,0.14396790908738746,5.0
5.38,0.14356669815217704,5.0
5.39,0.1431673472574559,5.0
5.4,0.14276984435299253,5.0
5.41,0.1423741774887423,5.0
5.42,0.14198033481383066,5.0
5.43,0.14158830457554974,5.0
5.44,0.14119807511836585,5.0
5.45,0.14080963488293954,5.0
5.46,0.14042297240515692,5.0
5.47,0.14003807631517265,5.0
5.48,0.13965493533646434,5.0
5.49,0.1392735382848979,5.0
5.5,0.13889387406780423,5.0
5.51,0.13851593168306642,5.0
5.5200000000000005,0.13813970021821817,5.0
5.53,0.13776516884955242,5.0
5.54,0.13739232684124061,5.0
5.55,0.13702116354446214,5.0
5.5600000000000005,0.13665166839654405,5.0
5.57,0.13628383092011098,5.0
5.58,0.13591764072224452,5.0
5.59,0.13555308749365266,5.0
5.6000000000000005,0.13519016100784897,5.0
5.61,0.13482885112034115,5.0
5.62,0.13446914776782865,5.0
5.63,0.13411104096741028,5.0
5.64,0.13375452081580014,5.0
5.65,0.1333995774885532,5.0
5.66,0.13304620123929944,5.0
5.67,0.13269438239898682,5.0
5.68,0.13234411137513294,5.0
5.69,0.1319953786510852,5.0
5.7,0.1316481747852897,5.0
5.71,0.13130249041056763,5.0
5.72,0.130958316233401,5.0
5.73,0.13061564303322562,5.0
5.74,0.13027446166173243,5.0
5.75,0.12993476304217674,5.0
5.76,0.12959653816869496,5.0
5.7700000000000005,0.12925977810562952,5.0
5.78,0.12892447398686102,5.0
5.79,0.12859061701514782,5.0
5.8,0.12825819846147338,5.0
5.8100000000000005,0.12792720966440052,5.0
5.82,0.12759764202943327,5.0
5.83,0.12726948702838536,5.0
5.84,0.12694273619875612,5.0
5.8500000000000005,0.12661738114311327,5.0
5.86,0.12629341352848233,5.0
5.87,0.125970825085743,5.0
5.88,0.12564960760903218,5.0
5.89,0.12532975295515336,5.0
5.9,0.1250112530429929,5.0
5.91,0.12469409985294244,5.0
5.92,0.12437828542632767,5.0
5.93,0.1240638018648434,5.0
5.94,0.12375064132999496,5.0
5.95,0.12343879604254547,5.0
5.96,0.12312825828196922,5.0
5.97,0.12281902038591096,5.0
5.98,0.12251107474965121,5.0
5.99,0.12220441382557728,5.0
6.0,0.12189903012265996,5.0
6.01,0.12159491620593582,5.0
6.0200000000000005,0.12129206469599534,5.0
6.03,0.1209904682684765,5.0
6.04,0.12069011965356335,5.0
6.05,0.12039101163549078,5.0
6.0600000000000005,0.12009313705205384,5.0
6.07,0.11979648879412284,5.0
6.08,0.11950105980516333,5.0
6.09,0.11920684308076124,5.0
6.1000000000000005,0.1189138316681533,5.0
6.11,0.11862201866576218,5.0
6.12,0.11833139722273661,5.0
6.13,0.11804196053849664,5.0
6.140000000000001,0.11775370186228325,5.0
6.15,0.11746661449271324,5.0
6.16,0.11718069177733836,5.0
6.17,0.1168959271122094,5.0
6.18,0.11661231394144463,5.0
6.19,0.11632984575680291,5.0
6.2,0.11604851609726136,5.0
6.21,0.11576831854859719,5.0
6.22,0.11548924674297406,5.0
6.23,0.11521129435853279,5.0
6.24,0.11493445511898626,5.0
6.25,0.11465872279321851,5.0
6.26,0.114384091194888,5.0
6.2700000000000005,0.11411055418203508,5.0
6.28,0.11383810565669347,5.0
6.29,0.11356673956450561,5.0
6.3,0.11329644989434218,5.0
6.3100000000000005,0.11302723067792543,5.0
6.32,0.11275907598945656,5.0
6.33,0.1124919799452465,5.0
6.34,0.11222593670335092,5.0
6.3500000000000005,0.11196094046320883,5.0
6.36,0.1116969854652848,5.0
6.37,0.11143406599071479,5.0
6.38,0.11117217636095587,5.0
6.390000000000001,0.11091131093743904,5.0
6.4,0.11065146412122615,5.0
6.41,0.11039263035266968,5.0
6.42,0.1101348041110765,5.0
6.43,0.10987797991437469,5.0
6.44,0.10962215231878378,5.0
6.45,0.10936731591848857,5.0
6.46,0.10911346534531575,5.0
6.47,0.10886059526841417,5.0
6.48,0.10860870039393829,5.0
6.49,0.10835777546473449,5.0
6.5,0.10810781526003088,5.0
6.51,0.10785881459512989,5.0
6.5200000000000005,0.10761076832110428,5.0
6.53,0.10736367132449577,5.0
6.54,0.10711751852701705,5.0
6.55,0.10687230488525647,5.0
6.5600000000000005,0.10662802539038559,5.0
6.57,0.1063846750678702,5.0
6.58,0.10614224897718333,5.0
6.59,0.10590074221152182,5.0
6.6000000000000005,0.10566014989752527,5.0
6.61,0.10542046719499791,5.0
6.62,0.10518168929663319,5.0
6.63,0.10494381142774095,5.0
6.640000000000001,0.10470682884597751,5.0
6.65,0.10447073684107816,5.0
6.66,0.10423553073459225,5.0
6.67,0.10400120587962117,5.0
6.68,0.10376775766055839,5.0
6.69,0.10353518149283263,5.0
6.7,0.10330347282265288,5.0
6.71,0.10307262712675634,5.0
6.72,0.10284263991215867,5.0
6.73,0.10261350671590658,5.0
6.74,0.10238522310483288,5.0
6.75,0.10215778467531386,5.0
6.76,0.10193118705302907,5.0
6.7700000000000005,0.10170542589272327,5.0
6.78,0.10148049687797074,5.0
6.79,0.1012563957209419,5.0
6.8,0.10103311816217209,5.0
6.8100000000000005,0.10081065997033241,5.0
6.82,0.1005890169420033,5.0
6.83,0.10036818490144934,5.0
6.84,0.10014815970039723,5.0
6.8500000000000005,0.09992893721781496,5.0
6.86,0.09971051335969379,5.0
6.87,0.09949288405883186,5.0
6.88,0.09927604527461989,5.0
6.890000000000001,0.09905999299282915,5.0
6.9,0.09884472322540107,5.0
6.91,0.09863023201023924,5.0
6.92,0.09841651541100288,5.0
6.93,0.09820356951690275,5.0
6.94,0.09799139044249847,5.0
6.95,0.09777997432749833,5.0
6.96,0.09756931733656023,5.0
6.97,0.09735941565909517,5.0
6.98,0.09715026550907219,5.0
6.99,0.09694186312482511,5.0
7.0,0.09673420476886138,5.0
7.01,0.09652728672767225,5.0
7.0200000000000005,0.09632110531154499,5.0
7.03,0.09611565685437694,5.0
7.04,0.09591093771349093,5.0
7.05,0.09570694426945273,5.0
7.0600000000000005,0.09550367292588981,5.0
7.07,0.09530112010931244,5.0
7.08,0.09509928226893549,5.0
7.09,0.09489815587650272,5.0
7.1000000000000005,0.09469773742611212,5.0
7.11,0.0944980234340432,5.0
7.12,0.09429901043858556,5.0
7.13,0.09410069499986928,5.0
7.140000000000001,0.09390307369969665,5.0
7.15,0.09370614314137561,5.0
7.16,0.09350989994955455,5.0
7.17,0.09331434077005872,5.0
7.18,0.09311946226972788,5.0
7.19,0.09292526113625592,5.0
7.2,0.09273173407803137,5.0
7.21,0.09253887782397972,5.0
7.22,0.09234668912340693,5.0
7.23,0.09215516474584451,5.0
7.24,0.09196430148089589,5.0
7.25,0.09177409613808428,5.0
7.26,0.09158454554670169,5.0
7.27,0.09139564655565952,5.0
7.28,0.09120739603334031,5.0
7.29,0.09101979086745106,5.0
7.3,0.09083282796487743,5.0
7.31,0.09064650425153968,5.0
7.32,0.09046081667224964,5.0
7.33,0.09027576219056901,5.0
7.34,0.09009133778866892,5.0
7.35,0.08990754046719066,5.0
7.36,0.08972436724510777,5.0
7.37,0.08954181515958935,5.0
7.38,0.08935988126586432,5.0
7.390000000000001,0.08917856263708718,5.0
7.4,0.0889978563642048,5.0
7.41,0.08881775955582445,5.0
7.42,0.08863826933808275,5.0
7.43,0.08845938285451624,5.0
7.44,0.08828109726593254,5.0
7.45,0.08810340975028308,5.0
7.46,0.0879263175025366,5.0
7.47,0.087749817734554,5.0
7.48,0.08757390767496404,5.0
7.49,0.0873985845690405,5.0
7.5,0.0872238456785799,5.0
7.51,0.08704968828178063,5.0
7.52,0.08687610967312306,5.0
7.53,0.08670310716325065,5.0
7.54,0.08653067807885208,5.0
7.55,0.08635881976254432,5.0
7.56,0.08618752957275695,5.0
7.57,0.08601680488361715,5.0
7.58,0.08584664308483599,5.0
7.59,0.08567704158159531,5.0
7.6,0.08550799779443616,5.0
7.61,0.08533950915914743,5.0
7.62,0.08517157312665607,5.0
7.63,0.08500418716291806,5.0
7.640000000000001,0.08483734874880998,5.0
7.65,0.08467105538002205,5.0
7.66,0.08450530456695163,5.0
7.67,0.08434009383459785,5.0
7.68,0.0841754207224571,5.0
7.69,0.08401128278441936,5.0
7.7,0.08384767758866538,5.0
7.71,0.0836846027175648,5.0
7.72,0.08352205576757513,5.0
7.73,0.08336003434914147,5.0
7.74,0.08319853608659726,5.0
7.75,0.08303755861806561,5.0
7.76,0.08287709959536167,5.0
7.77,0.08271715668389577,5.0
7.78,0.08255772756257729,5.0
7.79,0.08239880992371942,5.0
7.8,0.08224040147294465,5.0
7.81,0.082082499929091,5.0
7.82,0.08192510302411932,5.0
7.83,0.08176820850302091,5.0
7.84,0.08161181412372628,5.0
7.85,0.0814559176570144,5.0
7.86,0.08130051688642294,5.0
7.87,0.08114560960815911,5.0
7.88,0.08099119363101119,5.0
7.890000000000001,0.08083726677626092,5.0
7.9,0.08068382687759655,5.0
7.91,0.08053087178102655,5.0
7.92,0.08037839934479413,5.0
7.930000000000001,0.08022640743929231,5.0
7.94,0.08007489394698007,5.0
7.95,0.07992385676229849,5.0
7.96,0.0797732937915883,5.0
7.97,0.07962320295300765,5.0
7.98,0.0794735821764507,5.0
7.99,0.07932442940346697,5.0
8.0,0.079175742587181,5.0
8.01,0.0790275196922132,5.0
8.02,0.07887975869460073,5.0
8.03,0.07873245758171953,5.0
8.040000000000001,0.07858561435220673,5.0
8.05,0.07843922701588375,5.0
8.06,0.07829329359367995,5.0
8.07,0.07814781211755695,5.0
8.08,0.07800278063043366,5.0
8.09,0.07785819718611163,5.0
8.1,0.07771405984920136,5.0
8.11,0.07757036669504895,5.0
8.120000000000001,0.07742711580966334,5.0
8.13,0.07728430528964435,5.0
8.14,0.07714193324211094,5.0
8.15,0.07699999778463043,5.0
8.16,0.07685849704514797,5.0
8.17,0.07671742916191678,5.0
8.18,0.0765767922834288,5.0
8.19,0.07643658456834602,5.0
8.2,0.07629680418543226,5.0
8.21,0.0761574493134854,5.0
8.22,0.07601851814127054,5.0
8.23,0.07588000886745311,5.0
8.24,0.07574191970053297,5.0
8.25,0.07560424885877887,5.0
8.26,0.07546699457016334,5.0
8.27,0.07533015507229827,5.0
8.28,0.07519372861237081,5.0
8.290000000000001,0.0750577134470799,5.0
8.3,0.07492210784257332,5.0
8.31,0.07478691007438507,5.0
8.32,0.07465211842737339,5.0
8.33,0.0745177311956592,5.0
8.34,0.07438374668256509,5.0
8.35,0.07425016320055461,5.0
8.36,0.07411697907117226,5.0
8.370000000000001,0.07398419262498379,5.0
8.38,0.07385180220151703,5.0
8.39,0.07371980614920313,5.0
8.4,0.07358820282531833,5.0
8.41,0.073456990595926,5.0
8.42,0.07332616783581944,5.0
8.43,0.07319573292846485,5.0
8.44,0.07306568426594481,5.0
8.45,0.07293602024890225,5.0
8.46,0.07280673928648478,5.0
8.47,0.07267783979628954,5.0
8.48,0.07254932020430838,5.0
8.49,0.07242117894487346,5.0
8.5,0.07229341446060332,5.0
8.51,0.0721660252023494,5.0
8.52,0.07203900962914282,5.0
8.53,0.07191236620814172,5.0
8.540000000000001,0.07178609341457884,5.0
8.55,0.0716601897317098,5.0
8.56,0.07153465365076131,5.0
8.57,0.0714094836708802,5.0
8.58,0.07128467829908255,5.0
8.59,0.07116023605020348,5.0
8.6,0.07103615544684701,5.0
8.61,0.07091243501933646,5.0
8.620000000000001,0.07078907330566528,5.0
8.63,0.07066606885144822,5.0
8.64,0.07054342020987264,5.0
8.65,0.07042112594165059,5.0
8.66,0.07029918461497087,5.0
8.67,0.07017759480545172,5.0
8.68,0.07005635509609372,5.0
8.69,0.06993546407723303,5.0
8.700000000000001,0.06981492034649514,5.0
8.71,0.0696947225087488,5.0
8.72,0.06957486917606029,5.0
8.73,0.06945535896764811,5.0
8.74,0.06933619050983812,5.0
8.75,0.06921736243601868,5.0
8.76,0.06909887338659644,5.0
8.77,0.06898072200895229,5.0
8.78,0.06886290695739776,5.0
8.790000000000001,0.06874542689313148,5.0
8.8,0.06862828048419647,5.0
8.81,0.06851146640543707,5.0
8.82,0.06839498333845677,5.0
8.83,0.06827882997157603,5.0
8.84,0.06816300499979053,5.0
8.85,0.06804750712472968,5.0
8.86,0.06793233505461548,5.0
8.870000000000001,0.06781748750422159,5.0
8.88,0.06770296319483289,5.0
8.89,0.06758876085420505,5.0
8.9,0.06747487921652466,5.0
8.91,0.0673613170223695,5.0
8.92,0.06724807301866914,5.0
8.93,0.06713514595866589,5.0
8.94,0.06702253460187589,5.0
8.950000000000001,0.0669102377140506,5.0
8.96,0.06679825406713862,5.0
8.97,0.06668658243924752,5.0
8.98,0.0665752216146063,5.0
8.99,0.06646417038352784,5.0
9.0,0.06635342754237182,5.0
9.01,0.06624299189350774,5.0
9.02,0.06613286224527834,5.0
9.03,0.06602303741196318,5.0
9.04,0.06591351621374257,5.0
9.05,0.06580429747666171,5.0
9.06,0.06569538003259508,5.0
9.07,0.06558676271921113,5.0
9.08,0.06547844437993716,5.0
9.09,0.06537042386392451,5.0
9.1,0.06526270002601396,5.0
9.11,0.0651552717267014,5.0
9.12,0.06504813783210371,5.0
9.13,0.06494129721392497,5.0
9.14,0.06483474874942276,5.0
9.15,0.06472849132137488,5.0
9.16,0.06462252381804615,5.0
9.17,0.0645168451331555,5.0
9.18,0.06441145416584339,5.0
9.19,0.06430634982063922,5.0
9.2,0.0642015310074293,5.0
9.21,0.06409699664142472,5.0
9.22,0.0639927456431297,5.0
9.23,0.06388877693831002,5.0
9.24,0.06378508945796166,5.0
9.25,0.06368168213827977,5.0
9.26,0.06357855392062776,5.0
9.27,0.06347570375150675,5.0
9.28,0.06337313058252494,5.0
9.29,0.06327083337036757,5.0
9.3,0.06316881107676671,5.0
9.31,0.06306706266847172,5.0
9.32,0.06296558711721933,5.0
9.33,0.06286438339970456,5.0
9.34,0.06276345049755125,5.0
9.35,0.06266278739728327,5.0
9.36,0.06256239309029565,5.0
9.37,0.062462266572826046,5.0
9.38,0.06236240684592625,5.0
9.39,0.062262812915434174,5.0
9.4,0.06216348379194566,5.0
9.41,0.0620644184907868,5.0
9.42,0.06196561603198631,5.0
9.43,0.06186707544024806,5.0
9.44,0.06176879574492388,5.0
9.45,0.06167077597998654,5.0
9.46,0.06157301518400283,5.0
9.47,0.06147551240010696,5.0
9.48,0.06137826667597396,5.0
9.49,0.06128127706379348,5.0
9.5,0.061184542620243615,5.0
9.51,0.06108806240646495,5.0
9.52,0.06099183548803479,5.0
9.53,0.06089586093494152,5.0
9.54,0.060800137821559304,5.0
9.55,0.06070466522662268,5.0
9.56,0.060609442233201576,5.0
9.57,0.06051446792867642,5.0
9.58,0.06041974140471327,5.0
9.59,0.06032526175723938,5.0
9.6,0.06023102808641873,5.0
9.61,0.06013703949662782,5.0
9.62,0.06004329509643152,5.0
9.63,0.05994979399855922,5.0
9.64,0.05985653531988109,5.0
9.65,0.05976351818138443,5.0
9.66,0.05967074170815025,5.0
9.67,0.059578205029330006,5.0
9.68,0.05948590727812249,5.0
9.69,0.05939384759175083,5.0
9.7,0.05930202511143969,5.0
9.71,0.05921043898239263,5.0
9.72,0.0591190883537696,5.0
9.73,0.059027972378664514,5.0
9.74,0.05893709021408315,5.0
9.75,0.058846441020920966,5.0
9.76,0.05875602396394131,5.0
9.77,0.05866583821175356,5.0
9.78,0.058575882936791536,5.0
9.79,0.058486157315292026,5.0
9.8,0.058396660527273395,5.0
9.81,0.058307391756514525,5.0
9.82,0.058218350190533584,5.0
9.83,0.05812953502056721,5.0
9.84,0.05804094544154974,5.0
9.85,0.0579525806520925,5.0
9.86,0.05786443985446338,5.0
9.87,0.057776522254566406,5.0
9.88,0.057688827061921515,5.0
9.89,0.05760135348964449,5.0
9.9,0.05751410075442694,5.0
9.91,0.05742706807651644,5.0
9.92,0.057340254679696896,5.0
9.93,0.05725365979126894,5.0
9.94,0.057167282642030394,5.0
9.95,0.057081122466257087,5.0
9.96,0.0569951785016835,5.0
9.97,0.056909449989483836,5.0
9.98,0.056823936174252986,5.0
9.99,0.05673863630398766,5.0
10.0,0.05665354963006779,5.0
10.01,0.05656867540723788,5.0
10.02,0.05648401289358852,5.0
10.03,0.05639956135053816,5.0
10.04,0.056315320042814705,5.0
10.05,0.05623128823843755,5.0
10.06,0.056147465208699565,5.0
10.07,0.05606385022814916,5.0
10.08,0.055980442574572555,5.0
10.09,0.0558972415289762,5.0
10.1,0.05581424637556913,5.0
10.11,0.055731456401745635,5.0
10.12,0.05564887089806792,5.0
10.13,0.0555664891582489,5.0
10.14,0.05548431047913515,5.0
10.15,0.055402334160689896,5.0
10.16,0.05532055950597615,5.0
10.17,0.05523898582113993,5.0
10.18,0.0551576124153937,5.0
10.19,0.05507643860099972,5.0
10.2,0.054995463693253636,5.0
10.21,0.05491468701046814,5.0
10.22,0.05483410787395681,5.0
10.23,0.054753725608017854,5.0
10.24,0.05467353953991819,5.0
10.25,0.05459354899987742,5.0
10.26,0.05451375332105213,5.0
10.27,0.05443415183952007,5.0
10.28,0.054354743894264534,5.0
10.29,0.0542755288271589,5.0
10.3,0.054196505982951115,5.0
10.31,0.05411767470924844,5.0
10.32,0.054039034356502175,5.0
10.33,0.05396058427799253,5.0
10.34,0.05388232382981356,5.0
10.35,0.05380425237085825,5.0
10.36,0.053726369262803636,5.0
10.37,0.05364867387009605,5.0
10.38,0.05357116555993647,5.0
10.39,0.053493843702265904,5.0
10.4,0.05341670766975091,5.0
10.41,0.05333975683776924,5.0
10.42,0.05326299058439548,5.0
10.43,0.05318640829038687,5.0
10.44,0.05311000933916916,5.0
10.45,0.053033793116822533,5.0
10.46,0.052957759012067736,5.0
10.47,0.052881906416252136,5.0
10.48,0.052806234723335996,5.0
10.49,0.052730743329878704,5.0
10.5,0.05265543163502523,5.0
10.51,0.052580299040492585,5.0
10.52,0.05250534495055633,5.0
10.53,0.05243056877203728,5.0
10.54,0.05235596991428822,5.0
10.55,0.0522815477891806,5.0
10.56,0.05220730181109162,5.0
10.57,0.05213323139689103,5.0
10.58,0.052059335965928176,5.0
10.59,0.051985614940019256,5.0
10.6,0.0519120677434344,5.0
10.61,0.051838693802884986,5.0
10.62,0.05176549254751104,5.0
10.63,0.051692463408868614,5.0
10.64,0.05161960582091737,5.0
10.65,0.05154691922000808,5.0
10.66,0.05147440304487035,5.0
10.67,0.05140205673660037,5.0
10.68,0.05132987973864871,5.0
10.69,0.05125787149680819,5.0
10.7,0.05118603145920186,5.0
10.71,0.05111435907627106,5.0
10.72,0.05104285380076351,5.0
10.73,0.05097151508772148,5.0
10.74,0.05090034239447003,5.0
10.75,0.05082933518060539,5.0
10.76,0.05075849290798329,5.0
10.77,0.05068781504070746,5.0
10.78,0.05061730104511816,5.0
10.79,0.05054695038978078,5.0
10.8,0.050476762545474466,5.0
10.81,0.050406736985180986,5.0
10.82,0.05033687318407337,5.0
10.83,0.05026717061950492,5.0
10.84,0.05019762877099806,5.0
10.85,0.050128247120233387,5.0
10.86,0.05005902515103875,5.0
10.87,0.04998996234937836,5.0
10.88,0.049921058203342014,5.0
10.89,0.04985231220313434,5.0
10.9,0.04978372384106417,5.0
10.91,0.04971529261153391,5.0
10.92,0.049647018011028936,5.0
10.93,0.04957889953810724,5.0
10.94,0.049510936693388914,5.0
10.95,0.04944312897954584,5.0
10.96,0.04937547590129136,5.0
10.97,0.04930797696537011,5.0
10.98,0.04924063168054778,5.0
10.99,0.049173439557601006,5.0
11.0,0.04910640010930736,5.0
11.01,0.04903951285043534,5.0
11.02,0.0489727772977344,5.0
11.03,0.048906192969925155,5.0
11.04,0.04883975938768943,5.0
11.05,0.048773476073660685,5.0
11.06,0.04870734255241413,5.0
11.07,0.04864135835045718,5.0
11.08,0.04857552299621987,5.0
11.09,0.048509836020045285,5.0
11.1,0.048444296954180066,5.0
11.11,0.04837890533276505,5.0
11.12,0.048313660691825876,5.0
11.13,0.04824856256926363,5.0
11.14,0.04818361050484568,5.0
11.15,0.04811880404019638,5.0
11.16,0.04805414271878797,5.0
11.17,0.04798962608593146,5.0
11.18,0.047925253688767586,5.0
11.19,0.047861025076257876,5.0
11.2,0.04779693979917562,5.0
11.21,0.047732997410097,5.0
11.22,0.04766919746339233,5.0
11.23,0.047605539515217205,5.0
11.24,0.04754202312350378,5.0
11.25,0.04747864784795206,5.0
11.26,0.04741541325002134,5.0
11.27,0.047352318892921554,5.0
11.28,0.047289364341604745,5.0
11.29,0.04722654916275665,5.0
11.3,0.04716387292478813,5.0
11.31,0.04710133519782697,5.0
11.32,0.04703893555370934,5.0
11.33,0.046976673565971634,5.0
11.34,0.046914548809842214,5.0
11.35,0.04685256086223314,5.0
11.36,0.046790709301732104,5.0
11.37,0.046728993708594256,5.0
11.38,0.04666741366473421,5.0
11.39,0.046605968753717995,5.0
11.4,0.04654465856075509,5.0
11.41,0.046483482672690535,5.0
11.42,0.046422440677997,5.0
11.43,0.046361532166767,5.0
11.44,0.04630075673070509,5.0
11.45,0.046240113963120145,5.0
11.46,0.046179603458917626,5.0
11.47,0.046119224814591984,5.0
11.48,0.046058977628218964,5.0
11.49,0.04599886149944811,5.0
11.5,0.04593887602949519,5.0
11.51,0.045879020821134764,5.0
11.52,0.04581929547869273,5.0
11.53,0.04575969960803885,5.0
11.54,0.045700232816579554,5.0
11.55,0.0456408947132504,5.0
11.56,0.045581684908509036,5.0
11.57,0.045522603014327805,5.0
11.58,0.04546364864418663,5.0
11.59,0.0454048214130658,5.0
11.6,0.04534612093743892,5.0
11.61,0.0452875468352658,5.0
11.62,0.045229098725985434,5.0
11.63,0.04517077623050901,5.0
11.64,0.04511257897121295,5.0
11.65,0.045054506571931996,5.0
11.66,0.044996558657952324,5.0
11.67,0.0449387348560047,5.0
11.68,0.044881034794257736,5.0
11.69,0.044823458102311045,5.0
11.7,0.04476600441118854,5.0
11.71,0.0447086733533318,5.0
11.72,0.044651464562593356,5.0
11.73,0.04459437767423009,5.0
11.74,0.04453741232489667,5.0
11.75,0.044480568152639004,5.0
11.76,0.044423844796887726,5.0
11.77,0.04436724189845177,5.0
11.78,0.04431075909951184,5.0
11.79,0.044254396043614135,5.0
11.8,0.04419815237566385,5.0
11.81,0.04414202774191901,5.0
11.82,0.044086021789984046,5.0
11.83,0.044030134168803546,5.0
11.84,0.04397436452865612,5.0
11.85,0.04391871252114811,5.0
11.86,0.043863177799207516,5.0
11.87,0.04380776001707779,5.0
11.88,0.04375245883031184,5.0
11.89,0.043697273895765894,5.0
11.9,0.043642204871593544,5.0
11.91,0.04358725141723965,5.0
11.92,0.04353241319343456,5.0
11.93,0.043477689862187974,5.0
11.94,0.04342308108678323,5.0
11.95,0.04336858653177134,5.0
11.96,0.04331420586296519,5.0
11.97,0.04325993874743378,5.0
11.98,0.043205784853496396,5.0
11.99,0.043151743850716885,5.0
12.0,0.04309781540989804,5.0
12.01,0.04304399920307577,5.0
12.02,0.042990294903513616,5.0
12.03,0.04293670218569704,5.0
12.04,0.04288322072532789,5.0
12.05,0.04282985019931879,5.0
12.06,0.04277659028578776,5.0
12.07,0.04272344066405253,5.0
12.08,0.04267040101462523,5.0
12.09,0.04261747101920689,5.0
12.1,0.04256465036068203,5.0
12.11,0.04251193872311337,5.0
12.12,0.04245933579173635,5.0
12.13,0.04240684125295393,5.0
12.14,0.04235445479433125,5.0
12.15,0.04230217610459038,5.0
12.16,0.04225000487360507,5.0
12.17,0.042197940792395576,5.0
12.18,0.04214598355312348,5.0
12.19,0.04209413284908649,5.0
12.2,0.04204238837471341,5.0
12.21,0.04199074982555898,5.0
12.22,0.04193921689829882,5.0
12.23,0.041887789290724405,5.0
12.24,0.04183646670173803,5.0
12.25,0.04178524883134785,5.0
12.26,0.0417341353806629,5.0
12.27,0.041683126051888196,5.0
12.28,0.04163222054831975,5.0
12.29,0.04158141857433976,5.0
12.3,0.041530719835411754,5.0
12.31,0.04148012403807573,5.0
12.32,0.041429630889943336,5.0
12.33,0.04137924009969313,5.0
12.34,0.041328951377065826,5.0
12.35,0.04127876443285952,5.0
12.36,0.04122867897892503,5.0
12.37,0.04117869472816119,5.0
12.38,0.041128811394510224,5.0
12.39,0.04107902869295308,5.0
12.4,0.04102934633950486,5.0
12.41,0.0409797640512102,5.0
12.42,0.04093028154613872,5.0
12.43,0.040880898543380534,5.0
12.44,0.040831614763041674,5.0
12.45,0.04078242992623966,5.0
12.46,0.04073334375509899,5.0
12.47,0.040684355972746715,5.0
12.48,0.04063546630330804,5.0
12.49,0.04058667447190194,5.0
12.5,0.040537980204636684,5.0
12.51,0.04048938322860566,5.0
12.52,0.04044088327188289,5.0
12.53,0.04039248006351882,5.0
12.54,0.04034417333353598,5.0
12.55,0.04029596281292481,5.0
12.56,0.04024784823363932,5.0
12.57,0.04019982932859292,5.0
12.58,0.04015190583165425,5.0
12.59,0.040104077477642976,5.0
12.6,0.04005634400232563,5.0
12.61,0.04000870514241154,5.0
12.62,0.03996116063554864,5.0
12.63,0.03991371022031944,5.0
12.64,0.03986635363623697,5.0
12.65,0.03981909062374068,5.0
12.66,0.039771920924192454,5.0
12.67,0.03972484427987259,5.0
12.68,0.03967786043397585,5.0
12.69,0.039630969130607444,5.0
12.7,0.03958417011477915,5.0
12.71,0.039537463132405325,5.0
12.72,0.039490847930299056,5.0
12.73,0.03944432425616826,5.0
12.74,0.03939789185861183,5.0
12.75,0.039351550487115756,5.0
12.76,0.03930529989204935,5.0
12.77,0.03925913982466139,5.0
12.78,0.03921307003707643,5.0
12.79,0.0391670902822909,5.0
12.8,0.039121200314169484,5.0
12.81,0.039075399887441326,5.0
12.82,0.03902968875769631,5.0
12.83,0.038984066681381456,5.0
12.84,0.03893853341579713,5.0
12.85,0.038893088719093485,5.0
12.86,0.038847732350266805,5.0
12.87,0.038802464069155856,5.0
12.88,0.038757283636438315,5.0
12.89,0.03871219081362722,5.0
12.9,0.03866718536306736,5.0
12.91,0.03862226704793173,5.0
12.92,0.03857743563221805,5.0
12.93,0.03853269088074525,5.0
12.94,0.03848803255914994,5.0
12.95,0.03844346043388294,5.0
12.96,0.03839897427220591,5.0
12.97,0.038354573842187815,5.0
12.98,0.03831025891270153,5.0
12.99,0.03826602925342047,5.0
13.0,0.03822188463481518,5.0
13.01,0.03817782482814994,5.0
13.02,0.03813384960547946,5.0
13.03,0.03808995873964552,5.0
13.04,0.03804615200427368,5.0
13.05,0.038002429173769885,5.0
13.06,0.037958790023317326,5.0
13.07,0.03791523432887303,5.0
13.08,0.03787176186716471,5.0
13.09,0.037828372415687435,5.0
13.1,0.03778506575270051,5.0
13.11,0.03774184165722419,5.0
13.12,0.037698699909036515,5.0
13.13,0.03765564028867015,5.0
13.14,0.03761266257740922,5.0
13.15,0.037569766557286166,5.0
13.16,0.03752695201107861,5.0
13.17,0.03748421872230624,5.0
13.18,0.03744156647522777,5.0
13.19,0.03739899505483776,5.0
13.2,0.03735650424686361,5.0
13.21,0.037314093837762546,5.0
13.22,0.037271763614718505,5.0
13.23,0.037229513365639164,5.0
13.24,0.037187342879152915,5.0
13.25,0.03714525194460589,5.0
13.26,0.03710324035205897,5.0
13.27,0.037061307892284824,5.0
13.28,0.037019454356764965,5.0
13.29,0.03697767953768683,5.0
13.3,0.036935983227940825,5.0
13.31,0.03689436522111748,5.0
13.32,0.036852825311504495,5.0
13.33,0.03681136329408389,5.0
13.34,0.036769978964529174,5.0
13.35,0.03672867211920245,5.0
13.36,0.036687442555151585,5.0
13.37,0.03664629007010742,5.0
13.38,0.036605214462480946,5.0
13.39,0.03656421553136051,5.0
13.4,0.036523293076509034,5.0
13.41,0.03648244689836125,5.0
13.42,0.036441676798020954,5.0
13.43,0.03640098257725825,5.0
13.44,0.03636036403850684,5.0
13.45,0.03631982098486133,5.0
13.46,0.03627935322007443,5.0
13.47,0.03623896054855445,5.0
13.48,0.03619864277536245,5.0
13.49,0.03615839970620965,5.0
13.5,0.0361182311474548,5.0
13.51,0.03607813690610151,5.0
13.52,0.03603811678979564,5.0
13.53,0.035998170606822706,5.0
13.54,0.035958298166105254,5.0
13.55,0.03591849927720028,5.0
13.56,0.03587877375029669,5.0
13.57,0.03583912139621269,5.0
13.58,0.03579954202639327,5.0
13.59,0.03576003545290766,5.0
13.6,0.03572060148844681,5.0
13.61,0.03568123994632086,5.0
13.62,0.03564195064045665,5.0
13.63,0.03560273338539527,5.0
13.64,0.035563587996289524,5.0
13.65,0.03552451428890147,5.0
13.66,0.035485512079600046,5.0
13.67,0.035446581185358504,5.0
13.68,0.03540772142375209,5.0
13.69,0.03536893261295558,5.0
13.7,0.03533021457174087,5.0
13.71,0.03529156711947456,5.0
13.72,0.03525299007611566,5.0
13.73,0.03521448326221312,5.0
13.74,0.03517604649890348,5.0
13.75,0.035137679607908597,5.0
13.76,0.035099382411533216,5.0
13.77,0.0350611547326627,5.0
13.78,0.03502299639476068,5.0
13.79,0.03498490722186678,5.0
13.8,0.03494688703859426,5.0
13.81,0.034908935670127844,5.0
13.82,0.03487105294222132,5.0
13.83,0.034833238681195366,5.0
13.84,0.03479549271393525,5.0
13.85,0.034757814867888606,5.0
13.86,0.03472020497106323,5.0
13.87,0.03468266285202478,5.0
13.88,0.03464518833989466,5.0
13.89,0.03460778126434776,5.0
13.9,0.03457044145561029,5.0
13.91,0.03453316874445759,5.0
13.92,0.034495962962211954,5.0
13.93,0.03445882394074049,5.0
13.94,0.03442175151245296,5.0
13.95,0.03438474551029966,5.0
13.96,0.034347805767769246,5.0
13.97,0.034310932118886646,5.0
13.98,0.034274124398210974,5.0
13.99,0.034237382440833374,5.0
14.0,0.03420070608237497,5.0
14.01,0.034164095158984775,5.0
14.02,0.03412754950733763,5.0
14.03,0.03409106896463211,5.0
14.04,0.03405465336858853,5.0
14.05,0.03401830255744682,5.0
14.06,0.033982016369964604,5.0
14.07,0.03394579464541507,5.0
14.08,0.03390963722358501,5.0
14.09,0.033873543944772835,5.0
14.1,0.033837514649786495,5.0
14.11,0.03380154917994161,5.0
14.12,0.03376564737705939,5.0
14.13,0.033729809083464735,5.0
14.14,0.03369403414198424,5.0
14.15,0.033658322395944254,5.0
14.16,0.03362267368916894,5.0
14.17,0.033587087865978374,5.0
14.18,0.03355156477118655,5.0
14.19,0.03351610425009952,5.0
14.2,0.033480706148513506,5.0
14.21,0.03344537031271293,5.0
14.22,0.03341009658946861,5.0
14.23,0.033374884826035824,5.0
14.24,0.033339734870152446,5.0
14.25,0.033304646570037094,5.0
14.26,0.033269619774387305,5.0
14.27,0.03323465433237763,5.0
14.28,0.03319975009365783,5.0
14.29,0.033164906908351055,5.0
14.3,0.033130124627052,5.0
14.31,0.03309540310082512,5.0
14.32,0.03306074218120282,5.0
14.33,0.033026141720183616,5.0
14.34,0.032991601570230414,5.0
14.35,0.03295712158426868,5.0
14.36,0.03292270161568472,5.0
14.37,0.03288834151832383,5.0
14.38,0.03285404114648864,5.0
14.39,0.03281980035493732,5.0
14.4,0.03278561899888182,5.0
14.41,0.03275149693398617,5.0
14.42,0.03271743401636474,5.0
14.43,0.03268343010258055,5.0
14.44,0.03264948504964352,5.0
14.45,0.0326155987150088,5.0
14.46,0.03258177095657506,5.0
14.47,0.03254800163268282,5.0
14.48,0.03251429060211278,5.0
14.49,0.032480637724084084,5.0
14.5,0.03244704285825277,5.0
14.51,0.03241350586471,5.0
14.52,0.03238002660398049,5.0
14.53,0.03234660493702084,5.0
14.54,0.032313240725217886,5.0
14.55,0.032279933830387096,5.0
14.56,0.032246684114770975,5.0
14.57,0.03221349144103739,5.0
14.58,0.03218035567227802,5.0
14.59,0.03214727667200672,5.0
14.6,0.03211425430415795,5.0
14.61,0.03208128843308522,5.0
14.62,0.03204837892355946,5.0
14.63,0.03201552564076748,5.0
14.64,0.03198272845031041,5.0
14.65,0.03194998721820213,5.0
14.66,0.03191730181086774,5.0
14.67,0.03188467209514201,5.0
14.68,0.03185209793826783,5.0
14.69,0.0318195792078947,5.0
14.7,0.031787115772077226,5.0
14.71,0.03175470749927355,5.0
14.72,0.03172235425834393,5.0
14.73,0.03169005591854913,5.0
14.74,0.031657812349549015,5.0
14.75,0.03162562342140103,5.0
14.76,0.031593489004558696,5.0
14.77,0.03156140896987019,5.0
14.78,0.031529383188576815,5.0
14.79,0.0314974115323116,5.0
14.8,0.03146549387309778,5.0
14.81,0.0314336300833474,5.0
14.82,0.03140182003585987,5.0
14.83,0.03137006360382046,5.0
14.84,0.031338360660798974,5.0
14.85,0.03130671108074823,5.0
14.86,0.03127511473800272,5.0
14.87,0.031243571507277152,5.0
14.88,0.031212081263665037,5.0
14.89,0.031180643882637357,5.0
14.9,0.03114925924004108,5.0
14.91,0.031117927212097832,5.0
14.92,0.031086647675402528,5.0
14.93,0.03105542050692193,5.0
14.94,0.031024245583993346,5.0
14.95,0.030993122784323236,5.0
14.96,0.030962051985985856,5.0
14.97,0.030931033067421926,5.0
14.98,0.03090006590743725,5.0
14.99,0.030869150385201403,5.0
0.0,inf,5.0
0.01,1791.5425436440391,5.0
0.02,633.4059406974483,5.0
0.03,344.78252327918426,5.0
0.04,223.9428179555049,5.0
0.05,160.2404364868382,5.0
0.06,121.89903012265997,5.0
0.07,96.73420476886137,5.0
0.08,79.17574258718103,5.0
0.09,66.35342754237182,5.0
0.1,56.653549630067786,5.0
0.11,49.10640010930736,5.0
0.12,43.09781540989803,5.0
0.13,38.221884634815176,5.0
0.14,34.20070608237497,5.0
0.15,30.83828638024639,5.0
0.16,27.99285224443811,5.0
0.17,25.55958180011111,5.0
0.18,23.459479285090676,5.0
0.19,21.632002495285796,5.0
0.2,20.030054560854776,5.0
0.21,18.616506387715503,5.0
0.22,17.361734258475526,5.0
0.23,16.241845380272093,5.0
0.24,15.237378765332496,5.0
0.25,14.332340349152311,5.0
0.26,13.513476907503858,5.0
0.27,12.769723084414231,5.0
0.28,12.091775596107672,5.0
0.29,11.471762017260536,5.0
0.3,10.902980709822488,5.0
0.31,10.3796948272582,5.0
0.32,9.89696782339763,5.0
0.33,9.45053110734736,5.0
0.34,9.036676807575414,5.0
0.35,8.652170304502336,5.0
0.36,8.294178442796477,5.0
0.37,7.960210267284971,5.0
0.38,7.648067827530453,5.0
0.39,7.35580512761512,5.0
0.4,7.081693703758473,5.0
0.41,6.8241936249846775,5.0
0.42,6.581928954378155,5.0
0.43,6.353666897575673,5.0
0.44,6.13830001366342,5.0
0.45,5.934830980994008,5.0
0.46,5.742359503686897,5.0
0.47,5.560071019079876,5.0
0.48,5.387226926237254,5.0
0.49,5.223156103918482,5.0
0.5,5.067247525579584,5.0
0.51,4.91894381088947,5.0
0.52,4.777735579351897,5.0
0.53,4.643156493075736,5.0
0.54,4.514778893431849,5.0
0.55,4.392209950988574,5.0
0.56,4.275088260296871,5.0
0.5700000000000001,4.163080821254636,5.0
0.58,4.0558803572815965,5.0
0.59,3.9532029276751284,5.0
0.6,3.854785797530799,5.0
0.61,3.760385533692244,5.0
0.62,3.6697762995006014,5.0
0.63,3.5827483247726435,5.0
0.64,3.499106530554764,5.0
0.65,3.418669290864058,5.0
0.66,3.341267315909864,5.0
0.67,3.2667426432488647,5.0
0.68,3.194947725013889,5.0
0.6900000000000001,3.1257446008121237,5.0
0.7000000000000001,3.0590041471472387,5.0
0.71,2.9946053953108547,5.0
0.72,2.9324349106363345,5.0
0.73,2.872386226832495,5.0
0.74,2.8143593298339917,5.0
0.75,2.7582601862334744,5.0
0.76,2.7040003119107245,5.0
0.77,2.6514963769563735,5.0
0.78,2.6006698434117146,5.0
0.79,2.5514466327191663,5.0
0.8,2.503756820106847,5.0
0.81,2.4575343534211784,5.0
0.8200000000000001,2.4127167941783365,5.0
0.8300000000000001,2.3692450788329573,5.0
0.84,2.327063298464438,5.0
0.85,2.2861184952605957,5.0
0.86,2.246360474338126,5.0
0.87,2.207741629581565,5.0
0.88,2.1702167823094407,5.0
0.89,2.1337430316897565,5.0
0.9,2.0982796159284365,5.0
0.91,2.0637877833453424,5.0
0.92,2.0302306725340116,5.0
0.93,1.9975732008745624,5.0
0.94,1.9657819607350895,5.0
0.95,1.934825122756165,5.0
0.96,1.904672345666562,5.0
0.97,1.8752946921264995,5.0
0.98,1.8466645501383327,5.0
0.99,1.8187555596039766,5.0
1.0,1.7915425436440389,5.0
1.01,1.7650014443259623,5.0
1.02,1.739109262477771,5.0
1.03,1.7138440012906824,5.0
1.04,1.6891846134379822,5.0
1.05,1.6651109514596365,5.0
1.06,1.641603721182101,5.0
1.07,1.6186444379610987,5.0
1.08,1.5962153855517789,5.0
1.09,1.574299577425892,5.0
1.1,1.552880720369527,5.0
1.11,1.5319431802076666,5.0
1.12,1.511471949513459,5.0
1.13,1.4914526171707783,5.0
1.14,1.471871339668408,5.0
1.15,1.452714814013173,5.0
1.16,1.433970252157567,5.0
1.17,1.4156253568450068,5.0
1.18,1.3976682987827982,5.0
1.19,1.3800876950593188,5.0
1.2,1.362872588727811,5.0
1.21,1.3460124294846274,5.0
1.22,1.3294970553747902,5.0
1.23,1.313316675462344,5.0
1.24,1.297461853407275,5.0
1.25,1.2819234918947058,5.0
1.26,1.26669281786574,5.0
1.27,1.2517613685027087,5.0
1.28,1.2371209779247037,5.0
1.29,1.2227637645521765,5.0
1.3,1.2086821191020907,5.0
1.31,1.1948686931775814,5.0
1.32,1.18131638841842,5.0
1.33,1.1680183461807119,5.0
1.34,1.1549679377162694,5.0
1.35,1.1421587548239402,5.0
1.36,1.1295846009469268,5.0
1.37,1.1172394826917147,5.0
1.38,1.1051176017457454,5.0
1.39,1.0932133471723526,5.0
1.4,1.081521288062792,5.0
1.41,1.070036166526401,5.0
1.42,1.0587528910010635,5.0
1.43,1.047666529867208,5.0
1.44,1.0367723053495597,5.0
1.45,1.026065587691787,5.0
1.46,1.015541889590049,5.0
1.47,1.0051968608722575,5.0
1.48,0.9950262834106214,5.0
1.49,0.9850260662557537,5.0
1.5,0.9751922409812797,5.0
1.51,0.9655209572285068,5.0
1.52,0.9560084784413067,5.0
1.53,0.9466511777818929,5.0
1.54,0.9374455342187069,5.0
1.55,0.9283881287780908,5.0
1.56,0.91947564095189,5.0
1.57,0.9107048452535478,5.0
1.58,0.9020726079156525,5.0
1.59,0.8935758837222784,5.0
1.6,0.8852117129698092,5.0
1.61,0.8769772185502702,5.0
1.62,0.8688696031515063,5.0
1.63,0.8608861465688343,5.0
1.64,0.8530242031230847,5.0
1.65,0.8452811991802023,5.0
1.66,0.8376546307678203,5.0
1.67,0.8301420612844671,5.0
1.68,0.8227411192972693,5.0
1.69,0.8154494964242326,5.0
1.7,0.8082649452973767,5.0
1.71,0.8011852776031778,5.0
1.72,0.7942083621969591,5.0
1.73,0.787332123288023,5.0
1.74,0.7805545386924818,5.0
1.75,0.773873638150891,5.0
1.76,0.7672875017079275,5.0
1.77,0.7607942581514839,5.0
1.78,0.7543920835086845,5.0
1.79,0.7480791995964367,5.0
1.8,0.741853872624251,5.0
1.81,0.7357144118471671,5.0
1.82,0.7296591682667225,5.0
1.83,0.7236865333779972,5.0
1.84,0.7177949379608621,5.0
1.85,0.7119828509136384,5.0
1.86,0.7062487781274603,5.0
1.87,0.7005912613997123,5.0
1.88,0.6950088773849845,5.0
1.89,0.6895002365820556,5.0
1.9,0.6840639823554893,5.0
1.91,0.67869878999048,5.0
1.92,0.6734033657796568,5.0
1.93,0.668176446140601,5.0
1.94,0.6630167967628934,5.0
1.95,0.6579232117835572,5.0
1.96,0.6528945129898103,5.0
1.97,0.6479295490480895,5.0
1.98,0.643027194758353,5.0
1.99,0.6381863503327064,5.0
2.0,0.633405940697448,5.0
2.01,0.6286849148176541,5.0
2.02,0.6240222450434693,5.0
2.03,0.619416926477307,5.0
2.04,0.6148679763611837,5.0
2.05,0.6103744334834581,5.0
2.06,0.6059353576042638,5.0
2.07,0.6015498288989665,5.0
2.08,0.5972169474189871,5.0
2.09,0.5929358325693781,5.0
2.1,0.5887056226025467,5.0
2.11,0.5845254741275585,5.0
2.12,0.580394561634467,5.0
2.13,0.5763120770331426,5.0
2.14,0.5722772292060905,5.0
2.15,0.5682892435747761,5.0
2.16,0.5643473616789811,5.0
2.17,0.5604508407687497,5.0
2.18,0.5565989534084823,5.0
2.19,0.5527909870927715,5.0
2.2,0.5490262438735718,5.0
2.21,0.5453040399983242,5.0
2.22,0.5416237055586631,5.0
2.23,0.5379845841493531,5.0
2.24,0.5343860325371089,5.0
2.25,0.5308274203389746,5.0
2.26,0.5273081297099406,5.0
2.27,0.5238275550394973,5.0
2.28,0.5203851026568297,5.0
2.29,0.5169801905443692,5.0
2.3000000000000003,0.5136122480594343,5.0
2.31,0.5102807156636933,5.0
2.32,0.5069850446601996,5.0
2.33,0.5037246969377547,5.0
2.34,0.5004991447223652,5.0
2.35,0.4973078703355653,5.0
2.36,0.49415036595939105,5.0
2.37,0.49102613340779167,5.0
2.38,0.4879346839042783,5.0
2.39,0.4848755378656126,5.0
2.4,0.48184822469134986,5.0
2.41,0.4788522825590487,5.0
2.42,0.4758872582249799,5.0
2.43,0.4729527068301568,5.0
2.44,0.4700481917115305,5.0
2.45,0.46717328421818716,5.0
2.46,0.4643275635323979,5.0
2.47,0.4615106164953721,5.0
2.48,0.45872203743757517,5.0
2.49,0.455961428013468,5.0
2.5,0.4532283970405423,5.0
2.51,0.45052256034251764,5.0
2.52,0.44784354059658044,5.0
2.53,0.4451909671845434,5.0
2.54,0.4425644760478092,5.0
2.5500000000000003,0.4399637095460289,5.0
2.56,0.4373883163193455,5.0
2.57,0.4348379511541163,5.0
2.58,0.4323122748520174,5.0
2.59,0.4298109541024291,5.0
2.6,0.42733366135800727,5.0
2.61,0.42488007471335326,5.0
2.62,0.42244987778668797,5.0
2.63,0.42004275960445064,5.0
2.64,0.417658414488733,5.0
2.65,0.4152965419474752,5.0
2.66,0.41295684656733894,5.0
2.67,0.41063903790918965,5.0
2.68,0.4083428304061081,5.0
2.69,0.4060679432638663,5.0
2.7,0.4038141003637957,5.0
2.71,0.40158103016798447,5.0
2.72,0.3993684656267361,5.0
2.73,0.3971761440882315,5.0
2.74,0.3950038072103309,5.0
2.75,0.3928512008744589,5.0
2.76,0.39071807510151546,5.0
2.77,0.388604183969759,5.0
2.78,0.386509285534607,5.0
2.79,0.38443314175030374,5.0
2.8000000000000003,0.38237551839340483,5.0
2.81,0.38033618498803023,5.0
2.82,0.37831491473283796,5.0
2.83,0.3763114844296747,5.0
2.84,0.37432567441385683,5.0
2.85,0.3723572684860407,5.0
2.86,0.37040605384564074,5.0
2.87,0.3684718210257517,5.0
2.88,0.3665543638295418,5.0
2.89,0.3646534792680723,5.0
2.9,0.3627689674995114,5.0
2.91,0.3609006317697036,5.0
2.92,0.3590482783540619,5.0
2.93,0.35721171650074685,5.0
2.94,0.3553907583751018,5.0
2.95,0.3535852190053108,5.0
2.96,0.35179491622924897,5.0
2.97,0.35001967064249473,5.0
2.98,0.34825930554747647,5.0
2.99,0.3465136469037215,5.0
3.0,0.3447825232791843,5.0
3.01,0.3430657658026231,5.0
3.02,0.3413632081170018,5.0
3.03,0.3396746863338908,5.0
3.04,0.33800003898884057,5.0
3.0500000000000003,0.3363391069977073,5.0
3.06,0.33469173361390425,5.0
3.0700000000000003,0.3330577643865578,5.0
3.08,0.3314370471195467,5.0
3.09,0.32982943183140023,5.0
3.1,0.3282347707160389,5.0
3.11,0.3266529181043334,5.0
3.12,0.3250837304264643,5.0
3.13,0.3235270661750631,5.0
3.14,0.32198278586911455,5.0
3.15,0.32045075201860507,5.0
3.16,0.3189308290898958,5.0
3.17,0.3174228834718068,5.0
3.18,0.31592678344239244,5.0
3.19,0.3144423991363948,5.0
3.2,0.31296960251335587,5.0
3.21,0.31150826732637704,5.0
3.22,0.3100582690915065,5.0
3.23,0.3086194850577444,5.0
3.24,0.3071917941776473,5.0
3.25,0.3057750770785214,5.0
3.26,0.3043692160341894,5.0
3.27,0.3029740949373177,5.0
3.28,0.3015895992722921,5.0
3.29,0.3002156160886289,5.0
3.3000000000000003,0.29885203397490884,5.0
3.31,0.2974987430332233,5.0
3.3200000000000003,0.29615563485411966,5.0
3.33,0.29482260249203596,5.0
3.34,0.2934995404412127,5.0
3.35,0.29218634461207227,5.0
3.36,0.29088291230805474,5.0
3.37,0.2895891422028996,5.0
3.38,0.2883049343183651,5.0
3.39,0.2870301900023735,5.0
3.4,0.28576481190757447,5.0
3.41,0.2845087039703162,5.0
3.42,0.28326177139001674,5.0
3.43,0.2820239206089253,5.0
3.44,0.2807950592922657,5.0
3.45,0.2795750963087541,5.0
3.46,0.278363941711482,5.0
3.47,0.2771615067191573,5.0
3.48,0.27596770369769563,5.0
3.49,0.27478244614215397,5.0
3.5,0.2736056486589998,5.0
3.51,0.27243722694870826,5.0
3.52,0.2712770977886801,5.0
3.53,0.27012517901647515,5.0
3.54,0.26898138951335154,5.0
3.5500000000000003,0.267845649188108,5.0
3.56,0.26671787896121957,5.0
3.5700000000000003,0.2655980007492626,5.0
3.58,0.26448593744962257,5.0
3.59,0.26338161292547774,5.0
3.6,0.26228495199105456,5.0
3.61,0.26119588039714814,5.0
3.62,0.2601143248169022,5.0
3.63,0.2590402128318439,5.0
3.64,0.2579734729181678,5.0
3.65,0.2569140344332636,5.0
3.66,0.25586182760248327,5.0
3.67,0.2548167835061426,5.0
3.68,0.25377883406675145,5.0
3.69,0.25274791203646957,5.0
3.7,0.25172395098478223,5.0
3.71,0.2507068852863918,5.0
3.72,0.2496966501093203,5.0
3.73,0.24869318140322022,5.0
3.74,0.24769641588788685,5.0
3.75,0.24670629104197112,5.0
3.76,0.24572274509188619,5.0
3.77,0.24474571700090578,5.0
3.78,0.2437751464584502,5.0
3.79,0.242810973869555,5.0
3.8,0.24185314034452063,5.0
3.81,0.24090158768873773,5.0
3.82,0.23995625839268644,5.0
3.83,0.23901709562210402,5.0
3.84,0.23808404320832025,5.0
3.85,0.23715704563875437,5.0
3.86,0.23623604804757345,5.0
3.87,0.2353209962065064,5.0
3.88,0.23441183651581243,5.0
3.89,0.23350851599539982,5.0
3.9,0.23261098227609311,5.0
3.91,0.23171918359104524,5.0
3.92,0.2308330687672916,5.0
3.93,0.22995258721744433,5.0
3.94,0.22907768893152294,5.0
3.95,0.2282083244689198,5.0
3.96,0.22734444495049708,5.0
3.97,0.22648600205081296,5.0
3.98,0.2256329479904752,5.0
3.99,0.22478523552861854,5.0
4.0,0.22394281795550486,5.0
4.01,0.2231056490852428,5.0
4.0200000000000005,0.222273683248625,5.0
4.03,0.22144687528608148,5.0
4.04,0.22062518054074529,5.0
4.05,0.21980855485162992,5.0
4.0600000000000005,0.21899695454691637,5.0
4.07,0.21819033643734637,5.0
4.08,0.2173886578097214,5.0
4.09,0.21659187642050473,5.0
4.1,0.21579995048952522,5.0
4.11,0.2150128386937799,5.0
4.12,0.2142305001613353,5.0
4.13,0.21345289446532348,5.0
4.14,0.21267998161803325,5.0
4.15,0.21191172206509362,5.0
4.16,0.21114807667974778,5.0
4.17,0.21038900675721653,5.0
4.18,0.20963447400914934,5.0
4.19,0.20888444055816122,5.0
4.2,0.20813886893245456,5.0
4.21,0.20739772206052334,5.0
4.22,0.20666096326593922,5.0
4.23,0.20592855626221757,5.0
4.24,0.20520046514776263,5.0
4.25,0.20447665440088889,5.0
4.26,0.20375708887491953,5.0
4.2700000000000005,0.20304173379335863,5.0
4.28,0.20233055474513734,5.0
4.29,0.20162351767993122,5.0
4.3,0.2009205889035489,5.0
4.3100000000000005,0.20022173507339017,5.0
4.32,0.19952692319397236,5.0
4.33,0.19883612061252368,5.0
4.34,0.19814929501464246,5.0
4.3500000000000005,0.19746641442002155,5.0
4.36,0.1967874471782365,5.0
4.37,0.19611236196459553,5.0
4.38,0.195441127776052,5.0
4.39,0.1947737139271769,5.0
4.4,0.19411009004619087,5.0
4.41,0.19345022607105483,5.0
4.42,0.19279409224561767,5.0
4.43,0.19214165911582085,5.0
4.44,0.19149289752595833,5.0
4.45,0.1908477786149913,5.0
4.46,0.19020627381291622,5.0
4.47,0.18956835483718584,5.0
4.48,0.18893399368918237,5.0
4.49,0.1883031626507413,5.0
4.5,0.18767583428072535,5.0
4.51,0.18705198141164847,5.0
4.5200000000000005,0.18643157714634723,5.0
4.53,0.18581459485470117,5.0
4.54,0.185201008170399,5.0
4.55,0.18459079098775177,5.0
4.5600000000000005,0.18398391745855092,5.0
4.57,0.18338036198897145,5.0
4.58,0.18278009923651847,5.0
4.59,0.18218310410701738,5.0
4.6000000000000005,0.18158935175164656,5.0
4.61,0.18099881756401165,5.0
4.62,0.180411477177261,5.0
4.63,0.17982730646124184,5.0
4.64,0.17924628151969588,5.0
4.65,0.17866837868749455,5.0
4.66,0.17809357452791244,5.0
4.67,0.1775218458299387,5.0
4.68,0.17695316960562585,5.0
4.69,0.1763875230874753,5.0
4.7,0.17582488372585922,5.0
4.71,0.17526522918647744,5.0
4.72,0.17470853734784977,5.0
4.73,0.17415478629884265,5.0
4.74,0.17360395433622988,5.0
4.75,0.1730560199622864,5.0
4.76,0.17251096188241485,5.0
4.7700000000000005,0.17196875900280506,5.0
4.78,0.17142939042812466,5.0
4.79,0.17089283545924147,5.0
4.8,0.17035907359097638,5.0
4.8100000000000005,0.16982808450988673,5.0
4.82,0.16929984809208,5.0
4.83,0.16877434440105596,5.0
4.84,0.16825155368557843,5.0
4.8500000000000005,0.1677314563775757,5.0
4.86,0.1672140330900685,5.0
4.87,0.166699264615126,5.0
4.88,0.16618713192184878,5.0
4.89,0.1656776161543787,5.0
4.9,0.16517069862993522,5.0
4.91,0.1646663608368777,5.0
4.92,0.164164584432793,5.0
4.93,0.16366535124260875,5.0
4.94,0.1631686432567309,5.0
4.95,0.16267444262920647,5.0
4.96,0.16218273167590938,5.0
4.97,0.1616934928727508,5.0
4.98,0.1612067088539125,5.0
4.99,0.16072236241010338,5.0
5.0,0.16024043648683822,5.0
5.01,0.15976091418273933,5.0
5.0200000000000005,0.15928377874785984,5.0
5.03,0.15880901358202887,5.0
5.04,0.1583366022332175,5.0
5.05,0.15786652839592646,5.0
5.0600000000000005,0.15739877590959417,5.0
5.07,0.15693332875702518,5.0
5.08,0.1564701710628386,5.0
5.09,0.15600928709193676,5.0
5.1000000000000005,0.1555506612479928,5.0
5.11,0.15509427807195808,5.0
5.12,0.15464012224058796,5.0
5.13,0.1541881785649866,5.0
5.14,0.1537384319891702,5.0
5.15,0.1532908675886481,5.0
5.16,0.15284547056902206,5.0
5.17,0.15240222626460267,5.0
5.18,0.15196112013704377,5.0
5.19,0.1515221377739932,5.0
5.2,0.15108526488776133,5.0
5.21,0.15065048731400513,5.0
5.22,0.15021779101042954,5.0
5.23,0.14978716205550438,5.0
5.24,0.14935858664719767,5.0
5.25,0.148932051101724,5.0
5.26,0.1485075418523089,5.0
5.2700000000000005,0.14808504544796822,5.0
5.28,0.1476645485523025,5.0
5.29,0.14724603794230617,5.0
5.3,0.1468295005071916,5.0
5.3100000000000005,0.14641492324722694,5.0
5.32,0.14600229327258898,5.0
5.33,0.1455915978022292,5.0
5.34,0.14518282416275388,5.0
5.3500000000000005,0.1447759597873183,5.0
5.36,0.14437099221453367,5.0
5.37,0.14396790908738746,5.0
5.38,0.14356669815217704,5.0
5.39,0.1431673472574559,5.0
5.4,0.14276984435299253,5.0
5.41,0.1423741774887423,5.0
5.42,0.14198033481383066,5.0
5.43,0.14158830457554974,5.0
5.44,0.14119807511836585,5.0
5.45,0.14080963488293954,5.0
5.46,0.14042297240515692,5.0
5.47,0.14003807631517265,5.0
5.48,0.13965493533646434,5.0
5.49,0.1392735382848979,5.0
5.5,0.13889387406780423,5.0
5.51,0.13851593168306642,5.0
5.5200000000000005,0.13813970021821817,5.0
5.53,0.13776516884955242,5.0
5.54,0.13739232684124061,5.0
5.55,0.13702116354446214,5.0
5.5600000000000005,0.13665166839654405,5.0
5.57,0.13628383092011098,5.0
5.58,0.13591764072224452,5.0
5.59,0.13555308749365266,5.0
5.6000000000000005,0.13519016100784897,5.0
5.61,0.13482885112034115,5.0
5.62,0.13446914776782865,5.0
5.63,0.13411104096741028,5.0
5.64,0.13375452081580014,5.0
5.65,0.1333995774885532,5.0
5.66,0.13304620123929944,5.0
5.67,0.13269438239898682,5.0
5.68,0.13234411137513294,5.0
5.69,0.1319953786510852,5.0
5.7,0.1316481747852897,5.0
5.71,0.13130249041056763,5.0
5.72,0.130958316233401,5.0
5.73,0.13061564303322562,5.0
5.74,0.13027446166173243,5.0
5.75,0.12993476304217674,5.0
5.76,0.12959653816869496,5.0
5.7700000000000005,0.12925977810562952,5.0
5.78,0.12892447398686102,5.0
5.79,0.12859061701514782,5.0
5.8,0.12825819846147338,5.0
5.8100000000000005,0.12792720966440052,5.0
5.82,0.12759764202943327,5.0
5.83,0.12726948702838536,5.0
5.84,0.12694273619875612,5.0
5.8500000000000005,0.12661738114311327,5.0
5.86,0.12629341352848233,5.0
5.87,0.125970825085743,5.0
5.88,0.12564960760903218,5.0
5.89,0.12532975295515336,5.0
5.9,0.1250112530429929,5.0
5.91,0.12469409985294244,5.0
5.92,0.12437828542632767,5.0
5.93,0.1240638018648434,5.0
5.94,0.12375064132999496,5.0
5.95,0.12343879604254547,5.0
5.96,0.12312825828196922,5.0
5.97,0.12281902038591096,5.0
5.98,0.12251107474965121,5.0
5.99,0.12220441382557728,5.0
6.0,0.12189903012265996,5.0
6.01,0.12159491620593582,5.0
6.0200000000000005,0.12129206469599534,5.0
6.03,0.1209904682684765,5.0
6.04,0.12069011965356335,5.0
6.05,0.12039101163549078,5.0
6.0600000000000005,0.12009313705205384,5.0
6.07,0.11979648879412284,5.0
6.08,0.11950105980516333,5.0
6.09,0.11920684308076124,5.0
6.1000000000000005,0.1189138316681533,5.0
6.11,0.11862201866576218,5.0
6.12,0.11833139722273661,5.0
6.13,0.11804196053849664,5.0
6.140000000000001,0.11775370186228325,5.0
6.15,0.11746661449271324,5.0
6.16,0.11718069177733836,5.0
6.17,0.1168959271122094,5.0
6.18,0.11661231394144463,5.0
6.19,0.11632984575680291,5.0
6.2,0.11604851609726136,5.0
6.21,0.11576831854859719,5.0
6.22,0.11548924674297406,5.0
6.23,0.11521129435853279,5.0
6.24,0.11493445511898626,5.0
6.25,0.11465872279321851,5.0
6.26,0.114384091194888,5.0
6.2700000000000005,0.11411055418203508,5.0
6.28,0.11383810565669347,5.0
6.29,0.11356673956450561,5.0
6.3,0.11329644989434218,5.0
6.3100000000000005,0.11302723067792543,5.0
6.32,0.11275907598945656,5.0
6.33,0.1124919799452465,5.0
6.34,0.11222593670335092,5.0
6.3500000000000005,0.11196094046320883,5.0
6.36,0.1116969854652848,5.0
6.37,0.11143406599071479,5.0
6.38,0.11117217636095587,5.0
6.390000000000001,0.11091131093743904,5.0
6.4,0.11065146412122615,5.0
6.41,0.11039263035266968,5.0
6.42,0.1101348041110765,5.0
6.43,0.10987797991437469,5.0
6.44,0.10962215231878378,5.0
6.45,0.10936731591848857,5.0
6.46,0.10911346534531575,5.0
6.47,0.10886059526841417,5.0
6.48,0.10860870039393829,5.0
6.49,0.10835777546473449,5.0
6.5,0.10810781526003088,5.0
6.51,0.10785881459512989,5.0
6.5200000000000005,0.10761076832110428,5.0
6.53,0.10736367132449577,5.0
6.54,0.10711751852701705,5.0
6.55,0.10687230488525647,5.0
6.5600000000000005,0.10662802539038559,5.0
6.57,0.1063846750678702,5.0
6.58,0.10614224897718333,5.0
6.59,0.10590074221152182,5.0
6.6000000000000005,0.10566014989752527,5.0
6.61,0.10542046719499791,5.0
6.62,0.10518168929663319,5.0
6.63,0.10494381142774095,5.0
6.640000000000001,0.10470682884597751,5.0
6.65,0.10447073684107816,5.0
6.66,0.10423553073459225,5.0
6.67,0.10400120587962117,5.0
6.68,0.10376775766055839,5.0
6.69,0.10353518149283263,5.0
6.7,0.10330347282265288,5.0
6.71,0.10307262712675634,5.0
6.72,0.10284263991215867,5.0
6.73,0.10261350671590658,5.0
6.74,0.10238522310483288,5.0
6.75,0.10215778467531386,5.0
6.76,0.10193118705302907,5.0
6.7700000000000005,0.10170542589272327,5.0
6.78,0.10148049687797074,5.0
6.79,0.1012563957209419,5.0
6.8,0.10103311816217209,5.0
6.8100000000000005,0.10081065997033241,5.0
6.82,0.1005890169420033,5.0
6.83,0.10036818490144934,5.0
6.84,0.10014815970039723,5.0
6.8500000000000005,0.09992893721781496,5.0
6.86,0.09971051335969379,5.0
6.87,0.09949288405883186,5.0
6.88,0.09927604527461989,5.0
6.890000000000001,0.09905999299282915,5.0
6.9,0.09884472322540107,5.0
6.91,0.09863023201023924,5.0
6.92,0.09841651541100288,5.0
6.93,0.09820356951690275,5.0
6.94,0.09799139044249847,5.0
6.95,0.09777997432749833,5.0
6.96,0.09756931733656023,5.0
6.97,0.09735941565909517,5.0
6.98,0.09715026550907219,5.0
6.99,0.09694186312482511,5.0
7.0,0.09673420476886138,5.0
7.01,0.09652728672767225,5.0
7.0200000000000005,0.09632110531154499,5.0
7.03,0.09611565685437694,5.0
7.04,0.09591093771349093,5.0
7.05,0.09570694426945273,5.0
7.0600000000000005,0.09550367292588981,5.0
7.07,0.09530112010931244,5.0
7.08,0.09509928226893549,5.0
7.09,0.09489815587650272,5.0
7.1000000000000005,0.09469773742611212,5.0
7.11,0.0944980234340432,5.0
7.12,0.09429901043858556,5.0
7.13,0.09410069499986928,5.0
7.140000000000001,0.09390307369969665,5.0
7.15,0.09370614314137561,5.0
7.16,0.09350989994955455,5.0
7.17,0.09331434077005872,5.0
7.18,0.09311946226972788,5.0
7.19,0.09292526113625592,5.0
7.2,0.09273173407803137,5.0
7.21,0.09253887782397972,5.0
7.22,0.09234668912340693,5.0
7.23,0.09215516474584451,5.0
7.24,0.09196430148089589,5.0
7.25,0.09177409613808428,5.0
7.26,0.09158454554670169,5.0
7.27,0.09139564655565952,5.0
7.28,0.09120739603334031,5.0
7.29,0.09101979086745106,5.0
7.3,0.09083282796487743,5.0
7.31,0.09064650425153968,5.0
7.32,0.09046081667224964,5.0
7.33,0.09027576219056901,5.0
7.34,0.09009133778866892,5.0
7.35,0.08990754046719066,5.0
7.36,0.08972436724510777,5.0
7.37,0.08954181515958935,5.0
7.38,0.08935988126586432,5.0
7.390000000000001,0.08917856263708718,5.0
7.4,0.0889978563642048,5.0
7.41,0.08881775955582445,5.0
7.42,0.08863826933808275,5.0
7.43,0.08845938285451624,5.0
7.44,0.08828109726593254,5.0
7.45,0.08810340975028308,5.0
7.46,0.0879263175025366,5.0
7.47,0.087749817734554,5.0
7.48,0.08757390767496404,5.0
7.49,0.0873985845690405,5.0
7.5,0.0872238456785799,5.0
7.51,0.08704968828178063,5.0
7.52,0.08687610967312306,5.0
7.53,0.08670310716325065,5.0
7.54,0.08653067807885208,5.0
7.55,0.08635881976254432,5.0
7.56,0.08618752957275695,5.0
7.57,0.08601680488361715,5.0
7.58,0.08584664308483599,5.0
7.59,0.08567704158159531,5.0
7.6,0.08550799779443616,5.0
7.61,0.08533950915914743,5.0
7.62,0.08517157312665607,5.0
7.63,0.08500418716291806,5.0
7.640000000000001,0.08483734874880998,5.0
7.65,0.08467105538002205,5.0
7.66,0.08450530456695163,5.0
7.67,0.08434009383459785,5.0
7.68,0.0841754207224571,5.0
7.69,0.08401128278441936,5.0
7.7,0.08384767758866538,5.0
7.71,0.0836846027175648,5.0
7.72,0.08352205576757513,5.0
7.73,0.08336003434914147,5.0
7.74,0.08319853608659726,5.0
7.75,0.08303755861806561,5.0
7.76,0.08287709959536167,5.0
7.77,0.08271715668389577,5.0
7.78,0.08255772756257729,5.0
7.79,0.08239880992371942,5.0
7.8,0.08224040147294465,5.0
7.81,0.082082499929091,5.0
7.82,0.08192510302411932,5.0
7.83,0.08176820850302091,5.0
7.84,0.08161181412372628,5.0
7.85,0.0814559176570144,5.0
7.86,0.08130051688642294,5.0
7.87,0.08114560960815911,5.0
7.88,0.08099119363101119,5.0
7.890000000000001,0.08083726677626092,5.0
7.9,0.08068382687759655,5.0
7.91,0.08053087178102655,5.0
7.92,0.08037839934479413,5.0
7.930000000000001,0.08022640743929231,5.0
7.94,0.08007489394698007,5.0
7.95,0.07992385676229849,5.0
7.96,0.0797732937915883,5.0
7.97,0.07962320295300765,5.0
7.98,0.0794735821764507,5.0
7.99,0.07932442940346697,5.0
8.0,0.079175742587181,5.0
8.01,0.0790275196922132,5.0
8.02,0.07887975869460073,5.0
8.03,0.07873245758171953,5.0
8.040000000000001,0.07858561435220673,5.0
8.05,0.07843922701588375,5.0
8.06,0.07829329359367995,5.0
8.07,0.07814781211755695,5.0
8.08,0.07800278063043366,5.0
8.09,0.07785819718611163,5.0
8.1,0.07771405984920136,5.0
8.11,0.07757036669504895,5.0
8.120000000000001,0.07742711580966334,5.0
8.13,0.07728430528964435,5.0
8.14,0.07714193324211094,5.0
8.15,0.07699999778463043,5.0
8.16,0.07685849704514797,5.0
8.17,0.07671742916191678,5.0
8.18,0.0765767922834288,5.0
8.19,0.07643658456834602,5.0
8.2,0.07629680418543226,5.0
8.21,0.0761574493134854,5.0
8.22,0.07601851814127054,5.0
8.23,0.07588000886745311,5.0
8.24,0.07574191970053297,5.0
8.25,0.07560424885877887,5.0
8.26,0.07546699457016334,5.0
8.27,0.07533015507229827,5.0
8.28,0.07519372861237081,5.0
8.290000000000001,0.0750577134470799,5.0
8.3,0.07492210784257332,5.0
8.31,0.07478691007438507,5.0
8.32,0.07465211842737339,5.0
8.33,0.0745177311956592,5.0
8.34,0.07438374668256509,5.0
8.35,0.07425016320055461,5.0
8.36,0.07411697907117226,5.0
8.370000000000001,0.07398419262498379,5.0
8.38,0.07385180220151703,5.0
8.39,0.07371980614920313,5.0
8.4,0.07358820282531833,5.0
8.41,0.073456990595926,5.0
8.42,0.07332616783581944,5.0
8.43,0.07319573292846485,5.0
8.44,0.07306568426594481,5.0
8.45,0.07293602024890225,5.0
8.46,0.07280673928648478,5.0
8.47,0.07267783979628954,5.0
8.48,0.07254932020430838,5.0
8.49,0.07242117894487346,5.0
8.5,0.07229341446060332,5.0
8.51,0.0721660252023494,5.0
8.52,0.07203900962914282,5.0
8.53,0.07191236620814172,5.0
8.540000000000001,0.07178609341457884,5.0
8.55,0.0716601897317098,5.0
8.56,0.07153465365076131,5.0
8.57,0.0714094836708802,5.0
8.58,0.07128467829908255,5.0
8.59,0.07116023605020348,5.0
8.6,0.07103615544684701,5.0
8.61,0.07091243501933646,5.0
8.620000000000001,0.07078907330566528,5.0
8.63,0.07066606885144822,5.0
8.64,0.07054342020987264,5.0
8.65,0.07042112594165059,5.0
8.66,0.07029918461497087,5.0
8.67,0.07017759480545172,5.0
8.68,0.07005635509609372,5.0
8.69,0.06993546407723303,5.0
8.700000000000001,0.06981492034649514,5.0
8.71,0.0696947225087488,5.0
8.72,0.06957486917606029,5.0
8.73,0.06945535896764811,5.0
8.74,0.06933619050983812,5.0
8.75,0.06921736243601868,5.0
8.76,0.06909887338659644,5.0
8.77,0.06898072200895229,5.0
8.78,0.06886290695739776,5.0
8.790000000000001,0.06874542689313148,5.0
8.8,0.06862828048419647,5.0
8.81,0.06851146640543707,5.0
8.82,0.06839498333845677,5.0
8.83,0.06827882997157603,5.0
8.84,0.06816300499979053,5.0
8.85,0.06804750712472968,5.0
8.86,0.06793233505461548,5.0
8.870000000000001,0.06781748750422159,5.0
8.88,0.06770296319483289,5.0
8.89,0.06758876085420505,5.0
8.9,0.06747487921652466,5.0
8.91,0.0673613170223695,5.0
8.92,0.06724807301866914,5.0
8.93,0.06713514595866589,5.0
8.94,0.06702253460187589,5.0
8.950000000000001,0.0669102377140506,5.0
8.96,0.06679825406713862,5.0
8.97,0.06668658243924752,5.0
8.98,0.0665752216146063,5.0
8.99,0.06646417038352784,5.0
9.0,0.06635342754237182,5.0
9.01,0.06624299189350774,5.0
9.02,0.06613286224527834,5.0
9.03,0.06602303741196318,5.0
9.04,0.06591351621374257,5.0
9.05,0.06580429747666171,5.0
9.06,0.06569538003259508,5.0
9.07,0.06558676271921113,5.0
9.08,0.06547844437993716,5.0
9.09,0.06537042386392451,5.0
9.1,0.06526270002601396,5.0
9.11,0.0651552717267014,5.0
9.12,0.06504813783210371,5.0
9.13,0.06494129721392497,5.0
9.14,0.06483474874942276,5.0
9.15,0.06472849132137488,5.0
9.16,0.06462252381804615,5.0
9.17,0.0645168451331555,5.0
9.18,0.06441145416584339,5.0
9.19,0.06430634982063922,5.0
9.2,0.0642015310074293,5.0
9.21,0.06409699664142472,5.0
9.22,0.0639927456431297,5.0
9.23,0.06388877693831002,5.0
9.24,0.06378508945796166,5.0
9.25,0.06368168213827977,5.0
9.26,0.06357855392062776,5.0
9.27,0.06347570375150675,5.0
9.28,0.06337313058252494,5.0
9.29,0.06327083337036757,5.0
9.3,0.06316881107676671,5.0
9.31,0.06306706266847172,5.0
9.32,0.06296558711721933,5.0
9.33,0.06286438339970456,5.0
9.34,0.06276345049755125,5.0
9.35,0.06266278739728327,5.0
9.36,0.06256239309029565,5.0
9.37,0.062462266572826046,5.0
9.38,0.06236240684592625,5.0
9.39,0.062262812915434174,5.0
9.4,0.06216348379194566,5.0
9.41,0.0620644184907868,5.0
9.42,0.06196561603198631,5.0
9.43,0.06186707544024806,5.0
9.44,0.06176879574492388,5.0
9.45,0.06167077597998654,5.0
9.46,0.06157301518400283,5.0
9.47,0.06147551240010696,5.0
9.48,0.06137826667597396,5.0
9.49,0.06128127706379348,5.0
9.5,0.061184542620243615,5.0
9.51,0.06108806240646495,5.0
9.52,0.06099183548803479,5.0
9.53,0.06089586093494152,5.0
9.54,0.060800137821559304,5.0
9.55,0.06070466522662268,5.0
9.56,0.060609442233201576,5.0
9.57,0.06051446792867642,5.0
9.58,0.06041974140471327,5.0
9.59,0.06032526175723938,5.0
9.6,0.06023102808641873,5.0
9.61,0.06013703949662782,5.0
9.62,0.06004329509643152,5.0
9.63,0.05994979399855922,5.0
9.64,0.05985653531988109,5.0
9.65,0.05976351818138443,5.0
9.66,0.05967074170815025,5.0
9.67,0.059578205029330006,5.0
9.68,0.05948590727812249,5.0
9.69,0.05939384759175083,5.0
9.7,0.05930202511143969,5.0
9.71,0.05921043898239263,5.0
9.72,0.0591190883537696,5.0
9.73,0.059027972378664514,5.0
9.74,0.05893709021408315,5.0
9.75,0.058846441020920966,5.0
9.76,0.05875602396394131,5.0
9.77,0.05866583821175356,5.0
9.78,0.058575882936791536,5.0
9.79,0.058486157315292026,5.0
9.8,0.058396660527273395,5.0
9.81,0.058307391756514525,5.0
9.82,0.058218350190533584,5.0
9.83,0.05812953502056721,5.0
9.84,0.05804094544154974,5.0
9.85,0.0579525806520925,5.0
9.86,0.05786443985446338,5.0
9.87,0.057776522254566406,5.0
9.88,0.057688827061921515,5.0
9.89,0.05760135348964449,5.0
9.9,0.05751410075442694,5.0
9.91,0.05742706807651644,5.0
9.92,0.057340254679696896,5.0
9.93,0.05725365979126894,5.0
9.94,0.057167282642030394,5.0
9.95,0.057081122466257087,5.0
9.96,0.0569951785016835,5.0
9.97,0.056909449989483836,5.0
9.98,0.056823936174252986,5.0
9.99,0.05673863630398766,5.0
10.0,0.05665354963006779,5.0
10.01,0.05656867540723788,5.0
10.02,0.05648401289358852,5.0
10.03,0.05639956135053816,5.0
10.04,0.056315320042814705,5.0
10.05,0.05623128823843755,5.0
10.06,0.056147465208699565,5.0
10.07,0.05606385022814916,5.0
10.08,0.055980442574572555,5.0
10.09,0.0558972415289762,5.0
10.1,0.05581424637556913,5.0
10.11,0.055731456401745635,5.0
10.12,0.05564887089806792,5.0
10.13,0.0555664891582489,5.0
10.14,0.05548431047913515,5.0
10.15,0.055402334160689896,5.0
10.16,0.05532055950597615,5.0
10.17,0.05523898582113993,5.0
10.18,0.0551576124153937,5.0
10.19,0.05507643860099972,5.0
10.2,0.054995463693253636,5.0
10.21,0.05491468701046814,5.0
10.22,0.05483410787395681,5.0
10.23,0.054753725608017854,5.0
10.24,0.05467353953991819,5.0
10.25,0.05459354899987742,5.0
10.26,0.05451375332105213,5.0
10.27,0.05443415183952007,5.0
10.28,0.054354743894264534,5.0
10.29,0.0542755288271589,5.0
10.3,0.054196505982951115,5.0
10.31,0.05411767470924844,5.0
10.32,0.054039034356502175,5.0
10.33,0.05396058427799253,5.0
10.34,0.05388232382981356,5.0
10.35,0.05380425237085825,5.0
10.36,0.053726369262803636,5.0
10.37,0.05364867387009605,5.0
10.38,0.05357116555993647,5.0
10.39,0.053493843702265904,5.0
10.4,0.05341670766975091,5.0
10.41,0.05333975683776924,5.0
10.42,0.05326299058439548,5.0
10.43,0.05318640829038687,5.0
10.44,0.05311000933916916,5.0
10.45,0.053033793116822533,5.0
10.46,0.052957759012067736,5.0
10.47,0.052881906416252136,5.0
10.48,0.052806234723335996,5.0
10.49,0.052730743329878704,5.0
10.5,0.05265543163502523,5.0
10.51,0.052580299040492585,5.0
10.52,0.05250534495055633,5.0
10.53,0.05243056877203728,5.0
10.54,0.05235596991428822,5.0
10.55,0.0522815477891806,5.0
10.56,0.05220730181109162,5.0
10.57,0.05213323139689103,5.0
10.58,0.052059335965928176,5.0
10.59,0.051985614940019256,5.0
10.6,0.0519120677434344,5.0
10.61,0.051838693802884986,5.0
10.62,0.05176549254751104,5.0
10.63,0.051692463408868614,5.0
10.64,0.05161960582091737,5.0
10.65,0.05154691922000808,5.0
10.66,0.05147440304487035,5.0
10.67,0.05140205673660037,5.0
10.68,0.05132987973864871,5.0
10.69,0.05125787149680819,5.0
10.7,0.05118603145920186,5.0
10.71,0.05111435907627106,5.0
10.72,0.05104285380076351,5.0
10.73,0.05097151508772148,5.0
10.74,0.05090034239447003,5.0
10.75,0.05082933518060539,5.0
10.76,0.05075849290798329,5.0
10.77,0.05068781504070746,5.0
10.78,0.05061730104511816,5.0
10.79,0.05054695038978078,5.0
10.8,0.050476762545474466,5.0
10.81,0.050406736985180986,5.0
10.82,0.05033687318407337,5.0
10.83,0.05026717061950492,5.0
10.84,0.05019762877099806,5.0
10.85,0.050128247120233387,5.0
10.86,0.05005902515103875,5.0
10.87,0.04998996234937836,5.0
10.88,0.049921058203342014,5.0
10.89,0.04985231220313434,5.0
10.9,0.04978372384106417,5.0
10.91,0.04971529261153391,5.0
10.92,0.049647018011028936,5.0
10.93,0.04957889953810724,5.0
10.94,0.049510936693388914,5.0
10.95,0.04944312897954584,5.0
10.96,0.04937547590129136,5.0
10.97,0.04930797696537011,5.0
10.98,0.04924063168054778,5.0
10.99,0.049173439557601006,5.0
11.0,0.04910640010930736,5.0
11.01,0.04903951285043534,5.0
11.02,0.0489727772977344,5.0
11.03,0.048906192969925155,5.0
11.04,0.04883975938768943,5.0
11.05,0.048773476073660685,5.0
11.06,0.04870734255241413,5.0
11.07,0.04864135835045718,5.0
11.08,0.04857552299621987,5.0
11.09,0.048509836020045285,5.0
11.1,0.048444296954180066,5.0
11.11,0.04837890533276505,5.0
11.12,0.048313660691825876,5.0
11.13,0.04824856256926363,5.0
11.14,0.04818361050484568,5.0
11.15,0.04811880404019638,5.0
11.16,0.04805414271878797,5.0
11.17,0.04798962608593146,5.0
11.18,0.047925253688767586,5.0
11.19,0.047861025076257876,5.0
11.2,0.04779693979917562,5.0
11.21,0.047732997410097,5.0
11.22,0.04766919746339233,5.0
11.23,0.047605539515217205,5.0
11.24,0.04754202312350378,5.0
11.25,0.04747864784795206,5.0
11.26,0.04741541325002134,5.0
11.27,0.047352318892921554,5.0
11.28,0.047289364341604745,5.0
11.29,0.04722654916275665,5.0
11.3,0.04716387292478813,5.0
11.31,0.04710133519782697,5.0
11.32,0.04703893555370934,5.0
11.33,0.046976673565971634,5.0
11.34,0.046914548809842214,5.0
11.35,0.04685256086223314,5.0
11.36,0.046790709301732104,5.0
11.37,0.046728993708594256,5.0
11.38,0.04666741366473421,5.0
11.39,0.046605968753717995,5.0
11.4,0.04654465856075509,5.0
11.41,0.046483482672690535,5.0
11.42,0.046422440677997,5.0
11.43,0.046361532166767,5.0
11.44,0.04630075673070509,5.0
11.45,0.046240113963120145,5.0
11.46,0.046179603458917626,5.0
11.47,0.046119224814591984,5.0
11.48,0.046058977628218964,5.0
11.49,0.04599886149944811,5.0
11.5,0.04593887602949519,5.0
11.51,0.045879020821134764,5.0
11.52,0.04581929547869273,5.0
11.53,0.04575969960803885,5.0
11.54,0.045700232816579554,5.0
11.55,0.0456408947132504,5.0
11.56,0.045581684908509036,5.0
11.57,0.045522603014327805,5.0
11.58,0.04546364864418663,5.0
11.59,0.0454048214130658,5.0
11.6,0.04534612093743892,5.0
11.61,0.0452875468352658,5.0
11.62,0.045229098725985434,5.0
11.63,0.04517077623050901,5.0
11.64,0.04511257897121295,5.0
11.65,0.045054506571931996,5.0
11.66,0.044996558657952324,5.0
11.67,0.0449387348560047,5.0
11.68,0.044881034794257736,5.0
11.69,0.044823458102311045,5.0
11.7,0.04476600441118854,5.0
11.71,0.0447086733533318,5.0
11.72,0.044651464562593356,5.0
11.73,0.04459437767423009,5.0
11.74,0.04453741232489667,5.0
11.75,0.044480568152639004,5.0
11.76,0.044423844796887726,5.0
11.77,0.04436724189845177,5.0
11.78,0.04431075909951184,5.0
11.79,0.044254396043614135,5.0
11.8,0.04419815237566385,5.0
11.81,0.04414202774191901,5.0
11.82,0.044086021789984046,5.0
11.83,0.044030134168803546,5.0
11.84,0.04397436452865612,5.0
11.85,0.04391871252114811,5.0
11.86,0.043863177799207516,5.0
11.87,0.04380776001707779,5.0
11.88,0.04375245883031184,5.0
11.89,0.043697273895765894,5.0
11.9,0.043642204871593544,5.0
11.91,0.04358725141723965,5.0
11.92,0.04353241319343456,5.0
11.93,0.043477689862187974,5.0
11.94,0.04342308108678323,5.0
11.95,0.04336858653177134,5.0
11.96,0.04331420586296519,5.0
11.97,0.04325993874743378,5.0
11.98,0.043205784853496396,5.0
11.99,0.043151743850716885,5.0
12.0,0.04309781540989804,5.0
12.01,0.04304399920307577,5.0
12.02,0.042990294903513616,5.0
12.03,0.04293670218569704,5.0
12.04,0.04288322072532789,5.0
12.05,0.04282985019931879,5.0
12.06,0.04277659028578776,5.0
12.07,0.04272344066405253,5.0
12.08,0.04267040101462523,5.0
12.09,0.04261747101920689,5.0
12.1,0.04256465036068203,5.0
12.11,0.04251193872311337,5.0
12.12,0.04245933579173635,5.0
12.13,0.04240684125295393,5.0
12.14,0.04235445479433125,5.0
12.15,0.04230217610459038,5.0
12.16,0.04225000487360507,5.0
12.17,0.042197940792395576,5.0
12.18,0.04214598355312348,5.0
12.19,0.04209413284908649,5.0
12.2,0.04204238837471341,5.0
12.21,0.04199074982555898,5.0
12.22,0.04193921689829882,5.0
12.23,0.041887789290724405,5.0
12.24,0.04183646670173803,5.0
12.25,0.04178524883134785,5.0
12.26,0.0417341353806629,5.0
12.27,0.041683126051888196,5.0
12.28,0.04163222054831975,5.0
12.29,0.04158141857433976,5.0
12.3,0.041530719835411754,5.0
12.31,0.04148012403807573,5.0
12.32,0.041429630889943336,5.0
12.33,0.04137924009969313,5.0
12.34,0.041328951377065826,5.0
12.35,0.04127876443285952,5.0
12.36,0.04122867897892503,5.0
12.37,0.04117869472816119,5.0
12.38,0.041128811394510224,5.0
12.39,0.04107902869295308,5.0
12.4,0.04102934633950486,5.0
12.41,0.0409797640512102,5.0
12.42,0.04093028154613872,5.0
12.43,0.040880898543380534,5.0
12.44,0.040831614763041674,5.0
12.45,0.04078242992623966,5.0
12.46,0.04073334375509899,5.0
12.47,0.040684355972746715,5.0
12.48,0.04063546630330804,5.0
12.49,0.04058667447190194,5.0
12.5,0.040537980204636684,5.0
12.51,0.04048938322860566,5.0
12.52,0.04044088327188289,5.0
12.53,0.04039248006351882,5.0
12.54,0.04034417333353598,5.0
12.55,0.04029596281292481,5.0
12.56,0.04024784823363932,5.0
12.57,0.04019982932859292,5.0
12.58,0.04015190583165425,5.0
12.59,0.040104077477642976,5.0
12.6,0.04005634400232563,5.0
12.61,0.04000870514241154,5.0
12.62,0.03996116063554864,5.0
12.63,0.03991371022031944,5.0
12.64,0.03986635363623697,5.0
12.65,0.03981909062374068,5.0
12.66,0.039771920924192454,5.0
12.67,0.03972484427987259,5.0
12.68,0.03967786043397585,5.0
12.69,0.039630969130607444,5.0
12.7,0.03958417011477915,5.0
12.71,0.039537463132405325,5.0
12.72,0.039490847930299056,5.0
12.73,0.03944432425616826,5.0
12.74,0.03939789185861183,5.0
12.75,0.039351550487115756,5.0
12.76,0.03930529989204935,5.0
12.77,0.03925913982466139,5.0
12.78,0.03921307003707643,5.0
12.79,0.0391670902822909,5.0
12.8,0.039121200314169484,5.0
12.81,0.039075399887441326,5.0
12.82,0.03902968875769631,5.0
12.83,0.038984066681381456,5.0
12.84,0.03893853341579713,5.0
12.85,0.038893088719093485,5.0
12.86,0.038847732350266805,5.0
12.87,0.038802464069155856,5.0
12.88,0.038757283636438315,5.0
12.89,0.03871219081362722,5.0
12.9,0.03866718536306736,5.0
12.91,0.03862226704793173,5.0
12.92,0.03857743563221805,5.0
12.93,0.03853269088074525,5.0
12.94,0.03848803255914994,5.0
12.95,0.03844346043388294,5.0
12.96,0.03839897427220591,5.0
12.97,0.038354573842187815,5.0
12.98,0.03831025891270153,5.0
12.99,0.03826602925342047,5.0
13.0,0.03822188463481518,5.0
13.01,0.03817782482814994,5.0
13.02,0.03813384960547946,5.0
13.03,0.03808995873964552,5.0
13.04,0.03804615200427368,5.0
13.05,0.038002429173769885,5.0
13.06,0.037958790023317326,5.0
13.07,0.03791523432887303,5.0
13.08,0.03787176186716471,5.0
13.09,0.037828372415687435,5.0
13.1,0.03778506575270051,5.0
13.11,0.03774184165722419,5.0
13.12,0.037698699909036515,5.0
13.13,0.03765564028867015,5.0
13.14,0.03761266257740922,5.0
13.15,0.037569766557286166,5.0
13.16,0.03752695201107861,5.0
13.17,0.03748421872230624,5.0
13.18,0.03744156647522777,5.0
13.19,0.03739899505483776,5.0
13.2,0.03735650424686361,5.0
13.21,0.037314093837762546,5.0
13.22,0.037271763614718505,5.0
13.23,0.037229513365639164,5.0
13.24,0.037187342879152915,5.0
13.25,0.03714525194460589,5.0
13.26,0.03710324035205897,5.0
13.27,0.037061307892284824,5.0
13.28,0.037019454356764965,5.0
13.29,0.03697767953768683,5.0
13.3,0.036935983227940825,5.0
13.31,0.03689436522111748,5.0
13.32,0.036852825311504495,5.0
13.33,0.03681136329408389,5.0
13.34,0.036769978964529174,5.0
13.35,0.03672867211920245,5.0
13.36,0.036687442555151585,5.0
13.37,0.03664629007010742,5.0
13.38,0.036605214462480946,5.0
13.39,0.03656421553136051,5.0
13.4,0.036523293076509034,5.0
13.41,0.03648244689836125,5.0
13.42,0.036441676798020954,5.0
13.43,0.03640098257725825,5.0
13.44,0.03636036403850684,5.0
13.45,0.03631982098486133,5.0
13.46,0.03627935322007443,5.0
13.47,0.03623896054855445,5.0
13.48,0.03619864277536245,5.0
13.49,0.03615839970620965,5.0
13.5,0.0361182311474548,5.0
13.51,0.03607813690610151,5.0
13.52,0.03603811678979564,5.0
13.53,0.035998170606822706,5.0
13.54,0.035958298166105254,5.0
13.55,0.03591849927720028,5.0
13.56,0.03587877375029669,5.0
13.57,0.03583912139621269,5.0
13.58,0.03579954202639327,5.0
13.59,0.03576003545290766,5.0
13.6,0.03572060148844681,5.0
13.61,0.03568123994632086,5.0
13.62,0.03564195064045665,5.0
13.63,0.03560273338539527,5.0
13.64,0.035563587996289524,5.0
13.65,0.03552451428890147,5.0
13.66,0.035485512079600046,5.0
13.67,0.035446581185358504,5.0
13.68,0.03540772142375209,5.0
13.69,0.03536893261295558,5.0
13.7,0.03533021457174087,5.0
13.71,0.03529156711947456,5.0
13.72,0.03525299007611566,5.0
13.73,0.03521448326221312,5.0
13.74,0.03517604649890348,5.0
13.75,0.035137679607908597,5.0
13.76,0.035099382411533216,5.0
13.77,0.0350611547326627,5.0
13.78,0.03502299639476068,5.0
13.79,0.03498490722186678,5.0
13.8,0.03494688703859426,5.0
13.81,0.034908935670127844,5.0
13.82,0.03487105294222132,5.0
13.83,0.034833238681195366,5.0
13.84,0.03479549271393525,5.0
13.85,0.034757814867888606,5.0
13.86,0.03472020497106323,5.0
13.87,0.03468266285202478,5.0
13.88,0.03464518833989466,5.0
13.89,0.03460778126434776,5.0
13.9,0.03457044145561029,5.0
13.91,0.03453316874445759,5.0
13.92,0.034495962962211954,5.0
13.93,0.03445882394074049,5.0
13.94,0.03442175151245296,5.0
13.95,0.03438474551029966,5.0
13.96,0.034347805767769246,5.0
13.97,0.034310932118886646,5.0
13.98,0.034274124398210974,5.0
13.99,0.034237382440833374,5.0
14.0,0.03420070608237497,5.0
14.01,0.034164095158984775,5.0
14.02,0.03412754950733763,5.0
14.03,0.03409106896463211,5.0
14.04,0.03405465336858853,5.0
14.05,0.03401830255744682,5.0
14.06,0.033982016369964604,5.0
14.07,0.03394579464541507,5.0
14.08,0.03390963722358501,5.0
14.09,0.033873543944772835,5.0
14.1,0.033837514649786495,5.0
14.11,0.03380154917994161,5.0
14.12,0.03376564737705939,5.0
14.13,0.033729809083464735,5.0
14.14,0.03369403414198424,5.0
14.15,0.033658322395944254,5.0
14.16,0.03362267368916894,5.0
14.17,0.033587087865978374,5.0
14.18,0.03355156477118655,5.0
14.19,0.03351610425009952,5.0
14.2,0.033480706148513506,5.0
14.21,0.03344537031271293,5.0
14.22,0.03341009658946861,5.0
14.23,0.033374884826035824,5.0
14.24,0.033339734870152446,5.0
14.25,0.033304646570037094,5.0
14.26,0.033269619774387305,5.0
14.27,0.03323465433237763,5.0
14.28,0.03319975009365783,5.0
14.29,0.033164906908351055,5.0
14.3,0.033130124627052,5.0
14.31,0.03309540310082512,5.0
14.32,0.03306074218120282,5.0
14.33,0.033026141720183616,5.0
14.34,0.032991601570230414,5.0
14.35,0.03295712158426868,5.0
14.36,0.03292270161568472,5.0
14.37,0.03288834151832383,5.0
14.38,0.03285404114648864,5.0
14.39,0.03281980035493732,5.0
14.4,0.03278561899888182,5.0
14.41,0.03275149693398617,5.0
14.42,0.03271743401636474,5.0
14.43,0.03268343010258055,5.0
14.44,0.03264948504964352,5.0
14.45,0.0326155987150088,5.0
14.46,0.03258177095657506,5.0
14.47,0.03254800163268282,5.0
14.48,0.03251429060211278,5.0
14.49,0.032480637724084084,5.0
14.5,0.03244704285825277,5.0
14.51,0.03241350586471,5.0
14.52,0.03238002660398049,5.0
14.53,0.03234660493702084,5.0
14.54,0.032313240725217886,5.0
14.55,0.032279933830387096,5.0
14.56,0.032246684114770975,5.0
14.57,0.03221349144103739,5.0
14.58,0.03218035567227802,5.0
14.59,0.03214727667200672,5.0
14.6,0.03211425430415795,5.0
14.61,0.03208128843308522,5.0
14.62,0.03204837892355946,5.0
14.63,0.03201552564076748,5.0
14.64,0.03198272845031041,5.0
14.65,0.03194998721820213,5.0
14.66,0.03191730181086774,5.0
14.67,0.03188467209514201,5.0
14.68,0.03185209793826783,5.0
14.69,0.0318195792078947,5.0
14.7,0.031787115772077226,5.0
14.71,0.03175470749927355,5.0
14.72,0.03172235425834393,5.0
14.73,0.03169005591854913,5.0
14.74,0.031657812349549015,5.0
14.75,0.03162562342140103,5.0
14.76,0.031593489004558696,5.0
14.77,0.03156140896987019,5.0
14.78,0.031529383188576815,5.0
14.79,0.0314974115323116,5.0
14.8,0.03146549387309778,5.0
14.81,0.0314336300833474,5.0
14.82,0.03140182003585987,5.0
14.83,0.03137006360382046,5.0
14.84,0.031338360660798974,5.0
14.85,0.03130671108074823,5.0
14.86,0.03127511473800272,5.0
14.87,0.031243571507277152,5.0
14.88,0.031212081263665037,5.0
14.89,0.031180643882637357,5.0
14.9,0.03114925924004108,5.0
14.91,0.031117927212097832,5.0
14.92,0.031086647675402528,5.0
14.93,0.03105542050692193,5.0
14.94,0.031024245583993346,5.0
14.95,0.030993122784323236,5.0
14.96,0.030962051985985856,5.0
14.97,0.030931033067421926,5.0
14.98,0.03090006590743725,5.0
14.99,0.030869150385201403,5.0
