t,xdot,beta,history
0.0,1.0,0.01,False
0.01,0.971016552194985,0.01,False
0.02,0.9428731442497291,0.01,False
0.03,0.9155454292000127,0.01,False
0.04,0.8890097649357268,0.01,False
0.05,0.8632431955247971,0.01,False
0.06,0.838223430347636,0.01,False
0.07,0.8139288243466211,0.01,False
0.08,0.7903383603249683,0.01,False
0.09,0.7674316295886234,0.01,False
0.1,0.7451888149846642,0.01,False
0.11,0.7235906737413708,0.01,False
0.12,0.7026185210380379,0.01,False
0.13,0.6822542136467814,0.01,False
0.14,0.6624801342726383,0.01,False
0.15,0.6432791762443983,0.01,False
0.16,0.6246347284813906,0.01,False
0.17,0.6065306610247675,0.01,False
0.18,0.5889513122837908,0.01,False
0.19,0.5718814732549717,0.01,False
0.2,0.5553063771037277,0.01,False
0.21,0.5392116842610225,0.01,False
0.22,0.5235834709484707,0.01,False
0.23,0.508408217435565,0.01,False
0.24,0.4936727948859712,0.01,False
0.25,0.4793644559173272,0.01,False
0.26,0.46547082188935623,0.01,False
0.27,0.45197987313060617,0.01,False
0.28,0.43887993887276944,0.01,False
0.29,0.42615968552849504,0.01,False
0.3,0.41380810918740857,0.01,False
0.31,0.4018145239204673,0.01,False
0.32,0.39016855413620005,0.01,False
0.33,0.3788601247906689,0.01,False
0.34,0.36787945253389437,0.01,False
0.35000000000000003,0.35721703830493295,0.01,False
0.36,0.346863657359446,0.01,False
0.37,0.3368103532661254,0.01,False
0.38,0.327048428455984,0.01,False
0.39,0.31756943785021824,0.01,False
0.4,0.3083651811794544,0.01,False
0.41000000000000003,0.2994276953977818,0.01,False
0.42,0.2907492489812698,0.01,False
0.43,0.28232233365351156,0.01,False
0.44,0.2741396595199087,0.01,False
0.45,0.26619414741348113,0.01,False
0.46,0.25847892363126446,0.01,False
0.47000000000000003,0.2509873137320133,0.01,False
0.48,0.24371283634541752,0.01,False
0.49,0.23664919859006756,0.01,False
0.5,0.22979028920462286,0.01,False
0.51,0.22313017479879052,0.01,False
0.52,0.21666309334495298,0.01,False
0.53,0.21038345024654034,0.01,False
0.54,0.2042858128612488,0.01,False
0.55,0.19836490592394554,0.01,False
0.56,0.19261560745965645,0.01,False
0.5700000000000001,0.187032943310691,0.01,False
0.58,0.1816120841627619,0.01,False
0.59,0.17634834006278463,0.01,False
0.6,0.17123715749591828,0.01,False
0.61,0.16627411455862157,0.01,False
0.62,0.16145491769882098,0.01,False
0.63,0.15677539783611077,0.01,False
0.64,0.15223150648075445,0.01,False
0.65,0.14781931289277525,0.01,False
0.66,0.14353499975528042,0.01,False
0.67,0.1393748608876936,0.01,False
0.68,0.13533529709496692,0.01,False
0.6900000000000001,0.1314128138356485,0.01,False
0.7000000000000001,0.1276040176378123,0.01,False
0.71,0.12390561344685279,0.01,False
0.72,0.12031440183150412,0.01,False
0.73,0.11682727580847953,0.01,False
0.74,0.11344121882031734,0.01,False
0.75,0.11015330133550716,0.01,False
0.76,0.10696067910950703,0.01,False
0.77,0.1038605900177083,0.01,False
0.78,0.1008503522272636,0.01,False
0.79,0.09792736149445576,0.01,False
0.8,0.09508908907465569,0.01,False
0.81,0.09233307963800512,0.01,False
0.8200000000000001,0.08965694877307478,0.01,False
0.8300000000000001,0.08705838148594006,0.01,False
0.84,0.08453512955617219,0.01,False
0.85,0.08208501022618585,0.01,False
0.86,0.07970590374677736,0.01,False
0.87,0.07739575200173171,0.01,False
0.88,0.07515255640732034,0.01,False
0.89,0.07297437633398955,0.01,False
0.9,0.07085932747152425,0.01,False
0.91,0.06880557995534288,0.01,False
0.92,0.06681135718748142,0.01,False
0.93,0.06487493380306879,0.01,False
0.9400000000000001,0.06299463469564699,0.01,False
0.9500000000000001,0.06116883308897599,0.01,False
0.96,0.059395949537234975,0.01,False
0.97,0.05767445024037312,0.01,False
0.98,0.05600284592593857,0.01,False
0.99,0.05437969048515372,0.01,False
1.0,0.05280357964549115,0.01,False
1.01,0.051273149986224696,0.01,False
1.02,0.0497870773985283,0.01,False
1.03,0.04834407636430863,0.01,False
1.04,0.046942898427363995,0.01,False
1.05,0.045582331491500296,0.01,False
1.06,0.04426119844427978,0.01,False
1.07,0.04297835640330398,0.01,False
1.08,0.0417326955376003,0.01,False
1.09,0.040523138209219677,0.01,False
1.1,0.03934863804391547,0.01,False
1.11,0.03820817890885888,0.01,False
1.12,0.037100774253344244,0.01,False
1.1300000000000001,0.036025465959657395,0.01,False
1.1400000000000001,0.03498132384323214,0.01,False
1.1500000000000001,0.03396744452822468,0.01,False
1.16,0.032982950958021236,0.01,False
1.17,0.03202699137940338,0.01,False
1.18,0.03109873882040548,0.01,False
1.19,0.030197390208843784,0.01,False
1.2,0.029322165787308,0.01,False
1.21,0.028472308395221385,0.01,False
1.22,0.027647082781906304,0.01,False
1.23,0.026845775079044346,0.01,False
1.24,0.026067692004785693,0.01,False
1.25,0.025312160490255024,0.01,False
1.26,0.02457852685202659,0.01,False
1.27,0.023866156471169755,0.01,False
1.28,0.023174433013401344,0.01,False
1.29,0.022502758106322487,0.01,False
1.3,0.021850550634074522,0.01,False
1.31,0.02121724639610854,0.01,False
1.32,0.020602297488623033,0.01,False
1.33,0.020005171926984432,0.01,False
1.34,0.019425353120329013,0.01,False
1.35,0.018862339458605645,0.01,False
1.36,0.018315643879258794,0.01,False
1.37,0.01778479340897703,0.01,False
1.3800000000000001,0.017269328830637296,0.01,False
1.3900000000000001,0.016768804171765198,0.01,False
1.4000000000000001,0.016282786464013908,0.01,False
1.41,0.015810855202651745,0.01,False
1.42,0.0153526021558047,0.01,False
1.43,0.014907630842504963,0.01,False
1.44,0.014475556352090945,0.01,False
1.45,0.014056004851357625,0.01,False
1.46,0.013648613417498527,0.01,False
1.47,0.013253029573988299,0.01,False
1.48,0.012868911128474126,0.01,False
1.49,0.0124959257441075,0.01,False
1.5,0.01213375077335919,0.01,False
1.51,0.011782072869582091,0.01,False
1.52,0.011440587812658866,0.01,False
1.53,0.011109000161029422,0.01,False
1.54,0.010787023068829157,0.01,False
1.55,0.01047437797860303,0.01,False
1.56,0.01017079442626167,0.01,False
1.57,0.009876009767839625,0.01,False
1.58,0.009589768988944359,0.01,False
1.59,0.009311824450086777,0.01,False
1.6,0.009041935704335886,0.01,False
1.61,0.008779869260835228,0.01,False
1.62,0.008525398407491206,0.01,False
1.6300000000000001,0.008278302994113392,0.01,False
1.6400000000000001,0.008038369258293187,0.01,False
1.6500000000000001,0.007805389627929223,0.01,False
1.6600000000000001,0.007579162550450359,0.01,False
1.67,0.007359492315072061,0.01,False
1.68,0.007146188881594211,0.01,False
1.69,0.006939067715872752,0.01,False
1.7,0.006737949638027515,0.01,False
1.71,0.00654266065120795,0.01,False
1.72,0.0063530318157574315,0.01,False
1.73,0.006168899071748088,0.01,False
1.74,0.005990103133699095,0.01,False
1.75,0.005816489311912029,0.01,False
1.76,0.005647907422574547,0.01,False
1.77,0.005484211610831163,0.01,False
1.78,0.005325260274317059,0.01,False
1.79,0.0051709158893799324,0.01,False
1.8,0.005021044946054782,0.01,False
1.81,0.004875517770108395,0.01,False
1.82,0.004734208484357424,0.01,False
1.83,0.004596994817040877,0.01,False
1.84,0.004463758085663412,0.01,False
1.85,0.004334383001657181,0.01,False
1.86,0.0042087576638152125,0.01,False
1.87,0.004086773369674256,0.01,False
1.8800000000000001,0.003968324610843283,0.01,False
1.8900000000000001,0.003853308897023321,0.01,False
1.9000000000000001,0.003741626740124553,0.01,False
1.9100000000000001,0.003633181513675228,0.01,False
1.92,0.0035278794064991176,0.01,False
1.93,0.003425629319465102,0.01,False
1.94,0.0033263427884433964,0.01,False
1.95,0.0032299339302107755,0.01,False
1.96,0.0031363193239987105,0.01,False
1.97,0.003045418000587814,0.01,False
1.98,0.0029571513001078226,0.01,False
1.99,0.002871442881861661,0.01,False
2.0,0.002788218580217939,0.01,False
2.0100000000000002,0.0027074064114401067,0.01,False
2.02,0.0026289364545477446,0.01,False
2.0300000000000002,0.0025527408269256403,0.01,False
2.04,0.0024787536134354957,0.01,False
2.05,0.0024069108009270135,0.01,False
2.06,0.002337150248410107,0.01,False
2.07,0.0022694115885935305,0.01,False
2.08,0.002203636239175847,0.01,False
2.09,0.0021397672783329004,0.01,False
2.1,0.0020777494640515054,0.01,False
2.11,0.0020175291390247168,0.01,False
2.12,0.0019590542017092717,0.01,False
2.13,0.0019022740747617756,0.01,False
2.14,0.001847139623663849,0.01,False
2.15,0.0017936031663751027,0.01,False
2.16,0.0017416183735931119,0.01,False
2.17,0.0016911402834061025,0.01,False
2.18,0.0016421252212687652,0.01,False
2.19,0.0015945307829575788,0.01,False
2.2,0.001548315801865855,0.01,False
2.21,0.0015034402821474408,0.01,False
2.22,0.001459865419644919,0.01,False
2.23,0.0014175535022557088,0.01,False
2.24,0.0013764679284778297,0.01,False
2.25,0.0013365731601492265,0.01,False
2.2600000000000002,0.0012978346716589436,0.01,False
2.27,0.0012602189652342751,0.01,False
2.2800000000000002,0.0012236934864880368,0.01,False
2.29,0.0011882266423134762,0.01,False
2.3000000000000003,0.0011537877515773154,0.01,False
2.31,0.001120347012964552,0.01,False
2.32,0.0010878755084516238,0.01,False
2.33,0.0010563451350350873,0.01,False
2.34,0.001025728624869358,0.01,False
2.35,0.0009959994888421497,0.01,False
2.36,0.0009671319992323084,0.01,False
2.37,0.0009391011978155694,0.01,False
2.38,0.0009118828215591712,0.01,False
2.39,0.0008854533255509434,0.01,False
2.4,0.0008597898519515488,0.01,False
2.41,0.000834870186188706,0.01,False
2.42,0.0008106727847308488,0.01,False
2.43,0.000787176705278029,0.01,False
2.44,0.0007643616185076879,0.01,False
2.45,0.0007422077969431204,0.01,False
2.46,0.0007206960651200714,0.01,False
2.47,0.0006998078185729594,0.01,False
2.48,0.0006795249873224913,0.01,False
2.49,0.0006598300172036793,0.01,False
2.5,0.000640705883347924,0.01,False
2.5100000000000002,0.0006221360313010321,0.01,False
2.52,0.0006041043932428178,0.01,False
2.5300000000000002,0.0005865953817194316,0.01,False
2.54,0.0005695938380286911,0.01,False
2.5500000000000003,0.0005530850551649399,0.01,False
2.56,0.0005370547586347316,0.01,False
2.57,0.0005214890700786035,0.01,False
2.58,0.0005063745294981834,0.01,False
2.59,0.0004916980625035335,0.01,False
2.6,0.00047744696412631396,0.01,False
2.61,0.00046360891631229894,0.01,False
2.62,0.00045017194242273243,0.01,False
2.63,0.00043712441328639,0.01,False
2.64,0.00042445505208075845,0.01,False
2.65,0.00041215289097571155,0.01,False
2.66,0.00040020728604619376,0.01,False
2.67,0.0003886079126212657,0.01,False
2.68,0.0003773447273331202,0.01,False
2.69,0.00036640798403787193,0.01,False
2.7,0.0003557882324088715,0.01,False
2.71,0.00034547627554045655,0.01,False
2.72,0.00033546318975609325,0.01,False
2.73,0.00032574032400770086,0.01,False
2.74,0.00031629925799889246,0.01,False
2.75,0.00030713182170978695,0.01,False
2.7600000000000002,0.0002982300946224923,0.01,False
2.77,0.0002895863682292648,0.01,False
2.7800000000000002,0.00028119316256096854,0.01,False
2.79,0.0002730432258176592,0.01,False
2.8000000000000003,0.00026512950077722293,0.01,False
2.81,0.0002574451389301878,0.01,False
2.82,0.0002499835012036145,0.01,False
2.83,0.0002427381261462844,0.01,False
2.84,0.00023570274363336012,0.01,False
2.85,0.0002288712774183876,0.01,False
2.86,0.00022223781026869927,0.01,False
2.87,0.00021579659849996493,0.01,False
2.88,0.00020954208145181516,0.01,False
2.89,0.00020346884269096426,0.01,False
2.9,0.00019757162307829814,0.01,False
2.91,0.0001918453252706453,0.01,False
2.92,0.00018628499877170512,0.01,False
2.93,0.00018088582685347324,0.01,False
2.94,0.00017564313806957925,0.01,False
2.95,0.00017055240499521245,0.01,False
2.96,0.00016560921733381888,0.01,False
2.97,0.00016080929563883558,0.01,False
2.98,0.0001561484970764224,0.01,False
2.99,0.00015162278391757107,0.01,False
3.0,0.000147228238033532,0.01,False
3.0100000000000002,0.00014296106311536047,0.01,False
3.02,0.00013881756716114713,0.01,False
3.0300000000000002,0.00013479416172634955,0.01,False
3.04,0.00013088736826410074,0.01,False
3.0500000000000003,0.00012709381183941394,0.01,False
3.06,0.00012341020505449477,0.01,False
3.0700000000000003,0.00011983335717258167,0.01,False
3.08,0.00011636018418659297,0.01,False
3.09,0.0001129876769279944,0.01,False
3.1,0.00010971291395380944,0.01,False
3.11,0.00010653306142215067,0.01,False
3.12,0.00010344537733832566,0.01,False
3.13,0.00010044718392514077,0.01,False
3.14,9.753588446171283e-05,0.01,False
3.15,9.470896536155639e-05,0.01,False
3.16,9.196398220579071e-05,0.01,False
3.17,8.929855640669583e-05,0.01,False
3.18,8.671038005880606e-05,0.01,False
3.19,8.419722229638947e-05,0.01,False
3.2,8.175690412628599e-05,0.01,False
3.21,7.938731251218043e-05,0.01,False
3.22,7.708639909059785e-05,0.01,False
3.23,7.485217698148584e-05,0.01,False
3.24,7.268270947879077e-05,0.01,False
3.25,7.057611736792042e-05,0.01,False
3.2600000000000002,6.853058634935172e-05,0.01,False
3.27,6.654434326023158e-05,0.01,False
3.2800000000000002,6.461566729530701e-05,0.01,False
3.29,6.274288672941489e-05,0.01,False
3.3000000000000003,6.092439142934442e-05,0.01,False
3.31,5.915860334418707e-05,0.01,False
3.3200000000000003,5.7443992294343264e-05,0.01,False
3.33,5.577907171315766e-05,0.01,False
3.34,5.416241144574006e-05,0.01,False
3.35,5.2592607806891406e-05,0.01,False
3.36,5.1068300739112724e-05,0.01,False
3.37,4.958816893701365e-05,0.01,False
3.38,4.815094077876641e-05,0.01,False
3.39,4.675536837003286e-05,0.01,False
3.4,4.5400242989347365e-05,0.01,False
3.41,4.40843902278352e-05,0.01,False
3.42,4.28066793469101e-05,0.01,False
3.43,4.156600087665845e-05,0.01,False
3.44,4.036128037218322e-05,0.01,False
3.45,3.919147376919866e-05,0.01,False
3.46,3.805557601327685e-05,0.01,False
3.47,3.695260048483051e-05,0.01,False
3.48,3.5881591908213786e-05,0.01,False
3.49,3.4841622083455875e-05,0.01,False
3.5,3.383179949158157e-05,0.01,False
3.5100000000000002,3.2851245646543594e-05,0.01,False
3.52,3.189911104824284e-05,0.01,False
3.5300000000000002,3.097456991275475e-05,0.01,False
3.54,3.0076826011162913e-05,0.01,False
3.5500000000000003,2.920510545885372e-05,0.01,False
3.56,2.8358650040677175e-05,0.01,False
3.5700000000000003,2.7536725765330086e-05,0.01,False
3.58,2.6738620167613763e-05,0.01,False
3.59,2.596365152134595e-05,0.01,False
3.6,2.5211143913269685e-05,0.01,False
3.61,2.4480445277836863e-05,0.01,False
3.62,2.3770921778165978e-05,0.01,False
3.63,2.3081963582256563e-05,0.01,False
3.64,2.2412975582089873e-05,0.01,False
3.65,2.176337652091709e-05,0.01,False
3.66,2.1132603386663506e-05,0.01,False
3.67,2.0520110293715563e-05,0.01,False
3.68,1.9925372429528518e-05,0.01,False
3.69,1.9347871975131792e-05,0.01,False
3.7,1.8787108607589656e-05,0.01,False
3.71,1.824259597842854e-05,0.01,False
3.72,1.7713866779517232e-05,0.01,False
3.73,1.7200463113648004e-05,0.01,False
3.74,1.6701939268125457e-05,0.01,False
3.75,1.6217862992816308e-05,0.01,False
3.7600000000000002,1.5747816315291866e-05,0.01,False
3.77,1.5291397055973857e-05,0.01,False
3.7800000000000002,1.4848206818015329e-05,0.01,False
3.79,1.4417861332719337e-05,0.01,False
3.8000000000000003,1.3999986920849078e-05,0.01,False
3.81,1.3594222572266897e-05,0.01,False
3.8200000000000003,1.320022328500279e-05,0.01,False
3.83,1.2817643613939162e-05,0.01,False
3.84,1.244615168295373e-05,0.01,False
3.85,1.2085424738200993e-05,0.01,False
3.86,1.173515082412583e-05,0.01,False
3.87,1.1395033222622385e-05,0.01,False
3.88,1.1064773230747515e-05,0.01,False
3.89,1.0744084471569836e-05,0.01,False
3.9,1.043268849681006e-05,0.01,False
3.91,1.0130315791982041e-05,0.01,False
3.92,9.836710126690356e-06,0.01,False
3.93,9.551613960804763e-06,0.01,False
3.94,9.274780213217227e-06,0.01,False
3.95,9.00596867320909e-06,0.01,False
3.96,8.744946537154897e-06,0.01,False
3.97,8.491492421685629e-06,0.01,False
3.98,8.245384236168991e-06,0.01,False
3.99,8.006408696604316e-06,0.01,False
4.0,7.774358432523583e-06,0.01,False
4.01,7.54903228455217e-06,0.01,False
4.0200000000000005,7.330239464907107e-06,0.01,False
4.03,7.117788071088791e-06,0.01,False
4.04,6.911493933168458e-06,0.01,False
4.05,6.711177967541879e-06,0.01,False
4.0600000000000005,6.516666410557254e-06,0.01,False
4.07,6.3277963593648355e-06,0.01,False
4.08,6.1444009138955224e-06,0.01,False
4.09,5.966320993451526e-06,0.01,False
4.1,5.793401855782377e-06,0.01,False
4.11,5.625492908440421e-06,0.01,False
4.12,5.462449586852999e-06,0.01,False
4.13,5.3041358586870555e-06,0.01,False
4.14,5.150410824826561e-06,0.01,False
4.15,5.001140976449946e-06,0.01,False
4.16,4.8561964162310756e-06,0.01,False
4.17,4.715450698853879e-06,0.01,False
4.18,4.5787842824425184e-06,0.01,False
4.19,4.446081662476672e-06,0.01,False
4.2,4.3172250634141465e-06,0.01,False
4.21,4.19210260299195e-06,0.01,False
4.22,4.0706054476280305e-06,0.01,False
4.23,3.9526276809165e-06,0.01,False
4.24,3.838070304452811e-06,0.01,False
4.25,3.7268344596748195e-06,0.01,False
4.26,3.6188223808494286e-06,0.01,False
4.2700000000000005,3.5139403443559022e-06,0.01,False
4.28,3.412097189218679e-06,0.01,False
4.29,3.313204206816026e-06,0.01,False
4.3,3.217179264909897e-06,0.01,False
4.3100000000000005,3.123937880161932e-06,0.01,False
4.32,3.033398819999327e-06,0.01,False
4.33,2.9454834922671998e-06,0.01,False
4.34,2.860115433973085e-06,0.01,False
4.3500000000000005,2.777220463715133e-06,0.01,False
4.36,2.696730225537363e-06,0.01,False
4.37,2.618572947253245e-06,0.01,False
4.38,2.542680827720943e-06,0.01,False
4.39,2.468987912198826e-06,0.01,False
4.4,2.3974300116973002e-06,0.01,False
4.41,2.3279458390818566e-06,0.01,False
4.42,2.2604783457323408e-06,0.01,False
4.43,2.1949666794457122e-06,0.01,False
4.44,2.1313539203874957e-06,0.01,False
4.45,2.0695846615189426e-06,0.01,False
4.46,2.009604937397833e-06,0.01,False
4.47,1.95136215297934e-06,0.01,False
4.48,1.8948079002235918e-06,0.01,False
4.49,1.8398955746461495e-06,0.01,False
4.5,1.786574974072355e-06,0.01,False
4.51,1.7347996695126483e-06,0.01,False
4.5200000000000005,1.6845244505759944e-06,0.01,False
4.53,1.6357052669618435e-06,0.01,False
4.54,1.5882991699520427e-06,0.01,False
4.55,1.5422683153272677e-06,0.01,False
4.5600000000000005,1.4975732391944484e-06,0.01,False
4.57,1.4541734691132271e-06,0.01,False
4.58,1.4120312399869786e-06,0.01,False
4.59,1.3711097920886043e-06,0.01,False
4.6000000000000005,1.3313733246157829e-06,0.01,False
4.61,1.29278694924624e-06,0.01,False
4.62,1.2553206257540216e-06,0.01,False
4.63,1.2189407172152604e-06,0.01,False
4.64,1.183615061602907e-06,0.01,False
4.65,1.1493129663124823e-06,0.01,False
4.66,1.1160045625043205e-06,0.01,False
4.67,1.083660767377576e-06,0.01,False
4.68,1.0522532851013502e-06,0.01,False
4.69,1.0217579614179798e-06,0.01,False
4.7,9.92146498628392e-07,0.01,False
4.71,9.633932098209625e-07,0.01,False
4.72,9.354731008507686e-07,0.01,False
4.73,9.083618387088251e-07,0.01,False
4.74,8.820357198913334e-07,0.01,False
4.75,8.564721219522662e-07,0.01,False
4.76,8.316509218513114e-07,0.01,False
4.7700000000000005,8.075491833465469e-07,0.01,False
4.78,7.841459646044814e-07,0.01,False
4.79,7.614208787546541e-07,0.01,False
4.8,7.393540675408452e-07,0.01,False
4.8100000000000005,7.179261749722721e-07,0.01,False
4.82,6.971196463918731e-07,0.01,False
4.83,6.769181192156022e-07,0.01,False
4.84,6.573024009381437e-07,0.01,False
4.8500000000000005,6.38255398935995e-07,0.01,False
4.86,6.197604555809093e-07,0.01,False
4.87,6.018013253148857e-07,0.01,False
4.88,5.843621517251774e-07,0.01,False
4.89,5.674274446192907e-07,0.01,False
4.9,5.509827961343813e-07,0.01,False
4.91,5.350179282687258e-07,0.01,False
4.92,5.195159756637247e-07,0.01,False
4.93,5.044633915480959e-07,0.01,False
4.94,4.898469702394251e-07,0.01,False
4.95,4.7565382902863333e-07,0.01,False
4.96,4.6187139006443163e-07,0.01,False
4.97,4.4848736223778865e-07,0.01,False
4.98,4.3548972306639075e-07,0.01,False
4.99,4.2287156021203127e-07,0.01,False
5.0,4.106193531990587e-07,0.01,False
5.01,3.987221705672779e-07,0.01,False
5.0200000000000005,3.871696109481367e-07,0.01,False
5.03,3.7595153835624877e-07,0.01,False
5.04,3.650580685791903e-07,0.01,False
5.05,3.5447955556730726e-07,0.01,False
5.0600000000000005,3.44206577823516e-07,0.01,False
5.07,3.3423229659910663e-07,0.01,False
5.08,3.2454774897199965e-07,0.01,False
5.09,3.151437914052927e-07,0.01,False
5.1000000000000005,3.060122432343278e-07,0.01,False
5.11,2.971451385956379e-07,0.01,False
5.12,2.8853471585930943e-07,0.01,False
5.13,2.801734070613533e-07,0.01,False
5.14,2.720538273360713e-07,0.01,False
5.15,2.641697499393329e-07,0.01,False
5.16,2.5651494837242616e-07,0.01,False
5.17,2.4908199524183393e-07,0.01,False
5.18,2.4186442964710363e-07,0.01,False
5.19,2.3485595769251796e-07,0.01,False
5.2,2.2805044385971382e-07,0.01,False
5.21,2.2144190238029455e-07,0.01,False
5.22,2.1502448860844825e-07,0.01,False
5.23,2.0879292482431939e-07,0.01,False
5.24,2.0274292564049322e-07,0.01,False
5.25,1.9686832089971078e-07,0.01,False
5.26,1.9116399094720626e-07,0.01,False
5.2700000000000005,1.8562494508665423e-07,0.01,False
5.28,1.802463146077715e-07,0.01,False
5.29,1.7502334581391446e-07,0.01,False
5.3,1.6995139304968087e-07,0.01,False
5.3100000000000005,1.6502601554945684e-07,0.01,False
5.32,1.602453753158402e-07,0.01,False
5.33,1.55603525683056e-07,0.01,False
5.34,1.5109640530262087e-07,0.01,False
5.3500000000000005,1.4672004897709234e-07,0.01,False
5.36,1.424705817025256e-07,0.01,False
5.37,1.3834421271092644e-07,0.01,False
5.38,1.3433722951270783e-07,0.01,False
5.39,1.3044599193914476e-07,0.01,False
5.4,1.2666692618482918e-07,0.01,False
5.41,1.229965188501263e-07,0.01,False
5.42,1.194342651114435e-07,0.01,False
5.43,1.1597620437334545e-07,0.01,False
5.44,1.1261848211510276e-07,0.01,False
5.45,1.093581214781625e-07,0.01,False
5.46,1.0619221151046433e-07,0.01,False
5.47,1.0311790272080545e-07,0.01,False
5.48,1.0013240263320353e-07,0.01,False
5.49,9.723297134126139e-08,0.01,False
5.5,9.4416917062529e-08,0.01,False
5.51,9.16815916928681e-08,0.01,False
5.5200000000000005,8.902593213699618e-08,0.01,False
5.53,8.644871029242926e-08,0.01,False
5.54,8.394615354274219e-08,0.01,False
5.55,8.151605880309964e-08,0.01,False
5.5600000000000005,7.915627628579411e-08,0.01,False
5.57,7.686470643655162e-08,0.01,False
5.58,7.463929687083526e-08,0.01,False
5.59,7.247803931015079e-08,0.01,False
5.6000000000000005,7.037896651835115e-08,0.01,False
5.61,6.834014923794193e-08,0.01,False
5.62,6.636000410335695e-08,0.01,False
5.63,6.443848080654944e-08,0.01,False
5.64,6.257258088762345e-08,0.01,False
5.65,6.076068224254716e-08,0.01,False
5.66,5.900120454814039e-08,0.01,False
5.67,5.72926070388514e-08,0.01,False
5.68,5.563338628353508e-08,0.01,False
5.69,5.402207396223029e-08,0.01,False
5.7,5.2457234642938016e-08,0.01,False
5.71,5.0937463558398146e-08,0.01,False
5.72,4.9461384382867646e-08,0.01,False
5.73,4.8028702284993556e-08,0.01,False
5.74,4.663766664569649e-08,0.01,False
5.75,4.528693550797311e-08,0.01,False
5.76,4.397533276875025e-08,0.01,False
5.7700000000000005,4.2701710402839514e-08,0.01,False
5.78,4.1464946698151723e-08,0.01,False
5.79,4.0263944490910066e-08,0.01,False
5.8,3.909762940086439e-08,0.01,False
5.8100000000000005,3.7964948066504944e-08,0.01,False
5.82,3.686486638027656e-08,0.01,False
5.83,3.579692646745023e-08,0.01,False
5.84,3.476031272404857e-08,0.01,False
5.8500000000000005,3.3753773554148286e-08,0.01,False
5.86,3.277642412543241e-08,0.01,False
5.87,3.1827399074799894e-08,0.01,False
5.88,3.090585113388205e-08,0.01,False
5.89,3.001094975455844e-08,0.01,False
5.9,2.9141879734472825e-08,0.01,False
5.91,2.8297839842549477e-08,0.01,False
5.92,2.747804144450874e-08,0.01,False
5.93,2.6682151314741673e-08,0.01,False
5.94,2.591046416960032e-08,0.01,False
5.95,2.5161290655403515e-08,0.01,False
5.96,2.4433963775635644e-08,0.01,False
5.97,2.372782896415928e-08,0.01,False
5.98,2.3042242938290596e-08,0.01,False
5.99,2.237657255187517e-08,0.01,False
6.0,2.1730193648363185e-08,0.01,False
6.01,2.1102489913885208e-08,0.01,False
6.0200000000000005,2.0492851730327655e-08,0.01,False
6.03,1.9900675028408545e-08,0.01,False
6.04,1.932536014075273e-08,0.01,False
6.05,1.8766310654967687e-08,0.01,False
6.0600000000000005,1.822293226671895e-08,0.01,False
6.07,1.7696507323754837e-08,0.01,False
6.08,1.7186189459574597e-08,0.01,False
6.09,1.6690742580911746e-08,0.01,False
6.1000000000000005,1.620971051091561e-08,0.01,False
6.11,1.5742644391960906e-08,0.01,False
6.12,1.5289101905151916e-08,0.01,False
6.13,1.4848646489827107e-08,0.01,False
6.140000000000001,1.4420846563063487e-08,0.01,False
6.15,1.4005274739181183e-08,0.01,False
6.16,1.3601507049247665e-08,0.01,False
6.17,1.3209122160582328e-08,0.01,False
6.18,1.282770059626089e-08,0.01,False
6.19,1.2456823954619807e-08,0.01,False
6.2,1.209624760190165e-08,0.01,False
6.21,1.1747800465234384e-08,0.01,False
6.22,1.1409428640035662e-08,0.01,False
6.23,1.108082778199595e-08,0.01,False
6.24,1.0761700074777734e-08,0.01,False
6.25,1.0451753769094922e-08,0.01,False
6.26,1.0150702721792552e-08,0.01,False
6.2700000000000005,9.858265934926335e-09,0.01,False
6.28,9.574167094842333e-09,0.01,False
6.29,9.2981341112564e-09,0.01,False
6.3,9.029898656333873e-09,0.01,False
6.3100000000000005,8.769195703769115e-09,0.01,False
6.32,8.515763067865193e-09,0.01,False
6.33,8.269340942613325e-09,0.01,False
6.34,8.030241728364727e-09,0.01,False
6.3500000000000005,7.798531021531755e-09,0.01,False
6.36,7.57348162651811e-09,0.01,False
6.37,7.354899869658386e-09,0.01,False
6.38,7.142596939567863e-09,0.01,False
6.390000000000001,6.936388587536661e-09,0.01,False
6.4,6.736094827924017e-09,0.01,False
6.41,6.5415396385523675e-09,0.01,False
6.42,6.352550661101619e-09,0.01,False
6.43,6.168958901503333e-09,0.01,False
6.44,5.9905984303349e-09,0.01,False
6.45,5.8173060832138055e-09,0.01,False
6.46,5.64892116119173e-09,0.01,False
6.47,5.485285131148809e-09,0.01,False
6.48,5.326671846448116e-09,0.01,False
6.49,5.172694270635121e-09,0.01,False
6.5,5.023172143837693e-09,0.01,False
6.51,4.877977044206813e-09,0.01,False
6.5200000000000005,4.736983096449399e-09,0.01,False
6.53,4.600066734684439e-09,0.01,False
6.54,4.467106465299014e-09,0.01,False
6.55,4.337982629804433e-09,0.01,False
6.5600000000000005,4.212577167692301e-09,0.01,False
6.57,4.090773379290651e-09,0.01,False
6.58,3.972455688619971e-09,0.01,False
6.59,3.857509406249333e-09,0.01,False
6.6000000000000005,3.7458204921524655e-09,0.01,False
6.61,3.637395657318957e-09,0.01,False
6.62,3.5323886074551233e-09,0.01,False
6.63,3.4304481110782638e-09,0.01,False
6.640000000000001,3.331482431963869e-09,0.01,False
6.65,3.235401038585561e-09,0.01,False
6.66,3.142114426027053e-09,0.01,False
6.67,3.0515339378942024e-09,0.01,False
6.68,2.963571588227014e-09,0.01,False
6.69,2.8781398834116502e-09,0.01,False
6.7,2.7951516440924766e-09,0.01,False
6.71,2.714519827084029e-09,0.01,False
6.72,2.636157347283061e-09,0.01,False
6.73,2.559976899580545e-09,0.01,False
6.74,2.485890780773713e-09,0.01,False
6.75,2.414555593103491e-09,0.01,False
6.76,2.3456731680214027e-09,0.01,False
6.7700000000000005,2.278874070934892e-09,0.01,False
6.78,2.214093433345202e-09,0.01,False
6.79,2.151266547804242e-09,0.01,False
6.8,2.090328724579782e-09,0.01,False
6.8100000000000005,2.031215148320605e-09,0.01,False
6.82,1.9738607347216948e-09,0.01,False
6.83,1.9181999871893697e-09,0.01,False
6.84,1.8641668535064703e-09,0.01,False
6.8500000000000005,1.8116945824975148e-09,0.01,False
6.86,1.7607155806938849e-09,0.01,False
6.87,1.7111612689989626e-09,0.01,False
6.88,1.6629619393533153e-09,0.01,False
6.890000000000001,1.6160466113998539e-09,0.01,False
6.9,1.5703428891490134e-09,0.01,False
6.91,1.5257768176438957e-09,0.01,False
6.92,1.4822727396254519e-09,0.01,False
6.93,1.4397531521976434e-09,0.01,False
6.94,1.3984587314876803e-09,0.01,False
6.95,1.3597211428519306e-09,0.01,False
6.96,1.3221542715627615e-09,0.01,False
6.97,1.285716938911175e-09,0.01,False
6.98,1.2503679404673728e-09,0.01,False
6.99,1.2160659643147498e-09,0.01,False
7.0,1.182769509283855e-09,0.01,False
7.01,1.150436803186384e-09,0.01,False
7.0200000000000005,1.119025721049152e-09,0.01,False
7.03,1.088493703348087e-09,0.01,False
7.04,1.0587976742421905e-09,0.01,False
7.05,1.029893959807531e-09,0.01,False
7.0600000000000005,1.0017382062712168e-09,0.01,False
7.07,9.74285298245387e-10,0.01,False
7.08,9.474892769611763e-10,0.01,False
7.09,9.213032585027045e-10,0.01,False
7.1000000000000005,8.956793520410519e-10,0.01,False
7.11,8.705685780682484e-10,0.01,False
7.12,8.459207866312402e-10,0.01,False
7.13,8.216845755658779e-10,0.01,False
7.140000000000001,7.988044375422157e-10,0.01,False
7.15,7.770025715560396e-10,0.01,False
7.16,7.558048695737309e-10,0.01,False
7.17,7.351904567591694e-10,0.01,False
7.18,7.151388094286702e-10,0.01,False
7.19,6.956297215532771e-10,0.01,False
7.2,6.766432712610666e-10,0.01,False
7.21,6.581597873394344e-10,0.01,False
7.22,6.40159815737399e-10,0.01,False
7.23,6.226240860678944e-10,0.01,False
7.24,6.055334781100733e-10,0.01,False
7.25,5.888689883115944e-10,0.01,False
7.26,5.726116962909254e-10,0.01,False
7.2700000000000005,5.567427313396362e-10,0.01,False
7.28,5.412432389247013e-10,0.01,False
7.29,5.260943471907884e-10,0.01,False
7.3,5.112771334625599e-10,0.01,False
7.3100000000000005,4.967725907469671e-10,0.01,False
7.32,4.825615942355526e-10,0.01,False
7.33,4.686947682664874e-10,0.01,False
7.34,4.555281565569279e-10,0.01,False
7.3500000000000005,4.427051300717588e-10,0.01,False
7.36,4.302171224694931e-10,0.01,False
7.37,4.180559211934325e-10,0.01,False
7.38,4.062136494948466e-10,0.01,False
7.390000000000001,3.9468274845614646e-10,0.01,False
7.4,3.8345595901406335e-10,0.01,False
7.41,3.725263039828181e-10,0.01,False
7.42,3.6188707007730024e-10,0.01,False
7.43,3.51531789936242e-10,0.01,False
7.44,3.4145422414539276e-10,0.01,False
7.45,3.3164834326069783e-10,0.01,False
7.46,3.2210830983146785e-10,0.01,False
7.47,3.1282846042355795e-10,0.01,False
7.48,3.03803287642541e-10,0.01,False
7.49,2.95027422156886e-10,0.01,False
7.5,2.8649561472112836e-10,0.01,False
7.51,2.7820271819904846e-10,0.01,False
7.5200000000000005,2.7014366958684497e-10,0.01,False
7.53,2.623132311301095e-10,0.01,False
7.54,2.547064935947181e-10,0.01,False
7.55,2.4731865108100343e-10,0.01,False
7.5600000000000005,2.4014478823606924e-10,0.01,False
7.57,2.3317998345068684e-10,0.01,False
7.58,2.264192908703547e-10,0.01,False
7.59,2.1985772240636454e-10,0.01,False
7.6000000000000005,2.134902297468634e-10,0.01,False
7.61,2.0731168636791922e-10,0.01,False
7.62,2.0131686954458116e-10,0.01,False
7.63,1.9550044236194503e-10,0.01,False
7.640000000000001,1.8985693572621567e-10,0.01,False
7.65,1.843807303757724e-10,0.01,False
7.66,1.7906603889222943e-10,0.01,False
7.67,1.7390688771150126e-10,0.01,False
7.68,1.688970991348656e-10,0.01,False
7.69,1.6403027334002624e-10,0.01,False
7.7,1.5929977039217842e-10,0.01,False
7.71,1.546986922550694e-10,0.01,False
7.72,1.5022487057833083e-10,0.01,False
7.73,1.4591200128195266e-10,0.01,False
7.74,1.4173174466494202e-10,0.01,False
7.75,1.3768108976959192e-10,0.01,False
7.76,1.337571571670214e-10,0.01,False
7.7700000000000005,1.2995719895717482e-10,0.01,False
7.78,1.262785987688231e-10,0.01,False
7.79,1.2271887175956177e-10,0.01,False
7.8,1.1927566461581237e-10,0.01,False
7.8100000000000005,1.1594675555282169e-10,0.01,False
7.82,1.1273005431466309e-10,0.01,False
7.83,1.0962360217423459e-10,0.01,False
7.84,1.0662557193326019e-10,0.01,False
7.8500000000000005,1.0373426792228922e-10,0.01,False
7.86,1.0094812600069738e-10,0.01,False
7.87,9.826571355668525e-11,0.01,False
7.88,9.568572950727927e-11,0.01,False
7.890000000000001,9.320700429833127e-11,0.01,False
7.9,9.082849990451934e-11,0.01,False
7.91,8.854930982934657e-11,0.01,False
7.92,8.61956799622879e-11,0.01,False
7.930000000000001,8.380686666414089e-11,0.01,False
7.94,8.148164342923104e-11,0.01,False
7.95,7.921795542015698e-11,0.01,False
7.96,7.701384571313195e-11,0.01,False
7.97,7.486745529798342e-11,0.01,False
7.98,7.277702307815306e-11,0.01,False
7.99,7.074088587069727e-11,0.01,False
8.0,6.875747840628636e-11,0.01,False
8.01,6.682533332920501e-11,0.01,False
8.02,6.494308119735232e-11,0.01,False
8.03,6.310945048224157e-11,0.01,False
8.040000000000001,6.132326756900018e-11,0.01,False
8.05,5.958345675637068e-11,0.01,False
8.06,5.788904025670906e-11,0.01,False
8.07,5.6239138195985904e-11,0.01,False
8.08,5.46329686137861e-11,0.01,False
8.09,5.306984746330884e-11,0.01,False
8.1,5.1549188611367655e-11,0.01,False
8.11,5.0070503838390345e-11,0.01,False
8.120000000000001,4.863340283841878e-11,0.01,False
8.13,4.723759321910993e-11,0.01,False
8.14,4.5882880501734255e-11,0.01,False
8.15,4.456916812117683e-11,0.01,False
8.16,4.3296457425936997e-11,0.01,False
8.17,4.206484767812844e-11,0.01,False
8.18,4.0874536053479125e-11,0.01,False
8.19,3.972581764133135e-11,0.01,False
8.2,3.8619085444641704e-11,0.01,False
8.21,3.755483037998091e-11,0.01,False
8.22,3.653364127753456e-11,0.01,False
8.23,3.555620488110197e-11,0.01,False
8.24,3.444966742442657e-11,0.01,False
8.25,3.332874457568213e-11,0.01,False
8.26,3.2228749796269244e-11,0.01,False
8.27,3.1149506757442446e-11,0.01,False
8.28,3.009091195765092e-11,0.01,False
8.290000000000001,2.9052934722538268e-11,0.01,False
8.3,2.8035617204943294e-11,0.01,False
8.31,2.7039074384898813e-11,0.01,False
8.32,2.6063494069632493e-11,0.01,False
8.33,2.510913689356659e-11,0.01,False
8.34,2.4176336318317975e-11,0.01,False
8.35,2.3265498632698153e-11,0.01,False
8.36,2.237710295271324e-11,0.01,False
8.370000000000001,2.1511701221563805e-11,0.01,False
8.38,2.066991820964551e-11,0.01,False
8.39,1.985245151454816e-11,0.01,False
8.4,1.906007156105634e-11,0.01,False
8.41,1.8293621601149244e-11,0.01,False
8.42,1.7554017714000684e-11,0.01,False
8.43,1.6842248805979097e-11,0.01,False
8.44,1.615937661064753e-11,0.01,False
8.45,1.550653568876365e-11,0.01,False
8.46,1.488493342827963e-11,0.01,False
8.47,1.429585004434259e-11,0.01,False
8.48,1.3740638579293934e-11,0.01,False
8.49,1.3220724902669796e-11,0.01,False
8.5,1.2737607711200922e-11,0.01,False
8.51,1.2292858528812684e-11,0.01,False
8.52,1.1888121706625063e-11,0.01,False
8.53,1.152511442295266e-11,0.01,False
8.540000000000001,1.1205626683304639e-11,0.01,False
8.55,1.0923649010284916e-11,0.01,False
8.56,1.0369697100243947e-11,0.01,False
8.57,9.827636682221296e-12,0.01,False
8.58,9.297661740340777e-12,0.01,False
8.59,8.780000741072196e-12,0.01,False
8.6,8.274916633231356e-12,0.01,False
8.61,7.782706847980072e-12,0.01,False
8.620000000000001,7.303703298826055e-12,0.01,False
8.63,6.838272381623285e-12,0.01,False
8.64,6.386814974571475e-12,0.01,False
8.65,5.94976643821643e-12,0.01,False
8.66,5.527596615449947e-12,0.01,False
8.67,5.1208098315098304e-12,0.01,False
8.68,4.729944893979875e-12,0.01,False
8.69,4.35557509278988e-12,0.01,False
8.700000000000001,3.998308200215581e-12,0.01,False
8.71,3.6587864708789005e-12,0.01,False
8.72,3.337686641747567e-12,0.01,False
8.73,3.0357199321353766e-12,0.01,False
8.74,2.753632043702121e-12,0.01,False
8.75,2.4922031604535924e-12,0.01,False
8.76,2.252247948741581e-12,0.01,False
8.77,2.0346155572638776e-12,0.01,False
8.78,1.840189617064271e-12,0.01,False
8.790000000000001,1.6698882415325205e-12,0.01,False
8.8,1.5246640264044745e-12,0.01,False
8.81,1.405504049761887e-12,0.01,False
8.82,1.3134298720325412e-12,0.01,False
8.83,1.2494975359902226e-12,0.01,False
8.84,1.214797566754714e-12,0.01,False
8.85,1.210454971791797e-12,0.01,False
8.86,1.237629240913253e-12,0.01,False
8.870000000000001,1.2453346166643973e-12,0.01,False
8.88,1.0952139942114378e-12,0.01,False
8.89,9.527282753888013e-13,0.01,False
8.9,8.177933634124405e-13,0.01,False
8.91,6.903316913124643e-13,0.01,False
8.92,5.702722219331388e-13,0.01,False
8.93,4.575504479328868e-13,0.01,False
8.94,3.521083917842875e-13,0.01,False
8.950000000000001,2.5389460577405967e-13,0.01,False
8.96,1.628641720031316e-13,0.01,False
8.97,7.897870238653363e-14,0.01,False
8.98,2.206338653472205e-15,0.01,False
8.99,-6.747824765269021e-14,0.01,False
9.0,-1.300938551744342e-13,0.01,False
9.01,-1.8565275274008411e-13,0.01,False
9.02,-2.3416067936380714e-13,0.01,False
9.03,-2.7561684424561406e-13,0.01,False
9.040000000000001,-3.100139267713643e-13,0.01,False
9.05,-3.373380765127432e-13,0.01,False
9.06,-3.575689132272981e-13,0.01,False
9.07,-3.706795268584132e-13,0.01,False
9.08,-3.7663647753531583e-13,0.01,False
9.09,-3.753997955730765e-13,0.01,False
9.1,-3.6692298147260955e-13,0.01,False
9.11,-3.5115300592067235e-13,0.01,False
9.120000000000001,-3.280303097898606e-13,0.01,False
9.13,-2.974888041386269e-13,0.01,False
9.14,-2.5945587021125517e-13,0.01,False
9.15,-2.1385235943787592e-13,0.01,False
9.16,-1.6059259343446335e-13,0.01,False
9.17,-9.958436400283477e-14,0.01,False
9.18,-3.0728933130650974e-14,0.01,False
9.19,2.3269068483305973e-14,0.01,False
9.200000000000001,5.105809956646123e-14,0.01,False
9.21,8.063233089597777e-14,0.01,False
9.22,1.1179580193703413e-13,0.01,False
9.23,1.443525521547071e-13,0.01,False
9.24,1.7810662101425739e-13,0.01,False
9.25,2.1286204798071938e-13,0.01,False
9.26,2.484228725193502e-13,0.01,False
9.27,2.8459313409521534e-13,0.01,False
9.28,3.211768721735445e-13,0.01,False
9.290000000000001,3.5797812621947797e-13,0.01,False
9.3,3.948009356981326e-13,0.01,False
9.31,4.3144934007470943e-13,0.01,False
9.32,4.677273788143109e-13,0.01,False
9.33,5.034390913821555e-13,0.01,False
9.34,5.383885172433588e-13,0.01,False
9.35,5.723796958630836e-13,0.01,False
9.36,6.052166667064934e-13,0.01,False
9.370000000000001,6.367034692387362e-13,0.01,False
9.38,6.666441429249853e-13,0.01,False
9.39,6.948427272303545e-13,0.01,False
9.4,7.211032616200349e-13,0.01,False
9.41,7.452297855591775e-13,0.01,False
9.42,7.670263385129254e-13,0.01,False
9.43,7.862969599464445e-13,0.01,False
9.44,8.028456893248843e-13,0.01,False
9.450000000000001,8.16476566113413e-13,0.01,False
9.46,8.269936297771635e-13,0.01,False
9.47,8.34200919781303e-13,0.01,False
9.48,8.379024755909947e-13,0.01,False
9.49,8.3790233667138e-13,0.01,False
9.5,8.34004542487624e-13,0.01,False
9.51,1.5445725419415095e-12,0.01,False
9.52,2.670801139602192e-12,0.01,False
9.53,3.804724786339063e-12,0.01,False
9.540000000000001,4.946190981199294e-12,0.01,False
9.55,6.095047223229423e-12,0.01,False
9.56,7.251141011476569e-12,0.01,False
9.57,8.41431984498771e-12,0.01,False
9.58,9.584431222809757e-12,0.01,False
9.59,1.0761322643989676e-11,0.01,False
9.6,1.1944841607574405e-11,0.01,False
9.61,1.313483561261087e-11,0.01,False
9.620000000000001,1.4331152158146248e-11,0.01,False
9.63,1.5533638743227057e-11,0.01,False
9.64,1.6742142866900456e-11,0.01,False
9.65,1.7956512028213365e-11,0.01,False
9.66,1.917659372621274e-11,0.01,False
9.67,2.040223545994552e-11,0.01,False
9.68,2.1633284728458677e-11,0.01,False
9.69,2.2869589030799097e-11,0.01,False
9.700000000000001,2.411099586601399e-11,0.01,False
9.71,2.5357352733149848e-11,0.01,False
9.72,2.6608507131253824e-11,0.01,False
9.73,2.7864306559372875e-11,0.01,False
9.74,2.9124598516553946e-11,0.01,False
9.75,3.038923050184395e-11,0.01,False
9.76,3.1658050014289884e-11,0.01,False
9.77,3.2930904552938633e-11,0.01,False
9.78,3.420764161683717e-11,0.01,False
9.790000000000001,3.548810870503269e-11,0.01,False
9.8,3.6772153316571625e-11,0.01,False
9.81,3.805962295050116e-11,0.01,False
9.82,3.9350365105868283e-11,0.01,False
9.83,4.064422728171991e-11,0.01,False
9.84,4.194105697710295e-11,0.01,False
9.85,4.3240701691064406e-11,0.01,False
9.86,4.45430089226512e-11,0.01,False
9.870000000000001,4.584782617091047e-11,0.01,False
9.88,4.715500093488874e-11,0.01,False
9.89,4.846438071363317e-11,0.01,False
9.9,4.97758130061907e-11,0.01,False
9.91,5.1089145311608287e-11,0.01,False
9.92,5.2404225128932846e-11,0.01,False
9.93,5.372089995721136e-11,0.01,False
9.94,5.503901729549071e-11,0.01,False
9.950000000000001,5.6358424642818146e-11,0.01,False
9.96,5.767896949824011e-11,0.01,False
9.97,5.900049936080376e-11,0.01,False
9.98,6.032286172955608e-11,0.01,False
9.99,6.1645904103544e-11,0.01,False
10.0,6.296947398181443e-11,0.01,False
10.01,6.429341886341434e-11,0.01,False
10.02,6.561758624739067e-11,0.01,False
10.03,6.694182363279039e-11,0.01,False
10.040000000000001,6.826597851866063e-11,0.01,False
10.05,6.958989840404791e-11,0.01,False
10.06,7.091343078799935e-11,0.01,False
10.07,7.223642316956194e-11,0.01,False
10.08,7.355872304778263e-11,0.01,False
10.09,7.488017792170833e-11,0.01,False
10.1,7.6200635290386e-11,0.01,False
10.11,7.751994265286257e-11,0.01,False
10.120000000000001,7.883794750818523e-11,0.01,False
10.13,8.015449735540046e-11,0.01,False
10.14,8.146943969355541e-11,0.01,False
10.15,8.278262202169708e-11,0.01,False
10.16,8.409389183887235e-11,0.01,False
10.17,8.54030966441282e-11,0.01,False
10.18,8.671008393651156e-11,0.01,False
10.19,8.801470121506937e-11,0.01,False
10.200000000000001,8.931679597884883e-11,0.01,False
10.21,9.061621572689637e-11,0.01,False
10.22,9.191280795825921e-11,0.01,False
10.23,9.32064201719843e-11,0.01,False
10.24,9.449689986711853e-11,0.01,False
10.25,9.578409454270889e-11,0.01,False
10.26,9.706785169780231e-11,0.01,False
10.27,9.834801883144573e-11,0.01,False
10.28,9.96244434426861e-11,0.01,False
10.290000000000001,1.0089697303057055e-10,0.01,False
10.3,1.0216545509414565e-10,0.01,False
10.31,1.0342973713245847e-10,0.01,False
10.32,1.0468966664455608e-10,0.01,False
10.33,1.0594509112948531e-10,0.01,False
10.34,1.0719585808629314e-10,0.01,False
10.35,1.0844181501402654e-10,0.01,False
10.36,1.096828094117324e-10,0.01,False
10.370000000000001,1.1091868877845793e-10,0.01,False
10.38,1.1214930061324961e-10,0.01,False
10.39,1.1337449241515462e-10,0.01,False
10.4,1.1459411168321987e-10,0.01,False
10.41,1.1580800591649235e-10,0.01,False
10.42,1.1701602261401898e-10,0.01,False
10.43,1.182180092748467e-10,0.01,False
10.44,1.194138133980224e-10,0.01,False
10.450000000000001,1.2060328248259335e-10,0.01,False
10.46,1.2178626402760603e-10,0.01,False
10.47,1.2296260553210759e-10,0.01,False
10.48,1.2413215449514487e-10,0.01,False
10.49,1.2529475841576497e-10,0.01,False
10.5,1.264502647930147e-10,0.01,False
10.51,1.2759852112594117e-10,0.01,False
10.52,1.2873937491359116e-10,0.01,False
10.53,1.2987267365501165e-10,0.01,False
10.540000000000001,1.3099826484924986e-10,0.01,False
10.55,1.3211599599535225e-10,0.01,False
10.56,1.3322571459236597e-10,0.01,False
10.57,1.3432726813933805e-10,0.01,False
10.58,1.3542050413531534e-10,0.01,False
10.59,1.3650527007934477e-10,0.01,False
10.6,1.375814134704734e-10,0.01,False
10.61,1.3864878180774807e-10,0.01,False
10.620000000000001,1.3970722259021592e-10,0.01,False
10.63,1.407565833169236e-10,0.01,False
10.64,1.417967114869181e-10,0.01,False
10.65,1.428274545992465e-10,0.01,False
10.66,1.4384866015295567e-10,0.01,False
10.67,1.4486017564709254e-10,0.01,False
10.68,1.4586184858070414e-10,0.01,False
10.69,1.4685352645283728e-10,0.01,False
10.700000000000001,1.4783505676253926e-10,0.01,False
10.71,1.4880628700885648e-10,0.01,False
10.72,1.497670646908362e-10,0.01,False
10.73,1.5071723730752528e-10,0.01,False
10.74,1.516566523579707e-10,0.01,False
10.75,1.5258515734121935e-10,0.01,False
10.76,1.5350259975631824e-10,0.01,False
10.77,1.5440882710231435e-10,0.01,False
10.78,1.553036868782545e-10,0.01,False
10.790000000000001,1.561870265831859e-10,0.01,False
10.8,1.570586937161551e-10,0.01,False
10.81,1.5791853577620922e-10,0.01,False
10.82,1.5876640026239526e-10,0.01,False
10.83,1.5960213467376012e-10,0.01,False
10.84,1.6042558650935069e-10,0.01,False
10.85,1.6123660326821403e-10,0.01,False
10.86,1.6203503244939698e-10,0.01,False
10.870000000000001,1.6282072155194666e-10,0.01,False
10.88,1.6359351807490976e-10,0.01,False
10.89,1.6435326951733333e-10,0.01,False
10.9,1.6509982337826435e-10,0.01,False
10.91,1.6583302715674965e-10,0.01,False
10.92,1.6655272835183634e-10,0.01,False
10.93,1.6725877446257127e-10,0.01,False
10.94,1.679510129880014e-10,0.01,False
10.950000000000001,1.686292914271738e-10,0.01,False
10.96,1.692934572791351e-10,0.01,False
10.97,1.6994335804293245e-10,0.01,False
10.98,1.705788412176128e-10,0.01,False
10.99,1.7119975430222304e-10,0.01,False
11.0,1.7180594479581013e-10,0.01,False
11.01,1.7239726019742101e-10,0.01,False
11.02,1.729735480061027e-10,0.01,False
11.03,1.73534655720902e-10,0.01,False
11.040000000000001,1.7408043084086604e-10,0.01,False
11.05,1.7461072086504153e-10,0.01,False
11.06,1.7512537329247559e-10,0.01,False
11.07,1.7562423562221508e-10,0.01,False
11.08,1.76107155353307e-10,0.01,False
11.09,1.7657397998479824e-10,0.01,False
11.1,1.7702455701573575e-10,0.01,False
11.11,1.774587339451665e-10,0.01,False
11.120000000000001,1.778763582721375e-10,0.01,False
11.13,1.782772774956955e-10,0.01,False
11.14,1.7866133911488764e-10,0.01,False
11.15,1.7902839062876076e-10,0.01,False
11.16,1.7937827953636175e-10,0.01,False
11.17,1.7971085333673777e-10,0.01,False
11.18,1.8002595952893552e-10,0.01,False
11.19,1.8032344561200208e-10,0.01,False
11.200000000000001,1.8060315908498438e-10,0.01,False
11.21,1.8086494744692936e-10,0.01,False
11.22,1.8110865819688385e-10,0.01,False
11.23,1.8133413883389487e-10,0.01,False
11.24,1.815412368570095e-10,0.01,False
11.25,1.8172979976527451e-10,0.01,False
11.26,1.818996750577369e-10,0.01,False
11.27,1.8205071023344357e-10,0.01,False
11.28,1.8218275279144157e-10,0.01,False
11.290000000000001,1.822956502307778e-10,0.01,False
11.3,1.8238925005049906e-10,0.01,False
11.31,1.824633997496525e-10,0.01,False
11.32,1.8251794682728494e-10,0.01,False
11.33,1.8255273878244342e-10,0.01,False
11.34,1.8256762311417476e-10,0.01,False
11.35,1.8256244732152597e-10,0.01,False
11.36,1.8253705890354408e-10,0.01,False
11.370000000000001,1.8249130535927585e-10,0.01,False
11.38,1.8242503418776832e-10,0.01,False
11.39,1.8233809288806842e-10,0.01,False
11.4,1.8223032895922318e-10,0.01,False
11.41,1.821015899002794e-10,0.01,False
11.42,1.8195172321028407e-10,0.01,False
11.43,1.8178057638828423e-10,0.01,False
11.44,1.815879969333267e-10,0.01,False
11.450000000000001,1.8137383234445843e-10,0.01,False
11.46,1.8113793012072643e-10,0.01,False
11.47,1.8088013776117762e-10,0.01,False
11.48,1.8060030276485897e-10,0.01,False
11.49,1.8029827263081737e-10,0.01,False
11.5,1.7997389485809978e-10,0.01,False
11.51,1.7962701694575314e-10,0.01,False
11.52,1.7925748639282442e-10,0.01,False
11.53,1.7886515069836055e-10,0.01,False
11.540000000000001,1.7844985736140834e-10,0.01,False
11.55,1.78011453881015e-10,0.01,False
11.56,1.7754978775622732e-10,0.01,False
11.57,1.7706470648609224e-10,0.01,False
11.58,1.7655605756965672e-10,0.01,False
11.59,1.7602368850596776e-10,0.01,False
11.6,1.754674467940722e-10,0.01,False
11.61,1.7488717993301696e-10,0.01,False
11.620000000000001,1.7428273542184906e-10,0.01,False
11.63,1.7365396075961544e-10,0.01,False
11.64,1.7300070344536314e-10,0.01,False
11.65,1.7232281097813894e-10,0.01,False
11.66,1.7162013085698986e-10,0.01,False
11.67,1.7089251058096284e-10,0.01,False
11.68,1.701397976491048e-10,0.01,False
11.69,1.6936183956046272e-10,0.01,False
11.700000000000001,1.6855848381408334e-10,0.01,False
11.71,1.6772957790901396e-10,0.01,False
11.72,1.668749693443013e-10,0.01,False
11.73,1.6599450561899235e-10,0.01,False
11.74,1.650880342321341e-10,0.01,False
11.75,1.641554026827734e-10,0.01,False
11.76,1.6319645846995726e-10,0.01,False
11.77,1.6221104909273261e-10,0.01,False
11.78,1.6119902205014642e-10,0.01,False
11.790000000000001,1.601602248412453e-10,0.01,False
11.8,1.5909450496507674e-10,0.01,False
11.81,1.5800170992068743e-10,0.01,False
11.82,1.5688168720712435e-10,0.01,False
11.83,1.557342843234344e-10,0.01,False
11.84,1.545593487686645e-10,0.01,False
11.85,1.533567280418616e-10,0.01,False
11.86,1.5212626964207275e-10,0.01,False
11.870000000000001,1.5086782106834453e-10,0.01,False
11.88,1.4958122981972443e-10,0.01,False
11.89,1.482663433952591e-10,0.01,False
11.9,1.4692300929399552e-10,0.01,False
11.91,1.4555107501498061e-10,0.01,False
11.92,1.4415038805726132e-10,0.01,False
11.93,1.4272079591988463e-10,0.01,False
11.94,1.4126214610189746e-10,0.01,False
11.950000000000001,1.3977428610234652e-10,0.01,False
11.96,1.3825706342027916e-10,0.01,False
11.97,1.3671032555474218e-10,0.01,False
11.98,1.3513392000478252e-10,0.01,False
11.99,1.3352769426944703e-10,0.01,False
12.0,1.3189149584778277e-10,0.01,False
12.01,1.3022517223883662e-10,0.01,False
12.02,1.2852857094165552e-10,0.01,False
12.030000000000001,1.268015394552861e-10,0.01,False
12.040000000000001,1.2504392527877594e-10,0.01,False
12.05,1.2325557591117169e-10,0.01,False
12.06,1.2143633885152026e-10,0.01,False
12.07,1.1958606159886862e-10,0.01,False
12.08,1.177045916522637e-10,0.01,False
12.09,1.1579177651075243e-10,0.01,False
12.1,1.1384746367338177e-10,0.01,False
12.11,1.1187150063919866e-10,0.01,False
12.120000000000001,1.098637349072497e-10,0.01,False
12.13,1.0782401397658249e-10,0.01,False
12.14,1.057521853462437e-10,0.01,False
12.15,1.036480965152802e-10,0.01,False
12.16,1.0151159498273899e-10,0.01,False
12.17,9.9342528247667e-11,0.01,False
12.18,9.714074380911115e-11,0.01,False
12.19,9.490608916611839e-11,0.01,False
12.200000000000001,9.263841181773527e-11,0.01,False
12.21,9.033755926300953e-11,0.01,False
12.22,8.800337900098772e-11,0.01,False
12.23,8.563571853071677e-11,0.01,False
12.24,8.323442535124363e-11,0.01,False
12.25,8.079934696161525e-11,0.01,False
12.26,7.833033086087857e-11,0.01,False
12.27,7.582722454808053e-11,0.01,False
12.280000000000001,7.328987552226762e-11,0.01,False
12.290000000000001,7.071813128248769e-11,0.01,False
12.3,7.025671055157986e-11,0.01,False
12.31,6.979496583367666e-11,0.01,False
12.32,6.933186716863124e-11,0.01,False
12.33,6.88674341336306e-11,0.01,False
12.34,6.840168630586171e-11,0.01,False
12.35,6.793464326251156e-11,0.01,False
12.36,6.74663245807671e-11,0.01,False
12.370000000000001,6.699674983781521e-11,0.01,False
12.38,6.652593861084306e-11,0.01,False
12.39,6.605391047703752e-11,0.01,False
12.4,6.558068501358556e-11,0.01,False
12.41,6.510628179767418e-11,0.01,False
12.42,6.463072040649031e-11,0.01,False
12.43,6.415402041722096e-11,0.01,False
12.44,6.36762014070531e-11,0.01,False
12.450000000000001,6.319728295317359e-11,0.01,False
12.46,6.271728463276958e-11,0.01,False
12.47,6.2236226023028e-11,0.01,False
12.48,6.175412670113577e-11,0.01,False
12.49,6.127100624427987e-11,0.01,False
12.5,6.07868842296473e-11,0.01,False
12.51,6.030178023442504e-11,0.01,False
12.52,5.981571383580001e-11,0.01,False
12.530000000000001,5.932870461095913e-11,0.01,False
12.540000000000001,5.884077213708955e-11,0.01,False
12.55,5.835193599137816e-11,0.01,False
12.56,5.786221575101192e-11,0.01,False
12.57,5.73716309931778e-11,0.01,False
12.58,5.6880201295062764e-11,0.01,False
12.59,5.638794623385382e-11,0.01,False
12.6,5.589488538673791e-11,0.01,False
12.61,5.5401038330902026e-11,0.01,False
12.620000000000001,5.490642464353302e-11,0.01,False
12.63,5.44110639018181e-11,0.01,False
12.64,5.39149756829441e-11,0.01,False
12.65,5.3418179564098e-11,0.01,False
12.66,5.292069512246678e-11,0.01,False
12.67,5.2422541935237424e-11,0.01,False
12.68,5.192373957959689e-11,0.01,False
12.69,5.1424307632732164e-11,0.01,False
12.700000000000001,5.09242656718301e-11,0.01,False
12.71,5.04236332740779e-11,0.01,False
12.72,4.992243001666239e-11,0.01,False
12.73,4.9420675476770585e-11,0.01,False
12.74,4.891838923158943e-11,0.01,False
12.75,4.841559085830593e-11,0.01,False
12.76,4.7912299934107014e-11,0.01,False
12.77,4.7408536036179706e-11,0.01,False
12.780000000000001,4.6904318741710857e-11,0.01,False
12.790000000000001,4.639966762788761e-11,0.01,False
12.8,4.589460227189688e-11,0.01,False
12.81,4.538914225092562e-11,0.01,False
12.82,4.488330714216082e-11,0.01,False
12.83,4.437711652278941e-11,0.01,False
12.84,4.387058996999838e-11,0.01,False
12.85,4.3363747060974744e-11,0.01,False
12.86,4.285660737290546e-11,0.01,False
12.870000000000001,4.234919048297737e-11,0.01,False
12.88,4.184151596837765e-11,0.01,False
12.89,4.13336034062932e-11,0.01,False
12.9,4.082547237391097e-11,0.01,False
12.91,4.031714244841793e-11,0.01,False
12.92,3.980863320700108e-11,0.01,False
12.93,3.929996422684738e-11,0.01,False
12.94,3.8791155085143785e-11,0.01,False
12.950000000000001,3.828222535907721e-11,0.01,False
12.96,3.7773194625834775e-11,0.01,False
12.97,3.7264082462603375e-11,0.01,False
12.98,3.675490844657001e-11,0.01,False
12.99,3.624569215492161e-11,0.01,False
13.0,3.573645316484517e-11,0.01,False
13.01,3.522721105352766e-11,0.01,False
13.02,3.471798539815605e-11,0.01,False
13.030000000000001,3.420879577591723e-11,0.01,False
13.040000000000001,3.369966176399834e-11,0.01,False
13.05,3.3190602939586266e-11,0.01,False
13.06,3.2681638879868004e-11,0.01,False
13.07,3.217278916203049e-11,0.01,False
13.08,3.166407336326073e-11,0.01,False
13.09,3.115551106074568e-11,0.01,False
13.1,3.064712183167231e-11,0.01,False
13.11,3.013892525322759e-11,0.01,False
13.120000000000001,2.963094090259843e-11,0.01,False
13.13,2.912318835697195e-11,0.01,False
13.14,2.861568719353504e-11,0.01,False
13.15,2.8108456989474684e-11,0.01,False
13.16,2.760151732197786e-11,0.01,False
13.17,2.709488776823152e-11,0.01,False
13.18,2.658858790542265e-11,0.01,False
13.19,2.6082637310738216e-11,0.01,False
13.200000000000001,2.557705556136511e-11,0.01,False
13.21,2.5071862234490478e-11,0.01,False
13.22,2.45670769073012e-11,0.01,False
13.23,2.406271915698426e-11,0.01,False
13.24,2.355880856072662e-11,0.01,False
13.25,2.305536469571526e-11,0.01,False
13.26,2.2552407139137145e-11,0.01,False
13.27,2.2049955468179255e-11,0.01,False
13.280000000000001,2.1548029260028477e-11,0.01,False
13.290000000000001,2.1046648091871944e-11,0.01,False
13.3,2.0545831540896556e-11,0.01,False
13.31,2.004559918428929e-11,0.01,False
13.32,1.9545970599237107e-11,0.01,False
13.33,1.9046965362926987e-11,0.01,False
13.34,1.854860305254589e-11,0.01,False
13.35,1.80509032452808e-11,0.01,False
13.36,1.7553885518318688e-11,0.01,False
13.370000000000001,1.7057569448846446e-11,0.01,False
13.38,1.6561974614051215e-11,0.01,False
13.39,1.6067120591119875e-11,0.01,False
13.4,1.5573026957239396e-11,0.01,False
13.41,1.507971328959677e-11,0.01,False
13.42,1.458719916537896e-11,0.01,False
13.43,1.4095504161772932e-11,0.01,False
13.44,1.3604647855965662e-11,0.01,False
13.450000000000001,1.3114649825144044e-11,0.01,False
13.46,1.2625529646495218e-11,0.01,False
13.47,1.213730689720607e-11,0.01,False
13.48,1.1650001154463579e-11,0.01,False
13.49,1.1163631995454707e-11,0.01,False
13.5,1.0678218997366427e-11,0.01,False
13.51,1.0193781737385728e-11,0.01,False
13.52,9.710339792699569e-12,0.01,False
13.530000000000001,9.22791274049483e-12,0.01,False
13.540000000000001,8.746520157958678e-12,0.01,False
13.55,8.26618162227798e-12,0.01,False
13.56,7.78691671063972e-12,0.01,False
13.57,7.308745000230865e-12,0.01,False
13.58,6.831686068238389e-12,0.01,False
13.59,6.355759491849265e-12,0.01,False
13.6,5.880984848250476e-12,0.01,False
13.61,5.407381714628968e-12,0.01,False
13.620000000000001,4.934969668171666e-12,0.01,False
13.63,4.463768286065681e-12,0.01,False
13.64,3.993797145497918e-12,0.01,False
13.65,3.5250758236553337e-12,0.01,False
13.66,3.057623897724916e-12,0.01,False
13.67,2.5914609448936324e-12,0.01,False
13.68,2.126606542348464e-12,0.01,False
13.69,1.6630802672763714e-12,0.01,False
13.700000000000001,1.200901696864252e-12,0.01,False
13.71,7.400904082992414e-13,0.01,False
13.72,2.806659787682297e-13,0.01,False
13.73,-1.7735201454181517e-13,0.01,False
13.74,-6.339439944439061e-13,0.01,False
13.75,-1.0890903837510817e-12,0.01,False
13.76,-1.5427716052763678e-12,0.01,False
13.77,-1.9949680818327966e-12,0.01,False
13.780000000000001,-2.445660236233465e-12,0.01,False
13.790000000000001,-2.8948284912912467e-12,0.01,False
13.8,-3.342453269819242e-12,0.01,False
13.81,-3.788514994630483e-12,0.01,False
13.82,-4.232994088537998e-12,0.01,False
13.83,-4.675870974354814e-12,0.01,False
13.84,-5.1171260748939595e-12,0.01,False
13.85,-5.556739812968457e-12,0.01,False
13.86,-5.994692611391335e-12,0.01,False
13.870000000000001,-6.4309648929757005e-12,0.01,False
13.88,-6.865537080534421e-12,0.01,False
13.89,-7.298389596880606e-12,0.01,False
13.9,-7.729502864827283e-12,0.01,False
13.91,-8.158857307187476e-12,0.01,False
13.92,-8.586433346774214e-12,0.01,False
13.93,-9.012211406400525e-12,0.01,False
13.94,-9.436171908879434e-12,0.01,False
13.950000000000001,-9.858295277024043e-12,0.01,False
13.96,-1.027856193364723e-11,0.01,False
13.97,-1.0696952301562099e-11,0.01,False
13.98,-1.1113446803581675e-11,0.01,False
13.99,-1.1528025862518983e-11,0.01,False
14.0,-1.1940669901187058e-11,0.01,False
14.01,-1.2351359342398919e-11,0.01,False
14.02,-1.2760074608967598e-11,0.01,False
14.030000000000001,-1.3166796123706192e-11,0.01,False
14.040000000000001,-1.3571504309427585e-11,0.01,False
14.05,-1.3974179588944874e-11,0.01,False
14.06,-1.437480238507109e-11,0.01,False
14.07,-1.4773353120619258e-11,0.01,False
14.08,-1.5169812218402406e-11,0.01,False
14.09,-1.5564160101233562e-11,0.01,False
14.1,-1.595637719192575e-11,0.01,False
14.11,-1.6346443913291997e-11,0.01,False
14.120000000000001,-1.6734340688145405e-11,0.01,False
14.13,-1.7120047939298856e-11,0.01,False
14.14,-1.7503546089565452e-11,0.01,False
14.15,-1.7884815561758217e-11,0.01,False
14.16,-1.826383677869018e-11,0.01,False
14.17,-1.8640590163174366e-11,0.01,False
14.18,-1.9015056138023805e-11,0.01,False
14.19,-1.9387215126051522e-11,0.01,False
14.200000000000001,-1.975704755007061e-11,0.01,False
14.21,-2.0124533832893962e-11,0.01,False
14.22,-2.0456463369273426e-11,0.01,False
14.23,-2.071516788595514e-11,0.01,False
14.24,-2.09675406910511e-11,0.01,False
14.25,-2.121351290887665e-11,0.01,False
14.26,-2.1453015663747097e-11,0.01,False
14.27,-2.1685980079977778e-11,0.01,False
14.280000000000001,-2.191233728188405e-11,0.01,False
14.290000000000001,-2.213201839378116e-11,0.01,False
14.3,-2.2344954539984474e-11,0.01,False
14.31,-2.255107684480931e-11,0.01,False
14.32,-2.2750316432571e-11,0.01,False
14.33,-2.2942604427584862e-11,0.01,False
14.34,-2.312787195416622e-11,0.01,False
14.35,-2.3306050136630407e-11,0.01,False
14.36,-2.3477070099292736e-11,0.01,False
14.370000000000001,-2.3640862966468566e-11,0.01,False
14.38,-2.3797359862473164e-11,0.01,False
14.39,-2.394649191162188e-11,0.01,False
14.4,-2.4088190238230042e-11,0.01,False
14.41,-2.422238596661297e-11,0.01,False
14.42,-2.4349010221085993e-11,0.01,False
14.43,-2.4467994125964433e-11,0.01,False
14.44,-2.4579268805563615e-11,0.01,False
14.450000000000001,-2.468276538419888e-11,0.01,False
14.46,-2.477841498618551e-11,0.01,False
14.47,-2.4866148735838857e-11,0.01,False
14.48,-2.4945897757474246e-11,0.01,False
14.49,-2.501759317540699e-11,0.01,False
14.5,-2.5081166113952427e-11,0.01,False
14.51,-2.5136547697425876e-11,0.01,False
14.52,-2.5183669050142657e-11,0.01,False
14.530000000000001,-2.52224612964181e-11,0.01,False
14.540000000000001,-2.5252855560567525e-11,0.01,False
14.55,-2.5274782966906254e-11,0.01,False
14.56,-2.528817463974962e-11,0.01,False
14.57,-2.5292961703412935e-11,0.01,False
14.58,-2.5289075282211536e-11,0.01,False
14.59,-2.5276446500460742e-11,0.01,False
14.6,-2.525500648247587e-11,0.01,False
14.61,-2.5224686352572257e-11,0.01,False
14.620000000000001,-2.5185417235065217e-11,0.01,False
14.63,-2.513713025427008e-11,0.01,False
14.64,-2.507975653450217e-11,0.01,False
14.65,-2.501322720007681e-11,0.01,False
14.66,-2.4937473375309323e-11,0.01,False
14.67,-2.4852426184515038e-11,0.01,False
14.68,-2.4758016752009274e-11,0.01,False
14.69,-2.465417620210736e-11,0.01,False
14.700000000000001,-2.4540835659124593e-11,0.01,False
14.71,-2.4417926247376343e-11,0.01,False
14.72,-2.428537909117791e-11,0.01,False
14.73,-2.4143125314844627e-11,0.01,False
14.74,-2.3991096042691805e-11,0.01,False
14.75,-2.382922239903478e-11,0.01,False
14.76,-2.3657435508188873e-11,0.01,False
14.77,-2.3475666494469404e-11,0.01,False
14.780000000000001,-2.328384648219167e-11,0.01,False
14.790000000000001,-2.3081906595671052e-11,0.01,False
14.8,-2.2869777959222854e-11,0.01,False
14.81,-2.2647391697162393e-11,0.01,False
14.82,-2.241467893380499e-11,0.01,False
14.83,-2.217157079346598e-11,0.01,False
14.84,-2.1917998400460677e-11,0.01,False
14.85,-2.165389287910441e-11,0.01,False
14.86,-2.13791853537125e-11,0.01,False
14.870000000000001,-2.1093806948600227e-11,0.01,False
14.88,-2.0797688788083008e-11,0.01,False
14.89,-2.049076199647612e-11,0.01,False
14.9,-2.017295769809489e-11,0.01,False
14.91,-1.984420701725464e-11,0.01,False
14.92,-1.9504441078270694e-11,0.01,False
14.93,-1.915359100545838e-11,0.01,False
14.94,-1.8791587923133017e-11,0.01,False
14.950000000000001,-1.8418362955609867e-11,0.01,False
14.96,-1.803384722720438e-11,0.01,False
14.97,-1.763797186223182e-11,0.01,False
14.98,-1.7230667985007512e-11,0.01,False
14.99,-1.6811866719846777e-11,0.01,False
0.0,1.0,0.01,True
0.01,0.5961819196805596,0.01,True
0.02,0.49512855934644295,0.01,True
0.03,0.4258458577262965,0.01,True
0.04,0.38881171278744076,0.01,True
0.05,0.3538237230407422,0.01,True
0.06,0.3282553122393056,0.01,True
0.07,0.30566626558614707,0.01,True
0.08,0.28717042777185287,0.01,True
0.09,0.2709047925827665,0.01,True
0.1,0.2568285557702559,0.01,True
0.11,0.24430631791813792,0.01,True
0.12,0.23315936478526791,0.01,True
0.13,0.22311062733497242,0.01,True
0.14,0.2140120972493767,0.01,True
0.15,0.20571407408640752,0.01,True
0.16,0.19811157024356799,0.01,True
0.17,0.19111153689153104,0.01,True
0.18,0.184640699081667,0.01,True
0.19,0.17863624901740896,0.01,True
0.2,0.1730461060629152,0.01,True
0.21,0.16782566682762715,0.01,True
0.22,0.1629369528855325,0.01,True
0.23,0.158347160709933,0.01,True
0.24,0.15402789447169138,0.01,True
0.25,0.1499543764849335,0.01,True
0.26,0.1461048979419992,0.01,True
0.27,0.14246033303678501,0.01,True
0.28,0.1390037612566214,0.01,True
0.29,0.13572014719779862,0.01,True
0.3,0.13259607953489025,0.01,True
0.31,0.129619551151444,0.01,True
0.32,0.1267797755996528,0.01,True
0.33,0.12406703171962832,0.01,True
0.34,0.12147253205553285,0.01,True
0.35000000000000003,0.11898831053753985,0.01,True
0.36,0.11660712635081767,0.01,True
0.37,0.11432238121261666,0.01,True
0.38,0.11212804792323715,0.01,True
0.39,0.1100186084082987,0.01,True
0.4,0.10798899981396674,0.01,True
0.41000000000000003,0.10603456738950329,0.01,True
0.42,0.10415102322879242,0.01,True
0.43,0.1023344100179663,0.01,True
0.44,0.10058106901104359,0.01,True
0.45,0.09888761183118962,0.01,True
0.46,0.09725089529578368,0.01,True
0.47000000000000003,0.09566799919801883,0.01,True
0.48,0.0941362064754707,0.01,True
0.49,0.09265298538757866,0.01,True
0.5,0.09121597369185067,0.01,True
0.51,0.08982296436800324,0.01,True
0.52,0.08847189282401802,0.01,True
0.53,0.08716082534762698,0.01,True
0.54,0.08588794864104414,0.01,True
0.55,0.08465156045619693,0.01,True
0.56,0.08345006101237286,0.01,True
0.5700000000000001,0.0822819452569038,0.01,True
0.58,0.08114579581300721,0.01,True
0.59,0.08004027659182633,0.01,True
0.6,0.07896412685111684,0.01,True
0.61,0.07791615590725463,0.01,True
0.62,0.07689523828485258,0.01,True
0.63,0.07590030915958935,0.01,True
0.64,0.07493036024968266,0.01,True
0.65,0.07398443611429553,0.01,True
0.66,0.073061630549013,0.01,True
0.67,0.07216108354827011,0.01,True
0.68,0.07128197816067773,0.01,True
0.6900000000000001,0.07042353800297572,0.01,True
0.7000000000000001,0.06958502449795818,0.01,True
0.71,0.06876573473276151,0.01,True
0.72,0.06796499922472471,0.01,True
0.73,0.06718217991403268,0.01,True
0.74,0.06641666830384588,0.01,True
0.75,0.06566788376368723,0.01,True
0.76,0.06493527186745046,0.01,True
0.77,0.06421830313433405,0.01,True
0.78,0.06351647124540177,0.01,True
0.79,0.06282929197910342,0.01,True
0.8,0.0621563021959771,0.01,True
0.81,0.06149705811099147,0.01,True
0.8200000000000001,0.06085113498825885,0.01,True
0.8300000000000001,0.060218125533331175,0.01,True
0.84,0.05959763932053893,0.01,True
0.85,0.058989301767909466,0.01,True
0.86,0.058392753454014804,0.01,True
0.87,0.05780764921047684,0.01,True
0.88,0.057233657427413875,0.01,True
0.89,0.05667045957476853,0.01,True
0.9,0.056117749212489666,0.01,True
0.91,0.055575231787191544,0.01,True
0.92,0.05504262375408822,0.01,True
0.93,0.054519652180495995,0.01,True
0.9400000000000001,0.05400605412420309,0.01,True
0.9500000000000001,0.053501576815510855,0.01,True
0.96,0.05300597597808712,0.01,True
0.97,0.05251901674384479,0.01,True
0.98,0.05204047203603481,0.01,True
0.99,0.05157012299871511,0.01,True
1.0,0.05110775848180752,0.01,True
1.01,0.05065317477561254,0.01,True
1.02,0.050206174923423726,0.01,True
1.03,0.04976656886865087,0.01,True
1.04,0.04933417279485255,0.01,True
1.05,0.048908809023028764,0.01,True
1.06,0.04849030584020111,0.01,True
1.07,0.04807849707601951,0.01,True
1.08,0.04767322212888383,0.01,True
1.09,0.04727432523221204,0.01,True
1.1,0.04688165627962003,0.01,True
1.11,0.046495068925907684,0.01,True
1.12,0.04611442211698193,0.01,True
1.1300000000000001,0.045739579085717505,0.01,True
1.1400000000000001,0.04537040746948718,0.01,True
1.1500000000000001,0.04500677824846282,0.01,True
1.16,0.04464856740633794,0.01,True
1.17,0.04429565384212868,0.01,True
1.18,0.04394791992560269,0.01,True
1.19,0.043605252446607054,0.01,True
1.2,0.04326754065308225,0.01,True
1.21,0.04293467743956021,0.01,True
1.22,0.04260655897708002,0.01,True
1.23,0.04228308383182628,0.01,True
1.24,0.04196415375187095,0.01,True
1.25,0.0416496736331205,0.01,True
1.26,0.04133955040000702,0.01,True
1.27,0.04103369436565152,0.01,True
1.28,0.04073201773718515,0.01,True
1.29,0.0404344350346413,0.01,True
1.3,0.04014086342167354,0.01,True
1.31,0.03985122259740769,0.01,True
1.32,0.03956543366224438,0.01,True
1.33,0.039283419782660554,0.01,True
1.34,0.039005107534585325,0.01,True
1.35,0.038730424206486265,0.01,True
1.36,0.03845929979241091,0.01,True
1.37,0.03819166413636027,0.01,True
1.3800000000000001,0.03792745168989274,0.01,True
1.3900000000000001,0.03766659672414541,0.01,True
1.4000000000000001,0.03740903634593628,0.01,True
1.41,0.03715470765449473,0.01,True
1.42,0.03690355113984697,0.01,True
1.43,0.03665550732450987,0.01,True
1.44,0.03641051938886392,0.01,True
1.45,0.03616853096330248,0.01,True
1.46,0.03592948736802585,0.01,True
1.47,0.035693335899510306,0.01,True
1.48,0.035460023815272905,0.01,True
1.49,0.03522950042145375,0.01,True
1.5,0.035001716964700925,0.01,True
1.51,0.03477662489607454,0.01,True
1.52,0.034554176569952855,0.01,True
1.53,0.03433432582589282,0.01,True
1.54,0.03411702807755819,0.01,True
1.55,0.033902238705712226,0.01,True
1.56,0.03368991594800939,0.01,True
1.57,0.033480015912328874,0.01,True
1.58,0.03327249997627726,0.01,True
1.59,0.03306732628754914,0.01,True
1.6,0.03286445555289388,0.01,True
1.61,0.03266385096807946,0.01,True
1.62,0.03246547345476921,0.01,True
1.6300000000000001,0.03226928671056353,0.01,True
1.6400000000000001,0.03207525560612991,0.01,True
1.6500000000000001,0.031883345709092036,0.01,True
1.6600000000000001,0.031693520696064195,0.01,True
1.67,0.03150574758385327,0.01,True
1.68,0.031319994356992495,0.01,True
1.69,0.031136228030590653,0.01,True
1.7,0.03095441768642003,0.01,True
1.71,0.03077453277574739,0.01,True
1.72,0.030596542730047797,0.01,True
1.73,0.030420416657379046,0.01,True
1.74,0.0302461289609489,0.01,True
1.75,0.030073648413414207,0.01,True
1.76,0.029902947892565045,0.01,True
1.77,0.029734002113518614,0.01,True
1.78,0.029566781210828594,0.01,True
1.79,0.029401261727089692,0.01,True
1.8,0.029237417552757907,0.01,True
1.81,0.029075223631824503,0.01,True
1.82,0.02891465383375043,0.01,True
1.83,0.02875568693515376,0.01,True
1.84,0.0285982978676783,0.01,True
1.85,0.028442462855817998,0.01,True
1.86,0.028288159671775177,0.01,True
1.87,0.028135367143864436,0.01,True
1.8800000000000001,0.027984062706687487,0.01,True
1.8900000000000001,0.027834223735036606,0.01,True
1.9000000000000001,0.02768583187697824,0.01,True
1.9100000000000001,0.027538865024808196,0.01,True
1.92,0.027393304504930615,0.01,True
1.93,0.027249128689929816,0.01,True
1.94,0.027106315294653942,0.01,True
1.95,0.026964851268138065,0.01,True
1.96,0.026824717389170014,0.01,True
1.97,0.026685891185236923,0.01,True
1.98,0.0265483546678179,0.01,True
1.99,0.02641209431260583,0.01,True
2.0,0.026277090728153586,0.01,True
2.0100000000000002,0.026143324398924365,0.01,True
2.02,0.0260107806084641,0.01,True
2.0300000000000002,0.025879444592610396,0.01,True
2.04,0.025749300382055276,0.01,True
2.05,0.025620328454828773,0.01,True
2.06,0.025492516188118004,0.01,True
2.07,0.02536584682722438,0.01,True
2.08,0.025240306320154258,0.01,True
2.09,0.025115878050166546,0.01,True
2.1,0.02499255085285961,0.01,True
2.11,0.024870305619626786,0.01,True
2.12,0.02474913294486175,0.01,True
2.13,0.024629017471834706,0.01,True
2.14,0.024509945822477862,0.01,True
2.15,0.024391903040788605,0.01,True
2.16,0.024274876753564007,0.01,True
2.17,0.024158856166823076,0.01,True
2.18,0.024043827850198284,0.01,True
2.19,0.023929775978696707,0.01,True
2.2,0.02381669189690074,0.01,True
2.21,0.02370456371763548,0.01,True
2.22,0.023593377929849967,0.01,True
2.23,0.02348312383458533,0.01,True
2.24,0.023373788875385958,0.01,True
2.25,0.023265363945120732,0.01,True
2.2600000000000002,0.023157834791518617,0.01,True
2.27,0.023051193659384024,0.01,True
2.2800000000000002,0.022945427780747478,0.01,True
2.29,0.02284052734415449,0.01,True
2.3000000000000003,0.022736483630445066,0.01,True
2.31,0.022633281801743454,0.01,True
2.32,0.02253091726140457,0.01,True
2.33,0.022429380852779682,0.01,True
2.34,0.022328651094230784,0.01,True
2.35,0.022228734044987486,0.01,True
2.36,0.022129608274636794,0.01,True
2.37,0.022031271534294693,0.01,True
2.38,0.021933712008247543,0.01,True
2.39,0.02183692122076882,0.01,True
2.4,0.021740892316109754,0.01,True
2.41,0.021645607871292112,0.01,True
2.42,0.021551068825330682,0.01,True
2.43,0.02145726580666435,0.01,True
2.44,0.02136419300520976,0.01,True
2.45,0.02127182833997837,0.01,True
2.46,0.021180178068805268,0.01,True
2.47,0.021089230256585448,0.01,True
2.48,0.020998976206977514,0.01,True
2.49,0.02090940793206538,0.01,True
2.5,0.020820511874498723,0.01,True
2.5100000000000002,0.02073229298196282,0.01,True
2.52,0.02064473394027432,0.01,True
2.5300000000000002,0.020557830337817898,0.01,True
2.54,0.020471577986598613,0.01,True
2.5500000000000003,0.020385965399490884,0.01,True
2.56,0.020300993660565196,0.01,True
2.57,0.020216641467238037,0.01,True
2.58,0.02013291514642909,0.01,True
2.59,0.020049801642123468,0.01,True
2.6,0.019967297568840383,0.01,True
2.61,0.019885394232484165,0.01,True
2.62,0.019804084496457132,0.01,True
2.63,0.01972336213454707,0.01,True
2.64,0.019643222626254703,0.01,True
2.65,0.019563662171256033,0.01,True
2.66,0.019484668437173815,0.01,True
2.67,0.019406242444641456,0.01,True
2.68,0.01932837520396478,0.01,True
2.69,0.01925106038937501,0.01,True
2.7,0.019174287933159402,0.01,True
2.71,0.01909805946994489,0.01,True
2.72,0.019022364977424804,0.01,True
2.73,0.01894720292344849,0.01,True
2.74,0.018872566482642933,0.01,True
2.75,0.018798449152155703,0.01,True
2.7600000000000002,0.018724844910770606,0.01,True
2.77,0.018651749013327234,0.01,True
2.7800000000000002,0.018579156350864823,0.01,True
2.79,0.01850706269955522,0.01,True
2.8000000000000003,0.018435463667193997,0.01,True
2.81,0.018364352608075125,0.01,True
2.82,0.018293729726046037,0.01,True
2.83,0.01822358331990743,0.01,True
2.84,0.018153909729215087,0.01,True
2.85,0.018084705000344627,0.01,True
2.86,0.018015966919808956,0.01,True
2.87,0.01794769068689881,0.01,True
2.88,0.017879869523079343,0.01,True
2.89,0.01781250722951674,0.01,True
2.9,0.017745584479874413,0.01,True
2.91,0.017679101754966658,0.01,True
2.92,0.01761306333523576,0.01,True
2.93,0.017547460009357058,0.01,True
2.94,0.017482285940634258,0.01,True
2.95,0.017417537075212697,0.01,True
2.96,0.017353206602462874,0.01,True
2.97,0.01728929944598053,0.01,True
2.98,0.01722579832267812,0.01,True
2.99,0.017162714325954186,0.01,True
3.0,0.01710004262497791,0.01,True
3.0100000000000002,0.017037770120888657,0.01,True
3.02,0.01697588843144719,0.01,True
3.0300000000000002,0.016914406408776873,0.01,True
3.04,0.016853323615225502,0.01,True
3.0500000000000003,0.016792612903217836,0.01,True
3.06,0.016732297596779782,0.01,True
3.0700000000000003,0.016672358447229377,0.01,True
3.08,0.016612802509471322,0.01,True
3.09,0.016553614194193978,0.01,True
3.1,0.01649479782877387,0.01,True
3.11,0.016436350444812144,0.01,True
3.12,0.01637826158894331,0.01,True
3.13,0.016320534627669598,0.01,True
3.14,0.016263174170230463,0.01,True
3.15,0.01620615595082784,0.01,True
3.16,0.016149490691771465,0.01,True
3.17,0.01609318249891633,0.01,True
3.18,0.016037208624348598,0.01,True
3.19,0.015981579339933032,0.01,True
3.2,0.015926289879703424,0.01,True
3.21,0.015871332047764603,0.01,True
3.22,0.01581670485629587,0.01,True
3.23,0.015762417834534505,0.01,True
3.24,0.015708446852303798,0.01,True
3.25,0.015654806110874137,0.01,True
3.2600000000000002,0.01560148564149587,0.01,True
3.27,0.015548483589331563,0.01,True
3.2800000000000002,0.015495789874240985,0.01,True
3.29,0.015443412349565394,0.01,True
3.3000000000000003,0.015391355809591398,0.01,True
3.31,0.015339597887988988,0.01,True
3.3200000000000003,0.015288145272179428,0.01,True
3.33,0.015236996995920269,0.01,True
3.34,0.015186149606039721,0.01,True
3.35,0.015135594696517695,0.01,True
3.36,0.015085341227350078,0.01,True
3.37,0.015035370486500783,0.01,True
3.38,0.01498569047910523,0.01,True
3.39,0.01493630375446683,0.01,True
3.4,0.014887196100616458,0.01,True
3.41,0.01483836342743381,0.01,True
3.42,0.014789826378655498,0.01,True
3.43,0.014741563533193867,0.01,True
3.44,0.014693566450470904,0.01,True
3.45,0.014645861444784572,0.01,True
3.46,0.014598401784268836,0.01,True
3.47,0.0145512320349353,0.01,True
3.48,0.01450432450305235,0.01,True
3.49,0.014457673981008732,0.01,True
3.5,0.014411284124937898,0.01,True
3.5100000000000002,0.014365173601714937,0.01,True
3.52,0.014319300875645976,0.01,True
3.5300000000000002,0.01427368300225543,0.01,True
3.54,0.014228309551111123,0.01,True
3.5500000000000003,0.014183224570054604,0.01,True
3.56,0.014138352185771464,0.01,True
3.5700000000000003,0.014093740584110238,0.01,True
3.58,0.014049391420739684,0.01,True
3.59,0.014005259484161346,0.01,True
3.6,0.013961386635674288,0.01,True
3.61,0.013917751083587558,0.01,True
3.62,0.013874359488841926,0.01,True
3.63,0.013831191777715213,0.01,True
3.64,0.013788257880977402,0.01,True
3.65,0.013745565575840576,0.01,True
3.66,0.013703096899474824,0.01,True
3.67,0.013660868145172412,0.01,True
3.68,0.013618848820072858,0.01,True
3.69,0.013577070227305255,0.01,True
3.7,0.013535491088350145,0.01,True
3.71,0.01349415973333594,0.01,True
3.72,0.013453037660955089,0.01,True
3.73,0.013412140052339474,0.01,True
3.74,0.013371446823738696,0.01,True
3.75,0.013330996741070035,0.01,True
3.7600000000000002,0.013290746608360026,0.01,True
3.77,0.013250683401209494,0.01,True
3.7800000000000002,0.01321085374851632,0.01,True
3.79,0.013171234364234135,0.01,True
3.8000000000000003,0.013131794286621049,0.01,True
3.81,0.013092568877037811,0.01,True
3.8200000000000003,0.013053569437278712,0.01,True
3.83,0.013014759886569131,0.01,True
3.84,0.012976132956340649,0.01,True
3.85,0.012937740563252382,0.01,True
3.86,0.012899542678883845,0.01,True
3.87,0.012861519724138763,0.01,True
3.88,0.012823695165225645,0.01,True
3.89,0.012786080865947543,0.01,True
3.9,0.01274864407821567,0.01,True
3.91,0.01271139555109429,0.01,True
3.92,0.01267433405838036,0.01,True
3.93,0.01263748234184198,0.01,True
3.94,0.012600803537555499,0.01,True
3.95,0.012564301505065031,0.01,True
3.96,0.01252798111753293,0.01,True
3.97,0.012491845393603268,0.01,True
3.98,0.01245590029883762,0.01,True
3.99,0.012420139116980516,0.01,True
4.0,0.012384559525588677,0.01,True
4.01,0.012349138302219898,0.01,True
4.0200000000000005,0.012313903804309391,0.01,True
4.03,0.012278841911720873,0.01,True
4.04,0.012243963905756527,0.01,True
4.05,0.012209247446398145,0.01,True
4.0600000000000005,0.01217469533514958,0.01,True
4.07,0.01214033183547696,0.01,True
4.08,0.012106136204473615,0.01,True
4.09,0.01207208702324457,0.01,True
4.1,0.012038208775181405,0.01,True
4.11,0.012004491944219436,0.01,True
4.12,0.011970940108780696,0.01,True
4.13,0.01193756249833722,0.01,True
4.14,0.011904334489259373,0.01,True
4.15,0.011871267975411295,0.01,True
4.16,0.011838374352079368,0.01,True
4.17,0.011805640480495242,0.01,True
4.18,0.011773060181013468,0.01,True
4.19,0.011740630826485804,0.01,True
4.2,0.011708371914241535,0.01,True
4.21,0.011676233029683665,0.01,True
4.22,0.01164426397039612,0.01,True
4.23,0.011612420077162264,0.01,True
4.24,0.011580777822746923,0.01,True
4.25,0.011549259003207343,0.01,True
4.26,0.011517890708067519,0.01,True
4.2700000000000005,0.011486678891777761,0.01,True
4.28,0.011455577813787188,0.01,True
4.29,0.011424643631448045,0.01,True
4.3,0.011393855850620228,0.01,True
4.3100000000000005,0.011363232636707101,0.01,True
4.32,0.011332734206069013,0.01,True
4.33,0.011302389358424314,0.01,True
4.34,0.011272176359034942,0.01,True
4.3500000000000005,0.011242102580613806,0.01,True
4.36,0.011212153447711324,0.01,True
4.37,0.011182370492164738,0.01,True
4.38,0.011152727198437691,0.01,True
4.39,0.011123190797582186,0.01,True
4.4,0.011093818289856764,0.01,True
4.41,0.011064535071822068,0.01,True
4.42,0.011035397822104335,0.01,True
4.43,0.011006419113643784,0.01,True
4.44,0.010977554839652584,0.01,True
4.45,0.010948825040119646,0.01,True
4.46,0.010920242574272605,0.01,True
4.47,0.01089178787499642,0.01,True
4.48,0.010863456499428062,0.01,True
4.49,0.010835250773062922,0.01,True
4.5,0.010807150373372015,0.01,True
4.51,0.010779194815545456,0.01,True
4.5200000000000005,0.010751383458956966,0.01,True
4.53,0.010723662160129986,0.01,True
4.54,0.010696077287401873,0.01,True
4.55,0.010668627098194619,0.01,True
4.5600000000000005,0.010641272768505518,0.01,True
4.57,0.010614040370445693,0.01,True
4.58,0.010586941385696326,0.01,True
4.59,0.010559954179885138,0.01,True
4.6000000000000005,0.010533115815545857,0.01,True
4.61,0.010506373615416013,0.01,True
4.62,0.010479751692959918,0.01,True
4.63,0.0104532456147103,0.01,True
4.64,0.010426856093824788,0.01,True
4.65,0.010400579548147442,0.01,True
4.66,0.01037441133354179,0.01,True
4.67,0.010348362672432401,0.01,True
4.68,0.010322422458307012,0.01,True
4.69,0.01029656722795496,0.01,True
4.7,0.010270866962574496,0.01,True
4.71,0.010245266928171601,0.01,True
4.72,0.010219773956473001,0.01,True
4.73,0.010194406433435627,0.01,True
4.74,0.010169144310023057,0.01,True
4.75,0.010143945129304732,0.01,True
4.76,0.01011891442199871,0.01,True
4.7700000000000005,0.010093979538663152,0.01,True
4.78,0.010069124597807138,0.01,True
4.79,0.010044385993409994,0.01,True
4.8,0.010019738403664574,0.01,True
4.8100000000000005,0.009995226016433868,0.01,True
4.82,0.009970789799556144,0.01,True
4.83,0.009946432697876473,0.01,True
4.84,0.009922239707813356,0.01,True
4.8500000000000005,0.009898144524548014,0.01,True
4.86,0.009874118714668687,0.01,True
4.87,0.009850198359781837,0.01,True
4.88,0.00982640633934364,0.01,True
4.89,0.009802667680363359,0.01,True
4.9,0.009779040537553192,0.01,True
4.91,0.00975552823306125,0.01,True
4.92,0.009732098949514137,0.01,True
4.93,0.009708737920899227,0.01,True
4.94,0.009685532491512338,0.01,True
4.95,0.009662385552235744,0.01,True
4.96,0.00963937063704842,0.01,True
4.97,0.009616408867976173,0.01,True
4.98,0.009593532332384061,0.01,True
4.99,0.00957078801499258,0.01,True
5.0,0.009548151429462004,0.01,True
5.01,0.009525565709559272,0.01,True
5.0200000000000005,0.009503051912746828,0.01,True
5.03,0.009480691327016486,0.01,True
5.04,0.009458404141457256,0.01,True
5.05,0.00943619168783175,0.01,True
5.0600000000000005,0.009414087261012958,0.01,True
5.07,0.009392082772735146,0.01,True
5.08,0.00937011353913712,0.01,True
5.09,0.009348257648238538,0.01,True
5.1000000000000005,0.009326599976931086,0.01,True
5.11,0.009304818188648778,0.01,True
5.12,0.009283239190598818,0.01,True
5.13,0.009261761845586575,0.01,True
5.14,0.009240297253806517,0.01,True
5.15,0.00921896973982377,0.01,True
5.16,0.009197706043041723,0.01,True
5.17,0.009176549983297519,0.01,True
5.18,0.00915550274080541,0.01,True
5.19,0.009134510085985512,0.01,True
5.2,0.009113612216353486,0.01,True
5.21,0.009092749587018042,0.01,True
5.22,0.009072044037229438,0.01,True
5.23,0.009051343657334131,0.01,True
5.24,0.00903077323685984,0.01,True
5.25,0.009010242201008718,0.01,True
5.26,0.008989818865640981,0.01,True
5.2700000000000005,0.008969489754678666,0.01,True
5.28,0.00894917207766787,0.01,True
5.29,0.008928973777147475,0.01,True
5.3,0.008908843555118697,0.01,True
5.3100000000000005,0.008888818136636589,0.01,True
5.32,0.00886892275968451,0.01,True
5.33,0.008849021142163663,0.01,True
5.34,0.008829214864358236,0.01,True
5.3500000000000005,0.00880951817941759,0.01,True
5.36,0.008789866375824148,0.01,True
5.37,0.008770279377389433,0.01,True
5.38,0.008750789624440557,0.01,True
5.39,0.008731379725278493,0.01,True
5.4,0.008712070699749306,0.01,True
5.41,0.00869274804720704,0.01,True
5.42,0.00867353927909863,0.01,True
5.43,0.008654410397135595,0.01,True
5.44,0.008635365170960039,0.01,True
5.45,0.008616324489519713,0.01,True
5.46,0.008597442868678824,0.01,True
5.47,0.0085785817966707,0.01,True
5.48,0.008559852049482184,0.01,True
5.49,0.008541120320326433,0.01,True
5.5,0.008522503877509094,0.01,True
5.51,0.008503971621636498,0.01,True
5.5200000000000005,0.008485451959959719,0.01,True
5.53,0.008467054360820535,0.01,True
5.54,0.008448693467407188,0.01,True
5.55,0.008430380307387124,0.01,True
5.5600000000000005,0.0084121505910203,0.01,True
5.57,0.008393969856514373,0.01,True
5.58,0.0083758808983365,0.01,True
5.59,0.008357847253546014,0.01,True
5.6000000000000005,0.008339935908721058,0.01,True
5.61,0.008322082220868825,0.01,True
5.62,0.008304314933503558,0.01,True
5.63,0.008286496454054567,0.01,True
5.64,0.008268869661721023,0.01,True
5.65,0.008251249480184235,0.01,True
5.66,0.0082337195454969,0.01,True
5.67,0.008216235456702161,0.01,True
5.68,0.00819877131221194,0.01,True
5.69,0.00818140297781878,0.01,True
5.7,0.008164111738140046,0.01,True
5.71,0.008146872405308203,0.01,True
5.72,0.008129681694330879,0.01,True
5.73,0.008112579735657302,0.01,True
5.74,0.008095522563332019,0.01,True
5.75,0.008078502700572686,0.01,True
5.76,0.008061525890094986,0.01,True
5.7700000000000005,0.008044658733212936,0.01,True
5.78,0.00802787090870341,0.01,True
5.79,0.008011079410884492,0.01,True
5.8,0.00799440458614706,0.01,True
5.8100000000000005,0.007977722484101281,0.01,True
5.82,0.00796122200262145,0.01,True
5.83,0.007944747484475198,0.01,True
5.84,0.007928282832615477,0.01,True
5.8500000000000005,0.007911871134610657,0.01,True
5.86,0.007895553061870828,0.01,True
5.87,0.007879256685639468,0.01,True
5.88,0.007863038288036427,0.01,True
5.89,0.007846907702031409,0.01,True
5.9,0.007830813720883059,0.01,True
5.91,0.007814734258340297,0.01,True
5.92,0.007798786699037693,0.01,True
5.93,0.007782814420122204,0.01,True
5.94,0.007766923056186754,0.01,True
5.95,0.007751070165822302,0.01,True
5.96,0.007735291530826463,0.01,True
5.97,0.007719580336060157,0.01,True
5.98,0.007703955774145203,0.01,True
5.99,0.007688328121470795,0.01,True
6.0,0.007672763622755468,0.01,True
6.01,0.00765722352825588,0.01,True
6.0200000000000005,0.007641813286311102,0.01,True
6.03,0.007626453509257486,0.01,True
6.04,0.007611074220455411,0.01,True
6.05,0.007595744055052832,0.01,True
6.0600000000000005,0.007580543250220617,0.01,True
6.07,0.007565377848555407,0.01,True
6.08,0.007550225724199593,0.01,True
6.09,0.00753513834581741,0.01,True
6.1000000000000005,0.007520082758669279,0.01,True
6.11,0.007505166894897858,0.01,True
6.12,0.007490295494163102,0.01,True
6.13,0.007475415998093848,0.01,True
6.140000000000001,0.00746060176925033,0.01,True
6.15,0.007445795248630943,0.01,True
6.16,0.007431122180552936,0.01,True
6.17,0.0074164863479773075,0.01,True
6.18,0.0074018159192294755,0.01,True
6.19,0.007387241889299489,0.01,True
6.2,0.007372790542584445,0.01,True
6.21,0.007358181575763091,0.01,True
6.22,0.007343754591418071,0.01,True
6.23,0.007329417294548467,0.01,True
6.24,0.0073150112733671125,0.01,True
6.25,0.007300780018228273,0.01,True
6.26,0.007286619284851018,0.01,True
6.2700000000000005,0.007272438128340751,0.01,True
6.28,0.00725824406107345,0.01,True
6.29,0.0072441626059232015,0.01,True
6.3,0.0072301039661249525,0.01,True
6.3100000000000005,0.007216025044330628,0.01,True
6.32,0.007202144335925577,0.01,True
6.33,0.007188258869484693,0.01,True
6.34,0.007174315693046163,0.01,True
6.3500000000000005,0.007160593898690233,0.01,True
6.36,0.0071466638468300125,0.01,True
6.37,0.007133054797105493,0.01,True
6.38,0.0071194161686068645,0.01,True
6.390000000000001,0.0071057403700195785,0.01,True
6.4,0.007092146714859693,0.01,True
6.41,0.007078651517762407,0.01,True
6.42,0.00706516847273693,0.01,True
6.43,0.007051739850984433,0.01,True
6.44,0.007038313216726309,0.01,True
6.45,0.007024931741658964,0.01,True
6.46,0.00701159755952818,0.01,True
6.47,0.006998254686752431,0.01,True
6.48,0.006985114771491429,0.01,True
6.49,0.00697186474955326,0.01,True
6.5,0.0069586946080129495,0.01,True
6.51,0.006945667428121064,0.01,True
6.5200000000000005,0.006932588276549514,0.01,True
6.53,0.0069195294611836084,0.01,True
6.54,0.006906533454756033,0.01,True
6.55,0.0068936443480774766,0.01,True
6.5600000000000005,0.006880639486424434,0.01,True
6.57,0.006867769492983568,0.01,True
6.58,0.00685500004895021,0.01,True
6.59,0.006842267946500302,0.01,True
6.6000000000000005,0.0068293885617789684,0.01,True
6.61,0.0068166399417176286,0.01,True
6.62,0.006804068333221054,0.01,True
6.63,0.006791395111114615,0.01,True
6.640000000000001,0.006778851849389221,0.01,True
6.65,0.006766302409633525,0.01,True
6.66,0.006753792031614614,0.01,True
6.67,0.006741413624431943,0.01,True
6.68,0.00672892822605152,0.01,True
6.69,0.0067164937650700494,0.01,True
6.7,0.006704272757495441,0.01,True
6.71,0.006691801060809789,0.01,True
6.72,0.006679606695653103,0.01,True
6.73,0.00666742158501784,0.01,True
6.74,0.006655165389689545,0.01,True
6.75,0.0066430537351918305,0.01,True
6.76,0.006630996901670312,0.01,True
6.7700000000000005,0.006618821164289504,0.01,True
6.78,0.0066068178363754984,0.01,True
6.79,0.006594767211557994,0.01,True
6.8,0.0065829158348158275,0.01,True
6.8100000000000005,0.006570949171333633,0.01,True
6.82,0.006559095069142147,0.01,True
6.83,0.006547363231571755,0.01,True
6.84,0.00653550850514442,0.01,True
6.8500000000000005,0.006523772141861675,0.01,True
6.86,0.006511868463204117,0.01,True
6.87,0.0065002148451634234,0.01,True
6.88,0.006488444003198883,0.01,True
6.890000000000001,0.0064769406886347886,0.01,True
6.9,0.006465360063029083,0.01,True
6.91,0.006453762339811209,0.01,True
6.92,0.006442276415388891,0.01,True
6.93,0.006430842611709478,0.01,True
6.94,0.006419265664700114,0.01,True
6.95,0.006407834918302056,0.01,True
6.96,0.006396493830546147,0.01,True
6.97,0.006385056198167141,0.01,True
6.98,0.0063737954199609035,0.01,True
6.99,0.006362482172578987,0.01,True
7.0,0.006351274570057705,0.01,True
7.01,0.006339990818201643,0.01,True
7.0200000000000005,0.006328833211938607,0.01,True
7.03,0.0063176793208763364,0.01,True
7.04,0.006306470787590924,0.01,True
7.05,0.006295451248676486,0.01,True
7.0600000000000005,0.006284430227061039,0.01,True
7.07,0.00627336443342889,0.01,True
7.08,0.006262352823837479,0.01,True
7.09,0.006251320504370519,0.01,True
7.1000000000000005,0.006240527260194976,0.01,True
7.11,0.006229638234403315,0.01,True
7.12,0.006218880704119092,0.01,True
7.13,0.006208007099945791,0.01,True
7.140000000000001,0.006197228821384248,0.01,True
7.15,0.006186398152960696,0.01,True
7.16,0.006175647233585001,0.01,True
7.17,0.006164957334328205,0.01,True
7.18,0.006154381085051773,0.01,True
7.19,0.006143672896789117,0.01,True
7.2,0.006133051240167008,0.01,True
7.21,0.00612250123501712,0.01,True
7.22,0.006111969546601893,0.01,True
7.23,0.006101511697062977,0.01,True
7.24,0.006091093065163013,0.01,True
7.25,0.006080685294111201,0.01,True
7.26,0.006070341794641329,0.01,True
7.2700000000000005,0.006059862243552275,0.01,True
7.28,0.006049463257792601,0.01,True
7.29,0.006039131804765177,0.01,True
7.3,0.006028930292335893,0.01,True
7.3100000000000005,0.006018596413164409,0.01,True
7.32,0.006008334719785646,0.01,True
7.33,0.005998223882572526,0.01,True
7.34,0.005988140251848072,0.01,True
7.3500000000000005,0.00597789023090323,0.01,True
7.36,0.005967788277152437,0.01,True
7.37,0.005957659076749267,0.01,True
7.38,0.005947539410039234,0.01,True
7.390000000000001,0.0059374883295434285,0.01,True
7.4,0.005927588020598092,0.01,True
7.41,0.005917534168998066,0.01,True
7.42,0.005907714469736052,0.01,True
7.43,0.005897712778507038,0.01,True
7.44,0.005887796240932649,0.01,True
7.45,0.00587809191589665,0.01,True
7.46,0.0058682248605146465,0.01,True
7.47,0.005858309513822417,0.01,True
7.48,0.0058486632722093675,0.01,True
7.49,0.005838837920688153,0.01,True
7.5,0.005829009283442655,0.01,True
7.51,0.005819460876942612,0.01,True
7.5200000000000005,0.005809731822676436,0.01,True
7.53,0.005800378919412965,0.01,True
7.54,0.005790694234217702,0.01,True
7.55,0.005781095148879236,0.01,True
7.5600000000000005,0.0057717255349026995,0.01,True
7.57,0.0057620130249207155,0.01,True
7.58,0.005752716490395195,0.01,True
7.59,0.005742997994550134,0.01,True
7.6000000000000005,0.005733414608049768,0.01,True
7.61,0.0057242088461727895,0.01,True
7.62,0.005714781191309329,0.01,True
7.63,0.0057052491374796795,0.01,True
7.640000000000001,0.0056957936744344,0.01,True
7.65,0.005686588029300303,0.01,True
7.66,0.0056775408965693734,0.01,True
7.67,0.005668212285049746,0.01,True
7.68,0.005658975570453086,0.01,True
7.69,0.005649768226698281,0.01,True
7.7,0.005640588450882333,0.01,True
7.71,0.005631292559391701,0.01,True
7.72,0.0056219579220626115,0.01,True
7.73,0.005612853745272754,0.01,True
7.74,0.0056037754235728375,0.01,True
7.75,0.005594672996901321,0.01,True
7.76,0.005585896301226294,0.01,True
7.7700000000000005,0.005576550793037059,0.01,True
7.78,0.005567871631392703,0.01,True
7.79,0.005558805203837177,0.01,True
7.8,0.005549873678231263,0.01,True
7.8100000000000005,0.005540885626203848,0.01,True
7.82,0.005532167682060944,0.01,True
7.83,0.005523304709863977,0.01,True
7.84,0.005514443980914391,0.01,True
7.8500000000000005,0.005505452978298791,0.01,True
7.86,0.005496745378522186,0.01,True
7.87,0.005488109862215103,0.01,True
7.88,0.005479327677712447,0.01,True
7.890000000000001,0.005470385253304142,0.01,True
7.9,0.005461900219194692,0.01,True
7.91,0.005453038569922124,0.01,True
7.92,0.005444553768307465,0.01,True
7.930000000000001,0.005435750310052079,0.01,True
7.94,0.005427199038309358,0.01,True
7.95,0.00541855125127014,0.01,True
7.96,0.005409982341579814,0.01,True
7.97,0.0054014760795400955,0.01,True
7.98,0.005393017272472076,0.01,True
7.99,0.005384403863217518,0.01,True
8.0,0.005376174853217818,0.01,True
8.01,0.005367911732982886,0.01,True
8.02,0.0053592922982943795,0.01,True
8.03,0.005351105910838246,0.01,True
8.040000000000001,0.005342856048414264,0.01,True
8.05,0.005334140359017856,0.01,True
8.06,0.005326096587310881,0.01,True
8.07,0.005317631281426768,0.01,True
8.08,0.005309265221062154,0.01,True
8.09,0.005300970259386416,0.01,True
8.1,0.005292878530090709,0.01,True
8.11,0.005284624191597568,0.01,True
8.120000000000001,0.005276318606761689,0.01,True
8.13,0.005268144268304959,0.01,True
8.14,0.005259980202142678,0.01,True
8.15,0.005251928053798664,0.01,True
8.16,0.005243931277872811,0.01,True
8.17,0.005235667507989688,0.01,True
8.18,0.0052277538525197925,0.01,True
8.19,0.005219824801290155,0.01,True
8.2,0.005211403023242534,0.01,True
8.21,0.005203393668694128,0.01,True
8.22,0.005195328601462512,0.01,True
8.23,0.005187556284385386,0.01,True
8.24,0.005179756830115884,0.01,True
8.25,0.005171763448746376,0.01,True
8.26,0.005163823311931558,0.01,True
8.27,0.005155796492016719,0.01,True
8.28,0.005147929993792474,0.01,True
8.290000000000001,0.005140083865855333,0.01,True
8.3,0.005132393504864869,0.01,True
8.31,0.005124405179321235,0.01,True
8.32,0.005116657848330191,0.01,True
8.33,0.00510889438659231,0.01,True
8.34,0.00510124655219646,0.01,True
8.35,0.005093544556596831,0.01,True
8.36,0.005085728481573233,0.01,True
8.370000000000001,0.005078071451662441,0.01,True
8.38,0.005070416089397424,0.01,True
8.39,0.005062641368704767,0.01,True
8.4,0.005054905786299724,0.01,True
8.41,0.0050472670486901225,0.01,True
8.42,0.005039618547860209,0.01,True
8.43,0.005032323852252647,0.01,True
8.44,0.0050248054520821445,0.01,True
8.45,0.005017279931028473,0.01,True
8.46,0.005009739013639787,0.01,True
8.47,0.0050022816767079405,0.01,True
8.48,0.004994984656105396,0.01,True
8.49,0.004987352335333538,0.01,True
8.5,0.004979978243645853,0.01,True
8.51,0.004972590706895719,0.01,True
8.52,0.004965160441691122,0.01,True
8.53,0.0049577094349539655,0.01,True
8.540000000000001,0.004950285669951713,0.01,True
8.55,0.004943168023038196,0.01,True
8.56,0.004935739912071172,0.01,True
8.57,0.004928292222652251,0.01,True
8.58,0.004920938465269575,0.01,True
8.59,0.004913593409279178,0.01,True
8.6,0.004906439606834385,0.01,True
8.61,0.004899301257625858,0.01,True
8.620000000000001,0.004892014558485408,0.01,True
8.63,0.004884595843319726,0.01,True
8.64,0.004877573359457131,0.01,True
8.65,0.004870594149482548,0.01,True
8.66,0.004863525105718031,0.01,True
8.67,0.004856176492009069,0.01,True
8.68,0.004849016818272638,0.01,True
8.69,0.004842064765396599,0.01,True
8.700000000000001,0.004835065911159739,0.01,True
8.71,0.0048278297669110065,0.01,True
8.72,0.004820849991383521,0.01,True
8.73,0.004813839922311045,0.01,True
8.74,0.004806726947145633,0.01,True
8.75,0.004799757094362225,0.01,True
8.76,0.004792858231992844,0.01,True
8.77,0.0047860717261827964,0.01,True
8.78,0.0047790165989566365,0.01,True
8.790000000000001,0.004771895964941605,0.01,True
8.8,0.004765266210537068,0.01,True
8.81,0.004758446779900261,0.01,True
8.82,0.004751416851147862,0.01,True
8.83,0.0047445855045217976,0.01,True
8.84,0.004737993632585545,0.01,True
8.85,0.0047312120408938025,0.01,True
8.86,0.004724350540469648,0.01,True
8.870000000000001,0.004717421197790594,0.01,True
8.88,0.004710729603370115,0.01,True
8.89,0.0047041027798702655,0.01,True
8.9,0.0046971513247743655,0.01,True
8.91,0.004690442393728783,0.01,True
8.92,0.004683731489459979,0.01,True
8.93,0.004677135337770896,0.01,True
8.94,0.004670535687302671,0.01,True
8.950000000000001,0.004663928544624384,0.01,True
8.96,0.004657315242362915,0.01,True
8.97,0.00465073436338675,0.01,True
8.98,0.004644004869491143,0.01,True
8.99,0.004637378429167367,0.01,True
9.0,0.004630819630429178,0.01,True
9.01,0.004624232051393823,0.01,True
9.02,0.004617766459453699,0.01,True
9.03,0.004610996043127848,0.01,True
9.040000000000001,0.004604455020476739,0.01,True
9.05,0.0045982506160477795,0.01,True
9.06,0.0045917643887063144,0.01,True
9.07,0.004585295326279766,0.01,True
9.08,0.0045790422913601775,0.01,True
9.09,0.0045725446820539745,0.01,True
9.1,0.0045658600573745545,0.01,True
9.11,0.004559716357536056,0.01,True
9.120000000000001,0.004553562900524206,0.01,True
9.13,0.004547102491823648,0.01,True
9.14,0.004540787860606422,0.01,True
9.15,0.004534334759413823,0.01,True
9.16,0.004528119835139567,0.01,True
9.17,0.004521794114472514,0.01,True
9.18,0.0045151186393824,0.01,True
9.19,0.004509002899356556,0.01,True
9.200000000000001,0.004502607362975001,0.01,True
9.21,0.004496393597467992,0.01,True
9.22,0.004490224858003108,0.01,True
9.23,0.004484078882887826,0.01,True
9.24,0.004477597797299716,0.01,True
9.25,0.004471601524347013,0.01,True
9.26,0.004465530997373386,0.01,True
9.27,0.004459353237503684,0.01,True
9.28,0.0044529432438970215,0.01,True
9.290000000000001,0.004447055869792796,0.01,True
9.3,0.0044413171214366855,0.01,True
9.31,0.004434788424239774,0.01,True
9.32,0.004428911247272422,0.01,True
9.33,0.004422299974016357,0.01,True
9.34,0.004417104446283295,0.01,True
9.35,0.004410480267837121,0.01,True
9.36,0.004404714453540956,0.01,True
9.370000000000001,0.004398664089481239,0.01,True
9.38,0.004392479993926242,0.01,True
9.39,0.004386413493500876,0.01,True
9.4,0.004380255015420307,0.01,True
9.41,0.004374848541058835,0.01,True
9.42,0.004368606245703953,0.01,True
9.43,0.004362803220058239,0.01,True
9.44,0.004356609956096529,0.01,True
9.450000000000001,0.004350828943585692,0.01,True
9.46,0.004344838023987866,0.01,True
9.47,0.004338223788539999,0.01,True
9.48,0.004333118580856487,0.01,True
9.49,0.004326862181893894,0.01,True
9.5,0.004321553586929095,0.01,True
9.51,0.004315261370281676,0.01,True
9.52,0.004309587981354234,0.01,True
9.53,0.004304249327291065,0.01,True
9.540000000000001,0.004298539380686506,0.01,True
9.55,0.004292943631784786,0.01,True
9.56,0.004286835933565301,0.01,True
9.57,0.004281369992552128,0.01,True
9.58,0.004274921647758902,0.01,True
9.59,0.00426959818390671,0.01,True
9.6,0.004263942789318255,0.01,True
9.61,0.004258341648594189,0.01,True
9.620000000000001,0.0042522853998141225,0.01,True
9.63,0.004246861118606021,0.01,True
9.64,0.0042412087505147794,0.01,True
9.65,0.004235667015662124,0.01,True
9.66,0.004229533529829934,0.01,True
9.67,0.004224316058235821,0.01,True
9.68,0.004218464284784494,0.01,True
9.69,0.004212620421508814,0.01,True
9.700000000000001,0.004207431198096639,0.01,True
9.71,0.004201418242022929,0.01,True
9.72,0.004196246603745146,0.01,True
9.73,0.004191210001396369,0.01,True
9.74,0.0041848486009469915,0.01,True
9.75,0.004179513603082412,0.01,True
9.76,0.004174259280659781,0.01,True
9.77,0.00416842427256315,0.01,True
9.78,0.004162807754426721,0.01,True
9.790000000000001,0.004157611532785017,0.01,True
9.8,0.004151959047206956,0.01,True
9.81,0.004146597293187038,0.01,True
9.82,0.004141750758997628,0.01,True
9.83,0.0041359806667067775,0.01,True
9.84,0.004130126090291295,0.01,True
9.85,0.00412540930475298,0.01,True
9.86,0.004119885467770483,0.01,True
9.870000000000001,0.004114578797683275,0.01,True
9.88,0.004109085269670669,0.01,True
9.89,0.004103594305681844,0.01,True
9.9,0.004098474136084185,0.01,True
9.91,0.00409303267117976,0.01,True
9.92,0.004087537370918686,0.01,True
9.93,0.004082271186864101,0.01,True
9.94,0.004077036508920633,0.01,True
9.950000000000001,0.004071887915453486,0.01,True
9.96,0.004066206911224812,0.01,True
9.97,0.004060972101636403,0.01,True
9.98,0.004056164769698582,0.01,True
9.99,0.0040509084431644225,0.01,True
10.0,0.0040457864665757876,0.01,True
10.01,0.0040404078333525105,0.01,True
10.02,0.004035178615916588,0.01,True
10.03,0.004029914322450931,0.01,True
10.040000000000001,0.0040247753343524584,0.01,True
10.05,0.004019817713929252,0.01,True
10.06,0.004014308344940642,0.01,True
10.07,0.004009123952035568,0.01,True
10.08,0.004004509969178203,0.01,True
10.09,0.003999309012462336,0.01,True
10.1,0.0039937592714244735,0.01,True
10.11,0.00398882330289186,0.01,True
10.120000000000001,0.00398375647910664,0.01,True
10.13,0.003978999451779553,0.01,True
10.14,0.003974050058890443,0.01,True
10.15,0.003968505757397512,0.01,True
10.16,0.003963532143334853,0.01,True
10.17,0.003958483121437147,0.01,True
10.18,0.003953616624041174,0.01,True
10.19,0.003948898350856881,0.01,True
10.200000000000001,0.003943952084397552,0.01,True
10.21,0.003938742019624707,0.01,True
10.22,0.003933758525244829,0.01,True
10.23,0.00392848245142931,0.01,True
10.24,0.003923850831777893,0.01,True
10.25,0.003918832443110675,0.01,True
10.26,0.003913670362659603,0.01,True
10.27,0.003908842586599204,0.01,True
10.28,0.003903596119398002,0.01,True
10.290000000000001,0.0038987181703020878,0.01,True
10.3,0.0038939606883702893,0.01,True
10.31,0.003889377930169085,0.01,True
10.32,0.0038843563921431355,0.01,True
10.33,0.003879024682290432,0.01,True
10.34,0.0038745753219955694,0.01,True
10.35,0.003869647314115257,0.01,True
10.36,0.00386431790464994,0.01,True
10.370000000000001,0.0038600447182565423,0.01,True
10.38,0.0038553335540170664,0.01,True
10.39,0.003850544700474704,0.01,True
10.4,0.003845676882746189,0.01,True
10.41,0.003841205148916011,0.01,True
10.42,0.003836236311711636,0.01,True
10.43,0.0038315067505605934,0.01,True
10.44,0.0038268176082998217,0.01,True
10.450000000000001,0.0038214687032075358,0.01,True
10.46,0.00381660774763027,0.01,True
10.47,0.003812355109713223,0.01,True
10.48,0.0038078124990249544,0.01,True
10.49,0.00380294986648381,0.01,True
10.5,0.003797982712630328,0.01,True
10.51,0.0037932200284080775,0.01,True
10.52,0.0037885397822466967,0.01,True
10.53,0.0037835823874657146,0.01,True
10.540000000000001,0.003779454652273166,0.01,True
10.55,0.003774555890254242,0.01,True
10.56,0.003769796295863406,0.01,True
10.57,0.003764955253717243,0.01,True
10.58,0.0037607386339797272,0.01,True
10.59,0.003755781725257833,0.01,True
10.6,0.003751228976491834,0.01,True
10.61,0.003746318260538915,0.01,True
10.620000000000001,0.0037421583197907965,0.01,True
10.63,0.0037378576529419555,0.01,True
10.64,0.0037330004485558333,0.01,True
10.65,0.0037285985395225773,0.01,True
10.66,0.003724408830134598,0.01,True
10.67,0.003719846996164268,0.01,True
10.68,0.0037152565592957114,0.01,True
10.69,0.00371072486499177,0.01,True
10.700000000000001,0.0037064636727054388,0.01,True
10.71,0.003701777434769102,0.01,True
10.72,0.0036973332363657344,0.01,True
10.73,0.0036930101119121528,0.01,True
10.74,0.003688455251459911,0.01,True
10.75,0.003683697493743263,0.01,True
10.76,0.0036791864767530863,0.01,True
10.77,0.0036751011751137413,0.01,True
10.78,0.003670252095928246,0.01,True
10.790000000000001,0.0036657613669784663,0.01,True
10.8,0.0036618679988682837,0.01,True
10.81,0.0036573885548952796,0.01,True
10.82,0.0036528373227841665,0.01,True
10.83,0.00364840470795811,0.01,True
10.84,0.0036445134380608166,0.01,True
10.85,0.003640221979119226,0.01,True
10.86,0.0036357479822592513,0.01,True
10.870000000000001,0.003631300402275542,0.01,True
10.88,0.003627443852156101,0.01,True
10.89,0.0036227500816818146,0.01,True
10.9,0.0036185590862837405,0.01,True
10.91,0.003614419236580442,0.01,True
10.92,0.0036099836452515625,0.01,True
10.93,0.0036059182675255686,0.01,True
10.94,0.0036018304068206617,0.01,True
10.950000000000001,0.0035970978234599353,0.01,True
10.96,0.0035923250078705674,0.01,True
10.97,0.0035882887977091798,0.01,True
10.98,0.0035840137518686043,0.01,True
10.99,0.003579679864047696,0.01,True
11.0,0.003575674845967154,0.01,True
11.01,0.0035714525630646935,0.01,True
11.02,0.0035667936621340984,0.01,True
11.03,0.0035624152910094776,0.01,True
11.040000000000001,0.0035585801241010333,0.01,True
11.05,0.0035543911482320096,0.01,True
11.06,0.0035500096651978606,0.01,True
11.07,0.003546171967443271,0.01,True
11.08,0.003542482510326714,0.01,True
11.09,0.003537792732329733,0.01,True
11.1,0.0035332440043767985,0.01,True
11.11,0.0035293290340309377,0.01,True
11.120000000000001,0.0035258309647487334,0.01,True
11.13,0.0035212785689803993,0.01,True
11.14,0.0035169585795771525,0.01,True
11.15,0.0035129427066172207,0.01,True
11.16,0.003508283801899274,0.01,True
11.17,0.003503866872015116,0.01,True
11.18,0.0034997201360801398,0.01,True
11.19,0.00349548571343707,0.01,True
11.200000000000001,0.0034932115690102378,0.01,True
11.21,0.0034883045787087808,0.01,True
11.22,0.0034842364150160926,0.01,True
11.23,0.0034806888750933307,0.01,True
11.24,0.003476939916583672,0.01,True
11.25,0.00347202727181466,0.01,True
11.26,0.003468578655034864,0.01,True
11.27,0.003464527553818467,0.01,True
11.28,0.003460354548298181,0.01,True
11.290000000000001,0.0034566595913469627,0.01,True
11.3,0.0034525931165494193,0.01,True
11.31,0.003449489013515778,0.01,True
11.32,0.0034456824092926465,0.01,True
11.33,0.003440915764692108,0.01,True
11.34,0.0034366022769738553,0.01,True
11.35,0.0034321092431377877,0.01,True
11.36,0.0034275923893801945,0.01,True
11.370000000000001,0.0034242540959555784,0.01,True
11.38,0.0034204695128032207,0.01,True
11.39,0.0034162179655102157,0.01,True
11.4,0.0034124101260383666,0.01,True
11.41,0.0034090544263742388,0.01,True
11.42,0.0034051255795134188,0.01,True
11.43,0.0034008998222933256,0.01,True
11.44,0.0033977396331638316,0.01,True
11.450000000000001,0.003393619315428355,0.01,True
11.46,0.003389591738719001,0.01,True
11.47,0.0033856938977779084,0.01,True
11.48,0.0033822872483717822,0.01,True
11.49,0.003378283202641971,0.01,True
11.5,0.0033747298992172527,0.01,True
11.51,0.003370990720424645,0.01,True
11.52,0.003367226222877038,0.01,True
11.53,0.0033628707180754724,0.01,True
11.540000000000001,0.003359165898933913,0.01,True
11.55,0.003355011036098513,0.01,True
11.56,0.0033509406399434213,0.01,True
11.57,0.003347744400041608,0.01,True
11.58,0.0033432240416640872,0.01,True
11.59,0.003339966578396471,0.01,True
11.6,0.0033368374309371116,0.01,True
11.61,0.0033328691077111504,0.01,True
11.620000000000001,0.0033288677328749154,0.01,True
11.63,0.0033259050182965558,0.01,True
11.64,0.003321659330908009,0.01,True
11.65,0.003317722007346854,0.01,True
11.66,0.0033142360289259115,0.01,True
11.67,0.0033105950172987487,0.01,True
11.68,0.003306303382898501,0.01,True
11.69,0.0033028246256652126,0.01,True
11.700000000000001,0.0032994370823490166,0.01,True
11.71,0.0032947391038300813,0.01,True
11.72,0.003290917831955816,0.01,True
11.73,0.00328678311565719,0.01,True
11.74,0.0032841192993248924,0.01,True
11.75,0.0032797048245737583,0.01,True
11.76,0.0032756394003758656,0.01,True
11.77,0.0032724069499339673,0.01,True
11.78,0.0032687888846795288,0.01,True
11.790000000000001,0.003265327941907363,0.01,True
11.8,0.00326222537128466,0.01,True
11.81,0.0032588834873701024,0.01,True
11.82,0.003255274039520444,0.01,True
11.83,0.003251531752412239,0.01,True
11.84,0.0032481410723392,0.01,True
11.85,0.0032435180689918386,0.01,True
11.86,0.0032401406777864913,0.01,True
11.870000000000001,0.003236573354225431,0.01,True
11.88,0.0032336127545510864,0.01,True
11.89,0.003229662307167808,0.01,True
11.9,0.0032258384484439096,0.01,True
11.91,0.0032227614454046266,0.01,True
11.92,0.0032188845880946745,0.01,True
11.93,0.0032151036720284893,0.01,True
11.94,0.003212308835766708,0.01,True
11.950000000000001,0.003208608638175742,0.01,True
11.96,0.003204434497241898,0.01,True
11.97,0.003200459847623367,0.01,True
11.98,0.0031980546941111384,0.01,True
11.99,0.0031943525137978442,0.01,True
12.0,0.0031901878874805315,0.01,True
12.01,0.003187460354245019,0.01,True
12.02,0.0031832449851290036,0.01,True
12.030000000000001,0.00318057480746762,0.01,True
12.040000000000001,0.003177044641572426,0.01,True
12.05,0.003173601606981834,0.01,True
12.06,0.003170844373727295,0.01,True
12.07,0.00316672024394654,0.01,True
12.08,0.003163553844743777,0.01,True
12.09,0.003159885568694588,0.01,True
12.1,0.003157595241213599,0.01,True
12.11,0.003153203303487971,0.01,True
12.120000000000001,0.0031492780483858155,0.01,True
12.13,0.0031457770663247064,0.01,True
12.14,0.003142930187016587,0.01,True
12.15,0.003139551441431096,0.01,True
12.16,0.0031357512965100036,0.01,True
12.17,0.0031326013354607955,0.01,True
12.18,0.003129418058919128,0.01,True
12.19,0.003126054513100331,0.01,True
12.200000000000001,0.003123455431284494,0.01,True
12.21,0.003120238327664749,0.01,True
12.22,0.0031160793565915166,0.01,True
12.23,0.0031129324628710424,0.01,True
12.24,0.0031095144762973634,0.01,True
12.25,0.0031060570709573,0.01,True
12.26,0.0031029426943542846,0.01,True
12.27,0.003099063965344457,0.01,True
12.280000000000001,0.0030958858474752554,0.01,True
12.290000000000001,0.00309185196809699,0.01,True
12.3,0.003088952344386254,0.01,True
12.31,0.003085387961216072,0.01,True
12.32,0.00308237689409478,0.01,True
12.33,0.003078931584693929,0.01,True
12.34,0.003075274849859758,0.01,True
12.35,0.003071084812840546,0.01,True
12.36,0.00306816132748972,0.01,True
12.370000000000001,0.003064730092920971,0.01,True
12.38,0.0030618738159935636,0.01,True
12.39,0.0030583270058461513,0.01,True
12.4,0.003054551180596631,0.01,True
12.41,0.003050991046909381,0.01,True
12.42,0.0030490708180031336,0.01,True
12.43,0.0030456618534093725,0.01,True
12.44,0.003041983444567619,0.01,True
12.450000000000001,0.0030386081207212402,0.01,True
12.46,0.003035719964581307,0.01,True
12.47,0.003032536665641061,0.01,True
12.48,0.003029031904119183,0.01,True
12.49,0.0030263136168350185,0.01,True
12.5,0.003023001898588543,0.01,True
12.51,0.0030202484813884587,0.01,True
12.52,0.0030172132698227353,0.01,True
12.530000000000001,0.0030139859369135965,0.01,True
12.540000000000001,0.0030110190969151727,0.01,True
12.55,0.0030076962164704694,0.01,True
12.56,0.003004662534155503,0.01,True
12.57,0.0030014416688795382,0.01,True
12.58,0.0029982839330017106,0.01,True
12.59,0.0029950146836914535,0.01,True
12.6,0.0029925893265518263,0.01,True
12.61,0.0029885173030345363,0.01,True
12.620000000000001,0.0029854038183665865,0.01,True
12.63,0.002982514994137931,0.01,True
12.64,0.002979565036036712,0.01,True
12.65,0.0029770116801678664,0.01,True
12.66,0.002973703937171572,0.01,True
12.67,0.0029704894560498587,0.01,True
12.68,0.0029674341213890352,0.01,True
12.69,0.002964363455513767,0.01,True
12.700000000000001,0.0029604289709198105,0.01,True
12.71,0.0029571601119961844,0.01,True
12.72,0.002954770422906109,0.01,True
12.73,0.0029509266975356555,0.01,True
12.74,0.0029488814043169384,0.01,True
12.75,0.002945594933490404,0.01,True
12.76,0.002942535724322387,0.01,True
12.77,0.0029391959380549552,0.01,True
12.780000000000001,0.0029366303665104205,0.01,True
12.790000000000001,0.002932873010635629,0.01,True
12.8,0.0029304416295561474,0.01,True
12.81,0.002926845438991165,0.01,True
12.82,0.0029246994365282604,0.01,True
12.83,0.0029216220966377274,0.01,True
12.84,0.0029188254993808287,0.01,True
12.85,0.0029150948193500414,0.01,True
12.86,0.0029127145441184693,0.01,True
12.870000000000001,0.002909730785277575,0.01,True
12.88,0.0029061964664380707,0.01,True
12.89,0.0029030417566191557,0.01,True
12.9,0.002900030837354625,0.01,True
12.91,0.002897207739527804,0.01,True
12.92,0.00289512944386591,0.01,True
12.93,0.0028920597412965096,0.01,True
12.94,0.002888961952869333,0.01,True
12.950000000000001,0.0028853740406416905,0.01,True
12.96,0.002882990738128632,0.01,True
12.97,0.002880359168615428,0.01,True
12.98,0.002877215519381743,0.01,True
12.99,0.0028740840558000628,0.01,True
13.0,0.0028720720704957675,0.01,True
13.01,0.0028690660185211794,0.01,True
13.02,0.002865960675124673,0.01,True
13.030000000000001,0.0028635807586493045,0.01,True
13.040000000000001,0.002860693023808611,0.01,True
13.05,0.0028569453375237265,0.01,True
13.06,0.002854039015214122,0.01,True
13.07,0.002850904751185453,0.01,True
13.08,0.0028481650611401066,0.01,True
13.09,0.002844723095774882,0.01,True
13.1,0.0028420093957120746,0.01,True
13.11,0.002839595219880626,0.01,True
13.120000000000001,0.002836323467798452,0.01,True
13.13,0.0028333285523403726,0.01,True
13.14,0.0028299383754099247,0.01,True
13.15,0.0028273309706836843,0.01,True
13.16,0.0028248152604600403,0.01,True
13.17,0.0028211969367966773,0.01,True
13.18,0.0028181370888727764,0.01,True
13.19,0.0028160065647889533,0.01,True
13.200000000000001,0.002812251831787552,0.01,True
13.21,0.0028088744374561597,0.01,True
13.22,0.0028071974929747153,0.01,True
13.23,0.0028050577495899835,0.01,True
13.24,0.0028009324674409582,0.01,True
13.25,0.0027975254815503737,0.01,True
13.26,0.002795785693517201,0.01,True
13.27,0.0027928378203309367,0.01,True
13.280000000000001,0.0027902203697614232,0.01,True
13.290000000000001,0.0027879471189597334,0.01,True
13.3,0.0027852734788771107,0.01,True
13.31,0.002782182100088547,0.01,True
13.32,0.0027794113521575716,0.01,True
13.33,0.002776833443809978,0.01,True
13.34,0.002774950266937259,0.01,True
13.35,0.002771937288461947,0.01,True
13.36,0.002769422646912612,0.01,True
13.370000000000001,0.0027656946925395088,0.01,True
13.38,0.0027634915298280433,0.01,True
13.39,0.0027609975959515774,0.01,True
13.4,0.002758206926933238,0.01,True
13.41,0.002755472391255625,0.01,True
13.42,0.002753236733511691,0.01,True
13.43,0.002750117843549,0.01,True
13.44,0.002747940236560997,0.01,True
13.450000000000001,0.002743988942743955,0.01,True
13.46,0.0027410999849635516,0.01,True
13.47,0.002739589535195313,0.01,True
13.48,0.0027363590335656666,0.01,True
13.49,0.002732728668156081,0.01,True
13.5,0.0027309590938679176,0.01,True
13.51,0.0027278622719991525,0.01,True
13.52,0.002725703136410413,0.01,True
13.530000000000001,0.0027234781866031965,0.01,True
13.540000000000001,0.0027199657168126222,0.01,True
13.55,0.0027177840756251706,0.01,True
13.56,0.002715166746857914,0.01,True
13.57,0.002712930896278089,0.01,True
13.58,0.002707722916479391,0.01,True
13.59,0.0027066944379240125,0.01,True
13.6,0.002706049958496676,0.01,True
13.61,0.002702887066075207,0.01,True
13.620000000000001,0.002700318746512005,0.01,True
13.63,0.0026963627396315586,0.01,True
13.64,0.002692346530340907,0.01,True
13.65,0.0026910961810729965,0.01,True
13.66,0.0026882828645845526,0.01,True
13.67,0.002687364540832139,0.01,True
13.68,0.0026835901929956477,0.01,True
13.69,0.0026814567517706328,0.01,True
13.700000000000001,0.002677756556487514,0.01,True
13.71,0.002674259863052317,0.01,True
13.72,0.0026729377170250307,0.01,True
13.73,0.002670533490994495,0.01,True
13.74,0.002669380470614221,0.01,True
13.75,0.002665869287432797,0.01,True
13.76,0.0026644990919173096,0.01,True
13.77,0.0026585561761335395,0.01,True
13.780000000000001,0.0026574303179119196,0.01,True
13.790000000000001,0.0026535825501116848,0.01,True
13.8,0.002654234404025704,0.01,True
13.81,0.0026492781230145522,0.01,True
13.82,0.002645095903582151,0.01,True
13.83,0.0026435858654013703,0.01,True
13.84,0.002640038062269147,0.01,True
13.85,0.0026390976508444118,0.01,True
13.86,0.0026368605073979314,0.01,True
13.870000000000001,0.0026338996089657588,0.01,True
13.88,0.002631386661874237,0.01,True
13.89,0.0026283930328277957,0.01,True
13.9,0.0026269429328370734,0.01,True
13.91,0.0026257445134706845,0.01,True
13.92,0.0026228417944275492,0.01,True
13.93,0.0026199774018299425,0.01,True
13.94,0.0026155208441349343,0.01,True
13.950000000000001,0.0026128151309351227,0.01,True
13.96,0.002611072252536412,0.01,True
13.97,0.0026091303108948215,0.01,True
13.98,0.002608148797849283,0.01,True
13.99,0.0026060374530193645,0.01,True
14.0,0.00260438477884,0.01,True
14.01,0.0026007554243031093,0.01,True
14.02,0.0025993795540226574,0.01,True
14.030000000000001,0.002596180603842886,0.01,True
14.040000000000001,0.0025936780614811,0.01,True
14.05,0.002591751128774674,0.01,True
14.06,0.0025882216496320456,0.01,True
14.07,0.0025864439903261,0.01,True
14.08,0.00258227394605871,0.01,True
14.09,0.002580748078877197,0.01,True
14.1,0.0025770933034217577,0.01,True
14.11,0.00257492421182116,0.01,True
14.120000000000001,0.0025727970809756614,0.01,True
14.13,0.002570213222839234,0.01,True
14.14,0.002567761528428135,0.01,True
14.15,0.002564971859754023,0.01,True
14.16,0.0025615050383491792,0.01,True
14.17,0.002559035448492964,0.01,True
14.18,0.0025555441602376485,0.01,True
14.19,0.002553125952988674,0.01,True
14.200000000000001,0.0025506293447965394,0.01,True
14.21,0.002551460888936343,0.01,True
14.22,0.0025477053567096487,0.01,True
14.23,0.002545394456474208,0.01,True
14.24,0.0025414351088849647,0.01,True
14.25,0.002540110065150655,0.01,True
14.26,0.002537715084570454,0.01,True
14.27,0.0025364321612310835,0.01,True
14.280000000000001,0.0025340517471187647,0.01,True
14.290000000000001,0.0025310261708017495,0.01,True
14.3,0.0025284998105560524,0.01,True
14.31,0.0025271635609798245,0.01,True
14.32,0.0025244508209239258,0.01,True
14.33,0.0025226345929148537,0.01,True
14.34,0.0025201974933267805,0.01,True
14.35,0.002516466311874305,0.01,True
14.36,0.002513512662508164,0.01,True
14.370000000000001,0.0025107181372245636,0.01,True
14.38,0.0025097576188440316,0.01,True
14.39,0.0025081921149518694,0.01,True
14.4,0.0025058636064086617,0.01,True
14.41,0.0025041117022622304,0.01,True
14.42,0.002502870487781911,0.01,True
14.43,0.002499607644927116,0.01,True
14.44,0.0024966002666564503,0.01,True
14.450000000000001,0.002494144790522765,0.01,True
14.46,0.002492455752250914,0.01,True
14.47,0.002488710606901319,0.01,True
14.48,0.002487694813621724,0.01,True
14.49,0.002485529004241602,0.01,True
14.5,0.0024830140943784954,0.01,True
14.51,0.0024814940782352125,0.01,True
14.52,0.0024781927950080647,0.01,True
14.530000000000001,0.0024756172423985824,0.01,True
14.540000000000001,0.002474955411775151,0.01,True
14.55,0.0024729354640615556,0.01,True
14.56,0.0024686951833870906,0.01,True
14.57,0.0024667153166594504,0.01,True
14.58,0.002464257418393051,0.01,True
14.59,0.0024629051057953543,0.01,True
14.6,0.0024602241518497437,0.01,True
14.61,0.0024566179376779356,0.01,True
14.620000000000001,0.0024559057991390696,0.01,True
14.63,0.0024535120905468306,0.01,True
14.64,0.0024508778783070596,0.01,True
14.65,0.0024474790941240647,0.01,True
14.66,0.0024471108814191275,0.01,True
14.67,0.0024435793965690007,0.01,True
14.68,0.0024410011155582413,0.01,True
14.69,0.002438462096202565,0.01,True
14.700000000000001,0.002437562788479583,0.01,True
14.71,0.002435543788892769,0.01,True
14.72,0.002433012922559345,0.01,True
14.73,0.0024319556578838736,0.01,True
14.74,0.002427690019874834,0.01,True
14.75,0.0024266933500623287,0.01,True
14.76,0.002424570369758227,0.01,True
14.77,0.0024235539704051934,0.01,True
14.780000000000001,0.002422318608430915,0.01,True
14.790000000000001,0.002419520040989597,0.01,True
14.8,0.0024172910122439266,0.01,True
14.81,0.0024138342158762684,0.01,True
14.82,0.0024117111918491576,0.01,True
14.83,0.002410361321779161,0.01,True
14.84,0.002406385581818853,0.01,True
14.85,0.002405989484606237,0.01,True
14.86,0.002401881673845957,0.01,True
14.870000000000001,0.002399628815201991,0.01,True
14.88,0.002399528610140891,0.01,True
14.89,0.0023963036919854843,0.01,True
14.9,0.002394746362305185,0.01,True
14.91,0.0023920687445981824,0.01,True
14.92,0.0023904800490282363,0.01,True
14.93,0.0023891486702930015,0.01,True
14.94,0.0023858316908519747,0.01,True
14.950000000000001,0.002384940987768674,0.01,True
14.96,0.002380964728596951,0.01,True
14.97,0.00237976966451798,0.01,True
14.98,0.002379845827609789,0.01,True
14.99,0.0023755882353005964,0.01,True
0.0,1.0,1.0,False
0.01,0.9900498338840252,1.0,False
0.02,0.9801986735190752,1.0,False
0.03,0.9704455337807889,1.0,False
0.04,0.9607894393625364,1.0,False
0.05,0.9512294246972536,1.0,False
0.06,0.9417645337775455,1.0,False
0.07,0.9323938200877434,1.0,False
0.08,0.923116346437125,1.0,False
0.09,0.9139311852076508,1.0,False
0.1,0.9048374176755022,1.0,False
0.11,0.8958341346615074,1.0,False
0.12,0.8869204357966737,1.0,False
0.13,0.8780954296452407,1.0,False
0.14,0.8693582339398159,1.0,False
0.15,0.8607079746215197,1.0,False
0.16,0.8521437870863484,1.0,False
0.17,0.8436648145155945,1.0,False
0.18,0.8352702091244807,1.0,False
0.19,0.8269591315483686,1.0,False
0.2,0.8187307506321044,1.0,False
0.21,0.810584243522944,1.0,False
0.22,0.8025187955691492,1.0,False
0.23,0.7945336002051444,1.0,False
0.24,0.7866278588606741,1.0,False
0.25,0.7788007809456794,1.0,False
0.26,0.7710515838029853,1.0,False
0.27,0.7633794924430165,1.0,False
0.28,0.7557837396219471,1.0,False
0.29,0.7482635658315528,1.0,False
0.3,0.7408182190068241,1.0,False
0.31,0.7334469545948005,1.0,False
0.32,0.7261490354942424,1.0,False
0.33,0.7189237319067122,1.0,False
0.34,0.7117703212809419,1.0,False
0.35000000000000003,0.7046880882801385,1.0,False
0.36,0.6976763246982556,1.0,False
0.37,0.6907343293251956,1.0,False
0.38,0.6838614079602653,1.0,False
0.39,0.6770568734329705,1.0,False
0.4,0.670320045194494,1.0,False
0.41000000000000003,0.6636502495227816,1.0,False
0.42,0.6570468193729614,1.0,False
0.43,0.6505090944521615,1.0,False
0.44,0.6440364211841294,1.0,False
0.45,0.6376281521121758,1.0,False
0.46,0.6312836463461269,1.0,False
0.47000000000000003,0.6250022693408063,1.0,False
0.48,0.6187833931162307,1.0,False
0.49,0.6126263959096693,1.0,False
0.5,0.6065306618349974,1.0,False
0.51,0.6004955812575706,1.0,False
0.52,0.5945205505804908,1.0,False
0.53,0.5886049725453821,1.0,False
0.54,0.5827482555795849,1.0,False
0.55,0.5769498138941701,1.0,False
0.56,0.5712090675946327,1.0,False
0.5700000000000001,0.5655254425317763,1.0,False
0.58,0.559898370642301,1.0,False
0.59,0.5543272890806581,1.0,False
0.6,0.5488116406834909,1.0,False
0.61,0.5433508738365943,1.0,False
0.62,0.5379444424155965,1.0,False
0.63,0.5325918060774875,1.0,False
0.64,0.5272924293676916,1.0,False
0.65,0.5220457823131195,1.0,False
0.66,0.5168513401922809,1.0,False
0.67,0.5117085835713518,1.0,False
0.68,0.5066169984323532,1.0,False
0.6900000000000001,0.5015760754225357,1.0,False
0.7000000000000001,0.4965853104073602,1.0,False
0.71,0.4916442042449961,1.0,False
0.72,0.48675226283251966,1.0,False
0.73,0.4819089972595398,1.0,False
0.74,0.47711392298718575,1.0,False
0.75,0.47236656046599523,1.0,False
0.76,0.46766643489608556,1.0,False
0.77,0.4630130762711067,1.0,False
0.78,0.45840601953200977,1.0,False
0.79,0.45384480377003944,1.0,False
0.8,0.44932897282685685,1.0,False
0.81,0.4448580750633432,1.0,False
0.8200000000000001,0.4404316633953287,1.0,False
0.8300000000000001,0.4360492954337643,1.0,False
0.84,0.43171053275925764,1.0,False
0.85,0.4274149414628137,1.0,False
0.86,0.4231620919344982,1.0,False
0.87,0.41895155889396357,1.0,False
0.88,0.41478292152271123,1.0,False
0.89,0.4106557627869011,1.0,False
0.9,0.4065696699388756,1.0,False
0.91,0.40252423431979983,1.0,False
0.92,0.39851905138905525,1.0,False
0.93,0.39455372085745755,1.0,False
0.9400000000000001,0.3906278460254926,1.0,False
0.9500000000000001,0.3867410342741014,1.0,False
0.96,0.3828928968732784,1.0,False
0.97,0.3790830490139829,1.0,False
0.98,0.37531110994633754,1.0,False
0.99,0.3715767023048091,1.0,False
1.0,0.3678794526172425,1.0,False
1.01,0.3642189911102522,1.0,False
1.02,0.3605949517025068,1.0,False
1.03,0.35700697227894435,1.0,False
1.04,0.3534546938520316,1.0,False
1.05,0.34993776116503783,1.0,False
1.06,0.3464558224801307,1.0,False
1.07,0.3430085295393493,1.0,False
1.08,0.3395955379217517,1.0,False
1.09,0.3362165061459891,1.0,False
1.1,0.332871096280321,1.0,False
1.11,0.3295589737448743,1.0,False
1.12,0.3262798072708898,1.0,False
1.1300000000000001,0.32303326916923647,1.0,False
1.1400000000000001,0.3198190347007814,1.0,False
1.1500000000000001,0.31663678238651044,1.0,False
1.16,0.3134861939670098,1.0,False
1.17,0.310366954333062,1.0,False
1.18,0.30727875172299707,1.0,False
1.19,0.3042212773075235,1.0,False
1.2,0.30119422526222833,1.0,False
1.21,0.29819729285087476,1.0,False
1.22,0.2952301803340242,1.0,False
1.23,0.2922925911107489,1.0,False
1.24,0.28938423147483416,1.0,False
1.25,0.28650481049552384,1.0,False
1.26,0.28365404020232216,1.0,False
1.27,0.28083163547565976,1.0,False
1.28,0.2780373141446589,1.0,False
1.29,0.2752707968831404,1.0,False
1.3,0.27253180692745943,1.0,False
1.31,0.26982007035242284,1.0,False
1.32,0.2671353159447953,1.0,False
1.33,0.26447727524055625,1.0,False
1.34,0.26184568261599767,1.0,False
1.35,0.2592402747768534,1.0,False
1.36,0.25666079115924545,1.0,False
1.37,0.2541069737795779,1.0,False
1.3800000000000001,0.251578567220026,1.0,False
1.3900000000000001,0.24907531887222273,1.0,False
1.4000000000000001,0.2465969782644129,1.0,False
1.41,0.24414329754308028,1.0,False
1.42,0.2417140313098975,1.0,False
1.43,0.2393089365945028,1.0,False
1.44,0.23692777306857005,1.0,False
1.45,0.23457030254703412,1.0,False
1.46,0.2322362892395536,1.0,False
1.47,0.2299254997188191,1.0,False
1.48,0.22763770286769772,1.0,False
1.49,0.22537267001382302,1.0,False
1.5,0.2231301746769282,1.0,False
1.51,0.22090999253634014,1.0,False
1.52,0.21871190155115583,1.0,False
1.53,0.21653568187841807,1.0,False
1.54,0.2143811159459152,1.0,False
1.55,0.21224798838987968,1.0,False
1.56,0.21013608580594434,1.0,False
1.57,0.20804519698395788,1.0,False
1.58,0.2059751128049457,1.0,False
1.59,0.20392562626529062,1.0,False
1.6,0.20189653256382853,1.0,False
1.61,0.19988762868370785,1.0,False
1.62,0.19789871371708995,1.0,False
1.6300000000000001,0.1959295887456578,1.0,False
1.6400000000000001,0.19398005681848018,1.0,False
1.6500000000000001,0.1920499231789375,1.0,False
1.6600000000000001,0.19013899469395182,1.0,False
1.67,0.1882470802554869,1.0,False
1.68,0.18637399064884466,1.0,False
1.69,0.1845195385313363,1.0,False
1.7,0.18268353857509845,1.0,False
1.71,0.18086580716497586,1.0,False
1.72,0.17906616247880605,1.0,False
1.73,0.17728442453243243,1.0,False
1.74,0.17552041512302152,1.0,False
1.75,0.1737739579039096,1.0,False
1.76,0.1720448782922071,1.0,False
1.77,0.170333003307731,1.0,False
1.78,0.16863816174636942,1.0,False
1.79,0.16696018409896496,1.0,False
1.8,0.16529890257427826,1.0,False
1.81,0.1636541511625415,1.0,False
1.82,0.16202576530128124,1.0,False
1.83,0.16041358213780513,1.0,False
1.84,0.15881744043212512,1.0,False
1.85,0.15723718054090843,1.0,False
1.86,0.15567264459521393,1.0,False
1.87,0.15412367604490587,1.0,False
1.8800000000000001,0.1525901199811722,1.0,False
1.8900000000000001,0.1510718230296449,1.0,False
1.9000000000000001,0.1495686333333745,1.0,False
1.9100000000000001,0.14808040067253905,1.0,False
1.92,0.14660697620666902,1.0,False
1.93,0.1451482125549598,1.0,False
1.94,0.14370396382480904,1.0,False
1.95,0.14227408556738858,1.0,False
1.96,0.1408584348382197,1.0,False
1.97,0.13945687012719457,1.0,False
1.98,0.1380692512165853,1.0,False
1.99,0.13669543933073838,1.0,False
2.0,0.13533529706780195,1.0,False
2.0100000000000002,0.13398868841376183,1.0,False
2.02,0.13265547881411874,1.0,False
2.0300000000000002,0.1313355348722886,1.0,False
2.04,0.13002872458245932,1.0,False
2.05,0.12873491724606664,1.0,False
2.06,0.12745398345725445,1.0,False
2.07,0.12618579524401727,1.0,False
2.08,0.12493022572272962,1.0,False
2.09,0.12368714932099557,1.0,False
2.1,0.12245644171635128,1.0,False
2.11,0.12123797981642022,1.0,False
2.12,0.12003164184000115,1.0,False
2.13,0.11883730716181012,1.0,False
2.14,0.1176548563093397,1.0,False
2.15,0.11648417102495484,1.0,False
2.16,0.1153251342214801,1.0,False
2.17,0.11417763001746317,1.0,False
2.18,0.11304154372404078,1.0,False
2.19,0.11191676167756529,1.0,False
2.2,0.11080317138924721,1.0,False
2.21,0.10970066148401422,1.0,False
2.22,0.108609121701248,1.0,False
2.23,0.10752844298638296,1.0,False
2.24,0.10645851720592801,1.0,False
2.25,0.10539923735839807,1.0,False
2.2600000000000002,0.10435049750199048,1.0,False
2.27,0.10331219274280198,1.0,False
2.2800000000000002,0.10228421933102248,1.0,False
2.29,0.10126647444390932,1.0,False
2.3000000000000003,0.10025885628401231,1.0,False
2.31,0.09926126407784143,1.0,False
2.32,0.09827359804906091,1.0,False
2.33,0.09729575946603139,1.0,False
2.34,0.09632765057855497,1.0,False
2.35,0.0953691745340889,1.0,False
2.36,0.09442023547536438,1.0,False
2.37,0.09348073849400063,1.0,False
2.38,0.09255058964117542,1.0,False
2.39,0.09162969597633625,1.0,False
2.4,0.09071796535700802,1.0,False
2.41,0.08981530660220073,1.0,False
2.42,0.08892162943385486,1.0,False
2.43,0.08803684446679311,1.0,False
2.44,0.08716086330525315,1.0,False
2.45,0.08629359830960648,1.0,False
2.46,0.08543496274097712,1.0,False
2.47,0.08458487072554823,1.0,False
2.48,0.08374323723914152,1.0,False
2.49,0.08290997815914124,1.0,False
2.5,0.08208501017310284,1.0,False
2.5100000000000002,0.08126825075400802,1.0,False
2.52,0.08045961821731218,1.0,False
2.5300000000000002,0.07965903168695211,1.0,False
2.54,0.07886641111381236,1.0,False
2.5500000000000003,0.07808167728873894,1.0,False
2.56,0.07730475169596557,1.0,False
2.57,0.07653555663572617,1.0,False
2.58,0.07577401517753368,1.0,False
2.59,0.0750200511516023,1.0,False
2.6,0.07427358924356475,1.0,False
2.61,0.07353455475748788,1.0,False
2.62,0.07280287378369578,1.0,False
2.63,0.07207847314487781,1.0,False
2.64,0.07136128038761937,1.0,False
2.65,0.07065122383275357,1.0,False
2.66,0.06994823248089872,1.0,False
2.67,0.06925223600816383,1.0,False
2.68,0.0685631648073472,1.0,False
2.69,0.06788094996013838,1.0,False
2.7,0.06720552325398457,1.0,False
2.71,0.06653681719123969,1.0,False
2.72,0.06587476486490063,1.0,False
2.73,0.06521930006360581,1.0,False
2.74,0.0645703572315486,1.0,False
2.75,0.06392787146141565,1.0,False
2.7600000000000002,0.06329177857454736,1.0,False
2.77,0.06266201491881528,1.0,False
2.7800000000000002,0.06203851751289712,1.0,False
2.79,0.06142122399927723,1.0,False
2.8000000000000003,0.060810072637317,1.0,False
2.81,0.06020500234659758,1.0,False
2.82,0.05960595262435175,1.0,False
2.83,0.05901286354502263,1.0,False
2.84,0.058425675793252266,1.0,False
2.85,0.057844330640700624,1.0,False
2.86,0.05726876996132933,1.0,False
2.87,0.056698936237138925,1.0,False
2.88,0.056134772453466535,1.0,False
2.89,0.055576222188584344,1.0,False
2.9,0.055023229579332186,1.0,False
2.91,0.054475739314883496,1.0,False
2.92,0.05393369670593869,1.0,False
2.93,0.05339704751368136,1.0,False
2.94,0.0528657380675187,1.0,False
2.95,0.052339715229769226,1.0,False
2.96,0.051818926388386914,1.0,False
2.97,0.05130331949031106,1.0,False
2.98,0.05079284298570757,1.0,False
2.99,0.05028744580618902,1.0,False
3.0,0.04978707740661631,1.0,False
3.0100000000000002,0.049291687742095774,1.0,False
3.02,0.04880122727501719,1.0,False
3.0300000000000002,0.04831564700035085,1.0,False
3.04,0.047834898330386115,1.0,False
3.0500000000000003,0.04735893318595414,1.0,False
3.06,0.04688770396394692,1.0,False
3.0700000000000003,0.046421163532013116,1.0,False
3.08,0.04595926527812566,1.0,False
3.09,0.04550196299551586,1.0,False
3.1,0.045049210944828125,1.0,False
3.11,0.04460096384545914,1.0,False
3.12,0.04415717686479955,1.0,False
3.13,0.04371780563948854,1.0,False
3.14,0.043282806250391555,1.0,False
3.15,0.04285213517709016,1.0,False
3.16,0.04242574934808547,1.0,False
3.17,0.042003606118204286,1.0,False
3.18,0.04158566326965285,1.0,False
3.19,0.04117187904986158,1.0,False
3.2,0.04076221205264458,1.0,False
3.21,0.040356621307733605,1.0,False
3.22,0.03995506625053198,1.0,False
3.23,0.039557506717593886,1.0,False
3.24,0.039163902980231716,1.0,False
3.25,0.03877421567743356,1.0,False
3.2600000000000002,0.03838840582712835,1.0,False
3.27,0.03800643484385974,1.0,False
3.2800000000000002,0.037628264523950815,1.0,False
3.29,0.03725385705415507,1.0,False
3.3000000000000003,0.03688317502339987,1.0,False
3.31,0.036516181340570976,1.0,False
3.3200000000000003,0.036152839302820525,1.0,False
3.33,0.03579311257066105,1.0,False
3.34,0.03543696516391101,1.0,False
3.35,0.03508436150217307,1.0,False
3.36,0.03473526631067939,1.0,False
3.37,0.03438964467291184,1.0,False
3.38,0.0340474620225142,1.0,False
3.39,0.033708684135100295,1.0,False
3.4,0.03337327714329596,1.0,False
3.41,0.033041207523299705,1.0,False
3.42,0.03271244205098671,1.0,False
3.43,0.032386947846489184,1.0,False
3.44,0.032064692355387225,1.0,False
3.45,0.03174564334640037,1.0,False
3.46,0.031429768951043574,1.0,False
3.47,0.031117037559052388,1.0,False
3.48,0.030807417894684323,1.0,False
3.49,0.030500878991914632,1.0,False
3.5,0.03019739019098899,1.0,False
3.5100000000000002,0.029896921160046195,1.0,False
3.52,0.029599441857742943,1.0,False
3.5300000000000002,0.029304922523625022,1.0,False
3.54,0.029013333702454323,1.0,False
3.5500000000000003,0.028724646230441034,1.0,False
3.56,0.02843883123656882,1.0,False
3.5700000000000003,0.02815586017021289,1.0,False
3.58,0.02787570471354234,1.0,False
3.59,0.027598336848443983,1.0,False
3.6,0.027323728834192748,1.0,False
3.61,0.027051853204356626,1.0,False
3.62,0.02678268278882606,1.0,False
3.63,0.026516190673726046,1.0,False
3.64,0.026252350198855412,1.0,False
3.65,0.025991134977148358,1.0,False
3.66,0.025732518882631963,1.0,False
3.67,0.025476476052678394,1.0,False
3.68,0.02522298090942931,1.0,False
3.69,0.024972008085256032,1.0,False
3.7,0.024723532480618555,1.0,False
3.71,0.02447752924448577,1.0,False
3.72,0.02423397377156384,1.0,False
3.73,0.023992841723027295,1.0,False
3.74,0.0237541089866136,1.0,False
3.75,0.023517751680042963,1.0,False
3.7600000000000002,0.023283746164881734,1.0,False
3.77,0.02305206903658209,1.0,False
3.7800000000000002,0.02282269712744409,1.0,False
3.79,0.02259560752264554,1.0,False
3.8000000000000003,0.022370777497436562,1.0,False
3.81,0.02214818456673475,1.0,False
3.8200000000000003,0.021927806468057757,1.0,False
3.83,0.021709621159038246,1.0,False
3.84,0.02149360683808892,1.0,False
3.85,0.021279741902737973,1.0,False
3.86,0.021068004958709637,1.0,False
3.87,0.02085837482975227,1.0,False
3.88,0.02065083054908821,1.0,False
3.89,0.02044535136105708,1.0,False
3.9,0.020241916741208326,1.0,False
3.91,0.02004050633008263,1.0,False
3.92,0.01984109998470835,1.0,False
3.93,0.01964367776150367,1.0,False
3.94,0.019448219914048055,1.0,False
3.95,0.01925470690789859,1.0,False
3.96,0.019063119397409165,1.0,False
3.97,0.018873438214168328,1.0,False
3.98,0.01868564438788509,1.0,False
3.99,0.018499719135967093,1.0,False
4.0,0.018315643861810053,1.0,False
4.01,0.018133400182750798,1.0,False
4.0200000000000005,0.01795296985896461,1.0,False
4.03,0.017774334845873343,1.0,False
4.04,0.017597477277570543,1.0,False
4.05,0.017422379464829704,1.0,False
4.0600000000000005,0.017249023904011646,1.0,False
4.07,0.01707739326974147,1.0,False
4.08,0.016907470388738004,1.0,False
4.09,0.016739238266919983,1.0,False
4.1,0.016572680078380354,1.0,False
4.11,0.01640777916350146,1.0,False
4.12,0.016244519050630075,1.0,False
4.13,0.01608288340574257,1.0,False
4.14,0.015922856061758275,1.0,False
4.15,0.015764421013874298,1.0,False
4.16,0.015607562415576799,1.0,False
4.17,0.015452264583654942,1.0,False
4.18,0.015298512002209805,1.0,False
4.19,0.015146289284846435,1.0,False
4.2,0.014995581207705446,1.0,False
4.21,0.014846372697572139,1.0,False
4.22,0.01469864883018635,1.0,False
4.23,0.014552394844021236,1.0,False
4.24,0.014407596116247407,1.0,False
4.25,0.014264238159716907,1.0,False
4.26,0.014122306636843622,1.0,False
4.2700000000000005,0.013981787351851526,1.0,False
4.28,0.013842666249177894,1.0,False
4.29,0.013704929436838684,1.0,False
4.3,0.01356856312981561,1.0,False
4.3100000000000005,0.01343355368950861,1.0,False
4.32,0.013299887613091655,1.0,False
4.33,0.013167551531252616,1.0,False
4.34,0.013036532212089263,1.0,False
4.3500000000000005,0.012906816567010062,1.0,False
4.36,0.012778391614233138,1.0,False
4.37,0.012651244509967588,1.0,False
4.38,0.012525362537538717,1.0,False
4.39,0.012400733105964401,1.0,False
4.4,0.012277343760622214,1.0,False
4.41,0.012155182165813827,1.0,False
4.42,0.01203423609899929,1.0,False
4.43,0.011914493464155837,1.0,False
4.44,0.011795942284920417,1.0,False
4.45,0.011678570703243846,1.0,False
4.46,0.011562366997670138,1.0,False
4.47,0.01144731953976993,1.0,False
4.48,0.0113334168227093,1.0,False
4.49,0.011220647454659729,1.0,False
4.5,0.01110900015643123,1.0,False
4.51,0.010998463764378545,1.0,False
4.5200000000000005,0.010889027237368377,1.0,False
4.53,0.010780679622378483,1.0,False
4.54,0.010673410083497547,1.0,False
4.55,0.010567207892023192,1.0,False
4.5600000000000005,0.010462062425256925,1.0,False
4.57,0.010357963173144627,1.0,False
4.58,0.01025489973378849,1.0,False
4.59,0.01015286179290308,1.0,False
4.6000000000000005,0.010051839145460291,1.0,False
4.61,0.009951821687369694,1.0,False
4.62,0.009852799414341607,1.0,False
4.63,0.009754762432198097,1.0,False
4.64,0.009657700939809787,1.0,False
4.65,0.00956160522522932,1.0,False
4.66,0.009466465677664652,1.0,False
4.67,0.009372272781376461,1.0,False
4.68,0.009279017114607034,1.0,False
4.69,0.009186689363099052,1.0,False
4.7,0.009095280290998634,1.0,False
4.71,0.00900478075402584,1.0,False
4.72,0.008915181701027904,1.0,False
4.73,0.008826474170354707,1.0,False
4.74,0.00873864928884842,1.0,False
4.75,0.008651698288488135,1.0,False
4.76,0.008565612465563489,1.0,False
4.7700000000000005,0.008480383210461157,1.0,False
4.78,0.00839600199903307,1.0,False
4.79,0.008312460391395122,1.0,False
4.8,0.008229750033096766,1.0,False
4.8100000000000005,0.008147862664622531,1.0,False
4.82,0.008066790089281862,1.0,False
4.83,0.007986524198989648,1.0,False
4.84,0.007907056965892606,1.0,False
4.8500000000000005,0.00782838044146871,1.0,False
4.86,0.007750486760464241,1.0,False
4.87,0.007673368141641052,1.0,False
4.88,0.007597016866198924,1.0,False
4.89,0.007521425298110575,1.0,False
4.9,0.007446585876866541,1.0,False
4.91,0.007372491116622738,1.0,False
4.92,0.007299133610454993,1.0,False
4.93,0.007226506030833345,1.0,False
4.94,0.00715460110789326,1.0,False
4.95,0.007083411650241395,1.0,False
4.96,0.007012930537599216,1.0,False
4.97,0.006943150720000207,1.0,False
4.98,0.0068740652220354425,1.0,False
4.99,0.006805667142970133,1.0,False
5.0,0.006737949636208748,1.0,False
5.01,0.006670905929179792,1.0,False
5.0200000000000005,0.0066045293162980976,1.0,False
5.03,0.006538813158210026,1.0,False
5.04,0.006473750885781759,1.0,False
5.05,0.006409335999853984,1.0,False
5.0600000000000005,0.006345562052765361,1.0,False
5.07,0.006282422666382157,1.0,False
5.08,0.006219911525661079,1.0,False
5.09,0.006158022377938581,1.0,False
5.1000000000000005,0.006096749036690982,1.0,False
5.11,0.006036085380982687,1.0,False
5.12,0.0059760253387924935,1.0,False
5.13,0.005916562903417194,1.0,False
5.14,0.005857692127564073,1.0,False
5.15,0.005799407122680871,1.0,False
5.16,0.0057417020626170275,1.0,False
5.17,0.005684571182807814,1.0,False
5.18,0.005628008764831462,1.0,False
5.19,0.00557200915176698,1.0,False
5.2,0.005516566742638258,1.0,False
5.21,0.005461675991782605,1.0,False
5.22,0.005407331412735393,1.0,False
5.23,0.005353527576921477,1.0,False
5.24,0.005300259098496439,1.0,False
5.25,0.005247520649925018,1.0,False
5.26,0.005195306956336581,1.0,False
5.2700000000000005,0.005143612794928015,1.0,False
5.28,0.005092432996391238,1.0,False
5.29,0.005041762452496276,1.0,False
5.3,0.004991596089213602,1.0,False
5.3100000000000005,0.004941928889273694,1.0,False
5.32,0.0048927558850144085,1.0,False
5.33,0.004844072157819826,1.0,False
5.34,0.004795872837559148,1.0,False
5.3500000000000005,0.004748153115701643,1.0,False
5.36,0.004700908213555657,1.0,False
5.37,0.004654133405776656,1.0,False
5.38,0.004607824014098722,1.0,False
5.39,0.004561975406472433,1.0,False
5.4,0.004516582996538624,1.0,False
5.41,0.004471642252256705,1.0,False
5.42,0.004427148678181406,1.0,False
5.43,0.004383097822418223,1.0,False
5.44,0.0043394852792362736,1.0,False
5.45,0.004296306686447487,1.0,False
5.46,0.00425355772491222,1.0,False
5.47,0.0042112341237106315,1.0,False
5.48,0.004169331653025217,1.0,False
5.49,0.004127846118887538,1.0,False
5.5,0.004086773372187294,1.0,False
5.51,0.004046109304828078,1.0,False
5.5200000000000005,0.004005849849262208,1.0,False
5.53,0.003965990981104334,1.0,False
5.54,0.003926528719979396,1.0,False
5.55,0.003887459115016608,1.0,False
5.5600000000000005,0.003848778258761687,1.0,False
5.57,0.0038104822823918894,1.0,False
5.58,0.0037725673552785315,1.0,False
5.59,0.0037350296856525425,1.0,False
5.6000000000000005,0.003697865528201072,1.0,False
5.61,0.003661071160660615,1.0,False
5.62,0.003624642903137404,1.0,False
5.63,0.00358857711211128,1.0,False
5.64,0.0035528701800225594,1.0,False
5.65,0.0035175185348588936,1.0,False
5.66,0.0034825186469560204,1.0,False
5.67,0.0034478670170196572,1.0,False
5.68,0.003413560176634876,1.0,False
5.69,0.003379594694534577,1.0,False
5.7,0.003345967173337783,1.0,False
5.71,0.003312674249162411,1.0,False
5.72,0.003279712592820292,1.0,False
5.73,0.0032470789163126052,1.0,False
5.74,0.003214769950433725,1.0,False
5.75,0.003182782463859308,1.0,False
5.76,0.0031511132572091195,1.0,False
5.7700000000000005,0.003119759162685023,1.0,False
5.78,0.0030887170437089943,1.0,False
5.79,0.0030579838014589997,1.0,False
5.8,0.0030275563624930606,1.0,False
5.8100000000000005,0.0029974316815271776,1.0,False
5.82,0.002967606745628699,1.0,False
5.83,0.002938078571632697,1.0,False
5.84,0.0029088442058028316,1.0,False
5.8500000000000005,0.00287990072517096,1.0,False
5.86,0.002851245241651847,1.0,False
5.87,0.0028228748850666367,1.0,False
5.88,0.002794786818024891,1.0,False
5.89,0.002766978231184666,1.0,False
5.9,0.0027394463429341732,1.0,False
5.91,0.0027121883990734543,1.0,False
5.92,0.002685201678913,1.0,False
5.93,0.002658483482998169,1.0,False
5.94,0.0026320311375577555,1.0,False
5.95,0.0026058419969239607,1.0,False
5.96,0.002579913441558124,1.0,False
5.97,0.0025542428777520876,1.0,False
5.98,0.0025288277393777153,1.0,False
5.99,0.0025036654905807227,1.0,False
6.0,0.0024787536106446444,1.0,False
6.01,0.002454089608017018,1.0,False
6.0200000000000005,0.0024296710157536796,1.0,False
6.03,0.002405495391237222,1.0,False
6.04,0.002381560315895427,1.0,False
6.05,0.0023578633990955595,1.0,False
6.0600000000000005,0.0023344022745240616,1.0,False
6.07,0.002311174592200882,1.0,False
6.08,0.0022881780289474157,1.0,False
6.09,0.0022654102845196806,1.0,False
6.1000000000000005,0.0022428690813452675,1.0,False
6.11,0.0022205521642603017,1.0,False
6.12,0.0021984573064440563,1.0,False
6.13,0.0021765822986826787,1.0,False
6.140000000000001,0.0021549249508640545,1.0,False
6.15,0.0021334830968618847,1.0,False
6.16,0.0021122545919364825,1.0,False
6.17,0.002091237312489772,1.0,False
6.18,0.0020704291558202833,1.0,False
6.19,0.0020498280475766445,1.0,False
6.2,0.0020294319248249505,1.0,False
6.21,0.0020092387467925315,1.0,False
6.22,0.001989246493795981,1.0,False
6.23,0.0019694531660906386,1.0,False
6.24,0.0019498567836418223,1.0,False
6.25,0.0019304553862923728,1.0,False
6.26,0.001911247040621613,1.0,False
6.2700000000000005,0.0018922298213089191,1.0,False
6.28,0.001873401826389062,1.0,False
6.29,0.0018547611726925156,1.0,False
6.3,0.0018363059956313511,1.0,False
6.3100000000000005,0.0018180344489851202,1.0,False
6.32,0.0017999447063710365,1.0,False
6.33,0.0017820349633731962,1.0,False
6.34,0.001764303425407625,1.0,False
6.3500000000000005,0.0017467483190584535,1.0,False
6.36,0.001729367888426417,1.0,False
6.37,0.0017121603949285834,1.0,False
6.38,0.001695124117098097,1.0,False
6.390000000000001,0.0016782573537253368,1.0,False
6.4,0.0016615584207200162,1.0,False
6.41,0.0016450256451140933,1.0,False
6.42,0.0016286573733331098,1.0,False
6.43,0.001612451968117077,1.0,False
6.44,0.0015964078083320755,1.0,False
6.45,0.0015805232887818642,1.0,False
6.46,0.001564796822123927,1.0,False
6.47,0.001549226840787878,1.0,False
6.48,0.0015338117835558829,1.0,False
6.49,0.0015185501086332136,1.0,False
6.5,0.0015034402894381022,1.0,False
6.51,0.001488480814426399,1.0,False
6.5200000000000005,0.0014736701869162245,1.0,False
6.53,0.0014590069255781,1.0,False
6.54,0.0014444895709964409,1.0,False
6.55,0.0014301166666195748,1.0,False
6.5600000000000005,0.0014158867749225514,1.0,False
6.57,0.0014017984725758254,1.0,False
6.58,0.0013878503502826518,1.0,False
6.59,0.0013740410126164906,1.0,False
6.6000000000000005,0.0013603690778584056,1.0,False
6.61,0.0013468331849496565,1.0,False
6.62,0.0013334319770417296,1.0,False
6.63,0.0013201641133096448,1.0,False
6.640000000000001,0.0013070282666947338,1.0,False
6.65,0.0012940231232294779,1.0,False
6.66,0.0012811473818862777,1.0,False
6.67,0.001268399754426231,1.0,False
6.68,0.0012557789700867249,1.0,False
6.69,0.001243283766148334,1.0,False
6.7,0.0012309128915731484,1.0,False
6.71,0.0012186651090372474,1.0,False
6.72,0.0012065391934234107,1.0,False
6.73,0.001194533931680078,1.0,False
6.74,0.0011826481226803129,1.0,False
6.75,0.0011708805803192371,1.0,False
6.76,0.0011592301291670204,1.0,False
6.7700000000000005,0.0011476956020013503,1.0,False
6.78,0.0011362758451533498,1.0,False
6.79,0.0011249697163358916,1.0,False
6.8,0.0011137760845121606,1.0,False
6.8100000000000005,0.001102693829764213,1.0,False
6.82,0.0010917218453482217,1.0,False
6.83,0.0010808590372957305,1.0,False
6.84,0.0010701043162354381,1.0,False
6.8500000000000005,0.0010594566064848468,1.0,False
6.86,0.001048914842966243,1.0,False
6.87,0.0010384779710833631,1.0,False
6.88,0.001028144946598068,1.0,False
6.890000000000001,0.0010179147355070157,1.0,False
6.9,0.0010077863192815592,1.0,False
6.91,0.0009977586843462243,1.0,False
6.92,0.0009878308261540617,1.0,False
6.93,0.0009780017516638577,1.0,False
6.94,0.0009682704776156374,1.0,False
6.95,0.0009586360304163994,1.0,False
6.96,0.0009490974460258443,1.0,False
6.97,0.0009396537703190646,1.0,False
6.98,0.0009303040652023549,1.0,False
6.99,0.0009210473913084411,1.0,False
7.0,0.0009118828227960978,1.0,False
7.01,0.0009028094429592687,1.0,False
7.0200000000000005,0.000893826344121658,1.0,False
7.03,0.000884932627531325,1.0,False
7.04,0.0008761274032552723,1.0,False
7.05,0.0008674097926937217,1.0,False
7.0600000000000005,0.0008587789264699293,1.0,False
7.07,0.0008502339388215477,1.0,False
7.08,0.0008417739750852354,1.0,False
7.09,0.0008333981890283708,1.0,False
7.1000000000000005,0.0008251057427514772,1.0,False
7.11,0.0008168958065906528,1.0,False
7.12,0.0008087675590199927,1.0,False
7.13,0.000800720191202095,1.0,False
7.140000000000001,0.0007927528970535666,1.0,False
7.15,0.0007848648788159105,1.0,False
7.16,0.0007770553475124855,1.0,False
7.17,0.0007693235219424125,1.0,False
7.18,0.0007616686285899495,1.0,False
7.19,0.0007540899015338675,1.0,False
7.2,0.0007465865830748657,1.0,False
7.21,0.0007391579269908789,1.0,False
7.22,0.0007318031873748932,1.0,False
7.23,0.0007245216286193962,1.0,False
7.24,0.000717312522372112,1.0,False
7.25,0.0007101751474519023,1.0,False
7.26,0.000703108789764674,1.0,False
7.2700000000000005,0.0006961127422192836,1.0,False
7.28,0.0006891863074905653,1.0,False
7.29,0.0006823287943118125,1.0,False
7.3,0.0006755395147386695,1.0,False
7.3100000000000005,0.0006688177896790389,1.0,False
7.32,0.0006621629467259899,1.0,False
7.33,0.0006555743200791003,1.0,False
7.34,0.0006490512504658035,1.0,False
7.3500000000000005,0.0006425930850627331,1.0,False
7.36,0.0006361991794139477,1.0,False
7.37,0.0006298688975253725,1.0,False
7.38,0.0006236016031625792,1.0,False
7.390000000000001,0.000617396669430644,1.0,False
7.4,0.0006112534756058362,1.0,False
7.41,0.0006051714070631252,1.0,False
7.42,0.0005991498552036942,1.0,False
7.43,0.0005931882173824494,1.0,False
7.44,0.0005872858976844925,1.0,False
7.45,0.0005814423108419888,1.0,False
7.46,0.0005756568687422483,1.0,False
7.47,0.000569928992708839,1.0,False
7.48,0.0005642581097683008,1.0,False
7.49,0.0005586436525836909,1.0,False
7.5,0.0005530850593881247,1.0,False
7.51,0.0005475817739183216,1.0,False
7.5200000000000005,0.0005421332453481477,1.0,False
7.53,0.0005367389340425022,1.0,False
7.54,0.0005313982972309017,1.0,False
7.55,0.0005261108006101691,1.0,False
7.5600000000000005,0.0005208759152870678,1.0,False
7.57,0.0005156931175753341,1.0,False
7.58,0.0005105618889345009,1.0,False
7.59,0.0005054817159087237,1.0,False
7.6000000000000005,0.000500452090065606,1.0,False
7.61,0.0004954725119130486,1.0,False
7.62,0.0004905424823101847,1.0,False
7.63,0.00048566150734089426,1.0,False
7.640000000000001,0.0004808290987840885,1.0,False
7.65,0.0004760447732250279,1.0,False
7.66,0.00047130805199878064,1.0,False
7.67,0.0004666184611336849,1.0,False
7.68,0.0004619755312948094,1.0,False
7.69,0.0004573788004716536,1.0,False
7.7,0.00045282780937600756,1.0,False
7.71,0.0004483221014543501,1.0,False
7.72,0.0004438612260211863,1.0,False
7.73,0.0004394447368273503,1.0,False
7.74,0.0004350721920078062,1.0,False
7.75,0.0004307431540294442,1.0,False
7.76,0.00042645718963888157,1.0,False
7.7700000000000005,0.0004222138718367298,1.0,False
7.78,0.0004180127781546999,1.0,False
7.79,0.00041385348625548753,1.0,False
7.8,0.00040973558009541245,1.0,False
7.8100000000000005,0.0004056586477209634,1.0,False
7.82,0.0004016222812201584,1.0,False
7.83,0.00039762607667390257,1.0,False
7.84,0.0003936696341073483,1.0,False
7.8500000000000005,0.00038975255744125417,1.0,False
7.86,0.0003858744578908306,1.0,False
7.87,0.00038203494805503255,1.0,False
7.88,0.00037823364210792175,1.0,False
7.890000000000001,0.0003744701597853626,1.0,False
7.9,0.00037074412455851547,1.0,False
7.91,0.0003670551635892887,1.0,False
7.92,0.0003634029076857929,1.0,False
7.930000000000001,0.00035978699125779374,1.0,False
7.94,0.000356207052272167,1.0,False
7.95,0.00035266273675907075,1.0,False
7.96,0.00034915368885810554,1.0,False
7.97,0.00034567955658424825,1.0,False
7.98,0.00034223999240515435,1.0,False
7.99,0.00033883465220467865,1.0,False
8.0,0.00033546319524233276,1.0,False
8.01,0.0003321252841127456,1.0,False
8.02,0.0003288205847051222,1.0,False
8.03,0.00032554876616270326,1.0,False
8.040000000000001,0.0003223095058771098,1.0,False
8.05,0.000319102476970117,1.0,False
8.06,0.0003159273585150334,1.0,False
8.07,0.0003127838328996528,1.0,False
8.08,0.0003096715856345537,1.0,False
8.09,0.00030659030531602575,1.0,False
8.1,0.0003035396835889974,1.0,False
8.11,0.00030051941510996264,1.0,False
8.120000000000001,0.0002975291980439752,1.0,False
8.13,0.00029456873674142247,1.0,False
8.14,0.00029163773258242574,1.0,False
8.15,0.0002887358923999808,1.0,False
8.16,0.00028586292591277235,1.0,False
8.17,0.00028301854569110803,1.0,False
8.18,0.0002802024671228526,1.0,False
8.19,0.00027741440837936155,1.0,False
8.2,0.0002746540903814152,1.0,False
8.21,0.0002719212379381899,1.0,False
8.22,0.00026921557987878036,1.0,False
8.23,0.00026653684363771936,1.0,False
8.24,0.00026388476126922445,1.0,False
8.25,0.00026125906746252603,1.0,False
8.26,0.0002586594995106026,1.0,False
8.27,0.0002560857972789158,1.0,False
8.28,0.0002535377031741456,1.0,False
8.290000000000001,0.0002510149621129247,1.0,False
8.3,0.00024851732361032866,1.0,False
8.31,0.0002460445389431007,1.0,False
8.32,0.00024359635907228997,1.0,False
8.33,0.00024117253909637832,1.0,False
8.34,0.00023877283651645642,1.0,False
8.35,0.00023639701120721978,1.0,False
8.36,0.0002340448253879652,1.0,False
8.370000000000001,0.0002317160435935863,1.0,False
8.38,0.00022941043264557156,1.0,False
8.39,0.00022712776162299791,1.0,False
8.4,0.00022486780679325895,1.0,False
8.41,0.00022263033940754854,1.0,False
8.42,0.00022041513528830623,1.0,False
8.43,0.00021822197280919778,1.0,False
8.44,0.00021605063251472708,1.0,False
8.45,0.00021390089709387143,1.0,False
8.46,0.00021177255135371593,1.0,False
8.47,0.00020966538219309018,1.0,False
8.48,0.00020757917857620097,1.0,False
8.49,0.00020551373308663263,1.0,False
8.5,0.00020346884168132237,1.0,False
8.51,0.00020144429733602126,1.0,False
8.52,0.00019943989752278262,1.0,False
8.53,0.00019745544170268094,1.0,False
8.540000000000001,0.0001954907313020266,1.0,False
8.55,0.00019354556968858216,1.0,False
8.56,0.0001916197621477751,1.0,False
8.57,0.0001897131158589142,1.0,False
8.58,0.0001878254398714042,1.0,False
8.59,0.00018595654838344223,1.0,False
8.6,0.0001841062535667166,1.0,False
8.61,0.00018227436949169186,1.0,False
8.620000000000001,0.00018046071290576203,1.0,False
8.63,0.00017866510235582246,1.0,False
8.64,0.00017688735816668796,1.0,False
8.65,0.00017512730241951363,1.0,False
8.66,0.0001733847589302147,1.0,False
8.67,0.00017165955322788625,1.0,False
8.68,0.00016995151311449832,1.0,False
8.69,0.00016826047051439748,1.0,False
8.700000000000001,0.00016658625411845448,1.0,False
8.71,0.00016492869645897445,1.0,False
8.72,0.00016328763171376945,1.0,False
8.73,0.00016166289568646477,1.0,False
8.74,0.0001600543257868038,1.0,False
8.75,0.00015846176101095327,1.0,False
8.76,0.00015688504192180828,1.0,False
8.77,0.0001553240106292976,1.0,False
8.78,0.00015377851275920977,1.0,False
8.790000000000001,0.0001522483940135344,1.0,False
8.8,0.00015073350025388615,1.0,False
8.81,0.00014923367993611224,1.0,False
8.82,0.0001477487830026188,1.0,False
8.83,0.0001462786608644224,1.0,False
8.84,0.0001448231663832015,1.0,False
8.85,0.00014338215385334841,1.0,False
8.86,0.0001419554789840208,1.0,False
8.870000000000001,0.00014054299892899932,1.0,False
8.88,0.00013914457616292673,1.0,False
8.89,0.00013776006811375572,1.0,False
8.9,0.00013638933628253236,1.0,False
8.91,0.000135032243527155,1.0,False
8.92,0.00013368865404581013,1.0,False
8.93,0.00013235843336040806,1.0,False
8.94,0.00013104144830001872,1.0,False
8.950000000000001,0.00012973756698430726,1.0,False
8.96,0.00012844665880697078,1.0,False
8.97,0.00012716859441917262,1.0,False
8.98,0.00012590324801726294,1.0,False
8.99,0.0001246504938856105,1.0,False
9.0,0.0001234102049801304,1.0,False
9.01,0.0001221822572054273,1.0,False
9.02,0.00012096652767931635,1.0,False
9.03,0.00011976289471789954,1.0,False
9.040000000000001,0.0001185712378206421,1.0,False
9.05,0.00011739143765544974,1.0,False
9.06,0.00011622337604374386,1.0,False
9.07,0.00011506693594553893,1.0,False
9.08,0.00011392200157192344,1.0,False
9.09,0.00011278846261946019,1.0,False
9.1,0.00011166620262356,1.0,False
9.11,0.00011055510931143083,1.0,False
9.120000000000001,0.00010945507151111585,1.0,False
9.13,0.00010836597913817237,1.0,False
9.14,0.00010728772318234878,1.0,False
9.15,0.00010622019569426342,1.0,False
9.16,0.00010516328977208249,1.0,False
9.17,0.00010411689954819815,1.0,False
9.18,0.00010308092017590666,1.0,False
9.19,0.00010205524978360863,1.0,False
9.200000000000001,0.00010103978636846802,1.0,False
9.21,0.00010003442699196662,1.0,False
9.22,9.903907107827953e-05,1.0,False
9.23,9.805361903759904e-05,1.0,False
9.24,9.707797225416111e-05,1.0,False
9.25,9.611203307427206e-05,1.0,False
9.26,9.515570479433514e-05,1.0,False
9.27,9.420889164887728e-05,1.0,False
9.28,9.327149879857568e-05,1.0,False
9.290000000000001,9.23434324599138e-05,1.0,False
9.3,9.142460271880822e-05,1.0,False
9.31,9.051491552825551e-05,1.0,False
9.32,8.961427989064073e-05,1.0,False
9.33,8.872260570075384e-05,1.0,False
9.34,8.783980373495035e-05,1.0,False
9.35,8.696578564031217e-05,1.0,False
9.36,8.610046392380834e-05,1.0,False
9.370000000000001,8.524375194145559e-05,1.0,False
9.38,8.439556388747974e-05,1.0,False
9.39,8.355581478347556e-05,1.0,False
9.4,8.272442204754453e-05,1.0,False
9.41,8.19013028831762e-05,1.0,False
9.42,8.108637393643019e-05,1.0,False
9.43,8.027955367845204e-05,1.0,False
9.44,7.94807613781299e-05,1.0,False
9.450000000000001,7.868991709229873e-05,1.0,False
9.46,7.790694165594527e-05,1.0,False
9.47,7.713175667241166e-05,1.0,False
9.48,7.636428450360031e-05,1.0,False
9.49,7.560444826017826e-05,1.0,False
9.5,7.48521719974676e-05,1.0,False
9.51,7.410738344694615e-05,1.0,False
9.52,7.337000581618004e-05,1.0,False
9.53,7.263996533398882e-05,1.0,False
9.540000000000001,7.191718894943337e-05,1.0,False
9.55,7.120160432283075e-05,1.0,False
9.56,7.049313981676777e-05,1.0,False
9.57,6.979172448711587e-05,1.0,False
9.58,6.909728807404534e-05,1.0,False
9.59,6.84097609930397e-05,1.0,False
9.6,6.772907432591003e-05,1.0,False
9.61,6.705515981180934e-05,1.0,False
9.620000000000001,6.638795166936025e-05,1.0,False
9.63,6.572738415327926e-05,1.0,False
9.64,6.507338949628908e-05,1.0,False
9.65,6.442590225354043e-05,1.0,False
9.66,6.378485761766113e-05,1.0,False
9.67,6.315019141074709e-05,1.0,False
9.68,6.252184007635339e-05,1.0,False
9.69,6.189974067148527e-05,1.0,False
9.700000000000001,6.128383085858909e-05,1.0,False
9.71,6.067404889754375e-05,1.0,False
9.72,6.007033363765114e-05,1.0,False
9.73,5.947262450962756e-05,1.0,False
9.74,5.888086506608741e-05,1.0,False
9.75,5.8294994159888684e-05,1.0,False
9.76,5.771495278475687e-05,1.0,False
9.77,5.714068289608683e-05,1.0,False
9.78,5.657212701544049e-05,1.0,False
9.790000000000001,5.600922822348891e-05,1.0,False
9.8,5.545193015295498e-05,1.0,False
9.81,5.490017698155504e-05,1.0,False
9.82,5.4353913424941546e-05,1.0,False
9.83,5.381308472964519e-05,1.0,False
9.84,5.327763666601715e-05,1.0,False
9.85,5.2747516395657614e-05,1.0,False
9.86,5.222267268516714e-05,1.0,False
9.870000000000001,5.170305126736143e-05,1.0,False
9.88,5.118860015638184e-05,1.0,False
9.89,5.067926787494626e-05,1.0,False
9.9,5.0175003448078574e-05,1.0,False
9.91,4.967575639683754e-05,1.0,False
9.92,4.918147673204586e-05,1.0,False
9.93,4.8692114948019216e-05,1.0,False
9.94,4.8207622016295304e-05,1.0,False
9.950000000000001,4.772794937936279e-05,1.0,False
9.96,4.725304894439067e-05,1.0,False
9.97,4.678287493082215e-05,1.0,False
9.98,4.631737992235225e-05,1.0,False
9.99,4.5856516687474696e-05,1.0,False
10.0,4.540023911661144e-05,1.0,False
10.01,4.494850155029671e-05,1.0,False
10.02,4.450125877355458e-05,1.0,False
10.03,4.405846601027653e-05,1.0,False
10.040000000000001,4.362007891759894e-05,1.0,False
10.05,4.3186053580280996e-05,1.0,False
10.06,4.2756346505081764e-05,1.0,False
10.07,4.233091461513807e-05,1.0,False
10.08,4.190971547811457e-05,1.0,False
10.09,4.14927090030818e-05,1.0,False
10.1,4.107985185731843e-05,1.0,False
10.11,4.0671102735390864e-05,1.0,False
10.120000000000001,4.026642073510593e-05,1.0,False
10.13,3.986576535248082e-05,1.0,False
10.14,3.946909647671231e-05,1.0,False
10.15,3.907637438514672e-05,1.0,False
10.16,3.868755973824945e-05,1.0,False
10.17,3.8302613574574666e-05,1.0,False
10.18,3.792149730573494e-05,1.0,False
10.19,3.754417271137089e-05,1.0,False
10.200000000000001,3.7170603342065665e-05,1.0,False
10.21,3.680075230172133e-05,1.0,False
10.22,3.643458145765236e-05,1.0,False
10.23,3.607205416723799e-05,1.0,False
10.24,3.5713134143475335e-05,1.0,False
10.25,3.535778545039756e-05,1.0,False
10.26,3.5005972498492035e-05,1.0,False
10.27,3.465766004011851e-05,1.0,False
10.28,3.431281316492727e-05,1.0,False
10.290000000000001,3.3971397295277254e-05,1.0,False
10.3,3.363337818165446e-05,1.0,False
10.31,3.329872189808971e-05,1.0,False
10.32,3.296739483757714e-05,1.0,False
10.33,3.263936563355506e-05,1.0,False
10.34,3.2314601717539336e-05,1.0,False
10.35,3.199306934161462e-05,1.0,False
10.36,3.167473632134878e-05,1.0,False
10.370000000000001,3.1359570784059065e-05,1.0,False
10.38,3.104754116478196e-05,1.0,False
10.39,3.073861620224247e-05,1.0,False
10.4,3.0432764934823968e-05,1.0,False
10.41,3.0129956696537745e-05,1.0,False
10.42,2.983016111299267e-05,1.0,False
10.43,2.95333480973648e-05,1.0,False
10.44,2.9239487846366988e-05,1.0,False
10.450000000000001,2.894855083621849e-05,1.0,False
10.46,2.866050988057562e-05,1.0,False
10.47,2.8375336081435365e-05,1.0,False
10.48,2.809299983103992e-05,1.0,False
10.49,2.781347287103317e-05,1.0,False
10.5,2.7536727217678168e-05,1.0,False
10.51,2.7262735158362098e-05,1.0,False
10.52,2.6991469248101198e-05,1.0,False
10.53,2.672290230604572e-05,1.0,False
10.540000000000001,2.6457007411984845e-05,1.0,False
10.55,2.619375790285179e-05,1.0,False
10.56,2.59331273692285e-05,1.0,False
10.57,2.567508965185076e-05,1.0,False
10.58,2.5419618838113117e-05,1.0,False
10.59,2.5166691085698145e-05,1.0,False
10.6,2.491628076241576e-05,1.0,False
10.61,2.4668362063483332e-05,1.0,False
10.620000000000001,2.442291018056208e-05,1.0,False
10.63,2.417990054687583e-05,1.0,False
10.64,2.393930883414899e-05,1.0,False
10.65,2.3701110949545015e-05,1.0,False
10.66,2.3465283032604603e-05,1.0,False
10.67,2.323180145218397e-05,1.0,False
10.68,2.300064280339311e-05,1.0,False
10.69,2.277178390453406e-05,1.0,False
10.700000000000001,2.2545201794039122e-05,1.0,False
10.71,2.232087372740928e-05,1.0,False
10.72,2.2098778772227896e-05,1.0,False
10.73,2.1878894228492516e-05,1.0,False
10.74,2.1661197588071913e-05,1.0,False
10.75,2.1445667067320227e-05,1.0,False
10.76,2.1232281094322653e-05,1.0,False
10.77,2.102101830618209e-05,1.0,False
10.78,2.081185754630579e-05,1.0,False
10.790000000000001,2.0604777861691974e-05,1.0,False
10.8,2.039975850021661e-05,1.0,False
10.81,2.019677890791985e-05,1.0,False
10.82,1.9995818726292827e-05,1.0,False
10.83,1.9796857789564258e-05,1.0,False
10.84,1.9599876121987096e-05,1.0,False
10.85,1.9404855498778588e-05,1.0,False
10.86,1.9211775771853128e-05,1.0,False
10.870000000000001,1.9020617248115885e-05,1.0,False
10.88,1.883136079666017e-05,1.0,False
10.89,1.864398747207025e-05,1.0,False
10.9,1.845847851202315e-05,1.0,False
10.91,1.827481533489031e-05,1.0,False
10.92,1.8092979537339277e-05,1.0,False
10.93,1.791295289193538e-05,1.0,False
10.94,1.773471734474343e-05,1.0,False
10.950000000000001,1.7558255012929356e-05,1.0,False
10.96,1.7383548182362028e-05,1.0,False
10.97,1.7210579305214753e-05,1.0,False
10.98,1.7039332997397235e-05,1.0,False
10.99,1.6869791065000354e-05,1.0,False
11.0,1.6701936195475172e-05,1.0,False
11.01,1.6535751585810112e-05,1.0,False
11.02,1.6371220594758073e-05,1.0,False
11.03,1.6208326740670064e-05,1.0,False
11.040000000000001,1.6047053699328835e-05,1.0,False
11.05,1.5887385301782635e-05,1.0,False
11.06,1.5729305532178684e-05,1.0,False
11.07,1.557279852559695e-05,1.0,False
11.08,1.541784856588375e-05,1.0,False
11.09,1.5264440083485412e-05,1.0,False
11.1,1.5112557653281925e-05,1.0,False
11.11,1.4962185992420575e-05,1.0,False
11.120000000000001,1.4813310480313716e-05,1.0,False
11.13,1.4665918309923838e-05,1.0,False
11.14,1.4519992793108063e-05,1.0,False
11.15,1.4375519318825561e-05,1.0,False
11.16,1.4232483416656291e-05,1.0,False
11.17,1.4090870754926443e-05,1.0,False
11.18,1.3950667138833875e-05,1.0,False
11.19,1.3811858508573548e-05,1.0,False
11.200000000000001,1.3674430937462948e-05,1.0,False
11.21,1.3538370630067613e-05,1.0,False
11.22,1.3403663920326433e-05,1.0,False
11.23,1.3270297269677182e-05,1.0,False
11.24,1.313825726518193e-05,1.0,False
11.25,1.300753061765249e-05,1.0,False
11.26,1.2878104159775847e-05,1.0,False
11.27,1.2749966369224005e-05,1.0,False
11.28,1.262310469586064e-05,1.0,False
11.290000000000001,1.2497505334958277e-05,1.0,False
11.3,1.2373155711299662e-05,1.0,False
11.31,1.225004337114617e-05,1.0,False
11.32,1.2128155980645302e-05,1.0,False
11.33,1.2007481324238074e-05,1.0,False
11.34,1.1888007303066421e-05,1.0,False
11.35,1.1769721933380618e-05,1.0,False
11.36,1.1652613344946681e-05,1.0,False
11.370000000000001,1.1536669779453758e-05,1.0,False
11.38,1.1421879588921624e-05,1.0,False
11.39,1.1308231234107966e-05,1.0,False
11.4,1.1195713282915878e-05,1.0,False
11.41,1.1084314408801245e-05,1.0,False
11.42,1.0974025473895143e-05,1.0,False
11.43,1.0864834134867616e-05,1.0,False
11.44,1.0756729263148489e-05,1.0,False
11.450000000000001,1.0649700038144881e-05,1.0,False
11.46,1.0543735744005112e-05,1.0,False
11.47,1.043882576824816e-05,1.0,False
11.48,1.033495960039331e-05,1.0,False
11.49,1.0232126830589713e-05,1.0,False
11.5,1.013031714824595e-05,1.0,False
11.51,1.0029520340659613e-05,1.0,False
11.52,9.929726291646876e-06,1.0,False
11.53,9.83092498017207e-06,1.0,False
11.540000000000001,9.733106478977233e-06,1.0,False
11.55,9.636260953211763e-06,1.0,False
11.56,9.5403790798783e-06,1.0,False
11.57,9.445452318506933e-06,1.0,False
11.58,9.351470107588578e-06,1.0,False
11.59,9.258423042316167e-06,1.0,False
11.6,9.16630180889553e-06,1.0,False
11.61,9.07509718334798e-06,1.0,False
11.620000000000001,8.984800030312898e-06,1.0,False
11.63,8.89540130185038e-06,1.0,False
11.64,8.806892036243725e-06,1.0,False
11.65,8.719263356802102e-06,1.0,False
11.66,8.632506470663114e-06,1.0,False
11.67,8.546612667595389e-06,1.0,False
11.68,8.46157331880117e-06,1.0,False
11.69,8.377379875718909e-06,1.0,False
11.700000000000001,8.294023868825835e-06,1.0,False
11.71,8.211497852367809e-06,1.0,False
11.72,8.129793531299616e-06,1.0,False
11.73,8.048902204811652e-06,1.0,False
11.74,7.968815775538803e-06,1.0,False
11.75,7.889526224101776e-06,1.0,False
11.76,7.811025608064377e-06,1.0,False
11.77,7.733306060890767e-06,1.0,False
11.78,7.656359790902725e-06,1.0,False
11.790000000000001,7.580179080236904e-06,1.0,False
11.8,7.504756283802145e-06,1.0,False
11.81,7.430083828236662e-06,1.0,False
11.82,7.356154210865358e-06,1.0,False
11.83,7.28295999865708e-06,1.0,False
11.84,7.210493827181877e-06,1.0,False
11.85,7.13874839956827e-06,1.0,False
11.86,7.067718402213449e-06,1.0,False
11.870000000000001,6.997395306149451e-06,1.0,False
11.88,6.9277720103121e-06,1.0,False
11.89,6.8588415416806275e-06,1.0,False
11.9,6.79059699361106e-06,1.0,False
11.91,6.72303152490357e-06,1.0,False
11.92,6.656138358869844e-06,1.0,False
11.93,6.589910782400444e-06,1.0,False
11.94,6.524342145032177e-06,1.0,False
11.950000000000001,6.459425858015451e-06,1.0,False
11.96,6.3951553933816795e-06,1.0,False
11.97,6.3315242830105874e-06,1.0,False
11.98,6.268526117697615e-06,1.0,False
11.99,6.206154546221277e-06,1.0,False
12.0,6.144403274410527e-06,1.0,False
12.01,6.083266064212124e-06,1.0,False
12.02,6.022737052973715e-06,1.0,False
12.030000000000001,5.962812133129771e-06,1.0,False
12.040000000000001,5.903483537297836e-06,1.0,False
12.05,5.844745321179197e-06,1.0,False
12.06,5.786591597025808e-06,1.0,False
12.07,5.7290165328500195e-06,1.0,False
12.08,5.672014351634318e-06,1.0,False
12.09,5.615579330541069e-06,1.0,False
12.1,5.559705800122257e-06,1.0,False
12.11,5.504388143529222e-06,1.0,False
12.120000000000001,5.449620795722398e-06,1.0,False
12.13,5.395398242681084e-06,1.0,False
12.14,5.341715020613134e-06,1.0,False
12.15,5.2885657151647275e-06,1.0,False
12.16,5.235944960630111e-06,1.0,False
12.17,5.1838474391613285e-06,1.0,False
12.18,5.132267879977968e-06,1.0,False
12.19,5.081201765394202e-06,1.0,False
12.200000000000001,5.030645160789527e-06,1.0,False
12.21,4.980591616686335e-06,1.0,False
12.22,4.931036118991707e-06,1.0,False
12.23,4.8819737016460695e-06,1.0,False
12.24,4.833399445969646e-06,1.0,False
12.25,4.785308480008912e-06,1.0,False
12.26,4.737695977883055e-06,1.0,False
12.27,4.690557159130433e-06,1.0,False
12.280000000000001,4.643887288055018e-06,1.0,False
12.290000000000001,4.597681673072895e-06,1.0,False
12.3,4.551935666058661e-06,1.0,False
12.31,4.506644661691925e-06,1.0,False
12.32,4.4618040968037485e-06,1.0,False
12.33,4.417409449723112e-06,1.0,False
12.34,4.3734562396233645e-06,1.0,False
12.35,4.329940025868685e-06,1.0,False
12.36,4.286857261911123e-06,1.0,False
12.370000000000001,4.2442039787006874e-06,1.0,False
12.38,4.2019750983337715e-06,1.0,False
12.39,4.160166393120501e-06,1.0,False
12.4,4.118773676054028e-06,1.0,False
12.41,4.077792800261023e-06,1.0,False
12.42,4.0372196584521725e-06,1.0,False
12.43,3.997050182372688e-06,1.0,False
12.44,3.957280342252799e-06,1.0,False
12.450000000000001,3.91790614625825e-06,1.0,False
12.46,3.8789236399408284e-06,1.0,False
12.47,3.840328905688826e-06,1.0,False
12.48,3.802118062177565e-06,1.0,False
12.49,3.76428726381989e-06,1.0,False
12.5,3.7268327002166736e-06,1.0,False
12.51,3.6897505956073157e-06,1.0,False
12.52,3.6530372083202406e-06,1.0,False
12.530000000000001,3.616689714297457e-06,1.0,False
12.540000000000001,3.5807043002122036e-06,1.0,False
12.55,3.5450769534699617e-06,1.0,False
12.56,3.50980410757364e-06,1.0,False
12.57,3.474882230187957e-06,1.0,False
12.58,3.4403078226676162e-06,1.0,False
12.59,3.406077419585474e-06,1.0,False
12.6,3.3721875882607167e-06,1.0,False
12.61,3.33863492828703e-06,1.0,False
12.620000000000001,3.3054160710607667e-06,1.0,False
12.63,3.2725276793091426e-06,1.0,False
12.64,3.239966446618373e-06,1.0,False
12.65,3.207729096961869e-06,1.0,False
12.66,3.1758123842284043e-06,1.0,False
12.67,3.1442130917502874e-06,1.0,False
12.68,3.112928031831533e-06,1.0,False
12.69,3.0819540452760374e-06,1.0,False
12.700000000000001,3.051289006316668e-06,1.0,False
12.71,3.0209292923723202e-06,1.0,False
12.72,2.9908716786107247e-06,1.0,False
12.73,2.961113154617651e-06,1.0,False
12.74,2.931650738618418e-06,1.0,False
12.75,2.902481477074559e-06,1.0,False
12.76,2.8736024442804855e-06,1.0,False
12.77,2.845010741960154e-06,1.0,False
12.780000000000001,2.8167034988637253e-06,1.0,False
12.790000000000001,2.7886778703642505e-06,1.0,False
12.8,2.7609310380543052e-06,1.0,False
12.81,2.7334602093426762e-06,1.0,False
12.82,2.7062626170510207e-06,1.0,False
12.83,2.679335519010533e-06,1.0,False
12.84,2.652676197658607e-06,1.0,False
12.85,2.6262819596355043e-06,1.0,False
12.86,2.600150135384167e-06,1.0,False
12.870000000000001,2.574279651255703e-06,1.0,False
12.88,2.548666643947541e-06,1.0,False
12.89,2.5233085475852238e-06,1.0,False
12.9,2.498202820421176e-06,1.0,False
12.91,2.4733469444781837e-06,1.0,False
12.92,2.4487384251928837e-06,1.0,False
12.93,2.4243747910592455e-06,1.0,False
12.94,2.400253593272061e-06,1.0,False
12.950000000000001,2.376372405370424e-06,1.0,False
12.96,2.352728822881235e-06,1.0,False
12.97,2.3293204629626608e-06,1.0,False
12.98,2.3061449640476374e-06,1.0,False
12.99,2.283199985487353e-06,1.0,False
13.0,2.2604832071947337e-06,1.0,False
13.01,2.237992329287929e-06,1.0,False
13.02,2.215725071733799e-06,1.0,False
13.030000000000001,2.193679173991395e-06,1.0,False
13.040000000000001,2.1718523946554627e-06,1.0,False
13.05,2.1502425110999058e-06,1.0,False
13.06,2.1288478569382565e-06,1.0,False
13.07,2.1076673928333466e-06,1.0,False
13.08,2.0866977230898064e-06,1.0,False
13.09,2.0659367437885254e-06,1.0,False
13.1,2.045382370621341e-06,1.0,False
13.11,2.0250325385971834e-06,1.0,False
13.120000000000001,2.0048852017482143e-06,1.0,False
13.13,1.9849383328359846e-06,1.0,False
13.14,1.965189923057558e-06,1.0,False
13.15,1.9456379817516664e-06,1.0,False
13.16,1.9262805361048523e-06,1.0,False
13.17,1.9071156308576103e-06,1.0,False
13.18,1.8881413280105311e-06,1.0,False
13.19,1.8693557065304454e-06,1.0,False
13.200000000000001,1.8507568620565635e-06,1.0,False
13.21,1.8323429066066327e-06,1.0,False
13.22,1.8141119682830601e-06,1.0,False
13.23,1.7960621909790698e-06,1.0,False
13.24,1.7781917340848425e-06,1.0,False
13.25,1.7604987721936596e-06,1.0,False
13.26,1.7429825480932946e-06,1.0,False
13.27,1.725641389592489e-06,1.0,False
13.280000000000001,1.7084727854543268e-06,1.0,False
13.290000000000001,1.6914750136954e-06,1.0,False
13.3,1.674646368570185e-06,1.0,False
13.31,1.6579851603368197e-06,1.0,False
13.32,1.6414897150228637e-06,1.0,False
13.33,1.6251583741910636e-06,1.0,False
13.34,1.6089894947051172e-06,1.0,False
13.35,1.592981448495437e-06,1.0,False
13.36,1.5771326223249154e-06,1.0,False
13.370000000000001,1.5614414175546857e-06,1.0,False
13.38,1.5459062499098978e-06,1.0,False
13.39,1.5305255492454657e-06,1.0,False
13.4,1.5152977593118434e-06,1.0,False
13.41,1.5002213375207851e-06,1.0,False
13.42,1.4852947547111115e-06,1.0,False
13.43,1.470516494914472e-06,1.0,False
13.44,1.455885055121111e-06,1.0,False
13.450000000000001,1.4413989450456281e-06,1.0,False
13.46,1.4270578677789175e-06,1.0,False
13.47,1.4128597025786643e-06,1.0,False
13.48,1.3988028041382316e-06,1.0,False
13.49,1.384885764315284e-06,1.0,False
13.5,1.3711071883517824e-06,1.0,False
13.51,1.3574656946830626e-06,1.0,False
13.52,1.343959914746913e-06,1.0,False
13.530000000000001,1.3305884927926515e-06,1.0,False
13.540000000000001,1.3173500856902117e-06,1.0,False
13.55,1.3042433627392087e-06,1.0,False
13.56,1.2912670054780253e-06,1.0,False
13.57,1.278419707492889e-06,1.0,False
13.58,1.2657001742269498e-06,1.0,False
13.59,1.2531071227893582e-06,1.0,False
13.6,1.2406392817643442e-06,1.0,False
13.61,1.2282953910202948e-06,1.0,False
13.620000000000001,1.2160742015188306e-06,1.0,False
13.63,1.2039744751238926e-06,1.0,False
13.64,1.1919949844108072e-06,1.0,False
13.65,1.1801346073969395e-06,1.0,False
13.66,1.1683929925467234e-06,1.0,False
13.67,1.1567682121208004e-06,1.0,False
13.68,1.145259102355628e-06,1.0,False
13.69,1.1338645105111144e-06,1.0,False
13.700000000000001,1.1225832947101793e-06,1.0,False
13.71,1.1114143237783261e-06,1.0,False
13.72,1.1003564770831916e-06,1.0,False
13.73,1.089408644374118e-06,1.0,False
13.74,1.078569725621713e-06,1.0,False
13.75,1.0678386308574137e-06,1.0,False
13.76,1.0572142800130491e-06,1.0,False
13.77,1.0466956027604027e-06,1.0,False
13.780000000000001,1.0362815383507746e-06,1.0,False
13.790000000000001,1.0259710354545514e-06,1.0,False
13.8,1.0157630520007578e-06,1.0,False
13.81,1.0056565550166273e-06,1.0,False
13.82,9.95650520467164e-07,1.0,False
13.83,9.857439330947042e-07,1.0,False
13.84,9.759357862584802e-07,1.0,False
13.85,9.662253961019652e-07,1.0,False
13.86,9.566121013310082e-07,1.0,False
13.870000000000001,9.470944723743922e-07,1.0,False
13.88,9.376715554782253e-07,1.0,False
13.89,9.283424058099867e-07,1.0,False
13.9,9.191060873245546e-07,1.0,False
13.91,9.099616726302262e-07,1.0,False
13.92,9.009082428547394e-07,1.0,False
13.93,8.919448875112939e-07,1.0,False
13.94,8.830707043645737e-07,1.0,False
13.950000000000001,8.742847992967658e-07,1.0,False
13.96,8.655862861735894e-07,1.0,False
13.97,8.569742867103071e-07,1.0,False
13.98,8.484479303377531e-07,1.0,False
13.99,8.400063540683535e-07,1.0,False
14.0,8.316487023621473e-07,1.0,False
14.01,8.233741269928082e-07,1.0,False
14.02,8.151817869136665e-07,1.0,False
14.030000000000001,8.070708481237288e-07,1.0,False
14.040000000000001,7.990404835337055e-07,1.0,False
14.05,7.910906281279e-07,1.0,False
14.06,7.832202846099601e-07,1.0,False
14.07,7.754282954049443e-07,1.0,False
14.08,7.677138785210484e-07,1.0,False
14.09,7.600762590720464e-07,1.0,False
14.1,7.525146691605464e-07,1.0,False
14.11,7.450283477612478e-07,1.0,False
14.120000000000001,7.37616540604196e-07,1.0,False
14.13,7.30278500058045e-07,1.0,False
14.14,7.230134850133056e-07,1.0,False
14.15,7.158207607656076e-07,1.0,False
14.16,7.086995988989547e-07,1.0,False
14.17,7.016492771689817e-07,1.0,False
14.18,6.946690793862108e-07,1.0,False
14.19,6.877582952993081e-07,1.0,False
14.200000000000001,6.809162204783393e-07,1.0,False
14.21,6.741421561980311e-07,1.0,False
14.22,6.674354093210203e-07,1.0,False
14.23,6.607952921811157e-07,1.0,False
14.24,6.542211224665534e-07,1.0,False
14.25,6.477122231032528e-07,1.0,False
14.26,6.412679221380745e-07,1.0,False
14.27,6.348875526220756e-07,1.0,False
14.280000000000001,6.28570452493766e-07,1.0,False
14.290000000000001,6.223174883584161e-07,1.0,False
14.3,6.161268953556236e-07,1.0,False
14.31,6.099979299642628e-07,1.0,False
14.32,6.039299750974475e-07,1.0,False
14.33,5.979224191861293e-07,1.0,False
14.34,5.919746560864505e-07,1.0,False
14.35,5.86086084987098e-07,1.0,False
14.36,5.802561103166559e-07,1.0,False
14.370000000000001,5.744841416509575e-07,1.0,False
14.38,5.687695936204435e-07,1.0,False
14.39,5.631118858175077e-07,1.0,False
14.4,5.575104427038555e-07,1.0,False
14.41,5.519646935178554e-07,1.0,False
14.42,5.46474072181892e-07,1.0,False
14.43,5.410380172097199e-07,1.0,False
14.44,5.35655971613816e-07,1.0,False
14.450000000000001,5.303273828127325e-07,1.0,False
14.46,5.250517025384533e-07,1.0,False
14.47,5.19828386743742e-07,1.0,False
14.48,5.146568955094982e-07,1.0,False
14.49,5.095366929521102e-07,1.0,False
14.5,5.044672471308084e-07,1.0,False
14.51,4.994480299550178e-07,1.0,False
14.52,4.944787915317011e-07,1.0,False
14.530000000000001,4.895600764276713e-07,1.0,False
14.540000000000001,4.846903070620755e-07,1.0,False
14.55,4.798689939513958e-07,1.0,False
14.56,4.750956521217612e-07,1.0,False
14.57,4.7036980103891064e-07,1.0,False
14.58,4.65690964538157e-07,1.0,False
14.59,4.610586707543512e-07,1.0,False
14.6,4.5647245205184594e-07,1.0,False
14.61,4.5193184495445977e-07,1.0,False
14.620000000000001,4.4743639007544016e-07,1.0,False
14.63,4.4298563204743094e-07,1.0,False
14.64,4.3857911945243114e-07,1.0,False
14.65,4.3421640475176224e-07,1.0,False
14.66,4.2989704421603144e-07,1.0,False
14.67,4.256205978550955e-07,1.0,False
14.68,4.213866293480248e-07,1.0,False
14.69,4.171947059730672e-07,1.0,False
14.700000000000001,4.1304439853761135e-07,1.0,False
14.71,4.0893528130815354e-07,1.0,False
14.72,4.0486693194025727e-07,1.0,False
14.73,4.0083893140852015e-07,1.0,False
14.74,3.9685086393653714e-07,1.0,False
14.75,3.9290231692686455e-07,1.0,False
14.76,3.8899334400663904e-07,1.0,False
14.77,3.8512376010023526e-07,1.0,False
14.780000000000001,3.812926715313241e-07,1.0,False
14.790000000000001,3.77499694341799e-07,1.0,False
14.8,3.7374444817036824e-07,1.0,False
14.81,3.7002655619790653e-07,1.0,False
14.82,3.6634564509280397e-07,1.0,False
14.83,3.6270134495631506e-07,1.0,False
14.84,3.590932892679077e-07,1.0,False
14.85,3.555211148306126e-07,1.0,False
14.86,3.5198446171637207e-07,1.0,False
14.870000000000001,3.4848297321138913e-07,1.0,False
14.88,3.450162957614786e-07,1.0,False
14.89,3.4158407891741296e-07,1.0,False
14.9,3.381859752802736e-07,1.0,False
14.91,3.348216404467999e-07,1.0,False
14.92,3.3149073295473787e-07,1.0,False
14.93,3.2819291422818947e-07,1.0,False
14.94,3.2492784852296207e-07,1.0,False
14.950000000000001,3.216952028719167e-07,1.0,False
14.96,3.184946470303195e-07,1.0,False
14.97,3.1532585342118777e-07,1.0,False
14.98,3.121884970806411e-07,1.0,False
14.99,3.090822556032501e-07,1.0,False
0.0,1.0,1.0,True
0.01,0.8233046498605555,1.0,True
0.02,0.7601172767664062,1.0,True
0.03,0.7140701158774555,1.0,True
0.04,0.6791276163140171,1.0,True
0.05,0.6492989537550382,1.0,True
0.06,0.6236355544166334,1.0,True
0.07,0.6009642450016388,1.0,True
0.08,0.5806750169209011,1.0,True
0.09,0.5622948239465322,1.0,True
0.1,0.5454951672173944,1.0,True
0.11,0.5300256246484204,1.0,True
0.12,0.5156939788826362,1.0,True
0.13,0.5023480006922473,1.0,True
0.14,0.4898651217109333,1.0,True
0.15,0.4781449344028991,1.0,True
0.16,0.46710405786250636,1.0,True
0.17,0.456672402041799,1.0,True
0.18,0.44679042684753667,1.0,True
0.19,0.4374070812407705,1.0,True
0.2,0.4284782302140542,1.0,True
0.21,0.41996543509782347,1.0,True
0.22,0.4118349953107588,1.0,True
0.23,0.4040571863122069,1.0,True
0.24,0.3966056469823427,1.0,True
0.25,0.3894568822261269,1.0,True
0.26,0.38258985548838315,1.0,True
0.27,0.3759856521477978,1.0,True
0.28,0.36962719936508565,1.0,True
0.29,0.36349903126214317,1.0,True
0.3,0.3575870908358824,1.0,True
0.31,0.3518785618450885,1.0,True
0.32,0.3463617253401356,1.0,True
0.33,0.34102583657990754,1.0,True
0.34,0.3358610189362625,1.0,True
0.35000000000000003,0.330858171999845,1.0,True
0.36,0.32600889166715136,1.0,True
0.37,0.32130540035667354,1.0,True
0.38,0.31674048583383263,1.0,True
0.39,0.31230744739786787,1.0,True
0.4,0.3080000483910522,1.0,True
0.41000000000000003,0.3038124741177686,1.0,True
0.42,0.2997392944848267,1.0,True
0.43,0.2957754307288944,1.0,True
0.44,0.2919161256608465,1.0,True
0.45,0.2881569170774633,1.0,True
0.46,0.2844936138000697,1.0,True
0.47000000000000003,0.2809222741808319,1.0,True
0.48,0.27743918671965884,1.0,True
0.49,0.2740408524664108,1.0,True
0.5,0.2707239691517614,1.0,True
0.51,0.2674854167439517,1.0,True
0.52,0.26432224434089047,1.0,True
0.53,0.2612316582072881,1.0,True
0.54,0.2582110108324291,1.0,True
0.55,0.2552577909903196,1.0,True
0.56,0.2523696145781203,1.0,True
0.5700000000000001,0.24954421622906212,1.0,True
0.58,0.2467794416286157,1.0,True
0.59,0.24407324043572382,1.0,True
0.6,0.24142365970243834,1.0,True
0.61,0.23882883788938974,1.0,True
0.62,0.23628699933151842,1.0,True
0.63,0.23379644905117997,1.0,True
0.64,0.23135556798085885,1.0,True
0.65,0.22896280860567636,1.0,True
0.66,0.22661669078072302,1.0,True
0.67,0.22431579800042636,1.0,True
0.68,0.22205877375885974,1.0,True
0.6900000000000001,0.21984431837672003,1.0,True
0.7000000000000001,0.21767118577865305,1.0,True
0.71,0.21553818073136116,1.0,True
0.72,0.21344415612370268,1.0,True
0.73,0.21138801043463978,1.0,True
0.74,0.2093686854021029,1.0,True
0.75,0.20738516381653435,1.0,True
0.76,0.20543646745007638,1.0,True
0.77,0.2035216552488828,1.0,True
0.78,0.2016398212982866,1.0,True
0.79,0.19979009322383778,1.0,True
0.8,0.19797163071966548,1.0,True
0.81,0.19618362371385636,1.0,True
0.8200000000000001,0.194425291316332,1.0,True
0.8300000000000001,0.19269588020023484,1.0,True
0.84,0.19099466346630534,1.0,True
0.85,0.18932093941235587,1.0,True
0.86,0.1876740304730946,1.0,True
0.87,0.1860532820378665,1.0,True
0.88,0.18445806150131383,1.0,True
0.89,0.18288775737997004,1.0,True
0.9,0.18134177824756403,1.0,True
0.91,0.1798195520737222,1.0,True
0.92,0.17832052525462305,1.0,True
0.93,0.17684416187611113,1.0,True
0.9400000000000001,0.17538994296042132,1.0,True
0.9500000000000001,0.17395736613598653,1.0,True
0.96,0.1725459443179788,1.0,True
0.97,0.17115520573163914,1.0,True
0.98,0.16978469272296312,1.0,True
0.99,0.16843396159957727,1.0,True
1.0,0.1671025819960128,1.0,True
1.01,0.16579013645206125,1.0,True
1.02,0.16449621970281014,1.0,True
1.03,0.16322043842580303,1.0,True
1.04,0.161962410614259,1.0,True
1.05,0.16072176525003135,1.0,True
1.06,0.1594981419322654,1.0,True
1.07,0.15829119038016934,1.0,True
1.08,0.15710057025254565,1.0,True
1.09,0.15592595049547364,1.0,True
1.1,0.1547670095558547,1.0,True
1.11,0.15362343411570503,1.0,True
1.12,0.15249491974999363,1.0,True
1.1300000000000001,0.15138117015475486,1.0,True
1.1400000000000001,0.1502818971384279,1.0,True
1.1500000000000001,0.14919681968210013,1.0,True
1.16,0.14812566478277225,1.0,True
1.17,0.14706816619327734,1.0,True
1.18,0.14602406431042186,1.0,True
1.19,0.1449931069010559,1.0,True
1.2,0.14397504760517651,1.0,True
1.21,0.142969646553171,1.0,True
1.22,0.14197667007482206,1.0,True
1.23,0.14099588998042345,1.0,True
1.24,0.14002708381321238,1.0,True
1.25,0.1390700349350166,1.0,True
1.26,0.13812453158716806,1.0,True
1.27,0.13719036765993875,1.0,True
1.28,0.13626734166737234,1.0,True
1.29,0.13535525683622485,1.0,True
1.3,0.13445392141234158,1.0,True
1.31,0.13356314809936387,1.0,True
1.32,0.13268275385892858,1.0,True
1.33,0.13181255965843763,1.0,True
1.34,0.1309523914205437,1.0,True
1.35,0.13010207870674725,1.0,True
1.36,0.12926145508185216,1.0,True
1.37,0.12843035692223265,1.0,True
1.3800000000000001,0.12760862577749268,1.0,True
1.3900000000000001,0.12679610595180674,1.0,True
1.4000000000000001,0.12599264567324198,1.0,True
1.41,0.12519809578612157,1.0,True
1.42,0.12441231117513395,1.0,True
1.43,0.12363514947629407,1.0,True
1.44,0.12286647174967388,1.0,True
1.45,0.12210614183263883,1.0,True
1.46,0.12135402635239027,1.0,True
1.47,0.12060999538358003,1.0,True
1.48,0.11987392103726563,1.0,True
1.49,0.11914567825320507,1.0,True
1.5,0.11842514549413133,1.0,True
1.51,0.11771220299674402,1.0,True
1.52,0.1170067333071277,1.0,True
1.53,0.11630862156324512,1.0,True
1.54,0.11561775576248484,1.0,True
1.55,0.11493402535872392,1.0,True
1.56,0.11425732316476703,1.0,True
1.57,0.11358754269990999,1.0,True
1.58,0.1129245814658424,1.0,True
1.59,0.11226833733787674,1.0,True
1.6,0.11161871059743027,1.0,True
1.61,0.11097560469656181,1.0,True
1.62,0.11033892331898272,1.0,True
1.6300000000000001,0.10970857264996839,1.0,True
1.6400000000000001,0.10908446151915331,1.0,True
1.6500000000000001,0.10846650029246481,1.0,True
1.6600000000000001,0.10785459940118612,1.0,True
1.67,0.10724867236090846,1.0,True
1.68,0.10664863474345793,1.0,True
1.69,0.1060544026464461,1.0,True
1.7,0.10546589469750034,1.0,True
1.71,0.10488303066358952,1.0,True
1.72,0.10430573162023804,1.0,True
1.73,0.10373391937862948,1.0,True
1.74,0.10316751986932901,1.0,True
1.75,0.10260645745227574,1.0,True
1.76,0.10205065873477988,1.0,True
1.77,0.10150005334770819,1.0,True
1.78,0.10095456895429795,1.0,True
1.79,0.10041413771779725,1.0,True
1.8,0.09987869156088902,1.0,True
1.81,0.09934816344664253,1.0,True
1.82,0.09882248731223595,1.0,True
1.83,0.09830159994206746,1.0,True
1.84,0.09778543768102843,1.0,True
1.85,0.0972739377379651,1.0,True
1.86,0.09676703935268793,1.0,True
1.87,0.09626468307783426,1.0,True
1.8800000000000001,0.09576680970155405,1.0,True
1.8900000000000001,0.09527336036352235,1.0,True
1.9000000000000001,0.09478427955458067,1.0,True
1.9100000000000001,0.09429951089165743,1.0,True
1.92,0.09381900003717802,1.0,True
1.93,0.09334269178606373,1.0,True
1.94,0.09287053111891096,1.0,True
1.95,0.0924024689729998,1.0,True
1.96,0.09193845469933981,1.0,True
1.97,0.09147843483100565,1.0,True
1.98,0.09102235911270769,1.0,True
1.99,0.0905701815503144,1.0,True
2.0,0.09012185311505573,1.0,True
2.0100000000000002,0.0896773245219935,1.0,True
2.02,0.08923655034532331,1.0,True
2.0300000000000002,0.08879948625075616,1.0,True
2.04,0.08836608736281804,1.0,True
2.05,0.08793630736704137,1.0,True
2.06,0.08751010370181546,1.0,True
2.07,0.08708743329669136,1.0,True
2.08,0.08666825395901917,1.0,True
2.09,0.08625252344416143,1.0,True
2.1,0.08584020253687089,1.0,True
2.11,0.08543124835931595,1.0,True
2.12,0.08502562347982011,1.0,True
2.13,0.08462328860093304,1.0,True
2.14,0.08422420527882653,1.0,True
2.15,0.08382833458505244,1.0,True
2.16,0.08343563940884123,1.0,True
2.17,0.08304608470612798,1.0,True
2.18,0.0826596339097307,1.0,True
2.19,0.08227624933661999,1.0,True
2.2,0.08189589794044519,1.0,True
2.21,0.08151854549248734,1.0,True
2.22,0.08114415704902432,1.0,True
2.23,0.08077269965653004,1.0,True
2.24,0.08040413984204328,1.0,True
2.25,0.0800384457997581,1.0,True
2.2600000000000002,0.07967558440633368,1.0,True
2.27,0.07931552556113988,1.0,True
2.2800000000000002,0.0789582369486619,1.0,True
2.29,0.07860368871242511,1.0,True
2.3000000000000003,0.07825185126989664,1.0,True
2.31,0.07790269262200533,1.0,True
2.32,0.07755618611656541,1.0,True
2.33,0.07721230438326807,1.0,True
2.34,0.07687101114518494,1.0,True
2.35,0.07653228708595403,1.0,True
2.36,0.07619609892272948,1.0,True
2.37,0.07586242158040378,1.0,True
2.38,0.07553122865264905,1.0,True
2.39,0.07520249272584525,1.0,True
2.4,0.07487618902176639,1.0,True
2.41,0.07455228735433513,1.0,True
2.42,0.07423076591164998,1.0,True
2.43,0.07391160155318434,1.0,True
2.44,0.07359477014309034,1.0,True
2.45,0.07328023958920893,1.0,True
2.46,0.07296799279356489,1.0,True
2.47,0.0726580054997987,1.0,True
2.48,0.0723502533451584,1.0,True
2.49,0.07204471283806808,1.0,True
2.5,0.07174135803390545,1.0,True
2.5100000000000002,0.07144017260670513,1.0,True
2.52,0.0711411305150663,1.0,True
2.5300000000000002,0.07084421014896083,1.0,True
2.54,0.07054939210071258,1.0,True
2.5500000000000003,0.07025665304426879,1.0,True
2.56,0.06996597625828302,1.0,True
2.57,0.06967733335451085,1.0,True
2.58,0.06939070993025008,1.0,True
2.59,0.06910608399186434,1.0,True
2.6,0.06882343592785298,1.0,True
2.61,0.06854274625970759,1.0,True
2.62,0.06826399442014497,1.0,True
2.63,0.06798716060688714,1.0,True
2.64,0.06771222813826318,1.0,True
2.65,0.06743917858579317,1.0,True
2.66,0.06716799091461424,1.0,True
2.67,0.06689865106079125,1.0,True
2.68,0.06663113913834122,1.0,True
2.69,0.066365437375442,1.0,True
2.7,0.06610152461331222,1.0,True
2.71,0.06583938849545798,1.0,True
2.72,0.06557900977665018,1.0,True
2.73,0.06532037284911353,1.0,True
2.74,0.0650634621231507,1.0,True
2.75,0.0648082595074315,1.0,True
2.7600000000000002,0.06455474830613173,1.0,True
2.77,0.06430291272133228,1.0,True
2.7800000000000002,0.06405273690350309,1.0,True
2.79,0.06380420591940521,1.0,True
2.8000000000000003,0.06355730450399255,1.0,True
2.81,0.06331201701397238,1.0,True
2.82,0.06306833105351073,1.0,True
2.83,0.06282622818073855,1.0,True
2.84,0.0625856927157752,1.0,True
2.85,0.062346712807775456,1.0,True
2.86,0.06210927398070786,1.0,True
2.87,0.06187336247282144,1.0,True
2.88,0.06163896328065408,1.0,True
2.89,0.06140606750549085,1.0,True
2.9,0.06117465319545764,1.0,True
2.91,0.06094470702736709,1.0,True
2.92,0.06071622338510815,1.0,True
2.93,0.06048918530181336,1.0,True
2.94,0.06026357919007311,1.0,True
2.95,0.06003939171695457,1.0,True
2.96,0.05981660882129956,1.0,True
2.97,0.05959522184564798,1.0,True
2.98,0.05937521192690332,1.0,True
2.99,0.05915657482379648,1.0,True
3.0,0.0589393004337071,1.0,True
3.0100000000000002,0.05872336868237694,1.0,True
3.02,0.05850876594403329,1.0,True
3.0300000000000002,0.05829548635585013,1.0,True
3.04,0.05808352273036524,1.0,True
3.0500000000000003,0.057872849164384885,1.0,True
3.06,0.05766346729470209,1.0,True
3.0700000000000003,0.05745536059820577,1.0,True
3.08,0.057248522268521146,1.0,True
3.09,0.05704293493493688,1.0,True
3.1,0.056838591436822704,1.0,True
3.11,0.056635482366442676,1.0,True
3.12,0.056433591737042085,1.0,True
3.13,0.05623291416559543,1.0,True
3.14,0.05603344342715845,1.0,True
3.15,0.0558351579965431,1.0,True
3.16,0.055638053703849964,1.0,True
3.17,0.05544212678387978,1.0,True
3.18,0.055247355242009896,1.0,True
3.19,0.055053737136054715,1.0,True
3.2,0.054861261150952904,1.0,True
3.21,0.05466991520464298,1.0,True
3.22,0.054479691151868154,1.0,True
3.23,0.05429058675317987,1.0,True
3.24,0.054102580266622145,1.0,True
3.25,0.05391567204801908,1.0,True
3.2600000000000002,0.05372985138485587,1.0,True
3.27,0.05354510679524198,1.0,True
3.2800000000000002,0.053361425975841585,1.0,True
3.29,0.0531788063833186,1.0,True
3.3000000000000003,0.05299724467173383,1.0,True
3.31,0.052816720848602706,1.0,True
3.3200000000000003,0.052637230876008516,1.0,True
3.33,0.05245876752295649,1.0,True
3.34,0.05228132205015858,1.0,True
3.35,0.05210488385887791,1.0,True
3.36,0.0519294498327004,1.0,True
3.37,0.05175500276740471,1.0,True
3.38,0.05158154133109523,1.0,True
3.39,0.0514090596218258,1.0,True
3.4,0.05123754442527576,1.0,True
3.41,0.05106698550078437,1.0,True
3.42,0.05089738794268493,1.0,True
3.43,0.050728736661989786,1.0,True
3.44,0.05056101793162386,1.0,True
3.45,0.05039424187521527,1.0,True
3.46,0.05022837526306252,1.0,True
3.47,0.05006343631698257,1.0,True
3.48,0.04989940684971952,1.0,True
3.49,0.04973627386894278,1.0,True
3.5,0.049574035673657965,1.0,True
3.5100000000000002,0.04941269789882514,1.0,True
3.52,0.04925223087857064,1.0,True
3.5300000000000002,0.049092635328699896,1.0,True
3.54,0.048933902057290736,1.0,True
3.5500000000000003,0.04877605161420926,1.0,True
3.56,0.04861903769384134,1.0,True
3.5700000000000003,0.04846287463780967,1.0,True
3.58,0.048307566006780524,1.0,True
3.59,0.04815307721452817,1.0,True
3.6,0.047999425122583046,1.0,True
3.61,0.047846597845514253,1.0,True
3.62,0.04769458923884098,1.0,True
3.63,0.047543385048716746,1.0,True
3.64,0.047392982487719844,1.0,True
3.65,0.047243384343112725,1.0,True
3.66,0.04709457467144289,1.0,True
3.67,0.04694655812200504,1.0,True
3.68,0.04679931190780263,1.0,True
3.69,0.046652847060856074,1.0,True
3.7,0.04650713817660596,1.0,True
3.71,0.04636220449271373,1.0,True
3.72,0.046218025980225265,1.0,True
3.73,0.04607460087098946,1.0,True
3.74,0.0459319156417444,1.0,True
3.75,0.045789987208645855,1.0,True
3.7600000000000002,0.04564879103050659,1.0,True
3.77,0.045508305208608414,1.0,True
3.7800000000000002,0.045368557509923975,1.0,True
3.79,0.04522953258892649,1.0,True
3.8000000000000003,0.04509120288466536,1.0,True
3.81,0.04495358457946056,1.0,True
3.8200000000000003,0.044816685821821245,1.0,True
3.83,0.044680479334415026,1.0,True
3.84,0.04454495342698795,1.0,True
3.85,0.044410136617643876,1.0,True
3.86,0.044276005831198076,1.0,True
3.87,0.04414254094802189,1.0,True
3.88,0.04400974923477314,1.0,True
3.89,0.043877638276054204,1.0,True
3.9,0.043746183444912635,1.0,True
3.91,0.0436153850627414,1.0,True
3.92,0.043485241285540994,1.0,True
3.93,0.043355760496056286,1.0,True
3.94,0.04322692089152017,1.0,True
3.95,0.0430987138219706,1.0,True
3.96,0.042971142264033375,1.0,True
3.97,0.04284420357331127,1.0,True
3.98,0.04271789795985917,1.0,True
3.99,0.04259222011480816,1.0,True
4.0,0.04246716337939703,1.0,True
4.01,0.042342711051622024,1.0,True
4.0200000000000005,0.04221887477401184,1.0,True
4.03,0.042095644369127626,1.0,True
4.04,0.04197302271969305,1.0,True
4.05,0.04185099368488118,1.0,True
4.0600000000000005,0.041729553546757,1.0,True
4.07,0.04160871351253333,1.0,True
4.08,0.04148846231348527,1.0,True
4.09,0.041368779551915334,1.0,True
4.1,0.041249674456542436,1.0,True
4.11,0.04113114105891724,1.0,True
4.12,0.041013178110099434,1.0,True
4.13,0.04089578704625118,1.0,True
4.14,0.04077895298980689,1.0,True
4.15,0.04066267562361588,1.0,True
4.16,0.040546962398014315,1.0,True
4.17,0.04043180226689787,1.0,True
4.18,0.04031718977210256,1.0,True
4.19,0.040203117507850675,1.0,True
4.2,0.04008959161842735,1.0,True
4.21,0.03997658848317543,1.0,True
4.22,0.03986411822075836,1.0,True
4.23,0.03975216448867708,1.0,True
4.24,0.039640765018152835,1.0,True
4.25,0.0395298760033463,1.0,True
4.26,0.03941950565228206,1.0,True
4.2700000000000005,0.03930965612387608,1.0,True
4.28,0.03920029629519779,1.0,True
4.29,0.03909145509035732,1.0,True
4.3,0.038983118363400994,1.0,True
4.3100000000000005,0.03887530111906295,1.0,True
4.32,0.03876797066989042,1.0,True
4.33,0.03866114463796869,1.0,True
4.34,0.038554806746848504,1.0,True
4.3500000000000005,0.03844895442398427,1.0,True
4.36,0.038343580314497555,1.0,True
4.37,0.03823870474137736,1.0,True
4.38,0.03813431365808077,1.0,True
4.39,0.03803038268241347,1.0,True
4.4,0.037926937784463204,1.0,True
4.41,0.03782394102015411,1.0,True
4.42,0.03772141086387907,1.0,True
4.43,0.03761936202431281,1.0,True
4.44,0.03751776575781373,1.0,True
4.45,0.03741662876609087,1.0,True
4.46,0.037315959724752094,1.0,True
4.47,0.03721574685369873,1.0,True
4.48,0.03711597921990772,1.0,True
4.49,0.037016656242833415,1.0,True
4.5,0.03691776513405747,1.0,True
4.51,0.03681932440744542,1.0,True
4.5200000000000005,0.0367213376058235,1.0,True
4.53,0.03662376569421433,1.0,True
4.54,0.036526631476948165,1.0,True
4.55,0.03642993831323107,1.0,True
4.5600000000000005,0.0363336559430016,1.0,True
4.57,0.036237794675887836,1.0,True
4.58,0.0361423658113894,1.0,True
4.59,0.03604735262053452,1.0,True
4.6000000000000005,0.03595277285444339,1.0,True
4.61,0.0358586016623018,1.0,True
4.62,0.03576484071898252,1.0,True
4.63,0.035671489194874194,1.0,True
4.64,0.03557854443834313,1.0,True
4.65,0.03548600242061564,1.0,True
4.66,0.035393861331653335,1.0,True
4.67,0.03530212208209965,1.0,True
4.68,0.035210772682026645,1.0,True
4.69,0.0351198039624484,1.0,True
4.7,0.03502925081844877,1.0,True
4.71,0.03493908274540231,1.0,True
4.72,0.034849304837251315,1.0,True
4.73,0.03475991801281253,1.0,True
4.74,0.03467091681099867,1.0,True
4.75,0.03458226351115538,1.0,True
4.76,0.034494024920645586,1.0,True
4.7700000000000005,0.03440616247003208,1.0,True
4.78,0.034318657600221354,1.0,True
4.79,0.03423152686596479,1.0,True
4.8,0.034144760168118495,1.0,True
4.8100000000000005,0.03405837171833469,1.0,True
4.82,0.03397233822422195,1.0,True
4.83,0.03388664922716851,1.0,True
4.84,0.03380135644696178,1.0,True
4.8500000000000005,0.03371642787344857,1.0,True
4.86,0.033631834432052365,1.0,True
4.87,0.03354759673023906,1.0,True
4.88,0.03346372994208891,1.0,True
4.89,0.033380184213611275,1.0,True
4.9,0.03329699543730992,1.0,True
4.91,0.03321415941450234,1.0,True
4.92,0.03313166124918656,1.0,True
4.93,0.033049483046076425,1.0,True
4.94,0.032967680844693786,1.0,True
4.95,0.03288619890188473,1.0,True
4.96,0.03280506971735175,1.0,True
4.97,0.03272425718056085,1.0,True
4.98,0.03264376138995527,1.0,True
4.99,0.03256362161766086,1.0,True
5.0,0.032483825780080085,1.0,True
5.01,0.0324043273391166,1.0,True
5.0200000000000005,0.03232514078295646,1.0,True
5.03,0.032246308992687024,1.0,True
5.04,0.03216779863275779,1.0,True
5.05,0.03208959258812012,1.0,True
5.0600000000000005,0.03201171770291758,1.0,True
5.07,0.03193416595791084,1.0,True
5.08,0.03185689696884293,1.0,True
5.09,0.03177994786352209,1.0,True
5.1000000000000005,0.03170338282992974,1.0,True
5.11,0.03162700641119919,1.0,True
5.12,0.0315509835288584,1.0,True
5.13,0.03147529038026723,1.0,True
5.14,0.031399850742152964,1.0,True
5.15,0.03132473753070563,1.0,True
5.16,0.03124991220848757,1.0,True
5.17,0.031175401829390596,1.0,True
5.18,0.031101206266580018,1.0,True
5.19,0.031027292068227682,1.0,True
5.2,0.030953672371786353,1.0,True
5.21,0.030880321933883622,1.0,True
5.22,0.03080729544102406,1.0,True
5.23,0.030734523137237596,1.0,True
5.24,0.030662062039821115,1.0,True
5.25,0.030589859075945292,1.0,True
5.26,0.030517955178186396,1.0,True
5.2700000000000005,0.030446345537223172,1.0,True
5.28,0.03037497045793434,1.0,True
5.29,0.03030389353604807,1.0,True
5.3,0.03023308976563287,1.0,True
5.3100000000000005,0.030162577169643524,1.0,True
5.32,0.03009237827495158,1.0,True
5.33,0.030022405331360837,1.0,True
5.34,0.02995270602436177,1.0,True
5.3500000000000005,0.02988330161998991,1.0,True
5.36,0.0298141484017853,1.0,True
5.37,0.02974525340667036,1.0,True
5.38,0.029676635701963366,1.0,True
5.39,0.029608288509693832,1.0,True
5.4,0.02954022479264874,1.0,True
5.41,0.029472367349394915,1.0,True
5.42,0.0294047849033601,1.0,True
5.43,0.029337473707730193,1.0,True
5.44,0.02927042315190727,1.0,True
5.45,0.029203585935697503,1.0,True
5.46,0.02913704745619785,1.0,True
5.47,0.029070745095060278,1.0,True
5.48,0.02900472159624204,1.0,True
5.49,0.028938908794650962,1.0,True
5.5,0.02887336997090115,1.0,True
5.51,0.028808094090645046,1.0,True
5.5200000000000005,0.028743026205600628,1.0,True
5.53,0.028678233377052175,1.0,True
5.54,0.028613668224051533,1.0,True
5.55,0.02854932836201584,1.0,True
5.5600000000000005,0.028485236593111855,1.0,True
5.57,0.028421375073372224,1.0,True
5.58,0.028357757923354692,1.0,True
5.59,0.028294376967814523,1.0,True
5.6000000000000005,0.02823126577650706,1.0,True
5.61,0.02816839322443095,1.0,True
5.62,0.0281057671806565,1.0,True
5.63,0.028043306156800514,1.0,True
5.64,0.027981138390247,1.0,True
5.65,0.027919188198210737,1.0,True
5.66,0.027857465037120686,1.0,True
5.67,0.027795974041197206,1.0,True
5.68,0.027734668768400823,1.0,True
5.69,0.02767360972993446,1.0,True
5.7,0.027612781711422014,1.0,True
5.71,0.02755217384228858,1.0,True
5.72,0.027491776963062133,1.0,True
5.73,0.02743161353330038,1.0,True
5.74,0.027371666450822583,1.0,True
5.75,0.02731191859944823,1.0,True
5.76,0.027252366490715118,1.0,True
5.7700000000000005,0.02719306252930142,1.0,True
5.78,0.02713398947460257,1.0,True
5.79,0.02707509202642621,1.0,True
5.8,0.027016432401189814,1.0,True
5.8100000000000005,0.026957953673449973,1.0,True
5.82,0.02689974714946119,1.0,True
5.83,0.026841758857119067,1.0,True
5.84,0.0267839381333984,1.0,True
5.8500000000000005,0.026726318037999658,1.0,True
5.86,0.026668925539397915,1.0,True
5.87,0.02661171878587247,1.0,True
5.88,0.02655472635115116,1.0,True
5.89,0.02649795693098439,1.0,True
5.9,0.026441383658570138,1.0,True
5.91,0.026384983281406902,1.0,True
5.92,0.02632883148269932,1.0,True
5.93,0.02627282871150625,1.0,True
5.94,0.026217029480866023,1.0,True
5.95,0.026161426388125776,1.0,True
5.96,0.02610601638004678,1.0,True
5.97,0.02605081884651888,1.0,True
5.98,0.02599583538980179,1.0,True
5.99,0.025941020505219025,1.0,True
6.0,0.02588638475627753,1.0,True
6.01,0.025831931866241647,1.0,True
6.0200000000000005,0.025777710230940325,1.0,True
6.03,0.025723683555392535,1.0,True
6.04,0.025669805681131655,1.0,True
6.05,0.025616101885491377,1.0,True
6.0600000000000005,0.025562627796219733,1.0,True
6.07,0.02550934334144206,1.0,True
6.08,0.02545621493535441,1.0,True
6.09,0.02540326874801001,1.0,True
6.1000000000000005,0.025350510210565412,1.0,True
6.11,0.025297976346235627,1.0,True
6.12,0.025245633850961128,1.0,True
6.13,0.02519343907996746,1.0,True
6.140000000000001,0.02514142702061862,1.0,True
6.15,0.02508956455333772,1.0,True
6.16,0.025037932079084023,1.0,True
6.17,0.024986477360412006,1.0,True
6.18,0.024935148534264095,1.0,True
6.19,0.024884011923276644,1.0,True
6.2,0.024833102111523776,1.0,True
6.21,0.024782235442423715,1.0,True
6.22,0.024731608925427005,1.0,True
6.23,0.02468119065741733,1.0,True
6.24,0.024630867994204463,1.0,True
6.25,0.0245807956863704,1.0,True
6.26,0.02453091959929912,1.0,True
6.2700000000000005,0.0244811772140193,1.0,True
6.28,0.024431546273679747,1.0,True
6.29,0.02438212850745872,1.0,True
6.3,0.024332859901906697,1.0,True
6.3100000000000005,0.024283718575421453,1.0,True
6.32,0.0242348239532334,1.0,True
6.33,0.024186083755473185,1.0,True
6.34,0.02413743268111606,1.0,True
6.3500000000000005,0.024089035628154336,1.0,True
6.36,0.024040664306408707,1.0,True
6.37,0.023992601599660636,1.0,True
6.38,0.023944684515999192,1.0,True
6.390000000000001,0.023896868388551918,1.0,True
6.4,0.023849219454330203,1.0,True
6.41,0.02380177360401196,1.0,True
6.42,0.02375447631745817,1.0,True
6.43,0.023707335992181302,1.0,True
6.44,0.023660329885467846,1.0,True
6.45,0.02361347150854996,1.0,True
6.46,0.023566768484620554,1.0,True
6.47,0.023520184536265105,1.0,True
6.48,0.023473852379941318,1.0,True
6.49,0.023427593942707024,1.0,True
6.5,0.02338148657044582,1.0,True
6.51,0.023335611502483082,1.0,True
6.5200000000000005,0.02328983119074901,1.0,True
6.53,0.023244176018764724,1.0,True
6.54,0.023198677766537314,1.0,True
6.55,0.023153378734337222,1.0,True
6.5600000000000005,0.023108127934228485,1.0,True
6.57,0.023063059953429207,1.0,True
6.58,0.023018197310109616,1.0,True
6.59,0.02297348158768265,1.0,True
6.6000000000000005,0.022928788737998546,1.0,True
6.61,0.02288426256978527,1.0,True
6.62,0.02283998898155907,1.0,True
6.63,0.02279577618276297,1.0,True
6.640000000000001,0.022751751158730214,1.0,True
6.65,0.022707845163099896,1.0,True
6.66,0.022664081006072666,1.0,True
6.67,0.022620513536663663,1.0,True
6.68,0.02257701573151484,1.0,True
6.69,0.0225336279493247,1.0,True
6.7,0.0224905009172716,1.0,True
6.71,0.022447353003927785,1.0,True
6.72,0.022404446308070824,1.0,True
6.73,0.02236169695366808,1.0,True
6.74,0.02231900531257426,1.0,True
6.75,0.02227650693585555,1.0,True
6.76,0.022234159806602576,1.0,True
6.7700000000000005,0.022191860958949525,1.0,True
6.78,0.02214975142771112,1.0,True
6.79,0.022107746410733486,1.0,True
6.8,0.0220659630312519,1.0,True
6.8100000000000005,0.022024234840329386,1.0,True
6.82,0.02198267081568612,1.0,True
6.83,0.021941306385700993,1.0,True
6.84,0.0218999836431086,1.0,True
6.8500000000000005,0.021858813073194105,1.0,True
6.86,0.021817661670551932,1.0,True
6.87,0.02177674582182074,1.0,True
6.88,0.021735879719067826,1.0,True
6.890000000000001,0.02169526993720221,1.0,True
6.9,0.021654744148893186,1.0,True
6.91,0.02161429984217051,1.0,True
6.92,0.02157402725295276,1.0,True
6.93,0.021533895655407073,1.0,True
6.94,0.021493794206153004,1.0,True
6.95,0.02145383938621814,1.0,True
6.96,0.021414062925556046,1.0,True
6.97,0.021374341914773252,1.0,True
6.98,0.021334797575220357,1.0,True
6.99,0.021295358935640944,1.0,True
7.0,0.021256067248715035,1.0,True
7.01,0.0212168360470501,1.0,True
7.0200000000000005,0.021177770397004823,1.0,True
7.03,0.021138806958294506,1.0,True
7.04,0.02109991990156086,1.0,True
7.05,0.02106122226830831,1.0,True
7.0600000000000005,0.021022647674796557,1.0,True
7.07,0.020984137391827206,1.0,True
7.08,0.020945749265136367,1.0,True
7.09,0.020907431918663816,1.0,True
7.1000000000000005,0.020869376322415756,1.0,True
7.11,0.020831369766213678,1.0,True
7.12,0.020793531822298723,1.0,True
7.13,0.020755729336757404,1.0,True
7.140000000000001,0.0207180646657948,1.0,True
7.15,0.020680446749763607,1.0,True
7.16,0.020642997364071273,1.0,True
7.17,0.020605647892352648,1.0,True
7.18,0.02056848459872796,1.0,True
7.19,0.020531342854136467,1.0,True
7.2,0.02049432514441136,1.0,True
7.21,0.02045744266767016,1.0,True
7.22,0.020420664958138688,1.0,True
7.23,0.020384036261863577,1.0,True
7.24,0.020347525975705768,1.0,True
7.25,0.020311118173440848,1.0,True
7.26,0.02027485237331432,1.0,True
7.2700000000000005,0.020238576378124675,1.0,True
7.28,0.02020242256631895,1.0,True
7.29,0.020166397388165728,1.0,True
7.3,0.020130552445743976,1.0,True
7.3100000000000005,0.020094715225866294,1.0,True
7.32,0.020059005100724538,1.0,True
7.33,0.020023478463670523,1.0,True
7.34,0.019988065105295418,1.0,True
7.3500000000000005,0.01995263631262732,1.0,True
7.36,0.01991736374242914,1.0,True
7.37,0.01988217335226983,1.0,True
7.38,0.019847067702695672,1.0,True
7.390000000000001,0.019812076980765776,1.0,True
7.4,0.019777265185694132,1.0,True
7.41,0.019742465702273015,1.0,True
7.42,0.01970787488009173,1.0,True
7.43,0.019673276587782777,1.0,True
7.44,0.01963880245764475,1.0,True
7.45,0.01960454488414102,1.0,True
7.46,0.019570280560487468,1.0,True
7.47,0.019536060060227477,1.0,True
7.48,0.019502070292905557,1.0,True
7.49,0.019468069821760126,1.0,True
7.5,0.019434137245156188,1.0,True
7.51,0.01940043830582525,1.0,True
7.5200000000000005,0.019366763439015083,1.0,True
7.53,0.01933335553280071,1.0,True
7.54,0.01929989145881451,1.0,True
7.55,0.019266528091356865,1.0,True
7.5600000000000005,0.019233383405325075,1.0,True
7.57,0.019200121502410007,1.0,True
7.58,0.019167152240351332,1.0,True
7.59,0.01913404516735777,1.0,True
7.6000000000000005,0.019101030475980156,1.0,True
7.61,0.019068369866558812,1.0,True
7.62,0.019035654661223013,1.0,True
7.63,0.019002930888862776,1.0,True
7.640000000000001,0.01897030582896539,1.0,True
7.65,0.018937922099240664,1.0,True
7.66,0.018905758875076013,1.0,True
7.67,0.018873501957691524,1.0,True
7.68,0.01884134746273591,1.0,True
7.69,0.018809299422978144,1.0,True
7.7,0.01877735580411727,1.0,True
7.71,0.01874538188809167,1.0,True
7.72,0.018713439856349965,1.0,True
7.73,0.01868170121046218,1.0,True
7.74,0.01865008384159724,1.0,True
7.75,0.018618513224370754,1.0,True
7.76,0.018587227686209806,1.0,True
7.7700000000000005,0.01855570634162511,1.0,True
7.78,0.0185245769749535,1.0,True
7.79,0.018493402830146707,1.0,True
7.8,0.018462273390850017,1.0,True
7.8100000000000005,0.018431243847859442,1.0,True
7.82,0.018400432971659133,1.0,True
7.83,0.01836963306898373,1.0,True
7.84,0.01833888538506735,1.0,True
7.8500000000000005,0.01830812924374604,1.0,True
7.86,0.01827757985823812,1.0,True
7.87,0.01824720297697889,1.0,True
7.88,0.018216790620342857,1.0,True
7.890000000000001,0.01818633753315685,1.0,True
7.9,0.01815621651534832,1.0,True
7.91,0.01812597720871942,1.0,True
7.92,0.018095972886820844,1.0,True
7.930000000000001,0.018065908588131563,1.0,True
7.94,0.018036012803123544,1.0,True
7.95,0.018006153019657162,1.0,True
7.96,0.01797639463554512,1.0,True
7.97,0.01794675799033824,1.0,True
7.98,0.017917205657574268,1.0,True
7.99,0.01788764290988344,1.0,True
8.0,0.01785836904308738,1.0,True
8.01,0.017829196965388466,1.0,True
8.02,0.017799846002551516,1.0,True
8.03,0.017770809482316522,1.0,True
8.040000000000001,0.017741853776786012,1.0,True
8.05,0.017712637005356663,1.0,True
8.06,0.017683862961772327,1.0,True
8.07,0.017654967692563382,1.0,True
8.08,0.017626112669585983,1.0,True
8.09,0.017597397687425975,1.0,True
8.1,0.017568867938382204,1.0,True
8.11,0.01754032571616668,1.0,True
8.120000000000001,0.017511805519013796,1.0,True
8.13,0.017483413035401216,1.0,True
8.14,0.017455107569303085,1.0,True
8.15,0.017426919381261896,1.0,True
8.16,0.0173988435951623,1.0,True
8.17,0.017370674289984345,1.0,True
8.18,0.017342754400816368,1.0,True
8.19,0.017314939384101537,1.0,True
8.2,0.017286854805885796,1.0,True
8.21,0.017259014715510338,1.0,True
8.22,0.017231263776783596,1.0,True
8.23,0.017203713590063018,1.0,True
8.24,0.017176295446816637,1.0,True
8.25,0.01714878838436084,1.0,True
8.26,0.017121342836816093,1.0,True
8.27,0.017093911563174774,1.0,True
8.28,0.017066609900125537,1.0,True
8.290000000000001,0.017039423816831108,1.0,True
8.3,0.017012371417535147,1.0,True
8.31,0.01698521175646455,1.0,True
8.32,0.01695822079407417,1.0,True
8.33,0.016931314542468774,1.0,True
8.34,0.016904530479883537,1.0,True
8.35,0.01687778687639153,1.0,True
8.36,0.016851011754422548,1.0,True
8.370000000000001,0.016824402684339455,1.0,True
8.38,0.016797855101359123,1.0,True
8.39,0.01677127248512181,1.0,True
8.4,0.01674475751739694,1.0,True
8.41,0.016718358244967653,1.0,True
8.42,0.016692003741740312,1.0,True
8.43,0.01666595016067931,1.0,True
8.44,0.016639844300731864,1.0,True
8.45,0.016613774345823593,1.0,True
8.46,0.016587737440708242,1.0,True
8.47,0.016561862305076443,1.0,True
8.48,0.0165360994424598,1.0,True
8.49,0.016510202948569263,1.0,True
8.5,0.016484472553795104,1.0,True
8.51,0.016458838458575542,1.0,True
8.52,0.016433222882440687,1.0,True
8.53,0.016407617008928264,1.0,True
8.540000000000001,0.016382113851940175,1.0,True
8.55,0.01635683091583163,1.0,True
8.56,0.016331440931244858,1.0,True
8.57,0.01630606197754855,1.0,True
8.58,0.0162807945489663,1.0,True
8.59,0.01625556241766246,1.0,True
8.6,0.016230514683308307,1.0,True
8.61,0.016205553590963373,1.0,True
8.620000000000001,0.01618054858696502,1.0,True
8.63,0.016155499435202118,1.0,True
8.64,0.01613072780272398,1.0,True
8.65,0.01610609675534585,1.0,True
8.66,0.01608147652032625,1.0,True
8.67,0.01605669736152794,1.0,True
8.68,0.016032049849266847,1.0,True
8.69,0.016007637435593657,1.0,True
8.700000000000001,0.015983239410152224,1.0,True
8.71,0.01595872609589783,1.0,True
8.72,0.01593440205299095,1.0,True
8.73,0.01591016192219167,1.0,True
8.74,0.015885874765781873,1.0,True
8.75,0.01586171222925595,1.0,True
8.76,0.015837671419460735,1.0,True
8.77,0.015813757438626164,1.0,True
8.78,0.01578974118597743,1.0,True
8.790000000000001,0.015765691057505894,1.0,True
8.8,0.015741983879808064,1.0,True
8.81,0.01571826977119549,1.0,True
8.82,0.01569446029561929,1.0,True
8.83,0.01567080074193116,1.0,True
8.84,0.015647371248801254,1.0,True
8.85,0.01562387396066789,1.0,True
8.86,0.015600366990945549,1.0,True
8.870000000000001,0.01557684446502629,1.0,True
8.88,0.015553514114704332,1.0,True
8.89,0.01553030325350607,1.0,True
8.9,0.015506919978683595,1.0,True
8.91,0.015483721741956207,1.0,True
8.92,0.015460581164727993,1.0,True
8.93,0.015437543166942524,1.0,True
8.94,0.0154145805421645,1.0,True
8.950000000000001,0.015391668092213437,1.0,True
8.96,0.015368805980741274,1.0,True
8.97,0.015345971793135118,1.0,True
8.98,0.015323115110573647,1.0,True
8.99,0.015300358039073392,1.0,True
9.0,0.015277671926044628,1.0,True
9.01,0.015255036603348019,1.0,True
9.02,0.015232497134505828,1.0,True
9.03,0.015209825982613173,1.0,True
9.040000000000001,0.015187310652121006,1.0,True
9.05,0.015165098260338634,1.0,True
9.06,0.015142765595335457,1.0,True
9.07,0.015120485641861551,1.0,True
9.08,0.01509838004371928,1.0,True
9.09,0.01507616873851876,1.0,True
9.1,0.015053866883092803,1.0,True
9.11,0.015031946601067535,1.0,True
9.120000000000001,0.015010110295896422,1.0,True
9.13,0.014988124893551934,1.0,True
9.14,0.01496625204817785,1.0,True
9.15,0.01494434198823452,1.0,True
9.16,0.014922612497186365,1.0,True
9.17,0.014900857731775121,1.0,True
9.18,0.014878927936017744,1.0,True
9.19,0.014857351805020262,1.0,True
9.200000000000001,0.014835660755357569,1.0,True
9.21,0.014814133465921886,1.0,True
9.22,0.014792671446397994,1.0,True
9.23,0.014771260326959645,1.0,True
9.24,0.014749705189927418,1.0,True
9.25,0.01472846014059491,1.0,True
9.26,0.014707264923475679,1.0,True
9.27,0.01468601416382778,1.0,True
9.28,0.014664687319457272,1.0,True
9.290000000000001,0.014643696827655107,1.0,True
9.3,0.014622908986826624,1.0,True
9.31,0.01460164860232684,1.0,True
9.32,0.014580770630629673,1.0,True
9.33,0.014559560301581514,1.0,True
9.34,0.014539122374144394,1.0,True
9.35,0.014518074902474658,1.0,True
9.36,0.014497346335014743,1.0,True
9.370000000000001,0.014476676781358288,1.0,True
9.38,0.014455879090156405,1.0,True
9.39,0.01443516425757023,1.0,True
9.4,0.014414477768519654,1.0,True
9.41,0.014394250984699099,1.0,True
9.42,0.014373678705159062,1.0,True
9.43,0.014353288098912242,1.0,True
9.44,0.014332771830083553,1.0,True
9.450000000000001,0.014312480232000425,1.0,True
9.46,0.01429210235885395,1.0,True
9.47,0.014271363547173458,1.0,True
9.48,0.014251489968355143,1.0,True
9.49,0.01423121328716675,1.0,True
9.5,0.014211338590980284,1.0,True
9.51,0.014191086989572216,1.0,True
9.52,0.014171071142814512,1.0,True
9.53,0.0141514374418045,1.0,True
9.540000000000001,0.014131645957705356,1.0,True
9.55,0.014111945924067866,1.0,True
9.56,0.014091966968784895,1.0,True
9.57,0.014072325732405442,1.0,True
9.58,0.01405222011341316,1.0,True
9.59,0.01403269586497674,1.0,True
9.6,0.014013153500757027,1.0,True
9.61,0.01399363189702721,1.0,True
9.620000000000001,0.013973879430574798,1.0,True
9.63,0.013954485465039069,1.0,True
9.64,0.013935087844750655,1.0,True
9.65,0.013915715806958853,1.0,True
9.66,0.013896073841956465,1.0,True
9.67,0.013876944391149308,1.0,True
9.68,0.013857547284934067,1.0,True
9.69,0.0138381155489804,1.0,True
9.700000000000001,0.013819111541413177,1.0,True
9.71,0.013799740882651906,1.0,True
9.72,0.013780838143913985,1.0,True
9.73,0.013762157660289865,1.0,True
9.74,0.013742661773247561,1.0,True
9.75,0.013723745205432042,1.0,True
9.76,0.013704996679379433,1.0,True
9.77,0.013685920514785375,1.0,True
9.78,0.013666947664747789,1.0,True
9.790000000000001,0.013648289558536279,1.0,True
9.8,0.013629420751259098,1.0,True
9.81,0.013610746817892832,1.0,True
9.82,0.01359247783926001,1.0,True
9.83,0.01357371266594101,1.0,True
9.84,0.013554814309455132,1.0,True
9.85,0.013536668532796241,1.0,True
9.86,0.013518198678799987,1.0,True
9.870000000000001,0.013499753303596092,1.0,True
9.88,0.013481322768468973,1.0,True
9.89,0.013462817862519448,1.0,True
9.9,0.01344462877042932,1.0,True
9.91,0.013426298635623677,1.0,True
9.92,0.01340791647421769,1.0,True
9.93,0.013389710024963962,1.0,True
9.94,0.013371619971470737,1.0,True
9.950000000000001,0.013353578223441423,1.0,True
9.96,0.01333521544321449,1.0,True
9.97,0.013317145615078373,1.0,True
9.98,0.013299413110886922,1.0,True
9.99,0.013281487541979217,1.0,True
10.0,0.013263644703008545,1.0,True
10.01,0.013245706300144738,1.0,True
10.02,0.013227813465365695,1.0,True
10.03,0.01320998630657474,1.0,True
10.040000000000001,0.013192239410077623,1.0,True
10.05,0.013174650777925128,1.0,True
10.06,0.013156795170404528,1.0,True
10.07,0.01313905242105948,1.0,True
10.08,0.013121809777242087,1.0,True
10.09,0.013104275239421639,1.0,True
10.1,0.01308645477337237,1.0,True
10.11,0.013069040917531843,1.0,True
10.120000000000001,0.013051630131720398,1.0,True
10.13,0.013034420397202623,1.0,True
10.14,0.01301719949312146,1.0,True
10.15,0.012999603625507686,1.0,True
10.16,0.012982280089539413,1.0,True
10.17,0.012965027462949526,1.0,True
10.18,0.012947905922060396,1.0,True
10.19,0.0129309666128057,1.0,True
10.200000000000001,0.012913901145613759,1.0,True
10.21,0.012896713137019898,1.0,True
10.22,0.012879633114539523,1.0,True
10.23,0.012862434572911531,1.0,True
10.24,0.012845609429386458,1.0,True
10.25,0.012828663380556304,1.0,True
10.26,0.012811587103200366,1.0,True
10.27,0.012794788094645404,1.0,True
10.28,0.012777742926175789,1.0,True
10.290000000000001,0.012760837451711757,1.0,True
10.3,0.012744175471703064,1.0,True
10.31,0.012727665269364833,1.0,True
10.32,0.012710892009471128,1.0,True
10.33,0.012693931369272608,1.0,True
10.34,0.012677512753312095,1.0,True
10.35,0.012660924835733247,1.0,True
10.36,0.012644015397187092,1.0,True
10.370000000000001,0.012627792025973824,1.0,True
10.38,0.012611399226094616,1.0,True
10.39,0.012595018827987072,1.0,True
10.4,0.01257859406029015,1.0,True
10.41,0.012562438587941156,1.0,True
10.42,0.012546056395648963,1.0,True
10.43,0.012529746324207272,1.0,True
10.44,0.012513551601796987,1.0,True
10.450000000000001,0.012496935018029494,1.0,True
10.46,0.012480565964441715,1.0,True
10.47,0.012464635412813833,1.0,True
10.48,0.012448708296202184,1.0,True
10.49,0.012432533466830683,1.0,True
10.5,0.012416326279859738,1.0,True
10.51,0.012400194799147607,1.0,True
10.52,0.012384122293829644,1.0,True
10.53,0.012367983791947394,1.0,True
10.540000000000001,0.012352355757462526,1.0,True
10.55,0.012336340782098616,1.0,True
10.56,0.012320387882681368,1.0,True
10.57,0.012304402271807038,1.0,True
10.58,0.012288789567096992,1.0,True
10.59,0.012272853889566478,1.0,True
10.6,0.012257075798894557,1.0,True
10.61,0.012241182556965588,1.0,True
10.620000000000001,0.012225717367468277,1.0,True
10.63,0.012210315439468874,1.0,True
10.64,0.012194551231178552,1.0,True
10.65,0.012179075080966056,1.0,True
10.66,0.012163825380840616,1.0,True
10.67,0.012148360603583043,1.0,True
10.68,0.012132864557755921,1.0,True
10.69,0.012117471252966899,1.0,True
10.700000000000001,0.012102256262911377,1.0,True
10.71,0.012086828249448704,1.0,True
10.72,0.012071535417969462,1.0,True
10.73,0.012056338821239803,1.0,True
10.74,0.012041084027940586,1.0,True
10.75,0.012025654838550684,1.0,True
10.76,0.012010421301348106,1.0,True
10.77,0.011995466385827868,1.0,True
10.78,0.011980063735762752,1.0,True
10.790000000000001,0.011964877166015516,1.0,True
10.8,0.01195016102834225,1.0,True
10.81,0.011935125590043063,1.0,True
10.82,0.011920056022223919,1.0,True
10.83,0.011904989369175849,1.0,True
10.84,0.011890381063531793,1.0,True
10.85,0.011875597949818847,1.0,True
10.86,0.011860700606645107,1.0,True
10.870000000000001,0.011845832738491824,1.0,True
10.88,0.011831321467089088,1.0,True
10.89,0.011816402763230276,1.0,True
10.9,0.011801713087231033,1.0,True
10.91,0.011787172806169836,1.0,True
10.92,0.011772428892056758,1.0,True
10.93,0.011758003881754912,1.0,True
10.94,0.011743527860419455,1.0,True
10.950000000000001,0.011728696838937057,1.0,True
10.96,0.01171379688744432,1.0,True
10.97,0.011699296930990272,1.0,True
10.98,0.011684783541729324,1.0,True
10.99,0.01167022337501616,1.0,True
11.0,0.01165593098278856,1.0,True
11.01,0.011641547870716988,1.0,True
11.02,0.011626854123908448,1.0,True
11.03,0.011612313400487215,1.0,True
11.040000000000001,0.011598222855117536,1.0,True
11.05,0.011583931050525515,1.0,True
11.06,0.011569508780757517,1.0,True
11.07,0.0115554452672305,1.0,True
11.08,0.011541643766570728,1.0,True
11.09,0.011527220159178005,1.0,True
11.1,0.011512710076132552,1.0,True
11.11,0.011498696469515473,1.0,True
11.120000000000001,0.011485032673040341,1.0,True
11.13,0.011470753587421544,1.0,True
11.14,0.011456606880319182,1.0,True
11.15,0.011442654466529917,1.0,True
11.16,0.011428297159733421,1.0,True
11.17,0.01141403016183123,1.0,True
11.18,0.011399926456577976,1.0,True
11.19,0.011385922448342927,1.0,True
11.200000000000001,0.0113731143375131,1.0,True
11.21,0.011359041114766396,1.0,True
11.22,0.011345095874062086,1.0,True
11.23,0.011331726216426722,1.0,True
11.24,0.01131820340920906,1.0,True
11.25,0.011303953635649091,1.0,True
11.26,0.011290513159435231,1.0,True
11.27,0.011276887339688284,1.0,True
11.28,0.011263190040768865,1.0,True
11.290000000000001,0.011249714225807958,1.0,True
11.3,0.011236105192561662,1.0,True
11.31,0.011223202876300735,1.0,True
11.32,0.011209991947576717,1.0,True
11.33,0.01119608323459541,1.0,True
11.34,0.011182263667885516,1.0,True
11.35,0.011168418637093693,1.0,True
11.36,0.011154495909351643,1.0,True
11.370000000000001,0.011141393260919187,1.0,True
11.38,0.011128100978305818,1.0,True
11.39,0.0111145146277334,1.0,True
11.4,0.011101220548191343,1.0,True
11.41,0.011088308023606889,1.0,True
11.42,0.011075061159051417,1.0,True
11.43,0.011061577366984253,1.0,True
11.44,0.01104886191944099,1.0,True
11.450000000000001,0.01103564467584089,1.0,True
11.46,0.011022351817671147,1.0,True
11.47,0.011009227248811159,1.0,True
11.48,0.01099638519844836,1.0,True
11.49,0.010983325861394522,1.0,True
11.5,0.010970427883977469,1.0,True
11.51,0.01095752142112472,1.0,True
11.52,0.010944571950715918,1.0,True
11.53,0.010931328306126501,1.0,True
11.540000000000001,0.010918394147835441,1.0,True
11.55,0.010905212286574817,1.0,True
11.56,0.010892111877923756,1.0,True
11.57,0.010879489583633748,1.0,True
11.58,0.010866260890733188,1.0,True
11.59,0.010853664081170316,1.0,True
11.6,0.010841373841846965,1.0,True
11.61,0.01082853169441233,1.0,True
11.620000000000001,0.010815716299218802,1.0,True
11.63,0.01080344697529416,1.0,True
11.64,0.010790565318844824,1.0,True
11.65,0.010777674546824271,1.0,True
11.66,0.0107652342149824,1.0,True
11.67,0.010752644670799182,1.0,True
11.68,0.010739744598956909,1.0,True
11.69,0.01072721667463774,1.0,True
11.700000000000001,0.010714922622590661,1.0,True
11.71,0.01070175593147737,1.0,True
11.72,0.010688987124744559,1.0,True
11.73,0.010676185987441543,1.0,True
11.74,0.01066422211869979,1.0,True
11.75,0.0106514643368697,1.0,True
11.76,0.010638574100743611,1.0,True
11.77,0.010626356790170184,1.0,True
11.78,0.010614040932857683,1.0,True
11.790000000000001,0.010601688743076036,1.0,True
11.8,0.01058976176041957,1.0,True
11.81,0.010577749356338513,1.0,True
11.82,0.010565499440321712,1.0,True
11.83,0.010553283503037057,1.0,True
11.84,0.010541167753245028,1.0,True
11.85,0.01052832950037259,1.0,True
11.86,0.01051612485858608,1.0,True
11.870000000000001,0.010504039728816944,1.0,True
11.88,0.01049231019803865,1.0,True
11.89,0.010480003338281715,1.0,True
11.9,0.010467689716743457,1.0,True
11.91,0.010455918797273056,1.0,True
11.92,0.010443698604265961,1.0,True
11.93,0.0104315185005669,1.0,True
11.94,0.010419981191537902,1.0,True
11.950000000000001,0.010407958971308192,1.0,True
11.96,0.010395550284117703,1.0,True
11.97,0.010383235834527268,1.0,True
11.98,0.010371998147031613,1.0,True
11.99,0.010360115714928146,1.0,True
12.0,0.010347792301709586,1.0,True
12.01,0.01033632670910255,1.0,True
12.02,0.010324212002988808,1.0,True
12.030000000000001,0.010312791513694467,1.0,True
12.040000000000001,0.010301065245753752,1.0,True
12.05,0.010289398323493288,1.0,True
12.06,0.010278161991677111,1.0,True
12.07,0.01026613264080769,1.0,True
12.08,0.010254631978866793,1.0,True
12.09,0.010242891643040774,1.0,True
12.1,0.010231964450313803,1.0,True
12.11,0.01021994435391684,1.0,True
12.120000000000001,0.010207935411970577,1.0,True
12.13,0.01019624968993356,1.0,True
12.14,0.010185049374783492,1.0,True
12.15,0.010173594370759239,1.0,True
12.16,0.01016187025704043,1.0,True
12.17,0.010150452237896495,1.0,True
12.18,0.01013921351683031,1.0,True
12.19,0.010127823818367064,1.0,True
12.200000000000001,0.010116979887092615,1.0,True
12.21,0.010105791517783584,1.0,True
12.22,0.0100940096900219,1.0,True
12.23,0.01008269443163312,1.0,True
12.24,0.010071392273258551,1.0,True
12.25,0.010060038794387143,1.0,True
12.26,0.010048879715601472,1.0,True
12.27,0.010037334790963288,1.0,True
12.280000000000001,0.010026057249934986,1.0,True
12.290000000000001,0.010014435336272276,1.0,True
12.3,0.010003328583443319,1.0,True
12.31,0.009992004166519054,1.0,True
12.32,0.009980975085480242,1.0,True
12.33,0.00996977359692001,1.0,True
12.34,0.009958339213402945,1.0,True
12.35,0.00994653514744224,1.0,True
12.36,0.009935459293955225,1.0,True
12.370000000000001,0.009924346905166855,1.0,True
12.38,0.009913409338207179,1.0,True
12.39,0.00990221069158705,1.0,True
12.4,0.009890731327096619,1.0,True
12.41,0.009879443705934627,1.0,True
12.42,0.009869232789821778,1.0,True
12.43,0.009858247030666642,1.0,True
12.44,0.009846971281179234,1.0,True
12.450000000000001,0.009835905569373393,1.0,True
12.46,0.009825209384844758,1.0,True
12.47,0.009814363641165124,1.0,True
12.48,0.009803264466342212,1.0,True
12.49,0.009792659967272847,1.0,True
12.5,0.009781866916037777,1.0,True
12.51,0.009771376515654944,1.0,True
12.52,0.009760777003563465,1.0,True
12.530000000000001,0.009750008840794163,1.0,True
12.540000000000001,0.009739502993645899,1.0,True
12.55,0.009728683559881303,1.0,True
12.56,0.00971816044342756,1.0,True
12.57,0.009707496331562529,1.0,True
12.58,0.009696866076573997,1.0,True
12.59,0.009686122006228143,1.0,True
12.6,0.009675909257090432,1.0,True
12.61,0.009664945604475337,1.0,True
12.620000000000001,0.009654176952818972,1.0,True
12.63,0.009643855154445524,1.0,True
12.64,0.009633462702008499,1.0,True
12.65,0.009623293256204087,1.0,True
12.66,0.00961276599978047,1.0,True
12.67,0.009602271277021337,1.0,True
12.68,0.00959193654443733,1.0,True
12.69,0.009581400156112833,1.0,True
12.700000000000001,0.009570533066389034,1.0,True
12.71,0.009559805964765534,1.0,True
12.72,0.009549844135830357,1.0,True
12.73,0.009539054719094938,1.0,True
12.74,0.009529260903409775,1.0,True
12.75,0.009518940184203706,1.0,True
12.76,0.009508635251611221,1.0,True
12.77,0.009498104622713853,1.0,True
12.780000000000001,0.009488179268662683,1.0,True
12.790000000000001,0.009477497340428964,1.0,True
12.8,0.009467521433122086,1.0,True
12.81,0.009457031542991523,1.0,True
12.82,0.009447362424274817,1.0,True
12.83,0.009437190329875228,1.0,True
12.84,0.009427199321435768,1.0,True
12.85,0.009416724480219896,1.0,True
12.86,0.009406949665903655,1.0,True
12.870000000000001,0.009396859682483223,1.0,True
12.88,0.00938648928615398,1.0,True
12.89,0.00937619591041794,1.0,True
12.9,0.009366088538558167,1.0,True
12.91,0.00935614516478844,1.0,True
12.92,0.0093467565963743,1.0,True
12.93,0.009336842076289915,1.0,True
12.94,0.009326722456124828,1.0,True
12.950000000000001,0.009316442987755417,1.0,True
12.96,0.009306837658639563,1.0,True
12.97,0.009297182466802563,1.0,True
12.98,0.009287222379041782,1.0,True
12.99,0.009277183038892883,1.0,True
13.0,0.009267907935653083,1.0,True
13.01,0.009258229368761998,1.0,True
13.02,0.009248290863923904,1.0,True
13.030000000000001,0.009238858585557631,1.0,True
13.040000000000001,0.009229318748091147,1.0,True
13.05,0.00921897156106109,1.0,True
13.06,0.009209171678478909,1.0,True
13.07,0.009199233550784836,1.0,True
13.08,0.009189516427298913,1.0,True
13.09,0.009179481941812333,1.0,True
13.1,0.009169794548623954,1.0,True
13.11,0.009160516738665306,1.0,True
13.120000000000001,0.009150538310785194,1.0,True
13.13,0.00914074890355533,1.0,True
13.14,0.009130728007055734,1.0,True
13.15,0.009121177121630216,1.0,True
13.16,0.009111787812799182,1.0,True
13.17,0.009101763248609644,1.0,True
13.18,0.00909187561969779,1.0,True
13.19,0.009082637705072599,1.0,True
13.200000000000001,0.009072556690707613,1.0,True
13.21,0.00906249395659652,1.0,True
13.22,0.009053638447149985,1.0,True
13.23,0.009044668005923531,1.0,True
13.24,0.00903436005606637,1.0,True
13.25,0.009024368801223157,1.0,True
13.26,0.009015475629189388,1.0,True
13.27,0.00900601403680037,1.0,True
13.280000000000001,0.00899674287172293,1.0,True
13.290000000000001,0.008987621619124194,1.0,True
13.3,0.008978456332934285,1.0,True
13.31,0.008968887027759135,1.0,True
13.32,0.008959616357716079,1.0,True
13.33,0.00895040051441839,1.0,True
13.34,0.008941733849014408,1.0,True
13.35,0.008932409463192363,1.0,True
13.36,0.008923318534676528,1.0,True
13.370000000000001,0.008913565819821586,1.0,True
13.38,0.00890457564669332,1.0,True
13.39,0.00889564507704391,1.0,True
13.4,0.008886421326764102,1.0,True
13.41,0.008877243670108972,1.0,True
13.42,0.008868391821475204,1.0,True
13.43,0.008859155285328347,1.0,True
13.44,0.008850313877436547,1.0,True
13.450000000000001,0.008840533682559283,1.0,True
13.46,0.008831175845562237,1.0,True
13.47,0.008822780286900775,1.0,True
13.48,0.008813498418897569,1.0,True
13.49,0.008803835192593182,1.0,True
13.5,0.008795120647093112,1.0,True
13.51,0.008786048116258204,1.0,True
13.52,0.008777240433567675,1.0,True
13.530000000000001,0.00876867399302152,1.0,True
13.540000000000001,0.008759183669039803,1.0,True
13.55,0.008750440898523582,1.0,True
13.56,0.008741702411662234,1.0,True
13.57,0.008732935687090583,1.0,True
13.58,0.00872247298290809,1.0,True
13.59,0.008714247993797233,1.0,True
13.6,0.008706951486627056,1.0,True
13.61,0.008698079828938965,1.0,True
13.620000000000001,0.00868924866236475,1.0,True
13.63,0.008679584955780301,1.0,True
13.64,0.008669748387601008,1.0,True
13.65,0.008661560472845596,1.0,True
13.66,0.00865272374079717,1.0,True
13.67,0.008645005201317729,1.0,True
13.68,0.00863577683064337,1.0,True
13.69,0.008627087268103151,1.0,True
13.700000000000001,0.008617831799939933,1.0,True
13.71,0.008608301641777191,1.0,True
13.72,0.008600209913435757,1.0,True
13.73,0.008591870619309947,1.0,True
13.74,0.008584175115641232,1.0,True
13.75,0.008575155777225767,1.0,True
13.76,0.008567210732898936,1.0,True
13.77,0.008556700050329148,1.0,True
13.780000000000001,0.008548465560733092,1.0,True
13.790000000000001,0.008539229111171635,1.0,True
13.8,0.008532418595531582,1.0,True
13.81,0.008522822711098867,1.0,True
13.82,0.008512650480946177,1.0,True
13.83,0.008504638118753793,1.0,True
13.84,0.008495444017733772,1.0,True
13.85,0.0084878209475779,1.0,True
13.86,0.008479612484120918,1.0,True
13.870000000000001,0.008470829543723848,1.0,True
13.88,0.008462299770428344,1.0,True
13.89,0.008453480669838061,1.0,True
13.9,0.008445683536346966,1.0,True
13.91,0.00843836832155014,1.0,True
13.92,0.008429821651628235,1.0,True
13.93,0.008421199005750769,1.0,True
13.94,0.008411578729860258,1.0,True
13.950000000000001,0.008402784011884212,1.0,True
13.96,0.008394642846826039,1.0,True
13.97,0.008386781421056734,1.0,True
13.98,0.008379472855319816,1.0,True
13.99,0.00837171339471196,1.0,True
14.0,0.008364097960476604,1.0,True
14.01,0.008355258480422614,1.0,True
14.02,0.00834774266775993,1.0,True
14.030000000000001,0.008339228458076409,1.0,True
14.040000000000001,0.008331039503019609,1.0,True
14.05,0.008323110580223737,1.0,True
14.06,0.008314445751455889,1.0,True
14.07,0.008306479450746918,1.0,True
14.08,0.00829742286625032,1.0,True
14.09,0.008289430550600503,1.0,True
14.1,0.008280660541699621,1.0,True
14.11,0.008272485784983559,1.0,True
14.120000000000001,0.008264498065324399,1.0,True
14.13,0.008256185892344203,1.0,True
14.14,0.008248022907567472,1.0,True
14.15,0.00823973207450876,1.0,True
14.16,0.008230767721107809,1.0,True
14.17,0.008222398967303429,1.0,True
14.18,0.008213450353676406,1.0,True
14.19,0.008205099693633498,1.0,True
14.200000000000001,0.008196828953876873,1.0,True
14.21,0.00819069668268952,1.0,True
14.22,0.008182404054652736,1.0,True
14.23,0.008174008803441105,1.0,True
14.24,0.008165196981892418,1.0,True
14.25,0.008157503162475334,1.0,True
14.26,0.008149544070023764,1.0,True
14.27,0.008142284060048471,1.0,True
14.280000000000001,0.008134520727209806,1.0,True
14.290000000000001,0.008126183849803214,1.0,True
14.3,0.008118064144018021,1.0,True
14.31,0.00811084598426791,1.0,True
14.32,0.008102911885569148,1.0,True
14.33,0.008095262939738727,1.0,True
14.34,0.00808751714849457,1.0,True
14.35,0.008078769654736785,1.0,True
14.36,0.008070267909506589,1.0,True
14.370000000000001,0.00806194976061261,1.0,True
14.38,0.008054851620834812,1.0,True
14.39,0.008047717181715203,1.0,True
14.4,0.008040050644532337,1.0,True
14.41,0.008032638666199165,1.0,True
14.42,0.008025849820839426,1.0,True
14.43,0.00801756332683475,1.0,True
14.44,0.0080094650959246,1.0,True
14.450000000000001,0.008001606473175488,1.0,True
14.46,0.00799425352642564,1.0,True
14.47,0.00798566313865605,1.0,True
14.48,0.007978567843642278,1.0,True
14.49,0.007971176097760942,1.0,True
14.5,0.007963361768791031,1.0,True
14.51,0.007956213149483991,1.0,True
14.52,0.007948132901117455,1.0,True
14.530000000000001,0.007940224852199156,1.0,True
14.540000000000001,0.007933683853314957,1.0,True
14.55,0.007926482294932924,1.0,True
14.56,0.007917610844364202,1.0,True
14.57,0.007910104896832646,1.0,True
14.58,0.007902403789635406,1.0,True
14.59,0.007895351970089516,1.0,True
14.6,0.0078876280264783,1.0,True
14.61,0.007879114575571226,1.0,True
14.620000000000001,0.007872459666357955,1.0,True
14.63,0.007865046810694472,1.0,True
14.64,0.007857235861560386,1.0,True
14.65,0.007849029790008332,1.0,True
14.66,0.00784259005172969,1.0,True
14.67,0.007834462233504638,1.0,True
14.68,0.007826557990212885,1.0,True
14.69,0.00781884027502447,1.0,True
14.700000000000001,0.00781214335447794,1.0,True
14.71,0.007804944190970603,1.0,True
14.72,0.007797495406175207,1.0,True
14.73,0.007790674224424296,1.0,True
14.74,0.007782182398993712,1.0,True
14.75,0.007775307224232104,1.0,True
14.76,0.007768239536193122,1.0,True
14.77,0.007761634674561202,1.0,True
14.780000000000001,0.007755209987443549,1.0,True
14.790000000000001,0.007747780915908744,1.0,True
14.8,0.007740488690738674,1.0,True
14.81,0.007732464567927673,1.0,True
14.82,0.007725066326027394,1.0,True
14.83,0.007718346996508916,1.0,True
14.84,0.007710146157949564,1.0,True
14.85,0.0077036426442164815,1.0,True
14.86,0.007695504541399083,1.0,True
14.870000000000001,0.00768774025115052,1.0,True
14.88,0.007681848194453559,1.0,True
14.89,0.007674188632667069,1.0,True
14.9,0.007667324648539463,1.0,True
14.91,0.007659982532314058,1.0,True
14.92,0.00765300201343824,1.0,True
14.93,0.007646597451101435,1.0,True
14.94,0.007638733033325177,1.0,True
14.950000000000001,0.007632262617174172,1.0,True
14.96,0.007624192809493326,1.0,True
14.97,0.00761753662961649,1.0,True
14.98,0.007612058113701512,1.0,True
14.99,0.0076039059031672495,1.0,True
0.0,1.0,5.0,False
0.01,0.9972764429010567,5.0,False
0.02,0.994560303577773,5.0,False
0.03,0.9918515618188052,5.0,False
0.04,0.989150197469091,5.0,False
0.05,0.9864561904381579,5.0,False
0.06,0.9837695206853093,5.0,False
0.07,0.9810901682266158,5.0,False
0.08,0.9784181131328594,5.0,False
0.09,0.9757533355357295,5.0,False
0.1,0.973095815607394,5.0,False
0.11,0.9704455335878013,5.0,False
0.12,0.9678024697659502,5.0,False
0.13,0.9651666044776464,5.0,False
0.14,0.9625379181208797,5.0,False
0.15,0.9599163911426787,5.0,False
0.16,0.9573020040424796,5.0,False
0.17,0.9546947373752707,5.0,False
0.18,0.9520945717472529,5.0,False
0.19,0.9495014878184346,5.0,False
0.2,0.9469154663000902,5.0,False
0.21,0.9443364879400276,5.0,False
0.22,0.9417645335685072,5.0,False
0.23,0.9391995840563006,5.0,False
0.24,0.9366416203271866,5.0,False
0.25,0.9340906233579516,5.0,False
0.26,0.9315465741783888,5.0,False
0.27,0.9290094538712993,5.0,False
0.28,0.9264792435724911,5.0,False
0.29,0.9239559243778087,5.0,False
0.3,0.9214394775709105,5.0,False
0.31,0.9189298844450994,5.0,False
0.32,0.9164271263393132,5.0,False
0.33,0.9139311846448918,5.0,False
0.34,0.9114420408055774,5.0,False
0.35000000000000003,0.9089596763175145,5.0,False
0.36,0.9064840727292497,5.0,False
0.37,0.9040152115172496,5.0,False
0.38,0.9015530743452865,5.0,False
0.39,0.8990976429429571,5.0,False
0.4,0.8966488990528826,5.0,False
0.41000000000000003,0.8942068244690166,5.0,False
0.42,0.8917714010366444,5.0,False
0.43,0.8893426106523834,5.0,False
0.44,0.8869204352641828,5.0,False
0.45,0.884504856771761,5.0,False
0.46,0.8820958571710373,5.0,False
0.47000000000000003,0.8796934186187,5.0,False
0.48,0.877297523250561,5.0,False
0.49,0.874908153252544,5.0,False
0.5,0.8725252908606855,5.0,False
0.51,0.8701489183611341,5.0,False
0.52,0.8677790180901505,5.0,False
0.53,0.8654155723881986,5.0,False
0.54,0.8630585635970922,5.0,False
0.55,0.8607079742555772,5.0,False
0.56,0.8583637868794548,5.0,False
0.5700000000000001,0.8560259840320177,5.0,False
0.58,0.8536945483239101,5.0,False
0.59,0.851369462412988,5.0,False
0.6,0.849050709004179,5.0,False
0.61,0.8467382708531823,5.0,False
0.62,0.8444321307839227,5.0,False
0.63,0.8421322716235626,5.0,False
0.64,0.8398386762657207,5.0,False
0.65,0.8375513276505452,5.0,False
0.66,0.8352702087645797,5.0,False
0.67,0.8329953026406294,5.0,False
0.68,0.8307265923576271,5.0,False
0.6900000000000001,0.828464061040499,5.0,False
0.7000000000000001,0.8262076918600305,5.0,False
0.71,0.8239574680327325,5.0,False
0.72,0.8217133728207071,5.0,False
0.73,0.8194753895315137,5.0,False
0.74,0.8172435015296362,5.0,False
0.75,0.8150176922073201,5.0,False
0.76,0.8127979450071373,5.0,False
0.77,0.8105842434179508,5.0,False
0.78,0.8083765709734794,5.0,False
0.79,0.8061749112521663,5.0,False
0.8,0.8039792478770474,5.0,False
0.81,0.8017895645156199,5.0,False
0.8200000000000001,0.7996058448797104,5.0,False
0.8300000000000001,0.797428072725344,5.0,False
0.84,0.7952562318526123,5.0,False
0.85,0.7930903061055418,5.0,False
0.86,0.7909302793936195,5.0,False
0.87,0.7887761356494348,5.0,False
0.88,0.7866278588390861,5.0,False
0.89,0.7844854329832182,5.0,False
0.9,0.7823488421459401,5.0,False
0.91,0.7802180704347019,5.0,False
0.92,0.778093102000169,5.0,False
0.93,0.7759739210360976,5.0,False
0.9400000000000001,0.7738605117792107,5.0,False
0.9500000000000001,0.7717528585090725,5.0,False
0.96,0.7696509455479649,5.0,False
0.97,0.7675547572607618,5.0,False
0.98,0.7654642780631762,5.0,False
0.99,0.7633794924163809,5.0,False
1.0,0.7613003848015141,5.0,False
1.01,0.7592269397540445,5.0,False
1.02,0.7571591418515378,5.0,False
1.03,0.7550969757135361,5.0,False
1.04,0.7530404260014384,5.0,False
1.05,0.750989477418381,5.0,False
1.06,0.748944114709117,5.0,False
1.07,0.7469043226598968,5.0,False
1.08,0.7448700860983481,5.0,False
1.09,0.742841389893356,5.0,False
1.1,0.7408182189562007,5.0,False
1.11,0.7388005582490386,5.0,False
1.12,0.7367883927559936,5.0,False
1.1300000000000001,0.7347817075105328,5.0,False
1.1400000000000001,0.732780487586847,5.0,False
1.1500000000000001,0.7307847180997334,5.0,False
1.16,0.7287943842044783,5.0,False
1.17,0.7268094710967391,5.0,False
1.18,0.7248299640124277,5.0,False
1.19,0.7228558482275925,5.0,False
1.2,0.7208871090583012,5.0,False
1.21,0.7189237318605234,5.0,False
1.22,0.7169657020300129,5.0,False
1.23,0.7150130050147944,5.0,False
1.24,0.7130656262840984,5.0,False
1.25,0.711123551351335,5.0,False
1.26,0.7091867657711404,5.0,False
1.27,0.7072552551374257,5.0,False
1.28,0.7053290050832628,5.0,False
1.29,0.703408001280769,5.0,False
1.3,0.7014922294409933,5.0,False
1.31,0.6995816753138012,5.0,False
1.32,0.6976763246877605,5.0,False
1.33,0.6957761633900265,5.0,False
1.34,0.6938811772862272,5.0,False
1.35,0.6919913523057795,5.0,False
1.36,0.6901066743909559,5.0,False
1.37,0.6882271295079941,5.0,False
1.3800000000000001,0.6863527036765572,5.0,False
1.3900000000000001,0.6844833829542873,5.0,False
1.4000000000000001,0.682619153436693,5.0,False
1.41,0.6807600012570371,5.0,False
1.42,0.6789059125862236,5.0,False
1.43,0.677056873632686,5.0,False
1.44,0.6752128706422743,5.0,False
1.45,0.6733738898981426,5.0,False
1.46,0.6715399177206366,5.0,False
1.47,0.669710940467181,5.0,False
1.48,0.6678869445321677,5.0,False
1.49,0.666067916346842,5.0,False
1.5,0.6642538423791917,5.0,False
1.51,0.662444709133833,5.0,False
1.52,0.6606405031552025,5.0,False
1.53,0.6588412111154567,5.0,False
1.54,0.6570468195544416,5.0,False
1.55,0.6552573151249613,5.0,False
1.56,0.6534726845160621,5.0,False
1.57,0.6516929144529232,5.0,False
1.58,0.6499179916967501,5.0,False
1.59,0.6481479030446662,5.0,False
1.6,0.6463826353296049,5.0,False
1.61,0.6446221754202027,5.0,False
1.62,0.6428665102206902,5.0,False
1.6300000000000001,0.641115626670785,5.0,False
1.6400000000000001,0.6393695117455842,5.0,False
1.6500000000000001,0.6376281524554559,5.0,False
1.6600000000000001,0.6358915358459318,5.0,False
1.67,0.6341596489975994,5.0,False
1.68,0.6324324790259941,5.0,False
1.69,0.6307100130814917,5.0,False
1.7,0.6289922384044124,5.0,False
1.71,0.6272791422402829,5.0,False
1.72,0.6255707117930865,5.0,False
1.73,0.6238669343549924,5.0,False
1.74,0.6221677972526873,5.0,False
1.75,0.6204732878472727,5.0,False
1.76,0.6187833935341637,5.0,False
1.77,0.6170981017429862,5.0,False
1.78,0.6154173999374754,5.0,False
1.79,0.6137412756153732,5.0,False
1.8,0.612069716308327,5.0,False
1.81,0.6104027095817867,5.0,False
1.82,0.6087402430349034,5.0,False
1.83,0.6070823043004269,5.0,False
1.84,0.605428881044604,5.0,False
1.85,0.6037799609670762,5.0,False
1.86,0.6021355318007777,5.0,False
1.87,0.6004955813118336,5.0,False
1.8800000000000001,0.5988600973984902,5.0,False
1.8900000000000001,0.5972290678272749,5.0,False
1.9000000000000001,0.5956024804585104,5.0,False
1.9100000000000001,0.5939803231932598,5.0,False
1.92,0.5923625839654604,5.0,False
1.93,0.5907492507418268,5.0,False
1.94,0.5891403115217541,5.0,False
1.95,0.5875357543372204,5.0,False
1.96,0.5859355672526905,5.0,False
1.97,0.5843397383650185,5.0,False
1.98,0.5827482558033512,5.0,False
1.99,0.5811611077290306,5.0,False
2.0,0.5795782823354978,5.0,False
2.0100000000000002,0.5779997678481951,5.0,False
2.02,0.5764255525244699,5.0,False
2.0300000000000002,0.5748556246534771,5.0,False
2.04,0.5732899725560824,5.0,False
2.05,0.5717285846150223,5.0,False
2.06,0.570171449251721,5.0,False
2.07,0.5686185548362842,5.0,False
2.08,0.5670698898180215,5.0,False
2.09,0.5655254426776279,5.0,False
2.1,0.5639852019270905,5.0,False
2.11,0.5624491561095953,5.0,False
2.12,0.5609172937994356,5.0,False
2.13,0.5593896036019184,5.0,False
2.14,0.5578660741532719,5.0,False
2.15,0.5563466941205535,5.0,False
2.16,0.5548314522015555,5.0,False
2.17,0.5533203371247141,5.0,False
2.18,0.5518133376490155,5.0,False
2.19,0.5503104425639039,5.0,False
2.2,0.5488116406891884,5.0,False
2.21,0.5473169208749505,5.0,False
2.22,0.5458262720014511,5.0,False
2.23,0.5443396830465745,5.0,False
2.24,0.5428571429180543,5.0,False
2.25,0.541378640573593,5.0,False
2.2600000000000002,0.5399041650157588,5.0,False
2.27,0.5384337052769893,5.0,False
2.2800000000000002,0.5369672504195024,5.0,False
2.29,0.535504789535208,5.0,False
2.3000000000000003,0.5340463117456187,5.0,False
2.31,0.532591806201762,5.0,False
2.32,0.531141262084091,5.0,False
2.33,0.5296946686023957,5.0,False
2.34,0.5282520149957148,5.0,False
2.35,0.5268132905322466,5.0,False
2.36,0.5253784845092605,5.0,False
2.37,0.5239475862530082,5.0,False
2.38,0.5225205851186353,5.0,False
2.39,0.5210974704900923,5.0,False
2.4,0.519678231801443,5.0,False
2.41,0.5182628585524005,5.0,False
2.42,0.5168513401555023,5.0,False
2.43,0.5154436661115369,5.0,False
2.44,0.514039825949804,5.0,False
2.45,0.51263980922803,5.0,False
2.46,0.5112436055322824,5.0,False
2.47,0.5098512044768859,5.0,False
2.48,0.5084625957043372,5.0,False
2.49,0.5070777688852195,5.0,False
2.5,0.5056967137181192,5.0,False
2.5100000000000002,0.5043194199295395,5.0,False
2.52,0.5029458772738169,5.0,False
2.5300000000000002,0.5015760755330353,5.0,False
2.54,0.5002100045169418,5.0,False
2.5500000000000003,0.4988476540628616,5.0,False
2.56,0.4974890140356137,5.0,False
2.57,0.49613407432742535,5.0,False
2.58,0.49478282485784764,5.0,False
2.59,0.49343525567638924,5.0,False
2.6,0.4920913566810219,5.0,False
2.61,0.49075111787284453,5.0,False
2.62,0.48941452928273693,5.0,False
2.63,0.4880815809686467,5.0,False
2.64,0.4867522630155082,5.0,False
2.65,0.48542656553516306,5.0,False
2.66,0.48410447866627815,5.0,False
2.67,0.48278599257426646,5.0,False
2.68,0.48147109745120537,5.0,False
2.69,0.48015978351575694,5.0,False
2.7,0.47885204101308676,5.0,False
2.71,0.47754786021478374,5.0,False
2.72,0.4762472314187793,5.0,False
2.73,0.474950144949267,5.0,False
2.74,0.4736565911566219,5.0,False
2.75,0.47236656041731995,5.0,False
2.7600000000000002,0.4710800431338575,5.0,False
2.77,0.4697970298042337,5.0,False
2.7800000000000002,0.4685175108621626,5.0,False
2.79,0.46724147676393646,5.0,False
2.8000000000000003,0.46596891801806867,5.0,False
2.81,0.4646998251588513,5.0,False
2.82,0.46343418874627873,5.0,False
2.83,0.46217199936597114,5.0,False
2.84,0.4609132476290983,5.0,False
2.85,0.45965792417230267,5.0,False
2.86,0.45840601965762345,5.0,False
2.87,0.4571575247724197,5.0,False
2.88,0.4559124302292942,5.0,False
2.89,0.45467072676601655,5.0,False
2.9,0.4534324051454474,5.0,False
2.91,0.4521974561554613,5.0,False
2.92,0.4509658706088708,5.0,False
2.93,0.4497376393433494,5.0,False
2.94,0.44851275322135586,5.0,False
2.95,0.447291203167457,5.0,False
2.96,0.44607298011968904,5.0,False
2.97,0.44485807497282176,5.0,False
2.98,0.4436464786901188,5.0,False
2.99,0.44243818225939024,5.0,False
3.0,0.4412331766929204,5.0,False
3.0100000000000002,0.44003145302739455,5.0,False
3.02,0.4388330023238268,5.0,False
3.0300000000000002,0.43763781566748683,5.0,False
3.04,0.4364458841678273,5.0,False
3.0500000000000003,0.43525719895841103,5.0,False
3.06,0.43407175119683844,5.0,False
3.0700000000000003,0.4328895320646745,5.0,False
3.08,0.4317105327673764,5.0,False
3.09,0.4305347445342202,5.0,False
3.1,0.4293621586182285,5.0,False
3.11,0.42819276629609787,5.0,False
3.12,0.4270265588681253,5.0,False
3.13,0.42586352767071534,5.0,False
3.14,0.4247036641143537,5.0,False
3.15,0.4235469595137443,5.0,False
3.16,0.4223934052650742,5.0,False
3.17,0.42124299278789984,5.0,False
3.18,0.4200957135250783,5.0,False
3.19,0.41895155894269764,5.0,False
3.2,0.4178105205300075,5.0,False
3.21,0.41667258979935,5.0,False
3.22,0.41553775828609013,5.0,False
3.23,0.4144060175485468,5.0,False
3.24,0.41327735916792296,5.0,False
3.25,0.41215177474823694,5.0,False
3.2600000000000002,0.41102925591625245,5.0,False
3.27,0.40990979432140984,5.0,False
3.2800000000000002,0.4087933816357563,5.0,False
3.29,0.4076800095538768,5.0,False
3.3000000000000003,0.4065696697928246,5.0,False
3.31,0.40546235409205217,5.0,False
3.3200000000000003,0.40435805428650407,5.0,False
3.33,0.40325676211372374,5.0,False
3.34,0.40215846937412486,5.0,False
3.35,0.4010631678983096,5.0,False
3.36,0.399970849539064,5.0,False
3.37,0.39888150617129176,5.0,False
3.38,0.39779512969194847,5.0,False
3.39,0.3967117120199752,5.0,False
3.4,0.395631245096233,5.0,False
3.41,0.3945537208834365,5.0,False
3.42,0.39347913136608814,5.0,False
3.43,0.39240746855041214,5.0,False
3.44,0.39133872446428836,5.0,False
3.45,0.39027289115718633,5.0,False
3.46,0.3892099607000996,5.0,False
3.47,0.38814992518547914,5.0,False
3.48,0.3870927767271678,5.0,False
3.49,0.38603850746033413,5.0,False
3.5,0.38498710959224736,5.0,False
3.5100000000000002,0.38393857529556386,5.0,False
3.52,0.3828928967433533,5.0,False
3.5300000000000002,0.38185006615757605,5.0,False
3.54,0.3808100757813119,5.0,False
3.5500000000000003,0.37977291787869666,5.0,False
3.56,0.37873858473485994,5.0,False
3.5700000000000003,0.3777070686558615,5.0,False
3.58,0.37667836196862897,5.0,False
3.59,0.3756524570208943,5.0,False
3.6,0.3746293461811312,5.0,False
3.61,0.3736090218384924,5.0,False
3.62,0.3725914764027462,5.0,False
3.63,0.3715767023042141,5.0,False
3.64,0.37056469199370723,5.0,False
3.65,0.3695554379424642,5.0,False
3.66,0.3685489326420875,5.0,False
3.67,0.36754516860448094,5.0,False
3.68,0.3665441383617866,5.0,False
3.69,0.36554583453949757,5.0,False
3.7,0.36455024966773614,5.0,False
3.71,0.36355737632938445,5.0,False
3.72,0.3625672071391483,5.0,False
3.73,0.361579734731785,5.0,False
3.74,0.36059495176204354,5.0,False
3.75,0.35961285090460493,5.0,False
3.7600000000000002,0.35863342485402233,5.0,False
3.77,0.3576566663246615,5.0,False
3.7800000000000002,0.35668256805064064,5.0,False
3.79,0.3557111227857712,5.0,False
3.8000000000000003,0.35474232330349753,5.0,False
3.81,0.3537761623968375,5.0,False
3.8200000000000003,0.35281263287832265,5.0,False
3.83,0.3518517275799384,5.0,False
3.84,0.3508934393530642,5.0,False
3.85,0.34993776106841396,5.0,False
3.86,0.3489846856159761,5.0,False
3.87,0.3480342059107103,5.0,False
3.88,0.34708631495534614,5.0,False
3.89,0.34614100563613576,5.0,False
3.9,0.3451982709216353,5.0,False
3.91,0.3442581037994974,5.0,False
3.92,0.34332049727641506,5.0,False
3.93,0.3423854443780641,5.0,False
3.94,0.3414529381490474,5.0,False
3.95,0.34052297165283735,5.0,False
3.96,0.33959553797171965,5.0,False
3.97,0.33867063020673643,5.0,False
3.98,0.33774824147762966,5.0,False
3.99,0.3368283649227841,5.0,False
4.0,0.33591099369917116,5.0,False
4.01,0.3349961209822916,5.0,False
4.0200000000000005,0.33408373996611906,5.0,False
4.03,0.3331738438630437,5.0,False
4.04,0.33226642590381494,5.0,False
4.05,0.331361479337485,5.0,False
4.0600000000000005,0.33045899745331025,5.0,False
4.07,0.32955897357631597,5.0,False
4.08,0.3286614009666008,5.0,False
4.09,0.3277662729478025,5.0,False
4.1,0.326873582861691,5.0,False
4.11,0.3259833240681141,5.0,False
4.12,0.3250954899449442,5.0,False
4.13,0.32421007388802364,5.0,False
4.14,0.3233270693111115,5.0,False
4.15,0.32244646964582924,5.0,False
4.16,0.3215682683416073,5.0,False
4.17,0.32069245886563075,5.0,False
4.18,0.3198190347027856,5.0,False
4.19,0.31894798935560503,5.0,False
4.2,0.3180793163442154,5.0,False
4.21,0.3172130092062823,5.0,False
4.22,0.31634906149695685,5.0,False
4.23,0.31548746678882156,5.0,False
4.24,0.3146282186718369,5.0,False
4.25,0.3137713107901872,5.0,False
4.26,0.3129167367764305,5.0,False
4.2700000000000005,0.31206449024466537,5.0,False
4.28,0.31121456485566595,5.0,False
4.29,0.3103669542874205,5.0,False
4.3,0.3095216522350806,5.0,False
4.3100000000000005,0.3086786524109097,5.0,False
4.32,0.3078379485442323,5.0,False
4.33,0.3069995343813822,5.0,False
4.34,0.3061634036856516,5.0,False
4.3500000000000005,0.30532955023723957,5.0,False
4.36,0.3044979678332014,5.0,False
4.37,0.30366865028739665,5.0,False
4.38,0.3028415914304384,5.0,False
4.39,0.30201678510964186,5.0,False
4.4,0.3011942251889731,5.0,False
4.41,0.30037390554899807,5.0,False
4.42,0.29955582008683096,5.0,False
4.43,0.2987399627160834,5.0,False
4.44,0.2979263274186291,5.0,False
4.45,0.2971149081193292,5.0,False
4.46,0.296305698767671,5.0,False
4.47,0.2954986933445315,5.0,False
4.48,0.2946938858471312,5.0,False
4.49,0.2938912702889854,5.0,False
4.5,0.2930908406998554,5.0,False
4.51,0.29229259112570005,5.0,False
4.5200000000000005,0.2914965156286267,5.0,False
4.53,0.290702608286843,5.0,False
4.54,0.28991086319460774,5.0,False
4.55,0.28912127446218233,5.0,False
4.5600000000000005,0.2883338362157822,5.0,False
4.57,0.28754854259752805,5.0,False
4.58,0.2867653877653972,5.0,False
4.59,0.2859843658931747,5.0,False
4.6000000000000005,0.2852054711704049,5.0,False
4.61,0.28442869780234276,5.0,False
4.62,0.2836540400099048,5.0,False
4.63,0.28288149209801244,5.0,False
4.64,0.2821110482666671,5.0,False
4.65,0.28134270278403745,5.0,False
4.66,0.28057644993493863,5.0,False
4.67,0.2798122840197016,5.0,False
4.68,0.27905019935412656,5.0,False
4.69,0.2782901902694367,5.0,False
4.7,0.2775322511122322,5.0,False
4.71,0.2767763762444434,5.0,False
4.72,0.2760225600432848,5.0,False
4.73,0.2752707969012086,5.0,False
4.74,0.27452108122585855,5.0,False
4.75,0.2737734074400235,5.0,False
4.76,0.27302776998159084,5.0,False
4.7700000000000005,0.2722841633035007,5.0,False
4.78,0.2715425818736993,5.0,False
4.79,0.27080302017509256,5.0,False
4.8,0.27006547270549996,5.0,False
4.8100000000000005,0.2693299339776081,5.0,False
4.82,0.2685963985815127,5.0,False
4.83,0.2678648610175243,5.0,False
4.84,0.2671353158387065,5.0,False
4.8500000000000005,0.2664077576184757,5.0,False
4.86,0.2656821809449809,5.0,False
4.87,0.26495858042105946,5.0,False
4.88,0.2642369506641929,5.0,False
4.89,0.26351728630646337,5.0,False
4.9,0.2627995819945094,5.0,False
4.91,0.26208383238948224,5.0,False
4.92,0.26137003216700133,5.0,False
4.93,0.2606581760171109,5.0,False
4.94,0.25994825864423565,5.0,False
4.95,0.2592402747671372,5.0,False
4.96,0.2585342191188694,5.0,False
4.97,0.2578300864467353,5.0,False
4.98,0.25712787151224215,5.0,False
4.99,0.25642756909105857,5.0,False
5.0,0.25572917397296946,5.0,False
5.01,0.25503268101662174,5.0,False
5.0200000000000005,0.254338085009019,5.0,False
5.03,0.25364538077399784,5.0,False
5.04,0.25295456315901815,5.0,False
5.05,0.25226562702552946,5.0,False
5.0600000000000005,0.2515785672489291,5.0,False
5.07,0.2508933787185209,5.0,False
5.08,0.25021005633747306,5.0,False
5.09,0.24952859502277652,5.0,False
5.1000000000000005,0.2488489897052033,5.0,False
5.11,0.24817123532926508,5.0,False
5.12,0.247495326853171,5.0,False
5.13,0.24682125924878617,5.0,False
5.14,0.24614902750159015,5.0,False
5.15,0.2454786266106349,5.0,False
5.16,0.24481005158850347,5.0,False
5.17,0.2441432974612679,5.0,False
5.18,0.24347835926844774,5.0,False
5.19,0.24281523206296826,5.0,False
5.2,0.24215391095754485,5.0,False
5.21,0.24149439101152917,5.0,False
5.22,0.24083666730638503,5.0,False
5.23,0.24018073494977832,5.0,False
5.24,0.23952658906265886,5.0,False
5.25,0.23887422477922052,5.0,False
5.26,0.23822363724686174,5.0,False
5.2700000000000005,0.2375748216261459,5.0,False
5.28,0.23692777309076193,5.0,False
5.29,0.23628248682748443,5.0,False
5.3,0.23563895803613424,5.0,False
5.3100000000000005,0.23499718192953875,5.0,False
5.32,0.23435715373349256,5.0,False
5.33,0.23371886868671754,5.0,False
5.34,0.2330823220408235,5.0,False
5.3500000000000005,0.2324475090602684,5.0,False
5.36,0.23181442502231903,5.0,False
5.37,0.23118306521701115,5.0,False
5.38,0.23055342494711004,5.0,False
5.39,0.22992549956725594,5.0,False
5.4,0.22929928439449246,5.0,False
5.41,0.22867477475516937,5.0,False
5.42,0.2280519660040113,5.0,False
5.43,0.22743085350835557,5.0,False
5.44,0.22681143264811482,5.0,False
5.45,0.22619369881573917,5.0,False
5.46,0.22557764741617867,5.0,False
5.47,0.22496327386684573,5.0,False
5.48,0.22435057359757746,5.0,False
5.49,0.22373954205059823,5.0,False
5.5,0.22313017468048188,5.0,False
5.51,0.22252246695411418,5.0,False
5.5200000000000005,0.22191641435065518,5.0,False
5.53,0.2213120123615019,5.0,False
5.54,0.22070925649025022,5.0,False
5.55,0.22010814225265773,5.0,False
5.5600000000000005,0.21950866517660583,5.0,False
5.57,0.21891082080206245,5.0,False
5.58,0.2183146047142316,5.0,False
5.59,0.21772001247409115,5.0,False
5.6000000000000005,0.2171270396405352,5.0,False
5.61,0.21653568180286709,5.0,False
5.62,0.21594593456236555,5.0,False
5.63,0.2153577935322495,5.0,False
5.64,0.214771254337642,5.0,False
5.65,0.21418631261553475,5.0,False
5.66,0.21360296401475243,5.0,False
5.67,0.21302120419591675,5.0,False
5.68,0.21244102883141094,5.0,False
5.69,0.21186243360534393,5.0,False
5.7,0.2112854142135149,5.0,False
5.71,0.2107099663633772,5.0,False
5.72,0.21013608577400286,5.0,False
5.73,0.20956376817604694,5.0,False
5.74,0.20899300931171172,5.0,False
5.75,0.20842380493471102,5.0,False
5.76,0.20785615081023445,5.0,False
5.7700000000000005,0.20729004274313126,5.0,False
5.78,0.2067254765255778,5.0,False
5.79,0.20616244793707042,5.0,False
5.8,0.20560095278964505,5.0,False
5.8100000000000005,0.20504098690670808,5.0,False
5.82,0.20448254612300268,5.0,False
5.83,0.2039256262845746,5.0,False
5.84,0.2033702232487385,5.0,False
5.8500000000000005,0.2028163328840437,5.0,False
5.86,0.20226395107024078,5.0,False
5.87,0.20171307369824712,5.0,False
5.88,0.20116369667011336,5.0,False
5.89,0.20061581589898925,5.0,False
5.9,0.2000694273090898,5.0,False
5.91,0.1995245268356616,5.0,False
5.92,0.19898111042494848,5.0,False
5.93,0.19843917403415787,5.0,False
5.94,0.19789871363142678,5.0,False
5.95,0.197359725195788,5.0,False
5.96,0.19682220473269368,5.0,False
5.97,0.19628614826810595,5.0,False
5.98,0.1957515517845852,5.0,False
5.99,0.19521841130565687,5.0,False
6.0,0.19468672286564329,5.0,False
6.01,0.19415648250963158,5.0,False
6.0200000000000005,0.19362768629344146,5.0,False
6.03,0.19310033028359316,5.0,False
6.04,0.19257441055727514,5.0,False
6.05,0.19204992320231187,5.0,False
6.0600000000000005,0.19152686431713173,5.0,False
6.07,0.19100523001073488,5.0,False
6.08,0.19048501640266094,5.0,False
6.09,0.18996621962295693,5.0,False
6.1000000000000005,0.18944883581214497,5.0,False
6.11,0.18893286112119032,5.0,False
6.12,0.18841829171146887,5.0,False
6.13,0.18790512375473528,5.0,False
6.140000000000001,0.18739335343309058,5.0,False
6.15,0.18688297694296332,5.0,False
6.16,0.1863739905303257,5.0,False
6.17,0.1858663903718624,5.0,False
6.18,0.18536017269191393,5.0,False
6.19,0.18485533372507354,5.0,False
6.2,0.18435186971615677,5.0,False
6.21,0.18384977692017077,5.0,False
6.22,0.1833490516022838,5.0,False
6.23,0.18284969003779475,5.0,False
6.24,0.1823516885121028,5.0,False
6.25,0.18185504332067653,5.0,False
6.26,0.18135975076902366,5.0,False
6.2700000000000005,0.18086580717266043,5.0,False
6.28,0.18037320885708116,5.0,False
6.29,0.1798819521577276,5.0,False
6.3,0.17939203341995846,5.0,False
6.3100000000000005,0.17890344899901894,5.0,False
6.32,0.17841619526001026,5.0,False
6.33,0.17793026857785887,5.0,False
6.34,0.1774456653372862,5.0,False
6.3500000000000005,0.17696238197291794,5.0,False
6.36,0.17648041486488159,5.0,False
6.37,0.17599976042227589,5.0,False
6.38,0.17552041506985144,5.0,False
6.390000000000001,0.17504237524206548,5.0,False
6.4,0.174565637383053,5.0,False
6.41,0.1740901979465977,5.0,False
6.42,0.1736160533961031,5.0,False
6.43,0.1731432002045635,5.0,False
6.44,0.1726716348545351,5.0,False
6.45,0.1722013538381071,5.0,False
6.46,0.17173235365687253,5.0,False
6.47,0.17126463082189938,5.0,False
6.48,0.17079818185370163,5.0,False
6.49,0.1703330032822105,5.0,False
6.5,0.16986909164674505,5.0,False
6.51,0.1694064434959836,5.0,False
6.5200000000000005,0.16894505538793453,5.0,False
6.53,0.1684849238899076,5.0,False
6.54,0.16802604560563936,5.0,False
6.55,0.16756841711743312,5.0,False
6.5600000000000005,0.1671120350070541,5.0,False
6.57,0.16665689587980415,5.0,False
6.58,0.16620299635020175,5.0,False
6.59,0.1657503330419549,5.0,False
6.6000000000000005,0.16529890258793342,5.0,False
6.61,0.1648487016301416,5.0,False
6.62,0.1643997268196906,5.0,False
6.63,0.16395197481677096,5.0,False
6.640000000000001,0.16350544229062516,5.0,False
6.65,0.16306012591952024,5.0,False
6.66,0.16261602239071998,5.0,False
6.67,0.16217312840045775,5.0,False
6.68,0.16173144065390882,5.0,False
6.69,0.16129095586516293,5.0,False
6.7,0.1608516707571969,5.0,False
6.71,0.16041358206184683,5.0,False
6.72,0.15997668651978103,5.0,False
6.73,0.15954098089654814,5.0,False
6.74,0.1591064619644725,5.0,False
6.75,0.15867312647003654,5.0,False
6.76,0.1582409711899737,5.0,False
6.7700000000000005,0.15780999290976913,5.0,False
6.78,0.15738018842363388,5.0,False
6.79,0.15695155453447845,5.0,False
6.8,0.15652408805388696,5.0,False
6.8100000000000005,0.15609778580209088,5.0,False
6.82,0.15567264460794328,5.0,False
6.83,0.1552486613088922,5.0,False
6.84,0.15482583275095507,5.0,False
6.8500000000000005,0.15440415578869227,5.0,False
6.86,0.1539836272851813,5.0,False
6.87,0.1535642441119905,5.0,False
6.88,0.153146003149153,5.0,False
6.890000000000001,0.1527289012851407,5.0,False
6.9,0.15231293541683819,5.0,False
6.91,0.15189810244951651,5.0,False
6.92,0.15148439930331287,5.0,False
6.93,0.15107182292966725,5.0,False
6.94,0.15066037023188034,5.0,False
6.95,0.15025003814945997,5.0,False
6.96,0.14984082363022394,5.0,False
6.97,0.14943272363027543,5.0,False
6.98,0.14902573511397801,5.0,False
6.99,0.14861985505393116,5.0,False
7.0,0.14821508043094517,5.0,False
7.01,0.14781140823401664,5.0,False
7.0200000000000005,0.14740883546030353,5.0,False
7.03,0.14700735911510057,5.0,False
7.04,0.14660697621181432,5.0,False
7.05,0.14620768377193843,5.0,False
7.0600000000000005,0.14580947882502898,5.0,False
7.07,0.14541235840867964,5.0,False
7.08,0.14501631956849692,5.0,False
7.09,0.1446213593580753,5.0,False
7.1000000000000005,0.1442274748389726,5.0,False
7.11,0.1438346630806852,5.0,False
7.12,0.14344292119338325,5.0,False
7.13,0.14305224624352206,5.0,False
7.140000000000001,0.14266263531964068,5.0,False
7.15,0.14227408552369397,5.0,False
7.16,0.14188659396550424,5.0,False
7.17,0.14150015776273783,5.0,False
7.18,0.1411147740408817,5.0,False
7.19,0.14073043993321985,5.0,False
7.2,0.14034715258080982,5.0,False
7.21,0.13996490913245924,5.0,False
7.22,0.13958370674470233,5.0,False
7.23,0.13920354258177636,5.0,False
7.24,0.1388244138155983,5.0,False
7.25,0.138446317625741,5.0,False
7.26,0.1380692511994101,5.0,False
7.2700000000000005,0.13769321173142024,5.0,False
7.28,0.13731819642417176,5.0,False
7.29,0.136944202487627,5.0,False
7.3,0.136571227139287,5.0,False
7.3100000000000005,0.13619926762244441,5.0,False
7.32,0.13582832117474783,5.0,False
7.33,0.13545838502131174,5.0,False
7.34,0.1350894564104466,5.0,False
7.3500000000000005,0.13472153259793374,5.0,False
7.36,0.13435461084700354,5.0,False
7.37,0.1339886884283127,5.0,False
7.38,0.13362376261992226,5.0,False
7.390000000000001,0.13325983070727504,5.0,False
7.4,0.1328968899831737,5.0,False
7.41,0.1325349377477582,5.0,False
7.42,0.13217397130848355,5.0,False
7.43,0.13181398798009766,5.0,False
7.44,0.13145498508461886,5.0,False
7.45,0.13109695995131387,5.0,False
7.46,0.13073990991667528,5.0,False
7.47,0.13038383232439937,5.0,False
7.48,0.13002872452536382,5.0,False
7.49,0.1296745838776055,5.0,False
7.5,0.129321407752163,5.0,False
7.51,0.12896919354644917,5.0,False
7.5200000000000005,0.12861793861666213,5.0,False
7.53,0.12826764035007687,5.0,False
7.54,0.12791829614106276,5.0,False
7.55,0.12756990339106256,5.0,False
7.5600000000000005,0.12722245950857114,5.0,False
7.57,0.12687596190911443,5.0,False
7.58,0.1265304080152283,5.0,False
7.59,0.1261857952564373,5.0,False
7.6000000000000005,0.12584212106923362,5.0,False
7.61,0.12549938289705603,5.0,False
7.62,0.12515757819026851,5.0,False
7.63,0.12481670440613937,5.0,False
7.640000000000001,0.12447675900881984,5.0,False
7.65,0.12413773946932327,5.0,False
7.66,0.12379964326550368,5.0,False
7.67,0.12346246788203476,5.0,False
7.68,0.12312621081038876,5.0,False
7.69,0.12279086954881524,5.0,False
7.7,0.1224564416303996,5.0,False
7.71,0.1221229245504288,5.0,False
7.72,0.12179031582363163,5.0,False
7.73,0.12145861297596498,5.0,False
7.74,0.12112781354010237,5.0,False
7.75,0.12079791505541379,5.0,False
7.76,0.12046891506794581,5.0,False
7.7700000000000005,0.12014081113040138,5.0,False
7.78,0.11981360080211995,5.0,False
7.79,0.1194872816490572,5.0,False
7.8,0.11916185124376516,5.0,False
7.8100000000000005,0.11883730716537201,5.0,False
7.82,0.11851364699956222,5.0,False
7.83,0.11819086833855628,5.0,False
7.84,0.11786896878109077,5.0,False
7.8500000000000005,0.11754794593239824,5.0,False
7.86,0.11722779740418728,5.0,False
7.87,0.11690852081462227,5.0,False
7.88,0.1165901137883035,5.0,False
7.890000000000001,0.11627257397197015,5.0,False
7.9,0.11595589900699972,5.0,False
7.91,0.11564008652475294,5.0,False
7.92,0.11532513417612787,5.0,False
7.930000000000001,0.11501103961840055,5.0,False
7.94,0.1146978005152059,5.0,False
7.95,0.11438541453651868,5.0,False
7.96,0.11407387935863447,5.0,False
7.97,0.11376319266415068,5.0,False
7.98,0.11345335214194746,5.0,False
7.99,0.11314435548716878,5.0,False
8.0,0.11283620040120326,5.0,False
8.01,0.11252888459166527,5.0,False
8.02,0.11222240577237579,5.0,False
8.03,0.1119167616633435,5.0,False
8.040000000000001,0.1116119499907456,5.0,False
8.05,0.11130796848690906,5.0,False
8.06,0.11100481489029125,5.0,False
8.07,0.11070248694546111,5.0,False
8.08,0.11040098240834059,5.0,False
8.09,0.11010029905697906,5.0,False
8.1,0.1098004346342974,5.0,False
8.11,0.10950138690982499,5.0,False
8.120000000000001,0.10920315365914732,5.0,False
8.13,0.1089057326638881,5.0,False
8.14,0.10860912171169095,5.0,False
8.15,0.10831331859620143,5.0,False
8.16,0.1080183211170491,5.0,False
8.17,0.10772412707982927,5.0,False
8.18,0.10743073429608511,5.0,False
8.19,0.10713814058328949,5.0,False
8.2,0.10684634376482698,5.0,False
8.21,0.10655534166997566,5.0,False
8.22,0.10626513213388934,5.0,False
8.23,0.1059757129975792,5.0,False
8.24,0.10568708210789587,5.0,False
8.25,0.10539923731751137,5.0,False
8.26,0.10511217648490105,5.0,False
8.27,0.1048258974743255,5.0,False
8.28,0.10454039817767194,5.0,False
8.290000000000001,0.10425567646127558,5.0,False
8.3,0.10397173020106971,5.0,False
8.31,0.10368855728497572,5.0,False
8.32,0.10340615560664884,5.0,False
8.33,0.10312452306546095,5.0,False
8.34,0.10284365756648345,5.0,False
8.35,0.10256355702047015,5.0,False
8.36,0.10228421934384012,5.0,False
8.370000000000001,0.10200564245866055,5.0,False
8.38,0.10172782429262978,5.0,False
8.39,0.1014507627790599,5.0,False
8.4,0.10117445585685982,5.0,False
8.41,0.1008989014705181,5.0,False
8.42,0.1006240975700858,5.0,False
8.43,0.1003500421111594,5.0,False
8.44,0.10007673305486361,5.0,False
8.45,0.09980416836783432,5.0,False
8.46,0.09953234602220133,5.0,False
8.47,0.09926126400425576,5.0,False
8.48,0.0989909203097396,5.0,False
8.49,0.09872131291204339,5.0,False
8.5,0.09845243980575313,5.0,False
8.51,0.0981842989908998,5.0,False
8.52,0.09791688847294307,5.0,False
8.53,0.09765020626275508,5.0,False
8.540000000000001,0.09738425037660423,5.0,False
8.55,0.09711901883613898,5.0,False
8.56,0.09685450966837147,5.0,False
8.57,0.09659072090566143,5.0,False
8.58,0.0963276505856998,5.0,False
8.59,0.09606529675149263,5.0,False
8.6,0.09580365745134481,5.0,False
8.61,0.09554273073884374,5.0,False
8.620000000000001,0.09528251467284317,5.0,False
8.63,0.09502300731744703,5.0,False
8.64,0.09476420674199304,5.0,False
8.65,0.09450611102103651,5.0,False
8.66,0.09424871823433421,5.0,False
8.67,0.09399202649057072,5.0,False
8.68,0.09373603386403413,5.0,False
8.69,0.09348073844830784,5.0,False
8.700000000000001,0.09322613834442628,5.0,False
8.71,0.0929722316585792,5.0,False
8.72,0.09271901650209606,5.0,False
8.73,0.09246649099143074,5.0,False
8.74,0.09221465324814616,5.0,False
8.75,0.0919635013988988,5.0,False
8.76,0.09171303357542337,5.0,False
8.77,0.09146324791451739,5.0,False
8.78,0.09121414255802579,5.0,False
8.790000000000001,0.09096571565282542,5.0,False
8.8,0.09071796535080993,5.0,False
8.81,0.09047088980887402,5.0,False
8.82,0.09022448718889822,5.0,False
8.83,0.0899787556577335,5.0,False
8.84,0.0897336933871858,5.0,False
8.85,0.08948929855400072,5.0,False
8.86,0.0892455693511477,5.0,False
8.870000000000001,0.08900250397018786,5.0,False
8.88,0.08876010059196277,5.0,False
8.89,0.08851835741340834,5.0,False
8.9,0.0882772726363559,5.0,False
8.91,0.0880368444675175,5.0,False
8.92,0.08779707111847135,5.0,False
8.93,0.08755795080564722,5.0,False
8.94,0.08731948175031182,5.0,False
8.950000000000001,0.0870816621785541,5.0,False
8.96,0.0868444903212709,5.0,False
8.97,0.08660796441415204,5.0,False
8.98,0.08637208269766587,5.0,False
8.99,0.08613684341704465,5.0,False
9.0,0.08590224482226996,5.0,False
9.01,0.08566828516805801,5.0,False
9.02,0.08543496271384513,5.0,False
9.03,0.0852022757237731,5.0,False
9.040000000000001,0.08497022246667453,5.0,False
9.05,0.08473880121709224,5.0,False
9.06,0.08450801027519159,5.0,False
9.07,0.08427784790590058,5.0,False
9.08,0.08404831239721267,5.0,False
9.09,0.08381940204176994,5.0,False
9.1,0.08359111513684919,5.0,False
9.11,0.08336344998434819,5.0,False
9.120000000000001,0.08313640489077166,5.0,False
9.13,0.08290997816721768,5.0,False
9.14,0.08268416812936351,5.0,False
9.15,0.08245897309745195,5.0,False
9.16,0.08223439139627749,5.0,False
9.17,0.0820104213551723,5.0,False
9.18,0.08178706130799253,5.0,False
9.19,0.08156430959310441,5.0,False
9.200000000000001,0.0813421645533703,5.0,False
9.21,0.08112062453613508,5.0,False
9.22,0.080899687893212,5.0,False
9.23,0.08067935298086899,5.0,False
9.24,0.08045961815981478,5.0,False
9.25,0.08024048180883686,5.0,False
9.26,0.08002194229604867,5.0,False
9.27,0.0798039979883836,5.0,False
9.28,0.07958664726470788,5.0,False
9.290000000000001,0.07936988850828876,5.0,False
9.3,0.07915372010678143,5.0,False
9.31,0.07893814045221573,5.0,False
9.32,0.07872314794098309,5.0,False
9.33,0.0785087409738234,5.0,False
9.34,0.0782949179558118,5.0,False
9.35,0.07808167729634558,5.0,False
9.36,0.077869017409131,5.0,False
9.370000000000001,0.0776569367121702,5.0,False
9.38,0.07744543362774801,5.0,False
9.39,0.07723450658241879,5.0,False
9.4,0.07702415400699329,5.0,False
9.41,0.07681437433652555,5.0,False
9.42,0.07660516601029967,5.0,False
9.43,0.07639652747181673,5.0,False
9.44,0.07618845717041778,5.0,False
9.450000000000001,0.07598095357718983,5.0,False
9.46,0.07577401513213307,5.0,False
9.47,0.07556764029598415,5.0,False
9.48,0.07536182753365901,5.0,False
9.49,0.07515657531424053,5.0,False
9.5,0.07495188211096587,5.0,False
9.51,0.07474774640121423,5.0,False
9.52,0.0745441666664942,5.0,False
9.53,0.0743411413924314,5.0,False
9.540000000000001,0.07413866906875595,5.0,False
9.55,0.07393674818929012,5.0,False
9.56,0.0737353772519357,5.0,False
9.57,0.07353455475866165,5.0,False
9.58,0.07333427921549161,5.0,False
9.59,0.07313454913249144,5.0,False
9.6,0.07293536302375672,5.0,False
9.61,0.07273671940740033,5.0,False
9.620000000000001,0.07253861680553994,5.0,False
9.63,0.07234105374428565,5.0,False
9.64,0.07214402876462579,5.0,False
9.65,0.07194754040225448,5.0,False
9.66,0.0717515871873948,5.0,False
9.67,0.07155616766248943,5.0,False
9.68,0.07136128037393814,5.0,False
9.69,0.07116692387208602,5.0,False
9.700000000000001,0.07097309671121156,5.0,False
9.71,0.07077979744951504,5.0,False
9.72,0.07058702464910645,5.0,False
9.73,0.07039477687599387,5.0,False
9.74,0.0702030527000716,5.0,False
9.75,0.0700118506951083,5.0,False
9.76,0.06982116943873527,5.0,False
9.77,0.06963100751243455,5.0,False
9.78,0.06944136350152713,5.0,False
9.790000000000001,0.06925223599516116,5.0,False
9.8,0.06906362358630017,5.0,False
9.81,0.06887552487171113,5.0,False
9.82,0.06868793845195273,5.0,False
9.83,0.0685008629314386,5.0,False
9.84,0.06831429693800048,5.0,False
9.85,0.06812823906794045,5.0,False
9.86,0.06794268793731256,5.0,False
9.870000000000001,0.06775764216592868,5.0,False
9.88,0.06757310037734743,5.0,False
9.89,0.06738906119886273,5.0,False
9.9,0.06720552326149279,5.0,False
9.91,0.06702248519996884,5.0,False
9.92,0.06683994565272396,5.0,False
9.93,0.06665790326188184,5.0,False
9.94,0.06647635667324561,5.0,False
9.950000000000001,0.06629530453628661,5.0,False
9.96,0.0661147455041333,5.0,False
9.97,0.06593467823355985,5.0,False
9.98,0.06575510138497512,5.0,False
9.99,0.06557601362241137,5.0,False
10.0,0.06539741361351314,5.0,False
10.01,0.06521930002952593,5.0,False
10.02,0.0650416715452851,5.0,False
10.03,0.06486452684746341,5.0,False
10.040000000000001,0.0646878646220909,5.0,False
10.05,0.06451168354659309,5.0,False
10.06,0.06433598231048537,5.0,False
10.07,0.06416075960684106,5.0,False
10.08,0.06398601413228075,5.0,False
10.09,0.06381174458696166,5.0,False
10.1,0.06363794967456708,5.0,False
10.11,0.06346462810229568,5.0,False
10.120000000000001,0.06329177858085087,5.0,False
10.13,0.06311939982443036,5.0,False
10.14,0.06294749055071527,5.0,False
10.15,0.06277604948085971,5.0,False
10.16,0.06260507533948007,5.0,False
10.17,0.062434566854644394,5.0,False
10.18,0.06226452275786184,5.0,False
10.19,0.062094941784071975,5.0,False
10.200000000000001,0.06192582267163415,5.0,False
10.21,0.061757164162317,5.0,False
10.22,0.06158896500128767,5.0,False
10.23,0.061421223953483206,5.0,False
10.24,0.061253939759389225,5.0,False
10.25,0.061087111173540196,5.0,False
10.26,0.06092073695501275,5.0,False
10.27,0.06075481586625215,5.0,False
10.28,0.06058934667306212,5.0,False
10.290000000000001,0.0604243281445948,5.0,False
10.3,0.06025975905334079,5.0,False
10.31,0.060095638175118905,5.0,False
10.32,0.05993196428906617,5.0,False
10.33,0.05976873617762781,5.0,False
10.34,0.0596059526265471,5.0,False
10.35,0.05944361242485533,5.0,False
10.36,0.05928171436486173,5.0,False
10.370000000000001,0.05912025724214336,5.0,False
10.38,0.05895923985553518,5.0,False
10.39,0.05879866100711976,5.0,False
10.4,0.05863851950221738,5.0,False
10.41,0.05847881414937588,5.0,False
10.42,0.05831954376661302,5.0,False
10.43,0.05816070717492149,5.0,False
10.44,0.058002303183979684,5.0,False
10.450000000000001,0.05784433061553374,5.0,False
10.46,0.05768678829452863,5.0,False
10.47,0.057529675049098464,5.0,False
10.48,0.05737298971055698,5.0,False
10.49,0.057216731113388035,5.0,False
10.5,0.057060898095236,5.0,False
10.51,0.05690548949689623,5.0,False
10.52,0.05675050416230548,5.0,False
10.53,0.056595940938532395,5.0,False
10.540000000000001,0.05644179867576789,5.0,False
10.55,0.0562880762273157,5.0,False
10.56,0.0561347724495827,5.0,False
10.57,0.05598188620206942,5.0,False
10.58,0.05582941634736048,5.0,False
10.59,0.05567736175111503,5.0,False
10.6,0.055525721282057204,5.0,False
10.61,0.055374493811966546,5.0,False
10.620000000000001,0.05522367822714163,5.0,False
10.63,0.05507327340158828,5.0,False
10.64,0.054923278212359844,5.0,False
10.65,0.05477369154374527,5.0,False
10.66,0.05462451228306218,5.0,False
10.67,0.05447573932064779,5.0,False
10.68,0.054327371549849866,5.0,False
10.69,0.054179407867017665,5.0,False
10.700000000000001,0.05403184717149286,5.0,False
10.71,0.053884688365600585,5.0,False
10.72,0.0537379303546402,5.0,False
10.73,0.05359157204687639,5.0,False
10.74,0.05344561235353002,5.0,False
10.75,0.05330005018876914,5.0,False
10.76,0.05315488446969989,5.0,False
10.77,0.05301011411635745,5.0,False
10.78,0.052865738051697,5.0,False
10.790000000000001,0.05272175520158463,5.0,False
10.8,0.05257816449478838,5.0,False
10.81,0.052434964863453795,5.0,False
10.82,0.05229215525711563,5.0,False
10.83,0.052149734601088474,5.0,False
10.84,0.05200770183600945,5.0,False
10.85,0.05186605590539202,5.0,False
10.86,0.05172479575561737,5.0,False
10.870000000000001,0.05158392033592583,5.0,False
10.88,0.051443428598408364,5.0,False
10.89,0.051303319497997886,5.0,False
10.9,0.05116359199246073,5.0,False
10.91,0.05102424504238811,5.0,False
10.92,0.05088527761118745,5.0,False
10.93,0.05074668866507389,5.0,False
10.94,0.050608477173061675,5.0,False
10.950000000000001,0.050470642106955524,5.0,False
10.96,0.050333182441342196,5.0,False
10.97,0.05019609715358174,5.0,False
10.98,0.05005938522379899,5.0,False
10.99,0.04992304563487502,5.0,False
11.0,0.04978707737243851,5.0,False
11.01,0.04965147942983851,5.0,False
11.02,0.04951625080423157,5.0,False
11.03,0.049381390481677404,5.0,False
11.040000000000001,0.049246897459047034,5.0,False
11.05,0.04911277073593501,5.0,False
11.06,0.04897900931465111,5.0,False
11.07,0.048845612200212336,5.0,False
11.08,0.04871257840033474,5.0,False
11.09,0.048579906925425284,5.0,False
11.1,0.04844759678857373,5.0,False
11.11,0.04831564700554451,5.0,False
11.120000000000001,0.048184056594768564,5.0,False
11.13,0.04805282457733528,5.0,False
11.14,0.04792194997698426,5.0,False
11.15,0.04779143182009728,5.0,False
11.16,0.047661269135690104,5.0,False
11.17,0.047531460955404385,5.0,False
11.18,0.047402006313499515,5.0,False
11.19,0.047272904246844515,5.0,False
11.200000000000001,0.047144153794909854,5.0,False
11.21,0.04701575400901529,5.0,False
11.22,0.04688770393137203,5.0,False
11.23,0.04676000260558181,5.0,False
11.24,0.04663264908176385,5.0,False
11.25,0.046505642412616,5.0,False
11.26,0.046378981653406995,5.0,False
11.27,0.046252665861968814,5.0,False
11.28,0.046126694098688914,5.0,False
11.290000000000001,0.046001065426502515,5.0,False
11.3,0.045875778910884984,5.0,False
11.31,0.045750833619844014,5.0,False
11.32,0.045626228623911975,5.0,False
11.33,0.045501962996138186,5.0,False
11.34,0.04537803581208125,5.0,False
11.35,0.045254446149801265,5.0,False
11.36,0.04513119308985222,5.0,False
11.370000000000001,0.04500827571527418,5.0,False
11.38,0.04488569311158571,5.0,False
11.39,0.044763444366776005,5.0,False
11.4,0.044641528571324016,5.0,False
11.41,0.044519944831458894,5.0,False
11.42,0.04439869223202074,5.0,False
11.43,0.04427776987110108,5.0,False
11.44,0.04415717684924024,5.0,False
11.450000000000001,0.04403691226942001,5.0,False
11.46,0.04391697523705642,5.0,False
11.47,0.04379736485999232,5.0,False
11.48,0.04367808024849016,5.0,False
11.49,0.04355912051522464,5.0,False
11.5,0.043440484775275436,5.0,False
11.51,0.043322172146119865,5.0,False
11.52,0.0432041817476256,5.0,False
11.53,0.04308651270204337,5.0,False
11.540000000000001,0.04296916413399958,5.0,False
11.55,0.04285213517048918,5.0,False
11.56,0.04273542494086814,5.0,False
11.57,0.0426190325768463,5.0,False
11.58,0.04250295721248,5.0,False
11.59,0.04238719798416479,5.0,False
11.6,0.04227175403455044,5.0,False
11.61,0.042156624510630375,5.0,False
11.620000000000001,0.04204180854871563,5.0,False
11.63,0.041927305294772316,5.0,False
11.64,0.04181311389708494,5.0,False
11.65,0.04169923350624956,5.0,False
11.66,0.041585663275166794,5.0,False
11.67,0.04147240235903497,5.0,False
11.68,0.041359449915343086,5.0,False
11.69,0.041246805103864,5.0,False
11.700000000000001,0.04113446708664738,5.0,False
11.71,0.0410224350280129,5.0,False
11.72,0.04091070809454319,5.0,False
11.73,0.04079928545507697,5.0,False
11.74,0.04068816628070211,5.0,False
11.75,0.040577349744748706,5.0,False
11.76,0.04046683502278212,5.0,False
11.77,0.04035662129259609,5.0,False
11.78,0.04024670773420576,5.0,False
11.790000000000001,0.04013709352984076,5.0,False
11.8,0.04002777786952634,5.0,False
11.81,0.03991875994253348,5.0,False
11.82,0.03981003893224549,5.0,False
11.83,0.03970161402996229,5.0,False
11.84,0.03959348442917907,5.0,False
11.85,0.03948564932557973,5.0,False
11.86,0.03937810791703028,5.0,False
11.870000000000001,0.039270859403572306,5.0,False
11.88,0.039163902987416434,5.0,False
11.89,0.03905723787293569,5.0,False
11.9,0.03895086326665898,5.0,False
11.91,0.03884477837726453,5.0,False
11.92,0.0387389824155733,5.0,False
11.93,0.038633474594542444,5.0,False
11.94,0.03852825412925871,5.0,False
11.950000000000001,0.038423320236931895,5.0,False
11.96,0.03831867213688833,5.0,False
11.97,0.038214309050564214,5.0,False
11.98,0.03811023020149912,5.0,False
11.99,0.03800643481532939,5.0,False
12.0,0.037902922126852576,5.0,False
12.01,0.03779969136528619,5.0,False
12.02,0.03769674175872474,5.0,False
12.030000000000001,0.03759407254139708,5.0,False
12.040000000000001,0.03749168294961084,5.0,False
12.05,0.03738957222174613,5.0,False
12.06,0.03728773959824939,5.0,False
12.07,0.037186184321627146,5.0,False
12.08,0.037084905636439805,5.0,False
12.09,0.03698390278929544,5.0,False
12.1,0.036883175028843584,5.0,False
12.11,0.03678272160576897,5.0,False
12.120000000000001,0.036682541772785356,5.0,False
12.13,0.03658263478462934,5.0,False
12.14,0.03648299989805406,5.0,False
12.15,0.03638363637182302,5.0,False
12.16,0.0362845434667039,5.0,False
12.17,0.03618572044546231,5.0,False
12.18,0.036087166572855565,5.0,False
12.19,0.0359888811156265,5.0,False
12.200000000000001,0.03589086335081968,5.0,False
12.21,0.035793112545564776,5.0,False
12.22,0.03569562797032621,5.0,False
12.23,0.03559840889998331,5.0,False
12.24,0.03550145461138375,5.0,False
12.25,0.0354047643833377,5.0,False
12.26,0.035308337496611907,5.0,False
12.27,0.03521217323392379,5.0,False
12.280000000000001,0.035116270879935595,5.0,False
12.290000000000001,0.0350206297212485,5.0,False
12.3,0.03492524904639672,5.0,False
12.31,0.03483012814584157,5.0,False
12.32,0.03473526631196566,5.0,False
12.33,0.034640662839066964,5.0,False
12.34,0.03454631702335293,5.0,False
12.35,0.034452228162934605,5.0,False
12.36,0.03435839555782075,5.0,False
12.370000000000001,0.03426481850991191,5.0,False
12.38,0.03417149632299463,5.0,False
12.39,0.03407842830273543,5.0,False
12.4,0.03398561376613228,5.0,False
12.41,0.03389305201632151,5.0,False
12.42,0.033800742363832625,5.0,False
12.43,0.03370868412203692,5.0,False
12.44,0.03361687660616941,5.0,False
12.450000000000001,0.0335253191333233,5.0,False
12.46,0.03343401102244445,5.0,False
12.47,0.033342951594325675,5.0,False
12.48,0.03325214017160129,5.0,False
12.49,0.03316157607874145,5.0,False
12.5,0.03307125864204662,5.0,False
12.51,0.03298118718964198,5.0,False
12.52,0.03289136105147181,5.0,False
12.530000000000001,0.03280177955929396,5.0,False
12.540000000000001,0.032712442046674305,5.0,False
12.55,0.03262334784898104,5.0,False
12.56,0.03253449630337923,5.0,False
12.57,0.03244588674882514,5.0,False
12.58,0.032357518526060725,5.0,False
12.59,0.032269390977981545,5.0,False
12.6,0.03218150345832759,5.0,False
12.61,0.0320938553054784,5.0,False
12.620000000000001,0.032006445867483385,5.0,False
12.63,0.03191927449416205,5.0,False
12.64,0.03183234053709855,5.0,False
12.65,0.0317456433496365,5.0,False
12.66,0.031659182286873665,5.0,False
12.67,0.03157295670565669,5.0,False
12.68,0.031486965964575786,5.0,False
12.69,0.03140120942395946,5.0,False
12.700000000000001,0.031315686445869205,5.0,False
12.71,0.031230396394094303,5.0,False
12.72,0.03114533863414641,5.0,False
12.73,0.031060512533254363,5.0,False
12.74,0.03097591746035885,5.0,False
12.75,0.030891552786107154,5.0,False
12.76,0.03080741788284784,5.0,False
12.77,0.03072351212462549,5.0,False
12.780000000000001,0.03063983488717539,5.0,False
12.790000000000001,0.030556385549583138,5.0,False
12.8,0.030473163497813288,5.0,False
12.81,0.030390168106191176,5.0,False
12.82,0.030307398757373465,5.0,False
12.83,0.030224854835692674,5.0,False
12.84,0.030142535727152125,5.0,False
12.85,0.03006044081942097,5.0,False
12.86,0.02997856950182915,5.0,False
12.870000000000001,0.02989692116536238,5.0,False
12.88,0.029815495202657194,5.0,False
12.89,0.02973429100799583,5.0,False
12.9,0.029653307977301296,5.0,False
12.91,0.029572545508132334,5.0,False
12.92,0.0294920029996784,5.0,False
12.93,0.02941167985275465,5.0,False
12.94,0.029331575469796953,5.0,False
12.950000000000001,0.02925168925485682,5.0,False
12.96,0.02917202061359649,5.0,False
12.97,0.029092568953283795,5.0,False
12.98,0.029013333682787235,5.0,False
12.99,0.0289343142133807,5.0,False
13.0,0.028855509965331396,5.0,False
13.01,0.028776920345279525,5.0,False
13.02,0.028698544768652495,5.0,False
13.030000000000001,0.028620382652464603,5.0,False
13.040000000000001,0.028542433415312304,5.0,False
13.05,0.028464696477369426,5.0,False
13.06,0.02838717126038244,5.0,False
13.07,0.028309857187665727,5.0,False
13.08,0.02823275368409683,5.0,False
13.09,0.02815586017611169,5.0,False
13.1,0.02807917609169992,5.0,False
13.11,0.02800270086040005,5.0,False
13.120000000000001,0.02792643391329477,5.0,False
13.13,0.02785037468300624,5.0,False
13.14,0.027774522603691256,5.0,False
13.15,0.02769887711103657,5.0,False
13.16,0.02762343764225412,5.0,False
13.17,0.02754820363607629,5.0,False
13.18,0.027473174532751166,5.0,False
13.19,0.027398349774037937,5.0,False
13.200000000000001,0.027323728812437997,5.0,False
13.21,0.027249311085398374,5.0,False
13.22,0.027175096039379024,5.0,False
13.23,0.027101083122342672,5.0,False
13.24,0.02702727178375032,5.0,False
13.25,0.026953661474556766,5.0,False
13.26,0.026880251647206095,5.0,False
13.27,0.026807041755627207,5.0,False
13.280000000000001,0.026734031255229298,5.0,False
13.290000000000001,0.02666121960289744,5.0,False
13.3,0.026588606256987998,5.0,False
13.31,0.0265161906773242,5.0,False
13.32,0.02644397232519163,5.0,False
13.33,0.02637195066333375,5.0,False
13.34,0.02630012515594739,5.0,False
13.35,0.02622849526867827,5.0,False
13.36,0.026157060468616523,5.0,False
13.370000000000001,0.02608582022429216,5.0,False
13.38,0.026014774005670663,5.0,False
13.39,0.025943921284148398,5.0,False
13.4,0.025873261540335313,5.0,False
13.41,0.025802794243180476,5.0,False
13.42,0.02573251886781753,5.0,False
13.43,0.025662434891515016,5.0,False
13.44,0.025592541792960312,5.0,False
13.450000000000001,0.025522839052255337,5.0,False
13.46,0.02545332615091236,5.0,False
13.47,0.02538400257184969,5.0,False
13.48,0.025314867799387446,5.0,False
13.49,0.025245921319243334,5.0,False
13.5,0.02517716261852836,5.0,False
13.51,0.025108591185742598,5.0,False
13.52,0.025040206510770945,5.0,False
13.530000000000001,0.024972008084878847,5.0,False
13.540000000000001,0.0249039954007081,5.0,False
13.55,0.024836167952272534,5.0,False
13.56,0.024768525234953803,5.0,False
13.57,0.024701066745497127,5.0,False
13.58,0.024633791982007044,5.0,False
13.59,0.024566700443943164,5.0,False
13.6,0.024499791638626194,5.0,False
13.61,0.024433065064682437,5.0,False
13.620000000000001,0.024366520224458267,5.0,False
13.63,0.02430015662297173,5.0,False
13.64,0.024233973766584337,5.0,False
13.65,0.02416797116299708,5.0,False
13.66,0.02410214832124641,5.0,False
13.67,0.02403650475170018,5.0,False
13.68,0.02397103996605367,5.0,False
13.69,0.023905753477325514,5.0,False
13.700000000000001,0.02384064479985369,5.0,False
13.71,0.02377571344929154,5.0,False
13.72,0.023710958942603663,5.0,False
13.73,0.02364638079806195,5.0,False
13.74,0.023581978535241545,5.0,False
13.75,0.023517751675016813,5.0,False
13.76,0.02345369973955732,5.0,False
13.77,0.02338982225232381,5.0,False
13.780000000000001,0.02332611873806416,5.0,False
13.790000000000001,0.023262588722809424,5.0,False
13.8,0.023199231739303817,5.0,False
13.81,0.023136047314123658,5.0,False
13.82,0.02307303497541907,5.0,False
13.83,0.023010194254484032,5.0,False
13.84,0.022947524683884685,5.0,False
13.85,0.02288502579745555,5.0,False
13.86,0.02282269713029569,5.0,False
13.870000000000001,0.022760538218764906,5.0,False
13.88,0.02269854860047996,5.0,False
13.89,0.022636727814310705,5.0,False
13.9,0.022575075400376315,5.0,False
13.91,0.022513590900041455,5.0,False
13.92,0.022452273855912492,5.0,False
13.93,0.022391123811833655,5.0,False
13.94,0.022330140312883252,5.0,False
13.950000000000001,0.022269322905369822,5.0,False
13.96,0.02220867113682839,5.0,False
13.97,0.02214818455601658,5.0,False
13.98,0.022087862712910845,5.0,False
13.99,0.02202770515870265,5.0,False
14.0,0.021967711450401592,5.0,False
14.01,0.021907881140922,5.0,False
14.02,0.021848213782808983,5.0,False
14.030000000000001,0.021788708932237333,5.0,False
14.040000000000001,0.021729366146586413,5.0,False
14.05,0.02167018498443647,5.0,False
14.06,0.02161116500556506,5.0,False
14.07,0.02155230577094343,5.0,False
14.08,0.021493606842732906,5.0,False
14.09,0.021435067784281267,5.0,False
14.1,0.021376688160119155,5.0,False
14.11,0.021318467535956433,5.0,False
14.120000000000001,0.02126040547867858,5.0,False
14.13,0.021202501556343116,5.0,False
14.14,0.021144755338175926,5.0,False
14.15,0.021087166394567678,5.0,False
14.16,0.021029734297070213,5.0,False
14.17,0.020972458618392927,5.0,False
14.18,0.02091533893239915,5.0,False
14.19,0.02085837481410254,5.0,False
14.200000000000001,0.02080156584128411,5.0,False
14.21,0.020744911595844538,5.0,False
14.22,0.02068841165157604,5.0,False
14.23,0.02063206558821413,5.0,False
14.24,0.020575872986635012,5.0,False
14.25,0.02051983342885215,5.0,False
14.26,0.020463946498012846,5.0,False
14.27,0.020408211778394844,5.0,False
14.280000000000001,0.020352628855402875,5.0,False
14.290000000000001,0.020297197315565292,5.0,False
14.3,0.020241916746530603,5.0,False
14.31,0.020186786737064075,5.0,False
14.32,0.02013180687704431,5.0,False
14.33,0.020076976757459834,5.0,False
14.34,0.02002229597040568,5.0,False
14.35,0.019967764109079956,5.0,False
14.36,0.01991338076778044,5.0,False
14.370000000000001,0.01985914554190116,5.0,False
14.38,0.019805058027928993,5.0,False
14.39,0.0197511178234402,5.0,False
14.4,0.01969732452709705,5.0,False
14.41,0.01964367774454448,5.0,False
14.42,0.019590177073206087,5.0,False
14.43,0.019536822114073534,5.0,False
14.44,0.01948361247027393,5.0,False
14.450000000000001,0.019430547746011457,5.0,False
14.46,0.019377627546564212,5.0,False
14.47,0.019324851478280874,5.0,False
14.48,0.01927221914857754,5.0,False
14.49,0.019219730165934486,5.0,False
14.5,0.019167384139892926,5.0,False
14.51,0.01911518068105178,5.0,False
14.52,0.019063119401064456,5.0,False
14.530000000000001,0.019011199912635602,5.0,False
14.540000000000001,0.018959421829517913,5.0,False
14.55,0.018907784766508853,5.0,False
14.56,0.018856288339447448,5.0,False
14.57,0.01880493216521106,5.0,False
14.58,0.01875371586171215,5.0,False
14.59,0.018702639047895046,5.0,False
14.6,0.01865170134373272,5.0,False
14.61,0.018600902372989298,5.0,False
14.620000000000001,0.018550241759442955,5.0,False
14.63,0.018499719123040298,5.0,False
14.64,0.0184493340879783,5.0,False
14.65,0.018399086279474012,5.0,False
14.66,0.01834897532376149,5.0,False
14.67,0.01829900084808874,5.0,False
14.68,0.018249162480714672,5.0,False
14.69,0.01819945985090603,5.0,False
14.700000000000001,0.018149892588934343,5.0,False
14.71,0.018100460326072897,5.0,False
14.72,0.018051162694593628,5.0,False
14.73,0.018001999327764105,5.0,False
14.74,0.01795296985984447,5.0,False
14.75,0.01790407392608436,5.0,False
14.76,0.017855311162719895,5.0,False
14.77,0.017806681206970574,5.0,False
14.780000000000001,0.01775818369703625,5.0,False
14.790000000000001,0.01770981827209408,5.0,False
14.8,0.017661584572295448,5.0,False
14.81,0.01761348223895019,5.0,False
14.82,0.0175655109193527,5.0,False
14.83,0.017517670252384755,5.0,False
14.84,0.017469959882195463,5.0,False
14.85,0.017422379453900495,5.0,False
14.86,0.017374928613579213,5.0,False
14.870000000000001,0.017327607008271777,5.0,False
14.88,0.017280414285976337,5.0,False
14.89,0.017233350095646107,5.0,False
14.9,0.017186414087186522,5.0,False
14.91,0.017139605911452388,5.0,False
14.92,0.017092925220244994,5.0,False
14.93,0.017046371666309252,5.0,False
14.94,0.016999944903330847,5.0,False
14.950000000000001,0.016953644585933333,5.0,False
14.96,0.01690747036967533,5.0,False
14.97,0.016861421911047586,5.0,False
14.98,0.016815498867470163,5.0,False
14.99,0.016769700897289543,5.0,False
0.0,1.0,5.0,True
0.01,0.9463135022134381,5.0,True
0.02,0.9239396929176673,5.0,True
0.03,0.9066708203854571,5.0,True
0.04,0.8922419734114033,5.0,True
0.05,0.8795056604507278,5.0,True
0.06,0.868008614231822,5.0,True
0.07,0.8574535352006534,5.0,True
0.08,0.8476484364225279,5.0,True
0.09,0.8384589495750225,5.0,True
0.1,0.8297871030819307,5.0,True
0.11,0.821558754056701,5.0,True
0.12,0.813716174767935,5.0,True
0.13,0.8062133561048002,5.0,True
0.14,0.799012913053317,5.0,True
0.15,0.7920839686730369,5.0,True
0.16,0.7854006631841686,5.0,True
0.17,0.778941076076753,5.0,True
0.18,0.7726864293669328,5.0,True
0.19,0.7666204871819695,5.0,True
0.2,0.7607290955477182,5.0,True
0.21,0.7549998242904913,5.0,True
0.22,0.7494216846287856,5.0,True
0.23,0.7439849037514864,5.0,True
0.24,0.7386807429151182,5.0,True
0.25,0.7335013491967683,5.0,True
0.26,0.7284396335848299,5.0,True
0.27,0.7234891698925094,5.0,True
0.28,0.7186441103050899,5.0,True
0.29,0.7138991143224704,5.0,True
0.3,0.7092492885886362,5.0,True
0.31,0.7046901356304035,5.0,True
0.32,0.7002175099425881,5.0,True
0.33,0.6958275801686997,5.0,True
0.34,0.6915167963765275,5.0,True
0.35000000000000003,0.6872818616044815,5.0,True
0.36,0.6831197070227003,5.0,True
0.37,0.6790274701589778,5.0,True
0.38,0.6750024757368365,5.0,True
0.39,0.6710422187548214,5.0,True
0.4,0.6671443494965665,5.0,True
0.41000000000000003,0.6633066601958566,5.0,True
0.42,0.6595270731526632,5.0,True
0.43,0.6558036301086387,5.0,True
0.44,0.6521344827082197,5.0,True
0.45,0.6485178839428795,5.0,True
0.46,0.644952180410293,5.0,True
0.47000000000000003,0.641435805342433,5.0,True
0.48,0.6379672722974549,5.0,True
0.49,0.6345451694074693,5.0,True
0.5,0.6311681541714923,5.0,True
0.51,0.6278349486985643,5.0,True
0.52,0.6245443353743653,5.0,True
0.53,0.6212951528906314,5.0,True
0.54,0.6180862925979513,5.0,True
0.55,0.6149166951819655,5.0,True
0.56,0.6117853475868605,5.0,True
0.5700000000000001,0.6086912801870974,5.0,True
0.58,0.6056335641888917,5.0,True
0.59,0.602611309224936,5.0,True
0.6,0.5996236611096932,5.0,True
0.61,0.5966697997901986,5.0,True
0.62,0.5937489374447704,5.0,True
0.63,0.5908603166950501,5.0,True
0.64,0.5880032089485269,5.0,True
0.65,0.5851769128854616,5.0,True
0.66,0.5823807529992261,5.0,True
0.67,0.5796140782871404,5.0,True
0.68,0.5768762609722574,5.0,True
0.6900000000000001,0.5741666953820891,5.0,True
0.7000000000000001,0.5714847968072153,5.0,True
0.71,0.5688300005169369,5.0,True
0.72,0.5662017607908958,5.0,True
0.73,0.5635995500075415,5.0,True
0.74,0.56102285780793,5.0,True
0.75,0.5584711902955206,5.0,True
0.76,0.555944069286665,5.0,True
0.77,0.5534410316522104,5.0,True
0.78,0.5509616285769809,5.0,True
0.79,0.5485054249677545,5.0,True
0.8,0.5460719989106138,5.0,True
0.81,0.5436609410038272,5.0,True
0.8200000000000001,0.5412718539495578,5.0,True
0.8300000000000001,0.5389043519669584,5.0,True
0.84,0.5365580603569079,5.0,True
0.85,0.5342326150445231,5.0,True
0.86,0.5319276621805095,5.0,True
0.87,0.5296428576907881,5.0,True
0.88,0.5273778669189878,5.0,True
0.89,0.5251323642858429,5.0,True
0.9,0.5229060328867123,5.0,True
0.91,0.5206985642333087,5.0,True
0.92,0.518509657883061,5.0,True
0.93,0.5163390211522291,5.0,True
0.9400000000000001,0.5141863688224648,5.0,True
0.9500000000000001,0.5120514230022422,5.0,True
0.96,0.5099339126452541,5.0,True
0.97,0.507833573511512,5.0,True
0.98,0.505750147742101,5.0,True
0.99,0.5036833837664688,5.0,True
1.0,0.5016330360558635,5.0,True
1.01,0.4995988649580592,5.0,True
1.02,0.49758063642201966,5.0,True
1.03,0.495578121883194,5.0,True
1.04,0.4935910980196996,5.0,True
1.05,0.49161934661438733,5.0,True
1.06,0.48966265440469087,5.0,True
1.07,0.48772081288042396,5.0,True
1.08,0.4857936182058366,5.0,True
1.09,0.483880870966906,5.0,True
1.1,0.48198237622543233,5.0,True
1.11,0.4800979430521677,5.0,True
1.12,0.47822738473662657,5.0,True
1.1300000000000001,0.47637051849653395,5.0,True
1.1400000000000001,0.47452716546993395,5.0,True
1.1500000000000001,0.47269715035126614,5.0,True
1.16,0.4708803016649143,5.0,True
1.17,0.4690764513339259,5.0,True
1.18,0.4672854345734408,5.0,True
1.19,0.46550709017295366,5.0,True
1.2,0.46374125993516624,5.0,True
1.21,0.4619877888736141,5.0,True
1.22,0.4602465251094971,5.0,True
1.23,0.45851731958879166,5.0,True
1.24,0.4568000261494327,5.0,True
1.25,0.45509450155254993,5.0,True
1.26,0.45340060513196834,5.0,True
1.27,0.45171819905219546,5.0,True
1.28,0.4500471479340392,5.0,True
1.29,0.4483873188532787,5.0,True
1.3,0.4467385814742584,5.0,True
1.31,0.44510080778229605,5.0,True
1.32,0.443473872064783,5.0,True
1.33,0.4418576507548611,5.0,True
1.34,0.44025202276197506,5.0,True
1.35,0.43865686906505874,5.0,True
1.36,0.4370720727276725,5.0,True
1.37,0.4354975185294477,5.0,True
1.3800000000000001,0.4339330937432385,5.0,True
1.3900000000000001,0.4323786873415001,5.0,True
1.4000000000000001,0.4308341903226742,5.0,True
1.41,0.42929949529479006,5.0,True
1.42,0.4277744968990911,5.0,True
1.43,0.4262590914375736,5.0,True
1.44,0.42475317701595683,5.0,True
1.45,0.4232566533698164,5.0,True
1.46,0.4217694217984921,5.0,True
1.47,0.42029138543089445,5.0,True
1.48,0.4188224487241946,5.0,True
1.49,0.4173625176663155,5.0,True
1.5,0.4159115001177321,5.0,True
1.51,0.4144693051145612,5.0,True
1.52,0.4130358430547453,5.0,True
1.53,0.4116110257862706,5.0,True
1.54,0.4101947667244593,5.0,True
1.55,0.40878698031869876,5.0,True
1.56,0.4073875827067622,5.0,True
1.57,0.4059964908616686,5.0,True
1.58,0.4046136235720577,5.0,True
1.59,0.40323890034204807,5.0,True
1.6,0.4018722419642429,5.0,True
1.61,0.4005135708374401,5.0,True
1.62,0.3991628099626085,5.0,True
1.6300000000000001,0.39781988362286286,5.0,True
1.6400000000000001,0.39648471755558923,5.0,True
1.6500000000000001,0.39515723850378354,5.0,True
1.6600000000000001,0.3938373736565232,5.0,True
1.67,0.3925250517100436,5.0,True
1.68,0.3912202025441439,5.0,True
1.69,0.3899227566621237,5.0,True
1.7,0.38863264589289603,5.0,True
1.71,0.38734980285979265,5.0,True
1.72,0.3860741610841735,5.0,True
1.73,0.3848056547365001,5.0,True
1.74,0.3835442198055408,5.0,True
1.75,0.3822897922579937,5.0,True
1.76,0.38104230906357944,5.0,True
1.77,0.3798017087404082,5.0,True
1.78,0.3785679295115024,5.0,True
1.79,0.3773409114753355,5.0,True
1.8,0.37612059510805634,5.0,True
1.81,0.374906921534738,5.0,True
1.82,0.37369983265544054,5.0,True
1.83,0.37249927164430463,5.0,True
1.84,0.3713051819761538,5.0,True
1.85,0.37011750767996415,5.0,True
1.86,0.3689361938749624,5.0,True
1.87,0.3677611864640215,5.0,True
1.8800000000000001,0.3665924318010337,5.0,True
1.8900000000000001,0.3654298766552923,5.0,True
1.9000000000000001,0.36427346926779713,5.0,True
1.9100000000000001,0.36312315799242395,5.0,True
1.92,0.3619788921659783,5.0,True
1.93,0.3608406210955899,5.0,True
1.94,0.3597082944333868,5.0,True
1.95,0.3585818642405958,5.0,True
1.96,0.35746128248237796,5.0,True
1.97,0.35634650027609904,5.0,True
1.98,0.35523747006922946,5.0,True
1.99,0.354134146236287,5.0,True
2.0,0.3530364823937978,5.0,True
2.0100000000000002,0.3519444322101478,5.0,True
2.02,0.3508579510097814,5.0,True
2.0300000000000002,0.34977699489436126,5.0,True
2.04,0.3487015200067208,5.0,True
2.05,0.34763148223801504,5.0,True
2.06,0.3465668389383529,5.0,True
2.07,0.34550754771194475,5.0,True
2.08,0.34445356660203397,5.0,True
2.09,0.3434048539419536,5.0,True
2.1,0.3423613693776148,5.0,True
2.11,0.34132307149798174,5.0,True
2.12,0.34028992100526984,5.0,True
2.13,0.33926187830964066,5.0,True
2.14,0.3382389042836842,5.0,True
2.15,0.3372209598327041,5.0,True
2.16,0.3362080067266389,5.0,True
2.17,0.3352000077534538,5.0,True
2.18,0.3341969253893091,5.0,True
2.19,0.33319872189792066,5.0,True
2.2,0.3322053613796516,5.0,True
2.21,0.33121680778390955,5.0,True
2.22,0.3302330250119381,5.0,True
2.23,0.32925397788009053,5.0,True
2.24,0.32827963121582054,5.0,True
2.25,0.32730995060312407,5.0,True
2.2600000000000002,0.3263449014636114,5.0,True
2.27,0.3253844503893227,5.0,True
2.2800000000000002,0.32442856342336546,5.0,True
2.29,0.3234772077324966,5.0,True
2.3000000000000003,0.32253035064638036,5.0,True
2.31,0.32158795900942594,5.0,True
2.32,0.320650001535175,5.0,True
2.33,0.319716447136462,5.0,True
2.34,0.3187872615414534,5.0,True
2.35,0.3178624165649264,5.0,True
2.36,0.31694187966235565,5.0,True
2.37,0.31602562089147307,5.0,True
2.38,0.31511361045646624,5.0,True
2.39,0.31420581808855974,5.0,True
2.4,0.31330221468219976,5.0,True
2.41,0.31240276955077967,5.0,True
2.42,0.3115074547096515,5.0,True
2.43,0.3106162424673214,5.0,True
2.44,0.3097291046024549,5.0,True
2.45,0.30884601035638926,5.0,True
2.46,0.3079669341066787,5.0,True
2.47,0.3070918483609557,5.0,True
2.48,0.30622072550318447,5.0,True
2.49,0.3053535383412201,5.0,True
2.5,0.30449025905543176,5.0,True
2.5100000000000002,0.3036308631365542,5.0,True
2.52,0.30277532325224865,5.0,True
2.5300000000000002,0.30192361341457263,5.0,True
2.54,0.3010757086150585,5.0,True
2.5500000000000003,0.3002315828130447,5.0,True
2.56,0.2993912122201812,5.0,True
2.57,0.29855456929650503,5.0,True
2.58,0.29772163120153883,5.0,True
2.59,0.2968923730012372,5.0,True
2.6,0.2960667703952808,5.0,True
2.61,0.295244799527018,5.0,True
2.62,0.29442643616020087,5.0,True
2.63,0.2936116563394162,5.0,True
2.64,0.29280043754324836,5.0,True
2.65,0.2919927566630734,5.0,True
2.66,0.29118858988416,5.0,True
2.67,0.2903879160024804,5.0,True
2.68,0.2895907118187599,5.0,True
2.69,0.2887969550495514,5.0,True
2.7,0.28800662214488215,5.0,True
2.71,0.2872196929385547,5.0,True
2.72,0.28643614507829307,5.0,True
2.73,0.285655957317826,5.0,True
2.74,0.28487910895952917,5.0,True
2.75,0.2841055782309257,5.0,True
2.7600000000000002,0.2833353440122182,5.0,True
2.77,0.28256838560879477,5.0,True
2.7800000000000002,0.28180468244791185,5.0,True
2.79,0.28104421441023086,5.0,True
2.8000000000000003,0.2802869613451996,5.0,True
2.81,0.2795329031683484,5.0,True
2.82,0.27878202097663796,5.0,True
2.83,0.27803429395047435,5.0,True
2.84,0.27728970191744257,5.0,True
2.85,0.2765482268912294,5.0,True
2.86,0.2758098494319118,5.0,True
2.87,0.27507455074067483,5.0,True
2.88,0.2743423117663596,5.0,True
2.89,0.27361311557705514,5.0,True
2.9,0.2728869408398774,5.0,True
2.91,0.27216376891840166,5.0,True
2.92,0.2714435846024913,5.0,True
2.93,0.27072636856499016,5.0,True
2.94,0.27001210272768467,5.0,True
2.95,0.269300769167057,5.0,True
2.96,0.2685923498573261,5.0,True
2.97,0.2678868285710454,5.0,True
2.98,0.26718418586082626,5.0,True
2.99,0.266484407392692,5.0,True
3.0,0.2657874772201068,5.0,True
3.0100000000000002,0.26509337544103345,5.0,True
3.02,0.2644020847551047,5.0,True
3.0300000000000002,0.2637135904070309,5.0,True
3.04,0.2630278778538969,5.0,True
3.0500000000000003,0.26234492575207563,5.0,True
3.06,0.26166472203592916,5.0,True
3.0700000000000003,0.2609872492252216,5.0,True
3.08,0.2603124928015548,5.0,True
3.09,0.2596404347675344,5.0,True
3.1,0.258971060680189,5.0,True
3.11,0.25830435556854997,5.0,True
3.12,0.2576403019985173,5.0,True
3.13,0.2569788866158561,5.0,True
3.14,0.25632009574525655,5.0,True
3.15,0.25566391047371906,5.0,True
3.16,0.25501031771875815,5.0,True
3.17,0.25435930508250276,5.0,True
3.18,0.25371085367890955,5.0,True
3.19,0.25306495166159093,5.0,True
3.2,0.25242158394602465,5.0,True
3.21,0.2517807353685424,5.0,True
3.22,0.251142392138271,5.0,True
3.23,0.25050654276832285,5.0,True
3.24,0.2498731688902425,5.0,True
3.25,0.24924225978063796,5.0,True
3.2600000000000002,0.24861380150888476,5.0,True
3.27,0.24798777921508355,5.0,True
3.2800000000000002,0.24736417808495612,5.0,True
3.29,0.2467429868572177,5.0,True
3.3000000000000003,0.2461241942684689,5.0,True
3.31,0.24550778312308855,5.0,True
3.3200000000000003,0.24489374164842212,5.0,True
3.33,0.24428205727311164,5.0,True
3.34,0.24367271694265943,5.0,True
3.35,0.24306570701166988,5.0,True
3.36,0.24246101646324061,5.0,True
3.37,0.24185862924393464,5.0,True
3.38,0.24125853530297073,5.0,True
3.39,0.24066072277810396,5.0,True
3.4,0.24006517742041109,5.0,True
3.41,0.23947188611405396,5.0,True
3.42,0.23888084078824862,5.0,True
3.43,0.2382920273077097,5.0,True
3.44,0.23770543122931673,5.0,True
3.45,0.23712104668448783,5.0,True
3.46,0.23653885307145517,5.0,True
3.47,0.23595884713690932,5.0,True
3.48,0.23538101390218003,5.0,True
3.49,0.23480533934078626,5.0,True
3.5,0.23423181381706948,5.0,True
3.5100000000000002,0.23366043054683708,5.0,True
3.52,0.23309117037982224,5.0,True
3.5300000000000002,0.23252402407933198,5.0,True
3.54,0.23195897991017467,5.0,True
3.5500000000000003,0.23139603642086573,5.0,True
3.56,0.23083516929230607,5.0,True
3.5700000000000003,0.2302763737550688,5.0,True
3.58,0.22971964340215964,5.0,True
3.59,0.22916495749942234,5.0,True
3.6,0.228612312984173,5.0,True
3.61,0.22806169808575408,5.0,True
3.62,0.2275131019545898,5.0,True
3.63,0.22696651146166172,5.0,True
3.64,0.22642191687565627,5.0,True
3.65,0.22587931132176972,5.0,True
3.66,0.22533868128502016,5.0,True
3.67,0.22480002020848405,5.0,True
3.68,0.22426331196581809,5.0,True
3.69,0.22372855223814064,5.0,True
3.7,0.22319572446939415,5.0,True
3.71,0.22266482691596529,5.0,True
3.72,0.2221358457981237,5.0,True
3.73,0.22160877206236593,5.0,True
3.74,0.2210835933730874,5.0,True
3.75,0.2205603079889074,5.0,True
3.7600000000000002,0.2200389003937609,5.0,True
3.77,0.21951935408923245,5.0,True
3.7800000000000002,0.2190016714959705,5.0,True
3.79,0.218485840367172,5.0,True
3.8000000000000003,0.2179718428962139,5.0,True
3.81,0.2174596770688734,5.0,True
3.8200000000000003,0.21694933913832593,5.0,True
3.83,0.2164408123833943,5.0,True
3.84,0.21593408469478004,5.0,True
3.85,0.2154291591674321,5.0,True
3.86,0.21492602131316463,5.0,True
3.87,0.21442465637912628,5.0,True
3.88,0.21392505930418979,5.0,True
3.89,0.2134272263066898,5.0,True
3.9,0.2129311417722486,5.0,True
3.91,0.2124367982005686,5.0,True
3.92,0.21194418858735853,5.0,True
3.93,0.21145330880914884,5.0,True
3.94,0.21096414499163815,5.0,True
3.95,0.21047668640982042,5.0,True
3.96,0.2099909274044014,5.0,True
3.97,0.20950686050382067,5.0,True
3.98,0.20902447914221423,5.0,True
3.99,0.2085437751517488,5.0,True
4.0,0.20806473946820495,5.0,True
4.01,0.20758735970220493,5.0,True
4.0200000000000005,0.20711163318132997,5.0,True
4.03,0.20663755005767734,5.0,True
4.04,0.20616510506144342,5.0,True
4.05,0.20569428593392988,5.0,True
4.0600000000000005,0.20522508499162742,5.0,True
4.07,0.20475749970516274,5.0,True
4.08,0.2042915203887008,5.0,True
4.09,0.20382713339395983,5.0,True
4.1,0.20336433492506617,5.0,True
4.11,0.20290311726505036,5.0,True
4.12,0.2024434737584656,5.0,True
4.13,0.2019853987561762,5.0,True
4.14,0.20152888123951268,5.0,True
4.15,0.20107391476273984,5.0,True
4.16,0.20062049630646034,5.0,True
4.17,0.20016861598054506,5.0,True
4.18,0.19971826631880213,5.0,True
4.19,0.19926943857467624,5.0,True
4.2,0.19882212841766347,5.0,True
4.21,0.19837632301707214,5.0,True
4.22,0.1979320179442409,5.0,True
4.23,0.19748920304990106,5.0,True
4.24,0.1970478855782728,5.0,True
4.25,0.19660804514623545,5.0,True
4.26,0.19616967847876884,5.0,True
4.2700000000000005,0.19573278063258376,5.0,True
4.28,0.19529733514245914,5.0,True
4.29,0.19486334602264074,5.0,True
4.3,0.19443080296825357,5.0,True
4.3100000000000005,0.1939997068251188,5.0,True
4.32,0.19357003982962062,5.0,True
4.33,0.1931418031512922,5.0,True
4.34,0.19271498576508075,5.0,True
4.3500000000000005,0.19228958065664606,5.0,True
4.36,0.19186558026015918,5.0,True
4.37,0.19144298618981687,5.0,True
4.38,0.1910217890169804,5.0,True
4.39,0.19060197473586635,5.0,True
4.4,0.19018354611882354,5.0,True
4.41,0.18976648592402473,5.0,True
4.42,0.18935079380065206,5.0,True
4.43,0.18893647047115542,5.0,True
4.44,0.18852350150737468,5.0,True
4.45,0.18811188354382677,5.0,True
4.46,0.18770161490698378,5.0,True
4.47,0.187292687308103,5.0,True
4.48,0.18688509081380544,5.0,True
4.49,0.18647882025981788,5.0,True
4.5,0.18607386634079387,5.0,True
4.51,0.18567023015328638,5.0,True
4.5200000000000005,0.18526790910280883,5.0,True
4.53,0.18486688419360536,5.0,True
4.54,0.18446715795416987,5.0,True
4.55,0.18406872760662613,5.0,True
4.5600000000000005,0.18367157723004113,5.0,True
4.57,0.18327570498001597,5.0,True
4.58,0.1828811108930684,5.0,True
4.59,0.18248778482698919,5.0,True
4.6000000000000005,0.1820957275294448,5.0,True
4.61,0.1817049269447078,5.0,True
4.62,0.18131537789927313,5.0,True
4.63,0.18092707567753563,5.0,True
4.64,0.18054001476400572,5.0,True
4.65,0.18015418901602406,5.0,True
4.66,0.1797695937123797,5.0,True
4.67,0.17938622442080418,5.0,True
4.68,0.179004071753547,5.0,True
4.69,0.1786231284530241,5.0,True
4.7,0.17824340243656545,5.0,True
4.71,0.17786487865130932,5.0,True
4.72,0.17748755519581236,5.0,True
4.73,0.1771114271215858,5.0,True
4.74,0.1767364890014337,5.0,True
4.75,0.17636272214468768,5.0,True
4.76,0.17599014589808043,5.0,True
4.7700000000000005,0.17561874399234842,5.0,True
4.78,0.1752485047561652,5.0,True
4.79,0.17487942887864685,5.0,True
4.8,0.17451150932731238,5.0,True
4.8100000000000005,0.17414474637674915,5.0,True
4.82,0.17377912821290808,5.0,True
4.83,0.17341464655376318,5.0,True
4.84,0.17305131554828476,5.0,True
4.8500000000000005,0.17268912126166602,5.0,True
4.86,0.1723280484819678,5.0,True
4.87,0.17196809980736497,5.0,True
4.88,0.171609277218269,5.0,True
4.89,0.17125155862070204,5.0,True
4.9,0.17089495313133027,5.0,True
4.91,0.17053945458062514,5.0,True
4.92,0.17018505455318253,5.0,True
4.93,0.16983174185375627,5.0,True
4.94,0.16947953268950866,5.0,True
4.95,0.16912840450680142,5.0,True
4.96,0.16877836375938335,5.0,True
4.97,0.16842939499532306,5.0,True
4.98,0.1680814925827176,5.0,True
4.99,0.16773466754069521,5.0,True
5.0,0.16738891311518705,5.0,True
5.01,0.16704420778866788,5.0,True
5.0200000000000005,0.16670055265977102,5.0,True
5.03,0.16635795902061626,5.0,True
5.04,0.16601641314657073,5.0,True
5.05,0.1656759040519683,5.0,True
5.0600000000000005,0.16533643786168356,5.0,True
5.07,0.16499800837824857,5.0,True
5.08,0.16466059751765197,5.0,True
5.09,0.16432421363517052,5.0,True
5.1000000000000005,0.16398887780340907,5.0,True
5.11,0.1636545177543303,5.0,True
5.12,0.16332118338330762,5.0,True
5.13,0.16298886730458725,5.0,True
5.14,0.16265753778738823,5.0,True
5.15,0.1623272157124161,5.0,True
5.16,0.16199788471643908,5.0,True
5.17,0.1616695521808908,5.0,True
5.18,0.16134221424055184,5.0,True
5.19,0.16101585622837677,5.0,True
5.2,0.1606904780207538,5.0,True
5.21,0.16036606829892588,5.0,True
5.22,0.1600426412846256,5.0,True
5.23,0.1597201712158595,5.0,True
5.24,0.15939867375256564,5.0,True
5.25,0.159078126097066,5.0,True
5.26,0.15875854001298753,5.0,True
5.2700000000000005,0.15843991114655506,5.0,True
5.28,0.15812221370916024,5.0,True
5.29,0.15780546663554035,5.0,True
5.3,0.1574896588160642,5.0,True
5.3100000000000005,0.15717479347455518,5.0,True
5.32,0.15686087655822825,5.0,True
5.33,0.15654787344824656,5.0,True
5.34,0.15623579623260406,5.0,True
5.3500000000000005,0.15592465011479834,5.0,True
5.36,0.1556144169894104,5.0,True
5.37,0.15530509537659132,5.0,True
5.38,0.1549966886479207,5.0,True
5.39,0.1546891925771634,5.0,True
5.4,0.15438260882405733,5.0,True
5.41,0.15407690624762063,5.0,True
5.42,0.15377210432528585,5.0,True
5.43,0.15346820088939794,5.0,True
5.44,0.15316518880199254,5.0,True
5.45,0.15286304744837045,5.0,True
5.46,0.15256180330108407,5.0,True
5.47,0.15226143429761763,5.0,True
5.48,0.15196195003960536,5.0,True
5.49,0.15166332424450715,5.0,True
5.5,0.1513655761710453,5.0,True
5.51,0.15106870017572605,5.0,True
5.5200000000000005,0.15077267247847267,5.0,True
5.53,0.15047751410315055,5.0,True
5.54,0.15018320584785166,5.0,True
5.55,0.14988974289656032,5.0,True
5.5600000000000005,0.14959713081678055,5.0,True
5.57,0.14930536072262016,5.0,True
5.58,0.1490144335136038,5.0,True
5.59,0.1487243452115334,5.0,True
5.6000000000000005,0.14843510462304588,5.0,True
5.61,0.1481466994700624,5.0,True
5.62,0.14785912849437022,5.0,True
5.63,0.14757236047826816,5.0,True
5.64,0.14728643523564972,5.0,True
5.65,0.1470013285142872,5.0,True
5.66,0.14671703656276758,5.0,True
5.67,0.1464335609983237,5.0,True
5.68,0.146150880146455,5.0,True
5.69,0.14586901359307694,5.0,True
5.7,0.1455879531299696,5.0,True
5.71,0.14530769317413295,5.0,True
5.72,0.14502822750037037,5.0,True
5.73,0.14474956045510873,5.0,True
5.74,0.14447168493420232,5.0,True
5.75,0.14419459115810995,5.0,True
5.76,0.14391827360740053,5.0,True
5.7700000000000005,0.14364274969897037,5.0,True
5.78,0.14336801203586158,5.0,True
5.79,0.14309403766263426,5.0,True
5.8,0.1428208446038038,5.0,True
5.8100000000000005,0.14254841201813243,5.0,True
5.82,0.14227676876577963,5.0,True
5.83,0.14200589646711953,5.0,True
5.84,0.14173577229248835,5.0,True
5.8500000000000005,0.14146640425908968,5.0,True
5.86,0.14119779986610248,5.0,True
5.87,0.1409299423025947,5.0,True
5.88,0.14066283912796979,5.0,True
5.89,0.1403964909573791,5.0,True
5.9,0.14013088729571715,5.0,True
5.91,0.1398660156463455,5.0,True
5.92,0.1396019010588871,5.0,True
5.93,0.1393385058200581,5.0,True
5.94,0.13907584510826565,5.0,True
5.95,0.13881391585634986,5.0,True
5.96,0.1385527125320483,5.0,True
5.97,0.1382922418507818,5.0,True
5.98,0.13803250152643007,5.0,True
5.99,0.13777347431271988,5.0,True
6.0,0.13751515859519953,5.0,True
6.01,0.13725755484904983,5.0,True
6.0200000000000005,0.13700067786434922,5.0,True
6.03,0.13674451387580117,5.0,True
6.04,0.1364890432764579,5.0,True
6.05,0.13623427108035846,5.0,True
6.0600000000000005,0.1359802153521276,5.0,True
6.07,0.13572686214417184,5.0,True
6.08,0.13547419545291164,5.0,True
6.09,0.13522222059238345,5.0,True
6.1000000000000005,0.13497094078138916,5.0,True
6.11,0.13472036449193436,5.0,True
6.12,0.13447048092893554,5.0,True
6.13,0.13422127074942447,5.0,True
6.140000000000001,0.13397274276306242,5.0,True
6.15,0.13372488350378317,5.0,True
6.16,0.13347771901991334,5.0,True
6.17,0.13323123126827718,5.0,True
6.18,0.13298539779243948,5.0,True
6.19,0.13274023802731516,5.0,True
6.2,0.13249576540908126,5.0,True
6.21,0.13225190945550624,5.0,True
6.22,0.13200873743328784,5.0,True
6.23,0.13176623907016613,5.0,True
6.24,0.1315243705139118,5.0,True
6.25,0.13128318511100195,5.0,True
6.26,0.1310426649090841,5.0,True
6.2700000000000005,0.13080278400237907,5.0,True
6.28,0.13056352791836487,5.0,True
6.29,0.1303249346160991,5.0,True
6.3,0.13008697787853962,5.0,True
6.3100000000000005,0.12984964844062755,5.0,True
6.32,0.12961298583456332,5.0,True
6.33,0.1293769587520949,5.0,True
6.34,0.12914153838914844,5.0,True
6.3500000000000005,0.12890677914589807,5.0,True
6.36,0.12867260362110286,5.0,True
6.37,0.12843910515129764,5.0,True
6.38,0.12820623050289717,5.0,True
6.390000000000001,0.1279739578837013,5.0,True
6.4,0.12774230674397166,5.0,True
6.41,0.12751129119604948,5.0,True
6.42,0.1272808910021929,5.0,True
6.43,0.12705110495225994,5.0,True
6.44,0.12682192359378544,5.0,True
6.45,0.12659334864176947,5.0,True
6.46,0.12636538143334342,5.0,True
6.47,0.12613800632195488,5.0,True
6.48,0.125911269407966,5.0,True
6.49,0.1256851083197067,5.0,True
6.5,0.12545954367004813,5.0,True
6.51,0.1252346066939329,5.0,True
6.5200000000000005,0.12501024642358896,5.0,True
6.53,0.1247864688815918,5.0,True
6.54,0.1245632830696791,5.0,True
6.55,0.12434070588524418,5.0,True
6.5600000000000005,0.12411868019136232,5.0,True
6.57,0.12389724783623648,5.0,True
6.58,0.12367642151687737,5.0,True
6.59,0.12345617798778227,5.0,True
6.6000000000000005,0.1232364683253751,5.0,True
6.61,0.12301733740277702,5.0,True
6.62,0.12279882192440694,5.0,True
6.63,0.12258085073146383,5.0,True
6.640000000000001,0.1223634645485302,5.0,True
6.65,0.12214663958223945,5.0,True
6.66,0.12193038129991694,5.0,True
6.67,0.12171470809952539,5.0,True
6.68,0.12149957530724038,5.0,True
6.69,0.12128498785035474,5.0,True
6.7,0.12107100383586702,5.0,True
6.71,0.12085752321935637,5.0,True
6.72,0.12064462786188278,5.0,True
6.73,0.12043229760306874,5.0,True
6.74,0.12022049039541358,5.0,True
6.75,0.12000925070901909,5.0,True
6.76,0.11979856495990737,5.0,True
6.7700000000000005,0.11958839586457062,5.0,True
6.78,0.11937878588164488,5.0,True
6.79,0.11916970980003762,5.0,True
6.8,0.11896120481020808,5.0,True
6.8100000000000005,0.1187532125571588,5.0,True
6.82,0.11854576716776034,5.0,True
6.83,0.11833888276584774,5.0,True
6.84,0.11813250195807508,5.0,True
6.8500000000000005,0.11792665619945503,5.0,True
6.86,0.11772130093145826,5.0,True
6.87,0.11751650822236391,5.0,True
6.88,0.11731221322066733,5.0,True
6.890000000000001,0.11710848697164267,5.0,True
6.9,0.11690527055382795,5.0,True
6.91,0.1167025569003726,5.0,True
6.92,0.11650037839254429,5.0,True
6.93,0.11629872282351256,5.0,True
6.94,0.11609754990963889,5.0,True
6.95,0.11589689201567512,5.0,True
6.96,0.11569676610395416,5.0,True
6.97,0.11549712763290325,5.0,True
6.98,0.11529801247573589,5.0,True
6.99,0.11509940165437521,5.0,True
7.0,0.11490130266645456,5.0,True
7.01,0.11470368523278993,5.0,True
7.0200000000000005,0.11450658329018096,5.0,True
7.03,0.11430997383689205,5.0,True
7.04,0.11411384796185002,5.0,True
7.05,0.1139182398500147,5.0,True
7.0600000000000005,0.11372313150852673,5.0,True
7.07,0.11352849545739076,5.0,True
7.08,0.1133343509706758,5.0,True
7.09,0.11314067634669031,5.0,True
7.1000000000000005,0.11294754412259095,5.0,True
7.11,0.11275487617254473,5.0,True
7.12,0.11256271278852926,5.0,True
7.13,0.11237100437808689,5.0,True
7.140000000000001,0.11217978451206623,5.0,True
7.15,0.11198901743179528,5.0,True
7.16,0.11179874938135745,5.0,True
7.17,0.1116089515114907,5.0,True
7.18,0.11141965593423421,5.0,True
7.19,0.11123080445572409,5.0,True
7.2,0.11104242609735056,5.0,True
7.21,0.11085452559032165,5.0,True
7.22,0.11066709295671324,5.0,True
7.23,0.11048014155321903,5.0,True
7.24,0.11029366139184645,5.0,True
7.25,0.1101076444823231,5.0,True
7.26,0.10992210341836418,5.0,True
7.2700000000000005,0.10973698128199,5.0,True
7.28,0.10955231990751388,5.0,True
7.29,0.10936812390808898,5.0,True
7.3,0.10918441153819398,5.0,True
7.3100000000000005,0.10900111943561032,5.0,True
7.32,0.10881828774786008,5.0,True
7.33,0.10863593611114046,5.0,True
7.34,0.10845404047052591,5.0,True
7.3500000000000005,0.10827255197728791,5.0,True
7.36,0.10809152612016888,5.0,True
7.37,0.10791093932045076,5.0,True
7.38,0.10773079024028381,5.0,True
7.390000000000001,0.10755108594652316,5.0,True
7.4,0.10737185114992955,5.0,True
7.41,0.10719302762969983,5.0,True
7.42,0.10701467883673167,5.0,True
7.43,0.10683673162087214,5.0,True
7.44,0.10665922779255768,5.0,True
7.45,0.10648220036975975,5.0,True
7.46,0.10630557053996018,5.0,True
7.47,0.10612935170077738,5.0,True
7.48,0.10595360680600208,5.0,True
7.49,0.10577825493762583,5.0,True
7.5,0.1056033181586439,5.0,True
7.51,0.10542885115273287,5.0,True
7.5200000000000005,0.10525479201514294,5.0,True
7.53,0.1050812130355961,5.0,True
7.54,0.10490801091550594,5.0,True
7.55,0.10473522976057177,5.0,True
7.5600000000000005,0.10456291039033214,5.0,True
7.57,0.10439093775400642,5.0,True
7.58,0.1042194463007629,5.0,True
7.59,0.10404829241696044,5.0,True
7.6000000000000005,0.10387754241556826,5.0,True
7.61,0.10370730149107639,5.0,True
7.62,0.10353742221784884,5.0,True
7.63,0.10336791318539813,5.0,True
7.640000000000001,0.10319880882496824,5.0,True
7.65,0.10303016711324897,5.0,True
7.66,0.10286198466794738,5.0,True
7.67,0.10269414341693629,5.0,True
7.68,0.10252670684436449,5.0,True
7.69,0.10235967931661566,5.0,True
7.7,0.1021930595711838,5.0,True
7.71,0.10202679249061379,5.0,True
7.72,0.10186089839182527,5.0,True
7.73,0.10169543871062653,5.0,True
7.74,0.10153038890569743,5.0,True
7.75,0.10136571953231947,5.0,True
7.76,0.10120151378414316,5.0,True
7.7700000000000005,0.10103759306700674,5.0,True
7.78,0.1008741590168049,5.0,True
7.79,0.10071108208670462,5.0,True
7.8,0.10054836901179606,5.0,True
7.8100000000000005,0.10038605048730986,5.0,True
7.82,0.1002241666448609,5.0,True
7.83,0.10006264498186618,5.0,True
7.84,0.09990149379197526,5.0,True
7.8500000000000005,0.09974069107489592,5.0,True
7.86,0.09958030732272194,5.0,True
7.87,0.09942034254994586,5.0,True
7.88,0.09926071466029486,5.0,True
7.890000000000001,0.0991014173952988,5.0,True
7.9,0.09894258203214744,5.0,True
7.91,0.09878405689239965,5.0,True
7.92,0.09862595149604113,5.0,True
7.930000000000001,0.09846817536704285,5.0,True
7.94,0.09831079519583702,5.0,True
7.95,0.0981537714910107,5.0,True
7.96,0.09799712451400196,5.0,True
7.97,0.09784086051947631,5.0,True
7.98,0.09768496463323155,5.0,True
7.99,0.09752940565174721,5.0,True
8.0,0.09737428308208802,5.0,True
8.01,0.09721954164406682,5.0,True
8.02,0.09706507187813754,5.0,True
8.03,0.0969110425587645,5.0,True
8.040000000000001,0.09675738388318686,5.0,True
8.05,0.09660396044570817,5.0,True
8.06,0.09645101720342661,5.0,True
8.07,0.09629837159006648,5.0,True
8.08,0.09614605799164572,5.0,True
8.09,0.09599412161771134,5.0,True
8.1,0.09584257998076731,5.0,True
8.11,0.09569136240145858,5.0,True
8.120000000000001,0.09554047620835773,5.0,True
8.13,0.09538995625919011,5.0,True
8.14,0.09523979232383252,5.0,True
8.15,0.0950899908122954,5.0,True
8.16,0.09494055123629491,5.0,True
8.17,0.09479140097363627,5.0,True
8.18,0.09464265375190453,5.0,True
8.19,0.09449426916974539,5.0,True
8.2,0.09434610335005861,5.0,True
8.21,0.09419832721720534,5.0,True
8.22,0.09405090471321048,5.0,True
8.23,0.09390386480568287,5.0,True
8.24,0.09375719550894068,5.0,True
8.25,0.09361080765274003,5.0,True
8.26,0.09346474594007487,5.0,True
8.27,0.09331900002721608,5.0,True
8.28,0.09317360516020741,5.0,True
8.290000000000001,0.09302856399019412,5.0,True
8.3,0.09288387727609865,5.0,True
8.31,0.09273946007882032,5.0,True
8.32,0.09259540378847148,5.0,True
8.33,0.09245168450866229,5.0,True
8.34,0.09230831465996725,5.0,True
8.35,0.09216526467712513,5.0,True
8.36,0.09202250210639794,5.0,True
8.370000000000001,0.09188010081537257,5.0,True
8.38,0.09173802361129088,5.0,True
8.39,0.09159623040334249,5.0,True
8.4,0.0914547557295843,5.0,True
8.41,0.09131361849040776,5.0,True
8.42,0.09117279094352779,5.0,True
8.43,0.09103237193843937,5.0,True
8.44,0.09089223528586143,5.0,True
8.45,0.09075240416453258,5.0,True
8.46,0.09061287699775743,5.0,True
8.47,0.09047370625155882,5.0,True
8.48,0.09033486517753377,5.0,True
8.49,0.09019626880935236,5.0,True
8.5,0.09005801615384078,5.0,True
8.51,0.08992009008722236,5.0,True
8.52,0.08978246064783346,5.0,True
8.53,0.08964511675557399,5.0,True
8.540000000000001,0.08950809730565858,5.0,True
8.55,0.08937144235336276,5.0,True
8.56,0.08923503832842843,5.0,True
8.57,0.08909891661613611,5.0,True
8.58,0.08896311645508698,5.0,True
8.59,0.08882760881132527,5.0,True
8.6,0.08869244817011881,5.0,True
8.61,0.08855760373749415,5.0,True
8.620000000000001,0.08842302185793356,5.0,True
8.63,0.08828870116122584,5.0,True
8.64,0.0881547534779341,5.0,True
8.65,0.08802114389744949,5.0,True
8.66,0.0878878180770624,5.0,True
8.67,0.08775470852097544,5.0,True
8.68,0.08762191388646712,5.0,True
8.69,0.0874894830943693,5.0,True
8.700000000000001,0.08735733361487075,5.0,True
8.71,0.08722541156046433,5.0,True
8.72,0.08709382635446496,5.0,True
8.73,0.08696254701535694,5.0,True
8.74,0.0868315192332358,5.0,True
8.75,0.08670079987654737,5.0,True
8.76,0.08657039780498348,5.0,True
8.77,0.08644031178270124,5.0,True
8.78,0.08631045848936625,5.0,True
8.790000000000001,0.08618085428719079,5.0,True
8.8,0.08605163592992737,5.0,True
8.81,0.08592268778098859,5.0,True
8.82,0.08579396958265949,5.0,True
8.83,0.08566556532022063,5.0,True
8.84,0.0855375122607033,5.0,True
8.85,0.08540969942214931,5.0,True
8.86,0.08528214212295585,5.0,True
8.870000000000001,0.08515483866256118,5.0,True
8.88,0.08502786001325825,5.0,True
8.89,0.08490118736799178,5.0,True
8.9,0.0847747107524474,5.0,True
8.91,0.08464855530502656,5.0,True
8.92,0.084522677657506,5.0,True
8.93,0.08439709145003466,5.0,True
8.94,0.08427179259261935,5.0,True
8.950000000000001,0.08414676842417855,5.0,True
8.96,0.08402201796343393,5.0,True
8.97,0.0838975276230673,5.0,True
8.98,0.08377328259133367,5.0,True
8.99,0.08364932364682047,5.0,True
9.0,0.08352563793911984,5.0,True
9.01,0.08340222226476283,5.0,True
9.02,0.08327909018034343,5.0,True
9.03,0.0831561585566509,5.0,True
9.040000000000001,0.08303352563680011,5.0,True
9.05,0.08291125476584944,5.0,True
9.06,0.0827891928032972,5.0,True
9.07,0.08266739626031891,5.0,True
9.08,0.08254590697354378,5.0,True
9.09,0.082424625813268,5.0,True
9.1,0.08230355374985067,5.0,True
9.11,0.08218285782429503,5.0,True
9.120000000000001,0.08206244649670277,5.0,True
9.13,0.0819422256404367,5.0,True
9.14,0.08182228172984823,5.0,True
9.15,0.0817025681075017,5.0,True
9.16,0.08158315642757884,5.0,True
9.17,0.08146397525253861,5.0,True
9.18,0.08134496920966665,5.0,True
9.19,0.08122632064391412,5.0,True
9.200000000000001,0.08110787099201715,5.0,True
9.21,0.08098971833230104,5.0,True
9.22,0.08087182200904855,5.0,True
9.23,0.08075417960241893,5.0,True
9.24,0.08063672151225038,5.0,True
9.25,0.08051960239155136,5.0,True
9.26,0.08040274456914928,5.0,True
9.27,0.08028609703488031,5.0,True
9.28,0.08016965745724397,5.0,True
9.290000000000001,0.08005356622462427,5.0,True
9.3,0.07993778903943248,5.0,True
9.31,0.0798220772654839,5.0,True
9.32,0.07970671649890777,5.0,True
9.33,0.07959147508277055,5.0,True
9.34,0.07947672172912444,5.0,True
9.35,0.07936200850350984,5.0,True
9.36,0.07924760602235491,5.0,True
9.370000000000001,0.07913347013186575,5.0,True
9.38,0.07901950923968964,5.0,True
9.39,0.07890579514356423,5.0,True
9.4,0.07879232119961686,5.0,True
9.41,0.07867923015967683,5.0,True
9.42,0.07856625985766823,5.0,True
9.43,0.07845356278057986,5.0,True
9.44,0.07834104821274132,5.0,True
9.450000000000001,0.07822882978192519,5.0,True
9.46,0.07811679651127047,5.0,True
9.47,0.07800485080381787,5.0,True
9.48,0.07789341401629106,5.0,True
9.49,0.07778208941044486,5.0,True
9.5,0.07767110479707208,5.0,True
9.51,0.0775602235772881,5.0,True
9.52,0.07744962474819005,5.0,True
9.53,0.07733939341797205,5.0,True
9.540000000000001,0.07722933418449873,5.0,True
9.55,0.07711952119911247,5.0,True
9.56,0.07700982714971766,5.0,True
9.57,0.07690045302185335,5.0,True
9.58,0.0767911385499193,5.0,True
9.59,0.07668222677790183,5.0,True
9.6,0.07657353854231198,5.0,True
9.61,0.07646506568939924,5.0,True
9.620000000000001,0.07635672329693582,5.0,True
9.63,0.07624870965544364,5.0,True
9.64,0.07614091755818564,5.0,True
9.65,0.07603333922872149,5.0,True
9.66,0.0759258751790755,5.0,True
9.67,0.07581879273253875,5.0,True
9.68,0.07571183341226422,5.0,True
9.69,0.0756050594479261,5.0,True
9.700000000000001,0.0754986377392072,5.0,True
9.71,0.07539230740154867,5.0,True
9.72,0.07528634077561042,5.0,True
9.73,0.07518067336688423,5.0,True
9.74,0.07507491998825627,5.0,True
9.75,0.07496956021704786,5.0,True
9.76,0.07486447309251443,5.0,True
9.77,0.07475947684319159,5.0,True
9.78,0.07465470537067226,5.0,True
9.790000000000001,0.0745502491626892,5.0,True
9.8,0.07444592480986068,5.0,True
9.81,0.07434187153358687,5.0,True
9.82,0.07423817039528866,5.0,True
9.83,0.07413450031346991,5.0,True
9.84,0.07403096674647487,5.0,True
9.85,0.07392789896490516,5.0,True
9.86,0.07382493740285609,5.0,True
9.870000000000001,0.07372216659579912,5.0,True
9.88,0.07361960600310102,5.0,True
9.89,0.07351720459335488,5.0,True
9.9,0.07341511253991907,5.0,True
9.91,0.07331317292597599,5.0,True
9.92,0.0732114038966559,5.0,True
9.93,0.07310988796734764,5.0,True
9.94,0.07300861851718128,5.0,True
9.950000000000001,0.07290755750343003,5.0,True
9.96,0.07280656841268911,5.0,True
9.97,0.07270587229279565,5.0,True
9.98,0.07260549258593864,5.0,True
9.99,0.07250524608529685,5.0,True
10.0,0.07240521847870048,5.0,True
10.01,0.07230535185967812,5.0,True
10.02,0.0722056808539036,5.0,True
10.03,0.07210622609731986,5.0,True
10.040000000000001,0.07200698890749369,5.0,True
10.05,0.07190799643949354,5.0,True
10.06,0.07180910528180992,5.0,True
10.07,0.07171042351316748,5.0,True
10.08,0.07161211910422129,5.0,True
10.09,0.07151391138227604,5.0,True
10.1,0.07141577185015978,5.0,True
10.11,0.07131795836242306,5.0,True
10.120000000000001,0.07122034082736174,5.0,True
10.13,0.07112297764774304,5.0,True
10.14,0.07102580705517196,5.0,True
10.15,0.07092868230231589,5.0,True
10.16,0.07083181852977896,5.0,True
10.17,0.07073517432826293,5.0,True
10.18,0.07063875578663166,5.0,True
10.19,0.0705425964035323,5.0,True
10.200000000000001,0.0704465752506246,5.0,True
10.21,0.07035069188514487,5.0,True
10.22,0.07025501913728482,5.0,True
10.23,0.07015948450506383,5.0,True
10.24,0.07006425609054281,5.0,True
10.25,0.06996917473168736,5.0,True
10.26,0.06987421748218862,5.0,True
10.27,0.06977953651803312,5.0,True
10.28,0.06968494770265866,5.0,True
10.290000000000001,0.06959056925873418,5.0,True
10.3,0.06949646275475349,5.0,True
10.31,0.06940259660227496,5.0,True
10.32,0.06930880915845432,5.0,True
10.33,0.06921512732064036,5.0,True
10.34,0.06912180483870446,5.0,True
10.35,0.06902860924870236,5.0,True
10.36,0.06893546418665432,5.0,True
10.370000000000001,0.0688427308830607,5.0,True
10.38,0.06875012336024976,5.0,True
10.39,0.06865769824364452,5.0,True
10.4,0.0685654299135479,5.0,True
10.41,0.06847342913199465,5.0,True
10.42,0.06838152570901955,5.0,True
10.43,0.06828980882097978,5.0,True
10.44,0.06819830358283761,5.0,True
10.450000000000001,0.06810681536738486,5.0,True
10.46,0.0680155703964065,5.0,True
10.47,0.06792464838865207,5.0,True
10.48,0.06783392416600326,5.0,True
10.49,0.06774327150546582,5.0,True
10.5,0.06765277258598916,5.0,True
10.51,0.06756245797093247,5.0,True
10.52,0.06747232523648182,5.0,True
10.53,0.06738234153123009,5.0,True
10.540000000000001,0.06729270420384846,5.0,True
10.55,0.0672031029058082,5.0,True
10.56,0.06711368200481517,5.0,True
10.57,0.06702441155693425,5.0,True
10.58,0.06693543155286368,5.0,True
10.59,0.06684651266520016,5.0,True
10.6,0.06675780141075285,5.0,True
10.61,0.0666692121978841,5.0,True
10.620000000000001,0.06658093619511776,5.0,True
10.63,0.06649285861920774,5.0,True
10.64,0.06640481431734256,5.0,True
10.65,0.06631702943952059,5.0,True
10.66,0.06622949668338811,5.0,True
10.67,0.06614205061372241,5.0,True
10.68,0.06605475021299181,5.0,True
10.69,0.06596764865091852,5.0,True
10.700000000000001,0.0658807721788418,5.0,True
10.71,0.06579398148998296,5.0,True
10.72,0.06570739128147707,5.0,True
10.73,0.06562099706370296,5.0,True
10.74,0.06553474310035137,5.0,True
10.75,0.06544857769449544,5.0,True
10.76,0.06536263703218934,5.0,True
10.77,0.0652769492622432,5.0,True
10.78,0.06519126154974696,5.0,True
10.790000000000001,0.06510579914901168,5.0,True
10.8,0.06502066824553537,5.0,True
10.81,0.06493558763213553,5.0,True
10.82,0.06485064623258281,5.0,True
10.83,0.06476584766288795,5.0,True
10.84,0.06468137672633813,5.0,True
10.85,0.0645970099631269,5.0,True
10.86,0.0645127519027644,5.0,True
10.870000000000001,0.0644286572870723,5.0,True
10.88,0.06434483874068202,5.0,True
10.89,0.06426103821527263,5.0,True
10.9,0.06417746022092259,5.0,True
10.91,0.06409409629767601,5.0,True
10.92,0.06401080940177652,5.0,True
10.93,0.06392779282483789,5.0,True
10.94,0.06384490755077156,5.0,True
10.950000000000001,0.06376204443727795,5.0,True
10.96,0.06367929194547867,5.0,True
10.97,0.06359681667335595,5.0,True
10.98,0.06351449668674405,5.0,True
10.99,0.06343230771483648,5.0,True
11.0,0.0633503613144685,5.0,True
11.01,0.06326854087996533,5.0,True
11.02,0.06318674363747753,5.0,True
11.03,0.06310513681975038,5.0,True
11.040000000000001,0.06302384947189009,5.0,True
11.05,0.06294263552453695,5.0,True
11.06,0.06286152127239769,5.0,True
11.07,0.06278067596370474,5.0,True
11.08,0.06270008967078028,5.0,True
11.09,0.06261943167273744,5.0,True
11.1,0.06253885646245302,5.0,True
11.11,0.06245860355510986,5.0,True
11.120000000000001,0.062378635909070786,5.0,True
11.13,0.062298596964538454,5.0,True
11.14,0.06221874116305655,5.0,True
11.15,0.062139094412596005,5.0,True
11.16,0.06205943698144117,5.0,True
11.17,0.06197993846086425,5.0,True
11.18,0.06190062645711844,5.0,True
11.19,0.061821512824558084,5.0,True
11.200000000000001,0.06174296643496437,5.0,True
11.21,0.061664160006148654,5.0,True
11.22,0.06158549227116139,5.0,True
11.23,0.061507190145393756,5.0,True
11.24,0.06142897756557458,5.0,True
11.25,0.061350637962017465,5.0,True
11.26,0.0612727054815699,5.0,True
11.27,0.061194861076741575,5.0,True
11.28,0.06111713382712379,5.0,True
11.290000000000001,0.06103961238582325,5.0,True
11.3,0.060962183026101784,5.0,True
11.31,0.060885167064385466,5.0,True
11.32,0.060808201771228816,5.0,True
11.33,0.06073110866744772,5.0,True
11.34,0.06065414750450612,5.0,True
11.35,0.06057730794605842,5.0,True
11.36,0.06050056333762052,5.0,True
11.370000000000001,0.06042424418294611,5.0,True
11.38,0.060348007783942746,5.0,True
11.39,0.06027180186992856,5.0,True
11.4,0.060195826462812345,5.0,True
11.41,0.06012013141015153,5.0,True
11.42,0.06004446089172179,5.0,True
11.43,0.05996882633552789,5.0,True
11.44,0.05989360854620179,5.0,True
11.450000000000001,0.059818358962900185,5.0,True
11.46,0.05974319918360819,5.0,True
11.47,0.0596682352731411,5.0,True
11.48,0.05959349699269894,5.0,True
11.49,0.05951883446061908,5.0,True
11.5,0.059444344562656015,5.0,True
11.51,0.059369991075956675,5.0,True
11.52,0.059295749413458956,5.0,True
11.53,0.059221534456114215,5.0,True
11.540000000000001,0.05914754621185389,5.0,True
11.55,0.0590735899105664,5.0,True
11.56,0.05899979718990529,5.0,True
11.57,0.05892628765520247,5.0,True
11.58,0.058852712965693804,5.0,True
11.59,0.05877947503972983,5.0,True
11.6,0.05870650188849274,5.0,True
11.61,0.058633465236712964,5.0,True
11.620000000000001,0.05856056383946779,5.0,True
11.63,0.05848797080472503,5.0,True
11.64,0.058415308314277305,5.0,True
11.65,0.05834273665202637,5.0,True
11.66,0.058270463957182876,5.0,True
11.67,0.058198266036654886,5.0,True
11.68,0.05812608835513179,5.0,True
11.69,0.058054140094307885,5.0,True
11.700000000000001,0.05798242589581499,5.0,True
11.71,0.05791051427519902,5.0,True
11.72,0.057838833641274186,5.0,True
11.73,0.05776728103557738,5.0,True
11.74,0.057696141800757494,5.0,True
11.75,0.05762487308154299,5.0,True
11.76,0.05755363951806207,5.0,True
11.77,0.05748276427771375,5.0,True
11.78,0.05741200689460683,5.0,True
11.790000000000001,0.05734133423023103,5.0,True
11.8,0.05727095350914024,5.0,True
11.81,0.05720068931567115,5.0,True
11.82,0.05713044775039579,5.0,True
11.83,0.057060356269472284,5.0,True
11.84,0.05699040051373734,5.0,True
11.85,0.05692030036011418,5.0,True
11.86,0.05685052940563452,5.0,True
11.870000000000001,0.05678093694732326,5.0,True
11.88,0.05671160444051759,5.0,True
11.89,0.05664217920046718,5.0,True
11.9,0.05657285837813669,5.0,True
11.91,0.05650385601340339,5.0,True
11.92,0.05643481317559628,5.0,True
11.93,0.056365898285601394,5.0,True
11.94,0.056297331121903264,5.0,True
11.950000000000001,0.05622871891997156,5.0,True
11.96,0.05616007096125721,5.0,True
11.97,0.05609155611418435,5.0,True
11.98,0.056023552461707725,5.0,True
11.99,0.05595546526204586,5.0,True
12.0,0.05588731505703731,5.0,True
12.01,0.055819572803338914,5.0,True
12.02,0.05575174751903534,5.0,True
12.030000000000001,0.055684252056722706,5.0,True
12.040000000000001,0.05561678701883853,5.0,True
12.05,0.055549466766707564,5.0,True
12.06,0.05548240997495401,5.0,True
12.07,0.05541519356061062,5.0,True
12.08,0.055348268068941664,5.0,True
12.09,0.05528137871343782,5.0,True
12.1,0.05521488824988677,5.0,True
12.11,0.05514814620044905,5.0,True
12.120000000000001,0.055081483461074526,5.0,True
12.13,0.05501503404312569,5.0,True
12.14,0.0549488902915743,5.0,True
12.15,0.05488277766086423,5.0,True
12.16,0.05481667473741426,5.0,True
12.17,0.05475078017002655,5.0,True
12.18,0.054685079877440645,5.0,True
12.19,0.05461943970596719,5.0,True
12.200000000000001,0.05455411053524411,5.0,True
12.21,0.05448878093326588,5.0,True
12.22,0.05442334713987532,5.0,True
12.23,0.05435815564201781,5.0,True
12.24,0.05429310066502416,5.0,True
12.25,0.05422813441671167,5.0,True
12.26,0.05416334224078569,5.0,True
12.27,0.05409852601991966,5.0,True
12.280000000000001,0.05403389053133185,5.0,True
12.290000000000001,0.053969254587018185,5.0,True
12.3,0.05390488423230576,5.0,True
12.31,0.05384056581439376,5.0,True
12.32,0.053776449713662154,5.0,True
12.33,0.05371238943403878,5.0,True
12.34,0.0536483389771089,5.0,True
12.35,0.05358424436471875,5.0,True
12.36,0.053520496505787,5.0,True
12.370000000000001,0.05345687798538678,5.0,True
12.38,0.05339340775649583,5.0,True
12.39,0.053329963767125774,5.0,True
12.4,0.05326650311589702,5.0,True
12.41,0.05320321396619133,5.0,True
12.42,0.05314042357271374,5.0,True
12.43,0.05307748622127349,5.0,True
12.44,0.053014528957230134,5.0,True
12.450000000000001,0.05295174431134663,5.0,True
12.46,0.05288920622614187,5.0,True
12.47,0.05282672215753466,5.0,True
12.48,0.052764242070595956,5.0,True
12.49,0.05270204108947202,5.0,True
12.5,0.05263989050116096,5.0,True
12.51,0.05257795752448677,5.0,True
12.52,0.052516100071080846,5.0,True
12.530000000000001,0.052454273393136984,5.0,True
12.540000000000001,0.052392660285204576,5.0,True
12.55,0.052331022707963186,5.0,True
12.56,0.05226960165205249,5.0,True
12.57,0.05220823247660761,5.0,True
12.58,0.052146973327017704,5.0,True
12.59,0.05208576846160375,5.0,True
12.6,0.0520248435319576,5.0,True
12.61,0.05196378980854468,5.0,True
12.620000000000001,0.05190285903828833,5.0,True
12.63,0.05184220091127004,5.0,True
12.64,0.05178163893589052,5.0,True
12.65,0.051721243530077364,5.0,True
12.66,0.05166083713026479,5.0,True
12.67,0.051600537425120614,5.0,True
12.68,0.051540397460175885,5.0,True
12.69,0.05148026087250929,5.0,True
12.700000000000001,0.05142011584349115,5.0,True
12.71,0.05136008810268834,5.0,True
12.72,0.05130044188495613,5.0,True
12.73,0.05124061552140038,5.0,True
12.74,0.051181230272796245,5.0,True
12.75,0.05112177600420026,5.0,True
12.76,0.051062423670441066,5.0,True
12.77,0.05100307048441273,5.0,True
12.780000000000001,0.05094404094297482,5.0,True
12.790000000000001,0.050884836639619443,5.0,True
12.8,0.05082596346475874,5.0,True
12.81,0.050767021231056086,5.0,True
12.82,0.05070846174003718,5.0,True
12.83,0.05064983172043506,5.0,True
12.84,0.050591359489584646,5.0,True
12.85,0.05053281919033788,5.0,True
12.86,0.05047460835398201,5.0,True
12.870000000000001,0.05041638534486053,5.0,True
12.88,0.05035815462207774,5.0,True
12.89,0.0503000300292754,5.0,True
12.9,0.05024206400908417,5.0,True
12.91,0.0501842546634769,5.0,True
12.92,0.050126758150727486,5.0,True
12.93,0.05006918537712239,5.0,True
12.94,0.05001160963632362,5.0,True
12.950000000000001,0.04995407666010752,5.0,True
12.96,0.04989686809268482,5.0,True
12.97,0.049839751352677035,5.0,True
12.98,0.049782620197625575,5.0,True
12.99,0.04972553837104611,5.0,True
13.0,0.04966882936132973,5.0,True
13.01,0.0496120959341946,5.0,True
13.02,0.04955535113284065,5.0,True
13.030000000000001,0.0494988716707998,5.0,True
13.040000000000001,0.04944247819535486,5.0,True
13.05,0.04938585656263327,5.0,True
13.06,0.04932950619126798,5.0,True
13.07,0.04927319763985947,5.0,True
13.08,0.04921704671379561,5.0,True
13.09,0.04916087977810639,5.0,True
13.1,0.04910492101901671,5.0,True
13.11,0.049049218715254896,5.0,True
13.120000000000001,0.04899333922628854,5.0,True
13.13,0.04893761281674461,5.0,True
13.14,0.04888187905302522,5.0,True
13.15,0.048826405253664544,5.0,True
13.16,0.04877108203619544,5.0,True
13.17,0.048715628707704434,5.0,True
13.18,0.04866028254582774,5.0,True
13.19,0.04860525436365905,5.0,True
13.200000000000001,0.048550036464865824,5.0,True
13.21,0.04849487325956703,5.0,True
13.22,0.04844024393009577,5.0,True
13.23,0.04838569456690536,5.0,True
13.24,0.048330742749902456,5.0,True
13.25,0.04827595525030493,5.0,True
13.26,0.048221651167185915,5.0,True
13.27,0.0481672615075078,5.0,True
13.280000000000001,0.04811302103706488,5.0,True
13.290000000000001,0.04805892532522611,5.0,True
13.3,0.04800491680283583,5.0,True
13.31,0.04795083687160317,5.0,True
13.32,0.04789695765307226,5.0,True
13.33,0.04784317280586348,5.0,True
13.34,0.047789692368293946,5.0,True
13.35,0.04773607449405393,5.0,True
13.36,0.04768260886651821,5.0,True
13.370000000000001,0.0476290057525015,5.0,True
13.38,0.0475757277211298,5.0,True
13.39,0.047522585352184336,5.0,True
13.4,0.04746941940902833,5.0,True
13.41,0.04741634686653282,5.0,True
13.42,0.047363475178154646,5.0,True
13.43,0.04731057220538739,5.0,True
13.44,0.047257874864091554,5.0,True
13.450000000000001,0.047204932454470945,5.0,True
13.46,0.047152198352461386,5.0,True
13.47,0.04709988991404832,5.0,True
13.48,0.047047378837427524,5.0,True
13.49,0.04699479547531226,5.0,True
13.5,0.04694259480443957,5.0,True
13.51,0.046890405752184575,5.0,True
13.52,0.04683836778061892,5.0,True
13.530000000000001,0.04678652021777384,5.0,True
13.540000000000001,0.0467344243101287,5.0,True
13.55,0.04668264896704134,5.0,True
13.56,0.04663100125602182,5.0,True
13.57,0.0465793921300388,5.0,True
13.58,0.04652726071420713,5.0,True
13.59,0.04647595920503744,5.0,True
13.6,0.04642515617538627,5.0,True
13.61,0.046373914191688966,5.0,True
13.620000000000001,0.046322718248074504,5.0,True
13.63,0.04627128488855135,5.0,True
13.64,0.046219840275893244,5.0,True
13.65,0.046169044714257916,5.0,True
13.66,0.046118148058420544,5.0,True
13.67,0.04606772553367825,5.0,True
13.68,0.04601687631231776,5.0,True
13.69,0.04596624112097234,5.0,True
13.700000000000001,0.045915515154781254,5.0,True
13.71,0.045864723969008134,5.0,True
13.72,0.04581451987751516,5.0,True
13.73,0.04576437422507716,5.0,True
13.74,0.04571453140163212,5.0,True
13.75,0.045664317174605555,5.0,True
13.76,0.0456145309078829,5.0,True
13.77,0.04556393000165429,5.0,True
13.780000000000001,0.04551411800422394,5.0,True
13.790000000000001,0.04546409196590828,5.0,True
13.8,0.0454149857122856,5.0,True
13.81,0.04536504389525041,5.0,True
13.82,0.045314842436695674,5.0,True
13.83,0.04526550409676534,5.0,True
13.84,0.04521584799017752,5.0,True
13.85,0.04516682792391217,5.0,True
13.86,0.045117709347870245,5.0,True
13.870000000000001,0.045068452172178,5.0,True
13.88,0.04501934097751646,5.0,True
13.89,0.04497020182250817,5.0,True
13.9,0.04492152243869476,5.0,True
13.91,0.04487313117024297,5.0,True
13.92,0.04482437133590746,5.0,True
13.93,0.044775643095098884,5.0,True
13.94,0.044726614841334875,5.0,True
13.950000000000001,0.04467790906334509,5.0,True
13.96,0.044629508376835686,5.0,True
13.97,0.04458133569468492,5.0,True
13.98,0.04453345273388039,5.0,True
13.99,0.04448552120737045,5.0,True
14.0,0.044437718542433814,5.0,True
14.01,0.0443895482301535,5.0,True
14.02,0.04434190758921948,5.0,True
14.030000000000001,0.04429400328019008,5.0,True
14.040000000000001,0.04424628623108736,5.0,True
14.05,0.04419871133389119,5.0,True
14.06,0.04415098011128152,5.0,True
14.07,0.044103512939719945,5.0,True
14.08,0.04405577462948626,5.0,True
14.09,0.04400841777499906,5.0,True
14.1,0.043960900740091985,5.0,True
14.11,0.043913638581967736,5.0,True
14.120000000000001,0.04386651343552234,5.0,True
14.13,0.043819350096343045,5.0,True
14.14,0.04377231708704438,5.0,True
14.15,0.04372530831696392,5.0,True
14.16,0.043678106355785326,5.0,True
14.17,0.04363116072276334,5.0,True
14.18,0.04358407531788812,5.0,True
14.19,0.04353724703281719,5.0,True
14.200000000000001,0.04349054183709058,5.0,True
14.21,0.043444684343994774,5.0,True
14.22,0.04339824396283668,5.0,True
14.23,0.04335170434262123,5.0,True
14.24,0.04330512346398613,5.0,True
14.25,0.043258965961284215,5.0,True
14.26,0.04321281794213043,5.0,True
14.27,0.043167011891009376,5.0,True
14.280000000000001,0.043121109005361154,5.0,True
14.290000000000001,0.0430750609499584,5.0,True
14.3,0.043029146798039625,5.0,True
14.31,0.04298363616779235,5.0,True
14.32,0.0429379655359829,5.0,True
14.33,0.04289243555582269,5.0,True
14.34,0.042846967658601444,5.0,True
14.35,0.0428011917317894,5.0,True
14.36,0.042755514252245753,5.0,True
14.370000000000001,0.042709970063773084,5.0,True
14.38,0.042664940614136164,5.0,True
14.39,0.04262001860669234,5.0,True
14.4,0.042574991745656814,5.0,True
14.41,0.04253010135878682,5.0,True
14.42,0.04248554403749478,5.0,True
14.43,0.04244050547063773,5.0,True
14.44,0.042395595612751295,5.0,True
14.450000000000001,0.04235082064554386,5.0,True
14.46,0.042306287145369215,5.0,True
14.47,0.04226138106424882,5.0,True
14.48,0.0422170536435805,5.0,True
14.49,0.0421727288006661,5.0,True
14.5,0.042128308790906226,5.0,True
14.51,0.042084186904362234,5.0,True
14.52,0.04203983918296193,5.0,True
14.530000000000001,0.041995576979628885,5.0,True
14.540000000000001,0.04195188167204478,5.0,True
14.55,0.04190806732720063,5.0,True
14.56,0.04186367306953946,5.0,True
14.57,0.04181980713850203,5.0,True
14.58,0.041775949073378026,5.0,True
14.59,0.041732386136442534,5.0,True
14.6,0.041688664294066854,5.0,True
14.61,0.04164469205276819,5.0,True
14.620000000000001,0.041601453990107895,5.0,True
14.63,0.04155804874958051,5.0,True
14.64,0.04151454916734832,5.0,True
14.65,0.04147095910937733,5.0,True
14.66,0.04142805359257768,5.0,True
14.67,0.0413846464696693,5.0,True
14.68,0.04134132949891115,5.0,True
14.69,0.04129814061875995,5.0,True
14.700000000000001,0.041255400432659954,5.0,True
14.71,0.04121255800161751,5.0,True
14.72,0.04116971555270414,5.0,True
14.73,0.04112712186760729,5.0,True
14.74,0.0410840283349159,5.0,True
14.75,0.04104152315248731,5.0,True
14.76,0.04099906512462769,5.0,True
14.77,0.04095683749737873,5.0,True
14.780000000000001,0.040914772356782175,5.0,True
14.790000000000001,0.04087242967809008,5.0,True
14.8,0.04083016437206139,5.0,True
14.81,0.0407876920914355,5.0,True
14.82,0.04074546890477269,5.0,True
14.83,0.040703578201929345,5.0,True
14.84,0.04066124343719381,5.0,True
14.85,0.04061950258595873,5.0,True
14.86,0.04057730634950225,5.0,True
14.870000000000001,0.0405352118085865,5.0,True
14.88,0.04049389201756655,5.0,True
14.89,0.04045205781758896,5.0,True
14.9,0.04041052641690658,5.0,True
14.91,0.04036892989872197,5.0,True
14.92,0.04032747280336807,5.0,True
14.93,0.04028633771136185,5.0,True
14.94,0.04024471847667749,5.0,True
14.950000000000001,0.04020362389977806,5.0,True
14.96,0.04016207213299417,5.0,True
14.97,0.04012104402961719,5.0,True
14.98,0.04008055541611565,5.0,True
14.99,0.04003918175549584,5.0,True
