delta_t,computation_time
0.001,96.26059365272522
0.0064444444444444445,3.4405956268310547
0.01188888888888889,1.5975399017333984
0.017333333333333333,1.033430814743042
0.02277777777777778,0.8221054077148438
0.028222222222222225,0.6586117744445801
0.033666666666666664,0.6189916133880615
0.03911111111111111,0.5896072387695312
0.04455555555555556,0.5593051910400391
0.05,0.5244913101196289
