delta_t,computation_time
0.001,662.829393863678
0.012,5.858258962631226
0.023000000000000003,2.5249876976013184
0.034,1.8545727729797363
0.045000000000000005,1.4593586921691895
0.05600000000000001,1.3321552276611328
0.067,1.201662302017212
0.07800000000000001,1.140300989151001
0.08900000000000001,1.0797736644744873
0.1,1.1377382278442383
