delta_t,computation_time
0.001,90.37436652183533
0.0064444444444444445,3.1212363243103027
0.01188888888888889,1.3505170345306396
0.017333333333333333,0.9568381309509277
0.02277777777777778,0.7268407344818115
0.028222222222222225,0.6354191303253174
0.033666666666666664,0.5883049964904785
0.03911111111111111,0.549858808517456
0.04455555555555556,0.5191652774810791
0.05,0.4989590644836426
