delta_t,computation_time
0.001,92.88902306556702
0.0064444444444444445,3.2363760471343994
0.01188888888888889,1.3790156841278076
0.017333333333333333,0.9804754257202148
0.02277777777777778,0.7266991138458252
0.028222222222222225,0.6360464096069336
0.033666666666666664,0.55954909324646
0.03911111111111111,0.5462467670440674
0.04455555555555556,0.5072064399719238
0.05,0.48330020904541016
