delta_t,computation_time
0.001,737.1353049278259
0.012,5.587615251541138
0.023000000000000003,2.4523847103118896
0.034,1.8034322261810303
0.045000000000000005,1.4805238246917725
0.05600000000000001,1.364370584487915
0.067,1.2061846256256104
0.07800000000000001,1.152763843536377
0.08900000000000001,1.1162989139556885
0.1,1.1646435260772705
